open_time,open,high,low,close,volume,close_time,quote_volume,count,taker_buy_volume,taker_buy_quote_volume,ignore
1764547200000,2.1537,2.1598,2.1090,2.1141,68623501.5,1764548099999,146055423.21944,144996,29404552.2,62543705.05245,0
1764548100000,2.1141,2.1173,2.0943,2.0952,32493720.6,1764548999999,68512227.22093,86504,14732069.2,31065234.21145,0
1764549000000,2.0951,2.1022,2.0726,2.0826,42843299.1,1764549899999,89319215.92435,112866,20751007.0,43261642.22464,0
1764549900000,2.0825,2.0853,2.0564,2.0566,28468405.2,1764550799999,58918853.15675,77517,11902022.3,24632753.13964,0
1764550800000,2.0567,2.0917,2.0561,2.0782,26875536.4,1764551699999,55778292.21032,74425,14164122.5,29394249.35398,0
1764551700000,2.0782,2.0895,2.0728,2.0740,11356322.5,1764552599999,23648830.02245,44243,5579776.5,11621743.95089,0
1764552600000,2.0741,2.0868,2.0728,2.0813,6994901.8,1764553499999,14552951.52811,32420,4016111.6,8354513.68936,0
1764553500000,2.0812,2.0842,2.0757,2.0772,4205098.0,1764554399999,8745195.81261,21120,2084741.8,4336095.18177,0
1764554400000,2.0771,2.0867,2.0737,2.0804,7849565.7,1764555299999,16321701.64239,30922,4144901.5,8619727.87884,0
1764555300000,2.0803,2.0831,2.0712,2.0717,4289122.6,1764556199999,8911199.71887,18621,1761689.6,3661416.61650,0
1764556200000,2.0716,2.0755,2.0625,2.0679,11932037.6,1764557099999,24689571.69085,33223,5174047.8,10706751.85349,0
1764557100000,2.0678,2.0686,2.0550,2.0626,10597953.5,1764557999999,21832898.20729,28488,4953985.1,10206622.42180,0
1764558000000,2.0626,2.0645,2.0511,2.0554,10156903.4,1764558899999,20884919.27162,30811,4062252.2,8354032.26334,0
1764558900000,2.0554,2.0594,2.0488,2.0511,6626515.5,1764559799999,13605293.53607,25132,3225400.8,6623779.68116,0
1764559800000,2.0511,2.0530,2.0413,2.0527,10299116.2,1764560699999,21094998.17309,29668,5310919.0,10879203.93445,0
1764560700000,2.0527,2.0545,2.0440,2.0490,6343004.3,1764561599999,12993270.10519,20172,3666406.0,7510729.88369,0
1764561600000,2.0489,2.0529,2.0367,2.0367,14412167.2,1764562499999,29454824.64191,31957,7165670.6,14644551.76917,0
1764562500000,2.0368,2.0449,2.0324,2.0342,10771118.2,1764563399999,21944010.80163,30396,5527765.4,11262920.88699,0
1764563400000,2.0342,2.0369,2.0276,2.0345,12205123.7,1764564299999,24806164.99654,31224,5350374.6,10874913.34252,0
1764564300000,2.0345,2.0375,2.0272,2.0289,5843088.0,1764565199999,11876940.17872,20299,2573477.9,5232088.31433,0
1764565200000,2.0288,2.0358,2.0250,2.0262,8226958.8,1764566099999,16697334.74687,26476,3676496.4,7463511.18364,0
1764566100000,2.0262,2.0317,2.0185,2.0311,9089779.1,1764566999999,18389074.76702,26182,4154148.3,8403517.27397,0
1764567000000,2.0310,2.0318,2.0155,2.0190,5559875.0,1764567899999,11240784.65839,20978,2295693.6,4642576.95471,0
1764567900000,2.0190,2.0301,2.0187,2.0270,5240020.6,1764568799999,10618452.35109,17413,2679060.4,5427872.29869,0
1764568800000,2.0269,2.0371,2.0267,2.0351,8881538.5,1764569699999,18065082.57175,25716,3746457.7,7619720.32507,0
1764569700000,2.0351,2.0351,2.0265,2.0323,4848568.7,1764570599999,9844178.04941,18134,1971595.3,4003144.95377,0
1764570600000,2.0323,2.0444,2.0305,2.0434,5388643.7,1764571499999,10985785.16487,18944,2555091.1,5208869.59169,0
1764571500000,2.0433,2.0482,2.0393,2.0459,6846619.1,1764572399999,13997274.38941,20572,3144424.2,6428540.60285,0
1764572400000,2.0459,2.0474,2.0358,2.0393,5801848.6,1764573299999,11841846.38026,20198,2241723.9,4575649.74905,0
1764573300000,2.0392,2.0423,2.0316,2.0415,3575643.3,1764574199999,7282943.69010,15794,1908924.5,3887822.40558,0
1764574200000,2.0415,2.0528,2.0388,2.0496,6877471.9,1764575099999,14074959.77558,20483,3544900.0,7256764.05848,0
1764575100000,2.0495,2.0571,2.0494,2.0549,8129272.5,1764575999999,16697335.75134,23222,4182346.1,8589866.91781,0
1764576000000,2.0549,2.0579,2.0502,2.0507,6691075.3,1764576899999,13748882.37050,19794,3204226.8,6585347.74000,0
1764576900000,2.0507,2.0566,2.0476,2.0510,4496925.1,1764577799999,9228813.96606,15630,1422253.8,2919214.11269,0
1764577800000,2.0511,2.0545,2.0461,2.0537,3526912.6,1764578699999,7232985.30959,15230,1654242.5,3392472.90274,0
1764578700000,2.0537,2.0571,2.0524,2.0553,3736410.6,1764579599999,7676031.25917,12742,1921545.4,3947471.30316,0
1764579600000,2.0552,2.0592,2.0461,2.0469,6222002.7,1764580499999,12773355.05956,20544,3144062.1,6455589.47484,0
1764580500000,2.0470,2.0502,2.0418,2.0449,4017513.3,1764581399999,8217137.01901,14754,1922991.7,3933055.05005,0
1764581400000,2.0449,2.0531,2.0439,2.0521,2630229.7,1764582299999,5384758.38754,11639,1685478.2,3450482.05279,0
1764582300000,2.0521,2.0522,2.0445,2.0448,2691325.1,1764583199999,5513433.18832,10920,1078653.0,2209854.51959,0
1764583200000,2.0449,2.0472,2.0361,2.0375,5126051.7,1764584099999,10462470.33212,15625,1890904.6,3859365.57126,0
1764584100000,2.0376,2.0409,2.0364,2.0398,3577725.0,1764584999999,7294085.56799,11465,1749305.9,3566187.83309,0
1764585000000,2.0397,2.0431,2.0385,2.0397,2858357.2,1764585899999,5833065.42825,9221,1340411.5,2735303.55269,0
1764585900000,2.0397,2.0430,2.0383,2.0411,2554780.4,1764586799999,5214051.29072,8121,1177556.1,2403229.16885,0
1764586800000,2.0411,2.0447,2.0352,2.0378,3125173.5,1764587699999,6373271.19679,13259,1446583.2,2950226.19161,0
1764587700000,2.0378,2.0455,2.0363,2.0421,4659183.5,1764588599999,9504532.05259,13194,2381507.2,4858196.83519,0
1764588600000,2.0421,2.0424,2.0380,2.0387,3463773.8,1764589499999,7064499.23501,11604,1995606.5,4069979.34509,0
1764589500000,2.0387,2.0451,2.0300,2.0330,12170459.0,1764590399999,24776792.46969,23087,4312652.8,8780374.91478,0
1764590400000,2.0330,2.0355,2.0254,2.0308,10839673.2,1764591299999,22001311.09374,27861,5611565.9,11389435.06106,0
1764591300000,2.0309,2.0320,2.0231,2.0253,7239783.8,1764592199999,14679936.87279,21607,3258338.1,6607826.60337,0
1764592200000,2.0253,2.0286,2.0176,2.0182,11935659.0,1764593099999,24140643.16065,30563,5918793.6,11972136.52392,0
1764593100000,2.0182,2.0331,2.0017,2.0270,26268485.8,1764593999999,52962159.53935,69246,12603326.6,25416150.11570,0
1764594000000,2.0270,2.0359,2.0162,2.0230,18577900.6,1764594899999,37640293.54349,48291,7768357.9,15740037.93997,0
1764594900000,2.0231,2.0258,2.0167,2.0193,6144436.2,1764595799999,12416599.98270,22317,2745860.8,5548588.08363,0
1764595800000,2.0192,2.0205,2.0124,2.0151,7974797.0,1764596699999,16075214.61238,24468,3664946.8,7387167.15810,0
1764596700000,2.0151,2.0232,2.0085,2.0191,7761996.3,1764597599999,15639605.84392,23330,3808357.9,7673652.89323,0
1764597600000,2.0192,2.0236,2.0134,2.0204,7958706.1,1764598499999,16068497.92509,26946,3797716.0,7666925.70252,0
1764598500000,2.0205,2.0296,2.0150,2.0292,7067184.2,1764599399999,14296107.28002,23084,3514062.1,7109312.16468,0
1764599400000,2.0291,2.0484,2.0229,2.0309,16530500.7,1764600299999,33673644.00183,60467,8316576.1,16942041.77020,0
1764600300000,2.0309,2.0385,2.0250,2.0303,9181406.7,1764601199999,18653697.09460,36174,4244081.1,8622057.00829,0
1764601200000,2.0304,2.0344,2.0145,2.0150,8771690.0,1764602099999,17755879.07797,34999,3299245.6,6678522.81654,0
1764602100000,2.0150,2.0240,2.0050,2.0062,18756256.2,1764602999999,37777203.39290,49447,7964398.6,16043344.05831,0
1764603000000,2.0063,2.0066,1.9849,1.9867,38322114.0,1764603899999,76463691.23689,91453,16360076.7,32652254.88439,0
1764603900000,1.9867,2.0197,1.9825,2.0064,23385366.9,1764604799999,46831925.27978,68936,11680420.2,23382390.72781,0
1764604800000,2.0065,2.0091,1.9878,1.9921,14852084.5,1764605699999,29651560.46710,45642,7730882.9,15429028.54149,0
1764605700000,1.9922,1.9985,1.9861,1.9939,11970520.9,1764606599999,23851183.69396,39339,5729551.4,11414981.86456,0
1764606600000,1.9939,2.0058,1.9862,1.9951,12241881.3,1764607499999,24451682.66412,42740,5916504.0,11822094.84571,0
1764607500000,1.9952,1.9995,1.9853,1.9898,9204514.3,1764608399999,18334990.52931,30167,3982121.7,7933165.95167,0
1764608400000,1.9898,2.0036,1.9893,1.9920,12256049.8,1764609299999,24459853.56045,31637,5075305.5,10130215.08498,0
1764609300000,1.9920,2.0032,1.9879,2.0002,7803670.6,1764610199999,15553633.15932,26725,4792110.4,9551130.82698,0
1764610200000,2.0002,2.0012,1.9868,2.0009,8915605.5,1764611099999,17779958.68956,28161,5022262.9,10014816.63541,0
1764611100000,2.0008,2.0034,1.9940,1.9942,5281103.4,1764611999999,10556293.57632,21860,2617832.7,5232291.18664,0
1764612000000,1.9941,2.0090,1.9930,2.0077,5953654.3,1764612899999,11914863.45903,25250,3059990.7,6123932.82281,0
1764612900000,2.0077,2.0114,2.0013,2.0045,5741064.5,1764613799999,11517794.81954,23776,2711710.9,5440766.42552,0
1764613800000,2.0046,2.0052,1.9951,1.9969,5857971.1,1764614699999,11712163.67889,21377,2377211.7,4751408.30733,0
1764614700000,1.9969,2.0080,1.9925,2.0034,7076644.8,1764615599999,14141986.81140,23615,3407969.9,6811814.94461,0
1764615600000,2.0033,2.0042,1.9935,2.0006,4467285.9,1764616499999,8929311.32728,20786,2225577.3,4447198.18339,0
1764616500000,2.0007,2.0020,1.9889,1.9892,4627367.3,1764617399999,9230962.86503,21615,2026573.7,4042634.83783,0
1764617400000,1.9893,1.9990,1.9855,1.9893,6921720.1,1764618299999,13784270.42992,24838,3229598.9,6432202.01950,0
1764618300000,1.9893,1.9963,1.9889,1.9933,3449138.4,1764619199999,6872334.09244,17168,1865699.9,3717529.02146,0
1764619200000,1.9932,2.0215,1.9927,2.0129,14391762.1,1764620099999,28941616.88371,39383,8302980.3,16694969.53148,0
1764620100000,2.0129,2.0129,2.0039,2.0048,7891098.4,1764620999999,15843256.88390,26727,3939750.0,7909845.00150,0
1764621000000,2.0049,2.0156,2.0042,2.0155,6905693.4,1764621899999,13872582.44410,22913,3561603.0,7154047.30539,0
1764621900000,2.0156,2.0258,2.0088,2.0104,20534565.5,1764622799999,41411250.12674,39792,8681850.8,17502728.40047,0
1764622800000,2.0104,2.0235,2.0093,2.0131,9847311.1,1764623699999,19851542.29832,30465,6057310.1,12212677.40500,0
1764623700000,2.0131,2.0335,2.0090,2.0258,13354742.1,1764624599999,27028805.21320,35337,7076155.1,14321575.69590,0
1764624600000,2.0258,2.0450,2.0256,2.0324,20843888.8,1764625499999,42442889.58907,39623,14379364.5,29283786.53978,0
1764625500000,2.0323,2.0324,2.0194,2.0251,15446173.4,1764626399999,31258390.27197,27355,6627055.9,13408606.28285,0
1764626400000,2.0252,2.0332,2.0164,2.0205,13274730.6,1764627299999,26898895.28613,35888,5767698.3,11689877.44711,0
1764627300000,2.0204,2.0303,2.0184,2.0285,5579935.5,1764628199999,11299511.68483,18742,2849295.8,5768643.54403,0
1764628200000,2.0285,2.0350,2.0233,2.0343,3753094.6,1764629099999,7618022.44460,14254,2021759.7,4103956.06836,0
1764629100000,2.0343,2.0429,2.0316,2.0322,6844157.5,1764629999999,13952943.45176,21511,4787364.8,9761657.64360,0
1764630000000,2.0321,2.0415,2.0302,2.0312,3537224.8,1764630899999,7201364.50473,17737,1607026.7,3271914.62075,0
1764630900000,2.0313,2.0401,2.0313,2.0396,2185801.5,1764631799999,4451710.11941,13092,1352337.7,2753742.80510,0
1764631800000,2.0397,2.0419,2.0311,2.0325,3337535.1,1764632699999,6797951.07968,13820,1682327.3,3427924.30657,0
1764632700000,2.0325,2.0328,2.0286,2.0286,3558447.4,1764633599999,7224383.00627,14242,1898944.0,3855002.00999,0
1764633600000,2.0287,2.0303,2.0210,2.0218,9587901.9,1764634499999,19419011.00044,21372,6087793.9,12330736.69671,0
1764634500000,2.0217,2.0242,2.0134,2.0149,8475554.9,1764635399999,17109169.46065,22961,4960722.6,10015203.85812,0
1764635400000,2.0149,2.0248,2.0116,2.0146,6783346.2,1764636299999,13687154.76609,24335,3144762.0,6349563.72529,0
1764636300000,2.0147,2.0268,2.0142,2.0201,3760775.5,1764637199999,7600005.62871,19083,2301748.0,4652381.42602,0
1764637200000,2.0201,2.0428,2.0149,2.0265,9095628.9,1764638099999,18468849.12419,38002,4992585.2,10137619.70971,0
1764638100000,2.0264,2.0289,2.0190,2.0248,3280642.1,1764638999999,6640631.31899,20794,1542474.2,3122681.18436,0
1764639000000,2.0247,2.0269,2.0188,2.0220,2695880.5,1764639899999,5453484.60448,17814,1391423.0,2814708.84215,0
1764639900000,2.0220,2.0226,2.0157,2.0168,3061777.9,1764640799999,6181364.14777,16048,1132426.8,2286276.26515,0
1764640800000,2.0168,2.0200,2.0082,2.0190,6432562.0,1764641699999,12954411.42096,26724,2708049.2,5454589.97453,0
1764641700000,2.0190,2.0293,2.0190,2.0244,4739047.4,1764642599999,9600833.88252,20611,2422638.4,4907623.69677,0
1764642600000,2.0243,2.0306,2.0218,2.0264,3713850.3,1764643499999,7527432.06783,17463,2224447.7,4509079.72728,0
1764643500000,2.0263,2.0301,2.0194,2.0206,2803109.5,1764644399999,5674470.19685,14291,1552685.9,3143801.68337,0
1764644400000,2.0206,2.0209,2.0144,2.0179,3445405.8,1764645299999,6949974.83793,12623,1486452.3,2998129.14109,0
1764645300000,2.0179,2.0179,2.0024,2.0049,4939842.1,1764646199999,9923288.68248,17785,1964589.7,3946418.33040,0
1764646200000,2.0048,2.0248,2.0013,2.0248,6281338.4,1764647099999,12626164.93868,22762,3752216.7,7543121.72883,0
1764647100000,2.0247,2.0256,2.0185,2.0197,7787087.4,1764647999999,15744160.96160,24492,4088143.9,8265799.22884,0
1764648000000,2.0197,2.0271,2.0189,2.0227,20487567.1,1764648899999,41476958.00245,41188,10447694.0,21151997.02236,0
1764648900000,2.0226,2.0258,2.0184,2.0192,4627207.7,1764649799999,9357011.60701,16978,2233931.1,4518626.91687,0
1764649800000,2.0193,2.0197,2.0157,2.0184,1670795.9,1764650699999,3370196.12473,10591,881093.9,1777326.63241,0
1764650700000,2.0184,2.0222,2.0137,2.0146,2493735.9,1764651599999,5032396.14401,12697,1261457.8,2545529.55949,0
1764651600000,2.0146,2.0192,2.0091,2.0151,3114119.9,1764652499999,6271966.45357,14137,1843914.3,3714174.96103,0
1764652500000,2.0151,2.0166,2.0112,2.0115,1870079.1,1764653399999,3766542.37291,12096,1127625.1,2271112.56185,0
1764653400000,2.0115,2.0121,2.0082,2.0116,3222744.3,1764654299999,6478304.63040,14370,1902684.1,3825031.27452,0
1764654300000,2.0117,2.0175,2.0110,2.0154,2579017.1,1764655199999,5194290.73978,12352,1371824.2,2762576.13061,0
1764655200000,2.0153,2.0156,2.0082,2.0130,2530474.4,1764656099999,5088943.93205,12769,1067147.3,2145970.44623,0
1764656100000,2.0129,2.0165,2.0103,2.0137,2233553.1,1764656999999,4497911.39257,11312,1064021.4,2142864.86723,0
1764657000000,2.0138,2.0224,2.0138,2.0215,2621156.5,1764657899999,5290213.98825,12031,1353136.4,2731480.54541,0
1764657900000,2.0215,2.0251,2.0197,2.0227,2527269.4,1764658799999,5111230.81896,9856,1209366.0,2445894.95153,0
1764658800000,2.0228,2.0234,2.0162,2.0169,2545219.0,1764659699999,5139358.98030,10632,1206520.2,2436255.93122,0
1764659700000,2.0169,2.0179,2.0131,2.0132,1825513.5,1764660599999,3679824.71427,8843,744449.9,1500529.70204,0
1764660600000,2.0133,2.0140,2.0093,2.0123,3400078.1,1764661499999,6839770.09970,10786,1797432.1,3615673.26017,0
1764661500000,2.0123,2.0170,2.0117,2.0161,1764593.0,1764662399999,3553196.29278,9130,944285.0,1901328.55984,0
1764662400000,2.0160,2.0165,2.0033,2.0055,4440918.8,1764663299999,8922255.82857,14930,1507821.6,3029557.33976,0
1764663300000,2.0056,2.0065,1.9937,1.9980,12079899.9,1764664199999,24135957.92152,27844,4312989.4,8615526.26925,0
1764664200000,1.9980,2.0053,1.9941,2.0025,11295930.1,1764665099999,22595900.67853,20977,6392209.7,12785999.54074,0
1764665100000,2.0025,2.0097,1.9990,2.0012,5217237.9,1764665999999,10452398.01054,15907,2409267.2,4826560.60705,0
1764666000000,2.0012,2.0158,2.0003,2.0104,4774618.4,1764666899999,9596859.38784,16600,2589601.9,5204606.42105,0
1764666900000,2.0103,2.0188,2.0078,2.0167,4258790.8,1764667799999,8575411.48916,14409,2410186.6,4853292.34304,0
1764667800000,2.0166,2.0166,2.0090,2.0091,2398312.1,1764668699999,4827335.78455,10843,914817.9,1841535.98986,0
1764668700000,2.0091,2.0131,2.0076,2.0109,2361310.4,1764669599999,4748023.81482,10999,1131316.2,2274801.35657,0
1764669600000,2.0108,2.0166,2.0105,2.0143,2954491.8,1764670499999,5951164.55722,13806,1205650.9,2428673.66920,0
1764670500000,2.0143,2.0157,2.0111,2.0113,1638070.6,1764671399999,3297871.80625,10002,815565.0,1641944.54783,0
1764671400000,2.0113,2.0188,2.0113,2.0181,2026329.6,1764672299999,4081147.61499,9201,1063721.7,2142221.93241,0
1764672300000,2.0181,2.0380,2.0180,2.0271,15566929.1,1764673199999,31578085.82192,33803,8417034.3,17075537.24568,0
1764673200000,2.0271,2.0293,2.0240,2.0278,4684365.8,1764674099999,9493160.85236,17279,2340811.8,4744150.46620,0
1764674100000,2.0278,2.0360,2.0261,2.0356,5550047.5,1764674999999,11273364.09747,16069,3067664.1,6232544.51131,0
1764675000000,2.0357,2.0373,2.0325,2.0334,4852874.7,1764675899999,9874571.70961,17138,2063224.8,4198668.63329,0
1764675900000,2.0334,2.0407,2.0327,2.0353,5638446.0,1764676799999,11486519.36597,16910,2997171.8,6107324.38886,0
1764676800000,2.0353,2.0410,2.0339,2.0357,4201516.5,1764677699999,8561607.43421,18076,2075998.1,4230686.74156,0
1764677700000,2.0358,2.0378,2.0291,2.0322,4465645.6,1764678599999,9076540.36861,15573,2222057.2,4516572.04103,0
1764678600000,2.0321,2.0342,2.0253,2.0298,5507542.0,1764679499999,11174459.55036,16806,2878537.7,5840278.43584,0
1764679500000,2.0298,2.0395,2.0269,2.0389,5397615.3,1764680399999,10971876.36801,15294,3406771.2,6923899.34771,0
1764680400000,2.0389,2.0444,2.0331,2.0403,5814693.4,1764681299999,11854161.83271,19420,2947351.2,6009179.60812,0
1764681300000,2.0403,2.0468,2.0392,2.0408,13245213.3,1764682199999,27065621.90788,30316,5939170.9,12135797.74494,0
1764682200000,2.0407,2.0434,2.0382,2.0398,3730405.5,1764683099999,7612203.26555,16547,2035138.1,4153148.45939,0
1764683100000,2.0397,2.0459,2.0372,2.0432,5371994.5,1764683999999,10965370.19819,19092,2541530.1,5187906.70916,0
1764684000000,2.0432,2.0555,2.0394,2.0509,11288098.4,1764684899999,23130530.59600,33482,6360488.8,13034879.83928,0
1764684900000,2.0510,2.0649,2.0495,2.0589,14229490.4,1764685799999,29264597.87595,39411,7454567.1,15332372.90537,0
1764685800000,2.0588,2.0776,2.0542,2.0762,20289199.9,1764686699999,41916724.04614,56567,10747004.0,22208013.78283,0
1764686700000,2.0762,2.0917,2.0754,2.0911,21527381.2,1764687599999,44824322.37801,57222,10550159.2,21971396.23689,0
1764687600000,2.0912,2.1377,2.0892,2.1302,37575302.9,1764688499999,79396942.12265,91226,20247306.5,42777243.69815,0
1764688500000,2.1303,2.1481,2.1204,2.1213,37750271.7,1764689399999,80596645.60294,99255,18232519.4,38934462.33610,0
1764689400000,2.1214,2.1618,2.1202,2.1524,24421209.8,1764690299999,52284652.71620,69147,14258695.9,30526657.15693,0
1764690300000,2.1524,2.1644,2.1487,2.1542,19037971.1,1764691199999,41049615.74027,56388,9028330.4,19469290.70734,0
1764691200000,2.1542,2.1624,2.1451,2.1497,18393911.7,1764692099999,39596833.68813,57881,8119165.0,17478690.77273,0
1764692100000,2.1496,2.1501,2.1335,2.1373,19931273.7,1764692999999,42669377.35772,52683,8036867.0,17208717.51273,0
1764693000000,2.1372,2.1549,2.1362,2.1445,12011579.3,1764693899999,25770457.46146,40146,6005775.4,12882252.34500,0
1764693900000,2.1444,2.1539,2.1391,2.1462,6891154.8,1764694799999,14792105.25680,28271,3022870.9,6488965.70337,0
1764694800000,2.1461,2.1521,2.1435,2.1489,5944826.2,1764695699999,12772711.41886,24719,3253159.8,6989288.35294,0
1764695700000,2.1488,2.1709,2.1482,2.1680,16830311.4,1764696599999,36357928.03266,39743,9153562.5,19777676.34339,0
1764696600000,2.1681,2.1766,2.1663,2.1697,12073283.7,1764697499999,26207662.30572,39329,5856666.4,12713522.70057,0
1764697500000,2.1697,2.1758,2.1667,2.1688,8047888.8,1764698399999,17472113.36407,28941,3504588.1,7608987.40465,0
1764698400000,2.1687,2.1758,2.1642,2.1723,8016823.4,1764699299999,17395512.86454,28648,4348454.1,9436004.51863,0
1764699300000,2.1722,2.1797,2.1709,2.1728,8167069.1,1764700199999,17765106.06878,26582,4243446.6,9230165.54741,0
1764700200000,2.1727,2.1789,2.1670,2.1675,7148400.9,1764701099999,15538555.94587,25261,3977205.3,8646518.88552,0
1764701100000,2.1676,2.1755,2.1666,2.1738,7638048.0,1764701999999,16579723.00912,22229,4356529.0,9456683.45276,0
1764702000000,2.1737,2.1803,2.1727,2.1750,4708640.4,1764702899999,10247830.71684,18237,2478283.2,5393128.25559,0
1764702900000,2.1751,2.1757,2.1680,2.1706,4364100.8,1764703799999,9475934.26727,15761,1978325.6,4295819.69619,0
1764703800000,2.1705,2.1825,2.1691,2.1789,5504547.8,1764704699999,11982005.71285,18353,3103093.4,6754037.87501,0
1764704700000,2.1788,2.1793,2.1705,2.1731,4803801.0,1764705599999,10444608.50589,15592,2421222.1,5264026.65661,0
1764705600000,2.1730,2.1771,2.1681,2.1725,8710670.8,1764706499999,18923218.40533,24976,4144588.4,9003662.23849,0
1764706500000,2.1725,2.1726,2.1527,2.1541,16863387.7,1764707399999,36442556.67892,40009,7595765.6,16415057.21090,0
1764707400000,2.1541,2.1602,2.1470,2.1560,11186513.2,1764708299999,24078595.70236,34717,6061367.3,13048799.89518,0
1764708300000,2.1560,2.1668,2.1524,2.1643,16308404.1,1764709199999,35218400.25027,37329,8586395.5,18542690.53864,0
1764709200000,2.1644,2.1756,2.1620,2.1732,12592608.1,1764710099999,27324899.82825,38067,5997380.4,13012164.08274,0
1764710100000,2.1733,2.1742,2.1640,2.1703,5251400.5,1764710999999,11394950.87368,21538,2462371.8,5343512.40816,0
1764711000000,2.1703,2.1727,2.1632,2.1696,5421137.9,1764711899999,11754394.33174,17667,2536609.4,5501080.85584,0
1764711900000,2.1695,2.1719,2.1640,2.1661,4476059.7,1764712799999,9707225.83014,15124,2571103.6,5575932.28031,0
1764712800000,2.1661,2.1729,2.1621,2.1682,4941608.6,1764713699999,10713556.34110,19314,2885838.7,6257076.01235,0
1764713700000,2.1682,2.1696,2.1636,2.1644,2010787.0,1764714599999,4356236.50115,11607,1093627.3,2369394.79045,0
1764714600000,2.1643,2.1710,2.1638,2.1659,2976981.8,1764715499999,6449177.83437,11002,1791699.4,3881493.55299,0
1764715500000,2.1659,2.1691,2.1635,2.1684,1935409.6,1764716399999,4193590.75677,9291,1208296.3,2617979.07460,0
1764716400000,2.1684,2.1716,2.1640,2.1641,3841914.0,1764717299999,8330122.52456,18037,1435495.7,3112753.57372,0
1764717300000,2.1640,2.1670,2.1572,2.1585,3346626.2,1764718199999,7234130.64009,13899,1254564.0,2712259.51287,0
1764718200000,2.1586,2.1604,2.1521,2.1566,5086721.4,1764719099999,10971614.92690,16375,2853154.0,6154098.99229,0
1764719100000,2.1567,2.1594,2.1513,2.1526,3991570.7,1764719999999,8602296.39192,14599,1979621.3,4266536.34345,0
1764720000000,2.1525,2.1557,2.1467,2.1489,7522610.5,1764720899999,16179749.33254,22441,2907847.3,6254015.78067,0
1764720900000,2.1489,2.1513,2.1413,2.1439,5615102.0,1764721799999,12044333.29499,19884,2216156.3,4753198.02239,0
1764721800000,2.1440,2.1528,2.1406,2.1528,5570421.4,1764722699999,11946908.47998,21172,2944337.3,6315577.77500,0
1764722700000,2.1529,2.1574,2.1483,2.1520,5453958.0,1764723599999,11742918.63341,19424,2377576.5,5120532.36405,0
1764723600000,2.1520,2.1571,2.1472,2.1535,3898193.1,1764724499999,8390019.55821,17121,1756439.8,3779867.82798,0
1764724500000,2.1535,2.1579,2.1511,2.1538,4478680.5,1764725399999,9650358.57388,16769,2051787.3,4421014.06246,0
1764725400000,2.1538,2.1553,2.1502,2.1515,3142719.1,1764726299999,6765328.29662,14124,1390539.8,2993108.61466,0
1764726300000,2.1514,2.1659,2.1510,2.1602,6286671.5,1764727199999,13585388.10970,21367,3828433.9,8272172.18446,0
1764727200000,2.1602,2.1768,2.1586,2.1742,9960345.3,1764728099999,21603526.98006,32398,5251408.3,11391078.28457,0
1764728100000,2.1741,2.1893,2.1692,2.1848,16512845.7,1764728999999,36026690.49214,36101,8938123.3,19492152.86822,0
1764729000000,2.1847,2.1863,2.1801,2.1833,5009732.9,1764729899999,10935509.93489,21250,2851780.3,6224738.88975,0
1764729900000,2.1834,2.1842,2.1764,2.1820,4670584.0,1764730799999,10184462.17022,18525,1662305.9,3625074.99027,0
1764730800000,2.1820,2.1904,2.1786,2.1818,5212179.6,1764731699999,11385512.11814,22930,2950414.5,6446575.24931,0
1764731700000,2.1817,2.1840,2.1780,2.1801,2742997.5,1764732599999,5981824.46306,15100,1284547.2,2801128.77959,0
1764732600000,2.1802,2.1806,2.1732,2.1754,3355059.5,1764733499999,7301123.56637,14297,1941889.1,4225980.29130,0
1764733500000,2.1755,2.1778,2.1734,2.1753,2300007.0,1764734399999,5004587.59654,11294,1176202.2,2559290.59637,0
1764734400000,2.1753,2.1791,2.1719,2.1767,3383849.9,1764735299999,7360533.15556,15327,1778061.7,3867471.98477,0
1764735300000,2.1767,2.1891,2.1745,2.1797,7704069.2,1764736199999,16813916.89745,24051,4315904.1,9419225.29721,0
1764736200000,2.1797,2.1874,2.1788,2.1868,3502312.1,1764737099999,7646216.18294,15600,1502348.6,3279903.75657,0
1764737100000,2.1867,2.1988,2.1855,2.1982,8905614.0,1764737999999,19543224.85792,24785,5017316.8,11010768.53844,0
1764738000000,2.1981,2.2186,2.1971,2.2084,15631398.1,1764738899999,34537961.53199,46960,8837262.7,19523790.78638,0
1764738900000,2.2084,2.2098,2.2011,2.2062,5840893.7,1764739799999,12882618.91870,21044,2937023.8,6477817.22896,0
1764739800000,2.2062,2.2095,2.2037,2.2055,4457562.5,1764740699999,9837172.55491,17137,2207012.8,4870884.89111,0
1764740700000,2.2055,2.2088,2.2012,2.2019,3719257.3,1764741599999,8200758.40967,14950,1718391.4,3788816.41580,0
1764741600000,2.2020,2.2134,2.2019,2.2070,6650199.7,1764742499999,14692551.41030,22965,3875386.2,8561111.67574,0
1764742500000,2.2070,2.2133,2.2041,2.2052,4365125.5,1764743399999,9639213.95015,17091,2079866.3,4593548.73428,0
1764743400000,2.2053,2.2124,2.1978,2.1991,7230455.0,1764744299999,15947948.84482,22578,3136911.5,6922013.53033,0
1764744300000,2.1992,2.2012,2.1890,2.1930,11701170.1,1764745199999,25668041.24172,28720,5880386.1,12898280.88576,0
1764745200000,2.1931,2.2046,2.1930,2.2030,4263120.1,1764746099999,9375512.42546,17984,2524076.0,5550398.83217,0
1764746100000,2.2029,2.2029,2.1914,2.1920,6439282.1,1764746999999,14149006.25904,19417,2317784.8,5092743.06930,0
1764747000000,2.1921,2.1989,2.1920,2.1961,3100342.0,1764747899999,6808069.42110,13341,1732426.2,3803746.23703,0
1764747900000,2.1961,2.1962,2.1883,2.1907,4460709.6,1764748799999,9774079.00628,16355,2110027.7,4622785.85318,0
1764748800000,2.1908,2.1945,2.1897,2.1921,3918875.7,1764749699999,8592132.05613,14616,2020744.2,4430461.47674,0
1764749700000,2.1920,2.1926,2.1854,2.1880,4441270.7,1764750599999,9716330.82316,14585,2546315.7,5570672.46959,0
1764750600000,2.1880,2.1916,2.1858,2.1915,2540060.2,1764751499999,5559824.65827,12604,1620849.2,3547889.81515,0
1764751500000,2.1916,2.1943,2.1854,2.1867,3449454.6,1764752399999,7553483.30354,12921,1491310.9,3265808.70512,0
1764752400000,2.1867,2.1884,2.1803,2.1881,5516680.0,1764753299999,12049747.40512,17371,3175050.7,6934786.53050,0
1764753300000,2.1882,2.1884,2.1820,2.1831,1654257.6,1764754199999,3612816.52632,8605,832530.9,1818285.57630,0
1764754200000,2.1831,2.1832,2.1774,2.1796,4428620.7,1764755099999,9653604.39142,14822,2012690.7,4387231.70050,0
1764755100000,2.1797,2.1845,2.1785,2.1827,3550961.8,1764755999999,7748926.46084,12847,1898930.9,4143967.31752,0
1764756000000,2.1827,2.1829,2.1782,2.1799,2510693.1,1764756899999,5473645.80455,10107,1528675.7,3332796.65383,0
1764756900000,2.1800,2.1894,2.1799,2.1867,5188078.7,1764757799999,11340268.92754,14960,2848947.6,6226326.91753,0
1764757800000,2.1867,2.1867,2.1742,2.1748,5688921.8,1764758699999,12395356.11050,16474,2237662.2,4875464.51562,0
1764758700000,2.1748,2.1777,2.1714,2.1729,4736665.3,1764759599999,10296953.14436,14736,2625888.3,5708768.56696,0
1764759600000,2.1730,2.1749,2.1663,2.1680,8750037.4,1764760499999,18984515.91460,19868,3705542.2,8040815.97283,0
1764760500000,2.1679,2.1748,2.1659,2.1728,5461982.6,1764761399999,11859206.31288,15132,3085532.5,6699971.58744,0
1764761400000,2.1729,2.1742,2.1687,2.1698,2629398.7,1764762299999,5710093.06431,11083,1361283.7,2956455.79633,0
1764762300000,2.1698,2.1771,2.1693,2.1754,2566324.4,1764763199999,5578893.57057,10244,1437250.6,3124401.95180,0
1764763200000,2.1754,2.1782,2.1711,2.1737,3602667.9,1764764099999,7833942.30818,14190,2031571.3,4417820.07942,0
1764764100000,2.1737,2.1777,2.1719,2.1739,2924533.5,1764764999999,6360115.34044,13460,1784630.1,3881090.69427,0
1764765000000,2.1739,2.1766,2.1704,2.1713,2399564.0,1764765899999,5214024.95210,12662,1324232.6,2877604.18103,0
1764765900000,2.1713,2.1795,2.1701,2.1767,3899772.8,1764766799999,8487959.10134,12312,1945590.1,4234303.00292,0
1764766800000,2.1767,2.1792,2.1740,2.1769,3142995.5,1764767699999,6840709.00118,12362,1727182.2,3759171.47758,0
1764767700000,2.1770,2.1821,2.1753,2.1755,5089543.8,1764768599999,11088934.45509,17601,2543373.6,5541266.43930,0
1764768600000,2.1755,2.1788,2.1712,2.1762,3466536.4,1764769499999,7540676.86117,12773,1733417.4,3770475.78899,0
1764769500000,2.1762,2.1785,2.1737,2.1754,2803677.6,1764770399999,6101814.85398,10127,1295509.5,2819490.18346,0
1764770400000,2.1755,2.1763,2.1409,2.1553,44012721.0,1764771299999,94759069.62374,95378,18992228.3,40882131.60466,0
1764771300000,2.1553,2.1656,2.1536,2.1642,8981284.0,1764772199999,19396213.92580,31070,4583447.9,9898467.61797,0
1764772200000,2.1642,2.1980,2.1514,2.1918,23602867.1,1764773099999,51408386.34891,75374,12233271.1,26642040.25927,0
1764773100000,2.1919,2.1927,2.1662,2.1667,15814596.6,1764773999999,34449436.47727,54127,6816761.1,14843354.02617,0
1764774000000,2.1668,2.1824,2.1592,2.1642,11392982.3,1764774899999,24749013.96044,48816,4789775.9,10408201.37427,0
1764774900000,2.1642,2.1698,2.1555,2.1668,7878952.5,1764775799999,17047217.91985,30576,3731965.1,8077175.66640,0
1764775800000,2.1668,2.1769,2.1648,2.1689,5098197.1,1764776699999,11070159.22186,24425,2618326.7,5685435.68313,0
1764776700000,2.1689,2.1773,2.1656,2.1681,4829239.3,1764777599999,10483429.83764,19445,2338011.9,5075513.76546,0
1764777600000,2.1680,2.1735,2.1583,2.1620,6441591.6,1764778499999,13942972.38321,25856,2758283.9,5970816.01253,0
1764778500000,2.1619,2.1694,2.1615,2.1650,3289783.9,1764779399999,7121104.00083,16669,1762215.4,3814619.73818,0
1764779400000,2.1649,2.1804,2.1641,2.1776,5514608.8,1764780299999,11995086.29625,23274,3113151.4,6771477.49590,0
1764780300000,2.1776,2.1781,2.1663,2.1676,4163710.8,1764781199999,9048509.82010,18283,2294398.6,4986181.99736,0
1764781200000,2.1676,2.1772,2.1672,2.1762,3917659.5,1764782099999,8511701.24657,16424,2001424.1,4348227.35225,0
1764782100000,2.1762,2.1779,2.1655,2.1731,4201172.4,1764782999999,9124341.09973,17144,2112366.4,4588758.08768,0
1764783000000,2.1731,2.1822,2.1719,2.1772,4154084.2,1764783899999,9044322.18988,18412,2349679.5,5115267.86026,0
1764783900000,2.1772,2.1860,2.1760,2.1830,4246056.4,1764784799999,9265706.50197,16258,2270812.8,4954808.90466,0
1764784800000,2.1831,2.1920,2.1831,2.1893,7496096.5,1764785699999,16398036.86252,20376,5034102.6,11012321.46805,0
1764785700000,2.1892,2.1899,2.1771,2.1806,5210792.1,1764786599999,11363807.28948,19138,2246908.8,4898567.27063,0
1764786600000,2.1806,2.1857,2.1776,2.1839,2347334.5,1764787499999,5122240.00734,14374,1175905.5,2566043.22183,0
1764787500000,2.1839,2.1839,2.1673,2.1721,4785733.7,1764788399999,10398383.06158,18338,2028813.3,4408104.49218,0
1764788400000,2.1720,2.1791,2.1709,2.1755,3836707.5,1764789299999,8345077.69112,15667,2048931.1,4456698.64372,0
1764789300000,2.1754,2.1840,2.1731,2.1813,2803996.7,1764790199999,6111290.09095,11581,1453389.2,3167440.39301,0
1764790200000,2.1812,2.1846,2.1779,2.1810,2038758.0,1764791099999,4446385.65822,11711,958594.9,2090864.37110,0
1764791100000,2.1810,2.1856,2.1802,2.1851,1714601.7,1764791999999,3743005.22205,9553,877833.9,1916326.93379,0
1764792000000,2.1851,2.1896,2.1810,2.1855,3142183.6,1764792899999,6868329.50433,15443,1317152.9,2879551.53873,0
1764792900000,2.1855,2.1880,2.1822,2.1864,2025612.3,1764793799999,4427148.13841,11908,778981.9,1702339.39520,0
1764793800000,2.1864,2.1898,2.1839,2.1887,2956933.2,1764794699999,6468122.94547,14730,1472662.1,3221360.80376,0
1764794700000,2.1886,2.2021,2.1876,2.1976,14347554.0,1764795599999,31475760.73791,31263,6996761.6,15356162.06497,0
1764795600000,2.1976,2.2042,2.1945,2.1990,21775204.0,1764796499999,47903418.25003,29840,7675052.3,16882981.57390,0
1764796500000,2.1989,2.2026,2.1969,2.2021,3586119.7,1764797399999,7889621.42584,14434,1888787.0,4155495.59675,0
1764797400000,2.2020,2.2035,2.1965,2.2008,3861119.6,1764798299999,8498030.49488,13490,2272469.2,5001736.45373,0
1764798300000,2.2009,2.2099,2.1961,2.2075,6729395.0,1764799199999,14827946.21832,18803,3977296.9,8765002.03079,0
1764799200000,2.2076,2.2120,2.1973,2.2054,8026876.5,1764800099999,17693033.28947,26493,3905031.0,8608319.92199,0
1764800100000,2.2054,2.2054,2.1958,2.1990,4381737.7,1764800999999,9645456.57384,15231,2096599.1,4615131.25626,0
1764801000000,2.1990,2.2085,2.1936,2.2015,7973008.1,1764801899999,17551916.44261,17573,5366800.0,11819748.82838,0
1764801900000,2.2015,2.2135,2.2001,2.2028,6038275.3,1764802799999,13315731.64137,21123,3531029.0,7788572.76144,0
1764802800000,2.2029,2.2134,2.2022,2.2048,5780460.0,1764803699999,12760833.35334,24719,3054663.4,6743756.98100,0
1764803700000,2.2049,2.2065,2.1990,2.1997,3170648.3,1764804599999,6984444.35077,13165,1432033.2,3154633.08117,0
1764804600000,2.1997,2.2014,2.1963,2.2004,2153248.4,1764805499999,4734723.59291,10925,1089542.3,2395804.85738,0
1764805500000,2.2005,2.2050,2.1950,2.1965,3099720.3,1764806399999,6819895.29791,12316,1366110.7,3005978.31687,0
1764806400000,2.1965,2.2055,2.1938,2.1944,10725966.2,1764807299999,23601577.11874,25920,4666874.3,10268422.52233,0
1764807300000,2.1943,2.1983,2.1885,2.1915,6684728.3,1764808199999,14662155.67308,21522,3040868.2,6671550.90576,0
1764808200000,2.1916,2.1984,2.1861,2.1972,4472619.9,1764809099999,9797844.26356,18054,2814190.8,6165332.81810,0
1764809100000,2.1973,2.2019,2.1936,2.1942,4176491.9,1764809999999,9181355.50371,15598,2157327.6,4742674.63120,0
1764810000000,2.1942,2.2120,2.1924,2.2108,6859836.2,1764810899999,15121558.83049,21605,3865631.6,8524030.11524,0
1764810900000,2.2108,2.2141,2.1959,2.1999,6528961.8,1764811799999,14384598.53738,22460,2246623.4,4949403.70761,0
1764811800000,2.2000,2.2040,2.1982,2.2039,1933266.6,1764812699999,4255395.58728,10553,923985.5,2033756.84705,0
1764812700000,2.2040,2.2050,2.1921,2.1923,3804469.1,1764813599999,8354446.63383,14335,1410824.9,3097927.03728,0
1764813600000,2.1923,2.2030,2.1905,2.2024,3315647.4,1764814499999,7283271.65842,15907,1866536.0,4100079.60413,0
1764814500000,2.2024,2.2078,2.2008,2.2046,3359070.0,1764815399999,7404722.13285,15063,1748892.4,3855141.52124,0
1764815400000,2.2047,2.2076,2.2011,2.2043,2084981.2,1764816299999,4595393.25514,10975,1053020.0,2320919.09803,0
1764816300000,2.2044,2.2062,2.2000,2.2012,2314054.3,1764817199999,5095556.79534,11053,1295388.0,2852172.93184,0
1764817200000,2.2012,2.2056,2.1983,2.1999,2636278.0,1764818099999,5803661.33809,13562,1536104.7,3382007.47612,0
1764818100000,2.1999,2.2005,2.1940,2.1947,2716931.2,1764818999999,5967160.07657,11280,1127551.8,2476629.17705,0
1764819000000,2.1947,2.1971,2.1922,2.1943,4164410.9,1764819899999,9139046.95014,12445,2222882.9,4878181.20460,0
1764819900000,2.1943,2.1968,2.1926,2.1941,1955097.2,1764820799999,4290918.35751,8433,1128750.5,2477341.06337,0
1764820800000,2.1941,2.1996,2.1907,2.1955,2237125.9,1764821699999,4910048.60959,10795,1316289.8,2889269.44265,0
1764821700000,2.1954,2.1961,2.1921,2.1947,1541325.1,1764822599999,3381451.62858,7601,872755.2,1914674.76921,0
1764822600000,2.1947,2.1962,2.1870,2.1888,3299794.6,1764823499999,7228115.91296,12559,993109.4,2175520.14638,0
1764823500000,2.1887,2.1895,2.1834,2.1867,6082330.2,1764824399999,13295183.10098,16447,2722676.2,5952186.46183,0
1764824400000,2.1866,2.1875,2.1806,2.1830,4503707.8,1764825299999,9833825.05971,13305,2336760.6,5102550.06294,0
1764825300000,2.1829,2.1844,2.1780,2.1830,4960397.3,1764826199999,10815232.71483,12924,2601753.0,5673314.18327,0
1764826200000,2.1829,2.1851,2.1753,2.1756,3690527.6,1764827099999,8044174.42152,11869,1912256.2,4168615.42450,0
1764827100000,2.1756,2.1772,2.1703,2.1759,5848621.6,1764827999999,12714867.11736,14729,2880587.0,6262451.74769,0
1764828000000,2.1759,2.1779,2.1738,2.1777,3578802.1,1764828899999,7788859.03774,12364,2069255.7,4503676.00190,0
1764828900000,2.1778,2.1804,2.1742,2.1789,3695822.3,1764829799999,8046476.18646,12949,2038369.8,4437715.79612,0
1764829800000,2.1788,2.1845,2.1780,2.1818,4870350.7,1764830699999,10625242.38327,14133,2434741.0,5311936.72187,0
1764830700000,2.1818,2.1822,2.1772,2.1797,3281950.7,1764831599999,7153527.23401,10494,1698184.4,3701638.41126,0
1764831600000,2.1796,2.1797,2.1667,2.1690,6480002.5,1764832499999,14067175.48414,16103,2192606.0,4759759.36896,0
1764832500000,2.1689,2.1715,2.1650,2.1693,4280779.0,1764833399999,9281593.35935,14470,2380727.6,5162421.62488,0
1764833400000,2.1692,2.1736,2.1685,2.1730,2752140.0,1764834299999,5975551.29415,12883,1710789.8,3714523.03956,0
1764834300000,2.1730,2.1738,2.1692,2.1715,2379326.4,1764835199999,5166967.03126,10254,1068165.6,2319479.94443,0
1764835200000,2.1715,2.1780,2.1642,2.1671,5203959.9,1764836099999,11297430.92846,16972,2910745.6,6321115.51894,0
1764836100000,2.1670,2.1705,2.1643,2.1646,2683530.4,1764836999999,5816448.84162,11280,1329914.3,2882660.95358,0
1764837000000,2.1645,2.1717,2.1624,2.1709,3042697.0,1764837899999,6592152.73272,11560,1713909.1,3713575.39855,0
1764837900000,2.1709,2.1711,2.1596,2.1627,2945521.4,1764838799999,6372615.98874,12087,1288052.7,2786379.73924,0
1764838800000,2.1627,2.1736,2.1622,2.1688,4111807.4,1764839699999,8917719.49635,15535,1954317.5,4237274.99590,0
1764839700000,2.1688,2.1693,2.1635,2.1660,2241872.5,1764840599999,4856597.86123,10549,1207229.7,2615150.81558,0
1764840600000,2.1660,2.1734,2.1650,2.1719,3181477.5,1764841499999,6903005.10625,12045,1917077.0,4159616.25819,0
1764841500000,2.1718,2.1743,2.1695,2.1696,2708893.1,1764842399999,5882632.15067,10722,1403777.7,3048447.81706,0
1764842400000,2.1697,2.1718,2.1668,2.1685,3226616.5,1764843299999,6999615.50580,12454,1233546.4,2675987.97853,0
1764843300000,2.1684,2.1684,2.1627,2.1632,2832283.1,1764844199999,6131638.17682,10794,1384758.2,2998005.43469,0
1764844200000,2.1632,2.1650,2.1574,2.1599,5376548.5,1764845099999,11616907.47872,16120,2324849.8,5022962.62687,0
1764845100000,2.1598,2.1612,2.1552,2.1575,4283333.3,1764845999999,9242557.79149,12994,2072102.3,4471255.06587,0
1764846000000,2.1575,2.1576,2.1525,2.1535,6012678.8,1764846899999,12955794.11578,15571,2062769.2,4445324.72973,0
1764846900000,2.1535,2.1539,2.1477,2.1490,9316391.4,1764847799999,20033239.83708,15886,2554749.9,5494232.62853,0
1764847800000,2.1490,2.1512,2.1415,2.1447,9379053.8,1764848699999,20118119.08947,20558,3837344.1,8230472.40659,0
1764848700000,2.1447,2.1508,2.1419,2.1500,7072427.7,1764849599999,15183049.98426,14723,3268871.7,7016284.38889,0
1764849600000,2.1500,2.1536,2.1453,2.1476,6388360.5,1764850499999,13736466.55459,16768,2703042.3,5813512.49589,0
1764850500000,2.1475,2.1494,2.1366,2.1380,12136028.9,1764851399999,25991488.80037,24316,4335078.0,9283019.77350,0
1764851400000,2.1381,2.1491,2.1380,2.1463,4856799.0,1764852299999,10410691.42900,15554,3054610.8,6547818.41035,0
1764852300000,2.1462,2.1483,2.1424,2.1452,3517554.1,1764853199999,7546353.20638,12193,1935668.3,4152829.04414,0
1764853200000,2.1452,2.1477,2.1380,2.1396,7235105.3,1764854099999,15493889.29686,23360,3352870.7,7180389.62899,0
1764854100000,2.1395,2.1496,2.1395,2.1451,4462650.0,1764854999999,9573867.81184,14194,1972803.6,4231726.93300,0
1764855000000,2.1452,2.1466,2.1360,2.1379,6118197.1,1764855899999,13095360.06989,21400,2466506.8,5279719.88919,0
1764855900000,2.1379,2.1390,2.1241,2.1249,23184692.9,1764856799999,49387630.62098,38990,7854234.1,16726774.66045,0
1764856800000,2.1250,2.1346,2.1247,2.1330,8630685.4,1764857699999,18389787.99870,29319,5300265.8,11294080.19101,0
1764857700000,2.1330,2.1373,2.1303,2.1370,6066105.4,1764858599999,12943172.68308,15828,2885578.8,6157599.30803,0
1764858600000,2.1370,2.1376,2.1256,2.1325,9940773.0,1764859499999,21201891.86751,36176,4270195.0,9108402.66380,0
1764859500000,2.1325,2.1351,2.1133,2.1187,19631810.7,1764860399999,41653601.81069,47523,7838014.2,16628627.96984,0
1764860400000,2.1187,2.1351,2.1184,2.1328,9449223.5,1764861299999,20108997.48623,32887,4922605.5,10474994.08677,0
1764861300000,2.1329,2.1366,2.1241,2.1297,7202365.2,1764862199999,15345610.72669,26578,3271027.4,6968766.99365,0
1764862200000,2.1297,2.1563,2.1289,2.1474,15426105.3,1764863099999,33097297.53508,35756,9527911.6,20448522.75742,0
1764863100000,2.1473,2.1525,2.1386,2.1517,9919858.0,1764863999999,21287101.60835,28028,5366773.0,11517406.68441,0
1764864000000,2.1517,2.1560,2.1366,2.1430,10441614.2,1764864899999,22392792.49058,32720,4642417.4,9957822.57203,0
1764864900000,2.1429,2.1567,2.1421,2.1459,8174975.9,1764865799999,17584497.17204,26129,4126100.2,8875639.62350,0
1764865800000,2.1459,2.1471,2.1368,2.1385,7267954.9,1764866699999,15564971.06429,26527,3032900.6,6494588.34852,0
1764866700000,2.1385,2.1439,2.1307,2.1367,7372080.0,1764867599999,15757250.35985,25409,3791941.8,8107475.29197,0
1764867600000,2.1367,2.1381,2.1262,2.1313,9196761.7,1764868499999,19598766.05932,22757,3195247.0,6811448.24939,0
1764868500000,2.1312,2.1319,2.1234,2.1241,5262492.9,1764869399999,11195557.32375,17582,2694873.0,5733654.56975,0
1764869400000,2.1240,2.1280,2.1156,2.1206,9381501.4,1764870299999,19896691.64782,26372,4557683.4,9666678.80162,0
1764870300000,2.1206,2.1295,2.1180,2.1272,6053381.1,1764871199999,12851565.41135,19014,3453380.0,7333133.61113,0
1764871200000,2.1271,2.1277,2.1183,2.1246,5963983.0,1764872099999,12659011.18254,22095,2553091.3,5419691.05809,0
1764872100000,2.1246,2.1246,2.1141,2.1199,6292800.1,1764872999999,13328793.80419,22396,2980482.0,6312874.54789,0
1764873000000,2.1198,2.1231,2.0972,2.0996,21207103.6,1764873899999,44654652.41689,44791,9704106.4,20432757.18277,0
1764873900000,2.0995,2.1070,2.0992,2.1025,7932917.4,1764874799999,16680256.38870,26446,3532243.8,7426996.71498,0
1764874800000,2.1025,2.1044,2.0803,2.0820,15368648.9,1764875699999,32154261.68730,37559,5977284.0,12510388.82791,0
1764875700000,2.0821,2.0873,2.0679,2.0830,24811339.1,1764876599999,51528146.70417,64414,11265822.2,23409752.37463,0
1764876600000,2.0830,2.0986,2.0810,2.0977,10249122.3,1764877499999,21432237.26036,36045,4890182.0,10225693.31955,0
1764877500000,2.0976,2.1024,2.0924,2.0962,6422473.4,1764878399999,13473678.43075,24742,3240260.1,6798714.04088,0
1764878400000,2.0962,2.1030,2.0847,2.0935,11550217.3,1764879299999,24184688.57428,30422,4544767.1,9517986.39032,0
1764879300000,2.0935,2.0961,2.0881,2.0896,5215404.7,1764880199999,10910414.68434,21102,2886339.6,6038046.49716,0
1764880200000,2.0896,2.0994,2.0880,2.0967,4945698.0,1764881099999,10358750.43251,21135,2545190.5,5330901.68372,0
1764881100000,2.0968,2.1078,2.0967,2.1038,13360402.5,1764881999999,28104612.24402,31011,6948345.9,14615655.01588,0
1764882000000,2.1038,2.1099,2.0983,2.1018,11674304.2,1764882899999,24565044.15163,25899,5355952.5,11270095.01258,0
1764882900000,2.1017,2.1058,2.0954,2.0966,4221932.9,1764883799999,8864688.06525,15504,1593918.5,3346518.59237,0
1764883800000,2.0967,2.1022,2.0950,2.0980,2412325.1,1764884699999,5061577.49078,12025,1220516.8,2560894.09179,0
1764884700000,2.0980,2.0983,2.0877,2.0898,5006299.9,1764885599999,10476476.99243,14447,1994768.6,4173714.10957,0
1764885600000,2.0899,2.0975,2.0899,2.0960,2833693.4,1764886499999,5934685.37074,12889,1426734.8,2988067.63482,0
1764886500000,2.0960,2.0990,2.0919,2.0965,2742645.1,1764887399999,5749044.79207,10641,1373060.1,2878422.47052,0
1764887400000,2.0965,2.1037,2.0962,2.0984,3640699.0,1764888299999,7645075.00143,12224,1890830.8,3970773.12824,0
1764888300000,2.0984,2.1001,2.0965,2.0966,1850979.4,1764889199999,3884872.76742,6988,1016667.0,2133807.95559,0
1764889200000,2.0967,2.0987,2.0921,2.0933,2310964.2,1764890099999,4842441.37683,12671,961922.5,2015777.38699,0
1764890100000,2.0933,2.0968,2.0922,2.0955,1400357.0,1764890999999,2933205.62398,8097,778138.9,1630001.25588,0
1764891000000,2.0954,2.0985,2.0909,2.0944,1515498.1,1764891899999,3175525.99834,8859,728405.5,1526380.67748,0
1764891900000,2.0944,2.0971,2.0921,2.0949,1440085.8,1764892799999,3017207.31349,8159,773550.7,1620718.08049,0
1764892800000,2.0949,2.1002,2.0932,2.0959,3292046.3,1764893699999,6905773.61385,14688,2027663.9,4253348.24252,0
1764893700000,2.0959,2.1077,2.0955,2.1033,3448824.8,1764894599999,7248868.78920,15338,2158669.6,4536740.14612,0
1764894600000,2.1033,2.1117,2.1018,2.1111,4196971.5,1764895499999,8844069.47752,14818,2289430.7,4824849.11441,0
1764895500000,2.1111,2.1118,2.1013,2.1032,3661314.7,1764896399999,7714976.42732,14500,1428446.6,3011209.13348,0
1764896400000,2.1031,2.1102,2.1020,2.1033,2219538.2,1764897299999,4675136.03149,13194,1074093.9,2262175.27626,0
1764897300000,2.1033,2.1111,2.1031,2.1080,2667095.4,1764898199999,5620891.84167,14467,1437115.1,3028604.34967,0
1764898200000,2.1080,2.1097,2.1047,2.1071,3822626.3,1764899099999,8056156.27467,12661,1735694.4,3657729.83210,0
1764899100000,2.1072,2.1097,2.1034,2.1041,1540884.1,1764899999999,3245637.85893,8716,643461.4,1355371.09004,0
1764900000000,2.1041,2.1056,2.1007,2.1055,2537364.4,1764900899999,5336019.67365,12549,1145975.7,2410271.79950,0
1764900900000,2.1055,2.1084,2.1042,2.1080,1922900.2,1764901799999,4051414.04221,11800,971434.5,2046717.70488,0
1764901800000,2.1080,2.1109,2.1057,2.1090,2243113.8,1764902699999,4729569.10442,12226,1296946.0,2734828.08968,0
1764902700000,2.1091,2.1091,2.1018,2.1026,1888585.3,1764903599999,3975746.21634,10215,962952.6,2027399.20533,0
1764903600000,2.1027,2.1060,2.0990,2.1011,2079216.1,1764904499999,4371701.64365,10308,879219.0,1848874.91018,0
1764904500000,2.1010,2.1018,2.0940,2.0948,3500690.7,1764905399999,7341704.65808,12378,1333027.2,2795848.47657,0
1764905400000,2.0948,2.0953,2.0886,2.0892,3580481.5,1764906299999,7488560.69007,12438,1724222.3,3606458.43487,0
1764906300000,2.0893,2.0938,2.0863,2.0897,3790911.6,1764907199999,7924401.80970,11641,1824063.0,3812885.37409,0
1764907200000,2.0898,2.0976,2.0896,2.0961,2531868.6,1764908099999,5304484.94419,12050,1542396.8,3231660.39826,0
1764908100000,2.0960,2.0960,2.0874,2.0879,2352191.7,1764908999999,4919207.29548,10680,835978.8,1748908.52845,0
1764909000000,2.0878,2.0878,2.0791,2.0807,6450309.0,1764909899999,13432310.59952,19979,2755139.8,5737100.72035,0
1764909900000,2.0807,2.0870,2.0777,2.0846,5595044.2,1764910799999,11647557.47283,16502,3115381.3,6487905.75050,0
1764910800000,2.0846,2.0874,2.0815,2.0848,2889302.2,1764911699999,6023276.29631,12650,1670604.7,3482640.44522,0
1764911700000,2.0848,2.0867,2.0756,2.0782,4393425.6,1764912599999,9136713.06159,12706,1445986.3,3008538.22819,0
1764912600000,2.0781,2.0821,2.0752,2.0814,2441608.9,1764913499999,5074242.45513,9663,1259937.5,2618672.41664,0
1764913500000,2.0814,2.0816,2.0787,2.0807,1898157.0,1764914399999,3947930.37220,7652,999259.7,2078434.95114,0
1764914400000,2.0808,2.0888,2.0808,2.0866,3576053.9,1764915299999,7456805.07693,13019,2066194.8,4308730.51531,0
1764915300000,2.0866,2.0881,2.0832,2.0841,2118621.6,1764916199999,4419239.66955,8488,804215.0,1677588.71321,0
1764916200000,2.0842,2.0877,2.0807,2.0853,2637782.9,1764917099999,5496973.65879,9487,1136141.7,2367799.24520,0
1764917100000,2.0853,2.0887,2.0848,2.0880,2244476.4,1764917999999,4683631.63923,7967,1429941.0,2983826.80391,0
1764918000000,2.0880,2.0976,2.0861,2.0944,4814117.4,1764918899999,10074083.94199,16452,2818919.5,5898654.50453,0
1764918900000,2.0944,2.0956,2.0914,2.0936,3057064.2,1764919799999,6401111.02611,9920,1352731.3,2832258.85597,0
1764919800000,2.0937,2.0943,2.0890,2.0903,2290434.0,1764920699999,4791541.88889,8235,986018.8,2063159.34210,0
1764920700000,2.0903,2.0937,2.0867,2.0920,2527040.7,1764921599999,5282830.16013,8248,971883.8,2032182.68703,0
1764921600000,2.0920,2.0925,2.0842,2.0872,3324311.3,1764922499999,6940402.17381,13058,1246380.8,2602305.61952,0
1764922500000,2.0872,2.0876,2.0820,2.0834,2161184.1,1764923399999,4505054.76216,10287,847708.4,1767049.57576,0
1764923400000,2.0834,2.0841,2.0740,2.0787,5317612.8,1764924299999,11051600.35608,15406,2099047.2,4362360.02235,0
1764924300000,2.0788,2.0804,2.0750,2.0776,2998615.4,1764925199999,6231156.26716,9732,1238225.1,2573001.84152,0
1764925200000,2.0777,2.0778,2.0711,2.0736,4662533.9,1764926099999,9667572.43556,16847,1924362.2,3990117.94665,0
1764926100000,2.0736,2.0736,2.0582,2.0599,14092283.7,1764926999999,29082318.36536,36301,6352658.4,13109282.90550,0
1764927000000,2.0600,2.0638,2.0531,2.0565,8481948.3,1764927899999,17459839.85855,25658,3685102.7,7586543.91766,0
1764927900000,2.0564,2.0587,2.0542,2.0567,4719010.7,1764928799999,9704821.82770,16467,2641711.9,5432746.14246,0
1764928800000,2.0566,2.0640,2.0536,2.0619,6197752.0,1764929699999,12767026.34861,22571,3475928.8,7160016.76506,0
1764929700000,2.0619,2.0684,2.0590,2.0646,4418419.2,1764930599999,9118876.77865,17699,2226002.1,4594780.15341,0
1764930600000,2.0646,2.0666,2.0627,2.0640,4161339.6,1764931499999,8590957.17042,12093,2177040.2,4494249.61897,0
1764931500000,2.0640,2.0644,2.0570,2.0609,2930518.8,1764932399999,6038411.04559,11327,1183220.7,2438216.13913,0
1764932400000,2.0609,2.0637,2.0594,2.0625,3395839.8,1764933299999,7000096.90488,13922,1626428.8,3352771.10197,0
1764933300000,2.0625,2.0634,2.0571,2.0594,4191236.8,1764934199999,8633277.21627,14212,1735209.7,3574848.50916,0
1764934200000,2.0594,2.0603,2.0526,2.0590,6242167.7,1764935099999,12836667.38730,17996,2855221.3,5871810.89181,0
1764935100000,2.0591,2.0701,2.0590,2.0678,4860910.3,1764935999999,10042441.43292,15470,2746659.9,5674097.12850,0
1764936000000,2.0678,2.0708,2.0653,2.0658,3482659.9,1764936899999,7200441.50767,14807,1809548.9,3741344.88422,0
1764936900000,2.0658,2.0716,2.0650,2.0690,3013050.2,1764937799999,6234160.27062,12341,1675846.3,3467392.42996,0
1764937800000,2.0690,2.0738,2.0658,2.0673,3258935.6,1764938699999,6746157.18621,11285,1827226.9,3782241.12457,0
1764938700000,2.0673,2.0679,2.0641,2.0671,1661714.4,1764939599999,3433672.66872,8966,796084.4,1645080.54039,0
1764939600000,2.0672,2.0757,2.0620,2.0671,5420394.1,1764940499999,11215365.29821,17751,2362097.3,4886800.65005,0
1764940500000,2.0672,2.0720,2.0643,2.0696,4343253.5,1764941399999,8981655.70997,16639,2267351.7,4688607.47823,0
1764941400000,2.0695,2.0718,2.0604,2.0623,7296840.5,1764942299999,15068070.62091,23362,3015647.7,6227174.42340,0
1764942300000,2.0623,2.0694,2.0563,2.0646,6231260.7,1764943199999,12858600.46980,24760,3216677.1,6637949.64377,0
1764943200000,2.0646,2.0683,2.0561,2.0579,5029755.7,1764944099999,10371014.18943,18712,2288084.4,4717870.60612,0
1764944100000,2.0578,2.0636,2.0555,2.0626,3781326.4,1764944999999,7789597.48588,14908,1797926.8,3703600.04683,0
1764945000000,2.0626,2.0725,2.0575,2.0614,10122383.4,1764945899999,20909894.07338,36075,4515204.3,9326953.05916,0
1764945900000,2.0614,2.0681,2.0576,2.0646,6632650.8,1764946799999,13687860.41300,26544,3295488.9,6800975.73058,0
1764946800000,2.0645,2.0988,2.0644,2.0852,28060941.4,1764947699999,58564871.02627,70421,15200057.5,31729896.41549,0
1764947700000,2.0853,2.0896,2.0798,2.0870,6408101.4,1764948599999,13359108.82457,29756,3614613.5,7535977.09535,0
1764948600000,2.0870,2.0945,2.0817,2.0847,7288461.1,1764949499999,15223842.78096,26183,3381630.2,7065685.34902,0
1764949500000,2.0846,2.0846,2.0711,2.0748,9893207.6,1764950399999,20542191.92624,31792,4179726.5,8678384.09051,0
1764950400000,2.0748,2.0767,2.0489,2.0578,19297475.1,1764951299999,39763390.86341,55400,8486743.7,17487705.08960,0
1764951300000,2.0579,2.0623,2.0480,2.0499,12608919.9,1764952199999,25910396.03704,42146,6069293.0,12475860.39984,0
1764952200000,2.0499,2.0527,2.0174,2.0253,27721236.0,1764953099999,56382828.67346,73398,11628011.7,23653171.31538,0
1764953100000,2.0253,2.0401,2.0214,2.0327,15330786.6,1764953999999,31120836.94111,50519,7679511.3,15588410.99528,0
1764954000000,2.0327,2.0440,2.0277,2.0281,11671195.6,1764954899999,23766135.85302,35171,4099026.9,8343739.81178,0
1764954900000,2.0281,2.0384,2.0222,2.0237,6221009.0,1764955799999,12627000.36650,28790,2742139.8,5567730.25313,0
1764955800000,2.0237,2.0347,2.0152,2.0326,10750481.4,1764956699999,21773006.82686,34400,5549467.0,11244882.71310,0
1764956700000,2.0327,2.0424,2.0306,2.0343,6786747.0,1764957599999,13818710.33622,25467,3321954.5,6764821.98236,0
1764957600000,2.0343,2.0467,2.0292,2.0396,7320030.9,1764958499999,14924464.93954,28757,3879283.4,7909902.64248,0
1764958500000,2.0396,2.0411,2.0248,2.0282,6973192.2,1764959399999,14166343.01057,23325,2602687.4,5288400.55193,0
1764959400000,2.0283,2.0320,2.0157,2.0188,5649670.3,1764960299999,11428906.34640,21166,2124143.5,4298261.95233,0
1764960300000,2.0188,2.0232,2.0142,2.0177,6037804.9,1764961199999,12181494.66834,19327,2734171.9,5516263.32507,0
1764961200000,2.0177,2.0251,2.0110,2.0241,7916938.5,1764962099999,15965604.82097,25368,3776016.6,7616740.85629,0
1764962100000,2.0242,2.0333,2.0206,2.0302,4975239.0,1764962999999,10088813.86362,19086,2721402.4,5518836.44682,0
1764963000000,2.0301,2.0394,2.0291,2.0364,3750998.8,1764963899999,7633442.47847,14964,1741710.5,3544358.65887,0
1764963900000,2.0364,2.0414,2.0338,2.0363,3541581.5,1764964799999,7217100.07287,13517,1730177.5,3526055.99777,0
1764964800000,2.0362,2.0363,2.0246,2.0305,7556576.5,1764965699999,15347463.67591,18636,2785291.1,5654431.03375,0
1764965700000,2.0305,2.0358,2.0277,2.0310,3260155.9,1764966599999,6623998.49288,14959,1718005.4,3490443.34138,0
1764966600000,2.0309,2.0309,2.0230,2.0237,3240048.8,1764967499999,6562507.51175,14735,1389745.2,2814721.69729,0
1764967500000,2.0238,2.0274,2.0212,2.0222,3964382.6,1764968399999,8026484.61609,15136,2240527.7,4536293.95673,0
1764968400000,2.0222,2.0316,2.0213,2.0302,4965620.2,1764969299999,10065910.95593,15509,2712814.2,5499119.46798,0
1764969300000,2.0302,2.0316,2.0253,2.0261,2299731.5,1764970199999,4667545.75852,10602,908202.7,1843278.38909,0
1764970200000,2.0261,2.0286,2.0223,2.0229,2684480.0,1764971099999,5436483.45702,12788,1167792.1,2364903.01463,0
1764971100000,2.0228,2.0268,2.0186,2.0267,3324675.6,1764971999999,6723688.38216,11936,1589505.3,3215448.17990,0
1764972000000,2.0268,2.0270,2.0184,2.0195,2404634.9,1764972899999,4863619.99208,12142,1144456.3,2314639.49537,0
1764972900000,2.0196,2.0305,2.0196,2.0302,1260260.8,1764973799999,2553149.27926,10116,776859.7,1574026.75433,0
1764973800000,2.0303,2.0355,2.0272,2.0344,2110185.2,1764974699999,4288596.57835,8954,1159869.2,2357357.11306,0
1764974700000,2.0344,2.0354,2.0301,2.0310,1974300.3,1764975599999,4012951.06409,7101,783339.8,1592317.15328,0
1764975600000,2.0310,2.0317,2.0217,2.0285,2851016.7,1764976499999,5775124.41525,12215,1531337.5,3101492.70224,0
1764976500000,2.0286,2.0330,2.0282,2.0328,1328109.9,1764977399999,2696287.07181,8156,864284.5,1754770.59957,0
1764977400000,2.0328,2.0361,2.0314,2.0335,1789204.4,1764978299999,3639271.41362,9533,938441.7,1908811.60528,0
1764978300000,2.0334,2.0368,2.0319,2.0333,2203158.7,1764979199999,4480736.87045,7617,1222765.0,2486883.18067,0
1764979200000,2.0334,2.0334,2.0184,2.0214,10290662.1,1764980099999,20834655.11112,17869,6146600.4,12444529.39037,0
1764980100000,2.0214,2.0259,2.0162,2.0257,5582806.6,1764980999999,11275655.96288,16241,3018683.7,6097063.25856,0
1764981000000,2.0256,2.0323,2.0233,2.0317,2395063.0,1764981899999,4860088.97113,12290,1386796.5,2814239.27732,0
1764981900000,2.0318,2.0335,2.0281,2.0322,1532816.8,1764982799999,3112698.56733,7733,694099.8,1409575.00575,0
1764982800000,2.0322,2.0351,2.0305,2.0351,1300491.4,1764983699999,2643538.00738,8679,765988.9,1557365.34180,0
1764983700000,2.0351,2.0381,2.0314,2.0342,2903980.6,1764984599999,5911601.16182,11027,1355987.1,2760882.04217,0
1764984600000,2.0343,2.0343,2.0260,2.0267,1863983.9,1764985499999,3781033.03535,9203,707827.6,1435650.74756,0
1764985500000,2.0267,2.0315,2.0255,2.0294,1323672.3,1764986399999,2685629.81854,6763,717100.3,1454844.54528,0
1764986400000,2.0295,2.0296,2.0241,2.0268,1694435.7,1764987299999,3434152.42977,8782,936563.8,1898058.16851,0
1764987300000,2.0268,2.0287,2.0253,2.0275,753871.0,1764988199999,1528267.69608,6282,410470.2,832112.74405,0
1764988200000,2.0275,2.0319,2.0265,2.0293,1216623.9,1764989099999,2468512.93428,6883,761319.0,1544715.84085,0
1764989100000,2.0294,2.0321,2.0288,2.0316,974238.2,1764989999999,1978155.59464,5886,478543.7,971695.66578,0
1764990000000,2.0316,2.0411,2.0312,2.0390,3462014.7,1764990899999,7055815.80041,12909,2002133.2,4079980.29137,0
1764990900000,2.0389,2.0405,2.0339,2.0346,2353324.7,1764991799999,4793291.87921,8804,924610.9,1883455.51295,0
1764991800000,2.0346,2.0394,2.0341,2.0364,1357539.2,1764992699999,2766116.87039,7311,689588.3,1405077.65490,0
1764992700000,2.0364,2.0385,2.0360,2.0375,1296967.2,1764993599999,2642354.96551,6764,713503.6,1453653.58943,0
1764993600000,2.0375,2.0401,2.0344,2.0349,1676249.4,1764994499999,3415033.30347,8176,770231.8,1569325.88898,0
1764994500000,2.0350,2.0365,2.0333,2.0358,1366189.2,1764995399999,2780283.91904,6812,567027.5,1153935.80645,0
1764995400000,2.0359,2.0392,2.0350,2.0369,1094238.1,1764996299999,2229089.55363,6361,533526.0,1086822.80932,0
1764996300000,2.0369,2.0400,2.0353,2.0399,1071132.3,1764997199999,2183328.14802,5655,566700.9,1155285.61935,0
1764997200000,2.0400,2.0422,2.0386,2.0399,2359027.6,1764998099999,4812478.28655,7128,1191267.4,2430296.10663,0
1764998100000,2.0400,2.0400,2.0350,2.0385,1212685.8,1764998999999,2471094.09621,6119,580162.6,1182180.55299,0
1764999000000,2.0384,2.0406,2.0356,2.0396,1244329.2,1764999899999,2536842.95973,6070,668236.0,1362401.01794,0
1764999900000,2.0396,2.0436,2.0392,2.0425,1914606.9,1765000799999,3909760.69669,7073,992708.2,2027067.02211,0
1765000800000,2.0426,2.0440,2.0402,2.0427,1832497.7,1765001699999,3741685.06265,8997,951020.6,1941927.02507,0
1765001700000,2.0426,2.0491,2.0424,2.0490,2663906.3,1765002599999,5449403.29017,9804,1683218.5,3443556.98142,0
1765002600000,2.0490,2.0491,2.0357,2.0363,3509737.6,1765003499999,7163950.61543,12240,1500341.6,3061431.33084,0
1765003500000,2.0363,2.0378,2.0337,2.0345,2263479.5,1765004399999,4608365.32732,8519,964991.1,1964846.18814,0
1765004400000,2.0345,2.0382,2.0336,2.0355,1468472.9,1765005299999,2989293.33430,7091,845766.7,1721660.98793,0
1765005300000,2.0355,2.0363,2.0288,2.0294,3264789.7,1765006199999,6634776.62501,10169,1325954.3,2695214.93224,0
1765006200000,2.0294,2.0324,2.0268,2.0308,2962571.3,1765007099999,6010775.04505,10046,1536732.7,3118132.98890,0
1765007100000,2.0309,2.0333,2.0282,2.0292,1363166.6,1765007999999,2767888.39604,6647,592928.4,1204034.63532,0
1765008000000,2.0293,2.0295,2.0252,2.0268,1586962.0,1765008899999,3217378.72190,8002,674332.9,1367226.22289,0
1765008900000,2.0267,2.0299,2.0185,2.0205,4245148.2,1765009799999,8584948.09276,14271,1393196.8,2818407.60893,0
1765009800000,2.0204,2.0215,2.0158,2.0201,5012472.0,1765010699999,10118320.80979,14826,2089957.7,4219692.05037,0
1765010700000,2.0201,2.0215,2.0138,2.0164,2683313.3,1765011599999,5414209.69834,12080,1023870.0,2066556.72378,0
1765011600000,2.0163,2.0260,2.0162,2.0233,3001183.4,1765012499999,6068307.96014,13404,1760197.1,3559004.11470,0
1765012500000,2.0234,2.0248,2.0221,2.0242,1997436.5,1765013399999,4041551.39536,9627,988704.1,2000505.74645,0
1765013400000,2.0243,2.0275,2.0208,2.0258,2102917.5,1765014299999,4255453.61050,10433,1027368.9,2078912.87949,0
1765014300000,2.0258,2.0273,2.0245,2.0247,1576240.8,1765015199999,3193645.05162,7725,714616.6,1447929.68445,0
1765015200000,2.0246,2.0258,2.0208,2.0229,2010806.0,1765016099999,4067204.73197,8213,803603.3,1625658.18021,0
1765016100000,2.0230,2.0287,2.0227,2.0230,1752772.8,1765016999999,3549522.57088,7859,1121528.4,2271098.23804,0
1765017000000,2.0230,2.0256,2.0215,2.0246,976799.8,1765017899999,1976416.31908,5850,470345.9,951666.72201,0
1765017900000,2.0247,2.0260,2.0223,2.0232,1154868.5,1765018799999,2337332.21551,5526,478605.9,968700.59142,0
1765018800000,2.0232,2.0282,2.0219,2.0264,1802128.1,1765019699999,3649158.27037,8050,864746.5,1750983.38125,0
1765019700000,2.0264,2.0282,2.0259,2.0264,1423505.6,1765020599999,2885533.68565,6416,869947.3,1763440.21747,0
1765020600000,2.0264,2.0320,2.0252,2.0305,2387589.1,1765021499999,4844136.13765,8756,1504717.3,3052972.64906,0
1765021500000,2.0306,2.0321,2.0296,2.0310,2171458.6,1765022399999,4409915.30662,7091,1197854.6,2432630.59697,0
1765022400000,2.0310,2.0331,2.0252,2.0265,2666970.4,1765023299999,5412249.80456,9038,1147290.0,2328644.90809,0
1765023300000,2.0265,2.0305,2.0263,2.0286,1017123.3,1765024199999,2062991.83058,5955,524732.0,1064323.83048,0
1765024200000,2.0287,2.0310,2.0286,2.0302,1019490.0,1765025099999,2069314.81716,6431,479508.5,973274.94387,0
1765025100000,2.0302,2.0320,2.0284,2.0293,1105346.3,1765025999999,2243801.41318,5391,562384.1,1141666.52428,0
1765026000000,2.0293,2.0338,2.0287,2.0326,1889424.6,1765026899999,3838996.24551,7651,958091.9,1946725.36411,0
1765026900000,2.0325,2.0351,2.0315,2.0340,2747648.9,1765027799999,5587714.30644,8702,1282413.5,2608117.78799,0
1765027800000,2.0340,2.0382,2.0328,2.0343,3827007.5,1765028699999,7789850.47971,11854,1918788.1,3905860.54734,0
1765028700000,2.0343,2.0345,2.0297,2.0297,1848425.7,1765029599999,3756417.53943,7971,637191.8,1295016.66261,0
1765029600000,2.0298,2.0335,2.0282,2.0311,1738292.1,1765030499999,3529577.38427,9059,826827.2,1679009.64244,0
1765030500000,2.0310,2.0467,2.0310,2.0391,10430366.4,1765031399999,21276879.41161,27343,5663815.3,11551502.72899,0
1765031400000,2.0390,2.0434,2.0379,2.0410,3581618.1,1765032299999,7309975.82960,12887,1719066.6,3508703.85385,0
1765032300000,2.0410,2.0440,2.0371,2.0384,3008217.2,1765033199999,6135342.45393,10870,1328926.9,2710736.98893,0
1765033200000,2.0384,2.0395,2.0316,2.0337,3576416.5,1765034099999,7276806.68020,12799,1301093.5,2647108.95450,0
1765034100000,2.0336,2.0336,2.0213,2.0240,6387300.4,1765034999999,12937655.09578,20203,2765962.4,5601668.74327,0
1765035000000,2.0239,2.0293,2.0206,2.0288,3835424.1,1765035899999,7767385.33929,13358,2255066.5,4567518.54188,0
1765035900000,2.0287,2.0319,2.0278,2.0287,2420119.0,1765036799999,4913944.73121,8528,1024177.0,2079487.41535,0
1765036800000,2.0286,2.0348,2.0262,2.0339,3501183.2,1765037699999,7113827.09293,11541,1974828.9,4013164.18666,0
1765037700000,2.0339,2.0349,2.0295,2.0309,2038759.3,1765038599999,4143337.29451,7563,822580.0,1671593.80348,0
1765038600000,2.0309,2.0374,2.0280,2.0362,2876952.3,1765039499999,5848431.42511,11145,1646256.4,3346554.11590,0
1765039500000,2.0363,2.0380,2.0337,2.0341,1475442.1,1765040399999,3002797.26653,6795,609238.1,1239842.18655,0
1765040400000,2.0341,2.0364,2.0328,2.0342,1709933.3,1765041299999,3478830.72218,8529,730371.8,1485874.91168,0
1765041300000,2.0341,2.0346,2.0303,2.0344,3588158.5,1765042199999,7293165.03974,7400,606127.4,1232102.69476,0
1765042200000,2.0343,2.0344,2.0275,2.0280,1782333.1,1765043099999,3618787.31654,8023,764078.9,1551225.56806,0
1765043100000,2.0280,2.0321,2.0269,2.0319,1143627.1,1765043999999,2321052.46891,6532,636989.1,1292778.28799,0
1765044000000,2.0319,2.0326,2.0282,2.0324,1259355.6,1765044899999,2556969.15297,7323,586717.2,1191346.95624,0
1765044900000,2.0323,2.0357,2.0318,2.0344,1423957.8,1765045799999,2896387.24932,6522,825490.6,1679136.68653,0
1765045800000,2.0344,2.0367,2.0313,2.0317,1079525.0,1765046699999,2195231.12662,6118,453106.5,921442.38279,0
1765046700000,2.0317,2.0329,2.0274,2.0296,1787129.6,1765047599999,3627246.88067,7304,878969.5,1784114.60946,0
1765047600000,2.0295,2.0322,2.0203,2.0266,4333536.9,1765048499999,8780317.81120,13661,1773497.3,3592100.84187,0
1765048500000,2.0265,2.0283,2.0245,2.0283,1521367.5,1765049399999,3082696.93421,7970,827859.3,1677533.60925,0
1765049400000,2.0283,2.0285,2.0191,2.0228,3603306.2,1765050299999,7287597.48046,13343,1529075.2,3091610.92493,0
1765050300000,2.0227,2.0244,2.0221,2.0241,1011426.8,1765051199999,2046270.98596,5939,536755.2,1086008.65354,0
1765051200000,2.0241,2.0271,2.0214,2.0244,1689437.7,1765052099999,3420204.03829,9319,800192.3,1619964.94080,0
1765052100000,2.0245,2.0276,2.0235,2.0265,1102408.1,1765052999999,2233253.63256,5737,630565.8,1277446.74180,0
1765053000000,2.0266,2.0305,2.0248,2.0305,1057774.2,1765053899999,2144151.12614,6228,629464.5,1276210.26018,0
1765053900000,2.0305,2.0308,2.0284,2.0290,780579.8,1765054799999,1584191.53420,4751,432123.6,876995.98321,0
1765054800000,2.0289,2.0358,2.0276,2.0289,3734981.2,1765055699999,7588164.41621,18753,1903378.9,3866981.29916,0
1765055700000,2.0288,2.0329,2.0278,2.0307,987494.5,1765056599999,2004943.97044,10878,497563.4,1010288.03457,0
1765056600000,2.0306,2.0342,2.0303,2.0322,1207563.3,1765057499999,2453849.80557,8729,642297.0,1305148.02600,0
1765057500000,2.0322,2.0335,2.0305,2.0323,690817.3,1765058399999,1403760.81040,6306,305418.6,620614.72064,0
1765058400000,2.0323,2.0333,2.0265,2.0328,1571351.3,1765059299999,3191271.93962,8442,758833.4,1541331.98508,0
1765059300000,2.0328,2.0348,2.0292,2.0293,1435633.3,1765060199999,2918245.51525,8952,627635.3,1275821.00382,0
1765060200000,2.0292,2.0306,2.0287,2.0301,738685.6,1765061099999,1499338.90993,5299,481525.5,977365.18530,0
1765061100000,2.0301,2.0305,2.0261,2.0270,733181.5,1765061999999,1486753.84333,5014,328356.6,665780.07695,0
1765062000000,2.0271,2.0286,2.0218,2.0277,2522931.0,1765062899999,5110470.87244,12363,1311019.6,2655927.12866,0
1765062900000,2.0278,2.0304,2.0228,2.0252,2000718.6,1765063799999,4053838.40022,10636,932326.9,1888841.99205,0
1765063800000,2.0252,2.0285,2.0233,2.0284,1090718.3,1765064699999,2209417.53981,7216,576778.0,1168248.28477,0
1765064700000,2.0283,2.0337,2.0274,2.0298,1556813.7,1765065599999,3161995.97469,7459,657063.0,1334449.27323,0
1765065600000,2.0298,2.0324,2.0281,2.0298,1969074.2,1765066499999,3997971.92230,9148,962814.4,1954651.02000,0
1765066500000,2.0298,2.0334,2.0292,2.0323,1372024.7,1765067399999,2787620.32835,7799,736515.5,1496505.94832,0
1765067400000,2.0323,2.0359,2.0322,2.0340,1961595.2,1765068299999,3990277.92824,7476,1147598.2,2334358.09432,0
1765068300000,2.0339,2.0380,2.0327,2.0359,2189858.1,1765069199999,4457907.58157,8222,1103504.7,2246444.59512,0
1765069200000,2.0359,2.0384,2.0341,2.0377,2013898.6,1765070099999,4100926.08752,8531,1029572.0,2096608.41673,0
1765070100000,2.0377,2.0415,2.0366,2.0388,2446361.2,1765070999999,4988853.05314,10400,1354303.0,2762045.25470,0
1765071000000,2.0388,2.0400,2.0373,2.0387,1320074.1,1765071899999,2691436.26641,6584,636713.1,1298123.99501,0
1765071900000,2.0387,2.0398,2.0324,2.0325,1752095.5,1765072799999,3567621.25125,7575,688066.6,1401068.36470,0
1765072800000,2.0326,2.0367,2.0325,2.0351,1007106.0,1765073699999,2049345.78405,7215,495524.6,1008254.32600,0
1765073700000,2.0350,2.0410,2.0350,2.0406,1736037.5,1765074599999,3539019.05088,7698,1113919.5,2270943.15251,0
1765074600000,2.0405,2.0446,2.0386,2.0446,2230846.4,1765075499999,4554068.78178,8814,1513643.8,3090121.55882,0
1765075500000,2.0446,2.0481,2.0416,2.0470,3589667.5,1765076399999,7338551.47199,8630,2274252.7,4649265.57599,0
1765076400000,2.0470,2.0516,2.0467,2.0488,4525034.5,1765077299999,9274134.80960,13519,2394984.7,4908572.30417,0
1765077300000,2.0488,2.0582,2.0484,2.0532,4553795.8,1765078199999,9351639.94602,12378,2791126.8,5731318.26305,0
1765078200000,2.0531,2.0611,2.0496,2.0611,3659016.0,1765079099999,7518579.01732,12265,2118325.6,4352890.13478,0
1765079100000,2.0611,2.0707,2.0585,2.0670,8731287.1,1765079999999,18040778.61697,24267,4707400.9,9725156.86326,0
1765080000000,2.0671,2.0727,2.0642,2.0650,4865337.6,1765080899999,10062827.24993,18041,2522136.8,5216697.16037,0
1765080900000,2.0651,2.0651,2.0588,2.0590,3778992.4,1765081799999,7792419.60109,11998,1771998.8,3653925.10700,0
1765081800000,2.0589,2.0595,2.0509,2.0529,3802749.6,1765082699999,7814317.12119,13633,1820528.5,3740306.96699,0
1765082700000,2.0528,2.0534,2.0507,2.0514,1905613.9,1765083599999,3910592.29519,8669,1081334.9,2219108.04080,0
1765083600000,2.0515,2.0548,2.0465,2.0487,4565931.5,1765084499999,9360700.30771,13888,1754517.4,3597151.55563,0
1765084500000,2.0487,2.0507,2.0452,2.0458,1742280.3,1765085399999,3568171.34289,7033,747572.3,1531261.18302,0
1765085400000,2.0458,2.0517,2.0440,2.0494,2866911.8,1765086299999,5874038.82610,9621,1613799.7,3306278.56832,0
1765086300000,2.0494,2.0495,2.0454,2.0471,2155181.3,1765087199999,4411570.27408,7909,1257420.7,2573675.42803,0
1765087200000,2.0471,2.0506,2.0469,2.0501,1555763.4,1765088099999,3187751.27693,8745,805444.0,1650299.76736,0
1765088100000,2.0501,2.0515,2.0475,2.0475,1545578.7,1765088999999,3167358.94583,7125,748584.5,1534129.73524,0
1765089000000,2.0476,2.0478,2.0444,2.0458,2148485.8,1765089899999,4396001.39170,7476,1031158.3,2110049.41409,0
1765089900000,2.0459,2.0464,2.0426,2.0450,1714671.5,1765090799999,3505768.83153,7793,727030.8,1486527.96891,0
1765090800000,2.0450,2.0474,2.0355,2.0367,4551620.6,1765091699999,9286793.42236,14850,1703955.8,3476845.54813,0
1765091700000,2.0366,2.0372,2.0329,2.0353,3277995.9,1765092599999,6670768.38685,12052,1464975.1,2981409.66016,0
1765092600000,2.0352,2.0353,2.0263,2.0284,5032435.1,1765093499999,10215271.42000,15248,2211901.7,4490075.45449,0
1765093500000,2.0284,2.0323,2.0274,2.0297,2856389.9,1765094399999,5797321.02286,11154,1674051.5,3397635.88043,0
1765094400000,2.0297,2.0300,2.0243,2.0249,3542349.7,1765095299999,7179575.20421,12540,1780561.8,3609213.59840,0
1765095300000,2.0248,2.0296,2.0236,2.0282,2572852.8,1765096199999,5215883.10700,9730,1350667.8,2738268.96532,0
1765096200000,2.0283,2.0349,2.0275,2.0332,3775555.0,1765097099999,7670672.53255,12070,2063292.2,4191932.09034,0
1765097100000,2.0333,2.0345,2.0286,2.0291,2028335.3,1765097999999,4121583.60751,8971,759783.9,1543964.00789,0
1765098000000,2.0291,2.0330,2.0291,2.0327,1353336.1,1765098899999,2748737.89407,8548,745678.9,1514458.15658,0
1765098900000,2.0328,2.0348,2.0226,2.0268,3893629.9,1765099799999,7891389.45158,13239,1747326.9,3541405.09823,0
1765099800000,2.0269,2.0299,2.0264,2.0282,2308866.9,1765100699999,4682483.03103,9482,1096988.0,2224789.28815,0
1765100700000,2.0282,2.0284,2.0242,2.0274,2204344.1,1765101599999,4467652.93418,7916,902325.1,1829059.20265,0
1765101600000,2.0274,2.0326,2.0252,2.0325,2379165.4,1765102499999,4826213.83314,10597,1340218.3,2718641.77557,0
1765102500000,2.0325,2.0332,2.0287,2.0301,1791700.0,1765103399999,3639905.91684,6207,797056.8,1619379.61826,0
1765103400000,2.0301,2.0343,2.0266,2.0332,2792967.5,1765104299999,5670510.93654,9190,1457956.6,2959663.38975,0
1765104300000,2.0332,2.0344,2.0289,2.0294,1564849.2,1765105199999,3179245.21948,6571,805163.9,1635691.33807,0
1765105200000,2.0294,2.0318,2.0272,2.0317,1549839.9,1765106099999,3144657.24066,6683,699153.8,1418861.57568,0
1765106100000,2.0318,2.0333,2.0295,2.0312,1077707.3,1765106999999,2189499.27313,6023,432757.9,879211.77997,0
1765107000000,2.0312,2.0335,2.0302,2.0324,872970.0,1765107899999,1773929.85865,5159,438213.9,890477.24242,0
1765107900000,2.0324,2.0330,2.0296,2.0325,1038350.6,1765108799999,2109218.04195,5233,577744.6,1173648.18159,0
1765108800000,2.0326,2.0408,2.0308,2.0403,3458545.4,1765109699999,7047321.28842,10610,1987150.7,4048820.98545,0
1765109700000,2.0403,2.0444,2.0397,2.0430,3034728.6,1765110599999,6197906.55766,9929,1517270.8,3098772.56980,0
1765110600000,2.0430,2.0457,2.0408,2.0419,2493327.3,1765111499999,5094353.53932,9144,1103081.8,2253885.40642,0
1765111500000,2.0420,2.0493,2.0416,2.0457,3822331.2,1765112399999,7823338.27569,11571,1784992.8,3653067.73430,0
1765112400000,2.0458,2.0466,2.0373,2.0382,3168481.4,1765113299999,6468387.69950,13233,1192998.2,2435656.29153,0
1765113300000,2.0382,2.0398,2.0251,2.0315,7287853.2,1765114199999,14806952.81170,20545,3363353.2,6831007.66743,0
1765114200000,2.0315,2.0337,2.0267,2.0291,2979042.6,1765115099999,6048060.53067,12121,1291851.8,2623126.75819,0
1765115100000,2.0291,2.0322,2.0269,2.0300,2360374.8,1765115999999,4791907.54265,9743,1168511.3,2372346.38856,0
1765116000000,2.0301,2.0311,2.0212,2.0235,4548242.5,1765116899999,9211555.89958,17876,1742982.0,3530005.52567,0
1765116900000,2.0235,2.0249,1.9877,2.0047,41233680.5,1765117799999,82635896.68810,84269,17289106.3,34634591.90371,0
1765117800000,2.0047,2.0130,1.9962,2.0024,16012024.4,1765118699999,32095308.81624,48292,6782252.5,13597293.29947,0
1765118700000,2.0024,2.0066,1.9947,1.9978,9028261.8,1765119599999,18053603.37930,27755,4056435.7,8112055.99592,0
1765119600000,1.9977,2.0294,1.9970,2.0217,13959765.4,1765120499999,28134365.17353,44657,7254105.3,14613994.67421,0
1765120500000,2.0217,2.0257,2.0138,2.0158,5457714.0,1765121399999,11013720.15987,22537,2379020.7,4801414.98000,0
1765121400000,2.0158,2.0239,2.0153,2.0176,5011453.9,1765122299999,10120217.14356,18409,2318278.4,4681760.77020,0
1765122300000,2.0176,2.0551,2.0166,2.0515,17473703.9,1765123199999,35685213.50800,38034,10126240.6,20672899.99619,0
1765123200000,2.0516,2.0522,2.0382,2.0406,9079238.7,1765124099999,18567733.56798,29354,3704971.3,7574959.22250,0
1765124100000,2.0405,2.0471,2.0366,2.0455,5225876.0,1765124999999,10675527.66692,18459,2999361.8,6128081.20057,0
1765125000000,2.0456,2.0484,2.0372,2.0452,5084297.4,1765125899999,10387312.17642,19871,2892097.2,5909293.35893,0
1765125900000,2.0453,2.0583,2.0409,2.0571,5308827.1,1765126799999,10875201.84727,18898,2988482.7,6123751.74516,0
1765126800000,2.0572,2.0595,2.0505,2.0593,5997965.8,1765127699999,12326349.48640,25844,2881952.3,5922990.44910,0
1765127700000,2.0592,2.0787,2.0590,2.0752,19500938.3,1765128599999,40382250.37160,50831,10669416.4,22093045.12763,0
1765128600000,2.0752,2.0949,2.0751,2.0851,18594505.5,1765129499999,38779501.17917,53740,9721887.5,20273557.48560,0
1765129500000,2.0851,2.0923,2.0818,2.0863,7164771.2,1765130399999,14958491.71382,27037,3484677.0,7274928.56021,0
1765130400000,2.0862,2.1017,2.0860,2.1004,10433645.1,1765131299999,21860720.37486,33228,6238771.7,13072583.44101,0
1765131300000,2.1004,2.1098,2.0979,2.1024,7555614.6,1765132199999,15900161.64803,31160,3628641.7,7636117.10897,0
1765132200000,2.1024,2.1063,2.0961,2.0980,6585133.4,1765133099999,13832448.19922,23960,2790296.7,5862115.64966,0
1765133100000,2.0979,2.1098,2.0978,2.1024,5751211.6,1765133999999,12100185.97585,21928,2563786.4,5393576.00949,0
1765134000000,2.1023,2.1065,2.0962,2.1030,5906400.7,1765134899999,12409293.76297,21944,2953913.1,6205991.99448,0
1765134900000,2.1029,2.1035,2.0887,2.0918,9942435.6,1765135799999,20820972.85569,21010,3270174.9,6848517.24184,0
1765135800000,2.0918,2.0939,2.0867,2.0921,5090387.0,1765136699999,10640750.12128,16752,2505740.2,5238336.81426,0
1765136700000,2.0921,2.0927,2.0830,2.0862,4091102.4,1765137599999,8534321.39462,14111,1742906.3,3635972.12232,0
1765137600000,2.0862,2.0884,2.0780,2.0813,5231966.4,1765138499999,10890123.37801,17445,2218804.7,4618603.35352,0
1765138500000,2.0812,2.0899,2.0809,2.0896,3026924.7,1765139399999,6313816.49022,12879,1836995.8,3831284.33596,0
1765139400000,2.0897,2.0927,2.0855,2.0898,2371846.2,1765140299999,4955594.16021,11309,1098589.4,2295488.43061,0
1765140300000,2.0897,2.0903,2.0819,2.0839,2708103.4,1765141199999,5647264.04077,11802,1261454.1,2630729.15831,0
1765141200000,2.0839,2.0839,2.0709,2.0728,6651904.1,1765142099999,13812596.98549,19767,2338306.7,4856074.48018,0
1765142100000,2.0728,2.0728,2.0646,2.0670,6069153.8,1765142999999,12559232.83408,16784,2426890.5,5022429.14358,0
1765143000000,2.0669,2.0710,2.0562,2.0588,7563882.3,1765143899999,15600084.49413,22333,2977552.2,6144936.61026,0
1765143900000,2.0589,2.0599,2.0345,2.0480,13469108.6,1765144799999,27562539.61383,39182,5995738.2,12265465.17415,0
1765144800000,2.0480,2.0480,2.0106,2.0293,21217239.3,1765145699999,42984326.07564,68703,9828524.2,19907932.26576,0
1765145700000,2.0293,2.0352,2.0182,2.0336,9558334.2,1765146599999,19374563.90385,35602,5279837.0,10702792.57930,0
1765146600000,2.0336,2.0477,2.0307,2.0428,7525002.2,1765147499999,15346500.55795,28784,4640791.8,9464135.34962,0
1765147500000,2.0427,2.0462,2.0215,2.0275,5470997.1,1765148399999,11119817.43089,25045,2386379.5,4851992.76073,0
1765148400000,2.0275,2.0330,2.0214,2.0301,5290110.0,1765149299999,10729818.12627,25788,3008740.0,6103395.74073,0
1765149300000,2.0300,2.0366,2.0287,2.0349,5289864.7,1765150199999,10753041.67906,21624,2917486.2,5930405.42938,0
1765150200000,2.0350,2.0377,2.0303,2.0341,2341087.8,1765151099999,4761996.22488,14244,1179291.9,2398791.63830,0
1765151100000,2.0342,2.0438,2.0335,2.0426,2970407.1,1765151999999,6059220.80784,14976,1745334.9,3560170.59825,0
1765152000000,2.0427,2.0451,2.0366,2.0383,4783895.8,1765152899999,9762359.69122,20733,2157014.6,4401426.19981,0
1765152900000,2.0382,2.0411,2.0304,2.0388,3544640.6,1765153799999,7216905.45252,18180,1669521.8,3399860.90117,0
1765153800000,2.0388,2.0480,2.0375,2.0427,3347714.4,1765154699999,6843382.38343,15511,1952523.2,3991485.31669,0
1765154700000,2.0428,2.0456,2.0386,2.0433,1838710.8,1765155599999,3756249.35792,13257,861754.0,1760525.91103,0
1765155600000,2.0433,2.0548,2.0427,2.0537,4258038.4,1765156499999,8726008.60261,17733,2316025.5,4746643.34057,0
1765156500000,2.0537,2.0697,2.0504,2.0689,7623065.6,1765157399999,15709541.02203,21788,5018511.8,10347872.27204,0
1765157400000,2.0689,2.0900,2.0689,2.0774,17152435.2,1765158299999,35674125.24106,41997,9785591.1,20351720.93813,0
1765158300000,2.0775,2.0791,2.0657,2.0670,7236845.9,1765159199999,14997070.57315,23210,3464650.9,7180382.67813,0
1765159200000,2.0671,2.0673,2.0604,2.0632,4465501.6,1765160099999,9217081.24840,18789,2233990.2,4611066.85590,0
1765160100000,2.0633,2.0675,2.0626,2.0631,1816547.8,1765160999999,3750369.41926,12774,988884.2,2041674.59267,0
1765161000000,2.0632,2.0669,2.0573,2.0662,3682403.6,1765161899999,7591984.26837,18090,1768468.8,3647059.20102,0
1765161900000,2.0663,2.0773,2.0663,2.0729,4137599.0,1765162799999,8572941.64018,17299,2065146.5,4279156.90960,0
1765162800000,2.0729,2.0741,2.0637,2.0650,2372394.8,1765163699999,4905987.75349,15350,1129114.9,2334675.14439,0
1765163700000,2.0650,2.0765,2.0633,2.0738,3237209.1,1765164599999,6704928.49243,14556,1927099.1,3990536.64741,0
1765164600000,2.0739,2.0746,2.0665,2.0687,3587666.5,1765165499999,7424921.48316,15076,1654463.8,3424185.23974,0
1765165500000,2.0687,2.0720,2.0672,2.0710,1691112.3,1765166399999,3500455.37139,9646,1113862.7,2305573.27354,0
1765166400000,2.0710,2.0796,2.0691,2.0756,2337992.9,1765167299999,4850095.79242,14132,1409488.0,2924171.35370,0
1765167300000,2.0756,2.0814,2.0734,2.0774,2762074.6,1765168199999,5738136.74472,13763,1626670.5,3379513.66350,0
1765168200000,2.0774,2.0857,2.0719,2.0761,3429502.3,1765169099999,7128864.97607,17179,1677721.0,3488805.27575,0
1765169100000,2.0762,2.0769,2.0701,2.0733,2052148.4,1765169999999,4254908.62621,11263,1061344.5,2200698.58881,0
1765170000000,2.0733,2.0744,2.0682,2.0710,2822763.8,1765170899999,5845973.34190,13605,1498535.1,3103657.12565,0
1765170900000,2.0710,2.0779,2.0703,2.0764,1790805.9,1765171799999,3715963.53553,10408,1124735.1,2333851.16144,0
1765171800000,2.0765,2.0819,2.0755,2.0774,2654935.8,1765172699999,5518802.67841,11224,1541611.9,3204587.81983,0
1765172700000,2.0774,2.0793,2.0761,2.0775,1801204.4,1765173599999,3742298.63157,8988,1053928.4,2189737.87193,0
1765173600000,2.0774,2.0788,2.0734,2.0753,2018784.1,1765174499999,4190913.24366,10549,934551.1,1940283.13310,0
1765174500000,2.0753,2.0770,2.0715,2.0766,2453232.8,1765175399999,5088278.86650,10128,929691.2,1928419.30544,0
1765175400000,2.0766,2.0818,2.0764,2.0807,2834637.7,1765176299999,5894616.30614,11654,1544720.5,3212079.66175,0
1765176300000,2.0808,2.0835,2.0787,2.0793,3319232.1,1765177199999,6908640.68260,12219,1382131.8,2876996.14514,0
1765177200000,2.0793,2.0832,2.0773,2.0812,3004035.1,1765178099999,6250240.85080,13146,1415132.5,2944436.71972,0
1765178100000,2.0812,2.0891,2.0802,2.0891,3525686.0,1765178999999,7354950.59505,12919,1847868.2,3854887.68434,0
1765179000000,2.0891,2.0936,2.0872,2.0876,4792150.9,1765179899999,10018358.22633,14850,2519004.4,5266040.61094,0
1765179900000,2.0877,2.0877,2.0810,2.0855,4334506.0,1765180799999,9031354.88083,13779,1821147.1,3794707.88902,0
1765180800000,2.0855,2.0857,2.0799,2.0846,2682022.9,1765181699999,5586749.06344,11033,1371084.6,2856169.80794,0
1765181700000,2.0847,2.0899,2.0847,2.0880,1978204.4,1765182599999,4130252.03734,9338,1157404.9,2416449.47206,0
1765182600000,2.0881,2.0923,2.0843,2.0923,1814457.5,1765183499999,3787685.07724,10593,1170719.1,2444154.96572,0
1765183500000,2.0922,2.0943,2.0880,2.0903,2942888.9,1765184399999,6151770.46320,13522,1411228.3,2950157.77145,0
1765184400000,2.0903,2.1233,2.0894,2.1097,24817774.2,1765185299999,52405845.35159,56522,16413931.0,34663619.73251,0
1765185300000,2.1097,2.1129,2.1047,2.1062,6707134.5,1765186199999,14135947.83867,23233,2800301.7,5902309.00752,0
1765186200000,2.1062,2.1068,2.1024,2.1028,4231369.6,1765187099999,8904702.88643,17533,2315643.1,4873310.18885,0
1765187100000,2.1028,2.1029,2.0978,2.1003,4406359.8,1765187999999,9252225.98761,14565,2217985.8,4657369.91290,0
1765188000000,2.1003,2.1053,2.0989,2.1019,4034675.5,1765188899999,8479856.10923,15501,2201271.9,4625937.31132,0
1765188900000,2.1020,2.1020,2.0959,2.0971,3853871.0,1765189799999,8086905.54203,13836,1915354.2,4019066.11112,0
1765189800000,2.0971,2.1005,2.0951,2.0999,3648424.0,1765190699999,7654644.47412,12908,2228103.6,4674586.43528,0
1765190700000,2.0998,2.1016,2.0969,2.0975,2725254.0,1765191599999,5721188.05811,10697,1226952.5,2575776.53206,0
1765191600000,2.0976,2.0986,2.0909,2.0961,4154273.4,1765192499999,8697971.67218,15310,1872874.5,3921423.36749,0
1765192500000,2.0961,2.0961,2.0919,2.0920,1770817.8,1765193399999,3707724.82340,8703,641199.3,1342487.39606,0
1765193400000,2.0919,2.0923,2.0865,2.0883,7388573.2,1765194299999,15435790.47828,19304,3935844.2,8222450.96175,0
1765194300000,2.0883,2.0931,2.0865,2.0897,3918884.6,1765195199999,8188317.06115,12223,1873690.4,3915061.70882,0
1765195200000,2.0896,2.0929,2.0865,2.0924,3383046.4,1765196099999,7071883.96295,13751,1657558.7,3465109.94335,0
1765196100000,2.0923,2.0937,2.0850,2.0880,3234809.9,1765196999999,6758662.96446,12979,1406273.8,2938145.32317,0
1765197000000,2.0880,2.0930,2.0836,2.0900,4863012.2,1765197899999,10155910.09304,14970,2409836.3,5032745.93885,0
1765197900000,2.0900,2.0967,2.0899,2.0941,3590960.7,1765198799999,7519501.66486,12481,1437869.8,3010729.84597,0
1765198800000,2.0941,2.1011,2.0919,2.0919,6671227.9,1765199699999,13986997.78360,22221,3078158.3,6454446.73931,0
1765199700000,2.0920,2.0958,2.0882,2.0957,4071611.9,1765200599999,8516630.37050,16602,2128159.6,4452480.67376,0
1765200600000,2.0956,2.0980,2.0918,2.0963,4884482.6,1765201499999,10232431.64275,17177,2630094.3,5510045.00011,0
1765201500000,2.0963,2.0990,2.0955,2.0978,4142555.2,1765202399999,8689358.54531,15438,2470009.7,5181246.70111,0
1765202400000,2.0977,2.0985,2.0938,2.0974,3345324.2,1765203299999,7013284.85483,15083,1759441.0,3688580.90812,0
1765203300000,2.0974,2.0982,2.0892,2.0949,4871425.7,1765204199999,10198722.43729,17305,2463944.6,5158932.18128,0
1765204200000,2.0948,2.1112,2.0824,2.1008,23643653.2,1765205099999,49572674.42242,67047,13024549.8,27315550.61168,0
1765205100000,2.1007,2.1048,2.0822,2.0831,11813068.3,1765205999999,24721141.84441,44587,5618420.3,11758311.32155,0
1765206000000,2.0832,2.0925,2.0727,2.0784,17245091.5,1765206899999,35894193.68890,55572,7328719.5,15255868.47314,0
1765206900000,2.0784,2.0889,2.0689,2.0792,13311461.9,1765207799999,27676192.70599,47510,6289155.9,13078143.89993,0
1765207800000,2.0792,2.0862,2.0667,2.0695,8770976.6,1765208699999,18215076.83068,38404,4120090.6,8558607.63101,0
1765208700000,2.0696,2.0808,2.0686,2.0746,6145247.8,1765209599999,12749947.36356,30668,3757219.4,7795062.78107,0
1765209600000,2.0747,2.0755,2.0645,2.0683,9899261.9,1765210499999,20485534.08274,36174,3947602.1,8171484.69508,0
1765210500000,2.0683,2.0838,2.0669,2.0810,6021791.0,1765211399999,12513614.18048,24923,3416962.2,7099690.94578,0
1765211400000,2.0810,2.0867,2.0762,2.0802,5238765.4,1765212299999,10905496.86144,22377,2539838.0,5287148.19683,0
1765212300000,2.0802,2.0804,2.0669,2.0723,5435177.3,1765213199999,11262669.28335,22534,2547206.0,5278577.60307,0
1765213200000,2.0722,2.0829,2.0678,2.0809,7607574.0,1765214099999,15787970.44155,25260,4835849.4,10034965.02088,0
1765214100000,2.0810,2.0833,2.0711,2.0741,4074122.8,1765214999999,8458248.75804,17886,1642196.8,3409263.33507,0
1765215000000,2.0741,2.0779,2.0655,2.0686,4199009.2,1765215899999,8697481.84336,18005,2017111.3,4179420.27206,0
1765215900000,2.0685,2.0821,2.0641,2.0779,5709005.8,1765216799999,11831750.73797,20284,2904143.0,6021335.75879,0
1765216800000,2.0780,2.0857,2.0759,2.0790,4377888.0,1765217699999,9110648.64387,19941,2234059.6,4649163.66552,0
1765217700000,2.0791,2.0846,2.0714,2.0726,4152757.1,1765218599999,8634251.83348,18323,1710140.4,3556128.31983,0
1765218600000,2.0725,2.0813,2.0687,2.0812,3406868.2,1765219499999,7064612.54432,16744,1616921.9,3353186.03219,0
1765219500000,2.0813,2.0841,2.0609,2.0673,6850722.0,1765220399999,14181287.86988,22865,3066351.0,6349081.21616,0
1765220400000,2.0673,2.0785,2.0665,2.0744,4549553.8,1765221299999,9432088.81676,19519,2164814.5,4487746.75046,0
1765221300000,2.0744,2.0792,2.0714,2.0773,2599546.2,1765222199999,5395933.95835,14476,1300714.1,2699908.52574,0
1765222200000,2.0773,2.0816,2.0756,2.0785,2522281.1,1765223099999,5242482.86558,13551,1258067.4,2615038.63068,0
1765223100000,2.0785,2.0835,2.0751,2.0770,2274674.6,1765223999999,4731040.81631,12634,1075460.6,2237045.38512,0
1765224000000,2.0770,2.0854,2.0753,2.0821,5226888.5,1765224899999,10877559.59183,18596,3222092.2,6705985.92236,0
1765224900000,2.0821,2.0886,2.0798,2.0826,6074176.6,1765225799999,12657914.72185,16360,4034308.1,8406414.00526,0
1765225800000,2.0827,2.0850,2.0782,2.0838,2859336.7,1765226699999,5953146.32125,12570,1246267.2,2594710.29908,0
1765226700000,2.0838,2.0931,2.0822,2.0862,6837621.5,1765227599999,14271819.66361,20887,3264849.4,6815289.65446,0
1765227600000,2.0863,2.0872,2.0725,2.0729,7686655.2,1765228499999,15992076.06389,19881,4232366.6,8805658.65132,0
1765228500000,2.0729,2.0833,2.0729,2.0817,3953049.3,1765229399999,8216621.98619,15633,2000206.0,4156315.53673,0
1765229400000,2.0817,2.0904,2.0812,2.0843,5206302.3,1765230299999,10857792.89080,19630,2303373.2,4803341.44131,0
1765230300000,2.0843,2.0894,2.0829,2.0869,2441244.6,1765231199999,5092556.61471,11597,1262165.9,2632841.81910,0
1765231200000,2.0868,2.0880,2.0781,2.0796,2709510.6,1765232099999,5642155.14053,11865,1217797.3,2535621.55715,0
1765232100000,2.0795,2.0805,2.0771,2.0782,1508713.8,1765232999999,3136744.53113,7288,734986.2,1528087.72857,0
1765233000000,2.0782,2.0806,2.0732,2.0757,2034179.3,1765233899999,4223169.12834,9361,1145558.8,2378526.14626,0
1765233900000,2.0757,2.0813,2.0757,2.0786,958117.9,1765234799999,1991341.78022,6333,558424.6,1160697.77315,0
1765234800000,2.0786,2.0803,2.0730,2.0732,1601329.8,1765235699999,3326364.42100,13208,721004.3,1497777.69780,0
1765235700000,2.0731,2.0748,2.0683,2.0715,3663803.5,1765236599999,7585479.05098,13128,1591354.1,3294554.88898,0
1765236600000,2.0715,2.0736,2.0696,2.0728,1369530.9,1765237499999,2837964.48297,7613,769259.3,1594133.05815,0
1765237500000,2.0729,2.0735,2.0703,2.0711,2006051.9,1765238399999,4156234.87365,7174,1246376.5,2582389.46478,0
1765238400000,2.0712,2.0788,2.0702,2.0787,6010172.9,1765239299999,12468561.43419,14311,2227166.8,4620620.58456,0
1765239300000,2.0786,2.0816,2.0734,2.0737,4321742.6,1765240199999,8981073.82277,12457,1437806.0,2988716.49036,0
1765240200000,2.0736,2.0750,2.0671,2.0729,4879865.7,1765241099999,10105510.37278,13322,1758679.6,3642255.62591,0
1765241100000,2.0729,2.0749,2.0685,2.0707,1716393.8,1765241999999,3554795.60294,9499,699801.3,1449575.15217,0
1765242000000,2.0706,2.0725,2.0636,2.0694,3818911.8,1765242899999,7893346.45427,15544,1906591.0,3941066.06214,0
1765242900000,2.0693,2.0746,2.0629,2.0638,4754340.8,1765243799999,9841938.75008,15698,2280312.3,4720674.89135,0
1765243800000,2.0639,2.0650,2.0587,2.0611,4187812.8,1765244699999,8634831.45730,16732,1921462.9,3962249.58064,0
1765244700000,2.0612,2.0649,2.0575,2.0618,3643309.0,1765245599999,7506959.96490,15020,2153329.5,4437029.32957,0
1765245600000,2.0619,2.0699,2.0605,2.0636,6311126.1,1765246499999,13039876.97756,17494,3701870.2,7648498.90857,0
1765246500000,2.0636,2.0696,2.0633,2.0673,2681663.3,1765247399999,5541567.21412,10761,1666691.2,3443810.25008,0
1765247400000,2.0673,2.0685,2.0635,2.0654,1663063.6,1765248299999,3435283.58043,9974,866050.4,1789053.50268,0
1765248300000,2.0654,2.0693,2.0596,2.0602,2006343.0,1765249199999,4140114.72596,11227,739075.4,1525878.85033,0
1765249200000,2.0602,2.0625,2.0585,2.0610,2444867.1,1765250099999,5037600.85774,11723,1174185.7,2419417.87786,0
1765250100000,2.0610,2.0638,2.0561,2.0608,4500656.9,1765250999999,9268429.88050,15753,2519263.2,5188077.28759,0
1765251000000,2.0607,2.0697,2.0603,2.0675,3814033.6,1765251899999,7880515.56281,14348,2285667.1,4722009.58943,0
1765251900000,2.0675,2.0708,2.0659,2.0687,2491904.3,1765252799999,5153465.51959,10154,1548773.1,3202918.36217,0
1765252800000,2.0688,2.0693,2.0651,2.0658,2067243.9,1765253699999,4272965.82384,8467,958057.6,1980189.08802,0
1765253700000,2.0657,2.0663,2.0610,2.0633,1565946.9,1765254599999,3231205.25658,7033,815627.0,1683115.85751,0
1765254600000,2.0632,2.0632,2.0519,2.0533,6431676.4,1765255499999,13219219.67060,18875,2238914.4,4602141.39755,0
1765255500000,2.0533,2.0550,2.0519,2.0532,1976969.1,1765256399999,4059516.77242,9067,884116.3,1815504.09690,0
1765256400000,2.0532,2.0558,2.0470,2.0517,4632065.3,1765257299999,9502309.53597,14547,2039345.4,4184664.19862,0
1765257300000,2.0516,2.0545,2.0478,2.0528,2956847.1,1765258199999,6067422.91995,11568,1628069.2,3341216.02574,0
1765258200000,2.0528,2.0585,2.0516,2.0569,2901069.8,1765259099999,5964049.64659,11738,1604459.5,3298071.38470,0
1765259100000,2.0569,2.0583,2.0483,2.0494,2295120.1,1765259999999,4708849.85638,9086,846131.5,1736043.43699,0
1765260000000,2.0494,2.0552,2.0482,2.0517,2415222.2,1765260899999,4954509.25649,9556,1505928.6,3089225.95843,0
1765260900000,2.0518,2.0528,2.0455,2.0470,3153910.6,1765261799999,6460642.28786,10999,1325110.7,2714679.00843,0
1765261800000,2.0469,2.0472,2.0398,2.0466,6161294.8,1765262699999,12590288.71056,16433,2088241.6,4268241.27280,0
1765262700000,2.0466,2.0505,2.0444,2.0486,3184279.0,1765263599999,6519624.01541,11970,1616175.6,3309069.81838,0
1765263600000,2.0487,2.0515,2.0459,2.0473,2311382.4,1765264499999,4734154.46556,11060,1165557.3,2387461.05510,0
1765264500000,2.0473,2.0569,2.0473,2.0549,2593144.6,1765265399999,5324478.31440,10909,1354328.0,2780781.43194,0
1765265400000,2.0549,2.0598,2.0542,2.0592,2271871.5,1765266299999,4672553.62146,9640,1073533.7,2208120.02179,0
1765266300000,2.0592,2.0612,2.0585,2.0604,2239871.7,1765267199999,4613887.59454,8561,973316.7,2005064.17231,0
1765267200000,2.0604,2.0649,2.0590,2.0595,3324923.4,1765268099999,6855035.20325,12222,1709954.3,3525520.24799,0
1765268100000,2.0594,2.0619,2.0558,2.0584,3267247.9,1765268999999,6726970.07794,9898,1431366.1,2947251.61261,0
1765269000000,2.0584,2.0626,2.0557,2.0626,2569675.8,1765269899999,5289270.89631,10363,1137367.7,2341385.13766,0
1765269900000,2.0626,2.0649,2.0610,2.0621,2035680.1,1765270799999,4199925.70818,9500,938722.6,1936810.77679,0
1765270800000,2.0622,2.0627,2.0567,2.0608,2840645.6,1765271699999,5849506.13981,10478,1306149.9,2689971.65025,0
1765271700000,2.0607,2.0619,2.0581,2.0591,1510093.4,1765272599999,3111398.24254,6606,618458.1,1274235.03753,0
1765272600000,2.0590,2.0598,2.0557,2.0567,1857275.7,1765273499999,3821281.66113,7224,776860.1,1598288.58027,0
1765273500000,2.0568,2.0583,2.0558,2.0572,1078689.9,1765274399999,2219237.74323,5592,534567.4,1099817.28068,0
1765274400000,2.0571,2.0602,2.0544,2.0558,2386706.4,1765275299999,4909017.46594,9354,1167079.2,2400567.16917,0
1765275300000,2.0558,2.0563,2.0536,2.0553,1267186.1,1765276199999,2603718.80092,6171,646358.3,1328097.83398,0
1765276200000,2.0554,2.0563,2.0446,2.0511,4799011.0,1765277099999,9838528.41165,14123,2350500.8,4818655.40571,0
1765277100000,2.0511,2.0547,2.0487,2.0543,2063117.5,1765277999999,4234118.84743,7922,985130.3,2021702.48644,0
1765278000000,2.0543,2.0576,2.0530,2.0537,1931596.2,1765278899999,3969785.60275,8934,909674.3,1869548.91013,0
1765278900000,2.0537,2.0550,2.0505,2.0549,1332934.8,1765279799999,2736164.01627,7151,673293.3,1382184.50327,0
1765279800000,2.0549,2.0611,2.0545,2.0608,1900319.4,1765280699999,3910995.69417,8591,1142429.5,2351398.61865,0
1765280700000,2.0608,2.0697,2.0605,2.0679,4482807.2,1765281599999,9257364.34041,14803,2534339.8,5233222.93013,0
1765281600000,2.0680,2.0717,2.0657,2.0687,3554061.0,1765282499999,7352037.52651,17370,1812781.5,3750210.14084,0
1765282500000,2.0688,2.0844,2.0679,2.0807,8799594.9,1765283399999,18293656.34659,28484,4387780.5,9119492.05287,0
1765283400000,2.0808,2.0850,2.0789,2.0840,4479380.9,1765284299999,9326242.84928,18516,2394280.6,4985340.16409,0
1765284300000,2.0839,2.0844,2.0799,2.0829,3037799.5,1765285199999,6325291.85177,13765,1494246.1,3111313.80313,0
1765285200000,2.0830,2.0848,2.0781,2.0788,4573895.3,1765286099999,9519968.49450,14954,2084824.0,4339085.37054,0
1765286100000,2.0788,2.0813,2.0755,2.0790,4427661.1,1765286999999,9202307.26498,15046,2399204.6,4986573.16650,0
1765287000000,2.0790,2.0813,2.0639,2.0649,6609670.9,1765287899999,13695235.99596,20990,2826275.9,5858758.58729,0
1765287900000,2.0649,2.0685,2.0630,2.0655,4737864.9,1765288799999,9789180.88014,15353,2221686.9,4590237.58458,0
1765288800000,2.0655,2.0716,2.0575,2.0597,8195089.0,1765289699999,16912779.91395,21117,3376108.1,6967931.69733,0
1765289700000,2.0597,2.0616,2.0478,2.0531,9970545.7,1765290599999,20481916.92390,24712,4369722.7,8975998.53199,0
1765290600000,2.0530,2.0598,2.0476,2.0499,17474457.5,1765291499999,35904417.16271,46338,7631328.0,15680890.31540,0
1765291500000,2.0499,2.0549,2.0486,2.0541,7994115.6,1765292399999,16400163.51564,27280,3540037.2,7262399.98480,0
1765292400000,2.0541,2.0905,2.0520,2.0675,24176154.8,1765293299999,50121802.92678,68278,11718888.0,24299795.75989,0
1765293300000,2.0676,2.0919,2.0657,2.0844,10929480.3,1765294199999,22737651.22242,35156,5849437.5,12175153.56693,0
1765294200000,2.0843,2.1045,2.0774,2.1026,19502159.2,1765295099999,40778836.67236,54331,10551296.9,22067191.82959,0
1765295100000,2.1027,2.1190,2.1001,2.1148,19868018.4,1765295999999,41929061.55158,66384,9461085.8,19964030.30311,0
1765296000000,2.1148,2.1535,2.1144,2.1492,32360780.8,1765296899999,69098089.34789,85164,18089328.6,38623140.80788,0
1765296900000,2.1491,2.1541,2.1351,2.1385,15538655.9,1765297799999,33294603.73490,58951,6865379.2,14711311.96398,0
1765297800000,2.1386,2.1664,2.1376,2.1656,22301021.1,1765298699999,48091717.35997,71967,12396483.1,26733341.46147,0
1765298700000,2.1656,2.1740,2.1564,2.1642,17446494.9,1765299599999,37810020.14887,57893,9452161.4,20490607.94621,0
1765299600000,2.1641,2.1774,2.1618,2.1721,17309405.3,1765300499999,37587204.66139,52428,10549320.5,22907878.06665,0
1765300500000,2.1721,2.1727,2.1451,2.1500,28497653.8,1765301399999,61473835.02636,71825,11769270.6,25395868.41039,0
1765301400000,2.1500,2.1533,2.1406,2.1465,12650619.0,1765302299999,27152654.65547,44803,6111792.3,13120744.49726,0
1765302300000,2.1465,2.1527,2.1441,2.1487,5654047.1,1765303199999,12152445.05935,23160,3399019.6,7306257.13263,0
1765303200000,2.1487,2.1571,2.1458,2.1527,7913058.0,1765304099999,17028027.38484,26374,3104440.7,6678938.07499,0
1765304100000,2.1527,2.1569,2.1486,2.1549,5089348.5,1765304999999,10957652.02741,19320,2888462.0,6219575.22778,0
1765305000000,2.1549,2.1559,2.1469,2.1480,3649005.2,1765305899999,7848750.36808,16497,1460865.8,3142942.17389,0
1765305900000,2.1479,2.1497,2.1386,2.1471,7746418.9,1765306799999,16601513.15030,20017,2795221.1,5992668.41956,0
1765306800000,2.1471,2.1479,2.1362,2.1363,6323795.9,1765307699999,13533892.82232,21223,3088550.1,6610676.29104,0
1765307700000,2.1362,2.1403,2.1303,2.1342,5836988.9,1765308599999,12459735.12185,20478,2832938.5,6047269.14069,0
1765308600000,2.1342,2.1422,2.1282,2.1314,5822080.1,1765309499999,12436403.01592,21459,3139828.8,6708082.90020,0
1765309500000,2.1314,2.1386,2.1304,2.1323,6016605.6,1765310399999,12846207.84283,18910,4155919.5,8873662.67106,0
1765310400000,2.1322,2.1335,2.1260,2.1292,5005677.4,1765311299999,10661692.24256,18949,2573357.6,5481988.98507,0
1765311300000,2.1292,2.1300,2.1021,2.1114,15499248.0,1765312199999,32746353.00768,43037,6534465.5,13804230.39612,0
1765312200000,2.1115,2.1126,2.0949,2.1045,14744892.1,1765313099999,31024867.12472,37122,5459454.5,11494438.10628,0
1765313100000,2.1045,2.1129,2.1020,2.1125,6826509.2,1765313999999,14391698.74121,24417,3290235.5,6935050.18352,0
1765314000000,2.1125,2.1160,2.1066,2.1092,5743778.8,1765314899999,12130005.17729,23327,2960372.7,6251974.48850,0
1765314900000,2.1092,2.1134,2.1054,2.1114,2839802.8,1765315799999,5991369.46462,17353,1577958.3,3329358.93457,0
1765315800000,2.1114,2.1125,2.1040,2.1041,3131089.0,1765316699999,6598480.33949,15441,1478625.0,3116279.04147,0
1765316700000,2.1042,2.1049,2.0842,2.0981,12514837.9,1765317599999,26195284.63034,40461,5887802.4,12324253.72039,0
1765317600000,2.0981,2.1111,2.0948,2.1072,7034749.1,1765318499999,14792350.78468,27249,3936275.7,8279096.06474,0
1765318500000,2.1072,2.1110,2.1028,2.1038,3545522.1,1765319399999,7467754.75367,15003,1646491.7,3467843.58297,0
1765319400000,2.1038,2.1168,2.1024,2.1109,3965502.3,1765320299999,8368431.28190,18894,2357205.2,4974537.80644,0
1765320300000,2.1109,2.1131,2.1058,2.1093,2997876.8,1765321199999,6326633.74481,10605,2124119.6,4483065.80396,0
1765321200000,2.1093,2.1115,2.1045,2.1054,2555553.4,1765322099999,5387994.87911,16393,1213064.2,2557583.78575,0
1765322100000,2.1054,2.1108,2.1045,2.1083,3372016.2,1765322999999,7107621.69456,13415,1956674.2,4124517.29547,0
1765323000000,2.1083,2.1125,2.1066,2.1110,1908141.4,1765323899999,4026296.66521,10716,1158285.8,2443978.29832,0
1765323900000,2.1110,2.1110,2.1050,2.1051,1510705.7,1765324799999,3184350.98099,10204,683244.0,1440218.48106,0
1765324800000,2.1050,2.1088,2.1038,2.1040,2746214.0,1765325699999,5783779.90185,11600,1214509.4,2557672.17296,0
1765325700000,2.1040,2.1040,2.0951,2.1000,3904362.0,1765326599999,8194845.36249,15137,1740390.8,3652829.22985,0
1765326600000,2.1001,2.1033,2.0936,2.0958,2366338.8,1765327499999,4963573.67863,12729,1011350.8,2121680.25970,0
1765327500000,2.0957,2.0972,2.0881,2.0887,4596067.8,1765328399999,9612619.90209,18528,1882479.5,3937078.73177,0
1765328400000,2.0886,2.0930,2.0886,2.0899,3131265.0,1765329299999,6545227.23770,13507,1454093.8,3039326.80058,0
1765329300000,2.0898,2.0949,2.0883,2.0925,3327700.9,1765330199999,6960899.01028,11931,1656641.5,3465502.76259,0
1765330200000,2.0926,2.0927,2.0856,2.0875,3238132.2,1765331099999,6760390.04826,13145,1579917.2,3298348.76857,0
1765331100000,2.0875,2.0906,2.0861,2.0881,2102585.5,1765331999999,4391573.91090,10185,945592.3,1975236.15167,0
1765332000000,2.0880,2.0880,2.0808,2.0847,3353154.9,1765332899999,6986340.39754,14120,1562369.7,3255250.54228,0
1765332900000,2.0847,2.0926,2.0837,2.0905,2993703.0,1765333799999,6254876.59555,11052,1715125.1,3583544.75344,0
1765333800000,2.0906,2.0906,2.0862,2.0879,1832267.5,1765334699999,3826999.48758,9562,856899.0,1789688.89565,0
1765334700000,2.0879,2.0880,2.0833,2.0868,2465736.5,1765335599999,5141736.11399,10209,1082852.5,2258014.33133,0
1765335600000,2.0868,2.0874,2.0821,2.0852,2521283.7,1765336499999,5256706.69258,12655,1424329.2,2969713.63453,0
1765336500000,2.0852,2.0853,2.0806,2.0824,2029340.9,1765337399999,4226676.05317,10354,971093.1,2022526.33862,0
1765337400000,2.0824,2.0839,2.0810,2.0833,2022878.0,1765338299999,4212732.56153,10680,1143124.3,2380630.55480,0
1765338300000,2.0833,2.0845,2.0821,2.0821,1375618.9,1765339199999,2865434.63295,8112,770836.5,1605663.81560,0
1765339200000,2.0821,2.0879,2.0783,2.0877,4824838.3,1765340099999,10042790.50005,16490,1947108.5,4054076.76329,0
1765340100000,2.0877,2.0920,2.0848,2.0859,3682960.8,1765340999999,7690832.45533,13611,1639852.3,3424620.93642,0
1765341000000,2.0860,2.0928,2.0844,2.0907,2933255.8,1765341899999,6129387.75449,14399,1558832.6,3257416.77423,0
1765341900000,2.0907,2.0957,2.0891,2.0891,2601615.4,1765342799999,5441884.27691,11104,1240445.7,2594688.33110,0
1765342800000,2.0891,2.0910,2.0865,2.0890,2581294.8,1765343699999,5391435.01385,10772,1267712.0,2647884.44405,0
1765343700000,2.0891,2.0926,2.0863,2.0863,2388726.7,1765344599999,4991775.64972,10074,1111346.4,2322452.34309,0
1765344600000,2.0863,2.0867,2.0823,2.0853,2757928.8,1765345499999,5747644.26164,9992,1136837.3,2369266.33139,0
1765345500000,2.0853,2.0885,2.0850,2.0872,1622294.1,1765346399999,3384984.25084,6980,831816.2,1735633.88719,0
1765346400000,2.0873,2.0885,2.0818,2.0868,2240011.5,1765347299999,4670956.29830,10134,1109395.3,2313646.49529,0
1765347300000,2.0868,2.0880,2.0847,2.0874,1385648.8,1765348199999,2891058.77576,6565,813640.3,1697557.19832,0
1765348200000,2.0875,2.0886,2.0839,2.0878,1920444.2,1765349099999,4006192.42714,8835,814133.4,1698444.50217,0
1765349100000,2.0878,2.0879,2.0822,2.0852,1593017.9,1765349999999,3322022.87333,7574,741347.0,1545940.50705,0
1765350000000,2.0852,2.0852,2.0790,2.0802,2928406.6,1765350899999,6095231.13466,12821,1180275.7,2456801.14058,0
1765350900000,2.0801,2.0806,2.0752,2.0779,4080965.7,1765351799999,8478919.47428,13930,1497441.7,3111363.50551,0
1765351800000,2.0779,2.0830,2.0768,2.0815,2068317.6,1765352699999,4301026.96457,11009,1228555.9,2554988.36811,0
1765352700000,2.0814,2.0841,2.0801,2.0834,1788577.9,1765353599999,3724350.09586,9118,1048344.1,2182836.89928,0
1765353600000,2.0833,2.0842,2.0805,2.0823,2291747.5,1765354499999,4772598.11068,11370,1039928.6,2165611.34528,0
1765354500000,2.0823,2.0830,2.0802,2.0807,1659946.8,1765355399999,3455199.77908,8488,724106.3,1507182.22789,0
1765355400000,2.0808,2.0826,2.0767,2.0770,3638168.4,1765356299999,7564931.14855,11834,1840285.8,3827156.60743,0
1765356300000,2.0770,2.0798,2.0763,2.0768,1692980.1,1765357199999,3517587.59968,7877,661827.7,1375041.79877,0
1765357200000,2.0768,2.0775,2.0715,2.0730,4875526.5,1765358099999,10110575.48846,17547,1678624.2,3481156.70094,0
1765358100000,2.0730,2.0741,2.0705,2.0739,3420070.7,1765358999999,7087711.61402,11503,1569009.8,3251914.32172,0
1765359000000,2.0739,2.0778,2.0739,2.0773,2470946.8,1765359899999,5131130.17113,9015,1419909.8,2948332.78188,0
1765359900000,2.0773,2.0886,2.0770,2.0876,6076924.1,1765360799999,12669119.17352,20029,3226510.3,6725594.89214,0
1765360800000,2.0876,2.0974,2.0841,2.0854,10906319.0,1765361699999,22809691.40457,30093,5509680.2,11523410.54643,0
1765361700000,2.0853,2.0854,2.0723,2.0724,5951300.9,1765362599999,12366214.84900,18067,2529080.1,5255430.26302,0
1765362600000,2.0724,2.0730,2.0656,2.0702,10748115.7,1765363499999,22247852.17712,25090,3943022.3,8162354.98873,0
1765363500000,2.0703,2.0732,2.0681,2.0686,4246207.2,1765364399999,8793305.75327,15068,1782727.1,3691901.50647,0
1765364400000,2.0686,2.0742,2.0675,2.0705,3113727.3,1765365299999,6449584.71564,14960,1496780.0,3100302.10322,0
1765365300000,2.0705,2.0727,2.0669,2.0680,2452541.5,1765366199999,5076089.39550,10591,1218012.2,2521174.34812,0
1765366200000,2.0680,2.0707,2.0625,2.0671,5158257.6,1765367099999,10655706.12622,17600,2634621.4,5443170.68637,0
1765367100000,2.0670,2.0716,2.0643,2.0707,3774389.7,1765367999999,7807135.04973,11919,2092822.3,4328985.54040,0
1765368000000,2.0707,2.0718,2.0647,2.0651,3447107.3,1765368899999,7127764.44640,11251,1350474.0,2792213.33656,0
1765368900000,2.0651,2.0653,2.0606,2.0618,4215145.3,1765369799999,8696480.97053,12171,1966252.7,4056551.98178,0
1765369800000,2.0618,2.0652,2.0580,2.0623,5355510.4,1765370699999,11038543.30201,15113,2559354.3,5276255.00951,0
1765370700000,2.0623,2.0650,2.0583,2.0633,3535004.0,1765371599999,7288560.86964,10787,1743290.9,3594778.09306,0
1765371600000,2.0634,2.0668,2.0590,2.0613,3956720.7,1765372499999,8161331.76479,12047,1708433.6,3523970.17703,0
1765372500000,2.0613,2.0668,2.0592,2.0640,3360576.9,1765373399999,6936662.02179,11011,1725984.2,3562339.14270,0
1765373400000,2.0641,2.0664,2.0608,2.0648,4096515.2,1765374299999,8456624.40925,12914,2006676.9,4142710.60860,0
1765374300000,2.0648,2.0685,2.0623,2.0636,2988491.1,1765375199999,6170656.49545,9158,1126637.6,2326005.25524,0
1765375200000,2.0635,2.0649,2.0608,2.0613,2755348.5,1765376099999,5683955.84078,10835,1321375.5,2726061.29052,0
1765376100000,2.0613,2.0634,2.0579,2.0602,2672043.3,1765376999999,5505547.76844,11282,999868.7,2060227.28962,0
1765377000000,2.0602,2.0677,2.0561,2.0605,7421910.9,1765377899999,15303177.00584,28834,3601389.3,7427315.55784,0
1765377900000,2.0606,2.0638,2.0573,2.0628,3919399.5,1765378799999,8075112.97701,19975,1875954.1,3865004.43962,0
1765378800000,2.0627,2.0721,2.0615,2.0708,5489039.9,1765379699999,11352472.62158,23866,2585007.1,5345444.93156,0
1765379700000,2.0707,2.0724,2.0650,2.0684,2995274.8,1765380599999,6197420.64073,17669,1392111.6,2880250.68985,0
1765380600000,2.0684,2.0699,2.0577,2.0653,4296512.4,1765381499999,8863390.94905,22774,1639436.0,3381422.04893,0
1765381500000,2.0652,2.0666,2.0543,2.0605,8946983.3,1765382399999,18431969.19877,23414,2840927.9,5853433.32416,0
1765382400000,2.0606,2.0656,2.0560,2.0633,5490481.0,1765383299999,11316069.76186,21239,3020503.0,6225423.10695,0
1765383300000,2.0632,2.0732,2.0618,2.0701,5812569.3,1765384199999,12021255.93783,19973,3379610.7,6988756.45954,0
1765384200000,2.0702,2.0705,2.0631,2.0686,4483848.2,1765385099999,9259462.32012,14952,1986659.4,4102965.22493,0
1765385100000,2.0686,2.0729,2.0655,2.0672,3784623.7,1765385999999,7830374.75619,15328,1870495.8,3869815.85422,0
1765386000000,2.0671,2.0675,2.0625,2.0655,2987614.7,1765386899999,6168331.56013,15102,1386336.6,2862125.75650,0
1765386900000,2.0654,2.0747,2.0638,2.0704,4973294.5,1765387799999,10302579.60865,17965,2790974.4,5781247.42698,0
1765387800000,2.0704,2.0708,2.0648,2.0669,3408846.9,1765388699999,7046574.53906,13436,1401975.7,2898228.32042,0
1765388700000,2.0669,2.0670,2.0587,2.0606,4699949.8,1765389599999,9691880.00637,15087,1630522.6,3361637.90746,0
1765389600000,2.0606,2.0659,2.0579,2.0640,2621732.2,1765390499999,5402957.77251,14632,1341901.3,2765640.61533,0
1765390500000,2.0640,2.0658,2.0574,2.0615,3688019.4,1765391399999,7598192.02447,15092,1868978.5,3850635.26811,0
1765391400000,2.0614,2.0853,2.0603,2.0693,15022402.5,1765392299999,31155616.63571,40552,8242988.3,17097759.89231,0
1765392300000,2.0693,2.0747,2.0601,2.0671,7399518.4,1765393199999,15305744.76100,23709,3670787.1,7593173.07193,0
1765393200000,2.0671,2.0870,2.0328,2.0726,46458994.8,1765394099999,95732101.58045,127771,20438810.9,42131728.26828,0
1765394100000,2.0726,2.0786,2.0555,2.0604,10354362.9,1765394999999,21397958.00040,42881,4738815.2,9793116.72550,0
1765395000000,2.0604,2.0802,2.0557,2.0615,17361639.9,1765395899999,35893348.15928,67744,8475774.3,17528682.24359,0
1765395900000,2.0614,2.0721,2.0594,2.0674,6621484.4,1765396799999,13676861.57861,33473,3338671.7,6896511.39890,0
1765396800000,2.0674,2.1042,2.0596,2.1028,15650129.6,1765397699999,32577944.97179,52451,8946826.4,18640907.68157,0
1765397700000,2.1027,2.1093,2.0720,2.0876,25166928.6,1765398599999,52619532.56833,80927,11007755.1,23009274.76903,0
1765398600000,2.0876,2.0954,2.0825,2.0881,7253695.6,1765399499999,15157228.02668,32774,3949268.0,8252490.78965,0
1765399500000,2.0880,2.0893,2.0562,2.0626,19429829.1,1765400399999,40155183.93612,59722,8660870.3,17896093.24884,0
1765400400000,2.0626,2.0679,2.0438,2.0554,14891430.7,1765401299999,30591690.99579,54216,6977715.9,14334193.48180,0
1765401300000,2.0554,2.0641,2.0531,2.0560,4981314.0,1765402199999,10256615.85554,24374,2373791.9,4888302.26169,0
1765402200000,2.0560,2.0571,2.0481,2.0521,4129871.1,1765403099999,8476153.53405,22755,1802016.9,3698484.56617,0
1765403100000,2.0521,2.0570,2.0431,2.0461,4295640.3,1765403999999,8804482.40220,19981,1803165.9,3697381.99693,0
1765404000000,2.0461,2.0546,2.0385,2.0425,7275539.1,1765404899999,14892862.69221,27915,2603923.3,5332245.49893,0
1765404900000,2.0424,2.0526,2.0329,2.0456,7928646.9,1765405799999,16195961.61968,29790,3896781.3,7965880.68938,0
1765405800000,2.0456,2.0556,2.0419,2.0535,3299034.2,1765406699999,6759760.96619,16965,1835628.2,3761108.87466,0
1765406700000,2.0535,2.0575,2.0500,2.0538,1620342.4,1765407599999,3327271.24793,11632,912611.1,1873927.38731,0
1765407600000,2.0537,2.0563,2.0467,2.0488,2635955.5,1765408499999,5406281.79867,16304,1138146.3,2334641.21172,0
1765408500000,2.0488,2.0499,2.0458,2.0459,1813500.5,1765409399999,3713275.18179,11423,716233.0,1466579.50090,0
1765409400000,2.0460,2.0482,2.0422,2.0472,1973694.6,1765410299999,4036956.57565,10875,872587.3,1784890.56799,0
1765410300000,2.0472,2.0478,2.0390,2.0406,2841777.3,1765411199999,5804049.21467,11420,1298772.1,2652711.76280,0
1765411200000,2.0406,2.0457,2.0390,2.0439,3552825.7,1765412099999,7260307.67363,16684,2192939.2,4481580.28076,0
1765412100000,2.0439,2.0456,2.0406,2.0420,2210583.7,1765412999999,4516418.75118,13571,913093.1,1865687.81475,0
1765413000000,2.0419,2.0420,2.0226,2.0314,13758127.9,1765413899999,27943980.13052,39226,5205441.6,10575169.49397,0
1765413900000,2.0314,2.0326,2.0199,2.0280,10147764.3,1765414799999,20553600.02846,32496,3974861.3,8054021.22168,0
1765414800000,2.0280,2.0289,2.0175,2.0185,6481602.1,1765415699999,13106991.09946,27235,2124259.2,4296032.08268,0
1765415700000,2.0185,2.0227,2.0084,2.0214,8567127.4,1765416599999,17262222.52935,33176,3369034.0,6790021.64269,0
1765416600000,2.0215,2.0270,2.0178,2.0196,3860823.9,1765417499999,7807243.17278,19642,1529148.9,3092775.19807,0
1765417500000,2.0196,2.0203,2.0112,2.0118,3366583.4,1765418399999,6784401.66139,15506,1398047.7,2817509.35943,0
1765418400000,2.0117,2.0130,2.0014,2.0046,9847992.7,1765419299999,19760919.19432,32489,3985368.6,7996142.59216,0
1765419300000,2.0045,2.0104,1.9989,2.0052,8213039.1,1765420199999,16460384.00807,29568,3218300.8,6453665.63207,0
1765420200000,2.0052,2.0112,2.0013,2.0084,5066534.4,1765421099999,10162510.71522,21320,2075909.3,4164030.73768,0
1765421100000,2.0085,2.0088,2.0012,2.0051,3682653.4,1765421999999,7382378.83713,15904,1283932.4,2573703.47298,0
1765422000000,2.0051,2.0051,1.9911,1.9950,11017986.3,1765422899999,21994572.19134,34125,4050184.3,8085056.03560,0
1765422900000,1.9951,2.0055,1.9923,1.9982,7436918.3,1765423799999,14863140.77574,24013,4002388.4,7997949.99886,0
1765423800000,1.9982,2.0015,1.9934,2.0001,4723513.5,1765424699999,9436338.98227,18429,2494636.4,4983639.18725,0
1765424700000,2.0001,2.0024,1.9978,1.9980,3032656.0,1765425599999,6065344.48617,12581,1366162.1,2732434.35279,0
1765425600000,1.9981,2.0044,1.9937,2.0024,5367375.6,1765426499999,10729475.00354,21667,2586566.6,5170450.27199,0
1765426500000,2.0024,2.0032,1.9973,2.0016,3984349.2,1765427399999,7971673.83898,15606,1733645.8,3468669.95247,0
1765427400000,2.0016,2.0086,2.0014,2.0072,4686494.4,1765428299999,9396389.99124,15809,2479764.4,4971574.93250,0
1765428300000,2.0071,2.0180,2.0063,2.0155,7700442.9,1765429199999,15504021.30913,20479,4138607.9,8332505.17465,0
1765429200000,2.0156,2.0156,2.0058,2.0067,4025911.7,1765430099999,8090248.54611,14633,1504384.5,3022786.58049,0
1765430100000,2.0066,2.0129,2.0060,2.0102,2658187.7,1765430999999,5343017.53843,10052,1580444.8,3176728.06710,0
1765431000000,2.0102,2.0111,2.0074,2.0093,1827462.9,1765431899999,3671839.43700,8562,956052.7,1920984.50049,0
1765431900000,2.0093,2.0146,2.0093,2.0132,2173250.2,1765432799999,4374569.45062,8706,987456.1,1987509.88501,0
1765432800000,2.0132,2.0141,2.0105,2.0126,1975735.2,1765433699999,3975895.16931,9236,1039118.2,2091129.86767,0
1765433700000,2.0126,2.0136,2.0041,2.0052,4169754.7,1765434599999,8377979.59550,12977,1815973.8,3649732.58866,0
1765434600000,2.0053,2.0136,2.0047,2.0090,3460004.3,1765435499999,6951608.35938,11932,1635178.2,3285846.28062,0
1765435500000,2.0089,2.0142,2.0083,2.0124,3484762.4,1765436399999,7008379.01092,10543,2041281.5,4105521.23142,0
1765436400000,2.0125,2.0139,2.0104,2.0113,1726157.4,1765437299999,3473005.47052,8945,824126.7,1658121.54180,0
1765437300000,2.0112,2.0134,2.0066,2.0081,2915260.6,1765438199999,5858480.70606,9134,926755.9,1862589.88082,0
1765438200000,2.0082,2.0123,2.0040,2.0040,2085929.0,1765439099999,4189799.32625,8960,736143.2,1478761.88308,0
1765439100000,2.0040,2.0064,2.0028,2.0056,1586272.3,1765439999999,3180203.63600,7930,805271.4,1614421.33555,0
1765440000000,2.0056,2.0064,2.0003,2.0020,3345949.4,1765440899999,6702673.56785,12343,1576713.6,3158507.10676,0
1765440900000,2.0019,2.0062,1.9994,2.0045,2675168.7,1765441799999,5357525.24362,11253,1190466.4,2384588.22685,0
1765441800000,2.0045,2.0059,1.9990,2.0033,3855880.2,1765442699999,7720538.26077,11870,1895417.1,3795018.01023,0
1765442700000,2.0033,2.0120,2.0031,2.0107,3630549.3,1765443599999,7291416.44512,11596,1730383.9,3475245.25198,0
1765443600000,2.0108,2.0127,2.0063,2.0071,3008302.5,1765444499999,6044892.23603,11846,1463479.2,2941046.33780,0
1765444500000,2.0071,2.0160,2.0070,2.0146,3812893.0,1765445399999,7673336.87963,13253,2327221.3,4683656.93898,0
1765445400000,2.0146,2.0173,2.0126,2.0126,3753346.7,1765446299999,7563559.13266,11192,1521112.2,3065459.21486,0
1765446300000,2.0127,2.0157,2.0089,2.0115,2203547.2,1765447199999,4434742.01805,8895,839565.3,1689623.66477,0
1765447200000,2.0116,2.0142,2.0112,2.0135,1749245.8,1765448099999,3520930.35625,9053,845372.2,1701463.24811,0
1765448100000,2.0135,2.0138,2.0090,2.0107,1802725.4,1765448999999,3625702.25062,8554,873538.6,1756773.17685,0
1765449000000,2.0108,2.0110,2.0073,2.0087,1182446.0,1765449899999,2375253.47297,6096,639523.0,1284556.15985,0
1765449900000,2.0087,2.0149,2.0086,2.0147,1824543.7,1765450799999,3671454.33848,8528,1169519.0,2353304.27785,0
1765450800000,2.0147,2.0161,2.0132,2.0146,1628231.1,1765451699999,3280382.33529,8633,760540.5,1532272.89612,0
1765451700000,2.0147,2.0173,2.0121,2.0156,1850491.8,1765452599999,3728665.45873,7798,904107.2,1821922.94965,0
1765452600000,2.0156,2.0170,2.0139,2.0146,1684712.3,1765453499999,3395276.53063,6305,668618.5,1347573.30282,0
1765453500000,2.0146,2.0146,2.0065,2.0071,4312511.7,1765454399999,8665341.00344,11049,2056142.8,4131640.85357,0
1765454400000,2.0070,2.0085,2.0028,2.0031,3405957.2,1765455299999,6829778.99025,14063,1424072.1,2855588.09460,0
1765455300000,2.0031,2.0083,2.0031,2.0074,2735027.9,1765456199999,5486805.35637,11605,1318264.3,2644762.28079,0
1765456200000,2.0075,2.0118,2.0054,2.0112,3467278.3,1765457099999,6964612.42713,11372,1828163.5,3672187.66449,0
1765457100000,2.0112,2.0120,2.0051,2.0062,2620644.9,1765457999999,5263679.17188,8792,908483.1,1824775.21649,0
1765458000000,2.0061,2.0090,2.0049,2.0060,3384647.6,1765458899999,6791519.46508,10150,1522176.6,3054483.31899,0
1765458900000,2.0060,2.0137,2.0039,2.0121,3452296.0,1765459799999,6936309.38936,12065,1871575.0,3760328.44289,0
1765459800000,2.0121,2.0135,2.0062,2.0103,2715068.2,1765460699999,5458787.34655,11552,1170458.4,2353179.11298,0
1765460700000,2.0103,2.0109,2.0065,2.0076,2288384.0,1765461599999,4596448.18571,8640,971942.6,1951977.46528,0
1765461600000,2.0077,2.0090,2.0053,2.0076,2363353.1,1765462499999,4743725.59919,8020,1093500.7,2194945.17047,0
1765462500000,2.0076,2.0090,1.9991,2.0008,6576793.5,1765463399999,13173625.93483,18653,2384711.0,4776700.75785,0
1765463400000,2.0008,2.0080,1.9929,2.0004,14767731.2,1765464299999,29545864.37848,43382,6898775.1,13802245.45520,0
1765464300000,2.0005,2.0025,1.9740,1.9895,53276987.4,1765465199999,105829559.30652,88494,24441799.0,48554641.49771,0
1765465200000,1.9896,2.0009,1.9857,1.9964,13170313.8,1765466099999,26273679.88758,44425,5289090.2,10555182.63139,0
1765466100000,1.9964,2.0096,1.9910,1.9992,14215284.9,1765466999999,28452558.30396,40066,7155440.6,14326132.19741,0
1765467000000,1.9992,2.0002,1.9889,1.9929,6593819.9,1765467899999,13152818.75988,28790,2861028.6,5706725.43307,0
1765467900000,1.9928,1.9977,1.9892,1.9953,4710349.0,1765468799999,9391694.05176,23053,2197456.7,4381372.70833,0
1765468800000,1.9954,1.9985,1.9834,1.9866,6944309.1,1765469699999,13813273.50639,26976,3399376.0,6762909.94345,0
1765469700000,1.9866,1.9910,1.9860,1.9888,3780699.0,1765470599999,7517024.70744,19417,1987851.5,3952287.43725,0
1765470600000,1.9887,2.0006,1.9852,1.9975,4460168.9,1765471499999,8888085.57361,19159,2570346.7,5122911.92874,0
1765471500000,1.9976,2.0034,1.9877,1.9901,4522665.2,1765472399999,9019905.46005,17733,2068278.7,4125003.56609,0
1765472400000,1.9901,1.9913,1.9826,1.9857,8462840.4,1765473299999,16809139.51353,19964,2892442.4,5745045.71819,0
1765473300000,1.9858,1.9954,1.9838,1.9920,4435617.7,1765474199999,8826140.55940,15510,2437711.2,4849945.33023,0
1765474200000,1.9920,1.9975,1.9896,1.9907,3317604.3,1765475099999,6610485.98535,14323,1591587.4,3171652.61077,0
1765475100000,1.9908,1.9949,1.9890,1.9939,5194576.3,1765475999999,10348169.04835,16063,2620612.9,5221210.29154,0
1765476000000,1.9938,2.0036,1.9905,2.0010,6126770.5,1765476899999,12248188.79070,21203,2971991.8,5941273.60875,0
1765476900000,2.0011,2.0052,1.9988,2.0006,5258927.9,1765477799999,10529003.50177,17851,2876798.4,5760044.88702,0
1765477800000,2.0006,2.0221,1.9986,2.0203,15832039.2,1765478699999,31863295.85335,30727,9747549.8,19630655.17381,0
1765478700000,2.0204,2.0211,2.0025,2.0066,11332585.9,1765479599999,22798959.42182,30933,4759985.3,9577927.59449,0
1765479600000,2.0066,2.0129,1.9989,2.0078,7185914.3,1765480499999,14414649.34265,22765,2998639.0,6017205.20524,0
1765480500000,2.0078,2.0176,2.0061,2.0149,7978234.6,1765481399999,16054565.50846,22292,4253146.2,8557759.60514,0
1765481400000,2.0150,2.0252,2.0140,2.0211,8935017.6,1765482299999,18056004.31078,23559,5215811.4,10540413.12592,0
1765482300000,2.0211,2.0247,2.0069,2.0101,6764059.6,1765483199999,13629949.78050,22709,2516718.3,5072772.61513,0
1765483200000,2.0101,2.0206,2.0045,2.0184,10209551.0,1765484099999,20549832.01419,32061,3670918.6,7393999.06082,0
1765484100000,2.0185,2.0199,2.0100,2.0130,5365952.1,1765484999999,10814763.79416,17813,2594858.1,5229956.01104,0
1765485000000,2.0130,2.0257,2.0123,2.0225,7652127.6,1765485899999,15463430.34955,22605,4315736.1,8721505.20133,0
1765485900000,2.0224,2.0286,2.0184,2.0232,9785837.6,1765486799999,19801001.67737,23478,5039953.7,10198667.73196,0
1765486800000,2.0232,2.0396,2.0225,2.0343,12886767.0,1765487699999,26188223.98289,34032,6072974.7,12342542.87824,0
1765487700000,2.0343,2.0504,2.0343,2.0464,12209796.9,1765488599999,24945677.79769,35696,6362688.0,12998463.74640,0
1765488600000,2.0463,2.0559,2.0462,2.0512,10222093.3,1765489499999,20955984.98385,31528,5434518.8,11141868.61724,0
1765489500000,2.0513,2.0530,2.0401,2.0405,7345003.2,1765490399999,15022204.82189,22468,2665530.9,5451046.14860,0
1765490400000,2.0405,2.0472,2.0391,2.0421,4576185.8,1765491299999,9348356.63889,20661,2107106.1,4304752.38614,0
1765491300000,2.0421,2.0434,2.0280,2.0320,7778458.2,1765492199999,15821244.87431,20054,3076351.1,6257138.29181,0
1765492200000,2.0321,2.0390,2.0299,2.0330,3795052.8,1765493099999,7723597.67313,14313,2081490.0,4236136.88789,0
1765493100000,2.0330,2.0350,2.0271,2.0327,2004598.2,1765493999999,4071332.77144,10559,843792.9,1713791.33562,0
1765494000000,2.0327,2.0369,2.0300,2.0322,3789423.7,1765494899999,7706848.10616,16368,1883482.8,3830947.80160,0
1765494900000,2.0321,2.0366,2.0302,2.0330,2049917.8,1765495799999,4167861.14365,10787,930962.1,1892903.24237,0
1765495800000,2.0329,2.0392,2.0320,2.0389,1969576.1,1765496699999,4012416.86770,9691,1052736.3,2144476.91464,0
1765496700000,2.0389,2.0395,2.0311,2.0330,2013953.0,1765497599999,4099159.82322,10827,821231.5,1671436.41729,0
1765497600000,2.0330,2.0333,2.0267,2.0273,6964445.3,1765498499999,14134245.10991,14741,4221348.1,8567503.91587,0
1765498500000,2.0273,2.0385,2.0272,2.0315,3484353.6,1765499399999,7081261.13973,13333,1990550.9,4044068.45763,0
1765499400000,2.0316,2.0350,2.0308,2.0312,1511623.8,1765500299999,3072526.51564,8680,723067.0,1469672.64559,0
1765500300000,2.0312,2.0325,2.0143,2.0162,6696060.9,1765501199999,13548015.78535,21138,2728261.5,5519968.22129,0
1765501200000,2.0161,2.0269,2.0161,2.0214,4381004.2,1765502099999,8858794.07671,19202,2294776.3,4639362.15015,0
1765502100000,2.0214,2.0309,2.0210,2.0271,3751641.6,1765502999999,7602714.67279,14236,2034996.2,4123660.51729,0
1765503000000,2.0272,2.0315,2.0252,2.0295,2650510.9,1765503899999,5376780.20031,12329,1634474.9,3315842.81906,0
1765503900000,2.0295,2.0309,2.0247,2.0272,1373763.8,1765504799999,2785700.14523,7774,605568.4,1228002.56867,0
1765504800000,2.0273,2.0391,2.0245,2.0358,3748650.4,1765505699999,7618377.51592,15076,1996032.1,4057414.09160,0
1765505700000,2.0358,2.0397,2.0339,2.0371,2138301.5,1765506599999,4355786.54817,12410,1110741.8,2262483.24534,0
1765506600000,2.0371,2.0397,2.0358,2.0370,2369506.1,1765507499999,4829256.07286,9808,1196705.7,2438978.40941,0
1765507500000,2.0370,2.0423,2.0354,2.0397,2890977.7,1765508399999,5896903.80922,11790,1507843.6,3075684.40317,0
1765508400000,2.0396,2.0420,2.0346,2.0347,2238460.6,1765509299999,4563156.44387,10589,1097918.6,2238469.16266,0
1765509300000,2.0347,2.0349,2.0289,2.0298,2419731.1,1765510199999,4914755.77477,9943,909670.3,1847553.89457,0
1765510200000,2.0298,2.0340,2.0286,2.0332,2226680.4,1765511099999,4523893.72336,8680,1371297.1,2786159.17772,0
1765511100000,2.0333,2.0356,2.0303,2.0306,1791760.0,1765511999999,3643257.71489,7509,881953.3,1793507.17904,0
1765512000000,2.0306,2.0321,2.0290,2.0297,1988122.3,1765512899999,4036236.03704,8446,949952.4,1928731.76681,0
1765512900000,2.0297,2.0297,2.0260,2.0264,2265955.0,1765513799999,4595948.49558,8113,919927.7,1865846.37805,0
1765513800000,2.0263,2.0279,2.0250,2.0278,1675358.1,1765514699999,3395001.38005,7574,877745.3,1778738.49991,0
1765514700000,2.0279,2.0302,2.0263,2.0284,1880461.1,1765515599999,3814147.14218,7880,1173874.0,2381006.97789,0
1765515600000,2.0284,2.0347,2.0250,2.0252,3437175.5,1765516499999,6979698.06832,10951,1817730.3,3692270.67055,0
1765516500000,2.0253,2.0282,2.0224,2.0246,2261322.9,1765517399999,4579445.12410,7877,1197539.1,2425550.91215,0
1765517400000,2.0246,2.0304,2.0235,2.0304,1652015.9,1765518299999,3348767.13490,7488,1159814.5,2351067.16462,0
1765518300000,2.0305,2.0365,2.0304,2.0357,2825101.1,1765519199999,5745491.44584,10622,1678843.1,3414185.36386,0
1765519200000,2.0358,2.0408,2.0345,2.0406,4472982.0,1765520099999,9117150.13126,15285,2549718.7,5197288.53260,0
1765520100000,2.0406,2.0412,2.0365,2.0371,2345214.9,1765520999999,4781389.57498,9720,1202189.8,2451141.25136,0
1765521000000,2.0371,2.0386,2.0348,2.0374,2391211.2,1765521899999,4870261.19287,7855,1295109.7,2638126.72061,0
1765521900000,2.0375,2.0405,2.0356,2.0400,2370858.1,1765522799999,4832992.10832,8216,1337111.1,2725747.47027,0
1765522800000,2.0400,2.0425,2.0375,2.0377,2247001.3,1765523699999,4583286.51948,9361,1040038.8,2121575.32437,0
1765523700000,2.0376,2.0398,2.0368,2.0369,1873833.1,1765524599999,3819670.20900,7306,813958.4,1659145.56755,0
1765524600000,2.0369,2.0388,2.0312,2.0347,3485988.1,1765525499999,7091392.57998,10603,1853630.7,3771111.73915,0
1765525500000,2.0347,2.0379,2.0334,2.0363,1470925.6,1765526399999,2995239.57616,6495,764695.1,1557139.34074,0
1765526400000,2.0363,2.0370,2.0343,2.0344,1966947.6,1765527299999,4003989.81672,7786,776133.8,1579930.69501,0
1765527300000,2.0344,2.0350,2.0290,2.0298,2668652.7,1765528199999,5420803.15492,8654,979414.1,1989678.35960,0
1765528200000,2.0298,2.0300,2.0270,2.0285,2192856.5,1765529099999,4447540.91202,7228,900706.5,1826902.20758,0
1765529100000,2.0285,2.0288,2.0254,2.0279,2531276.4,1765529999999,5130938.27935,7643,1170088.9,2371921.06542,0
1765530000000,2.0279,2.0297,2.0259,2.0293,2101004.2,1765530899999,4260184.64194,7399,1029325.4,2087186.28221,0
1765530900000,2.0294,2.0315,2.0245,2.0249,2232505.0,1765531799999,4528466.86432,7379,782686.3,1587983.76380,0
1765531800000,2.0248,2.0272,2.0242,2.0261,1556001.3,1765532699999,3151754.93309,6485,675288.2,1367917.76076,0
1765532700000,2.0261,2.0360,2.0257,2.0348,3380994.9,1765533599999,6868555.95835,9763,1891369.1,3841608.31701,0
1765533600000,2.0348,2.0380,2.0342,2.0370,2760832.7,1765534499999,5622432.25615,9412,1581920.2,3221492.51201,0
1765534500000,2.0369,2.0370,2.0330,2.0341,2246106.8,1765535399999,4570562.52031,6888,840855.2,1710807.22350,0
1765535400000,2.0341,2.0372,2.0340,2.0358,2163491.3,1765536299999,4404291.28275,6530,1466406.1,2985194.81544,0
1765536300000,2.0359,2.0385,2.0345,2.0370,1293020.1,1765537199999,2633622.91488,6553,651327.7,1326757.55041,0
1765537200000,2.0370,2.0384,2.0348,2.0383,1864116.0,1765538099999,3796994.12083,7389,774373.6,1577518.77815,0
1765538100000,2.0384,2.0399,2.0345,2.0388,2962125.7,1765538999999,6033537.97163,8161,1222962.0,2491472.37565,0
1765539000000,2.0388,2.0438,2.0386,2.0430,2267096.8,1765539899999,4627305.82278,8236,1296571.8,2646375.44172,0
1765539900000,2.0429,2.0450,2.0396,2.0412,2346186.1,1765540799999,4791149.46195,8975,1160064.3,2369201.52769,0
1765540800000,2.0411,2.0414,2.0374,2.0379,2436778.9,1765541699999,4968921.46808,9618,759754.2,1549212.41692,0
1765541700000,2.0378,2.0413,2.0372,2.0388,1468024.9,1765542599999,2993966.14251,7248,674529.4,1375666.71878,0
1765542600000,2.0388,2.0433,2.0363,2.0394,3295518.9,1765543499999,6721176.39292,10246,1319748.1,2691903.62071,0
1765543500000,2.0395,2.0448,2.0359,2.0438,4368669.3,1765544399999,8910799.70025,12699,2502255.3,5104463.13715,0
1765544400000,2.0437,2.0444,2.0412,2.0425,2050721.4,1765545299999,4188808.23640,8273,1062934.2,2171050.78507,0
1765545300000,2.0425,2.0471,2.0384,2.0387,3680425.5,1765546199999,7516263.83618,12729,1714729.3,3502539.15079,0
1765546200000,2.0386,2.0418,2.0385,2.0395,2150258.8,1765547099999,4386096.84084,8759,1156606.7,2359182.88267,0
1765547100000,2.0395,2.0409,2.0380,2.0403,1334899.3,1765547999999,2722357.69418,6434,704301.5,1436480.60074,0
1765548000000,2.0403,2.0415,2.0346,2.0354,2805139.2,1765548899999,5715837.99394,9565,1204324.6,2454024.90875,0
1765548900000,2.0353,2.0394,2.0318,2.0326,2443605.8,1765549799999,4972840.36836,9132,1087768.7,2214299.59059,0
1765549800000,2.0326,2.0427,2.0295,2.0389,9161654.6,1765550699999,18661819.30420,27621,4365426.9,8893144.77650,0
1765550700000,2.0389,2.0407,2.0304,2.0369,5138081.7,1765551599999,10457492.72920,20324,2182449.5,4442341.76388,0
1765551600000,2.0369,2.0370,2.0230,2.0265,9295528.9,1765552499999,18847156.33153,28026,3938521.4,7984575.03683,0
1765552500000,2.0264,2.0265,2.0040,2.0053,20182215.8,1765553399999,40672390.45881,44015,8124116.5,16374033.27849,0
1765553400000,2.0053,2.0085,1.9920,2.0005,29497817.5,1765554299999,58992919.11008,72504,12839050.4,25676194.92543,0
1765554300000,2.0005,2.0033,1.9662,1.9768,38198118.2,1765555199999,75764391.00182,75284,15387844.1,30513259.81748,0
1765555200000,1.9768,2.0022,1.9716,1.9887,49507945.7,1765556099999,98397085.40866,103360,29699532.3,59026727.90055,0
1765556100000,1.9888,1.9950,1.9738,1.9917,20295338.1,1765556999999,40264297.68559,66194,8479131.6,16826169.86742,0
1765557000000,1.9916,1.9916,1.9728,1.9799,9620149.8,1765557899999,19059732.52615,41646,4054867.0,8033380.08621,0
1765557900000,1.9799,1.9904,1.9788,1.9866,6495086.1,1765558799999,12885641.10170,31413,3553494.8,7049462.43628,0
1765558800000,1.9866,1.9968,1.9846,1.9945,8236283.7,1765559699999,16400465.43343,33014,3993856.5,7953399.82347,0
1765559700000,1.9945,2.0017,1.9850,1.9851,7817116.1,1765560599999,15593940.54342,29790,3113637.5,6210676.12926,0
1765560600000,1.9851,1.9960,1.9841,1.9947,5335466.5,1765561499999,10623697.34491,24560,2311821.7,4603717.60764,0
1765561500000,1.9947,1.9999,1.9933,1.9944,3273512.1,1765562399999,6535708.98993,15416,1151030.1,2298044.62440,0
1765562400000,1.9945,2.0077,1.9878,2.0040,11475835.8,1765563299999,22908824.39664,31335,4741017.2,9475485.96561,0
1765563300000,2.0039,2.0075,1.9973,2.0067,4927491.3,1765564199999,9868682.87764,20329,2604041.0,5216777.94518,0
1765564200000,2.0067,2.0215,2.0061,2.0160,7443827.2,1765565099999,14995465.06097,23645,3898354.6,7852421.88648,0
1765565100000,2.0160,2.0242,2.0083,2.0109,7284774.7,1765565999999,14686914.11494,25620,3351887.2,6759831.12178,0
1765566000000,2.0110,2.0131,2.0053,2.0077,5902011.9,1765566899999,11857673.96580,21550,2561092.3,5145763.24472,0
1765566900000,2.0077,2.0124,2.0011,2.0036,4901952.6,1765567799999,9837762.60334,20652,2075301.1,4165090.20339,0
1765567800000,2.0037,2.0068,1.9973,1.9985,3429013.2,1765568699999,6864340.03335,16496,1467033.7,2937497.82724,0
1765568700000,1.9986,2.0055,1.9947,2.0019,4747157.6,1765569599999,9495756.13788,16976,2473763.1,4948333.57654,0
1765569600000,2.0020,2.0034,1.9968,1.9990,2706183.8,1765570499999,5412809.12579,15716,1398179.6,2796508.78673,0
1765570500000,1.9991,2.0042,1.9962,1.9982,2530251.2,1765571399999,5059781.87075,14234,1467484.5,2934296.30764,0
1765571400000,1.9982,2.0016,1.9969,2.0008,2989581.8,1765572299999,5976502.95757,14316,2012546.0,4023299.36167,0
1765572300000,2.0008,2.0053,1.9983,1.9992,4457962.7,1765573199999,8923576.69830,16816,2463750.0,4931279.58648,0
1765573200000,1.9991,2.0024,1.9958,2.0001,3387804.8,1765574099999,6772053.48303,13791,1862947.8,3723955.91539,0
1765574100000,2.0002,2.0003,1.9956,1.9976,1406478.7,1765574999999,2809563.65097,8473,642990.9,1284228.75939,0
1765575000000,1.9975,2.0013,1.9974,2.0007,1831959.0,1765575899999,3663216.47685,8515,732197.5,1464080.32749,0
1765575900000,2.0007,2.0036,2.0007,2.0033,1738589.8,1765576799999,3481156.44438,7899,849711.8,1701388.00119,0
1765576800000,2.0032,2.0116,2.0023,2.0093,2597686.6,1765577699999,5213172.43499,11194,1138110.5,2284247.53409,0
1765577700000,2.0094,2.0102,2.0039,2.0063,1808918.1,1765578599999,3629950.68561,10106,870472.3,1746832.01754,0
1765578600000,2.0062,2.0107,2.0047,2.0092,1121711.5,1765579499999,2252924.54620,6472,648874.7,1303218.66125,0
1765579500000,2.0093,2.0105,2.0071,2.0095,824604.9,1765580399999,1656014.71541,5698,447160.8,898023.83016,0
1765580400000,2.0095,2.0181,2.0095,2.0128,6068900.4,1765581299999,12226620.31736,20033,3997023.6,8052674.24089,0
1765581300000,2.0128,2.0129,2.0076,2.0076,1367570.8,1765582199999,2748688.49703,6690,439719.1,883989.60206,0
1765582200000,2.0076,2.0097,2.0067,2.0093,1553171.9,1765583099999,3119270.30851,7254,811999.8,1630796.13186,0
1765583100000,2.0093,2.0098,2.0060,2.0063,1155465.2,1765583999999,2320147.71799,6494,591858.4,1188516.21963,0
1765584000000,2.0064,2.0121,2.0059,2.0089,3057046.1,1765584899999,6142131.03853,11424,1742773.5,3501552.40376,0
1765584900000,2.0090,2.0099,2.0055,2.0071,1980336.8,1765585799999,3974998.87387,8024,962911.6,1932660.67502,0
1765585800000,2.0072,2.0115,2.0070,2.0103,1439994.5,1765586699999,2893497.95404,8613,901708.5,1811848.61364,0
1765586700000,2.0103,2.0124,2.0079,2.0110,1251135.4,1765587599999,2515474.46040,6611,657478.5,1321886.09401,0
1765587600000,2.0111,2.0157,2.0111,2.0133,2814580.4,1765588499999,5668458.89544,11071,1769760.9,3564132.53110,0
1765588500000,2.0134,2.0134,2.0103,2.0128,996486.2,1765589399999,2004900.51106,6847,379504.1,763550.04691,0
1765589400000,2.0128,2.0135,2.0087,2.0091,1385172.6,1765590299999,2785048.78938,8065,714219.9,1435994.75464,0
1765590300000,2.0091,2.0108,2.0084,2.0096,1192783.8,1765591199999,2397306.31940,7190,628307.9,1262805.08953,0
1765591200000,2.0097,2.0179,2.0096,2.0170,2220330.2,1765592099999,4473482.95019,8949,1564686.8,3153111.92433,0
1765592100000,2.0169,2.0199,2.0162,2.0187,2024739.2,1765592999999,4086064.42738,8822,1231649.6,2485832.89181,0
1765593000000,2.0188,2.0192,2.0146,2.0155,1686833.8,1765593899999,3401269.71352,7201,906479.3,1827985.25202,0
1765593900000,2.0156,2.0169,2.0128,2.0133,1132149.5,1765594799999,2281470.00036,6012,338765.2,682512.27122,0
1765594800000,2.0133,2.0179,2.0132,2.0176,2130233.1,1765595699999,4294647.13138,8206,1561356.6,3147799.35724,0
1765595700000,2.0177,2.0238,2.0175,2.0200,2609871.1,1765596599999,5273016.75820,10531,1413452.2,2855073.06569,0
1765596600000,2.0201,2.0209,2.0173,2.0204,1552514.2,1765597499999,3134566.02822,7496,562487.5,1135906.63933,0
1765597500000,2.0205,2.0237,2.0204,2.0214,1197975.5,1765598399999,2422077.54978,5776,506323.6,1023574.60803,0
1765598400000,2.0214,2.0253,2.0214,2.0234,1632679.7,1765599299999,3303580.21124,8700,997951.4,2019508.81689,0
1765599300000,2.0234,2.0287,2.0219,2.0259,2849919.9,1765600199999,5774029.49091,9745,1351292.0,2737627.30591,0
1765600200000,2.0260,2.0300,2.0241,2.0286,3683839.6,1765601099999,7468089.69556,10476,2091729.4,4240965.25248,0
1765601100000,2.0287,2.0340,2.0278,2.0329,3416347.8,1765601999999,6939462.69965,11143,2092198.1,4249708.13809,0
1765602000000,2.0330,2.0476,2.0323,2.0389,13112437.3,1765602899999,26761073.27865,31657,7426310.8,15151653.31575,0
1765602900000,2.0388,2.0391,2.0311,2.0321,7993650.1,1765603799999,16263453.69323,19307,2718444.8,5530566.77508,0
1765603800000,2.0321,2.0335,2.0283,2.0298,2972397.9,1765604699999,6034852.35445,10749,1648414.2,3346799.89574,0
1765604700000,2.0297,2.0313,2.0273,2.0306,2544694.5,1765605599999,5164890.15854,8127,1330317.2,2700052.75269,0
1765605600000,2.0306,2.0350,2.0301,2.0318,2205380.4,1765606499999,4483540.53987,9707,1031937.6,2097780.55032,0
1765606500000,2.0319,2.0319,2.0281,2.0281,1508115.3,1765607399999,3060964.37343,7168,586278.5,1189989.87504,0
1765607400000,2.0281,2.0310,2.0264,2.0276,2547638.8,1765608299999,5168052.01959,8605,1385250.2,2810173.77113,0
1765608300000,2.0275,2.0306,2.0260,2.0277,1575369.3,1765609199999,3194762.96065,6564,765556.6,1552658.33933,0
1765609200000,2.0277,2.0296,2.0251,2.0251,1602240.8,1765610099999,3248043.67152,7322,729935.9,1479792.68578,0
1765610100000,2.0252,2.0303,2.0251,2.0300,1969829.1,1765610999999,3994651.74411,7849,1084766.9,2199742.44898,0
1765611000000,2.0301,2.0312,2.0266,2.0282,1240666.5,1765611899999,2517214.61050,6540,618286.7,1254517.75767,0
1765611900000,2.0281,2.0282,2.0257,2.0277,1304224.3,1765612799999,2643460.40262,5911,567632.6,1150446.66693,0
1765612800000,2.0277,2.0386,2.0277,2.0381,3772989.6,1765613699999,7673819.00263,12945,1748987.6,3557697.61240,0
1765613700000,2.0382,2.0423,2.0354,2.0382,5529876.2,1765614599999,11277589.26721,17869,2732627.8,5573260.82082,0
1765614600000,2.0382,2.0385,2.0355,2.0382,2378194.7,1765615499999,4843964.96999,9646,1219720.4,2484257.91785,0
1765615500000,2.0381,2.0410,2.0341,2.0354,1753574.1,1765616399999,3572718.88335,8399,827013.1,1685246.76197,0
1765616400000,2.0354,2.0375,2.0341,2.0358,1823029.0,1765617299999,3710917.42575,8144,1007205.4,2050245.66718,0
1765617300000,2.0358,2.0371,2.0347,2.0348,1061846.4,1765618199999,2161718.51950,5871,467780.7,952331.95755,0
1765618200000,2.0347,2.0381,2.0334,2.0363,1968091.5,1765619099999,4007867.59858,7422,756347.9,1540075.89852,0
1765619100000,2.0362,2.0374,2.0283,2.0303,4586123.9,1765619999999,9320202.91575,11715,1886305.6,3832721.73802,0
1765620000000,2.0302,2.0345,2.0298,2.0343,1490744.5,1765620899999,3030038.46910,7062,834136.6,1695140.56762,0
1765620900000,2.0343,2.0376,2.0342,2.0368,1518345.5,1765621799999,3091872.02393,6752,712596.4,1451065.16207,0
1765621800000,2.0368,2.0387,2.0358,2.0373,1823583.5,1765622699999,3715365.52449,7373,869618.4,1771772.51127,0
1765622700000,2.0372,2.0399,2.0345,2.0359,1496476.4,1765623599999,3048686.68057,7018,635466.1,1294551.67133,0
1765623600000,2.0359,2.0386,2.0354,2.0367,1532305.0,1765624499999,3120843.54792,7460,818958.3,1667926.27043,0
1765624500000,2.0368,2.0374,2.0327,2.0337,1284982.2,1765625399999,2614662.72271,6682,503001.2,1023483.00046,0
1765625400000,2.0336,2.0351,2.0318,2.0334,1034240.4,1765626299999,2103342.39615,5861,419614.7,853362.94520,0
1765626300000,2.0334,2.0353,2.0314,2.0325,1351430.3,1765627199999,2747763.82092,6255,580408.1,1180186.14350,0
1765627200000,2.0325,2.0392,2.0308,2.0380,3987669.6,1765628099999,8116163.09804,15106,2658189.3,5410120.68205,0
1765628100000,2.0380,2.0399,2.0348,2.0384,2953371.1,1765628999999,6017780.16034,11813,1625898.8,3312996.34471,0
1765629000000,2.0383,2.0429,2.0319,2.0325,4004504.6,1765629899999,8163847.47435,13239,2172721.4,4430309.38595,0
1765629900000,2.0325,2.0336,2.0290,2.0310,3689591.9,1765630799999,7493794.54845,10988,1757159.7,3569109.96446,0
1765630800000,2.0310,2.0347,2.0309,2.0322,2195974.0,1765631699999,4463614.43929,8881,780398.2,1586096.97302,0
1765631700000,2.0321,2.0365,2.0316,2.0317,1661692.6,1765632599999,3379614.14954,7576,718090.7,1460538.96305,0
1765632600000,2.0317,2.0355,2.0294,2.0339,2436747.3,1765633499999,4953600.76102,7996,1026835.8,2087318.85795,0
1765633500000,2.0338,2.0351,2.0318,2.0324,1375553.8,1765634399999,2797028.10834,5768,563182.8,1145177.06028,0
1765634400000,2.0324,2.0347,2.0313,2.0347,1058892.2,1765635299999,2152658.88679,5716,542933.4,1103761.82494,0
1765635300000,2.0346,2.0355,2.0270,2.0271,3151660.2,1765636199999,6399314.06367,10339,1154348.5,2344285.20654,0
1765636200000,2.0272,2.0360,2.0270,2.0329,3041143.8,1765637099999,6177008.16232,10206,1772102.3,3599417.93550,0
1765637100000,2.0330,2.0387,2.0329,2.0355,2692181.3,1765637999999,5483058.61431,9336,1515064.4,3085649.57734,0
1765638000000,2.0355,2.0400,2.0346,2.0349,2169068.0,1765638899999,4418544.27795,10663,1185702.2,2415410.99854,0
1765638900000,2.0349,2.0350,2.0304,2.0321,2635189.7,1765639799999,5356055.25975,8736,1327039.2,2697048.65190,0
1765639800000,2.0320,2.0339,2.0304,2.0310,1717631.8,1765640699999,3490311.63690,8100,757949.4,1540245.85141,0
1765640700000,2.0310,2.0315,2.0280,2.0291,1972075.2,1765641599999,4001420.50250,9933,785885.7,1594589.18814,0
1765641600000,2.0290,2.0327,2.0279,2.0310,2456534.5,1765642499999,4987397.05215,9182,1013852.5,2058372.14351,0
1765642500000,2.0311,2.0312,2.0249,2.0267,2788664.9,1765643399999,5653953.77275,8140,1068295.7,2166288.55693,0
1765643400000,2.0267,2.0270,2.0236,2.0239,3187456.0,1765644299999,6454121.24226,10004,1674232.6,3390236.92493,0
1765644300000,2.0238,2.0257,2.0223,2.0252,2239012.8,1765645199999,4532763.87371,7563,1319301.7,2671231.28375,0
1765645200000,2.0252,2.0255,2.0168,2.0183,4482368.9,1765646099999,9053313.65256,13453,1893626.2,3824628.46552,0
1765646100000,2.0183,2.0204,2.0173,2.0187,1846461.8,1765646999999,3727464.98259,7854,1087524.1,2195460.11550,0
1765647000000,2.0187,2.0226,2.0179,2.0225,2009413.6,1765647899999,4059362.03210,7271,1304428.4,2635295.47360,0
1765647900000,2.0225,2.0228,2.0181,2.0186,1766016.8,1765648799999,3568030.72534,6100,869075.1,1756008.29596,0
1765648800000,2.0185,2.0218,2.0160,2.0211,2470336.9,1765649699999,4986154.63187,9343,1443097.8,2913209.01119,0
1765649700000,2.0212,2.0230,2.0191,2.0214,2083040.0,1765650599999,4209588.18428,6509,953781.4,1927626.85568,0
1765650600000,2.0214,2.0214,2.0190,2.0194,805464.3,1765651499999,1627024.96367,3947,372043.8,751519.80456,0
1765651500000,2.0193,2.0202,2.0146,2.0162,1986918.8,1765652399999,4007429.21178,6222,706220.1,1424539.60083,0
1765652400000,2.0161,2.0180,2.0140,2.0166,2096978.8,1765653299999,4227590.94819,7852,982940.7,1982004.50691,0
1765653300000,2.0165,2.0181,2.0157,2.0159,1496218.4,1765654199999,3017780.39497,5034,670561.4,1352490.23555,0
1765654200000,2.0158,2.0198,2.0154,2.0196,1357093.5,1765655099999,2738083.98622,5107,813525.1,1641341.24938,0
1765655100000,2.0195,2.0199,2.0175,2.0187,950554.1,1765655999999,1919029.42758,4099,533542.3,1077124.93216,0
1765656000000,2.0186,2.0205,2.0186,2.0193,1231843.5,1765656899999,2487625.19776,6173,636269.1,1284916.22149,0
1765656900000,2.0193,2.0206,2.0184,2.0198,1013691.6,1765657799999,2047218.90112,4669,508865.6,1027652.69897,0
1765657800000,2.0198,2.0215,2.0174,2.0175,1578507.4,1765658699999,3187104.14054,5597,767093.4,1549175.79568,0
1765658700000,2.0174,2.0185,2.0142,2.0160,1340533.7,1765659599999,2702637.12615,5014,456629.9,920586.46537,0
1765659600000,2.0160,2.0160,2.0119,2.0134,2240620.2,1765660499999,4512423.79472,8378,965246.5,1944098.08449,0
1765660500000,2.0133,2.0161,2.0128,2.0141,1199686.4,1765661399999,2416465.96812,4815,601340.9,1211299.84917,0
1765661400000,2.0140,2.0178,2.0071,2.0159,4623150.8,1765662299999,9298730.04868,13646,2356946.4,4741828.47255,0
1765662300000,2.0159,2.0222,2.0154,2.0212,1511313.1,1765663199999,3050818.46427,6190,979647.5,1977663.93808,0
1765663200000,2.0213,2.0225,2.0154,2.0182,1904493.1,1765664099999,3846905.66708,7001,817439.3,1651286.35774,0
1765664100000,2.0181,2.0221,2.0171,2.0181,1197201.6,1765664999999,2417789.68376,5115,748403.1,1511499.28191,0
1765665000000,2.0182,2.0214,2.0172,2.0208,1056166.1,1765665899999,2133212.69577,4272,498402.6,1006612.52972,0
1765665900000,2.0209,2.0244,2.0199,2.0213,2456411.0,1765666799999,4966669.45616,7125,1425560.5,2882763.59925,0
1765666800000,2.0213,2.0214,2.0176,2.0197,2392566.1,1765667699999,4831612.67263,8667,1084548.0,2189972.75417,0
1765667700000,2.0196,2.0215,2.0183,2.0198,1122279.1,1765668599999,2266985.22467,5388,530602.2,1071827.61750,0
1765668600000,2.0199,2.0210,2.0189,2.0210,1086269.3,1765669499999,2194177.88513,4913,648872.4,1310680.50547,0
1765669500000,2.0210,2.0228,2.0209,2.0215,1390951.3,1765670399999,2812755.66065,4983,608170.3,1229827.50714,0
1765670400000,2.0214,2.0215,2.0160,2.0193,2583921.1,1765671299999,5216300.06922,9027,1014498.7,2047871.65870,0
1765671300000,2.0193,2.0213,2.0184,2.0208,1819668.0,1765672199999,3675587.60861,6759,971591.5,1962586.25292,0
1765672200000,2.0209,2.0259,2.0207,2.0250,2345793.1,1765673099999,4747397.43831,8890,1257378.1,2544522.67661,0
1765673100000,2.0251,2.0271,2.0232,2.0252,1558031.9,1765673999999,3154956.63401,6826,934186.5,1891733.83300,0
1765674000000,2.0253,2.0284,2.0235,2.0273,1778784.2,1765674899999,3605111.18293,7407,1000095.1,2026880.04437,0
1765674900000,2.0272,2.0287,2.0266,2.0285,957480.5,1765675799999,1941432.45641,4674,595756.9,1207990.66725,0
1765675800000,2.0285,2.0293,2.0220,2.0228,1608992.4,1765676699999,3257558.72154,6721,758006.5,1534781.62805,0
1765676700000,2.0229,2.0249,2.0222,2.0245,795624.1,1765677599999,1610037.32850,3608,535023.8,1082654.48403,0
1765677600000,2.0246,2.0283,2.0237,2.0253,1183485.7,1765678499999,2397434.27644,5587,632026.4,1280431.08882,0
1765678500000,2.0253,2.0264,2.0240,2.0249,654436.5,1765679399999,1325459.40568,4110,364319.9,737872.13705,0
1765679400000,2.0249,2.0264,2.0225,2.0246,1094757.1,1765680299999,2215850.63433,5574,574319.8,1162406.66575,0
1765680300000,2.0245,2.0269,2.0238,2.0269,963952.0,1765681199999,1951758.96473,3784,666165.3,1348854.79853,0
1765681200000,2.0269,2.0287,2.0257,2.0259,1471294.3,1765682099999,2982341.42558,6386,639325.1,1296047.68587,0
1765682100000,2.0260,2.0262,2.0246,2.0253,853919.8,1765682999999,1729560.59230,4152,365004.3,739266.04815,0
1765683000000,2.0253,2.0253,2.0223,2.0239,1158020.0,1765683899999,2343240.23498,4630,566131.9,1145468.53195,0
1765683900000,2.0239,2.0240,2.0216,2.0232,1395770.4,1765684799999,2823336.79083,4245,599325.7,1212372.29966,0
1765684800000,2.0231,2.0244,2.0194,2.0216,1579159.8,1765685699999,3192252.70571,6452,651403.4,1316917.86257,0
1765685700000,2.0216,2.0223,2.0187,2.0195,1013327.2,1765686599999,2047678.40134,4174,383897.8,775794.87811,0
1765686600000,2.0195,2.0201,2.0152,2.0158,1933141.8,1765687499999,3899916.21461,6326,783349.2,1580239.41303,0
1765687500000,2.0158,2.0167,2.0141,2.0156,1803405.0,1765688399999,3634938.76039,5481,836067.2,1685191.29140,0
1765688400000,2.0157,2.0157,2.0110,2.0129,2643947.3,1765689299999,5323302.96123,7409,920263.8,1852720.82005,0
1765689300000,2.0129,2.0132,2.0089,2.0106,3153098.9,1765690199999,6340320.93129,8958,1360516.7,2735777.36196,0
1765690200000,2.0106,2.0157,2.0102,2.0151,2756548.6,1765691099999,5548485.68123,7676,1914066.9,3852433.64521,0
1765691100000,2.0152,2.0165,2.0147,2.0147,1136261.7,1765691999999,2290388.48562,5085,596385.6,1202172.65077,0
1765692000000,2.0148,2.0148,2.0110,2.0123,1579105.6,1765692899999,3178255.66238,6618,789435.6,1588962.23633,0
1765692900000,2.0124,2.0147,2.0106,2.0117,1333592.9,1765693799999,2683224.77005,5700,670016.7,1348127.36476,0
1765693800000,2.0117,2.0169,2.0102,2.0165,1119152.7,1765694699999,2253337.80171,5375,779010.1,1568600.05693,0
1765694700000,2.0166,2.0172,2.0148,2.0161,1016648.9,1765695599999,2049169.87749,4041,581479.3,1172029.83014,0
1765695600000,2.0162,2.0177,2.0147,2.0165,938057.0,1765696499999,1891087.26394,4663,529156.6,1066739.84665,0
1765696500000,2.0166,2.0186,2.0148,2.0185,1487997.2,1765697399999,3001325.69555,5680,816861.8,1647615.02773,0
1765697400000,2.0185,2.0196,2.0145,2.0163,970150.5,1765698299999,1956911.63663,4267,402041.0,811017.30488,0
1765698300000,2.0163,2.0193,2.0162,2.0183,880172.5,1765699199999,1775879.23587,4832,467893.6,944067.35730,0
1765699200000,2.0183,2.0223,2.0180,2.0189,2187575.4,1765700099999,4420050.89408,7770,1302502.2,2631443.01858,0
1765700100000,2.0189,2.0196,2.0173,2.0179,969366.1,1765700999999,1956554.04967,5335,542540.0,1095013.81233,0
1765701000000,2.0179,2.0181,2.0147,2.0157,1346504.6,1765701899999,2715022.81211,4320,550254.4,1109453.14547,0
1765701900000,2.0157,2.0157,2.0133,2.0135,1375633.7,1765702799999,2770795.12952,4459,541945.0,1091577.86143,0
1765702800000,2.0135,2.0144,2.0113,2.0117,1435749.9,1765703699999,2890437.13353,4880,635187.8,1278858.34209,0
1765703700000,2.0117,2.0132,2.0112,2.0113,1040792.3,1765704599999,2094185.80477,3757,591046.7,1189288.95737,0
1765704600000,2.0113,2.0143,2.0096,2.0130,3039899.4,1765705499999,6118141.92972,7518,1177411.0,2369441.26860,0
1765705500000,2.0131,2.0138,2.0103,2.0113,939765.3,1765706399999,1890653.52344,3908,451566.8,908461.34358,0
1765706400000,2.0113,2.0122,2.0017,2.0045,6975676.7,1765707299999,13995074.01310,15205,2579345.2,5175298.00973,0
1765707300000,2.0046,2.0107,2.0038,2.0081,3768112.9,1765708199999,7562764.31221,11219,1893931.6,3801575.27937,0
1765708200000,2.0081,2.0084,2.0038,2.0063,2467590.2,1765709099999,4948514.60153,7804,1233656.8,2473996.33956,0
1765709100000,2.0063,2.0080,2.0052,2.0053,1733097.9,1765709999999,3477594.41361,5987,950126.5,1906574.88304,0
1765710000000,2.0053,2.0090,2.0005,2.0061,3561407.0,1765710899999,7138598.86700,14064,1748744.5,3505485.88350,0
1765710900000,2.0061,2.0067,2.0013,2.0024,2882660.0,1765711799999,5775536.89758,10459,984918.3,1973383.31081,0
1765711800000,2.0024,2.0036,1.9921,1.9929,9975391.6,1765712699999,19932616.38128,24939,3778733.8,7551820.32447,0
1765712700000,1.9929,2.0016,1.9885,1.9998,11248335.3,1765713599999,22447929.14458,29443,5042452.3,10066916.16156,0
1765713600000,1.9998,2.0035,1.9956,1.9993,4177996.1,1765714499999,8352264.83095,18307,1781570.9,3561791.06165,0
1765714500000,1.9992,2.0029,1.9974,1.9975,5779118.7,1765715399999,11554832.43610,15595,1968072.4,3935388.73410,0
1765715400000,1.9974,2.0055,1.9973,2.0047,3807170.2,1765716299999,7619156.55170,11255,2130369.2,4262982.59888,0
1765716300000,2.0047,2.0068,2.0027,2.0027,2875880.4,1765717199999,5764574.06854,8834,1429123.4,2864779.19214,0
1765717200000,2.0027,2.0027,1.9965,1.9986,3829173.1,1765718099999,7654671.45121,12153,1689458.7,3377123.65216,0
1765718100000,1.9986,2.0002,1.9954,1.9978,2905885.3,1765718999999,5804695.61562,10043,1282440.2,2561719.68038,0
1765719000000,1.9978,2.0002,1.9961,1.9965,2476120.0,1765719899999,4946923.19292,8564,1327785.8,2652672.48732,0
1765719900000,1.9966,2.0020,1.9962,2.0017,2286707.6,1765720799999,4571688.38604,7142,1330640.4,2660358.26855,0
1765720800000,2.0017,2.0069,2.0017,2.0026,3177971.9,1765721699999,6370411.58804,10512,1766667.4,3541689.14960,0
1765721700000,2.0026,2.0028,1.9973,1.9985,2943394.4,1765722599999,5886101.98413,7722,900572.6,1801401.54603,0
1765722600000,1.9985,1.9986,1.9877,1.9888,7207694.4,1765723499999,14358158.16014,19223,2859102.2,5694404.93026,0
1765723500000,1.9889,1.9935,1.9860,1.9933,5041614.6,1765724399999,10034573.63390,16070,2621097.4,5217220.93304,0
1765724400000,1.9934,1.9957,1.9895,1.9918,4031311.5,1765725299999,8033187.15080,14660,1644232.9,3276669.28838,0
1765725300000,1.9918,1.9952,1.9884,1.9906,3338111.6,1765726199999,6648336.75190,10556,1122374.9,2235675.92987,0
1765726200000,1.9906,1.9959,1.9886,1.9947,1992635.1,1765727099999,3969509.78765,9105,1215460.7,2421423.63556,0
1765727100000,1.9946,1.9946,1.9899,1.9900,1817363.2,1765727999999,3620293.25830,7755,682447.3,1359511.83368,0
1765728000000,1.9900,1.9944,1.9879,1.9944,2951046.5,1765728899999,5875484.67912,11018,1861670.2,3706706.14595,0
1765728900000,1.9944,2.0037,1.9930,1.9996,3809432.1,1765729799999,7615038.23593,13659,2320675.9,4639077.52488,0
1765729800000,1.9996,2.0017,1.9900,1.9909,3815696.5,1765730699999,7607948.15663,14293,1550837.0,3091802.62252,0
1765730700000,1.9908,1.9967,1.9902,1.9957,3595866.6,1765731599999,7168891.03436,13550,1760741.6,3510050.69859,0
1765731600000,1.9958,1.9985,1.9821,1.9863,6276153.9,1765732499999,12478150.41425,17330,2785029.0,5537031.65223,0
1765732500000,1.9863,1.9929,1.9833,1.9877,3183768.0,1765733399999,6329597.87047,14592,1520971.6,3023811.68011,0
1765733400000,1.9876,1.9901,1.9837,1.9888,2364625.0,1765734299999,4698162.74030,12153,1177867.0,2340547.32976,0
1765734300000,1.9888,1.9890,1.9845,1.9858,2190588.2,1765735199999,4352456.51412,10194,1081994.4,2149696.70643,0
1765735200000,1.9857,1.9902,1.9838,1.9877,1974945.3,1765736099999,3924700.36884,10918,1051488.6,2089569.43143,0
1765736100000,1.9876,1.9920,1.9824,1.9855,2303843.3,1765736999999,4578960.58881,10709,1178216.2,2341732.95538,0
1765737000000,1.9856,1.9898,1.9852,1.9874,1800463.5,1765737899999,3577729.02839,8097,1063963.4,2114173.17977,0
1765737900000,1.9874,1.9921,1.9852,1.9916,1870107.6,1765738799999,3719631.08400,8114,1101403.1,2190658.77159,0
1765738800000,1.9915,1.9915,1.9827,1.9852,2364666.7,1765739699999,4696993.60374,10371,873901.7,1735783.41086,0
1765739700000,1.9851,1.9863,1.9813,1.9858,2140185.8,1765740599999,4245369.84930,9889,1068476.9,2119786.73682,0
1765740600000,1.9858,1.9873,1.9806,1.9842,1666671.6,1765741499999,3306516.68704,8517,831917.8,1650688.15444,0
1765741500000,1.9842,1.9873,1.9835,1.9870,1712070.6,1765742399999,3399736.39666,7821,991441.3,1968801.73548,0
1765742400000,1.9869,1.9930,1.9810,1.9930,4969550.5,1765743299999,9871323.60922,16661,2589453.5,5144438.16305,0
1765743300000,1.9929,1.9936,1.9879,1.9883,2556520.3,1765744199999,5089636.76975,11550,1401868.3,2791010.14538,0
1765744200000,1.9883,1.9915,1.9866,1.9903,2060905.0,1765745099999,4100421.99187,7918,1186325.8,2360376.09457,0
1765745100000,1.9902,1.9909,1.9854,1.9859,1463634.7,1765745999999,2910008.41673,6415,712388.9,1416315.70204,0
1765746000000,1.9859,1.9874,1.9838,1.9863,1356090.3,1765746899999,2692681.04096,7716,642247.6,1275302.78934,0
1765746900000,1.9863,1.9905,1.9860,1.9880,966032.5,1765747799999,1921020.14986,6418,476787.1,948099.50221,0
1765747800000,1.9879,1.9893,1.9850,1.9854,1321715.7,1765748699999,2626943.69652,6859,558510.4,1110105.66464,0
1765748700000,1.9854,1.9875,1.9817,1.9859,1699503.5,1765749599999,3371856.80129,8517,890914.4,1767786.26750,0
1765749600000,1.9859,1.9923,1.9859,1.9890,2697400.7,1765750499999,5367671.03854,10112,1398372.7,2782679.64497,0
1765750500000,1.9889,1.9900,1.9846,1.9865,1172132.5,1765751399999,2328648.49798,7827,723518.7,1437393.54465,0
1765751400000,1.9865,1.9873,1.9807,1.9837,3861916.8,1765752299999,7661940.29679,13780,1762922.1,3497721.05901,0
1765752300000,1.9836,1.9919,1.9816,1.9914,2161169.0,1765753199999,4293504.60674,9735,1215218.4,2413459.55304,0
1765753200000,1.9914,1.9967,1.9811,1.9845,4444411.2,1765754099999,8831924.49885,18269,2195775.3,4362617.39364,0
1765754100000,1.9844,1.9865,1.9805,1.9842,2998047.8,1765754999999,5944586.51389,11147,1077784.1,2137251.20638,0
1765755000000,1.9842,1.9852,1.9460,1.9769,36447036.7,1765755899999,71694800.90037,69756,15658042.1,30804147.28819,0
1765755900000,1.9770,1.9820,1.9725,1.9770,5022950.7,1765756799999,9933531.35122,21958,2272531.2,4495824.21546,0
1765756800000,1.9771,1.9869,1.9750,1.9756,4854797.7,1765757699999,9616561.78551,20441,2412310.1,4779557.09476,0
1765757700000,1.9755,1.9889,1.9732,1.9863,4955182.1,1765758599999,9825346.36873,19370,2223369.9,4407401.60834,0
1765758600000,1.9862,1.9877,1.9745,1.9764,3227813.0,1765759499999,6394105.97228,15871,1589218.8,3148440.07942,0
1765759500000,1.9764,1.9842,1.9751,1.9827,2803128.7,1765760399999,5548752.42363,13945,1758523.2,3480056.64222,0
1765760400000,1.9827,1.9849,1.9803,1.9835,2131964.4,1765761299999,4227411.79244,13463,1119253.0,2219270.79957,0
1765761300000,1.9836,1.9837,1.9776,1.9798,2212924.9,1765762199999,4381754.58569,10417,980522.6,1941451.75312,0
1765762200000,1.9797,2.0042,1.9773,1.9936,11611349.4,1765763099999,23160393.19738,31190,6307233.4,12576986.78493,0
1765763100000,1.9935,1.9990,1.9913,1.9971,3366197.5,1765763999999,6717350.16075,16020,1796653.1,3585823.59852,0
1765764000000,1.9972,2.0070,1.9959,1.9983,5439443.5,1765764899999,10886877.52809,20969,2821952.1,5647787.78066,0
1765764900000,1.9984,2.0133,1.9982,2.0060,8606814.9,1765765799999,17280645.50419,26092,4556112.6,9147775.71306,0
1765765800000,2.0061,2.0068,1.9952,1.9965,4202631.9,1765766699999,8409656.62727,16223,2056153.4,4115051.44740,0
1765766700000,1.9966,1.9967,1.9920,1.9946,3355392.6,1765767599999,6689941.21971,12951,1817779.9,3624212.01396,0
1765767600000,1.9947,1.9955,1.9910,1.9924,3138802.6,1765768499999,6255492.73153,12868,1256391.8,2504114.28871,0
1765768500000,1.9923,1.9996,1.9923,1.9972,2510423.9,1765769399999,5014587.55864,10680,1218270.2,2433374.73317,0
1765769400000,1.9973,1.9984,1.9920,1.9929,2084359.5,1765770299999,4156997.84756,9463,838181.0,1671769.81654,0
1765770300000,1.9928,1.9954,1.9927,1.9940,1248912.4,1765771199999,2490522.51631,6927,566466.9,1129663.22428,0
1765771200000,1.9940,1.9995,1.9939,1.9989,2385569.6,1765772099999,4763547.15586,10802,1270828.7,2537685.53831,0
1765772100000,1.9989,2.0003,1.9914,1.9931,3438192.5,1765772999999,6863153.32619,11128,1355803.3,2706670.91560,0
1765773000000,1.9932,1.9991,1.9919,1.9987,2772132.5,1765773899999,5534106.80073,10056,1492403.9,2978851.56215,0
1765773900000,1.9987,2.0034,1.9977,1.9994,2591470.7,1765774799999,5184027.75202,9282,1535515.3,3071888.13914,0
1765774800000,1.9994,2.0024,1.9968,2.0019,2421154.7,1765775699999,4840106.03363,8697,1336868.6,2672702.10593,0
1765775700000,2.0019,2.0024,1.9982,1.9995,1464631.6,1765776599999,2929610.84843,6946,793000.2,1586142.81004,0
1765776600000,1.9994,1.9994,1.9952,1.9955,2018241.0,1765777499999,4030871.49034,7362,930311.6,1858024.20463,0
1765777500000,1.9955,1.9997,1.9954,1.9997,1564754.0,1765778399999,3126024.25870,6564,828990.7,1656181.52098,0
1765778400000,1.9996,2.0010,1.9946,1.9946,2061015.0,1765779299999,4117404.81124,9293,1147873.3,2293489.35761,0
1765779300000,1.9946,1.9969,1.9946,1.9955,1150884.4,1765780199999,2296913.21275,5710,725333.3,1447591.52884,0
1765780200000,1.9956,1.9976,1.9948,1.9969,1892224.3,1765781099999,3777791.56720,6460,986342.0,1969153.80278,0
1765781100000,1.9969,2.0045,1.9968,2.0005,3466776.1,1765781999999,6937672.24779,10595,2175799.1,4354206.79213,0
1765782000000,2.0006,2.0022,1.9935,1.9953,3031498.6,1765782899999,6054957.97732,10470,1363604.9,2724383.68061,0
1765782900000,1.9953,1.9976,1.9953,1.9959,1283715.7,1765783799999,2562697.00326,6010,699715.2,1396871.02933,0
1765783800000,1.9960,1.9980,1.9921,1.9922,2574330.8,1765784699999,5134743.33995,9345,1388513.4,2769576.22086,0
1765784700000,1.9923,1.9951,1.9918,1.9942,1276159.3,1765785599999,2543619.25748,5585,772561.3,1539911.77934,0
1765785600000,1.9942,1.9969,1.9891,1.9898,2662278.3,1765786499999,5304722.02749,10266,1094472.5,2181286.53541,0
1765786500000,1.9898,1.9974,1.9893,1.9956,2283719.1,1765787399999,4551686.73754,8908,1357923.0,2706593.24543,0
1765787400000,1.9956,1.9979,1.9944,1.9967,1817788.2,1765788299999,3629174.43107,8093,1000527.2,1997607.29778,0
1765788300000,1.9966,1.9972,1.9926,1.9926,1448992.9,1765789199999,2890011.17778,5920,514735.2,1026825.39961,0
1765789200000,1.9926,1.9990,1.9904,1.9963,3205144.2,1765790099999,6394267.44725,11219,2065549.5,4120873.49008,0
1765790100000,1.9964,1.9986,1.9954,1.9969,1561230.6,1765790999999,3118014.62298,7797,793823.3,1585313.05303,0
1765791000000,1.9969,1.9976,1.9949,1.9959,1451598.7,1765791899999,2897452.21043,7473,837298.0,1671368.46709,0
1765791900000,1.9959,2.0014,1.9950,1.9973,2290506.1,1765792799999,4576924.92816,9871,1324889.3,2647208.90843,0
1765792800000,1.9974,1.9987,1.9950,1.9955,2062463.6,1765793699999,4118027.06343,9001,942208.1,1881578.36071,0
1765793700000,1.9955,1.9999,1.9927,1.9973,2911469.1,1765794599999,5809445.40460,9764,1464213.6,2921852.92080,0
1765794600000,1.9973,2.0002,1.9921,1.9927,3378519.9,1765795499999,6744328.53074,11033,1532709.2,3060841.46597,0
1765795500000,1.9928,1.9935,1.9920,1.9933,1639503.9,1765796399999,3267017.55910,6057,831382.5,1656730.15054,0
1765796400000,1.9932,1.9943,1.9913,1.9920,1806539.7,1765797299999,3599791.16805,6952,878225.8,1749977.83018,0
1765797300000,1.9921,1.9925,1.9902,1.9906,1309732.2,1765798199999,2608003.06589,5038,547225.2,1089676.00526,0
1765798200000,1.9907,1.9914,1.9833,1.9844,5999430.2,1765799099999,11920405.23011,12364,2612043.3,5190278.71006,0
1765799100000,1.9844,1.9877,1.9826,1.9867,3225843.3,1765799999999,6404582.29374,9228,2003079.8,3977147.51419,0
1765800000000,1.9867,1.9869,1.9812,1.9831,3330199.7,1765800899999,6604042.51851,10718,1517196.2,3008748.50628,0
1765800900000,1.9831,1.9860,1.9827,1.9834,1907375.2,1765801799999,3784786.72269,7586,975317.3,1935370.32712,0
1765801800000,1.9834,1.9860,1.9833,1.9843,2057070.1,1765802699999,4082435.10676,8239,1276897.8,2534065.56855,0
1765802700000,1.9843,1.9849,1.9821,1.9822,2002432.4,1765803599999,3972010.74511,7608,927176.2,1839168.33763,0
1765803600000,1.9823,1.9836,1.9636,1.9716,22303145.0,1765804499999,43969350.11310,42801,7989340.3,15749797.09026,0
1765804500000,1.9716,1.9725,1.9563,1.9580,12578356.9,1765805399999,24701417.87839,27041,4450654.6,8740662.79861,0
1765805400000,1.9580,1.9667,1.9540,1.9662,12728319.7,1765806299999,24940525.00424,34382,5938541.2,11636528.03409,0
1765806300000,1.9662,1.9683,1.9625,1.9629,4836705.9,1765807199999,9507851.54224,14900,1991647.5,3914982.29983,0
1765807200000,1.9629,1.9756,1.9611,1.9750,8041036.3,1765808099999,15835833.61191,23685,3935566.7,7751642.98514,0
1765808100000,1.9749,1.9793,1.9673,1.9711,7639814.7,1765808999999,15076210.86899,24410,3070185.8,6060154.49537,0
1765809000000,1.9711,1.9788,1.9620,1.9657,11252177.7,1765809899999,22164784.10890,40192,5477892.7,10789815.48645,0
1765809900000,1.9657,1.9691,1.9277,1.9396,41277326.5,1765810799999,80287811.94983,94935,16755880.5,32596463.65199,0
1765810800000,1.9395,1.9414,1.9199,1.9307,36162342.0,1765811699999,69847576.72021,90034,16283015.1,31471219.74206,0
1765811700000,1.9306,1.9317,1.9112,1.9200,41138970.5,1765812599999,78973971.74859,95871,20444646.9,39246550.24054,0
1765812600000,1.9200,1.9286,1.9155,1.9262,15159096.8,1765813499999,29137674.68665,52668,7274018.3,13983422.85072,0
1765813500000,1.9262,1.9345,1.9186,1.9239,13830124.9,1765814399999,26654916.11601,44149,6659200.8,12836325.13557,0
1765814400000,1.9240,1.9274,1.9168,1.9214,11104598.3,1765815299999,21350672.51864,40903,5634544.1,10832564.97931,0
1765815300000,1.9214,1.9294,1.9204,1.9225,6633074.7,1765816199999,12770974.58189,26369,3464515.9,6669824.41659,0
1765816200000,1.9224,1.9233,1.9051,1.9103,16300784.8,1765817099999,31183102.78274,44738,6612113.9,12649873.10307,0
1765817100000,1.9104,1.9168,1.9067,1.9114,9061863.6,1765817999999,17319574.20240,35506,4151071.2,7934140.16921,0
1765818000000,1.9113,1.9138,1.9016,1.9035,12673793.5,1765818899999,24161823.15725,29775,4811789.7,9172602.97259,0
1765818900000,1.9035,1.9083,1.9021,1.9048,5560107.6,1765819799999,10591661.52453,21686,2773268.3,5282325.96259,0
1765819800000,1.9048,1.9061,1.8926,1.8984,18870901.4,1765820699999,35816702.87507,40637,6759382.6,12827208.49680,0
1765820700000,1.8984,1.9006,1.8886,1.8905,10191938.3,1765821599999,19287062.38528,29915,4429428.4,8382389.99200,0
1765821600000,1.8904,1.8951,1.8856,1.8930,9511742.6,1765822499999,17983391.61204,30532,4128742.5,7805778.45758,0
1765822500000,1.8929,1.8948,1.8820,1.8824,9483474.1,1765823399999,17887214.83402,25210,2582750.6,4872379.84769,0
1765823400000,1.8823,1.8880,1.8661,1.8814,31881088.1,1765824299999,59810960.00170,57609,12751376.9,23927532.92377,0
1765824300000,1.8814,1.8932,1.8805,1.8901,9059681.9,1765825199999,17095066.86642,28544,3971095.4,7495786.30551,0
1765825200000,1.8901,1.9017,1.8891,1.8912,13063694.0,1765826099999,24782539.02122,35490,6175450.0,11718331.44837,0
1765826100000,1.8912,1.9031,1.8892,1.9004,6644043.7,1765826999999,12603772.33363,24769,3420941.9,6489778.25205,0
1765827000000,1.9003,1.9066,1.9000,1.9027,5840327.7,1765827899999,11118688.15751,21032,2716688.6,5171882.09634,0
1765827900000,1.9027,1.9027,1.8933,1.8945,9289354.3,1765828799999,17625387.71265,23152,4903942.4,9306017.68338,0
1765828800000,1.8945,1.8945,1.8828,1.8842,7666886.1,1765829699999,14470703.38276,27255,3178613.8,5999202.18152,0
1765829700000,1.8841,1.8855,1.8780,1.8825,5780294.9,1765830599999,10875860.10047,21149,3095390.1,5824045.66458,0
1765830600000,1.8825,1.8899,1.8793,1.8849,6384341.7,1765831499999,12030357.67074,21928,3462211.0,6524181.58629,0
1765831500000,1.8849,1.8878,1.8792,1.8814,12867151.8,1765832399999,24243277.36396,24998,7015708.6,13220727.35529,0
1765832400000,1.8815,1.8859,1.8788,1.8814,6110777.2,1765833299999,11499482.62309,18939,2203684.1,4145814.78069,0
1765833300000,1.8814,1.8957,1.8809,1.8944,6043080.8,1765834199999,11416830.87266,19173,3319809.7,6272053.81703,0
1765834200000,1.8944,1.8981,1.8909,1.8921,4616362.4,1765835099999,8746753.93452,17496,2166089.5,4104168.26689,0
1765835100000,1.8921,1.8929,1.8886,1.8898,4219122.7,1765835999999,7976371.22080,13921,2490075.6,4707679.16013,0
1765836000000,1.8898,1.8901,1.8821,1.8855,14503251.1,1765836899999,27354905.17312,22948,9426611.4,17776352.18611,0
1765836900000,1.8855,1.8872,1.8790,1.8824,8579789.7,1765837799999,16157327.71192,19994,4892526.7,9213092.66719,0
1765837800000,1.8824,1.8857,1.8805,1.8835,3652400.9,1765838699999,6878669.13575,14486,2096535.2,3948332.85293,0
1765838700000,1.8836,1.8893,1.8817,1.8893,2034780.5,1765839599999,3836335.73276,10658,1038385.1,1958177.26371,0
1765839600000,1.8892,1.8963,1.8886,1.8962,4208873.4,1765840499999,7964115.25791,15400,2427248.4,4593001.85109,0
1765840500000,1.8962,1.8962,1.8886,1.8908,2766476.9,1765841399999,5232786.08013,11689,1192566.9,2255393.56630,0
1765841400000,1.8909,1.8964,1.8894,1.8964,2338482.4,1765842299999,4427804.14646,12120,1282467.7,2428471.23893,0
1765842300000,1.8963,1.8978,1.8933,1.8965,2750210.4,1765843199999,5213976.55587,11505,1127631.1,2137695.07134,0
1765843200000,1.8965,1.8969,1.8892,1.8894,7745984.1,1765844099999,14662497.99420,17708,4138352.2,7833485.51801,0
1765844100000,1.8894,1.8958,1.8860,1.8948,4514690.2,1765844999999,8535058.10551,13589,2382877.6,4505653.42055,0
1765845000000,1.8948,1.8949,1.8877,1.8881,2528847.7,1765845899999,4779525.81562,12241,1046819.4,1978316.00995,0
1765845900000,1.8881,1.8884,1.8767,1.8778,6187256.6,1765846799999,11637439.23803,20124,2509191.7,4717868.42416,0
1765846800000,1.8777,1.8917,1.8763,1.8872,4383580.4,1765847699999,8254885.60412,17692,2601518.1,4899749.22113,0
1765847700000,1.8871,1.8893,1.8757,1.8771,4161402.1,1765848599999,7828433.83902,15295,1787421.9,3364282.62501,0
1765848600000,1.8771,1.8838,1.8722,1.8770,6671950.7,1765849499999,12519967.78729,22732,2988205.6,5608009.86346,0
1765849500000,1.8769,1.8790,1.8666,1.8711,10886956.9,1765850399999,20371434.52463,25956,3511879.3,6570063.20808,0
1765850400000,1.8711,1.8719,1.8581,1.8651,17451016.3,1765851299999,32516414.79835,38154,6378320.8,11888103.29096,0
1765851300000,1.8651,1.8758,1.8595,1.8747,10462542.8,1765852199999,19534708.51082,27486,6307289.9,11778798.96033,0
1765852200000,1.8747,1.8759,1.8674,1.8691,3609180.2,1765853099999,6756893.57505,17088,1891236.3,3541062.40988,0
1765853100000,1.8691,1.8721,1.8639,1.8677,4010643.5,1765853999999,7490919.05552,15851,2041879.4,3814899.26413,0
1765854000000,1.8678,1.8726,1.8592,1.8602,4425397.0,1765854899999,8256758.61421,19028,1561677.5,2914741.92363,0
1765854900000,1.8602,1.8663,1.8591,1.8659,4309557.3,1765855799999,8025935.23616,16737,1931529.7,3597537.59951,0
1765855800000,1.8659,1.8699,1.8538,1.8676,10107177.9,1765856699999,18820983.61528,27794,3884559.1,7237258.97368,0
1765856700000,1.8676,1.8719,1.8669,1.8714,3292621.7,1765857599999,6155263.04825,13400,1916115.4,3582121.98726,0
1765857600000,1.8714,1.8748,1.8678,1.8697,4208456.6,1765858499999,7877895.46988,17083,2106004.6,3942144.43356,0
1765858500000,1.8696,1.8701,1.8645,1.8648,3276287.2,1765859399999,6116250.07010,12338,1369985.3,2557848.36020,0
1765859400000,1.8648,1.8653,1.8607,1.8611,3543476.2,1765860299999,6600667.28021,13642,1462285.2,2723655.29739,0
1765860300000,1.8611,1.8724,1.8506,1.8717,10457431.9,1765861199999,19467771.22345,28631,5257235.4,9793979.69908,0
1765861200000,1.8716,1.8748,1.8696,1.8697,2771853.0,1765862099999,5188236.38468,14546,1454689.7,2722890.90584,0
1765862100000,1.8697,1.8714,1.8675,1.8687,1949612.1,1765862999999,3644188.09690,11377,788144.3,1473358.10707,0
1765863000000,1.8687,1.8797,1.8678,1.8796,3462507.6,1765863899999,6487478.07458,14176,2105111.6,3944707.17255,0
1765863900000,1.8797,1.8830,1.8779,1.8807,3638402.8,1765864799999,6842181.01523,16010,2128501.7,4002870.47620,0
1765864800000,1.8807,1.8876,1.8798,1.8853,3918319.6,1765865699999,7386168.25677,14628,2239767.0,4222188.54727,0
1765865700000,1.8852,1.8900,1.8822,1.8881,2851213.9,1765866599999,5378128.59102,11919,1650274.3,3112954.96257,0
1765866600000,1.8881,1.8932,1.8874,1.8923,3694835.0,1765867499999,6984446.93126,13089,2051339.5,3877484.66935,0
1765867500000,1.8923,1.8965,1.8895,1.8934,3333633.6,1765868399999,6312129.78716,13547,1534593.3,2905935.98589,0
1765868400000,1.8935,1.8967,1.8893,1.8894,4017857.9,1765869299999,7605757.29033,16702,1648965.6,3121924.27566,0
1765869300000,1.8893,1.8913,1.8852,1.8864,3357370.6,1765870199999,6338521.17115,16427,1509742.8,2850487.34528,0
1765870200000,1.8863,1.8864,1.8747,1.8758,4489261.3,1765871099999,8439955.92878,16223,1579688.0,2969358.37383,0
1765871100000,1.8758,1.8774,1.8733,1.8743,2746540.5,1765871999999,5151467.54910,14412,1105025.1,2072763.08724,0
1765872000000,1.8744,1.8808,1.8729,1.8784,3465150.0,1765872899999,6504791.57697,16278,1739610.8,3265874.35107,0
1765872900000,1.8784,1.8793,1.8736,1.8790,2008467.5,1765873799999,3769497.87353,11184,832668.5,1563020.45393,0
1765873800000,1.8790,1.8818,1.8745,1.8815,2171332.1,1765874699999,4080012.45249,11030,1036191.1,1946886.42991,0
1765874700000,1.8814,1.8849,1.8736,1.8756,2620015.1,1765875599999,4921344.52843,11281,1273575.1,2392592.10556,0
1765875600000,1.8757,1.8786,1.8755,1.8781,1499678.0,1765876499999,2814947.59722,8193,797414.8,1496768.83090,0
1765876500000,1.8781,1.8808,1.8744,1.8750,1811497.3,1765877399999,3401272.16277,9522,728758.2,1368036.08238,0
1765877400000,1.8751,1.8807,1.8743,1.8804,1849061.1,1765878299999,3471424.39662,10281,954793.6,1792500.76474,0
1765878300000,1.8804,1.8808,1.8763,1.8781,1047852.0,1765879199999,1968297.14958,7561,590517.1,1109171.76986,0
1765879200000,1.8781,1.8821,1.8763,1.8801,1508701.0,1765880099999,2835376.82022,8113,761717.3,1431564.12931,0
1765880100000,1.8801,1.8850,1.8787,1.8823,2002835.3,1765880999999,3769367.74161,8847,1085243.6,2042322.14431,0
1765881000000,1.8824,1.9076,1.8817,1.9038,13626947.6,1765881899999,25847732.58349,34416,8927134.7,16931623.73155,0
1765881900000,1.9038,1.9109,1.9018,1.9053,12992970.3,1765882799999,24770740.48173,34578,6322642.7,12055646.40652,0
1765882800000,1.9054,1.9100,1.9032,1.9079,5951304.7,1765883699999,11343899.72007,20848,2664466.9,5079461.46037,0
1765883700000,1.9080,1.9197,1.9077,1.9188,7571448.7,1765884599999,14488039.92920,22975,4103735.1,7852648.07685,0
1765884600000,1.9188,1.9240,1.9151,1.9191,8613336.7,1765885499999,16539510.99221,27434,3508248.3,6736670.02762,0
1765885500000,1.9191,1.9205,1.9158,1.9195,4322612.9,1765886399999,8291679.24310,15858,2062168.4,3955874.99830,0
1765886400000,1.9195,1.9275,1.9187,1.9237,6783229.4,1765887299999,13048701.65169,23481,2863867.1,5508423.59017,0
1765887300000,1.9238,1.9302,1.9213,1.9241,5016639.7,1765888199999,9663803.44176,19357,2346683.2,4521286.39041,0
1765888200000,1.9241,1.9279,1.9191,1.9269,5781784.4,1765889099999,11120162.26948,19034,3379826.9,6499890.99181,0
1765889100000,1.9268,1.9379,1.9266,1.9340,7593371.9,1765889999999,14681550.38437,26034,3851620.5,7446889.58358,0
1765890000000,1.9340,1.9365,1.9278,1.9333,5853801.0,1765890899999,11310559.24247,25139,2416935.2,4669919.37129,0
1765890900000,1.9332,1.9428,1.9326,1.9359,9831323.5,1765891799999,19054259.51479,33453,4935045.2,9564752.82777,0
1765891800000,1.9360,1.9481,1.9141,1.9153,26626306.1,1765892699999,51339153.24877,80481,12724828.1,24535756.42498,0
1765892700000,1.9154,1.9236,1.9064,1.9077,13234102.6,1765893599999,25367118.84374,43968,6777954.0,12997285.37554,0
1765893600000,1.9077,1.9236,1.8980,1.9193,19093825.5,1765894499999,36450960.76166,57144,9095493.4,17368909.48758,0
1765894500000,1.9192,1.9250,1.9126,1.9171,6471943.2,1765895399999,12415121.80739,27349,3421559.6,6563500.74380,0
1765895400000,1.9171,1.9293,1.9112,1.9137,12463579.1,1765896299999,23942337.64560,54235,6654985.1,12786198.87147,0
1765896300000,1.9138,1.9340,1.9054,1.9229,13742515.5,1765897199999,26411165.76945,58297,7204000.0,13845848.73474,0
1765897200000,1.9229,1.9325,1.9136,1.9256,6579286.8,1765898099999,12656434.10576,40422,3622396.2,6968446.58486,0
1765898100000,1.9256,1.9290,1.9157,1.9265,6272055.7,1765898999999,12056016.52557,37055,3210028.9,6169688.11412,0
1765899000000,1.9264,1.9323,1.9224,1.9309,5133267.7,1765899899999,9896249.77736,32309,2697276.5,5200001.68694,0
1765899900000,1.9309,1.9452,1.9284,1.9400,12933710.4,1765900799999,25056530.04324,41803,6732212.3,13047714.04734,0
1765900800000,1.9399,1.9420,1.9340,1.9362,6245119.1,1765901699999,12106838.88112,31730,3643982.2,7064655.52947,0
1765901700000,1.9362,1.9363,1.9290,1.9319,5038274.3,1765902599999,9735745.69023,24439,2826442.6,5461803.04948,0
1765902600000,1.9319,1.9319,1.9166,1.9207,6661989.1,1765903499999,12810757.10850,24899,2906344.3,5588795.77436,0
1765903500000,1.9208,1.9298,1.9196,1.9270,6828472.3,1765904399999,13152272.96802,19946,3914531.0,7540252.79401,0
1765904400000,1.9271,1.9327,1.9218,1.9317,7728520.7,1765905299999,14891913.84743,22476,4998918.1,9633405.19376,0
1765905300000,1.9317,1.9340,1.9166,1.9197,4923677.4,1765906199999,9483182.71135,20284,2320742.8,4468858.27900,0
1765906200000,1.9198,1.9275,1.9168,1.9187,3979013.7,1765907099999,7648512.97662,18569,1946255.4,3741519.63251,0
1765907100000,1.9188,1.9203,1.9137,1.9157,4279915.6,1765907999999,8202899.71089,16920,2130659.2,4083887.62967,0
1765908000000,1.9156,1.9242,1.9130,1.9216,4644003.9,1765908899999,8909206.59445,22170,2750029.8,5275760.60043,0
1765908900000,1.9216,1.9217,1.9156,1.9179,2042561.9,1765909799999,3918626.17000,13098,1162216.6,2229608.78780,0
1765909800000,1.9179,1.9323,1.9179,1.9309,5410480.5,1765910699999,10429661.12771,19791,3404772.4,6563282.14934,0
1765910700000,1.9309,1.9381,1.9287,1.9299,7090138.0,1765911599999,13711028.99104,21073,3713097.8,7181029.87125,0
1765911600000,1.9298,1.9300,1.9162,1.9163,4611821.2,1765912499999,8862908.14515,17996,1635020.3,3143894.25261,0
1765912500000,1.9163,1.9205,1.9145,1.9172,4154867.3,1765913399999,7964938.43299,17072,2018994.3,3870794.84960,0
1765913400000,1.9172,1.9238,1.9171,1.9221,2898327.3,1765914299999,5566062.93531,14411,1758820.8,3377853.01358,0
1765914300000,1.9221,1.9329,1.9210,1.9258,8302062.2,1765915199999,16005401.13450,21362,5627978.5,10849906.79679,0
1765915200000,1.9258,1.9304,1.9225,1.9229,2868019.6,1765916099999,5526093.63478,14290,1506452.8,2902098.64617,0
1765916100000,1.9228,1.9307,1.9214,1.9288,2646661.6,1765916999999,5096813.69031,11994,1681831.2,3238703.20415,0
1765917000000,1.9287,1.9325,1.9271,1.9304,2124870.6,1765917899999,4101322.26973,10153,983170.2,1897347.26140,0
1765917900000,1.9303,1.9314,1.9247,1.9264,4161731.8,1765918799999,8021841.11740,13786,1819013.0,3506174.15932,0
1765918800000,1.9263,1.9263,1.9174,1.9220,6862273.8,1765919699999,13194102.55372,16680,2402127.6,4617604.14115,0
1765919700000,1.9221,1.9277,1.9213,1.9266,2660154.6,1765920599999,5119316.52958,12939,1541592.6,2966664.72969,0
1765920600000,1.9266,1.9295,1.9265,1.9278,1394462.0,1765921499999,2688207.17365,8027,716680.6,1381583.87787,0
1765921500000,1.9278,1.9279,1.9244,1.9254,1030938.7,1765922399999,1985706.79305,6063,556077.0,1071094.29192,0
1765922400000,1.9254,1.9267,1.9222,1.9233,1934924.9,1765923299999,3723341.22327,9664,1005566.4,1934969.12843,0
1765923300000,1.9233,1.9296,1.9225,1.9273,2088743.9,1765924199999,4023623.57701,9766,1200018.6,2311310.98679,0
1765924200000,1.9273,1.9283,1.9249,1.9269,1841071.8,1765925099999,3547465.48618,7040,1082009.9,2084920.43521,0
1765925100000,1.9269,1.9270,1.9252,1.9258,973510.1,1765925999999,1874845.26602,5324,528874.2,1018511.15757,0
1765926000000,1.9259,1.9276,1.9220,1.9271,2989651.4,1765926899999,5754508.15677,13554,1772887.3,3412488.64139,0
1765926900000,1.9271,1.9291,1.9239,1.9248,1949157.8,1765927799999,3755483.61961,10452,1186865.8,2287091.81358,0
1765927800000,1.9247,1.9269,1.9222,1.9268,1284362.4,1765928699999,2471746.58126,8074,718430.5,1382669.87173,0
1765928700000,1.9269,1.9305,1.9268,1.9286,2369231.5,1765929599999,4570004.41993,9284,1248120.6,2407378.36580,0
1765929600000,1.9286,1.9286,1.9220,1.9228,5064947.3,1765930499999,9752424.98501,16203,2399825.1,4621164.66334,0
1765930500000,1.9227,1.9273,1.9200,1.9255,4042301.6,1765931399999,7774065.48524,14819,2229311.2,4287666.58813,0
1765931400000,1.9256,1.9256,1.9186,1.9201,2035777.0,1765932299999,3910736.46243,9156,1012343.1,1944462.46517,0
1765932300000,1.9201,1.9249,1.9185,1.9232,2694506.0,1765933199999,5178007.50610,9480,1771708.1,3404342.27954,0
1765933200000,1.9232,1.9310,1.9231,1.9274,3348994.6,1765934099999,6456092.41092,12239,2072122.1,3994270.13556,0
1765934100000,1.9275,1.9393,1.9273,1.9319,7077672.0,1765934999999,13679676.69239,22602,4353251.1,8414833.53343,0
1765935000000,1.9319,1.9347,1.9241,1.9242,4260741.3,1765935899999,8217476.69416,14107,1983569.1,3825528.99090,0
1765935900000,1.9241,1.9263,1.9195,1.9219,3612834.4,1765936799999,6947707.87545,11487,1720714.7,3308699.52633,0
1765936800000,1.9219,1.9227,1.9162,1.9169,2564981.3,1765937699999,4924292.86528,10612,1265849.6,2430567.86035,0
1765937700000,1.9169,1.9188,1.9146,1.9166,3543664.4,1765938599999,6790674.91331,11456,1848514.7,3542292.42618,0
1765938600000,1.9166,1.9250,1.9116,1.9250,6963354.6,1765939499999,13356753.87417,18113,4577356.3,8780404.61018,0
1765939500000,1.9250,1.9337,1.9248,1.9303,5760489.6,1765940399999,11114410.75750,16688,2815342.0,5431250.04877,0
1765940400000,1.9304,1.9366,1.9279,1.9284,6200619.9,1765941299999,11983287.14877,23025,3081674.8,5956044.43803,0
1765941300000,1.9284,1.9311,1.9277,1.9300,2570298.9,1765942199999,4959292.12234,11089,1335063.3,2575846.94780,0
1765942200000,1.9301,1.9317,1.9272,1.9304,3052043.3,1765943099999,5889157.53357,12382,1349974.9,2604822.62593,0
1765943100000,1.9303,1.9307,1.9244,1.9245,2250732.9,1765943999999,4338397.79535,8840,779521.8,1502939.77197,0
1765944000000,1.9244,1.9283,1.9244,1.9251,2854798.1,1765944899999,5500960.26501,11828,1444947.4,2784091.34930,0
1765944900000,1.9252,1.9261,1.9183,1.9209,3192305.9,1765945799999,6134577.78659,15136,1661100.1,3191969.32051,0
1765945800000,1.9209,1.9238,1.9177,1.9206,2422108.5,1765946699999,4652081.90044,11255,1118851.0,2149120.44101,0
1765946700000,1.9205,1.9205,1.9167,1.9176,2333861.1,1765947599999,4478014.19637,10841,928853.2,1782188.29806,0
1765947600000,1.9176,1.9188,1.9090,1.9146,6512263.0,1765948499999,12461166.56113,21130,2735749.9,5236000.89610,0
1765948500000,1.9145,1.9157,1.9051,1.9100,5586075.1,1765949399999,10665635.27442,18370,2424880.1,4630494.32160,0
1765949400000,1.9099,1.9146,1.9071,1.9138,5134022.9,1765950299999,9811956.01320,17490,2410293.7,4606524.92179,0
1765950300000,1.9138,1.9211,1.9131,1.9195,4574426.1,1765951199999,8777403.69032,14011,2624578.3,5035293.71201,0
1765951200000,1.9195,1.9269,1.9192,1.9249,4166154.9,1765952099999,8013264.95861,16601,2440086.6,4693068.59052,0
1765952100000,1.9249,1.9293,1.9238,1.9253,2291923.8,1765952999999,4415187.28729,11918,1284764.4,2475146.11304,0
1765953000000,1.9252,1.9260,1.9212,1.9219,2786954.1,1765953899999,5359639.11966,11859,1391270.7,2675655.62450,0
1765953900000,1.9218,1.9223,1.9195,1.9213,1755664.8,1765954799999,3372680.70405,7142,919564.0,1766574.01970,0
1765954800000,1.9214,1.9266,1.9185,1.9186,2352067.7,1765955699999,4520964.83616,11721,1066441.4,2050191.68645,0
1765955700000,1.9186,1.9214,1.9177,1.9205,1812376.8,1765956599999,3478230.17717,7960,1039377.1,1994790.97675,0
1765956600000,1.9205,1.9310,1.9198,1.9244,4199082.9,1765957499999,8086411.16199,17023,2361049.4,4545825.51529,0
1765957500000,1.9245,1.9250,1.9220,1.9224,1776231.4,1765958399999,3417045.22047,10531,723579.1,1391921.55502,0
1765958400000,1.9224,1.9227,1.9193,1.9199,2040081.1,1765959299999,3917756.32974,8706,942010.9,1808791.97041,0
1765959300000,1.9199,1.9212,1.9095,1.9106,3759125.6,1765960199999,7197640.37535,12647,1763819.8,3377330.79687,0
1765960200000,1.9107,1.9124,1.9069,1.9089,4677051.5,1765961099999,8929080.88344,13372,2294916.9,4382025.04959,0
1765961100000,1.9089,1.9091,1.9041,1.9066,4250410.5,1765961999999,8102979.67992,12816,2136559.7,4073158.66585,0
1765962000000,1.9065,1.9070,1.9022,1.9035,2691362.7,1765962899999,5126707.10421,13875,1283734.4,2445368.69378,0
1765962900000,1.9034,1.9050,1.8978,1.9005,4905318.7,1765963799999,9324280.49443,14675,2223654.2,4226969.77544,0
1765963800000,1.9006,1.9045,1.8990,1.9039,3918979.9,1765964699999,7453504.31060,12993,2358313.5,4485307.78897,0
1765964700000,1.9040,1.9040,1.9008,1.9011,1201165.5,1765965599999,2284945.56757,6774,419014.5,797049.00218,0
1765965600000,1.9012,1.9045,1.8954,1.9033,3552114.3,1765966499999,6746325.20900,17401,1623084.5,3083125.98613,0
1765966500000,1.9033,1.9063,1.9007,1.9032,2148933.4,1765967399999,4091237.23678,10313,1042960.4,1985762.43542,0
1765967400000,1.9032,1.9080,1.9002,1.9056,2593417.8,1765968299999,4939092.51358,15698,1089708.6,2075619.91152,0
1765968300000,1.9056,1.9073,1.9028,1.9060,3682572.5,1765969199999,7014745.94920,11797,2089983.4,3980659.85514,0
1765969200000,1.9061,1.9136,1.9051,1.9121,2657623.2,1765970099999,5074804.50450,11964,1328116.4,2535959.73281,0
1765970100000,1.9121,1.9134,1.9086,1.9088,1613020.4,1765970999999,3081867.89855,8091,660643.8,1262288.05373,0
1765971000000,1.9089,1.9137,1.9085,1.9131,1565479.1,1765971899999,2992020.15798,8137,1010988.1,1931975.36411,0
1765971900000,1.9132,1.9165,1.9110,1.9122,2445232.1,1765972799999,4678819.47821,9308,1135439.2,2172700.48438,0
1765972800000,1.9123,1.9149,1.9101,1.9108,2479691.8,1765973699999,4742114.83165,11636,1085080.8,2074965.88342,0
1765973700000,1.9107,1.9119,1.9076,1.9110,3774007.4,1765974599999,7207156.60944,11340,1888430.4,3606168.93483,0
1765974600000,1.9111,1.9114,1.9068,1.9073,2593827.2,1765975499999,4950867.61585,10952,1151755.1,2198506.35521,0
1765975500000,1.9073,1.9115,1.9060,1.9103,2295849.2,1765976399999,4382914.24407,10008,1167727.4,2229162.24513,0
1765976400000,1.9103,1.9169,1.9076,1.9081,4235251.4,1765977299999,8098974.42312,14534,2497275.0,4776075.63171,0
1765977300000,1.9082,1.9090,1.9038,1.9068,5721348.6,1765978199999,10904949.25736,16794,2163051.6,4122584.42464,0
1765978200000,1.9068,1.9146,1.9053,1.9142,2344726.3,1765979099999,4476768.82817,9641,1278215.0,2440874.42507,0
1765979100000,1.9141,1.9278,1.9134,1.9199,13106708.1,1765979999999,25155398.55071,31061,6057564.5,11628604.03105,0
1765980000000,1.9200,1.9237,1.9174,1.9190,4940550.5,1765980899999,9486766.82289,18736,2650635.0,5089821.22042,0
1765980900000,1.9190,1.9295,1.9190,1.9256,7686996.9,1765981799999,14793408.77727,18693,3899094.3,7503923.99046,0
1765981800000,1.9255,1.9298,1.9141,1.9176,10405932.1,1765982699999,19985248.44619,41389,5445118.5,10457691.71479,0
1765982700000,1.9176,1.9665,1.9026,1.9628,54844814.2,1765983599999,106539386.40950,113404,28807883.8,55964987.20336,0
1765983600000,1.9627,1.9833,1.9521,1.9819,45001399.7,1765984499999,88724584.81163,101187,22027076.0,43430263.73045,0
1765984500000,1.9818,1.9864,1.9614,1.9693,20688324.4,1765985399999,40807543.76485,57321,9503374.5,18750184.45977,0
1765985400000,1.9692,1.9723,1.9312,1.9364,24451283.3,1765986299999,47688453.79435,63787,9832455.1,19171008.30780,0
1765986300000,1.9364,1.9380,1.9054,1.9100,37405429.4,1765987199999,71793280.61752,97116,17714701.3,33995465.57387,0
1765987200000,1.9100,1.9220,1.9019,1.9019,14935962.8,1765988099999,28593450.53731,54394,7034322.5,13469983.86197,0
1765988100000,1.9019,1.9019,1.8779,1.8848,36042068.2,1765988999999,68127687.42814,91895,18685971.2,35324047.53367,0
1765989000000,1.8848,1.8946,1.8780,1.8860,13172974.2,1765989899999,24822550.43697,57274,6583805.1,12409399.78123,0
1765989900000,1.8859,1.8977,1.8834,1.8973,8071683.3,1765990799999,15259570.99914,37388,3650481.6,6901233.97802,0
1765990800000,1.8972,1.8999,1.8782,1.8837,13990928.9,1765991699999,26377598.77311,41428,5886536.4,11099630.06960,0
1765991700000,1.8837,1.8920,1.8779,1.8854,11661094.4,1765992599999,21979046.10909,31931,4985971.6,9403891.54030,0
1765992600000,1.8853,1.8879,1.8718,1.8721,8858269.5,1765993499999,16646461.28330,27945,4066793.5,7642336.64089,0
1765993500000,1.8721,1.8795,1.8691,1.8716,8456684.2,1765994399999,15841979.31434,29239,4357504.3,8163999.43692,0
1765994400000,1.8717,1.8810,1.8710,1.8752,6270959.0,1765995299999,11763611.23911,25549,3494342.1,6553823.98868,0
1765995300000,1.8753,1.8788,1.8691,1.8738,6356326.8,1765996199999,11907859.03352,22967,3273968.0,6133765.19890,0
1765996200000,1.8737,1.8744,1.8527,1.8580,19695973.6,1765997099999,36695871.73565,44601,9500110.1,17701685.92099,0
1765997100000,1.8581,1.8601,1.8514,1.8572,12315581.1,1765997999999,22855493.95074,39101,6180596.6,11471443.50224,0
1765998000000,1.8573,1.8593,1.8460,1.8508,14227087.5,1765998899999,26341663.38344,43845,6659855.5,12334133.92210,0
1765998900000,1.8508,1.8583,1.8495,1.8514,7703944.4,1765999799999,14286309.00683,29076,3691467.0,6845614.90807,0
1765999800000,1.8514,1.8563,1.8462,1.8499,6446821.8,1766000699999,11935484.95145,24693,2863536.2,5303033.16781,0
1766000700000,1.8498,1.8658,1.8494,1.8639,9496410.4,1766001599999,17652642.06571,25753,4995551.1,9282682.34549,0
1766001600000,1.8639,1.8653,1.8564,1.8590,5501105.8,1766002499999,10232701.77719,19749,2646980.5,4923735.33318,0
1766002500000,1.8590,1.8827,1.8588,1.8816,10459808.4,1766003399999,19607713.18064,29578,5793437.3,10860094.40727,0
1766003400000,1.8815,1.8829,1.8731,1.8805,9290014.7,1766004299999,17446413.14707,26703,5137299.9,9647669.18102,0
1766004300000,1.8806,1.8819,1.8726,1.8757,9901482.2,1766005199999,18584321.17487,25367,6020603.8,11300588.56404,0
1766005200000,1.8757,1.8767,1.8702,1.8713,3727488.2,1766006099999,6982307.88608,14619,1602355.8,3001678.07992,0
1766006100000,1.8713,1.8719,1.8620,1.8639,5825057.0,1766006999999,10871832.26026,15026,2531497.3,4724287.31569,0
1766007000000,1.8640,1.8660,1.8581,1.8635,4064721.8,1766007899999,7568798.29052,14220,1948843.9,3629031.65007,0
1766007900000,1.8635,1.8636,1.8577,1.8625,3029269.3,1766008799999,5636673.55017,10554,1288432.5,2397526.23352,0
1766008800000,1.8625,1.8660,1.8537,1.8615,4698334.3,1766009699999,8736252.74732,15297,2533828.7,4711213.48286,0
1766009700000,1.8616,1.8715,1.8576,1.8667,4367743.3,1766010599999,8144241.82969,14144,2415186.1,4503550.29411,0
1766010600000,1.8666,1.8681,1.8601,1.8631,2023215.6,1766011499999,3771401.00605,8600,1043432.3,1944804.16292,0
1766011500000,1.8630,1.8706,1.8623,1.8670,1444936.7,1766012399999,2697516.40165,7498,781203.7,1458180.08786,0
1766012400000,1.8670,1.8673,1.8573,1.8577,3697602.8,1766013299999,6883826.61763,14743,1636858.8,3047348.65253,0
1766013300000,1.8578,1.8589,1.8553,1.8574,2751571.1,1766014199999,5109638.06047,11115,1272463.3,2363069.47954,0
1766014200000,1.8573,1.8619,1.8566,1.8610,2025731.3,1766015099999,3765951.60325,8310,1075336.9,1999073.64110,0
1766015100000,1.8609,1.8623,1.8600,1.8614,1837377.7,1766015999999,3419258.80410,6957,1053546.4,1960633.84746,0
1766016000000,1.8613,1.8636,1.8582,1.8595,3252241.0,1766016899999,6049923.63099,11636,1348624.1,2508679.76886,0
1766016900000,1.8595,1.8684,1.8582,1.8670,4274946.4,1766017799999,7968113.33980,12680,2837224.7,5288983.68469,0
1766017800000,1.8670,1.8684,1.8631,1.8639,2625439.7,1766018699999,4900085.30257,9720,1175952.4,2194614.68036,0
1766018700000,1.8638,1.8690,1.8635,1.8680,2037007.2,1766019599999,3803146.87883,8789,948773.0,1771108.35380,0
1766019600000,1.8680,1.8682,1.8525,1.8561,5627816.2,1766020499999,10460680.98085,19194,1992215.2,3702333.34348,0
1766020500000,1.8561,1.8601,1.8524,1.8563,3090466.3,1766021399999,5738951.88598,15087,1878815.3,3488771.66254,0
1766021400000,1.8562,1.8598,1.8527,1.8558,2356526.7,1766022299999,4374020.37357,12701,1398775.3,2596056.69849,0
1766022300000,1.8558,1.8585,1.8505,1.8549,3528980.4,1766023199999,6542828.30901,14881,1976662.2,3665134.87187,0
1766023200000,1.8550,1.8656,1.8521,1.8632,4273957.9,1766024099999,7945256.98284,20293,2458680.2,4571285.47491,0
1766024100000,1.8632,1.8714,1.8573,1.8619,7088253.3,1766024999999,13216889.28619,24946,3842249.9,7164054.39293,0
1766025000000,1.8618,1.8663,1.8611,1.8654,2770897.6,1766025899999,5163731.92765,15076,1325116.2,2469124.48059,0
1766025900000,1.8654,1.8671,1.8615,1.8624,2295588.0,1766026799999,4279819.62464,11790,1031968.6,1924060.54204,0
1766026800000,1.8624,1.8634,1.8590,1.8594,2160854.0,1766027699999,4021441.77623,11383,1246161.2,2319149.37117,0
1766027700000,1.8593,1.8593,1.8521,1.8528,3481611.1,1766028599999,6457624.57397,13049,1251423.7,2321151.20971,0
1766028600000,1.8528,1.8560,1.8507,1.8538,4253353.4,1766029499999,7883111.52297,16801,2152701.2,3990558.73128,0
1766029500000,1.8537,1.8558,1.8530,1.8548,1458141.2,1766030399999,2704051.93097,8994,734590.5,1362265.96605,0
1766030400000,1.8547,1.8608,1.8535,1.8573,3319131.5,1766031299999,6163572.83228,12964,1916578.5,3558510.31305,0
1766031300000,1.8573,1.8601,1.8559,1.8569,1630123.4,1766032199999,3028690.19528,7690,857923.5,1594036.99915,0
1766032200000,1.8569,1.8592,1.8541,1.8565,2196305.1,1766033099999,4077620.01494,9634,1267615.5,2353391.88141,0
1766033100000,1.8565,1.8567,1.8522,1.8528,2203175.1,1766033999999,4084111.53623,8905,1102317.0,2043591.57754,0
1766034000000,1.8528,1.8531,1.8409,1.8428,9398768.3,1766034899999,17356578.54263,20745,3272699.9,6042688.24064,0
1766034900000,1.8428,1.8438,1.8357,1.8359,9180541.9,1766035799999,16880763.68459,23283,3573683.0,6571742.61747,0
1766035800000,1.8360,1.8419,1.8303,1.8390,11405176.6,1766036699999,20927189.86696,26870,6482935.6,11895641.74360,0
1766036700000,1.8391,1.8396,1.8290,1.8305,6288410.2,1766037599999,11519594.11976,17578,3283676.5,6015670.77989,0
1766037600000,1.8304,1.8353,1.8287,1.8339,6318662.7,1766038499999,11577519.02534,17159,2796424.0,5124551.54839,0
1766038500000,1.8339,1.8356,1.8305,1.8314,2522868.3,1766039399999,4624214.02914,11593,1306251.9,2394394.29340,0
1766039400000,1.8314,1.8343,1.8291,1.8300,2496018.5,1766040299999,4571104.56466,12952,1178232.4,2157888.38724,0
1766040300000,1.8300,1.8338,1.8253,1.8322,4404406.9,1766041199999,8057413.37320,15606,1913916.2,3502123.49046,0
1766041200000,1.8323,1.8410,1.8322,1.8409,6355556.1,1766042099999,11671246.93139,17889,3829961.9,7033873.47902,0
1766042100000,1.8409,1.8431,1.8392,1.8429,3045926.7,1766042999999,5609170.33012,11608,1669614.6,3074909.47497,0
1766043000000,1.8429,1.8429,1.8349,1.8354,3328667.9,1766043899999,6119348.29625,13121,1259632.8,2315595.25584,0
1766043900000,1.8354,1.8404,1.8346,1.8403,3313501.7,1766044799999,6087489.40692,12062,1686013.2,3098000.61130,0
1766044800000,1.8403,1.8419,1.8367,1.8409,3983455.9,1766045699999,7327308.70806,14055,1754443.7,3227197.21261,0
1766045700000,1.8410,1.8484,1.8382,1.8451,6287958.4,1766046599999,11595692.37978,18117,3425269.3,6316633.38060,0
1766046600000,1.8451,1.8489,1.8432,1.8455,3407863.7,1766047499999,6292571.25132,13759,1762584.8,3254619.47067,0
1766047500000,1.8456,1.8536,1.8444,1.8531,10029959.8,1766048399999,18547863.41645,15940,6274718.4,11601130.25527,0
1766048400000,1.8531,1.8555,1.8477,1.8516,5999078.1,1766049299999,11107482.77666,17749,2189472.2,4055146.54343,0
1766049300000,1.8516,1.8574,1.8504,1.8573,3304157.6,1766050199999,6126443.23739,12833,1610271.0,2985983.65538,0
1766050200000,1.8573,1.8675,1.8564,1.8674,6890740.9,1766051099999,12830300.48400,20498,3889631.9,7242553.57776,0
1766051100000,1.8674,1.8713,1.8666,1.8685,5328532.6,1766051999999,9959822.86131,18453,2745877.9,5132131.35103,0
1766052000000,1.8684,1.8774,1.8675,1.8764,5299601.0,1766052899999,9928074.11917,16493,2680962.8,5022534.23474,0
1766052900000,1.8764,1.8794,1.8719,1.8767,3578193.5,1766053799999,6710948.37051,13701,1530432.9,2871232.37973,0
1766053800000,1.8768,1.8796,1.8714,1.8750,4905147.8,1766054699999,9199020.24394,16670,2021125.0,3789924.36106,0
1766054700000,1.8749,1.8766,1.8726,1.8758,2789616.1,1766055599999,5229902.15265,11428,1556860.3,2918816.96616,0
1766055600000,1.8758,1.8769,1.8701,1.8714,7090093.8,1766056499999,13279253.45711,17889,3195852.0,5985941.37780,0
1766056500000,1.8714,1.8723,1.8654,1.8672,5541677.2,1766057399999,10355009.68889,15935,2574789.8,4811205.42182,0
1766057400000,1.8673,1.8698,1.8657,1.8691,2671867.4,1766058299999,4991370.59140,11006,1487905.3,2779825.25579,0
1766058300000,1.8690,1.8772,1.8685,1.8772,3130704.4,1766059199999,5864473.51042,12743,1650739.9,3091825.43379,0
1766059200000,1.8773,1.8792,1.8713,1.8714,4356361.0,1766060099999,8174867.97654,12829,1708871.0,3206936.73626,0
1766060100000,1.8714,1.8784,1.8709,1.8750,2695231.9,1766060999999,5051747.36677,11075,1354027.5,2537968.05474,0
1766061000000,1.8750,1.8877,1.8750,1.8852,7034763.1,1766061899999,13247893.52857,22493,3687948.0,6943803.92960,0
1766061900000,1.8851,1.8872,1.8797,1.8813,3376509.9,1766062799999,6356600.29492,12871,1416559.7,2667249.33435,0
1766062800000,1.8813,1.8976,1.8811,1.8955,10697170.6,1766063699999,20220017.14034,33939,5756910.1,10881911.88914,0
1766063700000,1.8956,1.8973,1.8891,1.8906,7534815.6,1766064599999,14257530.41335,23854,3399443.6,6432700.14745,0
1766064600000,1.8906,1.9187,1.8906,1.9166,30853914.2,1766065499999,58807519.85414,82293,16019048.5,30528717.31629,0
1766065500000,1.9166,1.9232,1.9121,1.9126,23173097.2,1766066399999,44435266.76734,51810,11760800.7,22550235.63763,0
1766066400000,1.9127,1.9254,1.8904,1.8922,26161100.8,1766067299999,49932141.11974,56334,12661586.2,24192027.04748,0
1766067300000,1.8922,1.9125,1.8919,1.9085,12682369.6,1766068199999,24162944.91097,36600,5917723.8,11269615.65166,0
1766068200000,1.9086,1.9208,1.8900,1.8931,26414979.1,1766069099999,50218591.17681,77012,14622410.0,27799726.95382,0
1766069100000,1.8931,1.9044,1.8882,1.9016,8926239.3,1766069999999,16939944.29935,39020,4381367.7,8317417.77757,0
1766070000000,1.9016,1.9105,1.8947,1.8991,8934534.3,1766070899999,16990845.57877,36332,4296840.5,8172438.45338,0
1766070900000,1.8992,1.9194,1.8958,1.9183,9520889.5,1766071799999,18178775.08954,34769,5289218.3,10098618.99317,0
1766071800000,1.9184,1.9333,1.9118,1.9275,24631184.9,1766072699999,47414927.02969,51011,16065911.1,30925716.77014,0
1766072700000,1.9275,1.9276,1.9148,1.9190,11446764.5,1766073599999,21982391.44870,29419,4908798.5,9430695.17664,0
1766073600000,1.9189,1.9201,1.9112,1.9113,7505093.8,1766074499999,14382945.21171,25412,2804956.9,5376331.64930,0
1766074500000,1.9113,1.9167,1.9046,1.9080,10116563.2,1766075399999,19334578.79697,27536,3272785.8,6254233.62684,0
1766075400000,1.9080,1.9138,1.9049,1.9126,4716020.5,1766076299999,9005856.51207,16289,2438943.0,4657657.77787,0
1766076300000,1.9127,1.9140,1.9073,1.9095,3396617.8,1766077199999,6488926.83649,12780,1563901.7,2987810.29252,0
1766077200000,1.9095,1.9099,1.8657,1.8681,27421151.8,1766078099999,51655036.94311,69855,11868109.7,22349583.01506,0
1766078100000,1.8681,1.8681,1.8375,1.8526,39535961.5,1766078999999,73140558.40889,102086,20738534.3,38363161.96659,0
1766079000000,1.8526,1.8721,1.8456,1.8695,14502047.9,1766079899999,26957386.40873,50212,7432218.9,13822082.75602,0
1766079900000,1.8695,1.8716,1.8599,1.8657,8049795.0,1766080799999,15019389.07538,30682,3901439.6,7279346.95703,0
1766080800000,1.8657,1.8760,1.8606,1.8720,7874336.6,1766081699999,14706717.69842,30588,4553108.3,8505274.48824,0
1766081700000,1.8720,1.8732,1.8559,1.8584,5862845.4,1766082599999,10929768.22042,25295,2448065.4,4565065.98262,0
1766082600000,1.8585,1.8650,1.8568,1.8592,4572796.4,1766083499999,8513421.38847,19621,2506352.6,4666591.38487,0
1766083500000,1.8592,1.8593,1.8389,1.8425,12726094.2,1766084399999,23495929.37370,34140,5687658.4,10493646.50145,0
1766084400000,1.8425,1.8452,1.8276,1.8337,16841419.0,1766085299999,30904365.87711,45260,7828480.6,14367081.74733,0
1766085300000,1.8337,1.8407,1.8264,1.8334,11392048.4,1766086199999,20877063.80494,37758,4852222.8,8893023.32551,0
1766086200000,1.8334,1.8369,1.8106,1.8136,19248492.9,1766087099999,35050949.58763,55152,8917916.9,16240333.91012,0
1766087100000,1.8136,1.8160,1.7987,1.8052,26408513.5,1766087999999,47679330.11939,63349,11116604.6,20076686.11070,0
1766088000000,1.8052,1.8220,1.8039,1.8184,12987497.4,1766088899999,23578881.66120,45142,7029862.5,12760967.81837,0
1766088900000,1.8183,1.8203,1.8096,1.8123,8308364.2,1766089799999,15090083.00511,33652,3753874.9,6818391.32651,0
1766089800000,1.8123,1.8140,1.8070,1.8073,7486178.2,1766090699999,13551512.79650,29533,3777031.1,6837468.80781,0
1766090700000,1.8073,1.8107,1.7975,1.8004,17907620.2,1766091599999,32307047.09238,40398,6573979.6,11864772.00853,0
1766091600000,1.8000,1.8173,1.8000,1.8146,14354389.9,1766092499999,26008745.78846,39244,7802024.7,14135284.99582,0
1766092500000,1.8145,1.8201,1.8084,1.8181,15916946.5,1766093399999,28879174.11451,31191,8279374.0,15025299.97289,0
1766093400000,1.8180,1.8226,1.8092,1.8126,8847988.2,1766094299999,16072693.29729,27142,4423081.1,8035639.33164,0
1766094300000,1.8125,1.8194,1.8111,1.8186,4286071.5,1766095199999,7786317.19599,16841,2149784.3,3905244.83457,0
1766095200000,1.8185,1.8239,1.8152,1.8171,6140994.5,1766096099999,11174011.49896,18993,3708707.8,6748037.85526,0
1766096100000,1.8171,1.8194,1.8129,1.8185,2736303.7,1766096999999,4970257.14039,11073,1335564.7,2426317.33075,0
1766097000000,1.8186,1.8216,1.8137,1.8160,3036639.7,1766097899999,5519700.47966,14384,1701052.7,3092040.51448,0
1766097900000,1.8160,1.8198,1.8148,1.8177,1268545.9,1766098799999,2305669.83145,8942,734677.6,1335319.94300,0
1766098800000,1.8177,1.8179,1.8102,1.8146,4262236.0,1766099699999,7730305.99315,16181,1863319.6,3379195.80080,0
1766099700000,1.8145,1.8146,1.8085,1.8095,3828183.2,1766100599999,6932988.98066,11181,1593423.5,2885653.56890,0
1766100600000,1.8094,1.8130,1.8063,1.8069,2684858.7,1766101499999,4858867.82561,9680,1157605.2,2095230.00203,0
1766101500000,1.8069,1.8097,1.8056,1.8067,2971887.1,1766102399999,5370918.53521,9874,1641360.4,2966426.53863,0
1766102400000,1.8067,1.8107,1.8032,1.8058,6858700.8,1766103299999,12393605.85110,17718,4176236.8,7547066.18657,0
1766103300000,1.8057,1.8074,1.7877,1.7879,11548136.3,1766104199999,20749409.58523,28569,4025241.0,7234784.88806,0
1766104200000,1.7880,1.7910,1.7808,1.7812,12341563.6,1766105099999,22042436.00204,39162,6003341.2,10723231.43638,0
1766105100000,1.7812,1.7941,1.7801,1.7920,7556663.8,1766105999999,13511920.16017,28460,4721292.5,8441871.00923,0
1766106000000,1.7920,1.7921,1.7800,1.7844,6381845.0,1766106899999,11383404.30555,26645,2746676.2,4899307.94331,0
1766106900000,1.7843,1.7903,1.7750,1.7752,7290885.4,1766107799999,12989588.86445,27628,2996274.0,5341584.87071,0
1766107800000,1.7752,1.7777,1.7707,1.7733,8275726.4,1766108699999,14686388.69136,31411,4125594.2,7322090.23438,0
1766108700000,1.7734,1.7833,1.7703,1.7818,5640347.8,1766109599999,10025482.31132,23428,3017016.5,5362800.74951,0
1766109600000,1.7817,1.7817,1.7731,1.7755,7024586.6,1766110499999,12488801.21720,25618,3474648.5,6177318.21322,0
1766110500000,1.7755,1.7875,1.7733,1.7848,6805966.8,1766111399999,12113275.90506,21705,3795252.8,6752632.76396,0
1766111400000,1.7847,1.7862,1.7784,1.7856,5832462.5,1766112299999,10403300.27517,21993,3229653.3,5760977.86898,0
1766112300000,1.7857,1.7979,1.7853,1.7930,10567427.6,1766113199999,18949134.25090,28064,5375771.2,9637882.56709,0
1766113200000,1.7930,1.8189,1.7927,1.8164,19718480.5,1766114099999,35662847.02590,55331,10058709.0,18195223.12841,0
1766114100000,1.8163,1.8427,1.8034,1.8401,26803175.6,1766114999999,48975528.70331,70700,13094366.0,23936681.21999,0
1766115000000,1.8400,1.8524,1.8306,1.8409,22744113.7,1766115899999,41864040.24121,67102,10935289.4,20125872.22861,0
1766115900000,1.8409,1.8525,1.8350,1.8390,12528519.7,1766116799999,23093460.81794,41249,6148309.3,11337704.68913,0
1766116800000,1.8390,1.8485,1.8367,1.8475,11458773.6,1766117699999,21117591.82868,35901,7603214.4,14011636.03491,0
1766117700000,1.8474,1.8489,1.8412,1.8445,3901533.4,1766118599999,7200399.12015,21071,1890965.7,3489986.15331,0
1766118600000,1.8446,1.8481,1.8358,1.8396,9482903.4,1766119499999,17458408.95475,23205,4406642.7,8114938.98752,0
1766119500000,1.8396,1.8429,1.8379,1.8388,3075207.8,1766120399999,5658234.82942,16766,1497803.2,2755900.86325,0
1766120400000,1.8389,1.8395,1.8276,1.8331,10259150.1,1766121299999,18798755.20482,29464,5034125.2,9224876.50929,0
1766121300000,1.8332,1.8334,1.8248,1.8282,7318144.7,1766122199999,13378091.14849,22185,3020494.0,5521624.92670,0
1766122200000,1.8281,1.8331,1.8255,1.8292,3765250.9,1766123099999,6889195.35963,15394,2046364.8,3745137.23220,0
1766123100000,1.8293,1.8334,1.8264,1.8273,4762262.0,1766123999999,8709397.14660,14275,2559814.1,4681858.59512,0
1766124000000,1.8274,1.8347,1.8241,1.8319,5409659.7,1766124899999,9900276.97622,16127,3212750.5,5878005.68493,0
1766124900000,1.8319,1.8361,1.8281,1.8358,4397842.6,1766125799999,8054340.73739,15562,2807825.8,5142789.66590,0
1766125800000,1.8359,1.8446,1.8339,1.8440,5259054.8,1766126699999,9676348.30974,17724,2697178.3,4962689.07090,0
1766126700000,1.8441,1.8509,1.8382,1.8500,7413912.8,1766127599999,13684775.49010,22408,3574059.7,6598179.11174,0
1766127600000,1.8500,1.8758,1.8499,1.8687,16603255.9,1766128499999,30952144.30174,53512,8127160.0,15149791.46320,0
1766128500000,1.8686,1.8712,1.8602,1.8619,13812680.7,1766129399999,25756087.43400,33246,5608051.5,10456892.16047,0
1766129400000,1.8620,1.8667,1.8579,1.8644,6946981.9,1766130299999,12933817.08488,22421,3702093.3,6892706.64545,0
1766130300000,1.8644,1.8668,1.8622,1.8665,3714615.2,1766131199999,6927886.08842,16281,1827848.8,3409212.96897,0
1766131200000,1.8665,1.8694,1.8612,1.8629,4824747.2,1766132099999,9003165.95141,19896,2141058.7,3996084.24236,0
1766132100000,1.8629,1.8664,1.8584,1.8589,3968706.1,1766132999999,7390308.64201,14997,1649168.6,3071003.49829,0
1766133000000,1.8589,1.8698,1.8587,1.8663,5123274.1,1766133899999,9556082.39010,17265,2577596.8,4806642.98103,0
1766133900000,1.8663,1.8710,1.8654,1.8656,4674537.9,1766134799999,8733504.84736,18223,2708043.6,5059673.24160,0
1766134800000,1.8656,1.8690,1.8631,1.8661,3428583.6,1766135699999,6398081.87624,14886,1546624.4,2886465.86235,0
1766135700000,1.8661,1.8674,1.8641,1.8647,2298275.1,1766136599999,4287764.61305,9204,979778.8,1827896.45793,0
1766136600000,1.8648,1.8682,1.8612,1.8640,3723422.6,1766137499999,6941491.05803,13667,1789760.6,3336654.62773,0
1766137500000,1.8641,1.8648,1.8610,1.8644,2885573.3,1766138399999,5376271.93192,11695,1406031.8,2619572.69086,0
1766138400000,1.8644,1.8686,1.8605,1.8671,4624597.4,1766139299999,8623999.60437,13285,1870749.1,3489524.29716,0
1766139300000,1.8671,1.8684,1.8618,1.8631,4139130.3,1766140199999,7718021.20027,11770,1520483.6,2834928.74735,0
1766140200000,1.8632,1.8662,1.8631,1.8645,2279184.9,1766141099999,4250704.17436,8676,1166872.4,2176157.29992,0
1766141100000,1.8645,1.8670,1.8634,1.8664,2550295.8,1766141999999,4755956.73733,9230,1444456.2,2693706.04616,0
1766142000000,1.8665,1.8687,1.8628,1.8678,2927174.7,1766142899999,5460647.79931,11544,1390268.4,2593588.37840,0
1766142900000,1.8678,1.8682,1.8645,1.8666,2282213.6,1766143799999,4259850.69858,9120,1136124.0,2120654.02270,0
1766143800000,1.8667,1.8710,1.8647,1.8695,4929246.3,1766144699999,9210706.05386,11090,2731125.6,5103335.47341,0
1766144700000,1.8695,1.8711,1.8687,1.8696,1937321.3,1766145599999,3622543.72980,7539,737301.2,1378656.88617,0
1766145600000,1.8697,1.8740,1.8648,1.8724,5482368.4,1766146499999,10245238.02046,16871,2725984.6,5095534.05064,0
1766146500000,1.8724,1.8752,1.8699,1.8729,3510064.7,1766147399999,6573612.61345,12483,1755146.4,3287149.57971,0
1766147400000,1.8730,1.8800,1.8706,1.8778,7853169.3,1766148299999,14729400.75347,18512,5636270.8,10572017.64814,0
1766148300000,1.8778,1.8872,1.8765,1.8792,11512341.3,1766149199999,21661035.07247,26196,6776518.6,12750705.82619,0
1766149200000,1.8791,1.8834,1.8770,1.8824,3645353.0,1766150099999,6854431.10318,15129,1743977.6,3279025.71133,0
1766150100000,1.8825,1.8842,1.8786,1.8789,2909012.9,1766150999999,5471354.90744,12873,1130798.6,2126814.72228,0
1766151000000,1.8790,1.8790,1.8688,1.8725,7932371.3,1766151899999,14855729.86547,23434,3673377.3,6878088.45416,0
1766151900000,1.8725,1.8725,1.8621,1.8665,9226919.5,1766152799999,17229964.00525,22294,3558307.9,6646402.14814,0
1766152800000,1.8665,1.8791,1.8647,1.8762,5725079.2,1766153699999,10721194.04815,18895,3246583.3,6079306.15252,0
1766153700000,1.8763,1.8807,1.8646,1.8711,7339057.8,1766154599999,13744270.64765,23811,3430732.3,6426565.54924,0
1766154600000,1.8711,1.8887,1.8627,1.8881,16055263.5,1766155499999,30031851.90413,47893,7707369.7,14423750.88766,0
1766155500000,1.8881,1.8899,1.8701,1.8763,16690728.4,1766156399999,31349889.19808,45873,6881385.6,12931189.94976,0
1766156400000,1.8762,1.8880,1.8734,1.8851,8141613.4,1766157299999,15307741.71130,33496,4596283.1,8643659.98714,0
1766157300000,1.8851,1.9043,1.8733,1.8768,29784094.3,1766158199999,56190781.83173,79984,14355960.7,27094528.52967,0
1766158200000,1.8768,1.8838,1.8706,1.8784,9120304.5,1766159099999,17130198.39629,30874,4750394.8,8923726.08060,0
1766159100000,1.8784,1.8795,1.8722,1.8746,5869109.8,1766159999999,11008140.43088,24030,2773489.2,5202192.61212,0
1766160000000,1.8746,1.8928,1.8731,1.8901,9305203.5,1766160899999,17536280.75015,31739,4193988.5,7903880.49190,0
1766160900000,1.8900,1.8934,1.8861,1.8893,4629030.0,1766161799999,8746284.81033,20426,1763307.7,3331531.48729,0
1766161800000,1.8893,1.9022,1.8876,1.8937,9581525.5,1766162699999,18166307.83256,28534,5779715.7,10961101.31148,0
1766162700000,1.8936,1.8958,1.8843,1.8877,8177306.1,1766163599999,15459434.06360,22174,2955305.3,5586635.25922,0
1766163600000,1.8877,1.9073,1.8872,1.9025,15047117.9,1766164499999,28562485.94757,31244,8538259.3,16194857.93500,0
1766164500000,1.9025,1.9075,1.8904,1.8905,12391878.1,1766165399999,23544234.49000,26785,4399925.0,8364024.63593,0
1766165400000,1.8906,1.8935,1.8769,1.8804,13292139.5,1766166299999,25033831.97652,39400,6076947.6,11446493.24546,0
1766166300000,1.8803,1.8899,1.8722,1.8730,12535767.7,1766167199999,23575966.75096,30973,5523525.5,10389480.81797,0
1766167200000,1.8729,1.8819,1.8729,1.8818,4661864.4,1766168099999,8751128.92175,22033,2402373.4,4509444.71313,0
1766168100000,1.8819,1.8910,1.8797,1.8892,5727798.6,1766168999999,10799948.65917,20433,2905319.9,5478677.90428,0
1766169000000,1.8891,1.8903,1.8844,1.8878,2703426.7,1766169899999,5100300.56053,12913,1016387.6,1917596.56432,0
1766169900000,1.8877,1.8978,1.8848,1.8930,7636262.9,1766170799999,14456283.43958,17911,3734415.9,7069301.99022,0
1766170800000,1.8930,1.9020,1.8930,1.8996,4924255.6,1766171699999,9347038.94575,18305,2800544.2,5315401.46007,0
1766171700000,1.8995,1.9109,1.8989,1.9071,8561119.6,1766172599999,16321839.66711,25445,5084365.5,9693800.59056,0
1766172600000,1.9070,1.9170,1.9049,1.9164,10802157.9,1766173499999,20655205.80943,28454,5606738.7,10721341.34781,0
1766173500000,1.9164,1.9175,1.9055,1.9068,5385793.1,1766174399999,10297386.85611,20545,2003157.5,3829457.04722,0
1766174400000,1.9068,1.9114,1.9052,1.9088,4408316.1,1766175299999,8409970.51541,19738,2010328.9,3835431.77463,0
1766175300000,1.9087,1.9171,1.9073,1.9110,6265126.5,1766176199999,11988624.40105,19455,3333501.4,6379924.52148,0
1766176200000,1.9109,1.9214,1.9079,1.9098,7799488.2,1766177099999,14923564.89435,20257,4102179.8,7853157.94058,0
1766177100000,1.9099,1.9155,1.9025,1.9092,17608377.1,1766177999999,33594594.87932,28094,7080853.5,13512139.39931,0
1766178000000,1.9092,1.9092,1.9038,1.9064,4051840.9,1766178899999,7724819.76583,15302,1929225.8,3677907.31645,0
1766178900000,1.9065,1.9112,1.9048,1.9050,2111802.9,1766179799999,4027517.64023,12427,1131256.9,2157607.57220,0
1766179800000,1.9050,1.9088,1.9043,1.9047,1796218.6,1766180699999,3423681.62957,9187,911577.3,1737561.59574,0
1766180700000,1.9048,1.9057,1.8993,1.9017,3739035.1,1766181599999,7113152.30715,11616,1719036.9,3270620.96933,0
1766181600000,1.9017,1.9085,1.9000,1.9030,2623268.3,1766182499999,4996054.76936,12539,1573474.4,2996653.49259,0
1766182500000,1.9030,1.9090,1.9029,1.9083,1818330.5,1766183399999,3465637.87574,10932,1031191.0,1965320.68761,0
1766183400000,1.9083,1.9098,1.9056,1.9090,1692594.6,1766184299999,3229405.76288,6663,796437.0,1519587.71743,0
1766184300000,1.9090,1.9101,1.9063,1.9067,1069331.5,1766185199999,2040854.26772,6776,508504.0,970471.07820,0
1766185200000,1.9066,1.9066,1.9017,1.9020,3121669.6,1766186099999,5943517.13085,11913,1425427.3,2713713.23035,0
1766186100000,1.9019,1.9064,1.9018,1.9042,3387591.8,1766186999999,6450453.88387,7883,1788392.2,3405162.21295,0
1766187000000,1.9043,1.9056,1.9013,1.9049,1836119.0,1766187899999,3494325.69381,5958,991185.9,1886500.80220,0
1766187900000,1.9050,1.9088,1.9046,1.9082,2085313.1,1766188799999,3975940.41817,6522,1327012.3,2530113.33950,0
1766188800000,1.9083,1.9091,1.9006,1.9070,4875799.7,1766189699999,9289155.35353,13954,1949494.8,3713327.94418,0
1766189700000,1.9070,1.9088,1.9036,1.9076,2472535.1,1766190599999,4714605.80043,10698,1351220.4,2576315.64132,0
1766190600000,1.9076,1.9085,1.9032,1.9032,1729855.7,1766191499999,3297610.25462,8372,763689.6,1455880.68986,0
1766191500000,1.9032,1.9075,1.9003,1.9054,4567068.6,1766192399999,8695485.05122,11115,2372881.4,4519020.90952,0
1766192400000,1.9053,1.9063,1.9022,1.9023,1109993.4,1766193299999,2113379.08349,5909,559333.0,1064977.74166,0
1766193300000,1.9023,1.9057,1.9006,1.9023,2245465.2,1766194199999,4271977.34741,7000,1405574.6,2674037.59386,0
1766194200000,1.9023,1.9039,1.9010,1.9011,1166595.1,1766195099999,2219470.94424,5653,684453.6,1302222.85753,0
1766195100000,1.9010,1.9036,1.9008,1.9017,1502257.4,1766195999999,2857042.38348,5859,958551.0,1822984.26451,0
1766196000000,1.9017,1.9022,1.8972,1.8981,2500149.2,1766196899999,4747844.54763,10122,1159711.1,2202313.28250,0
1766196900000,1.8981,1.9015,1.8956,1.8965,2417409.9,1766197799999,4589344.00886,9858,1045247.1,1984835.64684,0
1766197800000,1.8965,1.9008,1.8923,1.9003,7001609.4,1766198699999,13271666.19163,14914,3278160.8,6215996.69562,0
1766198700000,1.9003,1.9003,1.8955,1.8966,1998533.4,1766199599999,3792178.66360,6783,678361.8,1287244.89570,0
1766199600000,1.8966,1.8988,1.8941,1.8948,1706993.9,1766200499999,3237376.74907,6482,609497.2,1156014.50468,0
1766200500000,1.8948,1.9000,1.8945,1.8994,1452980.3,1766201399999,2757385.41573,7420,886808.7,1683009.27555,0
1766201400000,1.8994,1.9068,1.8994,1.9043,3821106.0,1766202299999,7274877.04976,11134,2631606.4,5009731.88395,0
1766202300000,1.9043,1.9054,1.9028,1.9031,1038037.0,1766203199999,1976301.47976,5596,514969.1,980430.52995,0
1766203200000,1.9030,1.9053,1.8975,1.8993,4027320.1,1766204099999,7653319.15748,10206,1238169.0,2353569.91689,0
1766204100000,1.8993,1.9020,1.8990,1.9007,1263548.7,1766204999999,2401063.24080,5564,699165.2,1328675.12312,0
1766205000000,1.9008,1.9030,1.9004,1.9026,1307732.4,1766205899999,2486574.98970,5625,869336.7,1652941.44509,0
1766205900000,1.9025,1.9066,1.9019,1.9033,1562647.6,1766206799999,2975648.32720,7082,847891.7,1614577.38477,0
1766206800000,1.9034,1.9061,1.9033,1.9054,1672864.5,1766207699999,3186520.65423,8717,985320.0,1876893.46795,0
1766207700000,1.9054,1.9113,1.9053,1.9112,3091804.1,1766208599999,5900602.28593,12348,1930916.2,3684886.57906,0
1766208600000,1.9111,1.9176,1.9097,1.9141,4357636.4,1766209499999,8342666.87233,13363,2432404.5,4656644.81879,0
1766209500000,1.9141,1.9142,1.9118,1.9129,1815073.5,1766210399999,3471948.42893,6792,821720.0,1571906.58927,0
1766210400000,1.9129,1.9157,1.9120,1.9152,1488393.5,1766211299999,2848903.06658,10543,869911.8,1665098.91470,0
1766211300000,1.9152,1.9152,1.9134,1.9143,931177.3,1766212199999,1782602.53504,5944,404818.6,774941.69335,0
1766212200000,1.9143,1.9155,1.9133,1.9145,1266970.3,1766213099999,2425091.91099,5296,671585.7,1285445.97966,0
1766213100000,1.9145,1.9160,1.9128,1.9159,1513557.2,1766213999999,2897744.34330,6291,774038.7,1481916.76656,0
1766214000000,1.9158,1.9177,1.9080,1.9095,3390158.2,1766214899999,6483693.26034,13409,1392767.0,2664455.61502,0
1766214900000,1.9096,1.9096,1.9055,1.9096,2104748.5,1766215799999,4013864.68658,11200,923796.6,1761841.54132,0
1766215800000,1.9096,1.9132,1.9081,1.9122,1810018.6,1766216699999,3458268.42331,8460,896038.0,1712070.50920,0
1766216700000,1.9122,1.9140,1.9120,1.9131,926973.2,1766217599999,1773194.48764,6060,423645.1,810410.24825,0
1766217600000,1.9131,1.9191,1.9129,1.9179,3928047.4,1766218499999,7529730.59217,13801,2523363.0,4836600.74094,0
1766218500000,1.9180,1.9273,1.9171,1.9272,6724341.7,1766219399999,12931862.41119,17563,4208672.6,8093809.10078,0
1766219400000,1.9273,1.9388,1.9267,1.9319,12334781.5,1766220299999,23840459.50632,27397,7334926.4,14177655.52135,0
1766220300000,1.9318,1.9360,1.9271,1.9285,4731603.4,1766221199999,9133374.08308,14716,2375341.4,4585299.54783,0
1766221200000,1.9285,1.9362,1.9283,1.9320,4198529.7,1766222099999,8112398.05691,14866,2142084.7,4139019.52810,0
1766222100000,1.9321,1.9414,1.9311,1.9403,5579093.5,1766222999999,10811668.53606,15546,2688979.0,5210345.13216,0
1766223000000,1.9404,1.9577,1.9404,1.9549,17255368.0,1766223899999,33643747.30769,35370,10242416.6,19963094.20918,0
1766223900000,1.9549,1.9554,1.9456,1.9480,5985986.7,1766224799999,11673065.04428,16368,2482772.4,4842230.25394,0
1766224800000,1.9480,1.9558,1.9480,1.9512,5474045.2,1766225699999,10686436.61667,17875,2963100.9,5784278.69706,0
1766225700000,1.9511,1.9525,1.9443,1.9457,5053619.9,1766226599999,9844880.72537,16575,1797181.5,3500524.51798,0
1766226600000,1.9456,1.9484,1.9385,1.9477,9335737.4,1766227499999,18130786.88155,18706,5100004.1,9903709.61839,0
1766227500000,1.9477,1.9486,1.9390,1.9394,2664774.6,1766228399999,5179234.68493,11674,1113114.3,2163362.08426,0
1766228400000,1.9394,1.9415,1.9305,1.9316,8558167.9,1766229299999,16563745.08116,24583,3335213.7,6455372.35744,0
1766229300000,1.9315,1.9423,1.9302,1.9389,9966092.8,1766230199999,19310884.25036,17934,4771330.3,9241587.70091,0
1766230200000,1.9389,1.9417,1.9380,1.9412,3005530.0,1766231099999,5831290.22280,9456,1540368.5,2988687.83777,0
1766231100000,1.9411,1.9441,1.9398,1.9425,2929216.8,1766231999999,5688818.58299,9546,1176183.8,2284451.70021,0
1766232000000,1.9425,1.9470,1.9415,1.9449,3182196.6,1766232899999,6187381.22057,12341,1629603.0,3168575.05647,0
1766232900000,1.9449,1.9458,1.9404,1.9414,2127960.9,1766233799999,4135523.07891,8607,959598.8,1865223.64799,0
1766233800000,1.9414,1.9430,1.9380,1.9406,2938381.5,1766234699999,5701617.29281,8953,1458209.9,2829753.68648,0
1766234700000,1.9405,1.9417,1.9392,1.9401,1437331.1,1766235599999,2788991.09723,5687,594576.5,1153755.31407,0
1766235600000,1.9400,1.9423,1.9284,1.9297,7005601.7,1766236499999,13546569.52206,17913,3203333.6,6196066.03581,0
1766236500000,1.9296,1.9319,1.9193,1.9201,14991081.2,1766237399999,28850424.74533,28648,6131136.1,11799948.82877,0
1766237400000,1.9200,1.9286,1.9192,1.9279,6512597.4,1766238299999,12529971.47888,17276,4134632.7,7954544.49808,0
1766238300000,1.9279,1.9311,1.9268,1.9272,3319268.7,1766239199999,6403593.92996,10299,1827047.6,3524686.19253,0
1766239200000,1.9272,1.9272,1.9195,1.9219,4123992.3,1766240099999,7926165.11687,13694,1923040.3,3695417.26463,0
1766240100000,1.9219,1.9244,1.9214,1.9226,1888667.2,1766240999999,3631167.02953,8430,915567.3,1760302.26409,0
1766241000000,1.9225,1.9249,1.9194,1.9246,2874911.2,1766241899999,5524893.82589,9204,1361743.8,2617273.36262,0
1766241900000,1.9245,1.9295,1.9238,1.9279,3436504.3,1766242799999,6622472.83573,10405,1937562.8,3733684.20654,0
1766242800000,1.9280,1.9333,1.9242,1.9328,3092433.5,1766243699999,5962361.66434,11968,1625563.8,3134860.17905,0
1766243700000,1.9328,1.9345,1.9132,1.9199,18431597.4,1766244599999,35422869.80979,26156,5561386.6,10689464.75469,0
1766244600000,1.9198,1.9232,1.9188,1.9206,3273150.7,1766245499999,6287329.63546,10145,1809141.0,3475362.11556,0
1766245500000,1.9205,1.9221,1.9185,1.9204,1966726.9,1766246399999,3776916.89559,7051,1120364.9,2151628.91217,0
1766246400000,1.9204,1.9256,1.9196,1.9250,4026631.0,1766247299999,7740064.68167,10122,2336262.3,4491146.35549,0
1766247300000,1.9249,1.9298,1.9228,1.9256,5773312.2,1766248199999,11118722.84560,11021,4175022.8,8041274.44350,0
1766248200000,1.9256,1.9293,1.9231,1.9248,2016017.4,1766249099999,3883629.59492,8020,928818.7,1789271.47471,0
1766249100000,1.9248,1.9279,1.9246,1.9279,1249884.2,1766249999999,2407768.88710,5705,741684.2,1428785.78406,0
1766250000000,1.9279,1.9308,1.9239,1.9257,2020499.4,1766250899999,3895311.54686,9575,928523.8,1790387.16957,0
1766250900000,1.9257,1.9268,1.9222,1.9223,1653935.5,1766251799999,3183054.91095,7914,653662.8,1258099.23019,0
1766251800000,1.9222,1.9236,1.9202,1.9223,1592040.7,1766252699999,3059659.35727,7241,773946.0,1487469.47701,0
1766252700000,1.9222,1.9240,1.9221,1.9234,1155872.3,1766253599999,2222884.72618,5153,670131.7,1288840.95218,0
1766253600000,1.9234,1.9254,1.9184,1.9188,2047958.2,1766254499999,3934897.73325,7896,827334.6,1589324.10798,0
1766254500000,1.9189,1.9214,1.9188,1.9205,1163678.4,1766255399999,2234535.26865,5786,636293.2,1221859.40647,0
1766255400000,1.9205,1.9223,1.9187,1.9204,1063021.3,1766256299999,2040824.94544,5870,448513.5,861045.90654,0
1766256300000,1.9204,1.9256,1.9191,1.9222,1751376.9,1766257199999,3366587.19511,7474,1101035.7,2116519.61247,0
1766257200000,1.9222,1.9226,1.9189,1.9217,1508631.4,1766258099999,2897295.37342,7926,783766.8,1505239.56512,0
1766258100000,1.9217,1.9217,1.9194,1.9210,627334.5,1766258999999,1204726.70645,4062,352450.2,676841.23767,0
1766259000000,1.9210,1.9222,1.9201,1.9208,555292.2,1766259899999,1066741.36434,3529,331668.3,637094.10625,0
1766259900000,1.9209,1.9255,1.9201,1.9242,1018134.7,1766260799999,1958133.83393,5152,592128.2,1138773.48566,0
1766260800000,1.9241,1.9276,1.9227,1.9258,1566239.6,1766261699999,3016015.04854,7928,878104.2,1691028.35388,0
1766261700000,1.9258,1.9259,1.9240,1.9240,980912.7,1766262599999,1888210.14855,7365,528801.3,1017896.27928,0
1766262600000,1.9240,1.9261,1.9228,1.9235,808039.7,1766263499999,1554702.84370,4504,488174.7,939238.88144,0
1766263500000,1.9236,1.9267,1.9234,1.9264,660745.2,1766264399999,1271771.44148,3550,429480.7,826600.18148,0
1766264400000,1.9264,1.9290,1.9245,1.9245,1915072.1,1766265299999,3689786.56443,9057,1008131.0,1942542.12979,0
1766265300000,1.9246,1.9277,1.9242,1.9253,1244188.5,1766266199999,2396102.46450,5776,610695.5,1176047.16483,0
1766266200000,1.9253,1.9301,1.9253,1.9288,1368310.6,1766267099999,2638832.46991,5815,800505.9,1543762.83988,0
1766267100000,1.9288,1.9309,1.9269,1.9308,1740081.6,1766267999999,3356080.53168,7593,882642.7,1702512.58903,0
1766268000000,1.9308,1.9336,1.9284,1.9316,2163123.6,1766268899999,4176608.02249,10223,1046963.4,2021720.63299,0
1766268900000,1.9317,1.9318,1.9248,1.9292,1420292.5,1766269799999,2738541.93615,7448,617553.3,1190625.46708,0
1766269800000,1.9292,1.9326,1.9290,1.9304,1375836.4,1766270699999,2657123.91702,6427,842916.2,1627947.03351,0
1766270700000,1.9304,1.9370,1.9294,1.9326,1713264.3,1766271599999,3312602.78104,8725,967163.4,1870035.29004,0
1766271600000,1.9326,1.9349,1.9299,1.9335,1454535.1,1766272499999,2809958.91802,8510,819447.6,1582984.22826,0
1766272500000,1.9336,1.9358,1.9311,1.9329,1294252.7,1766273399999,2502291.81930,5711,677440.3,1309693.81066,0
1766273400000,1.9330,1.9337,1.9304,1.9309,935667.1,1766274299999,1807622.71422,4678,435567.7,841385.12897,0
1766274300000,1.9310,1.9333,1.9295,1.9323,1479257.5,1766275199999,2856600.52655,5185,649432.3,1254147.49862,0
1766275200000,1.9324,1.9365,1.9289,1.9294,5567297.2,1766276099999,10764487.45812,11691,1754641.3,3392389.03407,0
1766276100000,1.9295,1.9388,1.9291,1.9353,2902890.9,1766276999999,5616842.35465,9005,1805370.3,3493107.31192,0
1766277000000,1.9353,1.9355,1.9298,1.9330,2238825.0,1766277899999,4324781.28841,8192,909120.6,1756118.66348,0
1766277900000,1.9331,1.9383,1.9325,1.9379,2389923.8,1766278799999,4627047.55027,7540,1720151.2,3330677.25112,0
1766278800000,1.9379,1.9393,1.9343,1.9352,3198643.0,1766279699999,6196061.69134,8567,991516.3,1921057.03896,0
1766279700000,1.9353,1.9410,1.9329,1.9409,2711976.8,1766280599999,5251168.87542,8548,1705408.4,3302548.61051,0
1766280600000,1.9409,1.9409,1.9286,1.9311,4350022.5,1766281499999,8412724.01336,14153,1921875.3,3716947.39772,0
1766281500000,1.9312,1.9331,1.9268,1.9275,4184039.3,1766282399999,8074694.90918,11576,1472754.1,2842461.63563,0
1766282400000,1.9275,1.9333,1.9232,1.9248,3899091.6,1766283299999,7511306.09090,14992,1676183.9,3229144.56391,0
1766283300000,1.9247,1.9247,1.9162,1.9211,4904002.0,1766284199999,9418206.10491,14853,2031325.2,3901301.16921,0
1766284200000,1.9212,1.9247,1.9168,1.9187,3163570.0,1766285099999,6077059.66034,10698,1867752.5,3588687.94422,0
1766285100000,1.9188,1.9240,1.9181,1.9236,2297169.6,1766285999999,4412878.03071,9110,1332348.9,2559503.90978,0
1766286000000,1.9236,1.9288,1.9224,1.9274,2510546.6,1766286899999,4836235.66916,11305,1340576.4,2582489.54232,0
1766286900000,1.9274,1.9376,1.9267,1.9334,6342434.5,1766287799999,12267214.39854,14465,4012205.9,7759885.20160,0
1766287800000,1.9334,1.9341,1.9285,1.9285,2918157.4,1766288699999,5637177.46690,8168,1325547.8,2561363.24653,0
1766288700000,1.9285,1.9300,1.9279,1.9287,902816.2,1766289599999,1741483.29456,4095,425891.3,821470.64741,0
1766289600000,1.9288,1.9292,1.9252,1.9263,1050118.0,1766290499999,2023904.83263,6210,488095.8,940712.22437,0
1766290500000,1.9264,1.9288,1.9260,1.9280,980744.0,1766291399999,1890305.75007,4884,494200.4,952538.44616,0
1766291400000,1.9280,1.9296,1.9246,1.9248,844872.9,1766292299999,1628102.10197,4503,484856.9,934405.28654,0
1766292300000,1.9249,1.9250,1.9232,1.9244,835591.6,1766293199999,1607708.56913,4524,406186.3,781512.70733,0
1766293200000,1.9244,1.9257,1.9228,1.9251,1326636.0,1766294099999,2552485.25976,6285,635483.3,1222751.08037,0
1766294100000,1.9251,1.9268,1.9216,1.9231,2489990.6,1766294999999,4790782.28024,7377,830463.2,1597591.06398,0
1766295000000,1.9231,1.9234,1.9208,1.9229,1317240.4,1766295899999,2532180.46141,4326,649042.8,1247621.73008,0
1766295900000,1.9229,1.9230,1.9209,1.9213,896390.8,1766296799999,1722724.24436,4135,348108.6,669035.97006,0
1766296800000,1.9214,1.9229,1.9201,1.9217,1224320.0,1766297699999,2352231.57198,6231,584955.6,1123937.92385,0
1766297700000,1.9218,1.9236,1.9187,1.9200,1835814.6,1766298599999,3525844.10468,8701,947715.5,1820195.94079,0
1766298600000,1.9200,1.9215,1.9197,1.9204,894765.0,1766299499999,1718314.25819,5360,423434.2,813186.92728,0
1766299500000,1.9205,1.9217,1.9194,1.9196,893176.4,1766300399999,1715364.13601,5057,339598.4,652204.61927,0
1766300400000,1.9195,1.9210,1.9179,1.9205,1188856.7,1766301299999,2281866.30173,6323,707743.8,1358444.37240,0
1766301300000,1.9205,1.9278,1.9193,1.9272,2462100.9,1766302199999,4736908.14680,8902,1725914.8,3320395.36260,0
1766302200000,1.9272,1.9276,1.9229,1.9231,1139040.4,1766303099999,2192067.79385,6805,469239.7,902997.37176,0
1766303100000,1.9232,1.9266,1.9222,1.9243,1223087.1,1766303999999,2353217.22706,5448,600223.7,1154731.51952,0
1766304000000,1.9244,1.9248,1.9211,1.9229,1072298.7,1766304899999,2062101.33171,7263,578371.0,1112220.38422,0
1766304900000,1.9229,1.9279,1.9225,1.9276,1171734.4,1766305799999,2256120.32604,7438,613748.1,1181788.84692,0
1766305800000,1.9275,1.9426,1.9270,1.9386,7800376.7,1766306699999,15104539.70031,20865,5114249.0,9904819.11979,0
1766306700000,1.9387,1.9409,1.9345,1.9350,3197146.8,1766307599999,6192364.20662,11459,1460684.0,2829128.63809,0
1766307600000,1.9351,1.9416,1.9312,1.9386,4232625.4,1766308499999,8195669.64309,14746,2257699.7,4371726.64626,0
1766308500000,1.9386,1.9436,1.9374,1.9410,3588570.4,1766309399999,6965860.66861,12298,1993612.9,3869645.62903,0
1766309400000,1.9411,1.9485,1.9399,1.9430,4920205.4,1766310299999,9568274.01484,16621,2563772.3,4986074.85096,0
1766310300000,1.9430,1.9475,1.9425,1.9450,3865303.1,1766311199999,7518351.70072,13738,1792005.7,3485580.17546,0
1766311200000,1.9450,1.9490,1.9408,1.9439,3678296.9,1766312099999,7154009.99633,12980,1718197.6,3341799.33661,0
1766312100000,1.9439,1.9446,1.9352,1.9355,3671905.6,1766312999999,7118070.10906,9973,1337462.9,2592411.04452,0
1766313000000,1.9356,1.9384,1.9327,1.9358,4005641.8,1766313899999,7753600.22929,12094,2037224.6,3943557.01002,0
1766313900000,1.9358,1.9362,1.9302,1.9332,2695884.0,1766314799999,5211294.65570,8885,1122611.9,2170234.38320,0
1766314800000,1.9333,1.9336,1.9305,1.9310,2066000.1,1766315699999,3991244.58885,8764,1024169.8,1978612.66846,0
1766315700000,1.9310,1.9353,1.9305,1.9346,2738350.4,1766316599999,5292812.08381,10055,1542346.7,2981105.62446,0
1766316600000,1.9347,1.9350,1.9315,1.9325,1604853.9,1766317499999,3101920.55419,6238,730086.6,1411054.28990,0
1766317500000,1.9325,1.9337,1.9307,1.9327,907225.9,1766318399999,1752693.76022,3981,492144.2,950838.95977,0
1766318400000,1.9328,1.9374,1.9315,1.9341,2447146.9,1766319299999,4733885.86009,8065,1089787.3,2108181.87057,0
1766319300000,1.9342,1.9373,1.9331,1.9355,2131001.0,1766320199999,4124780.25175,7133,1292462.9,2501533.51928,0
1766320200000,1.9355,1.9371,1.9263,1.9274,4641582.3,1766321099999,8965368.38057,14495,2165951.8,4185137.59645,0
1766321100000,1.9274,1.9304,1.9255,1.9285,2887225.4,1766321999999,5566174.81253,10704,1494829.5,2881853.98087,0
1766322000000,1.9285,1.9288,1.9122,1.9152,16107670.9,1766322899999,30898896.45539,34141,6236392.3,11963481.71997,0
1766322900000,1.9153,1.9157,1.9044,1.9076,14810821.0,1766323799999,28298466.45709,31763,7048535.7,13468764.61028,0
1766323800000,1.9076,1.9106,1.8971,1.8996,17987071.2,1766324699999,34213841.28179,44733,8324413.6,15836229.80030,0
1766324700000,1.8996,1.9020,1.8937,1.8980,8106356.2,1766325599999,15376908.73520,29904,3818234.8,7243272.06181,0
1766325600000,1.8980,1.9140,1.8958,1.9022,17146438.9,1766326499999,32653362.74985,37082,7798779.9,14852822.32295,0
1766326500000,1.9023,1.9081,1.9022,1.9043,5062267.7,1766327399999,9645528.64528,12580,2982013.2,5682528.17145,0
1766327400000,1.9044,1.9069,1.8988,1.9043,3186548.2,1766328299999,6065779.10044,12993,1257273.6,2393389.17397,0
1766328300000,1.9042,1.9067,1.9011,1.9064,1604296.6,1766329199999,3054159.86487,8282,889098.5,1692661.28714,0
1766329200000,1.9064,1.9067,1.8982,1.8996,3163547.8,1766330099999,6013313.44365,11428,1571057.4,2985790.04505,0
1766330100000,1.8996,1.9020,1.8984,1.9003,2343821.3,1766330999999,4452687.73109,8869,994591.4,1889557.73588,0
1766331000000,1.9003,1.9042,1.8982,1.9011,2223159.4,1766331899999,4226819.43637,9776,1259329.5,2394431.18412,0
1766331900000,1.9012,1.9085,1.9005,1.9037,3851478.1,1766332799999,7335839.05408,13057,2123084.7,4043916.16256,0
1766332800000,1.9037,1.9038,1.8982,1.8992,5144889.4,1766333699999,9779006.80175,12250,2399363.7,4560564.78263,0
1766333700000,1.8992,1.9078,1.8984,1.9044,2996910.2,1766334599999,5704037.38817,11287,1559461.8,2967945.05672,0
1766334600000,1.9044,1.9057,1.9036,1.9040,1275277.3,1766335499999,2428764.03286,6421,609803.3,1161370.18646,0
1766335500000,1.9039,1.9075,1.9029,1.9068,1858443.3,1766336399999,3539484.38930,6934,853052.5,1624876.35495,0
1766336400000,1.9069,1.9176,1.9055,1.9158,9447461.4,1766337299999,18073398.80782,16987,5794321.3,11082197.45096,0
1766337300000,1.9158,1.9159,1.9075,1.9085,5224101.4,1766338199999,9994128.51511,10714,1414717.5,2705399.73277,0
1766338200000,1.9086,1.9117,1.9064,1.9115,4060857.1,1766339099999,7753979.56518,9510,1843021.4,3519183.13352,0
1766339100000,1.9115,1.9115,1.9061,1.9072,2636611.4,1766339999999,5033538.26263,7117,1165157.4,2224251.71951,0
1766340000000,1.9072,1.9078,1.9009,1.9026,3708771.8,1766340899999,7058970.66719,12229,1756651.4,3343559.34803,0
1766340900000,1.9026,1.9065,1.9022,1.9060,1170346.0,1766341799999,2228876.91084,6083,679909.4,1294786.85428,0
1766341800000,1.9060,1.9102,1.9056,1.9083,2202554.7,1766342699999,4202073.47910,7990,974300.3,1858879.51907,0
1766342700000,1.9082,1.9126,1.9082,1.9116,1812011.6,1766343599999,3462482.08567,6984,1036014.6,1979650.50824,0
1766343600000,1.9116,1.9156,1.9115,1.9146,2279490.2,1766344499999,4362374.07396,8562,1324085.7,2533891.70909,0
1766344500000,1.9146,1.9156,1.9117,1.9125,1208594.1,1766345399999,2312613.00380,5449,525336.7,1005320.83416,0
1766345400000,1.9125,1.9143,1.9077,1.9142,1911647.5,1766346299999,3652459.05510,8164,786429.1,1502641.15160,0
1766346300000,1.9142,1.9187,1.9135,1.9171,3065889.2,1766347199999,5874848.28223,9413,1701853.9,3261412.31918,0
1766347200000,1.9171,1.9171,1.9109,1.9110,1492858.5,1766348099999,2856955.81880,6831,589830.6,1128662.43917,0
1766348100000,1.9110,1.9136,1.9108,1.9126,1070521.8,1766348999999,2046798.93919,6445,572239.6,1094081.44466,0
1766349000000,1.9126,1.9150,1.9126,1.9143,721045.1,1766349899999,1379999.12080,3997,435430.7,833336.64561,0
1766349900000,1.9144,1.9146,1.9110,1.9110,886121.7,1766350799999,1694940.81350,4548,363773.6,695922.34545,0
1766350800000,1.9111,1.9125,1.9084,1.9116,1489463.8,1766351699999,2845331.79142,7265,946716.7,1808534.70126,0
1766351700000,1.9115,1.9161,1.9109,1.9152,2012130.3,1766352599999,3850327.86876,8200,1184982.8,2267580.00454,0
1766352600000,1.9152,1.9181,1.9110,1.9116,1786690.9,1766353499999,3421252.89968,7433,1045043.4,2001299.02776,0
1766353500000,1.9116,1.9116,1.9061,1.9064,1947306.3,1766354399999,3715872.67418,8595,714449.1,1363296.64459,0
1766354400000,1.9065,1.9132,1.9046,1.9126,2075979.3,1766355299999,3958513.96255,9600,1115321.9,2127081.78711,0
1766355300000,1.9126,1.9158,1.9074,1.9110,1419663.0,1766356199999,2713182.24003,7676,771674.0,1474707.92622,0
1766356200000,1.9110,1.9162,1.9097,1.9155,1443420.2,1766357099999,2761723.59080,6537,874415.4,1673227.16057,0
1766357100000,1.9154,1.9176,1.9147,1.9168,1708445.1,1766357999999,3274342.99437,7879,1026482.9,1967276.24685,0
1766358000000,1.9168,1.9250,1.9168,1.9224,5107851.1,1766358899999,9814920.60357,18331,2594271.0,4984753.51474,0
1766358900000,1.9225,1.9261,1.9189,1.9200,5046417.1,1766359799999,9702298.10834,13335,1836131.2,3530748.48823,0
1766359800000,1.9200,1.9245,1.9173,1.9227,1961470.1,1766360699999,3768548.23923,8960,827340.2,1589407.00910,0
1766360700000,1.9227,1.9242,1.9201,1.9211,1207523.5,1766361599999,2321411.02911,5212,512692.3,985540.97940,0
1766361600000,1.9212,1.9443,1.9208,1.9435,10743602.6,1766362499999,20773593.73183,27032,6362906.6,12304345.53950,0
1766362500000,1.9435,1.9488,1.9254,1.9302,13784571.7,1766363399999,26715524.39159,40159,7114931.4,13791390.68110,0
1766363400000,1.9303,1.9360,1.9264,1.9298,5448986.6,1766364299999,10521617.00929,19294,2723379.7,5257238.77817,0
1766364300000,1.9298,1.9336,1.9230,1.9230,3165669.3,1766365199999,6102230.26293,13746,983631.6,1896899.80063,0
1766365200000,1.9231,1.9301,1.9220,1.9286,3781463.9,1766366099999,7284974.96561,16614,2428479.5,4678380.04020,0
1766366100000,1.9287,1.9362,1.9287,1.9320,2986577.0,1766366999999,5773336.19365,11352,1555583.3,3006938.71298,0
1766367000000,1.9320,1.9364,1.9314,1.9315,2632653.0,1766367899999,5091232.42537,10050,1383047.5,2674648.29843,0
1766367900000,1.9314,1.9328,1.9189,1.9191,5297227.6,1766368799999,10188117.15632,14635,2156923.1,4147187.06240,0
1766368800000,1.9191,1.9203,1.9016,1.9103,12163760.5,1766369699999,23236829.20874,32095,4773806.4,9119989.69427,0
1766369700000,1.9103,1.9147,1.9067,1.9118,3416081.3,1766370599999,6526751.30040,14486,1819135.1,3475801.19659,0
1766370600000,1.9118,1.9183,1.9110,1.9155,2331296.2,1766371499999,4464419.30501,10221,1501864.6,2876092.50555,0
1766371500000,1.9155,1.9195,1.9155,1.9183,1627976.3,1766372399999,3122518.83179,5922,916983.9,1758830.75558,0
1766372400000,1.9182,1.9205,1.9121,1.9178,2946484.7,1766373299999,5648185.89306,11113,1633129.1,3130630.97191,0
1766373300000,1.9178,1.9244,1.9168,1.9229,2463287.8,1766374199999,4732712.69346,10515,1528348.4,2936328.75025,0
1766374200000,1.9228,1.9257,1.9190,1.9202,2731116.7,1766375099999,5248813.94782,10495,1486931.4,2857719.59240,0
1766375100000,1.9201,1.9232,1.9190,1.9193,1493224.0,1766375999999,2867865.37087,6128,741613.5,1424431.42596,0
1766376000000,1.9193,1.9215,1.9172,1.9181,2047204.7,1766376899999,3928870.70054,8022,974992.3,1871405.64272,0
1766376900000,1.9181,1.9235,1.9176,1.9226,2202382.4,1766377799999,4230437.09598,9705,1163811.6,2235509.54914,0
1766377800000,1.9225,1.9232,1.9171,1.9209,2323966.8,1766378699999,4462617.38417,8343,1113904.0,2139022.16239,0
1766378700000,1.9209,1.9255,1.9200,1.9239,3476817.3,1766379599999,6685228.49747,11972,2227084.9,4281846.38973,0
1766379600000,1.9240,1.9278,1.9235,1.9258,2461808.3,1766380499999,4740646.06570,10546,1328131.7,2557526.76605,0
1766380500000,1.9257,1.9273,1.9193,1.9196,3640908.0,1766381399999,6998732.32957,10404,1212525.1,2330127.95312,0
1766381400000,1.9195,1.9224,1.9173,1.9199,2229991.2,1766382299999,4280827.24256,7841,1073832.3,2061553.80119,0
1766382300000,1.9198,1.9219,1.9185,1.9192,1591788.8,1766383199999,3056882.21743,6825,803104.5,1542296.74875,0
1766383200000,1.9192,1.9195,1.9126,1.9133,3050560.7,1766384099999,5842663.48983,10587,1265750.3,2424181.83612,0
1766384100000,1.9133,1.9188,1.9130,1.9161,2112641.1,1766384999999,4048464.33600,8581,1133902.3,2172837.16240,0
1766385000000,1.9161,1.9189,1.9148,1.9189,1911656.8,1766385899999,3664791.41547,8388,1039963.0,1993748.28734,0
1766385900000,1.9189,1.9208,1.9168,1.9171,1924695.1,1766386799999,3692960.16572,7009,864519.4,1658778.45303,0
1766386800000,1.9170,1.9272,1.9158,1.9241,3701127.9,1766387699999,7116314.94768,12392,1845349.2,3548292.94928,0
1766387700000,1.9241,1.9249,1.9221,1.9236,1426194.8,1766388599999,2743468.39085,5972,788211.4,1516160.86106,0
1766388600000,1.9236,1.9284,1.9221,1.9277,2375633.5,1766389499999,4574787.18086,8570,1286866.1,2477852.88239,0
1766389500000,1.9276,1.9277,1.9251,1.9263,1266756.6,1766390399999,2440274.66317,5836,684337.1,1318261.49017,0
1766390400000,1.9263,1.9295,1.9221,1.9240,3029452.0,1766391299999,5834874.73617,11511,1547852.9,2981156.51133,0
1766391300000,1.9240,1.9333,1.9234,1.9277,7496598.4,1766392199999,14453914.07553,20620,4406847.0,8496757.83490,0
1766392200000,1.9276,1.9326,1.9230,1.9235,6105116.2,1766393099999,11771818.13539,14410,3031826.2,5846412.62514,0
1766393100000,1.9235,1.9241,1.9165,1.9169,5512806.4,1766393999999,10588621.50890,15465,2139833.5,4110180.41847,0
1766394000000,1.9168,1.9204,1.9147,1.9151,5077859.8,1766394899999,9736183.07612,13088,2994268.0,5741568.27217,0
1766394900000,1.9151,1.9189,1.9135,1.9166,2932923.9,1766395799999,5620139.46998,9801,1684415.2,3227644.46409,0
1766395800000,1.9166,1.9198,1.9150,1.9171,2917491.1,1766396699999,5594931.70560,8678,1537469.0,2948180.38719,0
1766396700000,1.9171,1.9234,1.9163,1.9215,3157264.4,1766397599999,6062333.70364,8983,1369314.0,2629228.28014,0
1766397600000,1.9215,1.9220,1.9165,1.9220,2749909.9,1766398499999,5276503.54215,10316,1164078.2,2233698.28096,0
1766398500000,1.9219,1.9266,1.9211,1.9251,4414712.6,1766399399999,8492801.79606,10962,2071315.1,3984860.03193,0
1766399400000,1.9251,1.9295,1.9249,1.9270,3176672.3,1766400299999,6121828.34124,9185,1242790.9,2394997.18225,0
1766400300000,1.9270,1.9282,1.9239,1.9253,2449302.3,1766401199999,4716822.44168,7287,956971.1,1842958.34167,0
1766401200000,1.9253,1.9290,1.9252,1.9260,2344628.5,1766402099999,4517272.36117,7869,1136480.2,2189501.44874,0
1766402100000,1.9261,1.9275,1.9231,1.9270,2917170.5,1766402999999,5616097.54223,8131,1303987.4,2510423.55896,0
1766403000000,1.9271,1.9331,1.9260,1.9330,6461329.8,1766403899999,12471385.25260,14819,3092505.7,5969053.67111,0
1766403900000,1.9330,1.9376,1.9322,1.9339,4686659.0,1766404799999,9065789.88506,12576,2129773.7,4119723.27347,0
1766404800000,1.9340,1.9367,1.9316,1.9344,3366314.9,1766405699999,6513582.14421,11574,1727181.9,3342085.98680,0
1766405700000,1.9345,1.9395,1.9344,1.9390,4067739.3,1766406599999,7881289.37873,11983,2139072.2,4144691.87276,0
1766406600000,1.9391,1.9463,1.9322,1.9345,9871003.1,1766407499999,19140112.09816,23252,4751087.5,9214010.46616,0
1766407500000,1.9344,1.9363,1.9311,1.9352,3291182.1,1766408399999,6364537.74551,8712,1749033.3,3382380.58644,0
1766408400000,1.9351,1.9373,1.9288,1.9305,7859106.4,1766409299999,15178712.04377,13178,4419080.5,8534507.47403,0
1766409300000,1.9305,1.9335,1.9288,1.9317,3308964.1,1766410199999,6388559.88825,9089,1474147.5,2846035.44628,0
1766410200000,1.9318,1.9318,1.9265,1.9276,3125017.8,1766411099999,6025299.77554,10293,1288640.8,2484586.36234,0
1766411100000,1.9276,1.9330,1.9270,1.9330,2795549.3,1766411999999,5396683.50355,9191,1622414.0,3132181.97369,0
1766412000000,1.9330,1.9374,1.9320,1.9349,2910494.0,1766412899999,5631564.29118,11293,1592412.9,3081235.22610,0
1766412900000,1.9349,1.9391,1.9345,1.9349,3335451.2,1766413799999,6461938.98536,10769,1598877.5,3097697.69415,0
1766413800000,1.9350,1.9411,1.9238,1.9312,13778311.4,1766414699999,26610479.95950,44523,6220885.8,12015862.56903,0
1766414700000,1.9312,1.9421,1.9294,1.9394,7865066.7,1766415599999,15237927.03040,28433,4265457.8,8264415.13912,0
1766415600000,1.9394,1.9466,1.9316,1.9320,8260570.2,1766416499999,16023359.88712,31649,4369377.7,8479380.80418,0
1766416500000,1.9321,1.9381,1.9220,1.9286,8858470.5,1766417399999,17087947.90670,27546,4126972.8,7958353.48152,0
1766417400000,1.9287,1.9308,1.9167,1.9302,10174928.8,1766418299999,19573319.17898,31506,5200556.6,10006100.34286,0
1766418300000,1.9303,1.9372,1.9259,1.9334,4625883.2,1766419199999,8936104.12705,20545,2365136.9,4569884.69320,0
1766419200000,1.9334,1.9390,1.9323,1.9378,3307680.6,1766420099999,6403335.46963,15892,1613758.3,3123976.48810,0
1766420100000,1.9378,1.9420,1.9353,1.9409,5007331.3,1766420999999,9709273.29070,15320,2650174.3,5138173.03200,0
1766421000000,1.9410,1.9416,1.9325,1.9327,4576542.3,1766421899999,8859301.81950,16900,1881633.6,3642036.09445,0
1766421900000,1.9327,1.9409,1.9323,1.9387,7497718.4,1766422799999,14530241.07456,13618,3784430.7,7332426.84379,0
1766422800000,1.9388,1.9393,1.9250,1.9267,9042527.3,1766423699999,17453782.21496,18399,4177351.6,8062125.83726,0
1766423700000,1.9268,1.9282,1.9234,1.9255,3420027.3,1766424599999,6585057.25924,10875,1525459.9,2937153.65370,0
1766424600000,1.9255,1.9320,1.9210,1.9294,7372303.5,1766425499999,14202471.63412,15386,4533276.8,8732524.38291,0
1766425500000,1.9294,1.9304,1.9265,1.9294,2456190.3,1766426399999,4736656.79025,9375,1284985.4,2478022.74774,0
1766426400000,1.9295,1.9336,1.9276,1.9310,3104139.3,1766427299999,5995193.68619,12073,1779667.7,3437074.84880,0
1766427300000,1.9310,1.9343,1.9274,1.9339,2411854.2,1766428199999,4657493.15423,10309,1405459.1,2714211.82556,0
1766428200000,1.9339,1.9375,1.9313,1.9357,2792976.3,1766429099999,5403540.60242,12209,1552747.0,3004029.90951,0
1766429100000,1.9357,1.9363,1.9228,1.9265,5120415.8,1766429999999,9878057.41399,15374,2035624.8,3927688.04315,0
1766430000000,1.9264,1.9272,1.9156,1.9167,11354769.0,1766430899999,21803135.64558,28200,4353537.9,8358015.22791,0
1766430900000,1.9167,1.9190,1.9085,1.9104,7728505.1,1766431799999,14789028.23741,21442,2683036.2,5134343.42407,0
1766431800000,1.9103,1.9122,1.9046,1.9062,5598563.8,1766432699999,10682085.13425,20568,2477284.0,4727119.85551,0
1766432700000,1.9062,1.9080,1.9009,1.9010,6468914.6,1766433599999,12310047.39577,20195,2845150.0,5413960.64249,0
1766433600000,1.9010,1.9054,1.8961,1.9028,9435433.0,1766434499999,17936797.06663,24266,4338984.8,8248588.07323,0
1766434500000,1.9028,1.9034,1.8905,1.8942,10081616.0,1766435399999,19100339.73724,24895,4743722.0,8986817.47548,0
1766435400000,1.8942,1.9002,1.8906,1.8994,7910580.2,1766436299999,14986780.64608,21024,4194129.2,7946382.69521,0
1766436300000,1.8994,1.9036,1.8935,1.8955,10714509.5,1766437199999,20333034.32302,24643,6182032.4,11733133.00708,0
1766437200000,1.8954,1.8989,1.8939,1.8951,3940360.0,1766438099999,7471423.47017,14411,1628266.1,3087543.47208,0
1766438100000,1.8951,1.8982,1.8927,1.8970,3814913.1,1766438999999,7231304.28813,12611,2311094.2,4380920.37463,0
1766439000000,1.8970,1.9025,1.8966,1.9009,3759618.5,1766439899999,7140893.54636,11425,2310663.1,4388587.29062,0
1766439900000,1.9008,1.9010,1.8938,1.8955,2386901.1,1766440799999,4527853.74205,8440,917080.2,1739581.61239,0
1766440800000,1.8956,1.8981,1.8910,1.8964,3297453.7,1766441699999,6245195.75381,10934,1430761.3,2710179.94082,0
1766441700000,1.8964,1.9038,1.8961,1.8985,3586392.0,1766442599999,6816529.99992,10587,1958996.9,3723279.49736,0
1766442600000,1.8984,1.9003,1.8972,1.8997,1312850.7,1766443499999,2492543.62260,7053,691344.6,1312516.75236,0
1766443500000,1.8998,1.9080,1.8996,1.9077,2647376.9,1766444399999,5042799.66621,10410,1834024.5,3493063.94055,0
1766444400000,1.9077,1.9077,1.9011,1.9047,3141630.6,1766445299999,5979348.91639,12134,1690904.0,3217952.84574,0
1766445300000,1.9048,1.9058,1.9023,1.9051,1778407.1,1766446199999,3386555.28940,6544,1083687.6,2063596.74981,0
1766446200000,1.9051,1.9065,1.9015,1.9024,1276769.8,1766447099999,2430161.12961,7912,555045.7,1056432.66757,0
1766447100000,1.9024,1.9044,1.8999,1.9033,1972347.8,1766447999999,3750939.47111,7835,1084423.0,2062387.03600,0
1766448000000,1.9032,1.9033,1.8985,1.8994,4973918.2,1766448899999,9448928.53976,9323,3129458.1,5944630.58895,0
1766448900000,1.8995,1.9039,1.8991,1.9014,2864392.0,1766449799999,5446466.58924,9735,1248279.2,2373369.71124,0
1766449800000,1.9014,1.9089,1.8997,1.9022,3848410.7,1766450699999,7331032.31607,11308,1917076.4,3652066.13669,0
1766450700000,1.9022,1.9054,1.9000,1.9035,2254288.6,1766451599999,4289702.86796,9497,1185540.8,2256053.13411,0
1766451600000,1.9035,1.9078,1.9004,1.9024,3101478.2,1766452499999,5906156.69417,11966,1359573.1,2589082.50094,0
1766452500000,1.9025,1.9048,1.9003,1.9004,1738710.4,1766453399999,3307475.08997,6598,757173.0,1440316.06254,0
1766453400000,1.9004,1.9023,1.8956,1.8978,3342730.8,1766454299999,6345203.25793,10559,1420433.2,2696312.75663,0
1766454300000,1.8978,1.9004,1.8973,1.8976,1586346.7,1766455199999,3011847.60926,6936,664339.6,1261333.80224,0
1766455200000,1.8976,1.9039,1.8950,1.9021,3335515.4,1766456099999,6333935.18694,12601,1889531.3,3587904.86260,0
1766456100000,1.9021,1.9053,1.9011,1.9028,1909414.9,1766456999999,3634377.14242,8771,1045701.2,1990321.85088,0
1766457000000,1.9028,1.9038,1.8912,1.8930,5378154.8,1766457899999,10194319.45304,14100,2279261.6,4320316.38248,0
1766457900000,1.8930,1.8953,1.8904,1.8932,2716076.9,1766458799999,5140659.33459,10902,1271315.1,2406487.20174,0
1766458800000,1.8932,1.8940,1.8830,1.8887,8634436.4,1766459699999,16300047.43238,22359,3255601.0,6146113.47781,0
1766459700000,1.8888,1.8940,1.8883,1.8911,2780949.1,1766460599999,5259303.26004,9909,1463954.0,2768498.87536,0
1766460600000,1.8911,1.8945,1.8895,1.8941,2247091.8,1766461499999,4253460.65720,8093,1092059.9,2066966.94153,0
1766461500000,1.8942,1.8942,1.8915,1.8915,1253960.4,1766462399999,2373705.63580,5367,541386.1,1024805.24443,0
1766462400000,1.8915,1.8967,1.8887,1.8951,3227671.3,1766463299999,6107029.71144,10174,1741001.1,3295039.84519,0
1766463300000,1.8952,1.8954,1.8929,1.8933,1141535.8,1766464199999,2162012.46790,4817,684414.4,1296281.37053,0
1766464200000,1.8934,1.8937,1.8877,1.8886,3093110.2,1766465099999,5843943.89013,8726,1747762.6,3302003.35819,0
1766465100000,1.8885,1.8898,1.8872,1.8874,2476110.8,1766465999999,4676407.35092,7124,1329555.6,2511132.63452,0
1766466000000,1.8873,1.8898,1.8852,1.8877,2976804.4,1766466899999,5619970.14946,9456,1110762.6,2097014.13048,0
1766466900000,1.8876,1.8897,1.8863,1.8872,1376928.1,1766467799999,2599640.26466,5929,699335.8,1320370.81043,0
1766467800000,1.8871,1.8872,1.8774,1.8826,8432076.3,1766468699999,15863370.77582,20886,3042564.6,5724740.15934,0
1766468700000,1.8826,1.8828,1.8788,1.8818,2247232.5,1766469599999,4228008.74227,9772,976858.3,1837999.50102,0
1766469600000,1.8817,1.8857,1.8794,1.8815,3128413.9,1766470499999,5889004.11597,12517,1555061.7,2927652.49989,0
1766470500000,1.8815,1.8830,1.8730,1.8750,8274886.1,1766471399999,15525815.44873,22993,3614142.9,6781876.16518,0
1766471400000,1.8750,1.8785,1.8725,1.8775,3051041.3,1766472299999,5721166.86290,11133,1474302.6,2764606.13361,0
1766472300000,1.8774,1.8841,1.8763,1.8812,2893700.1,1766473199999,5441294.39442,9272,1447459.6,2721981.83681,0
1766473200000,1.8812,1.8859,1.8784,1.8792,4434681.2,1766474099999,8347732.95889,11397,2028724.1,3819372.22649,0
1766474100000,1.8791,1.8842,1.8773,1.8822,3060536.4,1766474999999,5757950.10129,9376,1566697.1,2947302.92291,0
1766475000000,1.8822,1.8848,1.8800,1.8811,2319768.1,1766475899999,4366459.49411,7221,1081377.1,2035569.95322,0
1766475900000,1.8811,1.8858,1.8798,1.8801,2106170.1,1766476799999,3964950.54660,7590,979647.4,1844152.69701,0
1766476800000,1.8801,1.8816,1.8781,1.8793,2736639.8,1766477699999,5144088.77179,7756,1352588.1,2542614.51624,0
1766477700000,1.8792,1.8814,1.8782,1.8794,1949108.5,1766478599999,3663616.53671,6553,1064652.6,2001208.41889,0
1766478600000,1.8794,1.8807,1.8790,1.8796,1315884.7,1766479499999,2473534.76617,5279,781253.1,1468589.04100,0
1766479500000,1.8796,1.8798,1.8746,1.8771,2345345.9,1766480399999,4400987.42122,8131,903595.9,1695565.64463,0
1766480400000,1.8771,1.8828,1.8767,1.8822,3109392.5,1766481299999,5846548.35131,9868,1911405.8,3593710.57937,0
1766481300000,1.8822,1.8840,1.8784,1.8825,4716241.5,1766482199999,8876283.30312,10772,3037332.6,5716919.61057,0
1766482200000,1.8825,1.8858,1.8802,1.8846,3978956.5,1766483099999,7494584.50021,9181,2349878.8,4426510.02397,0
1766483100000,1.8847,1.8867,1.8839,1.8848,2160479.1,1766483999999,4073595.04352,7281,1089032.2,2053413.59575,0
1766484000000,1.8849,1.8906,1.8847,1.8889,3006595.3,1766484899999,5677222.17494,9999,1733229.8,3272764.35954,0
1766484900000,1.8890,1.8934,1.8875,1.8918,2259487.2,1766485799999,4271616.47415,7600,1305650.7,2468598.53862,0
1766485800000,1.8918,1.8942,1.8904,1.8939,2778232.1,1766486699999,5257650.21977,7443,1692351.7,3202992.86061,0
1766486700000,1.8940,1.8997,1.8935,1.8977,5434928.0,1766487599999,10311669.22904,13692,2908814.2,5518609.32255,0
1766487600000,1.8978,1.9021,1.8975,1.8997,7971405.1,1766488499999,15143984.83051,18593,2547909.5,4840891.27212,0
1766488500000,1.8997,1.9035,1.8986,1.9000,3710833.2,1766489399999,7054527.41346,12856,2054198.4,3905128.35613,0
1766489400000,1.9001,1.9044,1.8983,1.9034,2502080.6,1766490299999,4755706.19612,9499,1270392.9,2414824.15710,0
1766490300000,1.9035,1.9046,1.9025,1.9041,2780880.8,1766491199999,5294161.40030,8135,1258633.8,2396124.43290,0
1766491200000,1.9040,1.9042,1.8992,1.8996,6188023.7,1766492099999,11765769.67823,14927,2935514.2,5581542.99747,0
1766492100000,1.8995,1.9011,1.8956,1.8977,4831504.7,1766492999999,9170641.04622,14127,2096313.1,3979391.96214,0
1766493000000,1.8977,1.9016,1.8959,1.8991,3265271.5,1766493899999,6200906.45740,10968,1726454.4,3278416.20084,0
1766493900000,1.8991,1.9023,1.8975,1.8986,2600600.7,1766494799999,4939759.14470,7774,1489774.8,2829766.15976,0
1766494800000,1.8986,1.9005,1.8935,1.8951,3193085.1,1766495699999,6057364.85212,10537,1116943.8,2119324.87092,0
1766495700000,1.8950,1.8956,1.8908,1.8921,4374063.0,1766496599999,8279265.76076,11732,2273985.8,4304077.19071,0
1766496600000,1.8922,1.8951,1.8800,1.8872,10960856.6,1766497499999,20676344.31019,28780,4946011.2,9329179.66160,0
1766497500000,1.8872,1.8873,1.8751,1.8779,14746620.1,1766498399999,27721450.13512,25508,6510338.5,12238132.76403,0
1766498400000,1.8780,1.8848,1.8766,1.8809,5410331.8,1766499299999,10179938.02280,17321,2580243.1,4854217.45684,0
1766499300000,1.8809,1.8809,1.8720,1.8779,4776362.8,1766500199999,8961736.00302,14401,2440870.0,4579379.20400,0
1766500200000,1.8780,1.8856,1.8732,1.8791,8766406.8,1766501099999,16475204.58654,34900,4572608.0,8593937.98308,0
1766501100000,1.8791,1.8796,1.8616,1.8722,18841486.4,1766501999999,35234661.85729,47278,8255288.2,15441839.21338,0
1766502000000,1.8721,1.8830,1.8685,1.8780,10769880.5,1766502899999,20212958.46075,34861,5290702.9,9930447.57984,0
1766502900000,1.8781,1.8943,1.8781,1.8844,12336213.9,1766503799999,23283560.24595,28360,8512493.0,16073399.49355,0
1766503800000,1.8843,1.8875,1.8795,1.8818,3879550.2,1766504699999,7307609.06324,15388,1890214.4,3561299.81247,0
1766504700000,1.8818,1.8836,1.8787,1.8805,3597963.5,1766505599999,6767636.37033,13354,1809633.1,3404316.02026,0
1766505600000,1.8805,1.8929,1.8772,1.8850,9505781.4,1766506499999,17923171.60994,29659,5064662.9,9551549.35477,0
1766506500000,1.8851,1.8905,1.8834,1.8866,5112373.7,1766507399999,9645343.31458,17799,3045702.7,5746415.29116,0
1766507400000,1.8866,1.8880,1.8812,1.8843,2270288.8,1766508299999,4275479.88076,12184,1123229.6,2115488.35077,0
1766508300000,1.8843,1.8925,1.8833,1.8900,4285195.1,1766509199999,8091898.91266,14868,2504532.9,4729127.59439,0
1766509200000,1.8900,1.8920,1.8830,1.8839,3810464.9,1766510099999,7192887.49978,15782,1857388.0,3506788.40644,0
1766510100000,1.8840,1.8855,1.8790,1.8797,4483870.4,1766510999999,8440271.93204,14851,2538997.7,4779091.16537,0
1766511000000,1.8797,1.8825,1.8780,1.8813,2324228.3,1766511899999,4369663.71083,11685,1239619.5,2330685.55295,0
1766511900000,1.8813,1.8815,1.8672,1.8683,4698189.0,1766512799999,8803456.64698,17415,1622380.1,3040017.70054,0
1766512800000,1.8682,1.8739,1.8663,1.8711,6835066.3,1766513699999,12783363.88361,21639,3506734.9,6558585.03995,0
1766513700000,1.8711,1.8784,1.8700,1.8770,3843399.5,1766514599999,7209264.74344,14411,2403848.0,4508974.36323,0
1766514600000,1.8769,1.8839,1.8756,1.8834,4231789.2,1766515499999,7959048.52876,16182,2495547.9,4693977.02781,0
1766515500000,1.8833,1.8834,1.8794,1.8813,3211634.2,1766516399999,6041174.23763,9099,1336926.3,2515074.36129,0
1766516400000,1.8812,1.8868,1.8800,1.8833,3004661.4,1766517299999,5659998.45589,12179,1569025.6,2956350.39333,0
1766517300000,1.8833,1.8867,1.8783,1.8791,3517086.5,1766518199999,6617520.12841,9850,1201456.6,2261938.50885,0
1766518200000,1.8791,1.8821,1.8773,1.8817,2228100.1,1766519099999,4186791.68793,7255,862271.2,1620831.26475,0
1766519100000,1.8816,1.8833,1.8797,1.8816,1156799.1,1766519999999,2176470.73104,5545,618226.6,1163245.46690,0
1766520000000,1.8817,1.8829,1.8775,1.8805,1482140.6,1766520899999,2786829.66225,7668,639605.3,1202650.89798,0
1766520900000,1.8806,1.8863,1.8804,1.8852,1860529.5,1766521799999,3506319.14254,8407,1169741.3,2204344.82710,0
1766521800000,1.8851,1.8943,1.8822,1.8902,9380584.5,1766522699999,17719794.95380,19583,4996085.1,9436594.62137,0
1766522700000,1.8902,1.8937,1.8763,1.8796,8449381.1,1766523599999,15914341.51251,19848,4023936.3,7581152.05147,0
1766523600000,1.8797,1.8827,1.8750,1.8791,5645682.1,1766524499999,10607193.89438,14724,2812331.0,5284852.32106,0
1766524500000,1.8791,1.8843,1.8787,1.8823,1889281.5,1766525399999,3555216.25299,7793,956001.8,1798787.31549,0
1766525400000,1.8823,1.8825,1.8790,1.8803,1512465.7,1766526299999,2844498.83177,6167,621100.7,1168166.59662,0
1766526300000,1.8803,1.8824,1.8797,1.8809,1144637.4,1766527199999,2153068.65389,5661,601320.0,1131158.16304,0
1766527200000,1.8808,1.8832,1.8769,1.8793,2459774.2,1766528099999,4625346.98004,10155,1071281.3,2014655.01998,0
1766528100000,1.8793,1.8817,1.8758,1.8775,1527504.1,1766528999999,2868968.61926,7813,848897.4,1594539.70687,0
1766529000000,1.8775,1.8822,1.8745,1.8814,2741212.9,1766529899999,5145203.75426,8920,1371354.1,2574327.66699,0
1766529900000,1.8815,1.8825,1.8773,1.8785,1156413.7,1766530799999,2173316.43291,8003,760523.3,1429238.89030,0
1766530800000,1.8786,1.8790,1.8749,1.8763,2412860.1,1766531699999,4527241.06696,10355,1238351.2,2323616.93271,0
1766531700000,1.8762,1.8762,1.8709,1.8753,4596965.5,1766532599999,8612237.40540,10442,1335188.4,2502060.52111,0
1766532600000,1.8752,1.8782,1.8748,1.8758,1717999.1,1766533499999,3223182.15997,7844,759151.6,1424135.13948,0
1766533500000,1.8758,1.8764,1.8720,1.8725,2222880.0,1766534399999,4164441.21708,7147,1050968.8,1968954.48012,0
1766534400000,1.8726,1.8767,1.8706,1.8721,4856435.1,1766535299999,9094887.48590,11713,2647334.6,4957334.36457,0
1766535300000,1.8720,1.8727,1.8696,1.8702,1684481.6,1766536199999,3151423.82301,6220,654337.7,1224243.02031,0
1766536200000,1.8702,1.8735,1.8684,1.8722,2880032.0,1766537099999,5388755.68822,9715,1918345.6,3589710.77830,0
1766537100000,1.8722,1.8754,1.8697,1.8723,3173589.3,1766537999999,5942175.79773,11636,1664958.4,3117378.28133,0
1766538000000,1.8724,1.8775,1.8722,1.8763,9407377.9,1766538899999,17640904.16839,15475,4681847.9,8778688.26064,0
1766538900000,1.8763,1.8774,1.8742,1.8751,1992082.6,1766539799999,3736348.95115,7556,1094666.0,2053136.54898,0
1766539800000,1.8751,1.8772,1.8715,1.8723,3113707.5,1766540699999,5835626.84597,8989,1991691.5,3732815.33492,0
1766540700000,1.8724,1.8726,1.8693,1.8696,2703329.1,1766541599999,5056586.22071,8780,1200628.6,2245725.35300,0
1766541600000,1.8697,1.8701,1.8570,1.8616,9596904.5,1766542499999,17870256.86498,21692,3310893.9,6165081.14905,0
1766542500000,1.8617,1.8647,1.8606,1.8631,2266956.9,1766543399999,4223532.46051,10912,1114266.0,2076103.41693,0
1766543400000,1.8631,1.8639,1.8493,1.8545,8286091.5,1766544299999,15368684.61563,21795,3287187.3,6097709.63949,0
1766544300000,1.8546,1.8561,1.8514,1.8535,3522223.8,1766545199999,6529951.17287,14506,1800165.5,3337284.38353,0
1766545200000,1.8535,1.8535,1.8438,1.8471,6754470.5,1766546099999,12479765.97378,18874,2404776.2,4442803.82296,0
1766546100000,1.8471,1.8555,1.8460,1.8544,4009146.9,1766546999999,7424543.43474,12747,2384496.4,4414664.37075,0
1766547000000,1.8543,1.8594,1.8543,1.8588,3634931.5,1766547899999,6750324.78283,11834,2432404.1,4516947.19180,0
1766547900000,1.8588,1.8630,1.8588,1.8606,2963499.8,1766548799999,5514911.93596,10602,1946523.3,3622455.06193,0
1766548800000,1.8606,1.8669,1.8589,1.8662,4011758.4,1766549699999,7476006.09792,12761,2103853.2,3920440.11695,0
1766549700000,1.8661,1.8665,1.8590,1.8599,2507364.5,1766550599999,4668090.76034,8347,1067607.5,1987393.93454,0
1766550600000,1.8598,1.8630,1.8554,1.8584,4010105.8,1766551499999,7450767.68787,11157,2279316.7,4234491.48439,0
1766551500000,1.8584,1.8597,1.8527,1.8543,2336203.6,1766552399999,4335173.44248,9091,985370.8,1828828.44008,0
1766552400000,1.8543,1.8559,1.8518,1.8532,1637991.6,1766553299999,3036662.16241,7713,734224.1,1361262.24705,0
1766553300000,1.8532,1.8566,1.8474,1.8482,7031831.3,1766554199999,13021393.09561,13586,2974401.7,5510045.99229,0
1766554200000,1.8482,1.8492,1.8429,1.8437,7623963.6,1766555099999,14073064.17125,14942,3415559.2,6304828.12864,0
1766555100000,1.8437,1.8477,1.8423,1.8458,4560073.3,1766555999999,8412969.49597,12593,2319920.8,4279558.54545,0
1766556000000,1.8459,1.8460,1.8367,1.8368,8428529.9,1766556899999,15508019.36330,17891,3100700.0,5704045.65289,0
1766556900000,1.8368,1.8440,1.8360,1.8422,3264135.1,1766557799999,6006869.34098,11628,1717236.0,3160018.55174,0
1766557800000,1.8421,1.8464,1.8403,1.8447,2860879.2,1766558699999,5274622.78847,10076,1314974.6,2424305.89694,0
1766558700000,1.8446,1.8523,1.8443,1.8510,5114265.9,1766559599999,9458765.26595,12654,3027427.3,5598871.24129,0
1766559600000,1.8511,1.8538,1.8499,1.8528,3938775.1,1766560499999,7295412.96027,10695,2331770.3,4319391.07310,0
1766560500000,1.8529,1.8535,1.8498,1.8517,1899444.6,1766561399999,3516509.70958,7009,758939.6,1404878.43225,0
1766561400000,1.8517,1.8570,1.8511,1.8560,2639722.7,1766562299999,4895619.21978,8551,1455879.7,2699885.07370,0
1766562300000,1.8561,1.8603,1.8534,1.8536,4964757.6,1766563199999,9222816.46320,10289,2897484.9,5383632.30129,0
1766563200000,1.8536,1.8576,1.8522,1.8564,2233001.8,1766564099999,4143855.26858,9550,779350.4,1446337.61456,0
1766564100000,1.8565,1.8616,1.8550,1.8587,4803539.6,1766564999999,8923687.48742,12297,2099035.0,3900448.40046,0
1766565000000,1.8587,1.8597,1.8536,1.8566,2518786.6,1766565899999,4675719.50668,8653,1012140.2,1879092.16066,0
1766565900000,1.8566,1.8576,1.8506,1.8518,2376028.5,1766566799999,4401340.76852,7690,1083269.5,2006683.70591,0
1766566800000,1.8519,1.8573,1.8519,1.8568,1660060.2,1766567699999,3080175.65678,8025,837793.9,1554295.55695,0
1766567700000,1.8567,1.8575,1.8543,1.8550,1904757.3,1766568599999,3535178.65356,6373,887131.8,1646732.89624,0
1766568600000,1.8550,1.8561,1.8530,1.8547,1928551.1,1766569499999,3576494.18777,6928,1000281.0,1854980.14169,0
1766569500000,1.8547,1.8579,1.8528,1.8532,1446275.6,1766570399999,2682862.52761,5583,642720.9,1192635.28998,0
1766570400000,1.8532,1.8610,1.8527,1.8607,2569005.4,1766571299999,4770501.84407,9645,1392991.6,2586696.31756,0
1766571300000,1.8607,1.8660,1.8603,1.8644,6207105.9,1766572199999,11567648.88103,11073,3930458.8,7324734.03695,0
1766572200000,1.8644,1.8685,1.8635,1.8673,3579996.7,1766573099999,6681873.78411,10021,1878658.6,3506449.22167,0
1766573100000,1.8674,1.8689,1.8641,1.8647,2791305.1,1766573999999,5211004.30793,10437,1195666.7,2232379.75150,0
1766574000000,1.8647,1.8748,1.8646,1.8736,4882954.1,1766574899999,9138863.22381,15734,3030002.1,5670781.40096,0
1766574900000,1.8736,1.8740,1.8689,1.8696,3868943.8,1766575799999,7239664.73493,10655,1016538.4,1902166.96804,0
1766575800000,1.8697,1.8729,1.8691,1.8722,1573150.7,1766576699999,2943278.52589,6683,1033465.5,1933702.03511,0
1766576700000,1.8721,1.8722,1.8670,1.8680,1870822.8,1766577599999,3496371.58700,8458,645585.9,1206511.17342,0
1766577600000,1.8679,1.8683,1.8634,1.8657,3130492.7,1766578499999,5841528.50512,10722,1545366.7,2883592.01115,0
1766578500000,1.8657,1.8684,1.8621,1.8644,2921741.2,1766579399999,5447125.46603,8685,1761794.7,3285043.88188,0
1766579400000,1.8645,1.8710,1.8645,1.8690,2421027.5,1766580299999,4523835.81681,7586,1526233.9,2851767.73108,0
1766580300000,1.8691,1.8724,1.8660,1.8708,2826306.1,1766581199999,5283921.34330,7729,1670259.3,3122825.48826,0
1766581200000,1.8708,1.8716,1.8650,1.8662,1699346.8,1766582099999,3175698.08686,7711,604815.9,1130308.67818,0
1766582100000,1.8663,1.8680,1.8651,1.8679,1145854.9,1766582999999,2139132.42309,5289,592285.9,1105779.58310,0
1766583000000,1.8680,1.8692,1.8625,1.8657,3158826.0,1766583899999,5890764.52832,10411,1521597.1,2837692.09530,0
1766583900000,1.8657,1.8705,1.8651,1.8690,1561620.6,1766584799999,2917294.09955,6503,834774.8,1559523.52995,0
1766584800000,1.8690,1.8765,1.8689,1.8763,4411579.5,1766585699999,8262999.99650,12011,2535453.8,4748802.55602,0
1766585700000,1.8764,1.8768,1.8661,1.8668,4608819.2,1766586599999,8629002.46645,11409,2027892.9,3796912.93541,0
1766586600000,1.8668,1.8701,1.8506,1.8650,15499097.4,1766587499999,28828220.26725,46483,7397785.5,13760850.46995,0
1766587500000,1.8650,1.8674,1.8556,1.8581,7587673.5,1766588399999,14120151.14812,24102,4248886.3,7905924.76956,0
1766588400000,1.8582,1.8637,1.8563,1.8591,3640955.5,1766589299999,6773290.97450,19602,1982149.7,3687135.52033,0
1766589300000,1.8592,1.8609,1.8514,1.8590,5188042.0,1766590199999,9627761.02269,19279,2676740.0,4968611.98701,0
1766590200000,1.8590,1.8693,1.8584,1.8653,7369683.3,1766591099999,13745781.11877,19128,4542742.4,8471973.59636,0
1766591100000,1.8653,1.8674,1.8598,1.8626,4109296.7,1766591999999,7652858.86769,13325,2064444.4,3844445.88754,0
1766592000000,1.8627,1.8676,1.8609,1.8651,3869474.3,1766592899999,7211393.25192,15031,2092705.1,3900277.94615,0
1766592900000,1.8652,1.8652,1.8548,1.8565,3369359.8,1766593799999,6264144.47909,11486,1843672.0,3427231.09744,0
1766593800000,1.8565,1.8709,1.8565,1.8665,8700554.1,1766594699999,16231633.78455,24016,4898535.9,9136354.50583,0
1766594700000,1.8666,1.8670,1.8592,1.8607,3350711.6,1766595599999,6239943.56777,10028,1222841.8,2277005.27502,0
1766595600000,1.8606,1.8689,1.8581,1.8643,5283271.5,1766596499999,9848003.90697,12595,3380118.5,6300180.26365,0
1766596500000,1.8642,1.8667,1.8624,1.8654,2094650.2,1766597399999,3905691.71695,7348,1178985.2,2198197.66005,0
1766597400000,1.8654,1.8680,1.8561,1.8575,5961590.0,1766598299999,11093015.38470,12096,2836374.0,5277891.66374,0
1766598300000,1.8575,1.8592,1.8494,1.8500,11307574.1,1766599199999,20951696.61474,19770,5007087.1,9277439.00755,0
1766599200000,1.8500,1.8555,1.8479,1.8523,4965449.3,1766600099999,9193858.08006,16176,2421857.0,4483803.66529,0
1766600100000,1.8523,1.8579,1.8518,1.8548,2375866.9,1766600999999,4407264.20741,9471,1314266.8,2437734.78707,0
1766601000000,1.8548,1.8575,1.8538,1.8567,1754495.0,1766601899999,3255741.52790,6838,1040651.5,1931191.68856,0
1766601900000,1.8567,1.8580,1.8542,1.8552,1008099.3,1766602799999,1871342.59940,5773,397993.5,738827.13993,0
1766602800000,1.8552,1.8579,1.8529,1.8537,1071604.6,1766603699999,1988352.62503,6656,426355.3,791230.46145,0
1766603700000,1.8537,1.8579,1.8525,1.8564,2918205.7,1766604599999,5412829.85593,9441,1812738.4,3362527.83673,0
1766604600000,1.8564,1.8593,1.8552,1.8591,1030130.3,1766605499999,1913164.65304,5068,618244.8,1148268.00371,0
1766605500000,1.8591,1.8617,1.8585,1.8610,1696754.1,1766606399999,3156755.06702,6010,1047775.4,1949295.84052,0
1766606400000,1.8609,1.8679,1.8609,1.8656,4072637.7,1766607299999,7596304.12917,10277,3077155.4,5740141.94484,0
1766607300000,1.8656,1.8682,1.8654,1.8661,1252871.7,1766608199999,2338842.46760,6162,528288.6,986274.58114,0
1766608200000,1.8660,1.8691,1.8635,1.8641,2582869.0,1766609099999,4818923.33863,8804,900529.1,1680433.48706,0
1766609100000,1.8641,1.8641,1.8614,1.8637,1051891.0,1766609999999,1959105.63725,6241,489835.2,912247.79147,0
1766610000000,1.8637,1.8652,1.8618,1.8634,1825886.9,1766610899999,3402350.42657,7177,790056.9,1472330.39820,0
1766610900000,1.8633,1.8644,1.8614,1.8632,858313.8,1766611799999,1598686.35957,4267,474309.5,883454.68048,0
1766611800000,1.8631,1.8660,1.8629,1.8647,1222021.5,1766612699999,2278383.10385,5526,811621.5,1513240.65096,0
1766612700000,1.8647,1.8650,1.8616,1.8631,1024172.3,1766613599999,1907974.32423,4490,607554.5,1131781.85196,0
1766613600000,1.8631,1.8657,1.8601,1.8605,2029054.8,1766614499999,3781331.54334,7206,1182643.5,2204013.40691,0
1766614500000,1.8604,1.8630,1.8590,1.8600,1137003.6,1766615399999,2115955.72557,5391,577424.4,1074635.57889,0
1766615400000,1.8600,1.8675,1.8589,1.8668,1736204.3,1766616299999,3238040.24049,8317,1084697.6,2022761.15800,0
1766616300000,1.8668,1.8691,1.8660,1.8688,968109.2,1766617199999,1807953.06895,6282,468420.7,874853.03656,0
1766617200000,1.8687,1.8691,1.8626,1.8644,2384142.3,1766618099999,4446124.20353,9967,1271750.1,2371444.48960,0
1766618100000,1.8644,1.8650,1.8608,1.8611,1197568.5,1766618999999,2230595.87241,6209,514218.2,957795.27436,0
1766619000000,1.8611,1.8625,1.8605,1.8615,1108156.1,1766619899999,2062785.89016,5419,611974.3,1139225.64296,0
1766619900000,1.8616,1.8630,1.8611,1.8618,1069997.5,1766620799999,1992397.20798,4331,760631.1,1416326.53966,0
1766620800000,1.8618,1.8630,1.8597,1.8626,2198186.0,1766621699999,4090678.35279,7057,1028785.1,1914674.06013,0
1766621700000,1.8627,1.8649,1.8609,1.8615,1322935.1,1766622599999,2465217.16413,6391,634511.7,1182350.32609,0
1766622600000,1.8614,1.8647,1.8592,1.8601,1622402.5,1766623499999,3020957.65696,7669,806396.1,1501700.75752,0
1766623500000,1.8601,1.8613,1.8562,1.8571,2195414.9,1766624399999,4079112.53658,7068,775466.1,1440953.95224,0
1766624400000,1.8571,1.8590,1.8555,1.8588,1604133.6,1766625299999,2979583.30976,7596,1043729.8,1938803.81470,0
1766625300000,1.8588,1.8590,1.8565,1.8582,1565641.1,1766626199999,2908654.09557,5553,690313.7,1282598.03065,0
1766626200000,1.8581,1.8630,1.8562,1.8630,1090881.6,1766627099999,2028419.52583,6889,718449.8,1336192.81398,0
1766627100000,1.8630,1.8661,1.8622,1.8650,2142437.2,1766627999999,3994044.99757,6645,1437868.9,2680461.78185,0
1766628000000,1.8650,1.8660,1.8625,1.8654,1259106.2,1766628899999,2347277.08415,6670,618460.3,1152857.53310,0
1766628900000,1.8655,1.8671,1.8640,1.8667,1416999.7,1766629799999,2643995.60272,6375,726939.4,1356446.48649,0
1766629800000,1.8667,1.8717,1.8658,1.8712,2764898.7,1766630699999,5167197.67103,8126,1757574.2,3284852.26921,0
1766630700000,1.8711,1.8720,1.8688,1.8703,2280334.7,1766631599999,4265923.38302,7976,954867.5,1786326.12709,0
1766631600000,1.8703,1.8708,1.8661,1.8682,2028497.0,1766632499999,3791103.02353,8182,1028563.6,1922331.05722,0
1766632500000,1.8683,1.8735,1.8668,1.8725,2163169.7,1766633399999,4047737.45025,8067,1296248.7,2425881.36153,0
1766633400000,1.8725,1.8733,1.8714,1.8720,1692207.5,1766634299999,3168392.67493,7247,803245.7,1503906.82553,0
1766634300000,1.8721,1.8721,1.8680,1.8693,2134476.8,1766635199999,3991201.06910,6120,623002.4,1164779.88255,0
1766635200000,1.8693,1.8704,1.8678,1.8697,1229727.8,1766636099999,2298550.79637,6222,606440.1,1133522.51795,0
1766636100000,1.8697,1.8735,1.8697,1.8704,1282511.7,1766636999999,2400258.28709,6365,598642.8,1120420.72925,0
1766637000000,1.8705,1.8706,1.8681,1.8704,995864.0,1766637899999,1862024.94448,4911,397003.6,742195.82169,0
1766637900000,1.8705,1.8748,1.8699,1.8722,1214938.0,1766638799999,2275479.00947,4676,674146.9,1262720.14808,0
1766638800000,1.8722,1.8733,1.8675,1.8679,2301537.2,1766639699999,4303149.54647,7591,747615.9,1398018.72182,0
1766639700000,1.8678,1.8701,1.8674,1.8691,1005032.8,1766640599999,1878277.72586,4134,546816.2,1021924.67778,0
1766640600000,1.8691,1.8714,1.8682,1.8704,851981.4,1766641499999,1592770.27214,4557,444535.4,831013.81232,0
1766641500000,1.8704,1.8709,1.8679,1.8682,728589.5,1766642399999,1361971.40356,4479,282912.9,528898.29141,0
1766642400000,1.8681,1.8682,1.8653,1.8654,1757224.8,1766643299999,3280089.11392,6958,704142.0,1314388.66195,0
1766643300000,1.8654,1.8720,1.8654,1.8709,1108120.8,1766644199999,2071748.24299,7942,582986.4,1089828.71457,0
1766644200000,1.8709,1.8755,1.8707,1.8726,2684822.0,1766645099999,5028549.39146,8506,1309679.7,2452974.29251,0
1766645100000,1.8727,1.8762,1.8726,1.8747,1629103.5,1766645999999,3054064.44041,7112,891978.9,1672216.03460,0
1766646000000,1.8748,1.8756,1.8717,1.8740,1802357.0,1766646899999,3376726.79588,7269,727379.6,1362834.71149,0
1766646900000,1.8740,1.8741,1.8720,1.8730,888084.1,1766647799999,1663447.56447,5775,290605.8,544269.92762,0
1766647800000,1.8729,1.8731,1.8714,1.8724,826010.4,1766648699999,1546589.46034,4872,345794.5,647438.05373,0
1766648700000,1.8725,1.8747,1.8720,1.8735,1050525.7,1766649599999,1967939.62367,5129,412064.1,771795.25014,0
1766649600000,1.8735,1.8804,1.8728,1.8771,5036777.9,1766650499999,9458017.37260,13724,3328987.5,6251854.53072,0
1766650500000,1.8771,1.8781,1.8639,1.8677,7172938.9,1766651399999,13410119.01842,18762,3026821.6,5657193.08442,0
1766651400000,1.8677,1.8713,1.8659,1.8706,2136225.5,1766652299999,3992280.39582,8453,1050739.7,1963699.04123,0
1766652300000,1.8707,1.8743,1.8688,1.8728,1793191.3,1766653199999,3357592.83227,6944,858006.9,1606476.01120,0
1766653200000,1.8729,1.8729,1.8678,1.8682,1907494.6,1766654099999,3566534.96483,7528,1037698.5,1940220.18725,0
1766654100000,1.8682,1.8689,1.8654,1.8666,1745679.9,1766654999999,3259567.30252,6901,950250.9,1774331.69891,0
1766655000000,1.8666,1.8696,1.8657,1.8683,1234941.5,1766655899999,2306150.17769,5563,638502.6,1192340.43898,0
1766655900000,1.8683,1.8735,1.8681,1.8710,1785111.2,1766656799999,3340932.98907,5681,798856.6,1494925.41838,0
1766656800000,1.8710,1.8710,1.8621,1.8621,3046148.4,1766657699999,5682825.60869,8825,991613.5,1850069.36846,0
1766657700000,1.8622,1.8629,1.8606,1.8618,2818916.5,1766658599999,5248147.86214,7938,1271062.7,2366588.03600,0
1766658600000,1.8619,1.8619,1.8524,1.8548,7125687.8,1766659499999,13226893.96245,17362,2989554.8,5549319.45406,0
1766659500000,1.8547,1.8571,1.8536,1.8566,2260260.0,1766660399999,4193706.24389,8124,1358123.2,2519856.17541,0
1766660400000,1.8567,1.8596,1.8555,1.8571,2536046.4,1766661299999,4710064.12730,7495,1185923.1,2202623.23213,0
1766661300000,1.8571,1.8610,1.8566,1.8600,1679078.9,1766662199999,3121487.23369,6091,1077698.9,2003425.62369,0
1766662200000,1.8601,1.8636,1.8566,1.8580,3369097.2,1766663099999,6267306.02172,8409,1750914.0,3257571.09116,0
1766663100000,1.8580,1.8600,1.8554,1.8580,2526634.5,1766663999999,4692819.88477,7541,1105884.1,2054137.51787,0
1766664000000,1.8580,1.8585,1.8542,1.8544,2429247.5,1766664899999,4509746.84714,9267,874058.0,1622840.21158,0
1766664900000,1.8543,1.8608,1.8543,1.8600,1862669.6,1766665799999,3460185.25993,6977,1123207.5,2086470.80342,0
1766665800000,1.8601,1.8617,1.8593,1.8613,1760470.9,1766666699999,3275590.12392,6372,968517.9,1802086.43307,0
1766666700000,1.8613,1.8642,1.8612,1.8641,2472116.5,1766667599999,4605830.68770,7422,1420236.0,2646072.20286,0
1766667600000,1.8641,1.8672,1.8635,1.8663,2126827.6,1766668499999,3966395.02542,7735,1082586.6,2018997.35196,0
1766668500000,1.8663,1.8670,1.8613,1.8646,4071933.1,1766669399999,7588599.69477,8831,1239599.2,2310357.07558,0
1766669400000,1.8646,1.8698,1.8635,1.8680,1912119.5,1766670299999,3568652.26687,6950,866164.8,1616879.02061,0
1766670300000,1.8680,1.8689,1.8656,1.8675,2291567.8,1766671199999,4279706.29310,8249,1195187.2,2232231.10520,0
1766671200000,1.8675,1.8692,1.8647,1.8650,1814643.3,1766672099999,3387375.79629,8436,916123.0,1710179.29556,0
1766672100000,1.8651,1.8671,1.8635,1.8647,1766540.1,1766672999999,3295492.81303,7216,792885.1,1479206.52008,0
1766673000000,1.8648,1.8684,1.8644,1.8659,1356538.5,1766673899999,2531986.95575,5936,778070.1,1452314.14999,0
1766673900000,1.8659,1.8691,1.8658,1.8688,1159114.3,1766674799999,2165032.87737,5115,545940.0,1019696.02661,0
1766674800000,1.8688,1.8697,1.8645,1.8688,3473711.2,1766675699999,6487546.07136,9629,2120235.7,3959978.32330,0
1766675700000,1.8689,1.8762,1.8665,1.8727,5888746.5,1766676599999,11021776.51481,15488,3631702.0,6797449.13039,0
1766676600000,1.8726,1.8819,1.8697,1.8801,7179065.5,1766677499999,13463660.07355,19031,4275278.9,8018378.64853,0
1766677500000,1.8802,1.8898,1.8773,1.8822,16112262.9,1766678399999,30339389.07774,31177,9105298.4,17145518.49648,0
1766678400000,1.8822,1.8827,1.8764,1.8793,6162406.8,1766679299999,11582036.74418,16192,2172302.2,4084459.86912,0
1766679300000,1.8792,1.8829,1.8781,1.8784,5078365.8,1766680199999,9549100.28917,11504,2000161.7,3761011.14165,0
1766680200000,1.8783,1.8800,1.8738,1.8755,2463415.7,1766681099999,4621800.39304,9148,998468.1,1873083.74486,0
1766681100000,1.8755,1.8759,1.8680,1.8707,3084861.1,1766681999999,5772681.66698,10575,1198143.6,2241863.30923,0
1766682000000,1.8707,1.8713,1.8674,1.8689,2205184.6,1766682899999,4122484.52303,9816,841229.3,1572744.31961,0
1766682900000,1.8689,1.8691,1.8649,1.8649,2699745.6,1766683799999,5040627.39457,9207,994291.4,1856606.99032,0
1766683800000,1.8649,1.8678,1.8639,1.8667,2600907.0,1766684699999,4851898.32155,8182,1191998.0,2223738.32545,0
1766684700000,1.8666,1.8707,1.8659,1.8695,1836946.6,1766685599999,3433661.68170,6449,1101401.6,2058764.15388,0
1766685600000,1.8695,1.8735,1.8695,1.8724,1914830.3,1766686499999,3584161.74919,7693,1183405.8,2215028.15833,0
1766686500000,1.8725,1.8725,1.8692,1.8703,1174748.5,1766687399999,2197555.62171,6199,427133.9,798991.58204,0
1766687400000,1.8702,1.8749,1.8681,1.8713,2167961.4,1766688299999,4057924.48237,7607,1276934.7,2390386.82604,0
1766688300000,1.8712,1.8739,1.8709,1.8726,1029941.6,1766689199999,1929081.59217,4758,640387.4,1199516.53855,0
1766689200000,1.8726,1.8729,1.8714,1.8723,711977.8,1766690099999,1333006.21347,4270,383740.9,718492.82267,0
1766690100000,1.8724,1.8728,1.8693,1.8698,953105.9,1766690999999,1782670.93107,4555,510733.3,955220.52194,0
1766691000000,1.8698,1.8729,1.8694,1.8717,905588.1,1766691899999,1694341.31571,4622,525787.1,983778.09555,0
1766691900000,1.8717,1.8723,1.8700,1.8722,511671.6,1766692799999,957370.43597,3195,295845.9,553550.59481,0
1766692800000,1.8723,1.8726,1.8690,1.8704,964850.8,1766693699999,1804790.53207,4968,399347.4,747040.86429,0
1766693700000,1.8703,1.8707,1.8641,1.8653,1796730.4,1766694599999,3354984.00395,7326,659483.4,1231373.14091,0
1766694600000,1.8652,1.8666,1.8636,1.8648,1714826.9,1766695499999,3197698.69907,5797,921689.4,1718677.57926,0
1766695500000,1.8648,1.8688,1.8648,1.8677,1224730.5,1766696399999,2286698.37484,4540,676043.6,1262154.60279,0
1766696400000,1.8677,1.8686,1.8655,1.8682,1501787.5,1766697299999,2803995.69653,5469,700660.6,1308194.57242,0
1766697300000,1.8681,1.8681,1.8654,1.8678,1748498.4,1766698199999,3263160.77584,4548,716147.1,1336611.25510,0
1766698200000,1.8678,1.8678,1.8656,1.8665,711682.7,1766699099999,1328431.19405,3542,444637.8,829957.48713,0
1766699100000,1.8665,1.8665,1.8632,1.8644,1455472.5,1766699999999,2713938.40427,4841,773374.7,1441993.01185,0
1766700000000,1.8644,1.8649,1.8575,1.8595,5072830.6,1766700899999,9438867.01546,13935,1858988.9,3457867.00410,0
1766700900000,1.8595,1.8613,1.8581,1.8600,1258736.1,1766701799999,2340811.40426,4697,664641.4,1235997.05393,0
1766701800000,1.8599,1.8611,1.8552,1.8563,2684195.6,1766702699999,4986324.44873,8098,1348754.5,2505678.25422,0
1766702700000,1.8563,1.8563,1.8386,1.8447,16821856.3,1766703599999,31037808.07245,42145,7461806.5,13765787.08072,0
1766703600000,1.8446,1.8503,1.8386,1.8470,6598552.3,1766704499999,12167500.05416,19855,3523841.4,6498166.55743,0
1766704500000,1.8469,1.8473,1.8403,1.8417,3540894.9,1766705399999,6526392.01630,11353,1890498.5,3483972.07139,0
1766705400000,1.8416,1.8416,1.8274,1.8316,14327416.7,1766706299999,26264680.87663,35282,6144545.4,11260974.92085,0
1766706300000,1.8315,1.8346,1.8278,1.8315,6932231.5,1766707199999,12690662.18229,20750,3677628.9,6732614.86347,0
1766707200000,1.8314,1.8357,1.8235,1.8287,8453217.4,1766708099999,15457847.48899,22190,3166415.9,5792785.37052,0
1766708100000,1.8286,1.8360,1.8234,1.8288,4680576.7,1766708999999,8557702.16796,17113,2500769.7,4571964.88699,0
1766709000000,1.8289,1.8325,1.8240,1.8279,4538904.2,1766709899999,8301552.31632,14299,1785210.6,3265535.81223,0
1766709900000,1.8279,1.8312,1.8279,1.8308,2535090.7,1766710799999,4637949.73536,10725,1439171.6,2632918.17454,0
1766710800000,1.8308,1.8366,1.8285,1.8362,4814529.6,1766711699999,8829339.35079,14309,2959880.9,5428947.06615,0
1766711700000,1.8361,1.8377,1.8328,1.8374,4270901.9,1766712599999,7840313.14370,11854,2195989.7,4031489.33768,0
1766712600000,1.8373,1.8385,1.8353,1.8376,1820026.9,1766713499999,3343566.38510,7360,838839.5,1541029.25009,0
1766713500000,1.8376,1.8387,1.8348,1.8352,1475774.9,1766714399999,2710707.60376,6604,657760.2,1208120.76333,0
1766714400000,1.8352,1.8576,1.8322,1.8574,10263952.7,1766715299999,18929838.32698,24104,6389046.1,11788039.62920,0
1766715300000,1.8574,1.8777,1.8573,1.8705,32283606.0,1766716199999,60306694.23697,74986,15361515.9,28689528.74553,0
1766716200000,1.8706,1.8803,1.8683,1.8715,11603318.1,1766717099999,21749178.00005,34740,5695683.2,10674446.32624,0
1766717100000,1.8716,1.8747,1.8657,1.8688,7850559.3,1766717999999,14685294.05086,23778,3372529.8,6308747.46556,0
1766718000000,1.8689,1.8732,1.8652,1.8684,6191293.6,1766718899999,11571285.99096,23613,2786014.0,5207709.16951,0
1766718900000,1.8684,1.8687,1.8598,1.8622,5967645.3,1766719799999,11123438.56038,19290,2410124.5,4494427.88339,0
1766719800000,1.8622,1.8636,1.8584,1.8619,3623228.8,1766720699999,6740889.67515,12397,1765038.2,3283652.48262,0
1766720700000,1.8618,1.8671,1.8618,1.8640,3630503.2,1766721599999,6769586.28368,12101,2258577.9,4211344.34892,0
1766721600000,1.8639,1.8642,1.8543,1.8568,4677040.9,1766722499999,8686356.71762,16396,1858512.5,3451425.85168,0
1766722500000,1.8569,1.8610,1.8545,1.8587,3996649.6,1766723399999,7424710.94532,10289,2008512.0,3731841.69956,0
1766723400000,1.8586,1.8686,1.8579,1.8675,3128413.2,1766724299999,5829603.62190,10949,1835456.6,3420187.17918,0
1766724300000,1.8676,1.8700,1.8644,1.8653,2503378.4,1766725199999,4672441.39204,9074,1072551.2,2002196.84621,0
1766725200000,1.8654,1.8673,1.8637,1.8652,1420645.6,1766726099999,2650091.13553,7602,693577.0,1293811.52100,0
1766726100000,1.8651,1.8654,1.8629,1.8643,1354663.8,1766726999999,2525292.23454,6347,549831.2,1025033.22559,0
1766727000000,1.8643,1.8695,1.8634,1.8694,2043707.0,1766727899999,3813757.62523,7399,1226614.4,2288902.54989,0
1766727900000,1.8694,1.8716,1.8667,1.8688,2410380.7,1766728799999,4505922.90593,8509,938638.8,1754595.12070,0
1766728800000,1.8688,1.8743,1.8683,1.8713,3832653.5,1766729699999,7170672.51335,12115,2225370.1,4163348.38818,0
1766729700000,1.8714,1.8736,1.8699,1.8701,2694319.2,1766730599999,5043437.60372,9506,1381811.1,2586711.19222,0
1766730600000,1.8701,1.8775,1.8684,1.8769,9232302.3,1766731499999,17304863.54813,12835,4632329.0,8681185.85290,0
1766731500000,1.8769,1.8769,1.8725,1.8740,3351662.8,1766732399999,6282607.86347,8933,1170064.8,2193085.03359,0
1766732400000,1.8740,1.8811,1.8739,1.8811,4358864.8,1766733299999,8186396.05427,12327,2350053.4,4413573.51842,0
1766733300000,1.8812,1.8824,1.8769,1.8803,4179927.7,1766734199999,7860031.16005,12509,1928753.2,3627210.27124,0
1766734200000,1.8804,1.8806,1.8684,1.8687,6430166.3,1766735099999,12046605.86301,16864,2860914.7,5358729.67589,0
1766735100000,1.8686,1.8694,1.8610,1.8634,5041416.3,1766735999999,9404137.35464,14467,2489075.8,4643183.71243,0
1766736000000,1.8634,1.8689,1.8623,1.8665,5356100.8,1766736899999,9990459.15685,14005,2969297.2,5538807.56415,0
1766736900000,1.8665,1.8700,1.8653,1.8667,2531907.7,1766737799999,4728662.46096,7785,1182784.2,2209038.00510,0
1766737800000,1.8668,1.8668,1.8626,1.8630,1519188.9,1766738699999,2831791.47516,7007,614099.3,1144632.78333,0
1766738700000,1.8630,1.8664,1.8618,1.8663,1395564.9,1766739599999,2601280.83959,5702,691624.0,1289228.39889,0
1766739600000,1.8664,1.8705,1.8660,1.8698,2122308.7,1766740499999,3965367.39673,7437,1060588.5,1981599.65767,0
1766740500000,1.8699,1.8719,1.8685,1.8695,2233021.6,1766741399999,4176186.83658,6967,1035598.3,1936862.32437,0
1766741400000,1.8696,1.8730,1.8695,1.8729,1430331.8,1766742299999,2677048.60782,5249,761120.2,1424613.86847,0
1766742300000,1.8730,1.8770,1.8726,1.8760,4619190.4,1766743199999,8662849.45612,10273,2847885.5,5341092.15026,0
1766743200000,1.8759,1.8773,1.8736,1.8741,1900808.6,1766744099999,3564508.03172,8048,749019.6,1404636.11742,0
1766744100000,1.8741,1.8776,1.8717,1.8772,3566566.4,1766744999999,6684143.40410,8654,1983316.5,3717276.97450,0
1766745000000,1.8773,1.8783,1.8745,1.8761,2259472.0,1766745899999,4239167.62119,7417,976024.2,1831380.61044,0
1766745900000,1.8761,1.8800,1.8761,1.8781,2622605.1,1766746799999,4925953.49819,7824,1426352.5,2679016.69018,0
1766746800000,1.8782,1.8782,1.8748,1.8751,1390645.0,1766747699999,2609187.87660,6170,560612.2,1051835.04390,0
1766747700000,1.8752,1.8755,1.8721,1.8727,2508767.7,1766748599999,4700286.78245,7024,1073958.8,2011926.31660,0
1766748600000,1.8728,1.8740,1.8710,1.8716,2218425.3,1766749499999,4153023.19975,6203,829395.6,1552785.00985,0
1766749500000,1.8715,1.8727,1.8699,1.8706,1604491.3,1766750399999,3002228.58867,5420,633009.7,1184519.31548,0
1766750400000,1.8706,1.8727,1.8701,1.8713,1739724.3,1766751299999,3256116.40995,6911,906574.2,1696788.69941,0
1766751300000,1.8714,1.8734,1.8693,1.8715,1654291.1,1766752199999,3095761.49511,6004,824814.4,1543651.98227,0
1766752200000,1.8715,1.8725,1.8701,1.8718,1454570.7,1766753099999,2721937.68081,5339,795544.8,1488776.39526,0
1766753100000,1.8719,1.8726,1.8703,1.8715,1833677.5,1766753999999,3431562.79236,5616,1161835.1,2174197.95800,0
1766754000000,1.8716,1.8754,1.8678,1.8749,3293758.1,1766754899999,6164864.61926,9104,1845246.2,3454743.15103,0
1766754900000,1.8749,1.8757,1.8727,1.8732,1258884.4,1766755799999,2359550.77718,5082,646589.2,1211925.23982,0
1766755800000,1.8733,1.8778,1.8719,1.8761,3709261.0,1766756699999,6956371.62399,9030,1911714.8,3585243.10268,0
1766756700000,1.8762,1.8789,1.8752,1.8772,4192450.7,1766757599999,7870131.71727,9817,1889436.8,3547172.46993,0
1766757600000,1.8773,1.8776,1.8727,1.8758,4383954.8,1766758499999,8219947.98648,11559,2131254.8,3996644.33461,0
1766758500000,1.8759,1.8774,1.8735,1.8735,2560233.2,1766759399999,4801979.16487,7444,1384410.0,2596974.87047,0
1766759400000,1.8736,1.8748,1.8597,1.8628,14155586.3,1766760299999,26437441.74011,33862,6089376.7,11374658.06984,0
1766760300000,1.8627,1.8629,1.8415,1.8431,28887313.3,1766761199999,53437638.07365,58061,13943444.1,25789746.72018,0
1766761200000,1.8430,1.8431,1.8280,1.8292,36068053.2,1766762099999,66135167.43751,68264,17801266.1,32636424.45097,0
1766762100000,1.8291,1.8378,1.8249,1.8358,17192065.0,1766762999999,31490114.02139,42283,9230368.5,16910268.23929,0
1766763000000,1.8358,1.8405,1.8311,1.8332,13081212.7,1766763899999,24006865.29472,31147,7521492.5,13803652.57984,0
1766763900000,1.8332,1.8379,1.8300,1.8366,12670921.8,1766764799999,23230610.82419,26690,6726777.7,12333652.54625,0
1766764800000,1.8367,1.8449,1.8351,1.8400,9520699.0,1766765699999,17523944.67138,28036,4726372.3,8700898.71788,0
1766765700000,1.8400,1.8457,1.8389,1.8404,4530277.2,1766766599999,8345707.15250,16027,1974165.6,3636645.28183,0
1766766600000,1.8404,1.8438,1.8384,1.8420,3719814.7,1766767499999,6850476.73602,13376,1849938.6,3407045.87198,0
1766767500000,1.8420,1.8438,1.8323,1.8334,6076603.1,1766768399999,11163572.34699,15945,1690262.4,3107119.65251,0
1766768400000,1.8335,1.8416,1.8334,1.8389,3384611.9,1766769299999,6220482.51266,14167,1932798.3,3552257.78333,0
1766769300000,1.8390,1.8465,1.8357,1.8452,3437084.4,1766770199999,6327844.80216,13476,2148095.0,3955064.59333,0
1766770200000,1.8451,1.8485,1.8419,1.8461,3886599.1,1766771099999,7173014.20344,14070,2104511.4,3884620.48260,0
1766771100000,1.8460,1.8479,1.8402,1.8426,5354526.6,1766771999999,9875172.14711,12617,1599201.7,2948671.62901,0
1766772000000,1.8425,1.8460,1.8412,1.8453,2005958.7,1766772899999,3697919.79125,10023,927688.1,1710375.90583,0
1766772900000,1.8452,1.8456,1.8392,1.8393,2050335.3,1766773799999,3778915.96694,8338,914492.9,1685773.06950,0
1766773800000,1.8393,1.8463,1.8392,1.8441,2020239.6,1766774699999,3725134.58982,8601,972879.2,1793505.95424,0
1766774700000,1.8440,1.8466,1.8412,1.8441,1867637.9,1766775599999,3443625.43865,8255,825780.0,1522717.97532,0
1766775600000,1.8440,1.8467,1.8435,1.8438,1313213.8,1766776499999,2422843.70801,7323,511225.3,943266.43958,0
1766776500000,1.8438,1.8446,1.8403,1.8431,1571387.0,1766777399999,2895861.55785,7461,625649.1,1153124.15723,0
1766777400000,1.8430,1.8457,1.8430,1.8456,1429963.7,1766778299999,2638125.88307,6463,770270.5,1421008.02853,0
1766778300000,1.8456,1.8495,1.8430,1.8448,2314370.3,1766779199999,4273609.07890,8039,1045838.8,1931056.99754,0
1766779200000,1.8448,1.8475,1.8437,1.8473,1238265.9,1766780099999,2285572.00935,8368,641515.5,1184098.91480,0
1766780100000,1.8473,1.8494,1.8458,1.8487,1483848.0,1766780999999,2741542.58897,6094,572297.9,1057472.15313,0
1766781000000,1.8486,1.8522,1.8477,1.8522,2454832.3,1766781899999,4541492.78066,7702,1602112.2,2964202.54374,0
1766781900000,1.8521,1.8595,1.8521,1.8538,7301067.1,1766782799999,13552453.60542,17214,3807813.1,7068706.30933,0
1766782800000,1.8539,1.8567,1.8493,1.8530,2391857.6,1766783699999,4430660.68058,9721,1011689.4,1874265.89055,0
1766783700000,1.8530,1.8542,1.8493,1.8501,1934501.0,1766784599999,3581036.63590,7279,630493.6,1167177.27962,0
1766784600000,1.8500,1.8501,1.8471,1.8482,1812850.9,1766785499999,3350596.40481,5995,725415.2,1340716.19791,0
1766785500000,1.8482,1.8498,1.8453,1.8465,1238936.3,1766786399999,2289230.91497,5810,642821.7,1187926.66523,0
1766786400000,1.8464,1.8488,1.8441,1.8442,2123871.4,1766787299999,3923026.80206,9915,956229.1,1766450.02749,0
1766787300000,1.8441,1.8491,1.8441,1.8449,1340976.5,1766788199999,2476244.24049,6457,712847.2,1316372.82213,0
1766788200000,1.8449,1.8478,1.8420,1.8433,2363139.1,1766789099999,4357795.23702,8060,709365.5,1308309.81351,0
1766789100000,1.8433,1.8468,1.8420,1.8468,1061791.3,1766789999999,1958400.50060,5792,560828.8,1034457.24011,0
1766790000000,1.8467,1.8487,1.8446,1.8452,2336167.8,1766790899999,4314356.79022,9305,973373.9,1797662.09615,0
1766790900000,1.8452,1.8452,1.8429,1.8437,1535069.2,1766791799999,2830739.52714,5176,567567.9,1046565.29716,0
1766791800000,1.8437,1.8453,1.8426,1.8431,802642.5,1766792699999,1480085.18559,4674,394967.7,728383.44961,0
1766792700000,1.8431,1.8442,1.8414,1.8428,1723404.0,1766793599999,3175844.74788,6180,616149.4,1135580.43651,0
1766793600000,1.8429,1.8443,1.8411,1.8429,2425699.6,1766794499999,4470358.35136,7958,1096051.8,2019954.96798,0
1766794500000,1.8429,1.8434,1.8407,1.8426,1931182.8,1766795399999,3557333.02296,6279,1201232.7,2212782.31398,0
1766795400000,1.8426,1.8451,1.8422,1.8446,1207081.2,1766796299999,2225442.36956,4590,548843.2,1011853.78396,0
1766796300000,1.8445,1.8447,1.8431,1.8445,887657.4,1766797199999,1636857.67952,3694,394039.5,726632.04205,0
1766797200000,1.8445,1.8451,1.8433,1.8439,980519.1,1766798099999,1808160.81127,4407,392040.6,722980.54950,0
1766798100000,1.8439,1.8441,1.8419,1.8439,1438658.0,1766798999999,2651739.15101,5161,585258.1,1078743.30315,0
1766799000000,1.8439,1.8446,1.8431,1.8432,783957.0,1766799899999,1445503.69594,4513,363866.9,670942.74974,0
1766799900000,1.8432,1.8470,1.8419,1.8461,1878978.8,1766800799999,3465894.12135,5236,1171148.9,2160708.57804,0
1766800800000,1.8461,1.8470,1.8443,1.8469,1291973.1,1766801699999,2384663.42738,5868,634930.8,1171957.65039,0
1766801700000,1.8470,1.8476,1.8444,1.8456,2293828.5,1766802599999,4233763.52565,5451,735022.2,1356475.24644,0
1766802600000,1.8456,1.8528,1.8443,1.8492,3656460.0,1766803499999,6762059.89731,8078,2539803.5,4697669.27642,0
1766803500000,1.8493,1.8500,1.8477,1.8481,2309430.7,1766804399999,4270045.67850,5370,845791.9,1563847.90748,0
1766804400000,1.8481,1.8504,1.8454,1.8462,1449634.9,1766805299999,2678661.61585,6569,721590.3,1333550.03124,0
1766805300000,1.8462,1.8507,1.8462,1.8495,1891337.1,1766806199999,3497158.43779,6508,1088594.0,2012705.11783,0
1766806200000,1.8495,1.8527,1.8493,1.8510,1772857.5,1766807099999,3282125.25180,8385,808221.9,1496265.71806,0
1766807100000,1.8510,1.8514,1.8498,1.8505,1106407.0,1766807999999,2047502.63103,5297,487199.3,901586.91594,0
1766808000000,1.8506,1.8522,1.8479,1.8486,1682229.3,1766808899999,3112011.09407,6544,817579.9,1512611.42890,0
1766808900000,1.8486,1.8496,1.8472,1.8472,770181.0,1766809799999,1423345.68546,4062,306840.0,567104.86646,0
1766809800000,1.8472,1.8478,1.8462,1.8475,910223.2,1766810699999,1681170.66787,4030,437247.9,807656.20498,0
1766810700000,1.8475,1.8482,1.8457,1.8472,805652.0,1766811599999,1487970.71561,3595,294768.5,544458.53540,0
1766811600000,1.8472,1.8483,1.8457,1.8461,549784.3,1766812499999,1015408.43289,4126,216910.4,400622.83831,0
1766812500000,1.8461,1.8470,1.8453,1.8466,604875.2,1766813399999,1116661.73182,3197,295737.6,546031.02335,0
1766813400000,1.8466,1.8476,1.8466,1.8475,417072.9,1766814299999,770398.33566,3357,271229.2,501002.49031,0
1766814300000,1.8474,1.8490,1.8473,1.8488,638482.1,1766815199999,1180015.07716,3390,419831.9,775919.14066,0
1766815200000,1.8489,1.8490,1.8463,1.8475,839585.2,1766816099999,1551180.56701,5309,264438.5,488551.54864,0
1766816100000,1.8475,1.8484,1.8461,1.8477,623305.5,1766816999999,1151424.68939,3106,280794.8,518798.02797,0
1766817000000,1.8477,1.8479,1.8465,1.8473,637189.3,1766817899999,1177068.02958,3123,320036.6,591205.21385,0
1766817900000,1.8473,1.8478,1.8464,1.8468,651127.3,1766818799999,1202612.77028,2577,338426.2,625070.48760,0
1766818800000,1.8469,1.8497,1.8468,1.8496,705088.0,1766819699999,1303260.77190,4642,457286.3,845249.63527,0
1766819700000,1.8496,1.8516,1.8482,1.8497,1523890.4,1766820599999,2819100.44599,5823,801467.4,1482726.58568,0
1766820600000,1.8497,1.8500,1.8465,1.8470,918139.6,1766821499999,1697038.64980,3847,298476.6,551784.00530,0
1766821500000,1.8470,1.8478,1.8466,1.8468,597362.7,1766822399999,1103344.31704,2666,336395.6,621327.78794,0
1766822400000,1.8467,1.8491,1.8467,1.8474,1087600.5,1766823299999,2009906.46357,4656,714261.0,1319992.70395,0
1766823300000,1.8474,1.8505,1.8474,1.8492,693508.1,1766824199999,1282357.81285,3907,454058.7,839562.63578,0
1766824200000,1.8493,1.8502,1.8490,1.8492,443033.1,1766825099999,819370.56082,2720,180165.9,333217.66561,0
1766825100000,1.8492,1.8495,1.8482,1.8492,739179.0,1766825999999,1366578.07580,3008,372998.6,689577.94268,0
1766826000000,1.8492,1.8522,1.8490,1.8517,1818145.2,1766826899999,3365728.44808,5481,786968.8,1456729.40359,0
1766826900000,1.8518,1.8548,1.8493,1.8499,2823028.8,1766827799999,5230614.28218,6424,1333695.3,2471477.42667,0
1766827800000,1.8499,1.8511,1.8498,1.8510,1054404.6,1766828699999,1951079.67047,3518,561851.4,1039718.30491,0
1766828700000,1.8510,1.8515,1.8499,1.8500,910032.6,1766829599999,1684117.14712,3762,430591.2,796856.75355,0
1766829600000,1.8500,1.8519,1.8483,1.8494,1015546.4,1766830499999,1878707.03823,5852,444074.7,821506.10393,0
1766830500000,1.8494,1.8519,1.8475,1.8476,868243.8,1766831399999,1606107.35783,4129,294680.1,545199.19629,0
1766831400000,1.8475,1.8489,1.8436,1.8455,3343196.3,1766832299999,6171161.48915,9389,1196239.2,2208151.09938,0
1766832300000,1.8455,1.8478,1.8448,1.8475,1336784.8,1766833199999,2468356.26294,4839,718869.1,1327426.72506,0
1766833200000,1.8475,1.8485,1.8462,1.8476,937943.3,1766834099999,1732815.77650,4576,429444.0,793372.67873,0
1766834100000,1.8475,1.8492,1.8469,1.8470,1118597.3,1766834999999,2066937.16167,4226,397710.4,734966.83107,0
1766835000000,1.8469,1.8513,1.8469,1.8497,1486821.5,1766835899999,2749968.44677,5757,778909.0,1440552.55111,0
1766835900000,1.8496,1.8516,1.8495,1.8503,1329737.1,1766836799999,2460637.92927,4223,583282.8,1079353.83191,0
1766836800000,1.8502,1.8524,1.8499,1.8502,1510176.4,1766837699999,2795656.38376,6607,730411.3,1352241.93245,0
1766837700000,1.8503,1.8513,1.8492,1.8511,912841.1,1766838599999,1688960.71804,4159,427504.5,791043.24445,0
1766838600000,1.8512,1.8525,1.8506,1.8515,942803.3,1766839499999,1745638.87135,4665,403453.9,747039.23470,0
1766839500000,1.8514,1.8519,1.8493,1.8501,955094.2,1766840399999,1767299.90204,4814,298293.3,551971.38942,0
1766840400000,1.8501,1.8510,1.8475,1.8476,1411122.2,1766841299999,2608696.12345,5468,564680.4,1043793.54650,0
1766841300000,1.8476,1.8476,1.8446,1.8455,3051701.5,1766842199999,5633123.07486,6534,1174974.6,2168999.58226,0
1766842200000,1.8454,1.8480,1.8434,1.8477,1739113.3,1766843099999,3210057.36435,5723,885116.3,1633884.29516,0
1766843100000,1.8476,1.8477,1.8447,1.8448,648482.9,1766843999999,1197083.14276,3055,296798.7,547898.78032,0
1766844000000,1.8447,1.8448,1.8423,1.8439,2454502.1,1766844899999,4524919.99768,7263,1029991.4,1898890.44758,0
1766844900000,1.8438,1.8450,1.8431,1.8447,643956.8,1766845799999,1187523.69179,3822,374036.2,689788.57746,0
1766845800000,1.8446,1.8480,1.8443,1.8480,1213388.0,1766846699999,2240543.78242,4204,764774.5,1412126.12627,0
1766846700000,1.8480,1.8486,1.8466,1.8486,996945.5,1766847599999,1842236.40017,3581,465964.7,861078.51612,0
1766847600000,1.8485,1.8486,1.8460,1.8482,1116372.6,1766848499999,2062352.51561,5374,477550.0,882209.58265,0
1766848500000,1.8481,1.8487,1.8468,1.8486,997916.9,1766849399999,1844047.44033,3781,449712.7,831032.94578,0
1766849400000,1.8485,1.8503,1.8478,1.8489,1481658.1,1766850299999,2739666.32198,4964,744482.7,1376596.21680,0
1766850300000,1.8490,1.8509,1.8484,1.8486,1352851.7,1766851199999,2502543.13550,4169,477643.7,883515.43198,0
1766851200000,1.8487,1.8493,1.8476,1.8478,1325190.1,1766852099999,2449314.46390,4811,603743.9,1115911.60187,0
1766852100000,1.8477,1.8487,1.8452,1.8456,1149495.7,1766852999999,2122927.23411,4227,549921.7,1015698.29371,0
1766853000000,1.8456,1.8469,1.8445,1.8448,1417537.3,1766853899999,2616188.58595,4711,868747.3,1603355.66573,0
1766853900000,1.8447,1.8450,1.8430,1.8439,1547245.5,1766854799999,2852853.28403,5516,727804.2,1341901.52234,0
1766854800000,1.8439,1.8474,1.8425,1.8457,11288655.8,1766855699999,20824236.78915,14160,5429838.6,10016948.76545,0
1766855700000,1.8457,1.8480,1.8421,1.8468,8586466.8,1766856599999,15843902.72341,10840,4109874.6,7582800.94689,0
1766856600000,1.8468,1.8480,1.8438,1.8450,6192219.8,1766857499999,11432389.44006,6724,2366237.9,4368210.60875,0
1766857500000,1.8449,1.8507,1.8443,1.8484,13968247.6,1766858399999,25809257.98306,12958,7574056.7,13992392.42894,0
1766858400000,1.8485,1.8530,1.8479,1.8494,13868844.3,1766859299999,25670836.75999,16433,8791576.4,16273440.55997,0
1766859300000,1.8493,1.8515,1.8493,1.8507,1065312.1,1766860199999,1971197.30131,3697,578256.0,1069985.96767,0
1766860200000,1.8508,1.8514,1.8495,1.8496,1065343.0,1766861099999,1971274.19272,5447,368822.9,682471.47685,0
1766861100000,1.8497,1.8504,1.8488,1.8489,801626.3,1766861999999,1482518.71951,4331,348730.0,644957.81877,0
1766862000000,1.8490,1.8509,1.8469,1.8506,959527.2,1766862899999,1774076.12190,4627,522424.8,965986.54063,0
1766862900000,1.8505,1.8513,1.8495,1.8507,733943.7,1766863799999,1358157.43031,3906,280207.0,518516.01884,0
1766863800000,1.8507,1.8533,1.8500,1.8532,1187915.1,1766864699999,2199430.69861,5213,671667.2,1243701.92858,0
1766864700000,1.8533,1.8567,1.8533,1.8551,3387100.0,1766865599999,6283847.02122,8689,1529655.6,2837540.38066,0
1766865600000,1.8551,1.8588,1.8543,1.8558,3459509.3,1766866499999,6422718.62951,8688,1766629.6,3279440.01995,0
1766866500000,1.8558,1.8579,1.8528,1.8529,3288567.3,1766867399999,6104107.11506,6837,998633.9,1853452.59353,0
1766867400000,1.8529,1.8554,1.8523,1.8550,1137743.0,1766868299999,2109390.80669,5338,714852.9,1325342.45439,0
1766868300000,1.8550,1.8558,1.8542,1.8546,494860.3,1766869199999,918054.18578,4624,232438.2,431226.50220,0
1766869200000,1.8547,1.8583,1.8546,1.8580,971527.8,1766870099999,1803913.12806,4975,519172.7,963965.13427,0
1766870100000,1.8581,1.8589,1.8573,1.8586,1218338.0,1766870999999,2264068.84064,4977,608295.2,1130420.56842,0
1766871000000,1.8585,1.8603,1.8582,1.8582,2199660.6,1766871899999,4090000.19954,6610,1204664.9,2240052.54868,0
1766871900000,1.8582,1.8620,1.8579,1.8614,1535204.2,1766872799999,2855618.39357,5287,879692.3,1636300.49171,0
1766872800000,1.8614,1.8699,1.8607,1.8692,6151219.4,1766873699999,11467704.96220,12838,3619817.5,6749307.84813,0
1766873700000,1.8693,1.8745,1.8638,1.8638,7699214.7,1766874599999,14401795.16663,17501,3619828.4,6771217.92900,0
1766874600000,1.8638,1.8644,1.8607,1.8631,2353391.0,1766875499999,4383059.15882,8303,1219987.3,2272114.06223,0
1766875500000,1.8631,1.8652,1.8610,1.8613,1171706.9,1766876399999,2183399.39245,7017,570698.4,1063659.29188,0
1766876400000,1.8613,1.8652,1.8613,1.8628,1738543.5,1766877299999,3238290.18247,8043,900677.7,1677716.03908,0
1766877300000,1.8628,1.8664,1.8628,1.8640,1591793.1,1766878199999,2968030.55602,5855,691926.2,1290156.71138,0
1766878200000,1.8641,1.8662,1.8635,1.8659,689567.0,1766879099999,1286151.90118,4394,349500.2,651891.07519,0
1766879100000,1.8659,1.8786,1.8658,1.8727,6918047.9,1766879999999,12960033.78417,15872,3905616.4,7312734.31892,0
1766880000000,1.8726,1.8757,1.8708,1.8710,3201589.3,1766880899999,5995886.62224,10424,1289728.4,2415360.01131,0
1766880900000,1.8710,1.8733,1.8683,1.8689,2028041.3,1766881799999,3793921.71988,6832,836575.5,1564990.73177,0
1766881800000,1.8689,1.8737,1.8688,1.8727,1728942.3,1766882699999,3235822.36958,7142,826947.4,1547616.14299,0
1766882700000,1.8728,1.8744,1.8699,1.8707,1434411.7,1766883599999,2685751.85609,6878,659203.3,1234426.65272,0
1766883600000,1.8708,1.8743,1.8707,1.8727,1307576.3,1766884499999,2449104.92860,6118,660771.2,1237584.34630,0
1766884500000,1.8728,1.8728,1.8687,1.8692,1654483.2,1766885399999,3093811.17996,5808,610045.8,1140794.88585,0
1766885400000,1.8692,1.8720,1.8680,1.8705,1259929.1,1766886299999,2356554.12036,6071,697104.7,1303886.00683,0
1766886300000,1.8706,1.8707,1.8691,1.8700,578543.4,1766887199999,1081825.35447,3451,248632.8,464913.71822,0
1766887200000,1.8701,1.8711,1.8690,1.8711,736689.7,1766888099999,1377560.65625,4643,347957.1,650717.79591,0
1766888100000,1.8711,1.8750,1.8710,1.8744,1341613.5,1766888999999,2512831.80679,5270,840829.1,1574927.31604,0
1766889000000,1.8744,1.8775,1.8737,1.8744,3178028.0,1766889899999,5960152.12357,8876,1407434.7,2639923.26989,0
1766889900000,1.8745,1.8747,1.8722,1.8722,595923.0,1766890799999,1116213.49328,4236,226664.2,424538.56263,0
1766890800000,1.8723,1.8738,1.8709,1.8715,1187829.7,1766891699999,2223845.68755,5304,539865.7,1010818.13520,0
1766891700000,1.8716,1.8723,1.8706,1.8712,890751.4,1766892599999,1666953.37222,3844,435802.9,815521.00093,0
1766892600000,1.8713,1.8737,1.8713,1.8729,887364.0,1766893499999,1661894.17339,4177,436375.2,817217.51545,0
1766893500000,1.8730,1.8743,1.8729,1.8738,883283.9,1766894399999,1655073.41515,4682,431070.0,807722.14666,0
1766894400000,1.8737,1.8768,1.8728,1.8759,2293651.5,1766895299999,4300869.27814,6957,1206750.1,2262824.06073,0
1766895300000,1.8759,1.8764,1.8736,1.8743,1650799.0,1766896199999,3095396.25965,5937,791627.5,1484406.37990,0
1766896200000,1.8744,1.8759,1.8723,1.8750,805243.5,1766897099999,1509339.06612,5883,400671.5,750925.34855,0
1766897100000,1.8750,1.8751,1.8730,1.8741,715515.7,1766897999999,1340973.66214,5290,393456.3,737419.73042,0
1766898000000,1.8741,1.8759,1.8725,1.8755,1252596.3,1766898899999,2347724.17474,5351,493645.8,925277.88853,0
1766898900000,1.8755,1.8757,1.8727,1.8730,1237071.4,1766899799999,2318643.89174,4500,461122.9,864283.10446,0
1766899800000,1.8730,1.8753,1.8725,1.8736,1258952.0,1766900699999,2359618.67688,5911,652477.4,1222909.38205,0
1766900700000,1.8736,1.8750,1.8714,1.8720,1488280.6,1766901599999,2788124.60309,6116,707835.2,1326032.17093,0
1766901600000,1.8721,1.8744,1.8713,1.8744,1181622.0,1766902499999,2212726.36934,4734,503192.0,942433.02408,0
1766902500000,1.8743,1.8762,1.8742,1.8758,1416328.1,1766903399999,2656016.47845,4774,885048.8,1659779.98840,0
1766903400000,1.8759,1.8788,1.8753,1.8775,2424660.9,1766904299999,4552198.91911,7569,1635444.4,3070472.80204,0
1766904300000,1.8775,1.8779,1.8758,1.8768,1242056.2,1766905199999,2330774.25483,4962,736305.2,1381674.68795,0
1766905200000,1.8767,1.8789,1.8752,1.8779,1867270.0,1766906099999,3505402.87598,6162,873968.7,1640791.65260,0
1766906100000,1.8779,1.8779,1.8756,1.8761,768390.3,1766906999999,1442030.09485,3803,332607.4,624204.38132,0
1766907000000,1.8761,1.8770,1.8742,1.8742,1131938.5,1766907899999,2122919.46392,4117,330609.6,620061.37416,0
1766907900000,1.8743,1.8750,1.8725,1.8728,1465008.8,1766908799999,2744892.60156,4884,615694.1,1153625.03842,0
1766908800000,1.8729,1.8750,1.8726,1.8746,1504434.8,1766909699999,2818892.72266,4769,704901.1,1320778.82378,0
1766909700000,1.8747,1.8747,1.8714,1.8723,1453632.3,1766910599999,2722114.81766,4345,515485.8,965333.48488,0
1766910600000,1.8723,1.8764,1.8716,1.8717,2367457.2,1766911499999,4434974.99292,6559,1202193.8,2251984.21591,0
1766911500000,1.8717,1.8722,1.8678,1.8680,3229993.7,1766912399999,6038030.73197,7614,1319770.5,2467339.87221,0
1766912400000,1.8680,1.8683,1.8659,1.8663,3121479.0,1766913299999,5827687.31541,7903,1457659.2,2721452.97046,0
1766913300000,1.8662,1.8683,1.8662,1.8681,975766.2,1766914199999,1822005.31723,3728,599374.8,1119183.75214,0
1766914200000,1.8681,1.8682,1.8617,1.8640,4174917.1,1766915099999,7782714.69630,9315,1712785.5,3192645.09794,0
1766915100000,1.8639,1.8645,1.8628,1.8642,1075208.9,1766915999999,2003964.13701,4200,642057.1,1196666.60637,0
1766916000000,1.8642,1.8681,1.8640,1.8676,2215271.7,1766916899999,4134818.65091,6590,1455230.7,2716107.59541,0
1766916900000,1.8676,1.8689,1.8671,1.8685,1261882.5,1766917799999,2357278.07987,4063,671423.9,1254291.41883,0
1766917800000,1.8685,1.8711,1.8680,1.8690,1468757.5,1766918699999,2746121.81962,4897,927721.3,1734654.18231,0
1766918700000,1.8690,1.8705,1.8683,1.8704,1429440.1,1766919599999,2672067.19684,3883,942616.0,1762049.12353,0
1766919600000,1.8704,1.8732,1.8703,1.8732,1682162.0,1766920499999,3148894.86146,5733,1059587.6,1983436.24323,0
1766920500000,1.8732,1.8733,1.8705,1.8707,675767.3,1766921399999,1264805.09020,3540,260410.0,487392.49772,0
1766921400000,1.8707,1.8711,1.8685,1.8695,995182.6,1766922299999,1860639.00163,4346,407776.4,762418.31009,0
1766922300000,1.8695,1.8718,1.8687,1.8712,1204036.9,1766923199999,2252117.27595,4082,649627.4,1215121.69031,0
1766923200000,1.8712,1.8718,1.8687,1.8701,1240306.7,1766924099999,2319245.20123,5666,494941.9,925551.55319,0
1766924100000,1.8701,1.8708,1.8690,1.8698,582703.3,1766924999999,1089541.10875,3148,284829.2,532558.55046,0
1766925000000,1.8697,1.8705,1.8653,1.8663,2213670.5,1766925899999,4133334.96396,5922,931903.4,1740028.84943,0
1766925900000,1.8662,1.8671,1.8647,1.8656,1459152.8,1766926799999,2722585.00120,4915,754916.9,1408624.45223,0
1766926800000,1.8656,1.8690,1.8643,1.8663,2121002.6,1766927699999,3959408.56761,6349,1174397.3,2192485.99500,0
1766927700000,1.8663,1.8688,1.8658,1.8674,915757.3,1766928599999,1709837.50174,4093,559541.0,1044727.32340,0
1766928600000,1.8674,1.8696,1.8671,1.8679,1002424.8,1766929499999,1872627.05138,5393,567722.7,1060579.86100,0
1766929500000,1.8679,1.8681,1.8651,1.8665,1292298.7,1766930399999,2412375.32918,4705,632619.8,1181046.85828,0
1766930400000,1.8664,1.8709,1.8661,1.8700,1834584.6,1766931299999,3429024.24593,6774,937817.6,1752793.55265,0
1766931300000,1.8700,1.8727,1.8697,1.8719,1398386.7,1766932199999,2616565.85603,6542,703393.8,1316227.29338,0
1766932200000,1.8719,1.8761,1.8703,1.8736,2788914.6,1766933099999,5224826.17305,9009,1501880.8,2813593.81748,0
1766933100000,1.8736,1.8757,1.8700,1.8702,2333978.7,1766933999999,4371393.28542,8795,1055203.0,1976312.88707,0
1766934000000,1.8702,1.8746,1.8693,1.8732,1554051.8,1766934899999,2909549.98039,8457,852161.3,1595506.05116,0
1766934900000,1.8732,1.8740,1.8705,1.8716,1105891.4,1766935799999,2070220.68470,6403,600741.3,1124574.23782,0
1766935800000,1.8715,1.8741,1.8694,1.8728,2128090.1,1766936699999,3983521.96305,6055,1254108.2,2347041.92921,0
1766936700000,1.8728,1.8735,1.8681,1.8692,1736314.4,1766937599999,3247070.97397,5074,955643.8,1786924.87745,0
1766937600000,1.8691,1.8709,1.8691,1.8704,1384123.1,1766938499999,2588218.17737,6515,749373.0,1401341.49570,0
1766938500000,1.8705,1.8722,1.8652,1.8677,2215724.6,1766939399999,4139634.32901,7402,895102.8,1672269.60108,0
1766939400000,1.8676,1.8690,1.8653,1.8654,1578035.5,1766940299999,2946346.02092,5765,726457.7,1356367.25076,0
1766940300000,1.8653,1.8666,1.8652,1.8658,1196365.7,1766941199999,2232294.74094,6456,815976.1,1522560.78646,0
1766941200000,1.8657,1.8691,1.8654,1.8688,939762.2,1766942099999,1754780.10381,4766,669790.0,1250616.10036,0
1766942100000,1.8687,1.8708,1.8686,1.8700,1348866.9,1766942999999,2522235.18603,4343,700684.7,1310179.14034,0
1766943000000,1.8700,1.8704,1.8680,1.8698,725207.5,1766943899999,1355530.17372,4138,325937.5,609260.27305,0
1766943900000,1.8698,1.8706,1.8674,1.8674,949808.4,1766944799999,1775450.88551,3888,347282.5,649174.47756,0
1766944800000,1.8674,1.8678,1.8604,1.8618,6886054.1,1766945699999,12827161.65214,14013,3091712.0,5759136.51531,0
1766945700000,1.8618,1.8618,1.8517,1.8592,12925328.6,1766946599999,23999494.56026,22643,5455515.0,10128606.66854,0
1766946600000,1.8592,1.8612,1.8583,1.8595,1538167.0,1766947499999,2861219.94132,7721,935370.9,1739998.23419,0
1766947500000,1.8596,1.8596,1.8548,1.8559,2539615.8,1766948399999,4715149.33668,8268,1251769.3,2323923.97391,0
1766948400000,1.8559,1.8596,1.8528,1.8579,3039670.8,1766949299999,5639898.03451,11265,1527861.1,2835422.99628,0
1766949300000,1.8579,1.8583,1.8544,1.8548,1933379.5,1766950199999,3589247.86672,6853,942382.6,1749630.67850,0
1766950200000,1.8547,1.8562,1.8536,1.8539,1566184.9,1766951099999,2905276.26017,6822,918356.9,1703556.68803,0
1766951100000,1.8540,1.8571,1.8535,1.8564,1237419.9,1766951999999,2296041.94644,5602,928693.6,1723107.18167,0
1766952000000,1.8563,1.8572,1.8531,1.8560,2132796.7,1766952899999,3956987.20591,9171,1167780.3,2166675.21672,0
1766952900000,1.8560,1.8613,1.8560,1.8604,1642557.4,1766953799999,3053829.09192,6348,974914.8,1812343.48048,0
1766953800000,1.8604,1.8605,1.8582,1.8600,794932.8,1766954699999,1478136.93647,3826,372802.1,693234.30505,0
1766954700000,1.8601,1.8620,1.8569,1.8572,1774274.8,1766955599999,3299535.88728,5029,826053.4,1536706.78642,0
1766955600000,1.8572,1.8582,1.8544,1.8577,1760483.9,1766956499999,3268460.77793,7675,826729.1,1534967.00064,0
1766956500000,1.8576,1.8598,1.8564,1.8572,1058943.4,1766957399999,1967723.94073,4500,584207.5,1085678.27744,0
1766957400000,1.8571,1.8595,1.8565,1.8585,741446.8,1766958299999,1377549.20364,5468,463402.3,860990.01532,0
1766958300000,1.8585,1.8621,1.8582,1.8611,2468721.9,1766959199999,4594372.91144,6137,1610521.4,2997255.27348,0
1766959200000,1.8611,1.8624,1.8598,1.8619,2043764.7,1766960099999,3803391.20863,5213,852785.4,1587112.49609,0
1766960100000,1.8619,1.8632,1.8591,1.8618,1416583.9,1766960999999,2637116.90551,5015,694411.2,1292673.44153,0
1766961000000,1.8618,1.8639,1.8599,1.8633,732843.4,1766961899999,1364227.60947,3771,397662.9,740406.58930,0
1766961900000,1.8633,1.8706,1.8632,1.8679,2351322.5,1766962799999,4390418.63686,8901,1282741.7,2394788.34752,0
1766962800000,1.8679,1.8697,1.8612,1.8621,2413659.6,1766963699999,4498495.12697,9612,1225641.0,2283869.66481,0
1766963700000,1.8620,1.8654,1.8603,1.8603,1631487.7,1766964599999,3038895.45126,5794,711208.6,1324799.05573,0
1766964600000,1.8604,1.8637,1.8586,1.8632,1250591.5,1766965499999,2327589.37110,5531,588757.3,1095849.92931,0
1766965500000,1.8632,1.8674,1.8628,1.8646,2091475.6,1766966399999,3900696.04491,5899,1030658.5,1922174.89424,0
1766966400000,1.8646,1.8670,1.8623,1.8643,1901715.2,1766967299999,3545482.94748,7374,828029.2,1543744.69503,0
1766967300000,1.8644,1.8706,1.8619,1.8698,2790095.8,1766968199999,5207113.37025,10053,1530983.6,2857742.56857,0
1766968200000,1.8699,1.8770,1.8699,1.8732,7947744.2,1766969099999,14894368.07838,21058,4326748.8,8108747.00329,0
1766969100000,1.8731,1.8768,1.8716,1.8727,2816685.5,1766969999999,5277601.81307,10891,1193362.7,2236138.60980,0
1766970000000,1.8726,1.8742,1.8675,1.8695,3298236.3,1766970899999,6168869.68914,11491,1361568.8,2546998.87257,0
1766970900000,1.8695,1.8736,1.8642,1.8723,2456427.9,1766971799999,4590752.14022,9651,1307181.1,2443634.72769,0
1766971800000,1.8723,1.8860,1.8698,1.8807,10676490.0,1766972699999,20074852.90721,25665,6020077.0,11318329.76808,0
1766972700000,1.8807,1.8852,1.8800,1.8813,3273284.3,1766973599999,6161550.56627,13908,1599467.9,3010925.07432,0
1766973600000,1.8813,1.8950,1.8813,1.8933,12096460.4,1766974499999,22861224.14098,36738,7372218.8,13931947.42663,0
1766974500000,1.8934,1.8968,1.8868,1.8910,6501339.6,1766975399999,12296919.35104,20683,3262683.0,6171948.71579,0
1766975400000,1.8910,1.8947,1.8893,1.8894,3003935.1,1766976299999,5682429.61501,13574,1311141.8,2480650.20228,0
1766976300000,1.8893,1.8924,1.8892,1.8911,1547376.6,1766977199999,2925832.38650,7884,689420.3,1303498.08987,0
1766977200000,1.8911,1.8971,1.8904,1.8970,3210401.1,1766978099999,6080271.11761,13969,1815821.2,3439720.05701,0
1766978100000,1.8970,1.8990,1.8954,1.8986,3091708.9,1766978999999,5866983.73390,11694,1551330.7,2943936.57135,0
1766979000000,1.8986,1.9164,1.8985,1.9124,13539617.1,1766979899999,25831323.99991,35383,8254470.9,15747239.62083,0
1766979900000,1.9123,1.9167,1.9098,1.9141,5431345.4,1766980799999,10393978.97919,21596,2598338.6,4972671.78721,0
1766980800000,1.9141,1.9170,1.9092,1.9131,6053878.1,1766981699999,11578674.81685,21521,2799785.9,5355191.24886,0
1766981700000,1.9130,1.9161,1.9091,1.9105,3659860.8,1766982599999,7000075.48659,15011,1757594.0,3361708.72233,0
1766982600000,1.9105,1.9158,1.9097,1.9117,3280601.9,1766983499999,6273971.66044,12539,1585872.8,3032941.12837,0
1766983500000,1.9117,1.9142,1.9104,1.9133,2195732.9,1766984399999,4199487.69459,9476,983342.1,1880509.98344,0
1766984400000,1.9133,1.9140,1.9104,1.9134,3420251.9,1766985299999,6541328.18433,12928,1749616.9,3346100.02170,0
1766985300000,1.9135,1.9135,1.9062,1.9075,4615313.9,1766986199999,8810740.64716,11909,2105637.2,4019287.71809,0
1766986200000,1.9074,1.9098,1.9053,1.9090,3779568.5,1766987099999,7208323.76957,10521,2087821.5,3982180.80089,0
1766987100000,1.9090,1.9090,1.9017,1.9018,3451510.9,1766987999999,6574345.21062,10548,1496676.0,2851033.41989,0
1766988000000,1.9018,1.9052,1.8980,1.9043,4561113.7,1766988899999,8672412.30309,13034,2185910.5,4157190.15356,0
1766988900000,1.9044,1.9079,1.9022,1.9024,1818030.7,1766989799999,3464154.79221,9537,991728.6,1889936.19418,0
1766989800000,1.9024,1.9051,1.9020,1.9050,1901303.9,1766990699999,3619109.85315,8257,1021227.1,1943893.01823,0
1766990700000,1.9050,1.9050,1.9005,1.9010,2158987.6,1766991599999,4107051.20849,8947,952535.0,1811966.15513,0
1766991600000,1.9009,1.9035,1.8923,1.8973,7724404.3,1766992499999,14651844.61672,18836,3253595.0,6173556.96530,0
1766992500000,1.8974,1.8981,1.8906,1.8920,4497653.3,1766993399999,8514931.48504,12853,1585870.3,3002851.66701,0
1766993400000,1.8921,1.8997,1.8921,1.8959,2515724.7,1766994299999,4771681.97168,9254,1302461.0,2470348.62858,0
1766994300000,1.8958,1.9014,1.8957,1.9002,1939413.7,1766995199999,3683635.48362,6520,1098989.3,2087312.46478,0
1766995200000,1.9002,1.9031,1.8971,1.9025,3096659.7,1766996099999,5885170.90180,10445,1736702.5,3300859.91924,0
1766996100000,1.9025,1.9043,1.9012,1.9036,3402732.4,1766996999999,6474991.67945,7756,1871575.8,3561408.60436,0
1766997000000,1.9037,1.9040,1.8987,1.9008,2753017.5,1766997899999,5234970.65061,8015,1176777.9,2237348.45714,0
1766997900000,1.9007,1.9016,1.8957,1.8980,3121571.5,1766998799999,5926959.64063,8587,1787438.2,3393872.53824,0
1766998800000,1.8980,1.8988,1.8951,1.8965,2516444.1,1766999699999,4772733.62928,9599,1167159.6,2213738.69127,0
1766999700000,1.8965,1.8982,1.8932,1.8940,1789400.6,1767000599999,3392556.43847,7050,776390.6,1472236.63242,0
1767000600000,1.8941,1.8945,1.8703,1.8730,23424424.3,1767001499999,44022302.59604,47383,9857356.0,18519122.27922,0
1767001500000,1.8730,1.8754,1.8650,1.8753,15603271.4,1767002399999,29172647.23501,39869,8092716.7,15131983.04181,0
1767002400000,1.8752,1.8825,1.8728,1.8790,7364492.6,1767003299999,13826458.71255,21971,4139279.4,7773032.42838,0
1767003300000,1.8790,1.8793,1.8761,1.8773,2908816.2,1767004199999,5461321.11828,10766,1419748.4,2665492.64738,0
1767004200000,1.8773,1.8779,1.8746,1.8774,1915596.3,1767005099999,3594118.31385,8445,1120173.9,2101761.90020,0
1767005100000,1.8774,1.8795,1.8722,1.8751,2987457.3,1767005999999,5605226.35973,10068,1356735.2,2545839.55998,0
1767006000000,1.8750,1.8761,1.8721,1.8757,2458222.7,1767006899999,4607560.79587,9976,1153009.4,2161387.48169,0
1767006900000,1.8757,1.8763,1.8738,1.8745,1692603.5,1767007799999,3173587.46571,7147,930466.8,1744663.29529,0
1767007800000,1.8744,1.8744,1.8721,1.8725,1831547.6,1767008699999,3431213.64668,8845,828708.5,1552484.10739,0
1767008700000,1.8726,1.8741,1.8705,1.8708,3898065.9,1767009599999,7298581.76350,10453,2056268.7,3849988.97220,0
1767009600000,1.8708,1.8728,1.8541,1.8597,20982889.5,1767010499999,39072170.29822,49134,9753437.2,18161362.61877,0
1767010500000,1.8597,1.8669,1.8544,1.8643,10961232.5,1767011399999,20391568.18669,33609,5673374.4,10553832.74290,0
1767011400000,1.8643,1.8675,1.8626,1.8654,3718633.5,1767012299999,6935178.19518,14647,2005529.6,3740508.85141,0
1767012300000,1.8654,1.8676,1.8647,1.8661,1553934.4,1767013199999,2900006.63230,7339,899863.8,1679427.31983,0
1767013200000,1.8662,1.8692,1.8644,1.8651,2937181.1,1767014099999,5482512.17233,11953,1611451.5,3008425.00173,0
1767014100000,1.8650,1.8672,1.8614,1.8620,3000164.4,1767014999999,5594027.80035,11120,1386018.4,2584713.67310,0
1767015000000,1.8619,1.8630,1.8591,1.8599,2660422.3,1767015899999,4950221.98829,9196,870728.4,1620296.28913,0
1767015900000,1.8598,1.8625,1.8566,1.8624,3368161.5,1767016799999,6263298.57350,12518,1788344.4,3326092.22933,0
1767016800000,1.8623,1.8649,1.8599,1.8636,3854921.0,1767017699999,7178391.24830,13309,1835120.9,3417753.04226,0
1767017700000,1.8636,1.8667,1.8587,1.8663,3170402.4,1767018599999,5907457.13431,12387,1542057.4,2873520.60685,0
1767018600000,1.8663,1.8779,1.8634,1.8736,12121787.7,1767019499999,22688036.84132,38307,6247672.4,11693109.97973,0
1767019500000,1.8736,1.8749,1.8633,1.8658,6672544.6,1767020399999,12473788.62343,24474,2932307.5,5482394.00070,0
1767020400000,1.8658,1.8712,1.8624,1.8710,6152951.1,1767021299999,11477806.72568,20245,3708464.1,6917640.99912,0
1767021300000,1.8709,1.8734,1.8667,1.8708,3230117.0,1767022199999,6041728.71026,15120,1592148.0,2978092.08117,0
1767022200000,1.8707,1.8723,1.8652,1.8696,2848130.3,1767023099999,5321878.04518,12637,1525678.9,2850977.95100,0
1767023100000,1.8696,1.8696,1.8632,1.8641,2733085.0,1767023999999,5100790.26974,11044,1256622.2,2345612.34839,0
1767024000000,1.8641,1.8680,1.8625,1.8658,3144935.2,1767024899999,5865665.57104,13322,2193623.6,4091462.29298,0
1767024900000,1.8659,1.8659,1.8568,1.8599,4910100.5,1767025799999,9134408.68564,12977,2328081.3,4331888.24816,0
1767025800000,1.8599,1.8627,1.8592,1.8612,1768889.1,1767026699999,3291416.86392,8025,1005011.5,1870141.45524,0
1767026700000,1.8613,1.8652,1.8601,1.8611,1784286.1,1767027599999,3323241.99337,8470,859432.3,1600843.06072,0
1767027600000,1.8611,1.8636,1.8605,1.8614,1673140.2,1767028499999,3115470.44539,7477,1096425.0,2041636.06201,0
1767028500000,1.8614,1.8645,1.8581,1.8596,3230298.8,1767029399999,6014508.22749,8331,1901397.5,3541371.14379,0
1767029400000,1.8597,1.8609,1.8575,1.8599,2411443.0,1767030299999,4483776.23073,8583,1396402.3,2596648.66264,0
1767030300000,1.8599,1.8652,1.8599,1.8645,2753749.0,1767031199999,5131995.51106,8132,1855376.5,3457797.47418,0
1767031200000,1.8646,1.8665,1.8593,1.8608,3305582.8,1767032099999,6156061.10366,9926,1374909.7,2560817.54384,0
1767032100000,1.8609,1.8644,1.8602,1.8607,1666123.7,1767032999999,3102554.36362,6335,877179.8,1633358.95587,0
1767033000000,1.8608,1.8626,1.8578,1.8586,1656222.9,1767033899999,3080628.09894,6593,608808.0,1132612.17118,0
1767033900000,1.8586,1.8591,1.8532,1.8539,5538309.2,1767034799999,10276162.41145,12127,1768357.6,3281823.36976,0
1767034800000,1.8540,1.8581,1.8478,1.8559,8739356.1,1767035699999,16190353.24605,19468,3784525.2,7014511.48222,0
1767035700000,1.8559,1.8586,1.8538,1.8546,1966091.8,1767036599999,3649023.38328,6503,937035.2,1739136.92445,0
1767036600000,1.8547,1.8579,1.8520,1.8527,1829034.7,1767037499999,3392237.85996,7065,852797.5,1582015.85852,0
1767037500000,1.8528,1.8539,1.8505,1.8522,2160265.2,1767038399999,4000768.24970,6548,945848.3,1751779.22400,0
1767038400000,1.8522,1.8556,1.8491,1.8542,3202951.9,1767039299999,5932306.06552,11238,1699629.4,3148444.70131,0
1767039300000,1.8542,1.8562,1.8479,1.8480,2925497.5,1767040199999,5417078.18774,9043,1147918.0,2126509.21253,0
1767040200000,1.8480,1.8504,1.8440,1.8478,4772706.3,1767041099999,8814542.89927,12025,1987766.2,3671908.42541,0
1767041100000,1.8479,1.8499,1.8460,1.8483,3778689.8,1767041999999,6982685.74927,10691,1711763.4,3163377.72437,0
1767042000000,1.8483,1.8510,1.8472,1.8505,2637014.0,1767042899999,4875947.62705,8895,1277463.7,2362063.86929,0
1767042900000,1.8505,1.8505,1.8470,1.8483,1196195.1,1767043799999,2211180.21624,5319,514114.1,950261.02263,0
1767043800000,1.8483,1.8529,1.8471,1.8524,1266786.1,1767044699999,2343259.79881,5298,719182.7,1330415.48612,0
1767044700000,1.8525,1.8530,1.8513,1.8526,1290993.0,1767045599999,2391152.29004,4334,641784.9,1188721.51277,0
1767045600000,1.8526,1.8527,1.8440,1.8468,3345306.1,1767046499999,6180875.74487,9198,1300102.3,2401668.14771,0
1767046500000,1.8469,1.8518,1.8469,1.8496,1913728.1,1767047399999,3538422.84871,6664,1239736.8,2292110.99924,0
1767047400000,1.8497,1.8548,1.8491,1.8543,1561141.7,1767048299999,2891607.60712,6659,921999.8,1707677.14670,0
1767048300000,1.8543,1.8544,1.8508,1.8509,982402.6,1767049199999,1820448.94129,6199,483707.6,896368.04726,0
1767049200000,1.8510,1.8524,1.8494,1.8507,2129250.6,1767050099999,3940946.54689,8208,1046226.6,1936371.97356,0
1767050100000,1.8508,1.8515,1.8474,1.8478,2011681.9,1767050999999,3720795.57267,5996,767966.9,1420443.95308,0
1767051000000,1.8479,1.8492,1.8462,1.8474,2257227.7,1767051899999,4171006.07076,6024,829936.1,1533448.25028,0
1767051900000,1.8473,1.8502,1.8467,1.8494,1824297.9,1767052799999,3372055.96906,4739,1283320.4,2372099.86512,0
1767052800000,1.8494,1.8525,1.8490,1.8518,2630824.0,1767053699999,4868519.31084,6790,1350016.2,2498222.03283,0
1767053700000,1.8517,1.8535,1.8502,1.8502,1242460.3,1767054599999,2301080.69101,4019,436018.1,807509.20353,0
1767054600000,1.8503,1.8505,1.8453,1.8485,2838685.9,1767055499999,5244732.41142,8551,1443672.5,2667516.47173,0
1767055500000,1.8485,1.8503,1.8479,1.8503,1223701.2,1767056399999,2262983.45119,4416,533351.2,986272.44204,0
1767056400000,1.8503,1.8505,1.8470,1.8489,1144603.9,1767057299999,2116347.83000,5146,590543.0,1091921.24625,0
1767057300000,1.8488,1.8505,1.8476,1.8479,999766.4,1767058199999,1848394.74415,3950,591152.9,1092932.76201,0
1767058200000,1.8478,1.8483,1.8434,1.8457,2765490.8,1767059099999,5103920.05628,7312,998695.1,1843507.21702,0
1767059100000,1.8457,1.8484,1.8456,1.8465,1289732.0,1767059999999,2382229.25431,6249,748030.4,1381675.19122,0
1767060000000,1.8466,1.8471,1.8424,1.8457,2498056.6,1767060899999,4608179.52670,9373,1006355.7,1856642.10373,0
1767060900000,1.8457,1.8494,1.8453,1.8458,1298857.6,1767061799999,2399139.44861,7539,688348.4,1271631.64138,0
1767061800000,1.8458,1.8485,1.8431,1.8479,2812900.7,1767062699999,5191104.26224,9959,1409418.4,2600966.18123,0
1767062700000,1.8478,1.8509,1.8472,1.8509,2549938.6,1767063599999,4715409.81028,7560,1582983.5,2927133.78922,0
1767063600000,1.8508,1.8516,1.8487,1.8503,2109481.5,1767064499999,3903558.61826,9514,1086649.3,2010869.37975,0
1767064500000,1.8503,1.8570,1.8476,1.8567,5278173.4,1767065399999,9778415.33481,14193,2906992.7,5386492.53760,0
1767065400000,1.8567,1.8579,1.8556,1.8570,2439195.6,1767066299999,4528999.49232,8868,1231922.7,2287474.14257,0
1767066300000,1.8570,1.8620,1.8569,1.8598,3568176.5,1767067199999,6635817.05961,9795,1982687.2,3687148.33897,0
1767067200000,1.8598,1.8630,1.8561,1.8575,4102944.6,1767068099999,7631934.86211,13101,1842877.9,3427909.67115,0
1767068100000,1.8574,1.8620,1.8574,1.8613,1314013.2,1767068999999,2444029.37320,7766,684276.4,1272597.81576,0
1767069000000,1.8613,1.8620,1.8596,1.8619,1109339.0,1767069899999,2064391.41904,5960,564864.4,1051207.04410,0
1767069900000,1.8619,1.8619,1.8592,1.8595,871179.0,1767070799999,1620710.43543,5083,303263.9,564164.80187,0
1767070800000,1.8596,1.8614,1.8586,1.8612,1416117.1,1767071699999,2634260.02428,6593,827093.9,1538501.64466,0
1767071700000,1.8613,1.8613,1.8563,1.8573,1271642.4,1767072599999,2363106.74956,7218,538527.5,1000602.48646,0
1767072600000,1.8573,1.8574,1.8538,1.8556,2186013.0,1767073499999,4055989.11265,8733,863612.4,1602280.96916,0
1767073500000,1.8557,1.8583,1.8548,1.8576,1304381.7,1767074399999,2421994.23168,5109,834905.6,1550213.94760,0
1767074400000,1.8576,1.8632,1.8570,1.8627,2551795.5,1767075299999,4749214.14614,8797,1225544.4,2280547.04354,0
1767075300000,1.8627,1.8640,1.8608,1.8624,1348125.1,1767076199999,2510689.52464,6859,653504.1,1217148.38637,0
1767076200000,1.8624,1.8654,1.8616,1.8648,1972358.8,1767077099999,3676257.79569,8299,1070107.9,1994504.55073,0
1767077100000,1.8648,1.8665,1.8603,1.8608,2261483.6,1767077999999,4213936.88854,8742,736922.1,1373212.74979,0
1767078000000,1.8608,1.8628,1.8587,1.8624,1771238.4,1767078899999,3295911.07777,7482,860031.8,1600485.92613,0
1767078900000,1.8624,1.8642,1.8570,1.8571,2174650.3,1767079799999,4044233.14206,6954,778214.8,1447733.10151,0
1767079800000,1.8570,1.8618,1.8550,1.8595,4111616.3,1767080699999,7640233.89763,9655,1820444.6,3382721.04323,0
1767080700000,1.8595,1.8606,1.8582,1.8591,971510.7,1767081599999,1806199.82863,5216,451028.8,838526.42538,0
1767081600000,1.8592,1.8711,1.8586,1.8656,7633275.8,1767082499999,14243767.47007,24110,3811564.7,7112095.89971,0
1767082500000,1.8656,1.8700,1.8606,1.8635,5636712.8,1767083399999,10519130.89243,15697,2769261.0,5168036.87947,0
1767083400000,1.8634,1.8680,1.8625,1.8660,2839344.6,1767084299999,5296753.84699,10131,1562311.3,2914564.55637,0
1767084300000,1.8659,1.8665,1.8642,1.8659,1439508.1,1767085199999,2685000.30691,6642,667721.3,1245488.71821,0
1767085200000,1.8659,1.8680,1.8651,1.8665,1613693.0,1767086099999,3012422.92436,9629,851008.7,1588685.38330,0
1767086100000,1.8664,1.8665,1.8632,1.8643,1740642.6,1767086999999,3246016.45360,7190,775925.3,1446982.21867,0
1767087000000,1.8643,1.8675,1.8638,1.8671,1061699.8,1767087899999,1980521.47305,5725,592775.2,1105777.87097,0
1767087900000,1.8670,1.8705,1.8662,1.8678,2047328.9,1767088799999,3825122.51308,7743,919634.6,1718299.46259,0
1767088800000,1.8678,1.8689,1.8653,1.8656,1896069.7,1767089699999,3539540.54343,7174,867138.4,1618789.35742,0
1767089700000,1.8657,1.8685,1.8656,1.8668,1192824.9,1767090599999,2227326.47906,4818,439107.7,819912.54797,0
1767090600000,1.8668,1.8668,1.8642,1.8662,1534022.8,1767091499999,2861627.22030,7220,596381.7,1112546.31613,0
1767091500000,1.8663,1.8665,1.8603,1.8606,2917722.7,1767092399999,5434339.16652,8839,1166388.9,2172333.72120,0
1767092400000,1.8607,1.8629,1.8595,1.8615,1978503.6,1767093299999,3682981.63048,7691,934498.2,1739542.53235,0
1767093300000,1.8615,1.8623,1.8608,1.8611,671968.4,1767094199999,1250849.48857,4387,290974.9,541638.27903,0
1767094200000,1.8611,1.8624,1.8593,1.8605,1356693.0,1767095099999,2524351.64226,4928,675613.3,1257180.46058,0
1767095100000,1.8606,1.8631,1.8591,1.8612,2081485.6,1767095999999,3873509.88542,7901,894628.7,1664938.15750,0
1767096000000,1.8612,1.8656,1.8604,1.8649,3527120.4,1767096899999,6573768.71029,9835,1963034.6,3658780.93758,0
1767096900000,1.8649,1.8669,1.8645,1.8660,1807905.1,1767097799999,3373563.81150,6759,909929.8,1697923.41535,0
1767097800000,1.8661,1.8661,1.8642,1.8643,1192137.7,1767098699999,2223400.47393,5616,406845.5,758788.03797,0
1767098700000,1.8643,1.8649,1.8623,1.8628,1541560.9,1767099599999,2872591.43949,5483,676462.6,1260521.88399,0
1767099600000,1.8629,1.8629,1.8592,1.8605,3080366.9,1767100499999,5732075.42869,9784,1149519.3,2139006.86028,0
1767100500000,1.8605,1.8638,1.8602,1.8625,1879985.2,1767101399999,3500498.40764,6214,1217030.7,2265991.68101,0
1767101400000,1.8626,1.8639,1.8601,1.8633,1401887.2,1767102299999,2610027.92267,6651,757177.9,1409716.79602,0
1767102300000,1.8633,1.8642,1.8625,1.8628,1239212.3,1767103199999,2308783.71866,6069,755544.4,1407681.44071,0
1767103200000,1.8628,1.8628,1.8528,1.8602,6732077.5,1767104099999,12504269.18713,17243,2756580.5,5120141.98735,0
1767104100000,1.8603,1.8654,1.8592,1.8616,2965217.2,1767104999999,5522661.22825,10722,1603056.5,2985850.15500,0
1767105000000,1.8615,1.8678,1.8581,1.8641,4972885.6,1767105899999,9262608.39964,21675,2237315.1,4167750.60457,0
1767105900000,1.8641,1.8749,1.8621,1.8724,9762161.9,1767106799999,18256005.86167,29995,5761774.1,10774616.52806,0
1767106800000,1.8724,1.8762,1.8634,1.8663,7933138.0,1767107699999,14831974.61521,28846,3969972.0,7424191.07459,0
1767107700000,1.8663,1.8700,1.8645,1.8696,2823277.3,1767108599999,5272495.50499,16584,1394110.1,2603629.64047,0
1767108600000,1.8696,1.8739,1.8688,1.8736,3140393.2,1767109499999,5876826.16644,13595,1381248.2,2584814.00830,0
1767109500000,1.8736,1.8786,1.8710,1.8768,5479048.6,1767110399999,10278203.07989,16389,2671928.4,5012216.41729,0
1767110400000,1.8768,1.8790,1.8727,1.8729,4787033.3,1767111299999,8978475.87304,17615,1727223.9,3239725.76130,0
1767111300000,1.8729,1.8811,1.8724,1.8785,4801931.1,1767112199999,9021153.88621,16622,2523159.4,4740346.26738,0
1767112200000,1.8785,1.8789,1.8709,1.8713,3111569.2,1767113099999,5830302.25088,11690,1127549.7,2112805.57009,0
1767113100000,1.8713,1.8791,1.8688,1.8773,4585540.5,1767113999999,8588946.67880,11862,1935668.8,3626344.11481,0
1767114000000,1.8773,1.8822,1.8768,1.8814,5076215.8,1767114899999,9544052.79140,13879,3212207.4,6039688.28479,0
1767114900000,1.8813,1.8824,1.8771,1.8819,6252812.1,1767115799999,11757049.19912,13082,2824495.8,5310801.90135,0
1767115800000,1.8820,1.8857,1.8760,1.8765,17115814.0,1767116699999,32219069.06380,18004,4314853.9,8121415.59593,0
1767116700000,1.8764,1.8771,1.8711,1.8737,6259986.4,1767117599999,11734186.21009,17100,2778262.8,5207756.42507,0
1767117600000,1.8737,1.8766,1.8728,1.8758,2334194.3,1767118499999,4376443.81738,9631,1227862.8,2302210.39682,0
1767118500000,1.8757,1.8796,1.8750,1.8781,2341392.9,1767119399999,4395497.21476,7765,1128092.3,2117737.31175,0
1767119400000,1.8782,1.8828,1.8770,1.8786,3585378.1,1767120299999,6741645.45402,10448,1953425.2,3672973.35635,0
1767120300000,1.8786,1.8796,1.8741,1.8778,3465837.3,1767121199999,6502768.67748,10043,1397244.9,2621447.60392,0
1767121200000,1.8778,1.8786,1.8700,1.8732,6069754.3,1767122099999,11372416.05063,17561,2691488.0,5042189.46780,0
1767122100000,1.8732,1.8778,1.8729,1.8775,2865621.7,1767122999999,5374413.97065,10616,1873279.3,3513373.73126,0
1767123000000,1.8775,1.8795,1.8755,1.8761,2698184.1,1767123899999,5065919.26426,8479,1131787.4,2125157.69999,0
1767123900000,1.8761,1.8762,1.8725,1.8754,1485629.8,1767124799999,2784497.70373,6654,740255.8,1387492.93904,0
1767124800000,1.8754,1.8758,1.8729,1.8748,1454872.2,1767125699999,2726811.62274,7834,585860.9,1098038.55274,0
1767125700000,1.8748,1.8758,1.8704,1.8705,2236496.7,1767126599999,4188743.24848,8390,870289.1,1629637.67601,0
1767126600000,1.8705,1.8715,1.8672,1.8690,4594499.3,1767127499999,8589108.75064,12636,2324678.4,4345738.36084,0
1767127500000,1.8691,1.8705,1.8652,1.8681,4110288.5,1767128399999,7677394.94012,8672,2190507.7,4091542.21873,0
1767128400000,1.8682,1.8723,1.8669,1.8700,2039625.7,1767129299999,3812295.92838,7408,1260814.1,2356599.65370,0
1767129300000,1.8700,1.8721,1.8689,1.8700,1326009.9,1767130199999,2479748.12630,4110,695906.4,1301282.48519,0
1767130200000,1.8700,1.8712,1.8683,1.8708,1307298.8,1767131099999,2444853.49971,4552,791066.7,1479523.77741,0
1767131100000,1.8708,1.8724,1.8697,1.8722,1079578.0,1767131999999,2020276.20666,4327,707398.7,1323796.54972,0
1767132000000,1.8722,1.8778,1.8722,1.8766,1933523.6,1767132899999,3626268.18169,6428,1215479.3,2279629.89923,0
1767132900000,1.8765,1.8766,1.8725,1.8766,1613185.8,1767133799999,3023440.01038,5167,893239.9,1674048.84254,0
1767133800000,1.8766,1.8768,1.8710,1.8718,1446720.4,1767134699999,2710322.60682,6489,532205.9,996891.98412,0
1767134700000,1.8718,1.8726,1.8704,1.8709,741941.8,1767135599999,1388385.50433,5027,275334.6,515252.51332,0
1767135600000,1.8708,1.8734,1.8700,1.8718,1643899.9,1767136499999,3077505.43531,8542,1070919.2,2004826.39167,0
1767136500000,1.8719,1.8767,1.8719,1.8765,1680674.3,1767137399999,3151568.09323,7547,1066464.6,1999774.59631,0
1767137400000,1.8765,1.8774,1.8754,1.8765,1233280.3,1767138299999,2314030.26725,6590,666090.8,1249824.55022,0
1767138300000,1.8766,1.8773,1.8752,1.8765,966724.1,1767139199999,1813860.51083,5887,525299.9,985675.04177,0
1767139200000,1.8765,1.8765,1.8725,1.8728,2585697.4,1767140099999,4847409.83883,8286,1193161.1,2236494.19125,0
1767140100000,1.8728,1.8749,1.8707,1.8740,2225367.0,1767140999999,4166606.65437,8104,994556.1,1862225.33080,0
1767141000000,1.8740,1.8763,1.8717,1.8759,1317562.8,1767141899999,2469823.49686,6088,529474.1,992501.85931,0
1767141900000,1.8759,1.8760,1.8730,1.8732,1933085.9,1767142799999,3623551.22103,7141,632339.8,1185305.37550,0
1767142800000,1.8731,1.8743,1.8710,1.8734,2170441.2,1767143699999,4064066.68935,8619,1159932.4,2171795.86279,0
1767143700000,1.8734,1.8806,1.8730,1.8798,3688657.4,1767144599999,6927235.64935,11621,2194495.4,4121201.20631,0
1767144600000,1.8798,1.8834,1.8797,1.8811,2886801.0,1767145499999,5431727.74974,9308,1803271.0,3393224.19071,0
1767145500000,1.8812,1.8820,1.8780,1.8784,1115768.7,1767146399999,2097356.70582,5626,506289.8,951741.67049,0
1767146400000,1.8785,1.8787,1.8753,1.8782,1320189.3,1767147299999,2478061.08972,6669,655276.1,1230005.59545,0
1767147300000,1.8782,1.8792,1.8757,1.8757,1027260.5,1767148199999,1928885.30470,6289,590584.7,1108988.96306,0
1767148200000,1.8758,1.8786,1.8757,1.8774,1434125.8,1767149099999,2692018.76841,6066,858959.2,1612374.44009,0
1767149100000,1.8775,1.8783,1.8751,1.8782,975954.9,1767149999999,1831906.79632,5707,532602.1,999753.08027,0
1767150000000,1.8782,1.8788,1.8741,1.8741,1563568.8,1767150899999,2934054.97965,8314,776962.0,1457911.56052,0
1767150900000,1.8742,1.8742,1.8707,1.8716,2163963.9,1767151799999,4050879.80888,7299,1058809.6,1982053.00214,0
1767151800000,1.8716,1.8722,1.8687,1.8697,1695018.3,1767152699999,3169597.09242,6292,728152.8,1361566.73044,0
1767152700000,1.8696,1.8713,1.8692,1.8711,1180120.1,1767153599999,2207048.47778,5284,617792.7,1155410.24728,0
1767153600000,1.8712,1.8715,1.8687,1.8687,1810712.2,1767154499999,3385268.92974,7220,915984.8,1712495.71724,0
1767154500000,1.8687,1.8703,1.8661,1.8670,3131472.6,1767155399999,5848495.82211,8251,1220240.2,2279524.52258,0
1767155400000,1.8671,1.8690,1.8670,1.8683,1101789.9,1767156299999,2058216.09084,5438,716355.1,1338149.20251,0
1767156300000,1.8684,1.8696,1.8672,1.8673,1192257.2,1767157199999,2227778.74400,4518,658784.9,1230927.01444,0
1767157200000,1.8673,1.8703,1.8673,1.8692,1831411.2,1767158099999,3423048.19058,6352,1213451.6,2267904.87510,0
1767158100000,1.8692,1.8708,1.8675,1.8706,1803988.0,1767158999999,3372016.08509,5159,1082792.8,2024103.31798,0
1767159000000,1.8707,1.8712,1.8694,1.8707,1237805.5,1767159899999,2315192.79067,4512,668077.8,1249524.06642,0
1767159900000,1.8707,1.8720,1.8703,1.8711,1043316.0,1767160799999,1952259.12239,3372,571849.9,1070054.61632,0
1767160800000,1.8712,1.8722,1.8693,1.8721,1142797.0,1767161699999,2137978.90295,4467,647552.8,1211468.36176,0
1767161700000,1.8722,1.8747,1.8720,1.8746,1262888.8,1767162599999,2366104.92978,4210,783240.3,1467410.19995,0
1767162600000,1.8747,1.8750,1.8719,1.8730,1240161.3,1767163499999,2323030.17218,4031,613729.6,1149541.62792,0
1767163500000,1.8730,1.8741,1.8720,1.8720,562061.1,1767164399999,1052845.72975,2739,256371.3,480284.13424,0
1767164400000,1.8721,1.8721,1.8698,1.8706,1127232.8,1767165299999,2108619.37836,4439,487784.2,912414.80530,0
1767165300000,1.8706,1.8713,1.8676,1.8702,1759432.2,1767166199999,3288716.18904,5845,815881.6,1525153.96004,0
1767166200000,1.8702,1.8715,1.8693,1.8701,709150.0,1767167099999,1326375.90057,3580,426556.4,797838.95225,0
1767167100000,1.8701,1.8719,1.8691,1.8717,830452.4,1767167999999,1553213.91109,3223,543883.0,1017254.10356,0
1767168000000,1.8717,1.8741,1.8716,1.8726,1765962.1,1767168899999,3307496.98820,6181,993894.9,1861480.14500,0
1767168900000,1.8726,1.8729,1.8711,1.8713,1077706.2,1767169799999,2017437.32378,5270,612731.0,1147058.31807,0
1767169800000,1.8713,1.8713,1.8656,1.8660,3372269.9,1767170699999,6297368.92793,9077,1355914.3,2531940.47880,0
1767170700000,1.8660,1.8678,1.8646,1.8663,4397631.1,1767171599999,8204937.90518,9748,2496394.9,4657979.83274,0
1767171600000,1.8663,1.8712,1.8663,1.8689,2243059.6,1767172499999,4192561.89779,7578,1555842.3,2907808.98638,0
1767172500000,1.8689,1.8706,1.8686,1.8686,1159695.9,1767173399999,2168121.80157,5077,713048.0,1333067.05849,0
1767173400000,1.8686,1.8702,1.8678,1.8683,957051.5,1767174299999,1788404.80656,4151,514700.6,961804.04917,0
1767174300000,1.8683,1.8707,1.8683,1.8700,815552.5,1767175199999,1524858.34004,3990,495236.5,925921.17712,0
1767175200000,1.8701,1.8718,1.8691,1.8711,1437596.4,1767176099999,2688976.63319,5032,902755.7,1688535.90490,0
1767176100000,1.8712,1.8730,1.8690,1.8699,2333367.8,1767176999999,4365098.39521,5900,1198356.8,2241888.70770,0
1767177000000,1.8700,1.8708,1.8686,1.8705,1081089.9,1767177899999,2021175.63626,4486,552175.5,1032337.84361,0
1767177900000,1.8706,1.8717,1.8685,1.8711,1410115.1,1767178799999,2637186.43288,4943,814727.3,1523923.86194,0
1767178800000,1.8712,1.8745,1.8709,1.8735,3037842.8,1767179699999,5690371.09767,8638,1688294.9,3162452.78634,0
1767179700000,1.8736,1.8754,1.8725,1.8747,2159616.1,1767180599999,4046804.79657,6102,1193989.6,2237367.22390,0
1767180600000,1.8747,1.8807,1.8738,1.8794,12130522.1,1767181499999,22791807.81499,15880,5830409.2,10950869.92459,0
1767181500000,1.8794,1.8794,1.8771,1.8780,2917281.5,1767182399999,5478865.52469,7299,1187969.4,2231090.18415,0
1767182400000,1.8779,1.8782,1.8762,1.8764,2698800.6,1767183299999,5066468.57967,6794,1284260.3,2410961.44394,0
1767183300000,1.8763,1.8783,1.8750,1.8757,1996436.6,1767184199999,3746318.02758,5326,968213.6,1817003.16600,0
1767184200000,1.8757,1.8773,1.8734,1.8739,2315640.0,1767185099999,4342894.67151,6379,1212286.9,2273403.65094,0
1767185100000,1.8739,1.8762,1.8723,1.8752,2724204.2,1767185999999,5104772.25435,7203,1319111.1,2471961.06272,0
1767186000000,1.8753,1.8773,1.8752,1.8767,1524084.0,1767186899999,2859926.75323,5092,805329.5,1511183.43019,0
1767186900000,1.8768,1.8777,1.8752,1.8755,1812751.1,1767187799999,3402123.93807,5552,802665.7,1506397.85524,0
1767187800000,1.8755,1.8755,1.8723,1.8726,2436640.6,1767188699999,4564634.57099,8024,916494.4,1716724.37227,0
1767188700000,1.8727,1.8775,1.8720,1.8751,2998868.1,1767189599999,5622092.42370,7221,1617439.9,3032275.28441,0
1767189600000,1.8751,1.8824,1.8749,1.8774,5589063.8,1767190499999,10500412.48249,14514,3346869.9,6288733.34696,0
1767190500000,1.8774,1.8784,1.8717,1.8719,3059871.7,1767191399999,5733769.61931,9124,1499487.4,2809806.33579,0
1767191400000,1.8718,1.8726,1.8660,1.8677,7059699.3,1767192299999,13191471.36573,19992,2846011.8,5318507.11331,0
1767192300000,1.8677,1.8683,1.8629,1.8658,6402661.3,1767193199999,11943581.39483,19449,2647553.7,4939401.32882,0
1767193200000,1.8657,1.8668,1.8550,1.8612,9611751.8,1767194099999,17878500.12674,24094,4442457.9,8262869.38788,0
1767194100000,1.8611,1.8614,1.8562,1.8573,6820829.4,1767194999999,12676158.88031,18962,2874801.6,5342975.30826,0
1767195000000,1.8572,1.8582,1.8520,1.8566,9127760.5,1767195899999,16931290.35200,21311,5035296.1,9340767.18721,0
1767195900000,1.8566,1.8596,1.8562,1.8584,3600736.5,1767196799999,6690852.42356,12741,2105542.1,3912545.40431,0
1767196800000,1.8584,1.8592,1.8546,1.8553,4243845.5,1767197699999,7878357.86242,15740,2166459.9,4021860.88723,0
1767197700000,1.8554,1.8576,1.8512,1.8542,7990979.5,1767198599999,14823634.60804,15148,4659761.9,8645738.59435,0
1767198600000,1.8542,1.8546,1.8371,1.8453,19245074.4,1767199499999,35520402.36450,33567,7864667.5,14513742.50978,0
1767199500000,1.8452,1.8463,1.8429,1.8429,10742456.2,1767200399999,19812099.47421,23356,6628703.4,12225018.71944,0
1767200400000,1.8430,1.8437,1.8360,1.8369,9169415.2,1767201299999,16862794.41704,19816,4687718.3,8620933.33897,0
1767201300000,1.8369,1.8440,1.8350,1.8408,14128944.9,1767202199999,25978855.43582,17823,9732570.9,17893180.07332,0
1767202200000,1.8408,1.8422,1.8366,1.8389,5003945.9,1767203099999,9207206.97502,12171,3115842.3,5733892.86194,0
1767203100000,1.8390,1.8395,1.8319,1.8336,7272725.4,1767203999999,13347778.15726,15370,3113485.5,5715464.55428,0
1767204000000,1.8336,1.8402,1.8308,1.8373,6980902.5,1767204899999,12814668.02472,18510,4045141.7,7426108.55621,0
1767204900000,1.8372,1.8407,1.8363,1.8384,4133374.5,1767205799999,7597863.72150,11765,2166327.3,3981741.72085,0
1767205800000,1.8385,1.8389,1.8353,1.8361,2769777.4,1767206699999,5089379.81742,8308,1361572.5,2501957.20483,0
1767206700000,1.8362,1.8368,1.8330,1.8331,3242296.9,1767207599999,5949305.47647,9173,1418552.7,2602979.48661,0
1767207600000,1.8331,1.8374,1.8331,1.8355,2588371.7,1767208499999,4751535.92962,9252,1531075.6,2810506.73817,0
1767208500000,1.8355,1.8361,1.8254,1.8286,7790709.9,1767209399999,14257084.60575,18458,2345875.0,4294489.20674,0
1767209400000,1.8286,1.8299,1.8251,1.8267,5282184.7,1767210299999,9655527.65091,12471,2466709.5,4509347.88645,0
1767210300000,1.8268,1.8300,1.8258,1.8272,3381948.1,1767211199999,6182971.02804,8844,1710070.1,3126843.99152,0
1767211200000,1.8273,1.8274,1.8126,1.8158,17355715.4,1767212099999,31563002.01411,36999,6737521.5,12250176.10627,0
1767212100000,1.8159,1.8202,1.8106,1.8173,10559343.4,1767212999999,19161662.95646,24620,4611684.4,8370058.68720,0
1767213000000,1.8172,1.8221,1.8150,1.8187,6354960.7,1767213899999,11551266.36488,15146,2922077.8,5312303.68478,0
1767213900000,1.8187,1.8336,1.8177,1.8286,10039031.9,1767214799999,18340317.61129,20057,4828361.0,8819905.38688,0
1767214800000,1.8286,1.8323,1.8261,1.8318,4606792.6,1767215699999,8427487.74061,13946,1982205.6,3626490.40981,0
1767215700000,1.8319,1.8337,1.8307,1.8324,2271891.4,1767216599999,4163024.48813,7827,1012495.5,1855243.83223,0
1767216600000,1.8324,1.8406,1.8323,1.8404,4385151.7,1767217499999,8058114.14756,11997,2559578.1,4703422.28436,0
1767217500000,1.8404,1.8419,1.8375,1.8400,3524853.4,1767218399999,6486014.90942,10063,1470141.2,2705143.92399,0
1767218400000,1.8400,1.8429,1.8383,1.8419,2554509.6,1767219299999,4701305.30101,10305,1136760.5,2092040.34889,0
1767219300000,1.8419,1.8471,1.8406,1.8436,3561045.2,1767220199999,6564974.55048,10461,2260733.4,4168013.09015,0
1767220200000,1.8436,1.8437,1.8383,1.8388,2851596.4,1767221099999,5249151.98937,8850,1075549.5,1979798.37219,0
1767221100000,1.8387,1.8405,1.8359,1.8401,1934611.9,1767221999999,3555355.77756,8881,1000354.7,1838846.65654,0
1767222000000,1.8401,1.8417,1.8380,1.8412,1410196.4,1767222899999,2594732.54987,7026,848031.5,1560420.05736,0
1767222900000,1.8412,1.8427,1.8392,1.8419,1226973.5,1767223799999,2258744.76814,6222,695487.8,1280501.27545,0
1767223800000,1.8419,1.8434,1.8413,1.8415,1209905.2,1767224699999,2228951.65423,6735,638962.1,1177119.40074,0
1767224700000,1.8415,1.8421,1.8393,1.8411,1060103.3,1767225599999,1951430.10819,5922,476954.3,878001.46298,0
