open_time,open,high,low,close,volume,close_time,quote_volume,count,taker_buy_volume,taker_buy_quote_volume,ignore
1775001600000,1.3404,1.3405,1.3374,1.3395,2778954.3,1775002499999,3722257.26828,9624,1188108.1,1591491.38064,0
1775002500000,1.3395,1.3417,1.3382,1.3413,2001980.7,1775003399999,2682309.28233,7933,1154317.6,1546571.54539,0
1775003400000,1.3413,1.3417,1.3385,1.3403,1849566.7,1775004299999,2478041.22108,6786,988891.1,1324985.35874,0
1775004300000,1.3403,1.3454,1.3374,1.3445,5067693.4,1775005199999,6799642.53965,12105,2687820.0,3607251.52922,0
1775005200000,1.3446,1.3453,1.3415,1.3425,3556743.5,1775006099999,4778386.51977,12095,1553221.3,2086644.46162,0
1775006100000,1.3426,1.3426,1.3367,1.3368,3353132.2,1775006999999,4491164.31173,8534,1699474.9,2276581.25793,0
1775007000000,1.3368,1.3379,1.3332,1.3364,2957242.6,1775007899999,3950371.52466,10219,1399877.9,1870316.02529,0
1775007900000,1.3365,1.3366,1.3341,1.3344,1702142.7,1775008799999,2273082.06629,6352,702362.8,938053.63193,0
1775008800000,1.3343,1.3373,1.3339,1.3362,2275842.2,1775009699999,3040097.42832,8368,1239212.9,1655315.37776,0
1775009700000,1.3362,1.3373,1.3305,1.3317,2895881.8,1775010599999,3861105.28266,8951,1409162.8,1878895.20149,0
1775010600000,1.3316,1.3335,1.3312,1.3332,1513443.7,1775011499999,2016537.99656,6289,747346.9,995789.80524,0
1775011500000,1.3331,1.3353,1.3326,1.3340,1345218.6,1775012399999,1794592.67703,5548,774392.3,1033062.00338,0
1775012400000,1.3339,1.3442,1.3339,1.3419,4662830.5,1775013299999,6249163.11293,11485,2418770.8,3240507.43567,0
1775013300000,1.3419,1.3428,1.3392,1.3413,3005228.2,1775014199999,4029713.20770,7080,932699.1,1250696.22615,0
1775014200000,1.3413,1.3457,1.3406,1.3451,3508042.3,1775015099999,4711009.67018,8241,2207955.6,2965794.38836,0
1775015100000,1.3451,1.3509,1.3451,1.3475,10185735.5,1775015999999,13729359.01403,17939,5415517.2,7298442.48248,0
1775016000000,1.3474,1.3487,1.3433,1.3437,3018910.7,1775016899999,4063184.45792,10244,1309909.9,1763180.64791,0
1775016900000,1.3436,1.3439,1.3411,1.3411,2426336.7,1775017799999,3257465.40000,7589,884682.8,1187774.66853,0
1775017800000,1.3411,1.3428,1.3400,1.3407,2850838.1,1775018699999,3823394.88449,7516,1561955.6,2094859.31389,0
1775018700000,1.3407,1.3423,1.3378,1.3386,4465290.9,1775019599999,5982334.20927,9896,1801376.6,2413713.95350,0
1775019600000,1.3385,1.3435,1.3354,1.3425,9276285.2,1775020499999,12418177.12307,14397,5670763.0,7591336.05458,0
1775020500000,1.3425,1.3490,1.3422,1.3457,7209327.7,1775021399999,9702018.64181,15099,3813012.0,5132424.83729,0
1775021400000,1.3458,1.3466,1.3411,1.3411,4136266.0,1775022299999,5556286.35504,10381,978067.5,1314091.64561,0
1775022300000,1.3412,1.3483,1.3407,1.3457,9730952.1,1775023199999,13082636.83932,13824,5738222.0,7714514.00921,0
1775023200000,1.3457,1.3553,1.3456,1.3540,9329248.1,1775024099999,12608095.63164,17394,5178920.7,6998498.47479,0
1775024100000,1.3539,1.3561,1.3530,1.3556,5292396.3,1775024999999,7169508.67236,13402,2218084.3,3004861.31237,0
1775025000000,1.3556,1.3628,1.3552,1.3617,10265966.9,1775025899999,13952563.62325,18639,5810523.9,7896881.36831,0
1775025900000,1.3618,1.3628,1.3587,1.3616,5286781.1,1775026799999,7192057.65130,11917,2677356.2,3642460.13862,0
1775026800000,1.3617,1.3670,1.3617,1.3645,7379039.2,1775027699999,10064095.69076,16985,3216078.5,4386997.99491,0
1775027700000,1.3644,1.3649,1.3588,1.3593,5056504.2,1775028599999,6882735.17798,11762,1534196.7,2087981.84172,0
1775028600000,1.3593,1.3630,1.3588,1.3598,3623060.1,1775029499999,4928967.60404,9203,1556176.1,2117252.74314,0
1775029500000,1.3598,1.3605,1.3556,1.3560,5497075.9,1775030399999,7462547.11748,11173,1759435.7,2388152.64195,0
1775030400000,1.3560,1.3578,1.3516,1.3529,5999695.4,1775031299999,8126119.78725,14415,2603852.8,3526813.87118,0
1775031300000,1.3530,1.3564,1.3518,1.3551,3589590.4,1775032199999,4861175.58179,9153,1756808.8,2378976.92954,0
1775032200000,1.3552,1.3580,1.3548,1.3571,2915009.3,1775033099999,3954389.87754,7079,1619229.7,2196610.50425,0
1775033100000,1.3571,1.3572,1.3514,1.3521,5213703.2,1775033999999,7059763.32855,10719,2102180.0,2845817.04496,0
1775034000000,1.3520,1.3534,1.3488,1.3507,4041626.7,1775034899999,5458759.18378,11278,1906451.1,2575185.47553,0
1775034900000,1.3506,1.3511,1.3491,1.3508,3530705.7,1775035799999,4766653.34460,8016,1819636.5,2456552.44560,0
1775035800000,1.3508,1.3532,1.3485,1.3489,2678516.1,1775036699999,3619121.34710,7917,1230805.1,1663280.84523,0
1775036700000,1.3488,1.3521,1.3487,1.3508,2019441.2,1775037599999,2727406.07876,6452,1322124.8,1785601.64193,0
1775037600000,1.3508,1.3522,1.3493,1.3494,1912124.4,1775038499999,2582431.69665,7090,862031.0,1164284.78402,0
1775038500000,1.3494,1.3513,1.3484,1.3494,2568396.2,1775039399999,3466031.46637,6615,1402411.6,1892681.31538,0
1775039400000,1.3494,1.3536,1.3484,1.3527,2816012.9,1775040299999,3805505.16470,7429,1617028.4,2184958.09852,0
1775040300000,1.3528,1.3546,1.3492,1.3520,2860351.3,1775041199999,3866573.11749,7207,1474050.0,1992381.50258,0
1775041200000,1.3521,1.3543,1.3518,1.3539,2441403.3,1775042099999,3303563.44825,7599,1436990.3,1944440.02847,0
1775042100000,1.3539,1.3541,1.3500,1.3513,2375111.3,1775042999999,3210088.48908,7024,1336800.7,1806654.72333,0
1775043000000,1.3512,1.3529,1.3511,1.3520,1432861.4,1775043899999,1937250.26730,5216,849381.5,1148385.08062,0
1775043900000,1.3520,1.3551,1.3519,1.3536,1879862.7,1775044799999,2545088.16152,5595,1100821.6,1490277.27364,0
1775044800000,1.3536,1.3539,1.3504,1.3511,2736278.4,1775045699999,3699197.66691,9062,1322183.1,1787605.64249,0
1775045700000,1.3512,1.3548,1.3511,1.3526,2184424.2,1775046599999,2955156.81365,7086,1198925.7,1621961.22709,0
1775046600000,1.3527,1.3603,1.3486,1.3580,9079041.3,1775047499999,12286739.38268,17455,5347004.2,7237446.29582,0
1775047500000,1.3579,1.3601,1.3524,1.3534,11297974.6,1775048399999,15318499.98637,22428,5433448.4,7367057.29918,0
1775048400000,1.3533,1.3564,1.3497,1.3544,5582101.6,1775049299999,7547259.62871,13551,2820136.4,3813134.45168,0
1775049300000,1.3544,1.3571,1.3542,1.3550,2604017.2,1775050199999,3530470.82097,9340,1611570.0,2185005.58625,0
1775050200000,1.3551,1.3557,1.3441,1.3477,9042204.5,1775051099999,12197269.59906,22174,4319794.0,5827004.82360,0
1775051100000,1.3477,1.3507,1.3451,1.3463,5638614.9,1775051999999,7597034.03983,16030,3093328.6,4167747.44876,0
1775052000000,1.3462,1.3522,1.3454,1.3522,4050120.3,1775052899999,5463791.04549,13724,2369580.3,3196983.29207,0
1775052900000,1.3521,1.3554,1.3507,1.3544,3247503.0,1775053799999,4393787.49672,12312,1757807.3,2378380.69764,0
1775053800000,1.3544,1.3554,1.3480,1.3526,6554016.2,1775054699999,8860047.93925,15570,3277017.5,4430174.51687,0
1775054700000,1.3526,1.3577,1.3514,1.3553,4256620.2,1775055599999,5768669.92519,18331,2051734.5,2780703.57423,0
1775055600000,1.3553,1.3560,1.3505,1.3513,2766919.2,1775056499999,3745833.73498,9984,1218352.3,1648980.71794,0
1775056500000,1.3513,1.3571,1.3498,1.3537,3752450.3,1775057399999,5080467.44431,9725,2190733.0,2965566.40897,0
1775057400000,1.3538,1.3562,1.3525,1.3543,1762693.1,1775058299999,2386961.69576,7601,969954.3,1313504.61079,0
1775058300000,1.3543,1.3570,1.3543,1.3569,2294451.6,1775059199999,3111104.43482,7213,1114026.9,1510485.76354,0
1775059200000,1.3569,1.3570,1.3511,1.3520,3077657.3,1775060099999,4168198.37857,12070,1340454.7,1815474.27216,0
1775060100000,1.3519,1.3568,1.3513,1.3547,3273886.4,1775060999999,4435020.78306,10734,1955717.4,2649300.95157,0
1775061000000,1.3548,1.3616,1.3543,1.3606,6978777.9,1775061899999,9481302.69321,14682,3969246.6,5392369.08882,0
1775061900000,1.3607,1.3609,1.3576,1.3581,3048494.1,1775062799999,4142740.03054,8304,1229399.8,1670817.88219,0
1775062800000,1.3582,1.3679,1.3580,1.3619,9807892.5,1775063699999,13383819.15231,21012,5487961.7,7488296.25347,0
1775063700000,1.3619,1.3636,1.3544,1.3549,5406948.2,1775064599999,7345852.37340,12576,2747565.9,3733048.92684,0
1775064600000,1.3550,1.3553,1.3514,1.3537,4074806.4,1775065499999,5514740.00795,10585,2229025.9,3016876.57415,0
1775065500000,1.3537,1.3546,1.3503,1.3514,3192329.4,1775066399999,4315015.51579,8389,1373111.7,1856027.29730,0
1775066400000,1.3513,1.3522,1.3461,1.3492,6766629.7,1775067299999,9129242.31885,14819,3193349.6,4308122.97317,0
1775067300000,1.3492,1.3503,1.3470,1.3476,2313535.4,1775068199999,3119650.87933,10350,1295583.0,1747111.02277,0
1775068200000,1.3476,1.3513,1.3463,1.3494,3782552.6,1775069099999,5100829.98987,8818,1918732.1,2587684.03900,0
1775069100000,1.3494,1.3497,1.3455,1.3469,2487110.5,1775069999999,3351116.40458,6033,1066776.2,1437517.21978,0
1775070000000,1.3468,1.3502,1.3466,1.3478,2419192.9,1775070899999,3262387.25504,6982,1554830.7,2096905.06200,0
1775070900000,1.3477,1.3530,1.3471,1.3524,1976361.4,1775071799999,2667189.06578,5922,1316472.1,1777013.98830,0
1775071800000,1.3524,1.3535,1.3486,1.3487,2493981.8,1775072699999,3369093.54549,6271,1407106.0,1901248.18389,0
1775072700000,1.3486,1.3510,1.3480,1.3499,2617730.2,1775073599999,3532402.42225,7187,1213477.1,1637539.88342,0
1775073600000,1.3499,1.3515,1.3458,1.3465,4480680.9,1775074499999,6039941.15207,9370,2258293.3,3044066.84434,0
1775074500000,1.3465,1.3474,1.3444,1.3450,2431696.7,1775075399999,3272232.05763,5516,996086.7,1340501.05025,0
1775075400000,1.3450,1.3467,1.3414,1.3464,5269057.9,1775076299999,7078330.02755,8471,2211543.9,2971156.36858,0
1775076300000,1.3464,1.3490,1.3463,1.3478,1394512.4,1775077199999,1879255.64337,4652,882548.9,1189310.58864,0
1775077200000,1.3478,1.3528,1.3476,1.3524,3229903.6,1775078099999,4363002.95489,7791,1600442.8,2161658.26942,0
1775078100000,1.3524,1.3550,1.3517,1.3535,2977499.0,1775078999999,4030335.21668,6883,1396348.7,1890141.30317,0
1775079000000,1.3535,1.3548,1.3519,1.3527,1893688.3,1775079899999,2562684.05147,5806,738544.6,999410.16913,0
1775079900000,1.3527,1.3564,1.3499,1.3544,3902021.3,1775080799999,5276432.05886,8922,1852256.1,2504605.31117,0
1775080800000,1.3544,1.3550,1.3497,1.3513,2509731.4,1775081699999,3393720.93449,9521,1204495.5,1628601.65664,0
1775081700000,1.3513,1.3513,1.3469,1.3483,2938950.0,1775082599999,3964689.36489,7824,1392860.9,1879083.99559,0
1775082600000,1.3483,1.3502,1.3471,1.3488,1566875.1,1775083499999,2112560.57435,5473,948049.7,1278269.86405,0
1775083500000,1.3488,1.3494,1.3461,1.3481,1251313.8,1775084399999,1686484.55589,4588,622653.4,839351.03190,0
1775084400000,1.3481,1.3509,1.3478,1.3497,1476748.4,1775085299999,1993229.18715,5479,922641.0,1245321.32951,0
1775085300000,1.3498,1.3501,1.3486,1.3490,1412759.0,1775086199999,1906292.21861,4291,683787.1,922621.03825,0
1775086200000,1.3489,1.3493,1.3461,1.3476,1422855.7,1775087099999,1917760.84934,5173,662346.8,892770.11158,0
1775087100000,1.3475,1.3483,1.3458,1.3471,1039259.0,1775087999999,1400159.11657,4586,474167.9,638895.21706,0
1775088000000,1.3471,1.3490,1.3464,1.3477,2866971.1,1775088899999,3863416.85986,9011,1431881.3,1929619.57091,0
1775088900000,1.3477,1.3493,1.3467,1.3476,1793892.6,1775089799999,2417696.74172,6529,753296.5,1015221.96341,0
1775089800000,1.3476,1.3539,1.3474,1.3539,3832284.7,1775090699999,5177295.57869,9053,2019782.1,2728787.79014,0
1775090700000,1.3538,1.3562,1.3518,1.3562,3816968.6,1775091599999,5168364.99791,8817,2338837.8,3167022.84824,0
1775091600000,1.3562,1.3563,1.3374,1.3472,19925828.1,1775092499999,26800476.53620,40819,9214855.0,12396546.67881,0
1775092500000,1.3472,1.3472,1.3276,1.3304,24330754.9,1775093399999,32488160.93071,49763,10390021.6,13879833.13627,0
1775093400000,1.3304,1.3304,1.3219,1.3228,14290343.0,1775094299999,18940532.85688,33030,5970454.8,7914968.63038,0
1775094300000,1.3228,1.3281,1.3213,1.3275,6481100.0,1775095199999,8590309.01977,18411,3792533.3,5027162.27227,0
1775095200000,1.3274,1.3293,1.3205,1.3208,6062466.1,1775096099999,8030248.09670,18996,2871868.8,3805203.52127,0
1775096100000,1.3207,1.3227,1.3161,1.3196,12936005.5,1775096999999,17065903.12811,21318,6516714.2,8598477.00976,0
1775097000000,1.3196,1.3244,1.3171,1.3176,7425017.6,1775097899999,9811805.93011,16636,4056340.9,5360777.53188,0
1775097900000,1.3176,1.3224,1.3163,1.3176,8743052.1,1775098799999,11531032.70221,13102,4533753.2,5978297.83699,0
1775098800000,1.3176,1.3176,1.3128,1.3130,6700072.0,1775099699999,8811663.01678,14973,2948817.9,3878261.40188,0
1775099700000,1.3129,1.3147,1.3094,1.3137,7935502.7,1775100599999,10414001.28649,14954,2772593.8,3637882.10609,0
1775100600000,1.3136,1.3156,1.3055,1.3087,14454151.3,1775101499999,18931924.91534,21265,6801207.1,8910243.31538,0
1775101500000,1.3086,1.3123,1.3060,1.3120,5602438.6,1775102399999,7335215.64084,12157,2833934.0,3710974.13163,0
1775102400000,1.3119,1.3148,1.3110,1.3140,3944883.9,1775103299999,5180072.94554,11539,2251383.0,2956385.99170,0
1775103300000,1.3140,1.3196,1.3108,1.3117,14713912.7,1775104199999,19350491.71008,19726,6454155.8,8485841.46620,0
1775104200000,1.3117,1.3121,1.3069,1.3078,4866400.0,1775105099999,6373473.96112,11348,2226459.8,2915870.77573,0
1775105100000,1.3078,1.3098,1.3040,1.3071,14222488.0,1775105999999,18589893.04721,19885,6967340.5,9106778.88461,0
1775106000000,1.3071,1.3101,1.3062,1.3086,4803355.5,1775106899999,6284498.23148,12666,2057654.3,2692392.80561,0
1775106900000,1.3086,1.3112,1.3072,1.3110,3420999.5,1775107799999,4480569.76163,8726,1604289.6,2101304.51934,0
1775107800000,1.3110,1.3146,1.3109,1.3131,4738795.3,1775108699999,6219191.20771,10653,2094923.3,2749371.23917,0
1775108700000,1.3131,1.3152,1.3118,1.3143,4611554.3,1775109599999,6056281.58746,7972,2447456.1,3214255.64164,0
1775109600000,1.3142,1.3152,1.3115,1.3125,3586594.3,1775110499999,4710527.45436,8017,1485192.8,1950437.84791,0
1775110500000,1.3124,1.3179,1.3124,1.3160,3959584.6,1775111399999,5211327.48022,9154,2271011.7,2988583.82281,0
1775111400000,1.3160,1.3165,1.3135,1.3143,2406894.5,1775112299999,3164363.12489,6642,1076323.5,1415026.92099,0
1775112300000,1.3143,1.3159,1.3143,1.3149,2200174.3,1775113199999,2893460.25365,4610,930839.1,1224245.49403,0
1775113200000,1.3149,1.3156,1.3121,1.3128,2715409.3,1775114099999,3567917.36450,7478,1028826.1,1351721.97451,0
1775114100000,1.3129,1.3162,1.3128,1.3149,2228854.6,1775114999999,2930022.27537,5944,1211657.2,1592865.26684,0
1775115000000,1.3149,1.3177,1.3149,1.3166,2514192.2,1775115899999,3310296.34084,6658,1290945.8,1699675.82849,0
1775115900000,1.3166,1.3174,1.3157,1.3167,2330071.0,1775116799999,3067750.30646,5403,1046053.7,1377209.18242,0
1775116800000,1.3167,1.3167,1.3146,1.3147,2606465.9,1775117699999,3428521.97169,7965,1271649.5,1672696.02014,0
1775117700000,1.3148,1.3151,1.3109,1.3123,2872797.0,1775118599999,3771484.96241,6132,1177967.4,1546302.52986,0
1775118600000,1.3122,1.3136,1.3103,1.3117,3139871.2,1775119499999,4118449.91090,6281,1517795.5,1990803.11714,0
1775119500000,1.3117,1.3136,1.3111,1.3112,4219267.5,1775120399999,5538387.04513,6878,2313393.0,3036724.51551,0
1775120400000,1.3111,1.3119,1.3068,1.3096,5016457.2,1775121299999,6567821.48664,10436,2150964.4,2816525.53029,0
1775121300000,1.3096,1.3113,1.3084,1.3106,2732140.5,1775122199999,3578184.81234,7224,1182465.0,1548649.66342,0
1775122200000,1.3106,1.3117,1.3092,1.3112,1689906.5,1775123099999,2214896.83681,5682,801702.1,1050785.80831,0
1775123100000,1.3112,1.3123,1.3100,1.3111,2086783.1,1775123999999,2736528.53413,4709,934132.4,1224936.16847,0
1775124000000,1.3111,1.3114,1.3066,1.3079,3635955.7,1775124899999,4760027.28488,9490,1668898.3,2184845.04888,0
1775124900000,1.3080,1.3100,1.3068,1.3097,2507221.8,1775125799999,3281826.04387,6236,1450086.6,1898286.83952,0
1775125800000,1.3097,1.3110,1.3075,1.3088,3980610.0,1775126699999,5212437.00619,7103,1196138.3,1566310.49768,0
1775126700000,1.3089,1.3090,1.3073,1.3074,4307791.6,1775127599999,5634940.13464,6609,1517187.9,1984614.22626,0
1775127600000,1.3075,1.3083,1.3023,1.3028,8494562.3,1775128499999,11087019.39887,14407,2490537.6,3250519.28733,0
1775128500000,1.3028,1.3037,1.2994,1.3020,10084693.4,1775129399999,13127064.50850,16735,3976142.2,5175580.58823,0
1775129400000,1.3020,1.3028,1.2990,1.3008,4527090.2,1775130299999,5888662.42384,9049,1446476.1,1881460.60690,0
1775130300000,1.3007,1.3011,1.2977,1.2991,8311294.0,1775131199999,10797877.52303,11569,3908501.0,5077786.19515,0
1775131200000,1.2990,1.2998,1.2949,1.2955,8418657.5,1775132099999,10921334.97316,17406,3585699.9,4651434.86215,0
1775132100000,1.2954,1.2968,1.2921,1.2944,9919564.3,1775132999999,12838667.50469,17578,3810955.1,4933315.81402,0
1775133000000,1.2943,1.2954,1.2926,1.2943,5482235.2,1775133899999,7093899.30278,11856,2154927.0,2788496.30806,0
1775133900000,1.2942,1.2952,1.2889,1.2899,8408815.4,1775134799999,10855530.58143,17306,2961166.5,3822781.95704,0
1775134800000,1.2898,1.2928,1.2860,1.2875,16332048.1,1775135699999,21064038.07996,25242,7602410.8,9808945.12805,0
1775135700000,1.2874,1.2880,1.2842,1.2863,10947356.6,1775136599999,14078639.30539,20273,4485346.1,5768712.14738,0
1775136600000,1.2863,1.2885,1.2791,1.2807,15912800.4,1775137499999,20403716.97495,34588,5957756.8,7638662.08160,0
1775137500000,1.2807,1.2893,1.2801,1.2878,12612048.2,1775138399999,16205613.48159,26648,6423241.9,8252887.43509,0
1775138400000,1.2878,1.2910,1.2833,1.2838,19740208.9,1775139299999,25385052.15173,31072,8499044.4,10928226.22666,0
1775139300000,1.2838,1.2892,1.2813,1.2858,13648648.6,1775140199999,17540056.30915,25491,5626745.9,7230563.96900,0
1775140200000,1.2859,1.3023,1.2854,1.3019,22896624.9,1775141099999,29670647.87764,50111,11544083.1,14960785.57355,0
1775141100000,1.3018,1.3026,1.2946,1.2988,10148257.9,1775141999999,13174925.48854,26171,3627689.4,4710374.08124,0
1775142000000,1.2989,1.2990,1.2947,1.2956,7429009.7,1775142899999,9633249.21147,21445,2641984.8,3425868.30155,0
1775142900000,1.2956,1.2959,1.2899,1.2921,6280257.6,1775143799999,8116810.96150,18326,2132529.9,2756228.06144,0
1775143800000,1.2922,1.3010,1.2906,1.3009,6234021.4,1775144699999,8075944.12135,17026,2964414.7,3841205.13501,0
1775144700000,1.3008,1.3010,1.2961,1.2990,3446233.7,1775145599999,4474781.39605,11544,1775479.0,2305126.58990,0
1775145600000,1.2990,1.2990,1.2942,1.2950,6152373.7,1775146499999,7974352.59984,12439,2393157.8,3101535.39722,0
1775146500000,1.2951,1.3002,1.2941,1.2992,4697084.5,1775147399999,6090750.39879,11912,2167444.4,2810737.52216,0
1775147400000,1.2992,1.3082,1.2985,1.3057,9784304.1,1775148299999,12759110.50625,18195,5552356.0,7240539.22479,0
1775148300000,1.3057,1.3072,1.3032,1.3035,3679194.9,1775149199999,4802521.69541,9650,1683518.4,2197368.52910,0
1775149200000,1.3036,1.3070,1.3001,1.3057,4537157.0,1775150099999,5909347.63996,11767,2327094.7,3030862.33173,0
1775150100000,1.3057,1.3106,1.3055,1.3068,6096615.8,1775150999999,7976558.65190,12564,3352074.7,4385831.87326,0
1775151000000,1.3069,1.3072,1.3014,1.3037,4230740.6,1775151899999,5514742.92698,10453,1829568.6,2385100.00125,0
1775151900000,1.3037,1.3038,1.2973,1.2980,5535466.6,1775152799999,7194733.68812,11755,2873173.5,3734481.94768,0
1775152800000,1.2980,1.3009,1.2967,1.2996,4015596.3,1775153699999,5215130.49134,10343,2293597.8,2979059.19363,0
1775153700000,1.2997,1.3007,1.2967,1.2975,3253146.9,1775154599999,4225847.41171,8171,1809583.4,2350571.37436,0
1775154600000,1.2975,1.3021,1.2971,1.3014,1620944.5,1775155499999,2106502.31923,5899,861731.7,1119717.54221,0
1775155500000,1.3014,1.3082,1.3011,1.3061,3659422.8,1775156399999,4776331.25721,8943,2159891.5,2818666.11008,0
1775156400000,1.3061,1.3072,1.3046,1.3046,2758325.0,1775157299999,3602066.78172,8144,1677197.8,2190329.86316,0
1775157300000,1.3046,1.3063,1.3026,1.3053,2728329.9,1775158199999,3559259.70347,7510,1556243.1,2030227.74748,0
1775158200000,1.3052,1.3053,1.3006,1.3041,2348375.1,1775159099999,3059448.68839,7530,1286259.5,1675421.73837,0
1775159100000,1.3041,1.3093,1.3035,1.3074,6222497.5,1775159999999,8131789.36950,11616,3381735.0,4419041.18132,0
1775160000000,1.3073,1.3098,1.3042,1.3085,4636666.7,1775160899999,6061652.57818,11131,2853640.6,3730715.99263,0
1775160900000,1.3085,1.3161,1.3078,1.3156,5781427.7,1775161799999,7588352.61167,13630,3628146.3,4761948.50434,0
1775161800000,1.3155,1.3218,1.3137,1.3180,9373937.4,1775162699999,12356809.08385,15014,5047059.7,6652567.45285,0
1775162700000,1.3181,1.3188,1.3162,1.3172,3929114.4,1775163599999,5177249.04405,8531,2058360.1,2712300.98614,0
1775163600000,1.3173,1.3191,1.3118,1.3131,4425549.1,1775164499999,5819927.17654,9983,1932777.0,2542793.24116,0
1775164500000,1.3132,1.3158,1.3128,1.3139,1917040.5,1775165399999,2519938.04775,6083,897971.6,1180353.66354,0
1775165400000,1.3140,1.3167,1.3126,1.3136,2099110.1,1775166299999,2759294.23129,8141,984475.9,1294168.05896,0
1775166300000,1.3137,1.3151,1.3131,1.3149,1005108.0,1775167199999,1320892.70987,5988,634658.4,834059.70219,0
1775167200000,1.3149,1.3180,1.3139,1.3147,3324243.2,1775168099999,4374537.39693,11697,1734358.9,2282345.62181,0
1775168100000,1.3148,1.3168,1.3115,1.3138,2460169.8,1775168999999,3232854.24949,8585,1315311.3,1728733.98248,0
1775169000000,1.3138,1.3160,1.3138,1.3152,1221718.0,1775169899999,1606562.86650,4709,614682.6,808299.05671,0
1775169900000,1.3152,1.3179,1.3138,1.3170,1490256.1,1775170799999,1961735.94657,5191,803695.5,1058059.35080,0
1775170800000,1.3171,1.3186,1.3154,1.3160,2964152.1,1775171699999,3903789.33350,9142,1760988.0,2319335.59646,0
1775171700000,1.3161,1.3187,1.3156,1.3158,2351141.9,1775172599999,3096790.85130,7008,1228483.3,1618145.85251,0
1775172600000,1.3158,1.3203,1.3149,1.3191,2651695.0,1775173499999,3493790.38603,6497,1853359.1,2441920.81215,0
1775173500000,1.3192,1.3195,1.3150,1.3192,3053843.4,1775174399999,4023169.56362,8066,1293520.6,1704645.50070,0
1775174400000,1.3192,1.3217,1.3188,1.3212,3201229.3,1775175299999,4226364.92994,10401,1882798.7,2485738.29159,0
1775175300000,1.3212,1.3212,1.3163,1.3171,3033776.2,1775176199999,4002324.91552,9385,1103885.0,1456256.85877,0
1775176200000,1.3171,1.3231,1.3156,1.3169,7001158.2,1775177099999,9236279.28760,13302,3384452.2,4463288.14316,0
1775177100000,1.3169,1.3169,1.3136,1.3151,3920308.8,1775177999999,5155285.36651,9969,1581228.4,2079506.68323,0
1775178000000,1.3150,1.3197,1.3135,1.3181,6162319.0,1775178899999,8113948.38205,13323,3360845.2,4424121.50975,0
1775178900000,1.3181,1.3199,1.3173,1.3192,2070384.6,1775179799999,2729887.54830,8236,875451.9,1154247.09602,0
1775179800000,1.3192,1.3197,1.3118,1.3139,3874486.7,1775180699999,5092979.04826,10857,1440925.1,1894186.57286,0
1775180700000,1.3138,1.3140,1.3119,1.3130,1737898.2,1775181599999,2281537.83435,6217,727242.4,954727.36622,0
1775181600000,1.3130,1.3134,1.3091,1.3111,4250603.8,1775182499999,5572655.30039,10636,1401472.9,1837480.71768,0
1775182500000,1.3111,1.3166,1.3064,1.3071,7699923.1,1775183399999,10100369.66092,15159,3209976.8,4211968.29653,0
1775183400000,1.3070,1.3075,1.3026,1.3027,7020293.7,1775184299999,9161290.51975,14200,2925052.7,3817999.47731,0
1775184300000,1.3027,1.3080,1.3026,1.3069,4257680.8,1775185199999,5556810.18380,10283,2385234.9,3112821.32516,0
1775185200000,1.3070,1.3119,1.3064,1.3114,6469560.8,1775186099999,8470422.92109,13295,4101341.3,5368852.12431,0
1775186100000,1.3115,1.3181,1.3108,1.3168,5265866.9,1775186999999,6924488.36701,12272,2851133.2,3748715.51686,0
1775187000000,1.3168,1.3203,1.3162,1.3200,4244215.5,1775187899999,5595005.69100,13119,2345222.1,3091750.71626,0
1775187900000,1.3200,1.3213,1.3184,1.3210,3602276.2,1775188799999,4754327.65808,12738,2046059.1,2700428.66037,0
1775188800000,1.3210,1.3228,1.3158,1.3171,8963497.5,1775189699999,11821149.66991,17619,3699771.7,4878380.22140,0
1775189700000,1.3171,1.3188,1.3145,1.3148,2731134.9,1775190599999,3595539.36819,7889,1509900.9,1987857.13164,0
1775190600000,1.3147,1.3171,1.3137,1.3170,2119866.5,1775191499999,2788830.28876,6569,1283708.0,1688719.72835,0
1775191500000,1.3170,1.3217,1.3170,1.3193,4365288.2,1775192399999,5760875.19535,9274,2865538.3,3781797.08320,0
1775192400000,1.3192,1.3213,1.3187,1.3194,1942584.8,1775193299999,2564480.23745,7062,862379.0,1138344.67165,0
1775193300000,1.3194,1.3197,1.3152,1.3197,1810403.3,1775194199999,2385145.62825,6932,758142.3,998859.45458,0
1775194200000,1.3197,1.3256,1.3197,1.3216,4959326.3,1775195099999,6561704.25191,13452,2793972.7,3697243.48291,0
1775195100000,1.3216,1.3221,1.3175,1.3178,2112951.1,1775195999999,2787951.78379,6867,876041.8,1156402.47973,0
1775196000000,1.3178,1.3195,1.3174,1.3182,2600980.2,1775196899999,3429279.97848,7508,1505621.5,1985208.18673,0
1775196900000,1.3182,1.3182,1.3153,1.3156,1859606.8,1775197799999,2448173.41844,6119,773795.3,1018681.77381,0
1775197800000,1.3156,1.3200,1.3145,1.3191,2660784.2,1775198699999,3505934.21442,7818,1299544.7,1712342.24116,0
1775198700000,1.3192,1.3201,1.3176,1.3187,2034989.3,1775199599999,2684324.43100,5862,848541.1,1119339.47803,0
1775199600000,1.3188,1.3202,1.3178,1.3182,1607996.4,1775200499999,2120747.18113,6585,932791.2,1230236.11575,0
1775200500000,1.3182,1.3185,1.3161,1.3164,2016880.2,1775201399999,2655870.23787,6232,822076.3,1082564.20529,0
1775201400000,1.3164,1.3235,1.3164,1.3198,3736573.7,1775202299999,4931257.39380,9303,1838550.5,2426241.23001,0
1775202300000,1.3198,1.3200,1.3170,1.3180,1458659.2,1775203199999,1923343.06372,5562,776992.3,1024507.85018,0
1775203200000,1.3181,1.3210,1.3175,1.3199,2571192.6,1775204099999,3392047.13679,8637,1576622.5,2080027.20865,0
1775204100000,1.3199,1.3206,1.3170,1.3172,2408614.5,1775204999999,3174571.65452,6716,1117195.4,1472314.15231,0
1775205000000,1.3173,1.3200,1.3165,1.3174,2801688.8,1775205899999,3693391.48716,7326,1345888.0,1774297.35849,0
1775205900000,1.3173,1.3193,1.3159,1.3171,2253164.6,1775206799999,2968188.30250,6351,1160990.4,1529528.84715,0
1775206800000,1.3171,1.3171,1.3131,1.3141,3573870.5,1775207699999,4697540.71914,8212,1163183.3,1528829.70362,0
1775207700000,1.3142,1.3146,1.3106,1.3116,3462367.8,1775208599999,4542392.67014,7618,1785647.8,2342652.34321,0
1775208600000,1.3116,1.3136,1.3109,1.3129,2378301.6,1775209499999,3120206.86663,5247,1432695.9,1879637.63991,0
1775209500000,1.3129,1.3130,1.3103,1.3109,1525045.4,1775210399999,1999679.80919,4548,743672.4,975029.97842,0
1775210400000,1.3110,1.3126,1.3101,1.3104,2279257.2,1775211299999,2988415.77300,6761,1008543.4,1322415.73356,0
1775211300000,1.3105,1.3137,1.3086,1.3124,6899615.8,1775212199999,9046983.38020,11155,4092209.4,5365348.15558,0
1775212200000,1.3123,1.3157,1.3115,1.3153,2108001.5,1775213099999,2769790.58184,6210,1107578.7,1455337.61852,0
1775213100000,1.3154,1.3168,1.3122,1.3151,6010164.7,1775213999999,7898232.52313,9069,2954759.3,3881909.61009,0
1775214000000,1.3151,1.3170,1.3142,1.3149,1912906.9,1775214899999,2517238.14136,6219,1133224.7,1491309.29039,0
1775214900000,1.3150,1.3169,1.3147,1.3163,1783387.3,1775215799999,2346571.84826,4993,969049.8,1275178.90939,0
1775215800000,1.3162,1.3229,1.3154,1.3224,9632639.0,1775216699999,12712172.64279,12353,6411176.4,8461078.53238,0
1775216700000,1.3225,1.3239,1.3190,1.3197,8793986.5,1775217599999,11616650.96383,12995,4149919.6,5481725.69694,0
1775217600000,1.3197,1.3247,1.3176,1.3235,7841491.2,1775218499999,10358594.11772,12164,4716267.9,6228638.87938,0
1775218500000,1.3234,1.3273,1.3208,1.3258,4947528.5,1775219399999,6550729.97939,10708,2618252.5,3467159.15193,0
1775219400000,1.3258,1.3356,1.3213,1.3230,21333269.9,1775220299999,28331566.78625,31375,10791754.1,14341512.38483,0
1775220300000,1.3230,1.3248,1.3186,1.3193,4601838.4,1775221199999,6078159.66864,11596,2215617.0,2926768.67298,0
1775221200000,1.3193,1.3199,1.3159,1.3174,4173877.8,1775222099999,5499493.60940,10998,1930960.8,2544239.44068,0
1775222100000,1.3173,1.3191,1.3162,1.3182,3375137.6,1775222999999,4447642.72755,7671,2018460.6,2660103.91328,0
1775223000000,1.3181,1.3185,1.3159,1.3168,2399633.4,1775223899999,3160697.03934,7064,1115650.6,1469586.91805,0
1775223900000,1.3168,1.3177,1.3138,1.3170,2764612.5,1775224799999,3637160.07928,7965,1266470.2,1666149.79538,0
1775224800000,1.3169,1.3179,1.3142,1.3164,2701856.3,1775225699999,3556024.78297,8930,1283201.0,1688972.38385,0
1775225700000,1.3164,1.3204,1.3155,1.3190,2574324.2,1775226599999,3393554.53080,7349,1588966.6,2094404.34634,0
1775226600000,1.3190,1.3194,1.3152,1.3154,2138498.3,1775227499999,2816103.18124,6178,1006152.9,1324712.40964,0
1775227500000,1.3153,1.3197,1.3152,1.3183,1721199.5,1775228399999,2268186.30928,6181,1030434.5,1357723.87163,0
1775228400000,1.3184,1.3226,1.3180,1.3217,3859425.5,1775229299999,5097433.09117,9240,2370783.8,3130614.19969,0
1775229300000,1.3217,1.3219,1.3188,1.3200,1593767.2,1775230199999,2104346.09976,6433,618422.4,816573.79689,0
1775230200000,1.3199,1.3211,1.3175,1.3181,2054202.3,1775231099999,2709176.04577,6940,900953.3,1188324.06356,0
1775231100000,1.3182,1.3190,1.3176,1.3178,1056871.5,1775231999999,1393191.81410,4913,660599.1,870808.40318,0
1775232000000,1.3178,1.3200,1.3178,1.3198,2317417.3,1775232899999,3056984.75058,7723,1164812.5,1536487.19045,0
1775232900000,1.3197,1.3231,1.3190,1.3226,3383805.6,1775233799999,4470762.86381,7317,1666792.8,2202124.06362,0
1775233800000,1.3225,1.3228,1.3204,1.3219,3739957.6,1775234699999,4942974.54762,7610,1934854.4,2557170.62125,0
1775234700000,1.3219,1.3247,1.3212,1.3238,2755801.1,1775235599999,3647420.20125,7379,1407159.4,1862428.39641,0
1775235600000,1.3239,1.3246,1.3221,1.3221,2266412.7,1775236499999,2999754.56722,6872,1148573.3,1520271.85754,0
1775236500000,1.3222,1.3229,1.3190,1.3215,2624712.1,1775237399999,3467044.72729,7640,1234147.1,1630157.93446,0
1775237400000,1.3215,1.3223,1.3194,1.3200,1830863.3,1775238299999,2418402.21826,5622,852177.9,1125657.62786,0
1775238300000,1.3199,1.3212,1.3184,1.3205,1025025.4,1775239199999,1352670.32172,4340,541541.7,714654.20319,0
1775239200000,1.3205,1.3209,1.3187,1.3201,1472317.5,1775240099999,1943435.22252,6184,584424.0,771425.88918,0
1775240100000,1.3201,1.3218,1.3195,1.3196,1428357.8,1775240999999,1886849.68468,4660,484143.4,639513.13456,0
1775241000000,1.3196,1.3207,1.3184,1.3185,1487493.8,1775241899999,1962527.40005,4141,849019.8,1120128.53311,0
1775241900000,1.3184,1.3189,1.3168,1.3175,1980403.2,1775242799999,2610186.54094,4363,882617.4,1163251.96390,0
1775242800000,1.3175,1.3180,1.3127,1.3132,4105672.2,1775243699999,5397933.36449,9985,1656614.9,2177830.48066,0
1775243700000,1.3132,1.3156,1.3130,1.3140,1783243.6,1775244599999,2343636.02367,5944,996099.4,1309072.08602,0
1775244600000,1.3140,1.3161,1.3137,1.3159,1072668.8,1775245499999,1410635.04432,3948,735876.5,967701.37461,0
1775245500000,1.3158,1.3179,1.3158,1.3171,1435989.3,1775246399999,1891387.53636,3766,686529.8,904216.11099,0
1775246400000,1.3171,1.3186,1.3165,1.3185,1249959.0,1775247299999,1647190.66566,5346,786576.1,1036605.00525,0
1775247300000,1.3185,1.3185,1.3161,1.3164,1333841.7,1775248199999,1756910.83358,4382,517806.9,682068.41110,0
1775248200000,1.3163,1.3175,1.3162,1.3170,917842.3,1775249099999,1208624.18731,3475,555915.2,732032.40305,0
1775249100000,1.3169,1.3174,1.3155,1.3160,733181.4,1775249999999,965206.65052,2893,299167.2,393875.62447,0
1775250000000,1.3159,1.3190,1.3147,1.3178,2135125.4,1775250899999,2810649.75821,6462,1238139.6,1629948.08356,0
1775250900000,1.3178,1.3181,1.3163,1.3164,1595891.9,1775251799999,2101817.43735,4300,757902.3,998214.85662,0
1775251800000,1.3164,1.3173,1.3139,1.3141,3237267.7,1775252699999,4258196.80011,6029,1546234.6,2033824.95202,0
1775252700000,1.3141,1.3180,1.3123,1.3176,3502900.7,1775253599999,4607027.83999,8182,2156407.1,2836217.33077,0
1775253600000,1.3175,1.3180,1.3150,1.3158,2289017.1,1775254499999,3013178.11548,8165,1335415.4,1757940.51043,0
1775254500000,1.3157,1.3188,1.3157,1.3187,1634451.7,1775255399999,2153689.09938,4704,1061893.5,1399237.92308,0
1775255400000,1.3187,1.3209,1.3183,1.3209,2539486.2,1775256299999,3351672.73910,6174,1409290.6,1860037.26697,0
1775256300000,1.3208,1.3217,1.3158,1.3160,6116628.1,1775257199999,8064525.52900,8837,2688767.6,3543629.12750,0
1775257200000,1.3159,1.3160,1.3138,1.3144,2024406.6,1775258099999,2661916.20092,5258,786686.2,1034376.75994,0
1775258100000,1.3144,1.3146,1.3128,1.3129,2534120.9,1775258999999,3328780.50805,4895,1178210.6,1547681.96515,0
1775259000000,1.3128,1.3175,1.3116,1.3157,6956332.4,1775259899999,9143704.25560,9385,4507862.1,5924826.02008,0
1775259900000,1.3156,1.3181,1.3156,1.3177,1613849.5,1775260799999,2125909.32839,4347,683959.7,900915.29084,0
1775260800000,1.3176,1.3177,1.3156,1.3164,1729150.6,1775261699999,2276216.63628,6217,670921.1,883143.70276,0
1775261700000,1.3164,1.3179,1.3156,1.3170,1128065.0,1775262599999,1485372.30328,4638,636515.3,838139.38266,0
1775262600000,1.3170,1.3185,1.3169,1.3170,1294546.1,1775263499999,1705610.08586,4011,474064.2,624606.13054,0
1775263500000,1.3170,1.3174,1.3152,1.3154,1406482.3,1775264399999,1851157.63952,4142,580264.1,763740.74060,0
1775264400000,1.3154,1.3169,1.3143,1.3154,1945937.1,1775265299999,2560381.84622,5576,814356.1,1071605.04592,0
1775265300000,1.3153,1.3158,1.3148,1.3149,766577.1,1775266199999,1008274.95942,3646,423388.7,556896.86405,0
1775266200000,1.3149,1.3164,1.3145,1.3149,1110419.0,1775267099999,1460888.61194,3152,421531.1,554456.85566,0
1775267100000,1.3148,1.3150,1.3136,1.3142,1778342.2,1775267999999,2337233.19697,4450,604694.6,794790.81903,0
1775268000000,1.3141,1.3144,1.3126,1.3134,1854254.2,1775268899999,2435373.14325,6122,881965.7,1158305.02606,0
1775268900000,1.3133,1.3140,1.3127,1.3139,880829.3,1775269799999,1156796.14252,3518,464849.2,610500.45477,0
1775269800000,1.3138,1.3145,1.3134,1.3136,961352.0,1775270699999,1263179.79861,3061,501711.2,659280.59339,0
1775270700000,1.3136,1.3140,1.3127,1.3140,913212.0,1775271599999,1199297.08551,2284,583321.0,766102.49836,0
1775271600000,1.3140,1.3154,1.3137,1.3150,1256340.5,1775272499999,1651706.40635,4328,747060.8,982153.38723,0
1775272500000,1.3150,1.3151,1.3139,1.3146,961924.3,1775273399999,1264442.43994,2920,519944.3,683451.76037,0
1775273400000,1.3145,1.3159,1.3141,1.3156,658781.6,1775274299999,866423.82960,2998,292397.8,384534.26980,0
1775274300000,1.3156,1.3162,1.3137,1.3153,2079642.3,1775275199999,2734560.26705,4062,597668.3,786047.92355,0
1775275200000,1.3152,1.3168,1.3146,1.3158,1474478.5,1775276099999,1939948.97510,5556,864458.1,1137320.65755,0
1775276100000,1.3158,1.3170,1.3155,1.3167,1479166.8,1775276999999,1946763.46882,6537,571255.3,751855.80975,0
1775277000000,1.3166,1.3178,1.3164,1.3173,827560.9,1775277899999,1089900.97070,2920,434604.8,572382.45747,0
1775277900000,1.3172,1.3173,1.3154,1.3157,1008883.3,1775278799999,1327782.76992,2835,380375.0,500589.31025,0
1775278800000,1.3157,1.3160,1.3147,1.3155,997033.7,1775279699999,1311407.08644,4119,464509.2,610972.80031,0
1775279700000,1.3156,1.3162,1.3147,1.3159,878508.7,1775280599999,1155427.19731,3029,421864.9,554833.96656,0
1775280600000,1.3159,1.3179,1.3158,1.3162,1691089.0,1775281499999,2227174.61427,4521,886625.9,1167699.58276,0
1775281500000,1.3162,1.3172,1.3159,1.3164,1336302.4,1775282399999,1759378.07151,3526,739634.3,973775.20204,0
1775282400000,1.3164,1.3172,1.3155,1.3170,1296621.4,1775283299999,1706606.70564,4058,828943.2,1091090.69503,0
1775283300000,1.3171,1.3179,1.3169,1.3178,1115596.1,1775284199999,1469706.68062,3256,725052.3,955189.66830,0
1775284200000,1.3178,1.3189,1.3170,1.3180,2247637.0,1775285099999,2962064.53560,4176,1044017.5,1375884.62906,0
1775285100000,1.3179,1.3200,1.3179,1.3191,2173602.5,1775285999999,2866916.85724,4411,1264528.3,1667829.06895,0
1775286000000,1.3190,1.3194,1.3180,1.3186,1363953.3,1775286899999,1798503.21260,4321,613784.7,809361.08290,0
1775286900000,1.3185,1.3185,1.3162,1.3164,1289240.5,1775287799999,1697881.17610,3529,577287.5,760117.59773,0
1775287800000,1.3163,1.3164,1.3155,1.3155,1163771.6,1775288699999,1531536.73572,2993,619568.3,815366.29488,0
1775288700000,1.3154,1.3156,1.3144,1.3152,2284885.5,1775289599999,3005056.56699,4575,1278079.4,1680934.15416,0
1775289600000,1.3153,1.3155,1.3138,1.3143,1888078.8,1775290499999,2481801.79725,5808,811628.8,1066895.86824,0
1775290500000,1.3143,1.3158,1.3143,1.3155,1079908.1,1775291399999,1420198.75296,3549,693230.8,911697.85007,0
1775291400000,1.3155,1.3156,1.3133,1.3138,1604649.2,1775292299999,2109180.10838,3923,569507.0,748523.96128,0
1775292300000,1.3138,1.3143,1.3128,1.3133,2117105.2,1775293199999,2780655.47062,4145,898111.6,1179680.78336,0
1775293200000,1.3133,1.3136,1.3123,1.3131,1592989.3,1775294099999,2091289.34076,4583,680180.8,892957.05978,0
1775294100000,1.3131,1.3133,1.3124,1.3127,1240804.6,1775294999999,1628933.65765,3385,621980.5,816537.29245,0
1775295000000,1.3127,1.3135,1.3120,1.3120,985950.5,1775295899999,1294420.86337,3057,409248.6,537338.14521,0
1775295900000,1.3121,1.3132,1.3117,1.3118,2698458.8,1775296799999,3540956.70248,5633,1262376.4,1656545.50056,0
1775296800000,1.3118,1.3122,1.3105,1.3105,3514362.6,1775297699999,4608462.60584,7358,1635177.5,2144304.29053,0
1775297700000,1.3105,1.3107,1.3071,1.3072,6168344.5,1775298599999,8073760.50003,10810,2370353.8,3102274.44638,0
1775298600000,1.3071,1.3122,1.3059,1.3108,9128950.2,1775299499999,11952886.09736,12804,5273170.1,6902607.94566,0
1775299500000,1.3109,1.3139,1.3108,1.3133,3570475.9,1775300399999,4685573.98706,6765,2242334.3,2942703.57882,0
1775300400000,1.3133,1.3151,1.3131,1.3150,3965998.4,1775301299999,5211180.43432,7164,2066700.5,2715646.01134,0
1775301300000,1.3151,1.3158,1.3111,1.3117,7978639.7,1775302199999,10478493.03030,9532,2447630.0,3214125.74757,0
1775302200000,1.3117,1.3127,1.3101,1.3106,3698426.4,1775303099999,4849538.01558,7734,1958526.0,2568327.84307,0
1775303100000,1.3106,1.3113,1.3103,1.3113,1529645.8,1775303999999,2004964.44773,4253,904856.7,1186027.43773,0
1775304000000,1.3113,1.3113,1.3093,1.3096,1818359.5,1775304899999,2382218.42992,5536,649449.2,850811.06712,0
1775304900000,1.3096,1.3106,1.3092,1.3096,1245791.2,1775305799999,1631914.53098,4912,646246.6,846563.05123,0
1775305800000,1.3097,1.3107,1.3082,1.3082,1887516.0,1775306699999,2471315.28228,4682,859924.9,1125917.31521,0
1775306700000,1.3082,1.3103,1.3082,1.3096,2310687.3,1775307599999,3024690.30637,5750,1588302.0,2078944.73856,0
1775307600000,1.3097,1.3097,1.3082,1.3091,1562968.5,1775308499999,2045569.08002,5125,639100.4,836407.91928,0
1775308500000,1.3091,1.3100,1.3081,1.3083,1446280.4,1775309399999,1892957.29802,4360,615495.3,805612.10611,0
1775309400000,1.3083,1.3108,1.3073,1.3101,3204774.3,1775310299999,4195396.62992,7953,1569637.5,2055031.71792,0
1775310300000,1.3102,1.3104,1.3079,1.3085,2691894.0,1775311199999,3524236.45592,6164,1384620.7,1812926.53520,0
1775311200000,1.3085,1.3096,1.3084,1.3088,1469922.4,1775312099999,1924074.26240,5837,572402.6,749210.22233,0
1775312100000,1.3088,1.3097,1.3088,1.3088,1234309.9,1775312999999,1616093.70372,3584,492735.6,645157.72281,0
1775313000000,1.3088,1.3097,1.3056,1.3090,4476130.1,1775313899999,5852075.61799,8581,2070314.4,2707021.16612,0
1775313900000,1.3090,1.3120,1.3087,1.3116,2728982.0,1775314799999,3576402.02016,5875,1812606.7,2375336.49334,0
1775314800000,1.3117,1.3161,1.3105,1.3139,7446164.8,1775315699999,9778834.73123,12922,4137266.1,5433736.67283,0
1775315700000,1.3138,1.3150,1.3113,1.3124,3364735.7,1775316599999,4419373.86824,7559,1295813.9,1701855.74952,0
1775316600000,1.3123,1.3137,1.3117,1.3118,2007059.7,1775317499999,2634455.31759,4798,758443.0,995533.67590,0
1775317500000,1.3118,1.3122,1.3113,1.3119,1168455.4,1775318399999,1532636.72439,4834,577734.4,757780.21206,0
1775318400000,1.3120,1.3129,1.3097,1.3101,2270409.6,1775319299999,2977191.08926,7201,781137.9,1024528.97794,0
1775319300000,1.3100,1.3142,1.3099,1.3134,2459377.1,1775320199999,3226858.50155,7218,1234584.9,1619775.20467,0
1775320200000,1.3135,1.3145,1.3124,1.3145,1626154.8,1775321099999,2136293.55165,4956,864138.2,1135230.67264,0
1775321100000,1.3145,1.3151,1.3111,1.3114,3742783.6,1775321999999,4916546.92439,6763,1842124.8,2420373.60619,0
1775322000000,1.3114,1.3131,1.3110,1.3128,1474840.0,1775322899999,1934881.05677,5515,785022.9,1029896.70416,0
1775322900000,1.3127,1.3154,1.3125,1.3147,2013947.3,1775323799999,2646206.04442,5866,1164290.2,1529786.00608,0
1775323800000,1.3146,1.3151,1.3140,1.3141,1135999.2,1775324699999,1493417.52292,4735,467807.5,615004.28498,0
1775324700000,1.3140,1.3143,1.3132,1.3137,1007293.2,1775325599999,1323391.32599,3367,355883.7,467556.95877,0
1775325600000,1.3137,1.3145,1.3129,1.3136,1597351.1,1775326499999,2098306.63820,4993,714789.9,938968.61721,0
1775326500000,1.3136,1.3151,1.3133,1.3146,1298043.9,1775327399999,1706032.72516,4370,609759.7,801336.16788,0
1775327400000,1.3146,1.3147,1.3128,1.3136,810566.1,1775328299999,1064779.01551,3017,343662.6,451380.10980,0
1775328300000,1.3136,1.3137,1.3123,1.3127,824001.3,1775329199999,1081868.03556,3473,233763.7,306957.04832,0
1775329200000,1.3126,1.3207,1.3124,1.3207,7499237.1,1775330099999,9879126.60575,12873,4396813.1,5792579.03231,0
1775330100000,1.3206,1.3220,1.3161,1.3165,3990366.1,1775330999999,5262131.67896,8517,1883663.1,2484225.11372,0
1775331000000,1.3165,1.3170,1.3154,1.3159,1271773.9,1775331899999,1673977.42862,3553,712150.3,937350.93149,0
1775331900000,1.3159,1.3184,1.3155,1.3168,1579661.1,1775332799999,2080706.35612,3779,926382.5,1220181.86712,0
1775332800000,1.3169,1.3174,1.3147,1.3162,2204645.3,1775333699999,2901005.51913,5463,1086253.5,1429368.60507,0
1775333700000,1.3163,1.3173,1.3159,1.3172,736892.1,1775334599999,970226.89326,2887,443388.0,583779.32905,0
1775334600000,1.3172,1.3175,1.3168,1.3170,716418.8,1775335499999,943656.77143,2629,335192.2,441515.29915,0
1775335500000,1.3171,1.3171,1.3156,1.3159,996318.5,1775336399999,1311361.29701,2881,299249.9,393836.57669,0
1775336400000,1.3159,1.3167,1.3133,1.3144,1965030.4,1775337299999,2584017.61313,5009,668661.8,879543.13943,0
1775337300000,1.3145,1.3168,1.3143,1.3161,1245709.9,1775338199999,1638910.82445,3526,779625.9,1025761.73768,0
1775338200000,1.3160,1.3172,1.3155,1.3160,1726276.9,1775339099999,2272177.28540,3993,944757.2,1243564.16762,0
1775339100000,1.3161,1.3181,1.3158,1.3163,1314816.8,1775339999999,1731709.84823,4838,626887.0,825646.24179,0
1775340000000,1.3163,1.3175,1.3157,1.3171,1732226.3,1775340899999,2280840.51495,5909,813543.5,1071164.88727,0
1775340900000,1.3170,1.3180,1.3160,1.3168,1759666.9,1775341799999,2316813.79805,4602,824458.6,1085431.78605,0
1775341800000,1.3167,1.3176,1.3154,1.3175,925139.2,1775342699999,1217619.92552,3486,484144.5,637264.30724,0
1775342700000,1.3176,1.3176,1.3156,1.3160,862510.1,1775343599999,1135467.82666,3154,299385.2,394122.48648,0
1775343600000,1.3159,1.3159,1.3137,1.3141,1622223.2,1775344499999,2132279.41891,4070,816080.0,1072681.59495,0
1775344500000,1.3142,1.3147,1.3137,1.3137,1195729.4,1775345399999,1571414.96346,3064,523419.7,687869.68229,0
1775345400000,1.3137,1.3141,1.3126,1.3140,1537963.3,1775346299999,2019796.84294,3477,727251.0,955103.61276,0
1775346300000,1.3141,1.3153,1.3132,1.3145,1355908.0,1775347199999,1782102.18201,4062,664047.8,872774.76886,0
1775347200000,1.3145,1.3147,1.3130,1.3131,1447972.8,1775348099999,1902167.11103,5402,668909.3,878735.55014,0
1775348100000,1.3130,1.3136,1.3125,1.3135,1509586.4,1775348999999,1982184.52836,4575,498581.4,654661.58984,0
1775349000000,1.3134,1.3136,1.3125,1.3134,899796.7,1775349899999,1181599.04681,4480,423310.6,555883.50769,0
1775349900000,1.3133,1.3134,1.3107,1.3117,2925918.9,1775350799999,3837802.76152,5092,779850.5,1022926.58825,0
1775350800000,1.3116,1.3134,1.3108,1.3127,2011007.8,1775351699999,2638560.01551,6671,959152.1,1258434.80446,0
1775351700000,1.3126,1.3128,1.3112,1.3117,1102115.6,1775352599999,1446072.47427,3379,502158.2,658894.01457,0
1775352600000,1.3116,1.3116,1.3107,1.3113,968126.4,1775353499999,1269396.74849,2970,459468.1,602431.22814,0
1775353500000,1.3113,1.3126,1.3112,1.3121,842849.8,1775354399999,1105792.64275,2660,514409.3,674883.07972,0
1775354400000,1.3121,1.3129,1.3092,1.3128,2505173.1,1775355299999,3284612.12089,6662,1243728.0,1630986.82936,0
1775355300000,1.3128,1.3167,1.3127,1.3164,3389073.0,1775356199999,4455703.88228,6829,2172917.2,2856514.84120,0
1775356200000,1.3164,1.3190,1.3148,1.3152,4696698.2,1775357099999,6182878.84544,7927,1986483.5,2614650.97902,0
1775357100000,1.3152,1.3161,1.3144,1.3161,901162.5,1775357999999,1185341.88585,2809,508222.6,668443.13989,0
1775358000000,1.3160,1.3165,1.3152,1.3165,1049986.1,1775358899999,1381600.35305,4143,585378.9,770246.65294,0
1775358900000,1.3165,1.3165,1.3143,1.3144,720926.9,1775359799999,948081.92722,3217,258417.9,339815.66238,0
1775359800000,1.3143,1.3143,1.3132,1.3137,1039973.2,1775360699999,1366198.84627,3269,580382.1,762453.13603,0
1775360700000,1.3137,1.3137,1.3124,1.3125,759074.2,1775361599999,996827.20161,2377,191155.5,251025.66094,0
1775361600000,1.3124,1.3133,1.3100,1.3102,3292023.0,1775362499999,4316523.30378,6891,1702854.5,2232832.88908,0
1775362500000,1.3102,1.3151,1.3097,1.3138,5628694.9,1775363399999,7385317.23710,7895,3305446.9,4336581.83208,0
1775363400000,1.3139,1.3144,1.3114,1.3114,1396144.5,1775364299999,1833366.58344,3781,421356.5,553374.45678,0
1775364300000,1.3115,1.3120,1.3083,1.3100,6698396.1,1775365199999,8774759.85756,10292,3025273.1,3963321.06736,0
1775365200000,1.3101,1.3115,1.3060,1.3074,6164486.9,1775366099999,8066410.69209,8450,2247136.4,2941315.16859,0
1775366100000,1.3075,1.3078,1.3051,1.3057,4601602.8,1775366999999,6010963.95748,8153,2287886.2,2988818.55217,0
1775367000000,1.3057,1.3061,1.3038,1.3039,4790334.3,1775367899999,6250550.32437,9254,1795399.3,2342765.04728,0
1775367900000,1.3040,1.3046,1.2989,1.2998,10492756.8,1775368799999,13656107.13480,16016,3992756.9,5196593.33856,0
1775368800000,1.2998,1.3022,1.2954,1.2967,16203916.5,1775369699999,21050811.56656,22910,7021156.4,9124272.10640,0
1775369700000,1.2968,1.2989,1.2945,1.2987,6238079.7,1775370599999,8087030.47167,13254,3518887.9,4562024.92924,0
1775370600000,1.2986,1.3012,1.2984,1.3003,4275852.3,1775371499999,5558643.54793,9136,2540897.6,3303047.03594,0
1775371500000,1.3004,1.3024,1.3002,1.3006,3970201.8,1775372399999,5165471.01589,7960,2291123.9,2980667.69901,0
1775372400000,1.3005,1.3027,1.2978,1.2992,8275143.9,1775373299999,10756978.94210,12279,3668931.9,4768631.16962,0
1775373300000,1.2992,1.3002,1.2954,1.2996,8411467.3,1775374199999,10914628.39049,10400,5008634.4,6498149.59455,0
1775374200000,1.2997,1.2998,1.2963,1.2969,2406750.6,1775375099999,3122764.22230,6449,952670.4,1235978.59203,0
1775375100000,1.2970,1.2981,1.2956,1.2969,2316462.6,1775375999999,3004252.29462,6197,1094344.9,1419244.23291,0
1775376000000,1.2969,1.2981,1.2960,1.2967,2753909.4,1775376899999,3571695.53245,6225,1293297.1,1677360.92530,0
1775376900000,1.2967,1.2984,1.2960,1.2964,3229558.8,1775377799999,4188837.44655,5986,1841955.7,2389240.02022,0
1775377800000,1.2964,1.2979,1.2964,1.2966,1060738.9,1775378699999,1376109.88036,4154,542350.4,703575.74175,0
1775378700000,1.2966,1.2991,1.2964,1.2983,3133460.7,1775379599999,4066375.02863,5416,2038195.8,2645241.59376,0
1775379600000,1.2983,1.2999,1.2978,1.2986,2411064.7,1775380499999,3131166.96016,5368,1109754.9,1441220.08148,0
1775380500000,1.2987,1.3010,1.2984,1.3007,2094568.6,1775381399999,2722629.52075,4514,1282157.6,1666633.00993,0
1775381400000,1.3008,1.3010,1.2990,1.3002,2234608.0,1775382299999,2904839.87181,6235,922389.3,1199058.09386,0
1775382300000,1.3001,1.3009,1.2994,1.2999,1506073.0,1775383199999,1957944.20202,4911,572295.0,744007.81082,0
1775383200000,1.2999,1.3000,1.2987,1.2987,1051077.8,1775384099999,1365725.53215,4236,496737.3,645471.08320,0
1775384100000,1.2987,1.2997,1.2984,1.2996,1236353.1,1775384999999,1605788.17677,3597,506048.8,657324.77443,0
1775385000000,1.2997,1.3033,1.2990,1.3005,2764484.4,1775385899999,3597894.11892,7961,1253862.3,1631715.48731,0
1775385900000,1.3005,1.3006,1.2972,1.2979,2531582.3,1775386799999,3287371.95779,6883,936422.0,1216082.12803,0
1775386800000,1.2979,1.2985,1.2966,1.2974,2591189.8,1775387699999,3362012.80678,6514,1529219.0,1984124.74024,0
1775387700000,1.2974,1.2993,1.2974,1.2986,2006812.2,1775388599999,2605910.17189,5634,1205517.9,1565445.51673,0
1775388600000,1.2986,1.2999,1.2986,1.2991,1368815.6,1775389499999,1778338.48984,4588,892878.1,1160081.18274,0
1775389500000,1.2991,1.2993,1.2978,1.2979,1421400.0,1775390399999,1845900.21772,4079,391975.1,509036.56610,0
1775390400000,1.2979,1.2979,1.2937,1.2942,4908616.0,1775391299999,6358935.61419,9584,1716341.8,2223874.49683,0
1775391300000,1.2943,1.2949,1.2902,1.2904,7556469.0,1775392199999,9765712.00759,11964,2723506.4,3520103.39463,0
1775392200000,1.2903,1.2917,1.2808,1.2829,26592547.0,1775393099999,34184318.84928,38174,9677832.3,12441331.81929,0
1775393100000,1.2829,1.2829,1.2770,1.2815,19764682.1,1775393999999,25295589.38901,28928,8699994.9,11135991.77519,0
1775394000000,1.2815,1.2857,1.2810,1.2817,8577030.9,1775394899999,11006462.50458,15399,4750473.8,6097021.91913,0
1775394900000,1.2817,1.2868,1.2791,1.2829,10099967.9,1775395799999,12959780.45345,14944,4768554.6,6116427.13166,0
1775395800000,1.2830,1.2872,1.2826,1.2871,4536591.6,1775396699999,5831393.93974,10521,2413817.6,3102880.12335,0
1775396700000,1.2871,1.2917,1.2864,1.2881,8734782.6,1775397599999,11257349.98524,14760,4079827.8,5257038.91397,0
1775397600000,1.2882,1.2900,1.2853,1.2856,2899678.1,1775398499999,3734208.60449,9538,1270213.2,1635942.32378,0
1775398500000,1.2856,1.2882,1.2844,1.2867,4143524.9,1775399399999,5329805.63721,8046,2168561.1,2789533.62058,0
1775399400000,1.2868,1.2885,1.2860,1.2869,2349922.0,1775400299999,3024398.14213,7279,1204580.4,1550275.92563,0
1775400300000,1.2869,1.2870,1.2853,1.2854,1608283.1,1775401199999,2068300.05099,5484,725791.0,933301.55918,0
1775401200000,1.2855,1.2870,1.2826,1.2861,3477234.2,1775402099999,4467620.99072,9908,1572372.3,2020500.37226,0
1775402100000,1.2862,1.2990,1.2856,1.2968,11570392.7,1775402999999,14969359.55435,21633,6772451.8,8763945.98205,0
1775403000000,1.2968,1.3057,1.2955,1.2988,21201745.3,1775403899999,27566038.63559,31780,12421310.7,16154338.05507,0
1775403900000,1.2988,1.2999,1.2951,1.2957,6062187.7,1775404799999,7866880.70780,12500,2424608.2,3147094.44126,0
1775404800000,1.2957,1.3002,1.2957,1.2987,4886707.2,1775405699999,6343540.09537,11102,2729005.5,3542439.21209,0
1775405700000,1.2988,1.2995,1.2980,1.2984,1913193.5,1775406599999,2484795.16013,6976,954576.2,1239784.48465,0
1775406600000,1.2985,1.3014,1.2970,1.2984,3031202.3,1775407499999,3938454.45437,9970,1517407.6,1971955.07441,0
1775407500000,1.2984,1.2984,1.2961,1.2969,2909793.3,1775408399999,3774299.22493,9373,1612532.4,2091568.00720,0
1775408400000,1.2970,1.3004,1.2959,1.2998,3128809.1,1775409299999,4063124.09608,8526,1532478.4,1990384.46525,0
1775409300000,1.2997,1.3000,1.2960,1.2993,1918744.8,1775410199999,2490187.84235,7193,946738.8,1228625.79274,0
1775410200000,1.2992,1.3008,1.2974,1.3007,2492267.8,1775411099999,3236727.77730,8521,1101001.3,1430148.43428,0
1775411100000,1.3007,1.3023,1.3000,1.3015,4117729.9,1775411999999,5357888.69629,9299,1866668.0,2428856.87197,0
1775412000000,1.3015,1.3015,1.2992,1.3001,2122545.7,1775412899999,2760071.75342,7560,1076329.5,1399592.03724,0
1775412900000,1.3000,1.3004,1.2980,1.2985,1403644.2,1775413799999,1823083.47846,5519,680088.3,883238.53734,0
1775413800000,1.2985,1.3039,1.2985,1.3025,3838651.6,1775414699999,4997728.44649,10881,2217971.4,2887573.15760,0
1775414700000,1.3025,1.3030,1.3014,1.3021,1628358.2,1775415599999,2120456.62054,6281,877726.5,1142995.97179,0
1775415600000,1.3021,1.3022,1.3001,1.3005,1731167.9,1775416499999,2252652.58749,7360,661327.9,860529.33206,0
1775416500000,1.3005,1.3069,1.3004,1.3040,4772790.4,1775417399999,6227930.70063,11004,3117544.7,4068041.57141,0
1775417400000,1.3040,1.3042,1.2989,1.2991,2833175.7,1775418299999,3686038.42397,7680,1181159.8,1536755.66410,0
1775418300000,1.2992,1.2999,1.2984,1.2997,2160434.1,1775419199999,2807034.14279,5373,1191586.6,1548243.44918,0
1775419200000,1.2997,1.3010,1.2989,1.2997,1837754.3,1775420099999,2388584.64115,5344,1061115.9,1379106.84501,0
1775420100000,1.2997,1.3018,1.2994,1.3008,1363205.3,1775420999999,1773233.72794,3695,712982.8,927347.91167,0
1775421000000,1.3009,1.3046,1.2999,1.3013,3510270.7,1775421899999,4574345.43427,8738,2051238.2,2672899.94088,0
1775421900000,1.3012,1.3044,1.3009,1.3036,3103518.3,1775422799999,4044177.23579,6993,1667044.0,2172268.34334,0
1775422800000,1.3036,1.3038,1.2987,1.3003,3194882.8,1775423699999,4159566.27963,8813,1710474.6,2227269.87598,0
1775423700000,1.3002,1.3004,1.2982,1.2991,1726104.4,1775424599999,2242844.66222,4950,1050407.5,1364917.34488,0
1775424600000,1.2992,1.3008,1.2976,1.2994,1619426.3,1775425499999,2103963.64772,4783,807830.5,1049678.06269,0
1775425500000,1.2995,1.3028,1.2990,1.3001,2150500.1,1775426399999,2797856.19996,7164,1154732.1,1502457.16781,0
1775426400000,1.3001,1.3048,1.2986,1.3006,6183197.4,1775427299999,8050564.59423,16766,3562824.4,4638845.46128,0
1775427300000,1.3007,1.3013,1.2963,1.2985,3581908.1,1775428199999,4649261.55570,8769,1498011.1,1943973.09495,0
1775428200000,1.2984,1.3063,1.2979,1.3045,5734213.5,1775429099999,7465557.59996,14032,2633255.9,3429265.52577,0
1775429100000,1.3044,1.3126,1.3044,1.3117,13454676.0,1775429999999,17596994.94156,24482,7457452.0,9753096.17372,0
1775430000000,1.3117,1.3195,1.3107,1.3195,10531276.6,1775430899999,13844396.49279,24939,5478621.7,7202221.85978,0
1775430900000,1.3195,1.3318,1.3194,1.3244,29169176.6,1775431799999,38695190.31206,42935,17672449.5,23447556.08995,0
1775431800000,1.3243,1.3290,1.3225,1.3231,10612123.7,1775432699999,14068342.22300,19972,5945266.5,7882759.98404,0
1775432700000,1.3232,1.3263,1.3229,1.3259,5068608.7,1775433599999,6714818.25414,13001,2442870.7,3236149.36702,0
1775433600000,1.3259,1.3383,1.3259,1.3330,21467171.0,1775434499999,28619322.43803,39923,11833996.1,15777144.62222,0
1775434500000,1.3330,1.3368,1.3302,1.3348,8611334.1,1775435399999,11491197.99517,19387,3950482.3,5271577.89574,0
1775435400000,1.3348,1.3394,1.3333,1.3370,10012273.7,1775436299999,13379339.18869,24222,4974314.6,6647447.64238,0
1775436300000,1.3370,1.3374,1.3304,1.3310,5350277.5,1775437199999,7131420.64241,12218,1902008.0,2535255.19013,0
1775437200000,1.3310,1.3331,1.3273,1.3275,8128019.9,1775438099999,10806333.20885,16424,3616936.8,4809863.75647,0
1775438100000,1.3275,1.3297,1.3253,1.3290,8070646.9,1775438999999,10716150.17104,16192,4916814.9,6528753.63613,0
1775439000000,1.3290,1.3315,1.3269,1.3294,3295173.2,1775439899999,4379942.40358,10970,1671343.5,2221490.44844,0
1775439900000,1.3294,1.3316,1.3284,1.3291,3333181.9,1775440799999,4433864.81510,9166,1635761.9,2176060.74391,0
1775440800000,1.3290,1.3486,1.3286,1.3434,16813282.9,1775441699999,22538106.24023,34358,9832095.3,13176891.77380,0
1775441700000,1.3435,1.3459,1.3399,1.3429,8238886.7,1775442599999,11061525.38035,22778,4132650.9,5549106.21278,0
1775442600000,1.3428,1.3457,1.3385,1.3401,4960264.8,1775443499999,6659775.00554,15855,2320546.5,3115946.50030,0
1775443500000,1.3401,1.3417,1.3396,1.3398,3608144.0,1775444399999,4836852.12028,10393,1737601.2,2329367.80466,0
1775444400000,1.3398,1.3417,1.3381,1.3386,3111346.0,1775445299999,4169334.15047,11994,1475767.1,1977816.43809,0
1775445300000,1.3386,1.3402,1.3369,1.3399,6204242.3,1775446199999,8306636.12770,14858,3296302.1,4413298.53964,0
1775446200000,1.3399,1.3408,1.3356,1.3381,4207709.2,1775447099999,5632005.69085,10534,2141429.1,2866501.48384,0
1775447100000,1.3382,1.3403,1.3366,1.3378,5670439.7,1775447999999,7587968.64134,11716,2843994.8,3805603.60009,0
1775448000000,1.3379,1.3407,1.3356,1.3368,4297505.5,1775448899999,5752514.57653,11654,2174977.1,2911467.13675,0
1775448900000,1.3368,1.3379,1.3357,1.3373,3874733.2,1775449799999,5180439.25415,9371,2106964.0,2817020.06972,0
1775449800000,1.3374,1.3419,1.3370,1.3404,4896580.7,1775450699999,6559655.49831,9848,2837446.6,3801053.22632,0
1775450700000,1.3404,1.3412,1.3389,1.3393,2080574.3,1775451599999,2788463.39341,5673,954724.4,1279666.86919,0
1775451600000,1.3392,1.3396,1.3371,1.3389,2943107.9,1775452499999,3938873.07203,8206,1541329.8,2062782.17193,0
1775452500000,1.3389,1.3403,1.3359,1.3373,3712622.1,1775453399999,4968635.49771,9602,1615869.5,2162179.73380,0
1775453400000,1.3374,1.3381,1.3364,1.3375,2397701.2,1775454299999,3206820.66370,6363,1129387.5,1510437.92855,0
1775454300000,1.3375,1.3397,1.3375,1.3396,1844408.7,1775455199999,2469317.64959,5433,1126140.4,1507679.61108,0
1775455200000,1.3396,1.3463,1.3384,1.3454,5010783.5,1775456099999,6727275.85148,12928,2908363.8,3905090.13555,0
1775456100000,1.3454,1.3454,1.3384,1.3392,5221303.2,1775456999999,7003546.55727,14320,2067527.3,2773452.50736,0
1775457000000,1.3392,1.3439,1.3378,1.3399,8329565.9,1775457899999,11170562.02980,12382,3451360.9,4627409.72281,0
1775457900000,1.3399,1.3428,1.3390,1.3408,4107175.6,1775458799999,5507865.30360,9798,2314206.6,3103295.27924,0
1775458800000,1.3408,1.3410,1.3368,1.3373,4288659.8,1775459699999,5740685.78081,10157,1692615.2,2265636.51242,0
1775459700000,1.3372,1.3448,1.3369,1.3431,7483341.5,1775460599999,10042053.16904,12190,3901577.9,5233225.81833,0
1775460600000,1.3432,1.3432,1.3378,1.3387,8901314.5,1775461499999,11930600.38801,12763,4168103.5,5586000.00239,0
1775461500000,1.3388,1.3455,1.3383,1.3437,5433605.7,1775462399999,7293954.94656,10671,2988175.6,4010327.52950,0
1775462400000,1.3437,1.3457,1.3429,1.3451,3511466.0,1775463299999,4721043.93212,11574,2132991.5,2867737.47568,0
1775463300000,1.3452,1.3460,1.3413,1.3433,5896242.6,1775464199999,7923618.65644,11681,2703879.7,3633429.52865,0
1775464200000,1.3432,1.3458,1.3414,1.3417,3700392.2,1775465099999,4969551.65774,10268,2080516.8,2794444.74020,0
1775465100000,1.3417,1.3417,1.3381,1.3384,5299690.0,1775465999999,7098093.51460,9173,2346299.4,3142430.26924,0
1775466000000,1.3383,1.3481,1.3372,1.3451,9504080.0,1775466899999,12755288.15488,16501,5452722.7,7317545.87311,0
1775466900000,1.3452,1.3570,1.3451,1.3521,14409141.2,1775467799999,19481504.57048,29021,8675787.0,11728810.46183,0
1775467800000,1.3521,1.3549,1.3512,1.3541,5820346.7,1775468699999,7877338.17283,13762,2905320.8,3932121.09513,0
1775468700000,1.3540,1.3547,1.3507,1.3520,3042758.3,1775469599999,4116305.92856,10005,1257232.6,1700801.26619,0
1775469600000,1.3521,1.3558,1.3520,1.3548,3054384.5,1775470499999,4137328.12267,10323,1810079.1,2451716.91033,0
1775470500000,1.3548,1.3562,1.3525,1.3533,4082478.3,1775471399999,5529878.13317,10438,2207060.6,2989493.12001,0
1775471400000,1.3533,1.3558,1.3529,1.3554,4415358.8,1775472299999,5980144.98248,9440,2065576.0,2797594.82849,0
1775472300000,1.3555,1.3557,1.3510,1.3524,5880686.6,1775473199999,7956604.18797,12912,2553733.8,3455477.94232,0
1775473200000,1.3523,1.3527,1.3474,1.3497,8896465.3,1775474099999,12008783.20570,15520,4817326.5,6501951.27838,0
1775474100000,1.3497,1.3508,1.3486,1.3489,2120017.1,1775474999999,2861734.29214,6297,897287.7,1211276.54573,0
1775475000000,1.3489,1.3508,1.3487,1.3499,2216047.3,1775475899999,2991635.65435,5367,987313.6,1332955.43850,0
1775475900000,1.3498,1.3507,1.3484,1.3492,2344066.6,1775476799999,3163553.28403,5871,1179567.8,1592158.38427,0
1775476800000,1.3492,1.3502,1.3478,1.3481,5607023.0,1775477699999,7563377.27688,10830,3016310.9,4068385.81419,0
1775477700000,1.3481,1.3481,1.3457,1.3459,4637598.7,1775478599999,6245776.59816,9119,2034363.3,2739869.80034,0
1775478600000,1.3459,1.3460,1.3433,1.3436,3760011.7,1775479499999,5056502.74278,8409,1481817.7,1992699.68833,0
1775479500000,1.3435,1.3443,1.3417,1.3428,5725333.3,1775480399999,7688642.77068,10329,2556786.9,3433847.79454,0
1775480400000,1.3428,1.3446,1.3419,1.3442,2830198.0,1775481299999,3802511.77567,7893,1677885.8,2254330.00717,0
1775481300000,1.3442,1.3454,1.3430,1.3448,2716723.9,1775482199999,3652087.91661,5959,1493982.3,2008392.54854,0
1775482200000,1.3448,1.3475,1.3413,1.3439,6246740.7,1775483099999,8397528.69747,16264,3425315.5,4604765.68356,0
1775483100000,1.3439,1.3471,1.3432,1.3465,2914315.7,1775483999999,3921104.63605,11130,1685550.3,2267859.90895,0
1775484000000,1.3465,1.3514,1.3435,1.3477,7193838.6,1775484899999,9688841.43555,19092,3198871.7,4309461.20270,0
1775484900000,1.3477,1.3527,1.3474,1.3489,5865266.2,1775485799999,7919693.51851,14123,3417007.1,4614233.53684,0
1775485800000,1.3488,1.3507,1.3398,1.3440,9437331.1,1775486699999,12690171.31272,19519,4692269.3,6309814.84830,0
1775486700000,1.3439,1.3479,1.3406,1.3470,3608758.8,1775487599999,4850139.13412,11277,1884107.6,2532552.83612,0
1775487600000,1.3471,1.3487,1.3442,1.3456,5028572.7,1775488499999,6768406.25702,13909,2461902.4,3313674.01839,0
1775488500000,1.3456,1.3467,1.3438,1.3458,2834588.7,1775489399999,3812497.71851,9075,1142036.2,1536056.53348,0
1775489400000,1.3458,1.3479,1.3440,1.3474,4557494.8,1775490299999,6133028.36273,10227,2402010.3,3232842.07909,0
1775490300000,1.3474,1.3503,1.3474,1.3498,3674602.2,1775491199999,4957761.72558,8852,1784539.2,2407635.61459,0
1775491200000,1.3498,1.3530,1.3489,1.3519,4979441.3,1775492099999,6724351.82999,13141,2282934.7,3082940.68462,0
1775492100000,1.3519,1.3520,1.3478,1.3478,3069494.9,1775492999999,4142276.30052,8515,1083332.0,1462001.27097,0
1775493000000,1.3478,1.3500,1.3474,1.3480,2054483.9,1775493899999,2770249.84150,6658,881659.0,1188906.03031,0
1775493900000,1.3481,1.3517,1.3416,1.3428,7769192.1,1775494799999,10453880.63552,13384,3304492.5,4446915.69048,0
1775494800000,1.3427,1.3433,1.3343,1.3352,11003265.9,1775495699999,14729108.82505,19769,5022937.0,6723428.99995,0
1775495700000,1.3352,1.3419,1.3342,1.3411,7996173.0,1775496599999,10695324.51561,14367,4211497.0,5633209.34094,0
1775496600000,1.3410,1.3420,1.3377,1.3381,3358753.9,1775497499999,4499838.57083,8444,1500264.4,2010064.39925,0
1775497500000,1.3382,1.3393,1.3371,1.3387,1662149.4,1775498399999,2224111.78575,5060,861161.6,1152331.13384,0
1775498400000,1.3387,1.3420,1.3363,1.3404,3895688.7,1775499299999,5216840.85917,10321,2050865.8,2746799.12653,0
1775499300000,1.3404,1.3414,1.3383,1.3410,2457946.6,1775500199999,3293114.39686,8042,1380959.1,1850100.98941,0
1775500200000,1.3410,1.3420,1.3396,1.3411,1584793.6,1775501099999,2125307.28167,5464,731773.6,981270.13223,0
1775501100000,1.3411,1.3420,1.3401,1.3405,1542710.5,1775501999999,2068496.50612,4855,708468.0,949930.97475,0
1775502000000,1.3405,1.3405,1.3369,1.3379,2559238.4,1775502899999,3424805.91075,7608,1342798.9,1796939.31101,0
1775502900000,1.3379,1.3402,1.3378,1.3388,1594299.3,1775503799999,2134831.83962,4628,947664.2,1268962.15001,0
1775503800000,1.3388,1.3396,1.3373,1.3386,1262595.9,1775504699999,1689803.09589,4531,647101.4,866038.43037,0
1775504700000,1.3386,1.3430,1.3378,1.3409,3295232.5,1775505599999,4414938.67627,7315,2141995.5,2869974.15313,0
1775505600000,1.3410,1.3432,1.3394,1.3401,2273706.6,1775506499999,3049660.05698,7622,880172.2,1180593.77053,0
1775506500000,1.3400,1.3427,1.3398,1.3419,2095344.3,1775507399999,2809965.50570,6205,1152319.0,1545422.88230,0
1775507400000,1.3420,1.3429,1.3418,1.3423,1056184.4,1775508299999,1417653.25206,3884,568125.1,762580.76201,0
1775508300000,1.3423,1.3427,1.3403,1.3406,1254294.6,1775509199999,1682477.59053,3844,532269.9,713956.91270,0
1775509200000,1.3406,1.3406,1.3381,1.3386,2474563.4,1775510099999,3313430.74053,5629,1296316.9,1735765.11450,0
1775510100000,1.3386,1.3390,1.3369,1.3381,1987625.0,1775510999999,2659282.87298,4625,1223365.3,1636730.09613,0
1775511000000,1.3381,1.3382,1.3351,1.3356,2668289.1,1775511899999,3566315.33994,6762,1420059.1,1898051.09679,0
1775511900000,1.3356,1.3364,1.3343,1.3350,1428417.7,1775512799999,1907259.14305,5328,602623.9,804720.78195,0
1775512800000,1.3350,1.3350,1.3323,1.3345,3674300.2,1775513699999,4899850.18808,10757,2004527.2,2673293.62517,0
1775513700000,1.3344,1.3346,1.3307,1.3311,2847362.1,1775514599999,3793106.13965,10095,1329363.5,1771046.16532,0
1775514600000,1.3311,1.3311,1.3270,1.3271,4719531.5,1775515499999,6271856.41962,10502,1891743.7,2513809.26756,0
1775515500000,1.3270,1.3271,1.3177,1.3178,11534585.3,1775516399999,15257575.84913,18007,4417207.9,5843785.67481,0
1775516400000,1.3178,1.3189,1.3111,1.3164,18670684.9,1775517299999,24560640.20884,29850,9910099.6,13037505.41334,0
1775517300000,1.3165,1.3178,1.3138,1.3158,4470214.4,1775518199999,5881198.41029,12712,2782026.2,3660399.90306,0
1775518200000,1.3157,1.3221,1.3147,1.3212,5143610.4,1775519099999,6782519.95019,12880,3449378.2,4548409.71515,0
1775519100000,1.3212,1.3219,1.3191,1.3202,2851715.5,1775519999999,3765461.91727,7969,1715737.9,2265439.15475,0
1775520000000,1.3203,1.3240,1.3189,1.3232,6340776.4,1775520899999,8375843.03396,13010,3627387.1,4791556.35822,0
1775520900000,1.3232,1.3251,1.3210,1.3231,2516905.3,1775521799999,3330338.78485,8077,1149611.0,1521458.03019,0
1775521800000,1.3230,1.3250,1.3201,1.3220,1758870.6,1775522699999,2325161.16393,7252,925252.4,1223203.42162,0
1775522700000,1.3220,1.3229,1.3203,1.3207,1861281.5,1775523599999,2459995.60214,5357,739730.1,977711.10896,0
1775523600000,1.3207,1.3211,1.3176,1.3195,3121892.9,1775524499999,4118787.41457,9973,1363554.5,1798991.05294,0
1775524500000,1.3194,1.3239,1.3194,1.3200,1920788.8,1775525399999,2538068.33350,7564,860071.6,1136601.02233,0
1775525400000,1.3199,1.3202,1.3167,1.3183,2752590.0,1775526299999,3628492.30728,7721,1424952.4,1878688.35598,0
1775526300000,1.3182,1.3186,1.3135,1.3139,4225004.6,1775527199999,5557039.47347,10741,1900645.0,2499722.98763,0
1775527200000,1.3138,1.3159,1.3117,1.3152,5199673.0,1775528099999,6831108.99496,12221,2351411.9,3089831.28083,0
1775528100000,1.3151,1.3183,1.3146,1.3179,2510760.3,1775528999999,3306773.54071,7091,1499876.2,1975050.47212,0
1775529000000,1.3178,1.3188,1.3145,1.3154,2103809.5,1775529899999,2769954.32755,5458,784749.5,1033474.25144,0
1775529900000,1.3153,1.3165,1.3137,1.3164,1890597.9,1775530799999,2486459.40225,6150,1120893.3,1474294.36326,0
1775530800000,1.3164,1.3176,1.3150,1.3151,1317295.9,1775531699999,1733609.80329,5739,664978.4,875233.78504,0
1775531700000,1.3151,1.3179,1.3140,1.3163,2909639.8,1775532599999,3828585.74689,6940,1613141.1,2122739.09605,0
1775532600000,1.3162,1.3168,1.3151,1.3156,1440303.8,1775533499999,1895200.69942,4709,603697.7,794354.83641,0
1775533500000,1.3156,1.3167,1.3151,1.3162,1046373.1,1775534399999,1376790.84763,4173,531742.1,699660.58750,0
1775534400000,1.3163,1.3164,1.3143,1.3149,2795434.2,1775535299999,3677729.46221,6111,935064.7,1230071.86730,0
1775535300000,1.3148,1.3157,1.3123,1.3141,3096435.9,1775536199999,4068489.64954,6755,1746628.9,2294994.69239,0
1775536200000,1.3141,1.3183,1.3140,1.3180,3084951.5,1775537099999,4062320.34322,6481,2092784.2,2755706.64936,0
1775537100000,1.3181,1.3198,1.3174,1.3175,2794788.5,1775537999999,3684708.58261,5525,1252445.8,1651274.86329,0
1775538000000,1.3175,1.3183,1.3161,1.3167,3451093.1,1775538899999,4545280.57774,7319,1697838.0,2236172.56576,0
1775538900000,1.3168,1.3172,1.3122,1.3128,6086615.6,1775539799999,8002764.89132,9619,2832392.7,3724081.19831,0
1775539800000,1.3128,1.3130,1.3096,1.3102,5334717.3,1775540699999,6994878.04588,10701,2460765.4,3226968.53900,0
1775540700000,1.3102,1.3109,1.3085,1.3106,4969140.2,1775541599999,6508001.32807,8972,2534773.9,3320159.74000,0
1775541600000,1.3106,1.3115,1.3078,1.3083,4009573.0,1775542499999,5250749.60689,9035,1915669.6,2508989.96327,0
1775542500000,1.3083,1.3096,1.3066,1.3082,3945874.0,1775543399999,5161508.19652,8975,2093498.0,2738696.65000,0
1775543400000,1.3082,1.3091,1.3047,1.3090,8565949.9,1775544299999,11191734.66926,12652,5046238.5,6592965.59996,0
1775544300000,1.3090,1.3111,1.3080,1.3107,3226854.2,1775545199999,4226725.33807,6813,1723742.6,2257617.24761,0
1775545200000,1.3108,1.3134,1.3100,1.3132,3181180.5,1775546099999,4173264.21107,7223,1505162.2,1974548.15124,0
1775546100000,1.3131,1.3156,1.3108,1.3110,7456305.7,1775546999999,9794676.23130,11022,3325702.3,4369004.24280,0
1775547000000,1.3109,1.3137,1.3106,1.3119,2453322.5,1775547899999,3219048.77216,5645,1372301.4,1800646.78215,0
1775547900000,1.3120,1.3129,1.3108,1.3119,1404941.1,1775548799999,1843216.15352,4151,779727.1,1023031.52152,0
1775548800000,1.3120,1.3162,1.3110,1.3123,4554066.6,1775549699999,5980068.89982,11410,2372032.3,3115214.64534,0
1775549700000,1.3123,1.3145,1.3101,1.3136,8877193.8,1775550599999,11647942.47887,13279,4478281.8,5876298.00839,0
1775550600000,1.3137,1.3177,1.3136,1.3175,5339077.7,1775551499999,7027258.20318,9481,3102419.3,4083536.03218,0
1775551500000,1.3176,1.3226,1.3173,1.3190,9903572.5,1775552399999,13067735.05819,12406,4918933.6,6490353.20321,0
1775552400000,1.3190,1.3241,1.3173,1.3206,7750820.1,1775553299999,10232701.46542,12812,4254336.2,5615921.96264,0
1775553300000,1.3205,1.3214,1.3179,1.3187,3840388.2,1775554199999,5068674.62544,8054,1817510.1,2398938.86175,0
1775554200000,1.3186,1.3227,1.3186,1.3214,1980428.7,1775555099999,2616002.15384,5741,1060678.4,1400948.98857,0
1775555100000,1.3214,1.3214,1.3191,1.3194,1939855.9,1775555999999,2560347.73670,4450,790021.8,1042707.46761,0
1775556000000,1.3193,1.3209,1.3129,1.3152,6500675.9,1775556899999,8553262.27174,18668,2705016.6,3558928.80417,0
1775556900000,1.3152,1.3174,1.3108,1.3122,4777348.7,1775557799999,6275198.93220,10691,2307456.2,3031658.55224,0
1775557800000,1.3122,1.3126,1.3081,1.3091,5222581.2,1775558699999,6843446.21585,11457,2350773.3,3080990.85825,0
1775558700000,1.3091,1.3097,1.3051,1.3065,4914277.2,1775559599999,6424772.58529,12859,2283809.9,2985836.62698,0
1775559600000,1.3065,1.3082,1.3045,1.3072,5515844.8,1775560499999,7208348.32353,12494,2706700.5,3537703.45323,0
1775560500000,1.3072,1.3086,1.3035,1.3052,4685945.1,1775561399999,6117063.23731,10867,2216098.3,2893201.25757,0
1775561400000,1.3053,1.3061,1.3021,1.3049,4765907.9,1775562299999,6214375.91818,10527,2169929.9,2829662.05852,0
1775562300000,1.3049,1.3061,1.3034,1.3054,2348916.2,1775563199999,3065430.51015,6977,1294525.6,1689473.49936,0
1775563200000,1.3053,1.3078,1.3002,1.3035,11830844.0,1775564099999,15416108.87416,21436,5599803.6,7295979.59542,0
1775564100000,1.3035,1.3073,1.3019,1.3069,3622158.3,1775564999999,4727503.80251,11331,1989605.7,2596873.83048,0
1775565000000,1.3069,1.3079,1.3032,1.3042,2998087.6,1775565899999,3914777.26918,7843,1312725.7,1714239.41636,0
1775565900000,1.3041,1.3117,1.3032,1.3078,6104411.3,1775566799999,7981623.27272,12931,3495493.5,4570773.90748,0
1775566800000,1.3079,1.3127,1.3071,1.3109,5559263.8,1775567699999,7286475.51041,12152,2913029.9,3818224.95044,0
1775567700000,1.3109,1.3109,1.3055,1.3066,3045792.7,1775568599999,3983271.88025,6854,1548838.0,2025517.05413,0
1775568600000,1.3067,1.3092,1.3047,1.3051,3660546.7,1775569499999,4784085.03957,12626,1663723.8,2174606.58231,0
1775569500000,1.3051,1.3070,1.3039,1.3041,2946206.3,1775570399999,3844858.30707,9956,1580175.3,2062266.59773,0
1775570400000,1.3041,1.3045,1.2968,1.2987,10430510.9,1775571299999,13560475.25448,22721,3781422.6,4915653.49930,0
1775571300000,1.2988,1.3046,1.2976,1.3033,4952337.2,1775572199999,6445232.95372,13956,2607613.7,3394287.18510,0
1775572200000,1.3033,1.3036,1.2981,1.2982,4625923.6,1775573099999,6015540.03422,11647,2495951.2,3245109.01954,0
1775573100000,1.2981,1.3027,1.2957,1.2957,4521789.6,1775573999999,5872490.42703,11066,2088211.0,2712471.18448,0
1775574000000,1.2957,1.2982,1.2940,1.2964,5859060.1,1775574899999,7592543.67488,15603,2862924.5,3710268.61450,0
1775574900000,1.2964,1.3017,1.2963,1.2998,5003784.2,1775575799999,6502615.00523,12725,2872100.2,3732126.01632,0
1775575800000,1.2998,1.3002,1.2972,1.2972,3077015.1,1775576699999,3996993.44560,7821,1378893.9,1791070.95953,0
1775576700000,1.2972,1.2992,1.2953,1.2967,3318002.4,1775577599999,4303264.51979,8370,1525644.9,1978648.05168,0
1775577600000,1.2968,1.3022,1.2963,1.2966,6029826.3,1775578499999,7833254.82164,12560,3145030.7,4085526.62045,0
1775578500000,1.2967,1.3007,1.2946,1.3005,5568977.4,1775579399999,7224636.82575,12221,3076634.4,3991604.68077,0
1775579400000,1.3004,1.3026,1.2995,1.3014,2673268.6,1775580299999,3478233.18711,7260,1381703.9,1797733.00031,0
1775580300000,1.3014,1.3026,1.2994,1.2999,2420312.7,1775581199999,3148577.92351,5853,1222432.1,1590307.75845,0
1775581200000,1.3000,1.3018,1.2988,1.2993,2074026.1,1775582099999,2696985.35631,6960,1070183.1,1391681.30965,0
1775582100000,1.2993,1.3024,1.2985,1.3014,2307347.8,1775582999999,3000827.25663,5973,1426499.2,1855296.73744,0
1775583000000,1.3014,1.3143,1.3014,1.3077,11407970.3,1775583899999,14936680.26523,18117,6912272.1,9049554.50598,0
1775583900000,1.3076,1.3091,1.3071,1.3078,3256953.1,1775584799999,4260696.16675,7610,1635507.9,2139595.33336,0
1775584800000,1.3078,1.3091,1.3061,1.3081,2523883.4,1775585699999,3300234.27130,7490,1327206.4,1735556.96803,0
1775585700000,1.3080,1.3084,1.3063,1.3078,2051520.1,1775586599999,2682327.50433,6082,1131329.2,1479183.26679,0
1775586600000,1.3077,1.3084,1.3021,1.3030,4055853.6,1775587499999,5292509.68654,8020,1607368.5,2097123.37770,0
1775587500000,1.3029,1.3030,1.2992,1.3014,3693934.5,1775588399999,4805966.19548,7850,1617192.5,2103996.19709,0
1775588400000,1.3013,1.3052,1.3007,1.3028,3553726.1,1775589299999,4628549.02055,8560,1838111.6,2394046.57406,0
1775589300000,1.3028,1.3097,1.3028,1.3074,4401292.8,1775590199999,5750879.36122,12461,2381851.9,3112996.47350,0
1775590200000,1.3073,1.3073,1.3035,1.3053,2371924.5,1775591099999,3095856.49897,7777,1069399.3,1395548.08282,0
1775591100000,1.3053,1.3157,1.3049,1.3136,14885318.8,1775591999999,19538194.26470,26092,7901978.2,10371792.98504,0
1775592000000,1.3136,1.3209,1.3131,1.3174,10168210.2,1775592899999,13397026.60791,18707,5605173.8,7384550.29134,0
1775592900000,1.3175,1.3190,1.3149,1.3174,3126021.2,1775593799999,4116598.71434,9136,1553251.8,2045525.16958,0
1775593800000,1.3174,1.3215,1.3169,1.3190,4141530.2,1775594699999,5464234.06340,10440,2299200.4,3033962.03663,0
1775594700000,1.3190,1.3192,1.3146,1.3175,3024982.0,1775595599999,3982746.42691,8190,1396801.8,1839104.56444,0
1775595600000,1.3175,1.3392,1.3173,1.3330,19487712.7,1775596499999,25943224.03793,30765,10304942.9,13717787.29788,0
1775596500000,1.3329,1.3343,1.3265,1.3277,7952251.2,1775597399999,10574166.00204,14949,2230687.6,2966181.72577,0
1775597400000,1.3278,1.3365,1.3277,1.3363,7579149.0,1775598299999,10102952.75349,13506,3436763.8,4580333.09440,0
1775598300000,1.3364,1.3399,1.3341,1.3377,7863628.6,1775599199999,10519141.64875,17639,2977164.9,3983254.79024,0
1775599200000,1.3376,1.3431,1.3357,1.3406,17227892.7,1775600099999,23076905.54492,30587,9162783.9,12276090.96795,0
1775600100000,1.3406,1.3431,1.3370,1.3417,9305677.1,1775600999999,12473276.09095,18576,5673754.3,7603956.37644,0
1775601000000,1.3416,1.3643,1.3408,1.3542,40132016.1,1775601899999,54318262.08256,79584,19147572.7,25905539.44166,0
1775601900000,1.3543,1.3733,1.3527,1.3728,21612232.8,1775602799999,29489410.78501,43560,11740907.3,16019368.02274,0
1775602800000,1.3729,1.3777,1.3682,1.3704,18767976.9,1775603699999,25772966.36877,49080,8783476.9,12062963.13065,0
1775603700000,1.3705,1.3959,1.3664,1.3955,29268873.4,1775604599999,40443798.68822,59396,14466582.7,19995091.30042,0
1775604600000,1.3954,1.3954,1.3815,1.3846,19783504.2,1775605499999,27462234.73934,39962,9248598.7,12835935.52189,0
1775605500000,1.3845,1.3880,1.3780,1.3780,14042428.0,1775606399999,19412923.07386,25429,5358808.7,7408602.67795,0
1775606400000,1.3781,1.3831,1.3721,1.3746,15868123.8,1775607299999,21847846.21395,31049,7223546.5,9948748.95412,0
1775607300000,1.3746,1.3747,1.3686,1.3699,10783713.0,1775608199999,14784748.96986,19112,5553044.7,7612450.46893,0
1775608200000,1.3699,1.3702,1.3626,1.3643,10742367.1,1775609099999,14668975.05028,21527,4628715.2,6321041.94634,0
1775609100000,1.3643,1.3662,1.3593,1.3660,10191259.7,1775609999999,13888395.07520,19421,4992879.3,6804902.24244,0
1775610000000,1.3660,1.3702,1.3629,1.3696,6466403.1,1775610899999,8839621.73460,15505,3783457.7,5172351.06654,0
1775610900000,1.3695,1.3699,1.3644,1.3653,3670579.8,1775611799999,5016735.74239,10637,1388222.8,1897247.73187,0
1775611800000,1.3652,1.3692,1.3646,1.3679,3353016.8,1775612699999,4583538.10768,8992,2210724.6,3021938.72978,0
1775612700000,1.3679,1.3727,1.3675,1.3693,3848231.6,1775613599999,5273193.65968,10073,2367386.3,3244178.77281,0
1775613600000,1.3694,1.3755,1.3675,1.3742,4326005.0,1775614499999,5938582.50353,12105,2273102.2,3120132.51947,0
1775614500000,1.3742,1.3744,1.3689,1.3716,2982531.2,1775615399999,4089981.67082,9058,1120998.8,1536769.61579,0
1775615400000,1.3716,1.3732,1.3696,1.3714,3224895.1,1775616299999,4422256.89281,11227,1304948.9,1789595.61524,0
1775616300000,1.3713,1.3740,1.3697,1.3739,2067302.3,1775617199999,2835914.64584,7843,991756.3,1360507.12732,0
1775617200000,1.3740,1.3769,1.3697,1.3701,8084815.5,1775618099999,11106716.98710,15977,2723769.1,3740921.83312,0
1775618100000,1.3701,1.3710,1.3682,1.3705,4079235.1,1775618999999,5585727.48589,8228,1715748.9,2349471.96322,0
1775619000000,1.3705,1.3724,1.3695,1.3713,3162441.3,1775619899999,4335701.74071,7837,1458983.9,2000229.30387,0
1775619900000,1.3713,1.3713,1.3690,1.3697,3236531.8,1775620799999,4434084.07287,7552,1310585.4,1795630.22837,0
1775620800000,1.3697,1.3758,1.3686,1.3736,10545887.3,1775621699999,14474922.00881,16601,5713989.4,7843337.60630,0
1775621700000,1.3736,1.3762,1.3732,1.3754,3389308.8,1775622599999,4657403.30406,8324,1403919.2,1929279.94046,0
1775622600000,1.3755,1.3775,1.3742,1.3769,3360603.5,1775623499999,4623642.75689,8637,1698166.1,2336552.06994,0
1775623500000,1.3769,1.3774,1.3754,1.3756,2763066.9,1775624399999,3803449.54508,7140,994946.5,1369683.71287,0
1775624400000,1.3755,1.3796,1.3755,1.3793,3838087.8,1775625299999,5288698.54025,10349,2084288.4,2872280.85778,0
1775625300000,1.3794,1.3864,1.3793,1.3850,6478431.9,1775626199999,8961078.98076,11028,3090298.9,4274472.84103,0
1775626200000,1.3850,1.3850,1.3811,1.3819,4293235.8,1775627099999,5938296.52274,8589,2099175.9,2903196.17893,0
1775627100000,1.3818,1.3873,1.3810,1.3842,3461523.4,1775627999999,4793400.99870,9994,2060957.9,2854001.85468,0
1775628000000,1.3842,1.3850,1.3810,1.3845,3753128.5,1775628899999,5190431.72185,13890,1915062.8,2648726.78233,0
1775628900000,1.3844,1.3864,1.3832,1.3846,3695988.1,1775629799999,5118924.73399,10718,2063841.6,2858552.15637,0
1775629800000,1.3845,1.3845,1.3801,1.3805,2544783.2,1775630699999,3517388.64952,8654,930919.7,1286686.19331,0
1775630700000,1.3805,1.3810,1.3791,1.3795,2761528.8,1775631599999,3811066.60526,8917,1142502.7,1576893.44860,0
1775631600000,1.3796,1.3808,1.3779,1.3801,2518008.8,1775632499999,3472851.60089,9071,1198160.2,1652641.25667,0
1775632500000,1.3801,1.3841,1.3797,1.3816,3006678.5,1775633399999,4155525.38763,10257,1725867.7,2385295.17456,0
1775633400000,1.3816,1.3816,1.3771,1.3786,2883307.5,1775634299999,3973905.49347,8536,1318555.1,1817254.40637,0
1775634300000,1.3786,1.3794,1.3776,1.3794,1594384.9,1775635199999,2197696.94672,6010,753500.8,1038667.09518,0
1775635200000,1.3793,1.3824,1.3791,1.3803,3096464.2,1775636099999,4275021.04763,8760,2003352.2,2765568.66171,0
1775636100000,1.3803,1.3824,1.3797,1.3803,1526815.4,1775636999999,2108149.45087,5274,628016.3,867193.77590,0
1775637000000,1.3803,1.3835,1.3774,1.3786,2517172.4,1775637899999,3474436.42503,7194,1058231.8,1461118.66679,0
1775637900000,1.3787,1.3814,1.3782,1.3808,2523092.9,1775638799999,3481259.44190,7166,1364399.8,1882586.46341,0
1775638800000,1.3808,1.3839,1.3807,1.3831,2825048.4,1775639699999,3905955.47501,9667,1471645.1,2034605.42367,0
1775639700000,1.3831,1.3879,1.3799,1.3800,8563712.4,1775640599999,11855507.13676,12181,3743963.9,5180936.76400,0
1775640600000,1.3801,1.3809,1.3766,1.3773,10682812.0,1775641499999,14730432.85511,12694,5112322.4,7050328.30934,0
1775641500000,1.3773,1.3814,1.3771,1.3805,1732450.6,1775642399999,2389914.83533,6258,973395.4,1342778.92391,0
1775642400000,1.3804,1.3833,1.3783,1.3809,3776014.4,1775643299999,5214865.75973,10505,1936546.0,2674149.64037,0
1775643300000,1.3808,1.3832,1.3808,1.3811,2680527.9,1775644199999,3704509.87613,6540,1385083.4,1914240.78296,0
1775644200000,1.3811,1.3815,1.3781,1.3808,2677077.3,1775645099999,3693486.89947,7002,1218638.9,1681303.30378,0
1775645100000,1.3807,1.3844,1.3807,1.3832,5675749.0,1775645999999,7850700.95909,9401,2551269.2,3528539.47585,0
1775646000000,1.3831,1.3848,1.3805,1.3821,7863093.0,1775646899999,10872062.24391,13214,3286314.1,4543176.22275,0
1775646900000,1.3821,1.3828,1.3781,1.3798,2213401.6,1775647799999,3053944.26397,6763,986966.1,1361767.17180,0
1775647800000,1.3798,1.3798,1.3711,1.3725,8127496.2,1775648699999,11169032.32598,14238,3413897.6,4691326.17580,0
1775648700000,1.3725,1.3778,1.3717,1.3776,4953015.1,1775649599999,6810481.84734,12448,2630373.4,3616843.69181,0
1775649600000,1.3776,1.3808,1.3774,1.3799,6735848.3,1775650499999,9290271.82752,12466,2137826.5,2948385.27151,0
1775650500000,1.3799,1.3802,1.3740,1.3783,7536894.8,1775651399999,10378104.77252,14423,2649829.3,3647507.13619,0
1775651400000,1.3783,1.3825,1.3750,1.3812,6915261.6,1775652299999,9537807.68848,11524,2479888.8,3422238.11267,0
1775652300000,1.3811,1.3832,1.3792,1.3794,6901756.8,1775653199999,9534064.34266,12996,2912494.6,4024397.55649,0
1775653200000,1.3794,1.3894,1.3787,1.3851,12219858.6,1775654099999,16909873.07022,23951,7185273.1,9947497.57143,0
1775654100000,1.3850,1.3878,1.3819,1.3840,4436272.3,1775654999999,6141445.37005,12520,2024795.3,2803374.65658,0
1775655000000,1.3840,1.3870,1.3746,1.3751,10292562.3,1775655899999,14202064.29009,26266,4763576.8,6573874.32820,0
1775655900000,1.3751,1.3788,1.3730,1.3736,7418215.0,1775656799999,10205427.06027,18866,3534144.4,4863161.72714,0
1775656800000,1.3735,1.3745,1.3664,1.3706,16930463.2,1775657699999,23204452.34088,30476,7161586.1,9815263.73813,0
1775657700000,1.3706,1.3725,1.3643,1.3656,7587082.9,1775658599999,10377940.41587,17137,2931689.6,4009985.82283,0
1775658600000,1.3656,1.3666,1.3519,1.3536,23488584.5,1775659499999,31888336.11978,42034,10969673.4,14886062.71834,0
1775659500000,1.3535,1.3557,1.3450,1.3496,15570498.2,1775660399999,21009816.49289,30222,7652737.3,10327335.72208,0
1775660400000,1.3495,1.3531,1.3482,1.3519,7722435.1,1775661299999,10428650.42558,20305,4327370.1,5844175.90795,0
1775661300000,1.3519,1.3544,1.3501,1.3535,6610802.2,1775662199999,8942037.66360,13946,4335752.3,5864760.54037,0
1775662200000,1.3535,1.3562,1.3520,1.3550,6087375.2,1775663099999,8244267.51513,15585,3423834.5,4637230.97831,0
1775663100000,1.3549,1.3560,1.3523,1.3543,4937143.7,1775663999999,6684623.55664,10246,2001930.3,2711089.88783,0
1775664000000,1.3543,1.3579,1.3534,1.3554,9629588.9,1775664899999,13049359.73150,15368,5139296.0,6964753.45498,0
1775664900000,1.3555,1.3582,1.3547,1.3550,3216625.2,1775665799999,4363069.16420,9756,1754009.1,2379003.26892,0
1775665800000,1.3550,1.3568,1.3515,1.3558,3319876.0,1775666699999,4494795.19659,9635,1833663.8,2482892.18673,0
1775666700000,1.3558,1.3593,1.3550,1.3564,3500531.6,1775667599999,4751834.84881,8902,1759488.9,2388482.43747,0
1775667600000,1.3565,1.3599,1.3557,1.3590,2632620.7,1775668499999,3575299.81266,9332,1274686.4,1731372.76966,0
1775668500000,1.3590,1.3591,1.3540,1.3557,3379778.0,1775669399999,4585311.28014,8761,1416525.0,1921591.94735,0
1775669400000,1.3557,1.3632,1.3544,1.3608,5358833.4,1775670299999,7287923.21373,12213,2801490.5,3809642.91356,0
1775670300000,1.3607,1.3616,1.3599,1.3615,2683217.7,1775671199999,3651091.04044,5820,1124686.5,1530341.62249,0
1775671200000,1.3616,1.3618,1.3571,1.3586,5384092.5,1775672099999,7320830.24083,11596,1829734.3,2487795.98075,0
1775672100000,1.3586,1.3595,1.3523,1.3535,4757186.7,1775672999999,6443303.64653,13945,2701433.3,3658577.89618,0
1775673000000,1.3536,1.3563,1.3508,1.3510,2876117.3,1775673899999,3893308.01704,8806,1596693.5,2161770.49106,0
1775673900000,1.3510,1.3522,1.3467,1.3477,5222486.7,1775674799999,7048064.39231,10545,3071457.6,4145722.78104,0
1775674800000,1.3476,1.3501,1.3453,1.3479,5293049.0,1775675699999,7132870.99387,12815,2781665.6,3748795.87566,0
1775675700000,1.3479,1.3490,1.3437,1.3444,4840289.7,1775676599999,6512599.19081,10309,2671891.8,3595225.04968,0
1775676600000,1.3443,1.3477,1.3439,1.3468,2444564.0,1775677499999,3289679.13921,8680,1492494.4,2008449.72432,0
1775677500000,1.3468,1.3516,1.3467,1.3512,4908910.2,1775678399999,6623246.91452,8764,3235264.3,4365114.02350,0
1775678400000,1.3512,1.3530,1.3499,1.3515,3257344.1,1775679299999,4401994.14561,9530,1761259.0,2380087.70506,0
1775679300000,1.3514,1.3526,1.3487,1.3495,1442388.3,1775680199999,1947423.01701,5636,621536.4,839277.72871,0
1775680200000,1.3495,1.3507,1.3457,1.3465,2714662.2,1775681099999,3659331.38358,7135,1003928.9,1353380.68283,0
1775681100000,1.3464,1.3480,1.3456,1.3479,1212305.8,1775681999999,1632627.93038,5049,712309.2,959327.34326,0
1775682000000,1.3480,1.3525,1.3471,1.3510,2692984.2,1775682899999,3634755.53083,7090,1477563.7,1994001.13388,0
1775682900000,1.3511,1.3567,1.3509,1.3551,2607110.0,1775683799999,3530724.45851,7169,1564685.0,2118763.17929,0
1775683800000,1.3551,1.3560,1.3512,1.3515,2568591.4,1775684699999,3477279.24419,7933,986827.5,1336089.71242,0
1775684700000,1.3514,1.3535,1.3512,1.3523,1408190.8,1775685599999,1904206.66928,6270,685311.1,926685.72533,0
1775685600000,1.3524,1.3526,1.3481,1.3488,2582393.7,1775686499999,3485903.23467,8339,1072622.1,1447774.69142,0
1775686500000,1.3488,1.3497,1.3453,1.3455,2902880.1,1775687399999,3910483.28867,8306,1241202.3,1671935.57863,0
1775687400000,1.3455,1.3498,1.3439,1.3477,4741867.0,1775688299999,6386281.91237,8967,2481949.5,3344377.74418,0
1775688300000,1.3476,1.3486,1.3438,1.3440,2000703.1,1775689199999,2693997.33876,5439,773654.9,1041854.74741,0
1775689200000,1.3439,1.3440,1.3390,1.3435,8190675.8,1775690099999,10983654.39159,17676,4123995.6,5530517.16521,0
1775690100000,1.3434,1.3454,1.3380,1.3395,8085540.2,1775690999999,10838360.34424,14290,3794724.5,5086726.34186,0
1775691000000,1.3396,1.3420,1.3386,1.3404,3211287.9,1775691899999,4304096.22281,8277,1659497.4,2224383.40208,0
1775691900000,1.3403,1.3430,1.3402,1.3419,1706817.4,1775692799999,2290007.12696,6711,1019252.6,1367449.97055,0
1775692800000,1.3420,1.3424,1.3394,1.3405,3700270.1,1775693699999,4961192.94396,9666,1405263.4,1883927.60791,0
1775693700000,1.3404,1.3411,1.3360,1.3366,4715682.9,1775694599999,6310419.13788,11165,1606313.8,2149982.08655,0
1775694600000,1.3366,1.3385,1.3335,1.3359,6554386.4,1775695499999,8753690.21041,13642,2658247.6,3550673.30392,0
1775695500000,1.3359,1.3401,1.3349,1.3389,5222797.0,1775696399999,6985796.10865,9998,3276731.2,4383072.14726,0
1775696400000,1.3389,1.3398,1.3293,1.3320,12218740.2,1775697299999,16288901.87181,19522,4634806.6,6178793.56920,0
1775697300000,1.3320,1.3329,1.3263,1.3268,10124738.5,1775698199999,13453237.55970,15617,4857659.9,6455599.50874,0
1775698200000,1.3267,1.3310,1.3258,1.3308,13226935.3,1775699099999,17574678.02304,18559,6986460.6,9283046.30259,0
1775699100000,1.3308,1.3353,1.3294,1.3337,4320101.2,1775699999999,5758024.52077,9223,2572198.7,3429108.92630,0
1775700000000,1.3337,1.3357,1.3320,1.3323,3517859.4,1775700899999,4693294.41698,9987,1518257.6,2025746.76081,0
1775700900000,1.3323,1.3359,1.3318,1.3347,1734606.3,1775701799999,2314431.07312,6119,891286.4,1189170.87010,0
1775701800000,1.3347,1.3352,1.3311,1.3337,2935988.5,1775702699999,3914016.86191,6909,1275916.6,1701152.41919,0
1775702700000,1.3336,1.3350,1.3328,1.3334,2742575.3,1775703599999,3658189.10383,6332,1661437.6,2215996.07181,0
1775703600000,1.3335,1.3352,1.3326,1.3333,2235039.4,1775704499999,2980549.55349,6927,977414.2,1303366.58232,0
1775704500000,1.3333,1.3362,1.3295,1.3300,11404500.5,1775705399999,15200722.95057,13681,4379556.5,5837933.79020,0
1775705400000,1.3300,1.3317,1.3293,1.3306,3910348.9,1775706299999,5203147.47275,7449,2327691.5,3097381.18366,0
1775706300000,1.3305,1.3324,1.3289,1.3304,2338425.1,1775707199999,3111729.19572,6601,1035936.0,1378757.25203,0
1775707200000,1.3305,1.3310,1.3267,1.3298,6329399.8,1775708099999,8412301.65886,10972,3377050.5,4487892.10158,0
1775708100000,1.3298,1.3304,1.3280,1.3283,2923889.7,1775708999999,3886642.94988,6583,1076266.3,1430678.40935,0
1775709000000,1.3283,1.3320,1.3283,1.3311,2093348.8,1775709899999,2785074.71658,5362,1419150.5,1887965.24380,0
1775709900000,1.3311,1.3314,1.3293,1.3309,1507279.6,1775710799999,2005437.20665,4504,759412.7,1010392.25365,0
1775710800000,1.3308,1.3332,1.3302,1.3320,3396554.7,1775711699999,4523808.36501,7625,1906671.8,2539431.67351,0
1775711700000,1.3320,1.3345,1.3301,1.3312,6391958.4,1775712599999,8517200.34048,10938,2753215.8,3668853.26900,0
1775712600000,1.3311,1.3350,1.3307,1.3346,2669201.2,1775713499999,3558181.11321,6565,1799303.1,2398376.87425,0
1775713500000,1.3346,1.3347,1.3306,1.3323,3669584.2,1775714399999,4887204.28625,5542,1633674.7,2175353.35865,0
1775714400000,1.3324,1.3348,1.3316,1.3316,2673085.2,1775715299999,3563268.80423,7707,1043463.2,1391030.24490,0
1775715300000,1.3316,1.3316,1.3270,1.3274,4309634.9,1775716199999,5725526.82252,8394,1988418.4,2641164.18021,0
1775716200000,1.3274,1.3316,1.3251,1.3313,7134364.4,1775717099999,9472844.96448,11364,3634505.2,4826670.70387,0
1775717100000,1.3313,1.3323,1.3300,1.3322,1499495.8,1775717999999,1996118.85546,4206,593480.4,790146.10239,0
1775718000000,1.3323,1.3333,1.3312,1.3317,2817381.6,1775718899999,3753182.39082,7198,1265488.1,1685762.17423,0
1775718900000,1.3317,1.3318,1.3295,1.3305,1302797.1,1775719799999,1733475.15777,4338,456881.4,607936.39846,0
1775719800000,1.3305,1.3332,1.3305,1.3318,1785613.9,1775720699999,2378572.60875,5464,834707.8,1111828.97861,0
1775720700000,1.3319,1.3324,1.3308,1.3311,1168892.8,1775721599999,1556244.09547,4427,596651.4,794288.05012,0
1775721600000,1.3312,1.3326,1.3298,1.3305,2209866.6,1775722499999,2941468.29493,7618,992931.0,1321821.97587,0
1775722500000,1.3305,1.3319,1.3297,1.3312,1209221.2,1775723399999,1609075.38989,5038,412943.6,549568.57665,0
1775723400000,1.3313,1.3345,1.3312,1.3342,5219621.6,1775724299999,6959223.71787,8885,3306444.5,4408680.68766,0
1775724300000,1.3343,1.3358,1.3325,1.3342,6018980.7,1775725199999,8032139.72393,8830,3644636.9,4863774.43340,0
1775725200000,1.3343,1.3359,1.3328,1.3357,2909519.9,1775726099999,3881957.13022,6792,1724369.0,2300730.15064,0
1775726100000,1.3356,1.3374,1.3337,1.3344,3582044.9,1775726999999,4783939.53304,8325,1695630.3,2264788.72307,0
1775727000000,1.3344,1.3354,1.3335,1.3341,1641401.3,1775727899999,2190405.10877,4593,791299.4,1055993.45113,0
1775727900000,1.3342,1.3381,1.3337,1.3372,3683710.7,1775728799999,4923096.39093,6409,2281908.0,3049743.88265,0
1775728800000,1.3371,1.3378,1.3343,1.3348,2645682.0,1775729699999,3535148.47523,9609,1042224.4,1392851.60811,0
1775729700000,1.3348,1.3356,1.3343,1.3353,2689198.6,1775730599999,3590269.13238,5426,1473239.2,1966962.77875,0
1775730600000,1.3353,1.3356,1.3335,1.3349,1518182.2,1775731499999,2025941.37155,4598,712653.6,950996.39647,0
1775731500000,1.3350,1.3355,1.3320,1.3321,2764706.4,1775732399999,3686916.09433,5945,992347.9,1323377.75223,0
1775732400000,1.3321,1.3347,1.3309,1.3319,8782037.7,1775733299999,11703962.17904,12089,3793139.1,5055181.14158,0
1775733300000,1.3319,1.3326,1.3278,1.3280,10390675.7,1775734199999,13828285.12481,14953,3081256.4,4100586.75440,0
1775734200000,1.3281,1.3296,1.3273,1.3275,5213834.6,1775735099999,6925960.59109,8765,2347656.0,3118831.32625,0
1775735100000,1.3275,1.3296,1.3244,1.3288,12125319.2,1775735999999,16091306.29937,16029,5991079.5,7950432.22200,0
1775736000000,1.3289,1.3297,1.3273,1.3279,4798675.1,1775736899999,6376115.40237,9823,1370104.0,1820710.57510,0
1775736900000,1.3279,1.3303,1.3254,1.3284,4362670.8,1775737799999,5792047.63664,9144,1835076.6,2436169.53131,0
1775737800000,1.3284,1.3324,1.3270,1.3301,4218114.7,1775738699999,5607964.09266,9335,1959994.8,2606099.02152,0
1775738700000,1.3302,1.3311,1.3279,1.3306,1939221.6,1775739599999,2578940.12030,5251,951231.5,1265123.45534,0
1775739600000,1.3306,1.3322,1.3300,1.3304,1859787.4,1775740499999,2475035.30463,6201,840932.9,1119173.92875,0
1775740500000,1.3303,1.3309,1.3291,1.3305,1739487.2,1775741399999,2313658.95856,4541,736730.7,979975.65469,0
1775741400000,1.3305,1.3321,1.3272,1.3292,5950155.2,1775742299999,7910420.58521,14122,3204336.6,4260194.61562,0
1775742300000,1.3291,1.3305,1.3255,1.3288,4992172.3,1775743199999,6629487.55049,13362,2234704.5,2968074.62491,0
1775743200000,1.3287,1.3295,1.3261,1.3286,3945221.2,1775744099999,5238088.17534,11471,1647558.0,2187950.68975,0
1775744100000,1.3286,1.3303,1.3209,1.3235,8736211.6,1775744999999,11573507.20998,15587,3500977.7,4638665.64925,0
1775745000000,1.3234,1.3264,1.3216,1.3261,4218327.6,1775745899999,5583846.95300,11184,2352545.5,3114234.86990,0
1775745900000,1.3262,1.3333,1.3262,1.3319,8871645.3,1775746799999,11802283.59901,13274,3572986.2,4752852.71957,0
1775746800000,1.3320,1.3377,1.3293,1.3367,5125826.5,1775747699999,6834007.49412,12689,3081311.1,4109805.85368,0
1775747700000,1.3367,1.3405,1.3358,1.3362,6999443.2,1775748599999,9363564.11832,16705,3615140.3,4836407.59636,0
1775748600000,1.3362,1.3526,1.3349,1.3492,19070724.8,1775749499999,25665796.00940,39023,10449855.6,14063347.41731,0
1775749500000,1.3492,1.3547,1.3483,1.3515,9323556.2,1775750399999,12599648.14637,21810,4920604.4,6649589.92100,0
1775750400000,1.3516,1.3589,1.3516,1.3551,9592197.1,1775751299999,13005231.50408,23980,4585033.8,6216453.98226,0
1775751300000,1.3551,1.3585,1.3510,1.3520,6310638.9,1775752199999,8546830.37669,14695,2667940.5,3614323.20313,0
1775752200000,1.3521,1.3525,1.3458,1.3494,6929750.0,1775753099999,9347783.24441,16005,2754835.8,3716326.23610,0
1775753100000,1.3495,1.3516,1.3454,1.3516,5481462.7,1775753999999,7390675.48961,11403,2805451.1,3784021.41345,0
1775754000000,1.3516,1.3579,1.3512,1.3562,6042718.3,1775754899999,8191188.12577,16605,3159513.7,4282345.04865,0
1775754900000,1.3562,1.3575,1.3517,1.3539,3892154.0,1775755799999,5273558.16330,11460,1820445.2,2466153.15892,0
1775755800000,1.3539,1.3595,1.3510,1.3587,4751018.2,1775756699999,6443434.94591,12860,2560802.7,3473692.74155,0
1775756700000,1.3586,1.3596,1.3562,1.3580,3027827.3,1775757599999,4112299.10489,9569,1473739.7,2001624.19030,0
1775757600000,1.3579,1.3588,1.3496,1.3512,6973289.1,1775758499999,9434469.74918,17597,4100211.7,5546999.68044,0
1775758500000,1.3512,1.3563,1.3501,1.3553,5575664.9,1775759399999,7540984.75806,11649,2766986.7,3743634.43963,0
1775759400000,1.3553,1.3558,1.3515,1.3534,3691990.3,1775760299999,4997829.24982,9257,1342402.6,1817571.34948,0
1775760300000,1.3535,1.3558,1.3521,1.3545,3062392.2,1775761199999,4147775.94251,7130,1547106.7,2095644.57386,0
1775761200000,1.3546,1.3601,1.3533,1.3586,8756273.0,1775762099999,11892826.64160,13901,5415012.8,7355666.12489,0
1775762100000,1.3586,1.3592,1.3511,1.3517,4233352.0,1775762999999,5733043.97816,10916,1808915.8,2449331.47310,0
1775763000000,1.3518,1.3553,1.3513,1.3551,2193579.1,1775763899999,2969186.32231,8079,1157843.9,1567192.16288,0
1775763900000,1.3551,1.3586,1.3543,1.3552,3372425.1,1775764799999,4574690.39254,9331,1383401.4,1876783.01136,0
1775764800000,1.3552,1.3573,1.3527,1.3565,5267994.6,1775765699999,7138715.94425,11170,2765131.4,3747839.15504,0
1775765700000,1.3564,1.3585,1.3556,1.3576,2671979.6,1775766599999,3626388.87776,6918,1798024.6,2440256.58542,0
1775766600000,1.3576,1.3587,1.3567,1.3578,3314642.2,1775767499999,4500595.82779,6151,2153095.3,2923579.76342,0
1775767500000,1.3579,1.3581,1.3555,1.3560,1591200.1,1775768399999,2158768.03615,4637,781886.2,1060899.33400,0
1775768400000,1.3561,1.3608,1.3526,1.3548,5125585.8,1775769299999,6950824.64962,11095,2331639.1,3163156.58168,0
1775769300000,1.3548,1.3556,1.3513,1.3513,2081823.5,1775770199999,2816513.71998,5409,879807.6,1190385.28677,0
1775770200000,1.3514,1.3549,1.3504,1.3542,3620988.5,1775771099999,4896322.23523,8778,1865920.3,2523551.64924,0
1775771100000,1.3541,1.3558,1.3518,1.3529,1782777.4,1775771999999,2413157.84039,5605,1025836.6,1388660.84980,0
1775772000000,1.3529,1.3576,1.3520,1.3574,2451315.8,1775772899999,3322702.69824,8258,1508044.5,2044008.36704,0
1775772900000,1.3574,1.3692,1.3574,1.3607,14933268.1,1775773799999,20362079.44044,24765,8630597.1,11765553.06640,0
1775773800000,1.3608,1.3614,1.3566,1.3568,4466224.5,1775774699999,6068666.16209,11974,1849842.2,2513670.35634,0
1775774700000,1.3568,1.3584,1.3508,1.3516,6268512.1,1775775599999,8486352.46891,12499,2651665.0,3589600.14501,0
1775775600000,1.3516,1.3524,1.3426,1.3464,7914823.6,1775776499999,10667406.46525,14961,3501256.8,4719720.03182,0
1775776500000,1.3465,1.3483,1.3435,1.3456,4706348.5,1775777399999,6336548.52378,10104,2302081.3,3100061.59601,0
1775777400000,1.3456,1.3457,1.3410,1.3432,5437108.5,1775778299999,7301803.01089,11749,2439795.0,3276459.90143,0
1775778300000,1.3433,1.3442,1.3415,1.3430,5530473.4,1775779199999,7427073.08720,8440,1784492.3,2396610.48019,0
1775779200000,1.3430,1.3455,1.3419,1.3439,4247039.4,1775780099999,5705296.82934,11293,1984780.1,2666341.40039,0
1775780100000,1.3439,1.3448,1.3400,1.3440,3805520.8,1775780999999,5106025.62465,10481,1798331.7,2413150.98729,0
1775781000000,1.3440,1.3473,1.3424,1.3441,3940308.8,1775781899999,5299228.75076,9797,1862949.9,2505457.72928,0
1775781900000,1.3441,1.3455,1.3426,1.3442,2290237.6,1775782799999,3078132.71784,6308,1167732.4,1569464.86627,0
1775782800000,1.3442,1.3467,1.3417,1.3456,4980082.5,1775783699999,6695549.60611,10752,2225359.3,2991443.66589,0
1775783700000,1.3455,1.3470,1.3395,1.3424,3369926.6,1775784599999,4526229.16542,10181,1491394.7,2003480.05147,0
1775784600000,1.3423,1.3498,1.3413,1.3462,4504731.2,1775785499999,6068166.84891,12605,2166856.5,2918159.17121,0
1775785500000,1.3462,1.3469,1.3427,1.3428,3379918.5,1775786399999,4545750.14258,8019,1308175.7,1759680.81116,0
1775786400000,1.3428,1.3464,1.3419,1.3449,2390255.4,1775787299999,3211847.07616,7815,1050787.9,1411757.60570,0
1775787300000,1.3450,1.3463,1.3441,1.3453,1414121.0,1775788199999,1902289.38763,5379,468763.3,630523.69437,0
1775788200000,1.3454,1.3460,1.3443,1.3450,875073.3,1775789099999,1176993.40739,3864,392161.3,527473.73594,0
1775789100000,1.3450,1.3451,1.3410,1.3428,1964577.8,1775789999999,2637089.96123,6002,899875.4,1207928.02031,0
1775790000000,1.3429,1.3451,1.3420,1.3421,3145005.4,1775790899999,4225609.60672,8059,1576201.7,2117636.95802,0
1775790900000,1.3420,1.3435,1.3400,1.3402,4081105.0,1775791799999,5474466.34156,6648,2133203.7,2861345.80732,0
1775791800000,1.3403,1.3444,1.3400,1.3441,2300744.4,1775792699999,3087622.53961,5623,1383889.3,1857197.48241,0
1775792700000,1.3440,1.3454,1.3403,1.3406,2554544.4,1775793599999,3429956.37444,5830,1129619.5,1516525.51500,0
1775793600000,1.3407,1.3424,1.3406,1.3420,1477169.3,1775794499999,1981509.75399,5963,889533.2,1193243.84811,0
1775794500000,1.3420,1.3447,1.3417,1.3429,1138295.2,1775795399999,1529018.86159,5616,604010.5,811324.34595,0
1775795400000,1.3430,1.3447,1.3422,1.3433,946138.2,1775796299999,1270937.99548,3765,595360.5,799729.59352,0
1775796300000,1.3434,1.3487,1.3431,1.3456,3127609.6,1775797199999,4209125.12214,7568,2074344.2,2791986.58221,0
1775797200000,1.3457,1.3469,1.3440,1.3452,1805607.5,1775798099999,2429211.36290,7612,889516.9,1196863.20863,0
1775798100000,1.3452,1.3481,1.3439,1.3471,2322809.8,1775798999999,3127019.89912,7082,1341977.6,1806698.97895,0
1775799000000,1.3471,1.3474,1.3428,1.3431,2405110.2,1775799899999,3233856.02457,5422,972210.9,1307454.23184,0
1775799900000,1.3431,1.3450,1.3420,1.3429,2434337.3,1775800799999,3270068.88844,4950,1272257.2,1708875.14397,0
1775800800000,1.3429,1.3462,1.3428,1.3460,1461338.2,1775801699999,1965016.91573,5925,835783.3,1123817.50101,0
1775801700000,1.3459,1.3460,1.3432,1.3442,1203186.1,1775802599999,1617653.29159,4316,555428.4,746772.05979,0
1775802600000,1.3442,1.3449,1.3405,1.3406,2817331.8,1775803499999,3781951.56755,6619,1324436.7,1777964.35725,0
1775803500000,1.3406,1.3418,1.3383,1.3414,5018966.6,1775804399999,6725378.47386,8296,2129354.8,2854033.84838,0
1775804400000,1.3414,1.3423,1.3383,1.3384,2536030.7,1775805299999,3399336.95220,6889,888781.4,1191595.67366,0
1775805300000,1.3384,1.3396,1.3381,1.3391,1540381.2,1775806199999,2062476.04135,5195,798565.4,1069286.77008,0
1775806200000,1.3391,1.3402,1.3376,1.3380,2478629.3,1775807099999,3317996.75794,5743,976761.8,1307523.34605,0
1775807100000,1.3381,1.3385,1.3340,1.3365,5939041.9,1775807999999,7936970.38803,10824,2024607.1,2706270.14817,0
1775808000000,1.3366,1.3392,1.3342,1.3357,5665927.8,1775808899999,7571457.07899,9650,3274630.2,4376728.80041,0
1775808900000,1.3358,1.3387,1.3355,1.3383,1997462.2,1775809799999,2671542.06073,5255,1134594.5,1517488.14777,0
1775809800000,1.3383,1.3461,1.3382,1.3420,9176607.7,1775810699999,12324659.72749,12832,4698140.4,6308275.98815,0
1775810700000,1.3421,1.3423,1.3368,1.3387,4565969.9,1775811599999,6114516.63075,7975,2256530.0,3021760.22791,0
1775811600000,1.3387,1.3403,1.3384,1.3401,1903713.4,1775812499999,2549629.46206,5456,1058059.2,1417079.26793,0
1775812500000,1.3400,1.3422,1.3389,1.3394,4521307.2,1775813399999,6059757.34589,8585,2490239.1,3337579.98127,0
1775813400000,1.3395,1.3398,1.3378,1.3386,4026507.7,1775814299999,5390555.58438,7252,2366246.7,3167753.97858,0
1775814300000,1.3386,1.3399,1.3348,1.3381,8264747.0,1775815199999,11054233.16593,12269,3634202.7,4860192.70026,0
1775815200000,1.3381,1.3381,1.3351,1.3367,2056624.7,1775816099999,2749092.21626,5973,990442.2,1323955.26818,0
1775816100000,1.3366,1.3377,1.3358,1.3370,2051574.3,1775816999999,2742557.09807,4738,1178548.1,1575526.18646,0
1775817000000,1.3371,1.3390,1.3367,1.3382,2230857.2,1775817899999,2985204.96389,6028,1536344.9,2055844.00236,0
1775817900000,1.3382,1.3398,1.3354,1.3366,6037087.7,1775818799999,8075415.11498,9259,2852204.1,3814507.19622,0
1775818800000,1.3366,1.3410,1.3362,1.3403,2586123.4,1775819699999,3462419.27749,8181,1571120.6,2103312.65859,0
1775819700000,1.3404,1.3415,1.3390,1.3408,2266982.9,1775820599999,3038297.75245,5838,1242349.8,1665051.88680,0
1775820600000,1.3409,1.3426,1.3401,1.3408,2582105.9,1775821499999,3463649.05821,5677,1232599.5,1653508.56560,0
1775821500000,1.3409,1.3432,1.3398,1.3407,2453249.5,1775822399999,3290670.15968,5020,1039051.8,1393632.05429,0
1775822400000,1.3408,1.3441,1.3399,1.3414,4422783.4,1775823299999,5933508.39220,9434,2488118.1,3338334.65553,0
1775823300000,1.3415,1.3442,1.3388,1.3424,5167838.9,1775824199999,6931846.98602,10334,2604367.0,3493472.92171,0
1775824200000,1.3424,1.3466,1.3399,1.3449,11527741.9,1775825099999,15497631.63614,19956,5889667.9,7918597.05191,0
1775825100000,1.3450,1.3452,1.3417,1.3424,2039021.4,1775825999999,2739774.70445,6610,833787.0,1120216.34701,0
1775826000000,1.3424,1.3433,1.3412,1.3422,1838985.2,1775826899999,2468273.47011,7464,855746.4,1148631.93157,0
1775826900000,1.3423,1.3442,1.3412,1.3430,1551036.6,1775827799999,2083365.01441,6087,970962.0,1304334.87858,0
1775827800000,1.3430,1.3446,1.3368,1.3404,5014837.0,1775828699999,6717789.62432,17561,2447636.7,3278566.22037,0
1775828700000,1.3405,1.3445,1.3399,1.3436,2235712.2,1775829599999,3001951.87287,7758,1101338.2,1478820.98531,0
1775829600000,1.3436,1.3480,1.3422,1.3467,5670782.5,1775830499999,7627207.69902,16138,2727097.6,3668482.77105,0
1775830500000,1.3467,1.3545,1.3465,1.3521,11013424.5,1775831399999,14878457.88511,21082,6224910.7,8408757.10566,0
1775831400000,1.3522,1.3559,1.3498,1.3528,10255102.2,1775832299999,13879314.89233,18439,4978280.7,6738639.92632,0
1775832300000,1.3529,1.3577,1.3514,1.3573,5628839.4,1775833199999,7622917.96955,13126,2919310.4,3954321.40078,0
1775833200000,1.3572,1.3595,1.3553,1.3574,7410609.5,1775834099999,10063348.19882,14514,4209237.1,5716106.33025,0
1775834100000,1.3574,1.3602,1.3534,1.3536,8206802.3,1775834999999,11136037.41326,15191,4005755.5,5438044.11227,0
1775835000000,1.3537,1.3550,1.3504,1.3528,5255014.6,1775835899999,7108503.69332,12126,2635825.1,3565408.70051,0
1775835900000,1.3527,1.3529,1.3449,1.3473,10508661.3,1775836799999,14172424.68398,14211,3207120.2,4327119.46891,0
1775836800000,1.3474,1.3516,1.3468,1.3508,4092075.2,1775837699999,5520020.74660,10409,2465969.6,3326615.57655,0
1775837700000,1.3507,1.3532,1.3490,1.3510,4632765.4,1775838599999,6259940.86304,9343,2193615.6,2964233.24293,0
1775838600000,1.3511,1.3515,1.3468,1.3472,3448352.3,1775839499999,4652764.61463,8059,1585951.8,2139954.73580,0
1775839500000,1.3472,1.3521,1.3466,1.3507,3409160.4,1775840399999,4601850.32631,7637,1893923.1,2556481.60798,0
1775840400000,1.3508,1.3523,1.3493,1.3513,2081106.9,1775841299999,2811219.15909,7059,1136867.5,1535731.53563,0
1775841300000,1.3514,1.3525,1.3503,1.3513,1529701.6,1775842199999,2067588.36219,5341,680355.0,919604.00511,0
1775842200000,1.3514,1.3520,1.3478,1.3511,2098930.2,1775843099999,2833146.38763,5401,961631.2,1297840.24269,0
1775843100000,1.3512,1.3553,1.3509,1.3547,2807382.7,1775843999999,3800326.28113,7348,1706855.6,2310517.61780,0
1775844000000,1.3547,1.3559,1.3525,1.3544,3284439.5,1775844899999,4446945.82710,7456,1198860.6,1623595.67283,0
1775844900000,1.3544,1.3564,1.3526,1.3563,2688538.4,1775845799999,3642331.92262,6385,1274213.6,1726503.79993,0
1775845800000,1.3562,1.3577,1.3547,1.3556,2411814.1,1775846699999,3271434.15031,5841,1017407.3,1379948.78384,0
1775846700000,1.3555,1.3596,1.3553,1.3592,3392661.9,1775847599999,4607956.27902,6398,1991506.4,2705019.27445,0
1775847600000,1.3592,1.3623,1.3589,1.3614,5467224.5,1775848499999,7438453.97323,10638,3249014.5,4420526.68557,0
1775848500000,1.3615,1.3618,1.3577,1.3616,2920223.3,1775849399999,3971050.64404,6917,1316988.4,1791067.24279,0
1775849400000,1.3616,1.3617,1.3589,1.3604,3328577.2,1775850299999,4528799.47126,7006,2032362.0,2765298.73626,0
1775850300000,1.3604,1.3628,1.3593,1.3624,3680809.0,1775851199999,5010191.11101,6905,1725561.7,2348890.71270,0
1775851200000,1.3624,1.3639,1.3601,1.3635,5756916.3,1775852099999,7842882.41965,11894,2453268.0,3342512.52386,0
1775852100000,1.3634,1.3654,1.3617,1.3625,5399505.5,1775852999999,7364295.08533,8815,2687752.6,3666154.76233,0
1775853000000,1.3626,1.3655,1.3591,1.3610,4093061.2,1775853899999,5573980.96486,10543,1979304.7,2696006.61782,0
1775853900000,1.3611,1.3647,1.3593,1.3636,2520136.1,1775854799999,3433665.77176,7077,1302004.4,1774489.17375,0
1775854800000,1.3635,1.3638,1.3581,1.3594,3180700.4,1775855699999,4328011.78459,7804,1289277.7,1754509.40018,0
1775855700000,1.3593,1.3599,1.3583,1.3587,1878429.2,1775856599999,2552691.69881,4605,876708.3,1191443.79982,0
1775856600000,1.3587,1.3595,1.3566,1.3580,2338434.8,1775857499999,3175869.16779,6745,1183381.0,1607249.75630,0
1775857500000,1.3581,1.3599,1.3576,1.3599,1146827.5,1775858399999,1558575.86466,4144,598003.4,812695.19854,0
1775858400000,1.3599,1.3606,1.3585,1.3588,2488307.6,1775859299999,3383385.04515,6603,1142010.3,1552860.59462,0
1775859300000,1.3588,1.3594,1.3567,1.3570,1673978.2,1775860199999,2272639.97982,4351,784625.0,1065221.03399,0
1775860200000,1.3569,1.3573,1.3540,1.3561,3753533.0,1775861099999,5088532.40095,7225,1324623.2,1795566.60246,0
1775861100000,1.3561,1.3562,1.3551,1.3556,1178864.4,1775861999999,1598115.79943,3508,563836.5,764394.45449,0
1775862000000,1.3556,1.3559,1.3536,1.3543,1195561.9,1775862899999,1619534.36232,4689,400356.4,542329.85694,0
1775862900000,1.3543,1.3563,1.3538,1.3555,1035596.4,1775863799999,1403310.99182,3721,661812.2,896828.83652,0
1775863800000,1.3554,1.3556,1.3544,1.3551,811052.4,1775864699999,1099016.79424,3272,436361.7,591294.31590,0
1775864700000,1.3550,1.3561,1.3547,1.3551,638477.3,1775865599999,865390.06473,3177,355972.1,482487.56851,0
1775865600000,1.3551,1.3558,1.3536,1.3544,1719643.2,1775866499999,2329638.30108,5503,666237.2,902516.94708,0
1775866500000,1.3544,1.3551,1.3532,1.3545,1253434.2,1775867399999,1697612.63576,4213,586766.0,794628.54133,0
1775867400000,1.3544,1.3544,1.3523,1.3534,2341765.5,1775868299999,3169550.83735,5592,991877.4,1342416.07055,0
1775868300000,1.3534,1.3543,1.3526,1.3537,1224400.4,1775869199999,1657457.25289,3996,512364.2,693575.02315,0
1775869200000,1.3536,1.3536,1.3510,1.3520,2461973.2,1775870099999,3328948.40336,7063,751247.8,1015816.94393,0
1775870100000,1.3519,1.3520,1.3492,1.3505,5520329.7,1775870999999,7455176.92069,8262,1561999.7,2109075.74126,0
1775871000000,1.3505,1.3525,1.3502,1.3513,1280890.4,1775871899999,1731075.17500,5131,818701.3,1106465.54806,0
1775871900000,1.3513,1.3529,1.3512,1.3524,1881555.8,1775872799999,2544342.12916,4715,1050163.6,1420101.53546,0
1775872800000,1.3524,1.3543,1.3519,1.3534,1730013.1,1775873699999,2340421.89035,5164,1013944.4,1371747.06884,0
1775873700000,1.3534,1.3554,1.3533,1.3553,1237936.2,1775874599999,1677047.44557,4373,686717.7,930324.90620,0
1775874600000,1.3553,1.3567,1.3537,1.3541,1830950.3,1775875499999,2481857.05129,4863,855104.6,1159267.52606,0
1775875500000,1.3541,1.3544,1.3526,1.3544,721371.9,1775876399999,976356.96042,3143,247147.4,334514.56121,0
1775876400000,1.3544,1.3563,1.3543,1.3560,1239394.8,1775877299999,1679793.93116,6122,592831.6,803550.78406,0
1775877300000,1.3561,1.3565,1.3557,1.3558,1073818.7,1775878199999,1456282.73178,4244,454371.9,616234.67058,0
1775878200000,1.3557,1.3560,1.3535,1.3539,1654633.9,1775879099999,2241211.74456,4686,419561.8,568299.43850,0
1775879100000,1.3538,1.3540,1.3496,1.3498,3032789.1,1775879999999,4097799.35459,6075,1129482.2,1525680.78972,0
1775880000000,1.3498,1.3515,1.3486,1.3499,3468935.7,1775880899999,4682196.08822,8155,1221107.7,1648430.05715,0
1775880900000,1.3498,1.3500,1.3471,1.3477,2561215.2,1775881799999,3453737.16330,6610,754840.5,1017958.59898,0
1775881800000,1.3476,1.3498,1.3476,1.3490,1263767.9,1775882699999,1704697.27468,4753,741809.0,1000592.91729,0
1775882700000,1.3491,1.3505,1.3488,1.3501,1178916.9,1775883599999,1591159.92747,3227,796181.0,1074617.84834,0
1775883600000,1.3501,1.3506,1.3461,1.3465,2590519.1,1775884499999,3492578.15169,6132,983431.5,1326269.33793,0
1775884500000,1.3464,1.3488,1.3453,1.3487,2094080.3,1775885399999,2820240.73142,5817,1060550.9,1428412.31541,0
1775885400000,1.3488,1.3499,1.3483,1.3483,1087046.1,1775886299999,1466639.02149,3721,480072.0,647712.68946,0
1775886300000,1.3483,1.3486,1.3467,1.3469,1588481.5,1775887199999,2140641.42982,4519,749628.9,1010263.56998,0
1775887200000,1.3469,1.3470,1.3431,1.3441,5695370.9,1775888099999,7658385.45336,10282,1802289.1,2423075.15122,0
1775888100000,1.3440,1.3449,1.3431,1.3443,1426051.6,1775888999999,1916791.79081,4393,739126.9,993464.05602,0
1775889000000,1.3443,1.3461,1.3441,1.3455,2515627.6,1775889899999,3384214.56846,5402,1666872.6,2242360.55792,0
1775889900000,1.3455,1.3459,1.3450,1.3455,1336509.7,1775890799999,1798280.35625,3645,829844.5,1116582.83825,0
1775890800000,1.3456,1.3464,1.3448,1.3461,1803480.6,1775891699999,2426778.01735,6843,1252033.9,1684802.97519,0
1775891700000,1.3462,1.3472,1.3460,1.3463,1428988.3,1775892599999,1924157.91687,5170,756374.1,1018474.78426,0
1775892600000,1.3463,1.3471,1.3457,1.3458,1271901.3,1775893499999,1712385.69821,4419,659180.4,887470.72775,0
1775893500000,1.3458,1.3459,1.3451,1.3457,771737.2,1775894399999,1038389.25966,2973,407324.8,548059.48615,0
1775894400000,1.3458,1.3472,1.3452,1.3467,2257083.4,1775895299999,3038207.92342,5431,1442459.2,1941664.93626,0
1775895300000,1.3468,1.3479,1.3462,1.3466,2214108.7,1775896199999,2982556.20405,5143,1350207.6,1818857.63370,0
1775896200000,1.3466,1.3473,1.3457,1.3464,1600683.3,1775897099999,2155232.89520,3651,618893.4,833309.32640,0
1775897100000,1.3465,1.3465,1.3439,1.3446,5847288.8,1775897999999,7864793.07477,4797,1247037.5,1677115.25392,0
1775898000000,1.3446,1.3447,1.3437,1.3445,1671199.3,1775898899999,2246621.07783,5350,815554.0,1096376.65314,0
1775898900000,1.3445,1.3482,1.3445,1.3463,4043520.9,1775899799999,5445098.99587,7980,2758495.4,3714402.51929,0
1775899800000,1.3463,1.3465,1.3413,1.3449,7907576.9,1775900699999,10624607.02690,10850,3927679.8,5276447.59776,0
1775900700000,1.3450,1.3474,1.3449,1.3470,3372318.2,1775901599999,4539670.58866,5751,1532082.3,2062409.23091,0
1775901600000,1.3470,1.3473,1.3448,1.3458,2132124.9,1775902499999,2870412.45567,5495,1106637.5,1489812.11759,0
1775902500000,1.3458,1.3470,1.3449,1.3465,1499428.8,1775903399999,2018475.28515,3811,795202.7,1070414.81786,0
1775903400000,1.3465,1.3468,1.3452,1.3459,1219713.5,1775904299999,1641937.80842,3408,648331.6,872782.45736,0
1775904300000,1.3459,1.3469,1.3453,1.3462,1447072.8,1775905199999,1948049.02457,3689,799947.6,1076917.19549,0
1775905200000,1.3463,1.3475,1.3455,1.3469,2129065.1,1775906099999,2867153.18326,4675,1311517.4,1766308.86979,0
1775906100000,1.3469,1.3488,1.3439,1.3439,5686447.3,1775906999999,7657682.60032,8647,2581112.0,3475832.66899,0
1775907000000,1.3440,1.3449,1.3434,1.3444,2330836.7,1775907899999,3132707.92456,4728,1510312.4,2029949.76112,0
1775907900000,1.3444,1.3454,1.3442,1.3448,1937131.1,1775908799999,2605049.46851,4058,1291595.7,1736934.71850,0
1775908800000,1.3449,1.3452,1.3432,1.3438,2224438.5,1775909699999,2990139.84490,6005,1070071.5,1438408.87440,0
1775909700000,1.3437,1.3445,1.3422,1.3424,2223302.0,1775910599999,2986228.97863,5352,1123696.4,1509430.20204,0
1775910600000,1.3423,1.3450,1.3415,1.3448,6266403.8,1775911499999,8416661.03938,8772,3652594.4,4905729.99287,0
1775911500000,1.3449,1.3457,1.3434,1.3436,2026198.3,1775912399999,2723937.35240,4962,792259.5,1065051.06513,0
1775912400000,1.3436,1.3437,1.3393,1.3407,5750512.3,1775913299999,7711961.57411,11761,1942470.5,2605197.95456,0
1775913300000,1.3407,1.3433,1.3405,1.3407,2483983.0,1775914199999,3332672.85495,6989,1453251.1,1949858.23255,0
1775914200000,1.3407,1.3434,1.3392,1.3429,3190484.0,1775915099999,4277307.51199,6892,1450687.3,1945424.45981,0
1775915100000,1.3429,1.3443,1.3428,1.3441,1650322.1,1775915999999,2217312.87149,4441,1138589.0,1529800.09898,0
1775916000000,1.3442,1.3458,1.3436,1.3457,3422721.2,1775916899999,4602353.91119,6571,2028036.9,2727183.51045,0
1775916900000,1.3458,1.3482,1.3436,1.3436,7011372.3,1775917799999,9435050.40627,9763,2989100.1,4022545.15441,0
1775917800000,1.3436,1.3437,1.3409,1.3412,2161075.4,1775918699999,2900382.29650,5217,996533.7,1337290.32059,0
1775918700000,1.3412,1.3422,1.3410,1.3415,1814128.7,1775919599999,2433735.29981,4169,1299945.3,1743908.24095,0
1775919600000,1.3416,1.3424,1.3415,1.3419,1830953.2,1775920499999,2457001.32504,4846,1064895.2,1429019.51117,0
1775920500000,1.3419,1.3456,1.3387,1.3425,10147883.3,1775921399999,13612188.65875,14979,4913292.8,6591381.68854,0
1775921400000,1.3426,1.3453,1.3424,1.3444,3015327.7,1775922299999,4052395.24850,6621,1605276.9,2157444.62563,0
1775922300000,1.3443,1.3459,1.3443,1.3451,1789594.6,1775923199999,2407378.24853,4209,886379.7,1192383.78596,0
1775923200000,1.3452,1.3478,1.3448,1.3478,1738943.9,1775924099999,2340987.04370,6626,1082896.3,1457913.65205,0
1775924100000,1.3478,1.3490,1.3468,1.3479,2454975.9,1775924999999,3308895.26793,5735,1259352.5,1697436.95665,0
1775925000000,1.3479,1.3580,1.3473,1.3552,7641973.2,1775925899999,10340899.16703,14576,4093432.6,5538823.83120,0
1775925900000,1.3552,1.3563,1.3527,1.3538,5508695.6,1775926799999,7461950.11757,12215,2962490.2,4013288.29706,0
1775926800000,1.3538,1.3545,1.3511,1.3512,4231536.3,1775927699999,5723793.93823,13800,1405289.9,1900977.64775,0
1775927700000,1.3511,1.3532,1.3501,1.3517,2122313.7,1775928599999,2867907.13759,6863,1054205.9,1424719.45771,0
1775928600000,1.3518,1.3570,1.3517,1.3536,3632556.0,1775929499999,4919710.19963,7246,2478721.6,3357612.72980,0
1775929500000,1.3536,1.3540,1.3521,1.3523,1003804.0,1775930399999,1358065.82778,3940,417158.8,564400.11538,0
1775930400000,1.3523,1.3526,1.3506,1.3517,1742078.8,1775931299999,2354391.35964,5032,925137.4,1250225.69228,0
1775931300000,1.3516,1.3550,1.3516,1.3543,2069282.9,1775932199999,2800327.73948,5295,1241219.2,1679541.27051,0
1775932200000,1.3543,1.3669,1.3542,1.3634,17050641.0,1775933099999,23233744.53050,27674,9268730.7,12627326.41864,0
1775933100000,1.3635,1.3666,1.3622,1.3636,4554452.2,1775933999999,6212616.67140,10284,2299288.2,3136292.63909,0
1775934000000,1.3637,1.3687,1.3625,1.3672,7376609.9,1775934899999,10076783.02360,16423,3970921.6,5424345.58660,0
1775934900000,1.3671,1.3697,1.3647,1.3690,6930956.5,1775935799999,9478102.37238,13002,3603840.7,4929553.86678,0
1775935800000,1.3690,1.3749,1.3690,1.3715,7456762.6,1775936699999,10229256.39615,16109,4085901.0,5604957.87797,0
1775936700000,1.3715,1.3715,1.3686,1.3707,2499433.1,1775937599999,3423825.01772,8432,935754.2,1281858.17386,0
1775937600000,1.3707,1.3724,1.3672,1.3688,5727744.3,1775938499999,7846970.29717,12491,2689859.6,3686487.24578,0
1775938500000,1.3687,1.3694,1.3638,1.3639,7284742.9,1775939399999,9953922.86933,11744,3620414.7,4946901.86282,0
1775939400000,1.3639,1.3639,1.3571,1.3602,8754076.7,1775940299999,11907435.34368,13913,2990209.1,4066584.39711,0
1775940300000,1.3603,1.3634,1.3594,1.3609,2205279.2,1775941199999,3002685.36637,6370,1256025.5,1710330.77615,0
1775941200000,1.3608,1.3629,1.3588,1.3623,2665031.9,1775942099999,3627269.83740,8788,1385132.9,1885379.70624,0
1775942100000,1.3623,1.3633,1.3598,1.3607,1518494.4,1775942999999,2067808.91413,5384,695824.3,947744.03423,0
1775943000000,1.3607,1.3652,1.3597,1.3630,1737613.7,1775943899999,2367963.76618,6375,1019946.8,1390256.08626,0
1775943900000,1.3630,1.3648,1.3612,1.3617,1445041.4,1775944799999,1970391.93122,5802,824463.4,1124235.86366,0
1775944800000,1.3616,1.3665,1.3608,1.3661,2890054.7,1775945699999,3943237.81233,9046,1608105.3,2194034.44265,0
1775945700000,1.3661,1.3692,1.3636,1.3646,4606832.9,1775946599999,6295338.50869,11400,1978368.4,2703997.88454,0
1775946600000,1.3646,1.3647,1.3592,1.3614,3036508.8,1775947499999,4134125.68325,8066,1216593.1,1656171.92418,0
1775947500000,1.3614,1.3621,1.3597,1.3609,2030519.5,1775948399999,2763162.48557,5176,805525.4,1096162.44036,0
1775948400000,1.3609,1.3609,1.3503,1.3534,9334436.1,1775949299999,12638881.17743,15927,4094362.1,5542481.57604,0
1775949300000,1.3533,1.3560,1.3531,1.3546,2734615.8,1775950199999,3704386.98421,7065,1740630.6,2357744.95191,0
1775950200000,1.3545,1.3567,1.3540,1.3549,1569335.3,1775951099999,2127129.24828,4852,920611.6,1247798.09761,0
1775951100000,1.3548,1.3555,1.3535,1.3539,1322797.2,1775951999999,1791398.86524,4202,471378.8,638364.21535,0
1775952000000,1.3540,1.3542,1.3513,1.3521,4472026.5,1775952899999,6050009.22444,10007,1516604.7,2051936.48671,0
1775952900000,1.3520,1.3529,1.3510,1.3517,2324496.7,1775953799999,3142272.22152,6311,883838.3,1194876.02449,0
1775953800000,1.3516,1.3535,1.3507,1.3523,1600129.7,1775954699999,2163406.52050,6067,906137.3,1225194.19474,0
1775954700000,1.3523,1.3531,1.3520,1.3531,850896.2,1775955599999,1150839.96125,4503,498769.2,674600.24897,0
1775955600000,1.3530,1.3552,1.3518,1.3545,2936244.0,1775956499999,3974686.47006,7596,1819450.9,2462727.54749,0
1775956500000,1.3544,1.3549,1.3534,1.3543,1229297.5,1775957399999,1664782.37611,3807,721610.5,977290.09453,0
1775957400000,1.3544,1.3544,1.3305,1.3325,29881367.3,1775958299999,40048580.45486,44937,11184907.7,14990852.02895,0
1775958300000,1.3324,1.3324,1.3248,1.3286,19408030.1,1775959199999,25788267.82022,38245,9889376.7,13141722.36538,0
1775959200000,1.3285,1.3337,1.3240,1.3330,11745965.1,1775960099999,15612636.93458,24641,5854274.7,7784761.89019,0
1775960100000,1.3330,1.3367,1.3315,1.3334,8897512.0,1775960999999,11868533.38860,17627,4945675.0,6597634.77404,0
1775961000000,1.3334,1.3367,1.3331,1.3349,3481041.8,1775961899999,4647251.28182,9206,1764491.6,2355768.71829,0
1775961900000,1.3349,1.3352,1.3325,1.3337,2296561.4,1775962799999,3062845.26406,7388,1067821.0,1424181.29801,0
1775962800000,1.3337,1.3357,1.3317,1.3336,4903340.4,1775963699999,6540024.56458,11605,2629242.4,3507652.71103,0
1775963700000,1.3336,1.3349,1.3309,1.3312,3511300.7,1775964599999,4679973.58902,8335,1323482.5,1763790.01622,0
1775964600000,1.3312,1.3323,1.3290,1.3313,3722518.2,1775965499999,4954027.28200,9899,1909451.8,2541341.99909,0
1775965500000,1.3314,1.3315,1.3291,1.3292,3090408.1,1775966399999,4111306.96050,6915,1187702.4,1580096.86524,0
1775966400000,1.3291,1.3300,1.3274,1.3284,3944287.2,1775967299999,5241023.41063,7885,1643689.5,2184200.50838,0
1775967300000,1.3283,1.3291,1.3260,1.3274,3375746.3,1775968199999,4479638.74487,8489,1874309.9,2487324.63153,0
1775968200000,1.3273,1.3288,1.3265,1.3286,2565737.0,1775969099999,3406614.32302,6813,1653018.8,2194803.41910,0
1775969100000,1.3287,1.3293,1.3266,1.3270,2874464.2,1775969999999,3817197.44740,6008,1314628.1,1746068.51307,0
1775970000000,1.3271,1.3289,1.3262,1.3268,3031689.6,1775970899999,4024947.84621,7348,1498588.1,1990005.29645,0
1775970900000,1.3268,1.3300,1.3260,1.3299,2455747.1,1775971799999,3261132.32261,5915,1392237.9,1849126.53488,0
1775971800000,1.3300,1.3303,1.3282,1.3289,2478041.6,1775972699999,3294025.39025,5508,1327340.7,1764466.96774,0
1775972700000,1.3290,1.3304,1.3287,1.3296,1744817.9,1775973599999,2320019.61325,4520,924835.9,1229711.55339,0
1775973600000,1.3297,1.3316,1.3290,1.3312,2291584.0,1775974499999,3048310.31505,5650,1556579.6,2070730.45264,0
1775974500000,1.3312,1.3312,1.3291,1.3301,2317075.3,1775975399999,3081572.98999,5265,1142782.0,1519761.87979,0
1775975400000,1.3300,1.3300,1.3282,1.3284,1890839.8,1775976299999,2512748.31178,4747,732147.7,972977.72355,0
1775976300000,1.3284,1.3291,1.3279,1.3287,1626210.4,1775977199999,2160348.68338,4817,832832.7,1106439.11383,0
1775977200000,1.3287,1.3288,1.3266,1.3270,2688656.4,1775978099999,3569504.55210,6365,1001764.9,1329902.39631,0
1775978100000,1.3270,1.3282,1.3266,1.3280,1119171.2,1775978999999,1485627.86551,3759,573801.3,761732.35095,0
1775979000000,1.3281,1.3301,1.3280,1.3297,1730096.5,1775979899999,2299696.08387,4681,1334959.0,1774447.88722,0
1775979900000,1.3298,1.3301,1.3287,1.3287,1211447.5,1775980799999,1610526.50184,4166,527516.8,701316.13921,0
1775980800000,1.3287,1.3291,1.3280,1.3281,1864387.7,1775981699999,2476826.53414,5318,903029.4,1199674.99779,0
1775981700000,1.3282,1.3299,1.3281,1.3298,740854.9,1775982599999,984449.59599,3378,473534.7,629280.95664,0
1775982600000,1.3299,1.3311,1.3297,1.3304,1597915.6,1775983499999,2125737.87091,4042,918835.0,1222373.38136,0
1775983500000,1.3305,1.3307,1.3269,1.3278,3544014.8,1775984399999,4706754.87078,6069,1502212.5,1995094.75211,0
1775984400000,1.3279,1.3289,1.3255,1.3288,6024194.2,1775985299999,7994491.48896,9534,3341872.9,4434878.92232,0
1775985300000,1.3287,1.3312,1.3287,1.3299,2543153.8,1775986199999,3382678.91539,5248,1415614.3,1882798.79713,0
1775986200000,1.3299,1.3307,1.3292,1.3293,1646725.0,1775987099999,2190093.41263,3991,642556.9,854582.95806,0
1775987100000,1.3294,1.3297,1.3281,1.3296,1271752.3,1775987999999,1690067.56000,3687,578170.9,768342.68615,0
1775988000000,1.3296,1.3313,1.3293,1.3303,1328946.6,1775988899999,1767807.98640,4440,661432.2,879834.54921,0
1775988900000,1.3304,1.3319,1.3303,1.3315,997416.7,1775989799999,1327639.21432,3047,631187.9,840168.23039,0
1775989800000,1.3315,1.3320,1.3307,1.3308,1623366.0,1775990699999,2161194.45140,4309,867585.1,1155046.94676,0
1775990700000,1.3308,1.3316,1.3283,1.3296,4412168.1,1775991599999,5867643.89273,8326,1447358.8,1924793.78588,0
1775991600000,1.3297,1.3331,1.3290,1.3315,6121313.6,1775992499999,8144944.31578,10298,2317883.4,3083542.58797,0
1775992500000,1.3316,1.3319,1.3304,1.3314,1803816.6,1775993399999,2401374.60453,4458,972573.2,1294764.52125,0
1775993400000,1.3314,1.3322,1.3300,1.3322,1666390.0,1775994299999,2218286.80622,3756,804270.4,1070754.40760,0
1775994300000,1.3322,1.3327,1.3320,1.3320,896411.8,1775995199999,1194288.12423,2969,483464.5,644138.96847,0
1775995200000,1.3319,1.3321,1.3296,1.3300,2012214.5,1775996099999,2677141.51005,5936,791548.6,1053104.11370,0
1775996100000,1.3299,1.3300,1.3293,1.3298,1203151.7,1775996999999,1599865.56225,4203,587207.1,780836.15994,0
1775997000000,1.3298,1.3332,1.3265,1.3328,6452305.1,1775997899999,8575132.81176,10571,3592709.1,4774972.79442,0
1775997900000,1.3328,1.3338,1.3286,1.3303,5451139.1,1775998799999,7255425.29335,10560,2125583.0,2829694.47845,0
1775998800000,1.3302,1.3311,1.3268,1.3276,6825777.0,1775999699999,9068121.80096,14646,3192145.5,4240072.08085,0
1775999700000,1.3277,1.3320,1.3276,1.3295,4995993.1,1776000599999,6645624.48418,8967,2381711.3,3166968.07878,0
1776000600000,1.3296,1.3316,1.3257,1.3271,7531623.7,1776001499999,10005041.98056,12958,3409798.8,4530011.11188,0
1776001500000,1.3270,1.3271,1.3219,1.3226,7063408.0,1776002399999,9353725.56949,14236,2698421.6,3573867.83243,0
1776002400000,1.3226,1.3248,1.3204,1.3233,8539456.2,1776003299999,11297669.22501,15432,4541420.9,6008820.67415,0
1776003300000,1.3233,1.3260,1.3233,1.3260,2943072.3,1776004199999,3899481.10869,8137,1799936.0,2384845.44686,0
1776004200000,1.3260,1.3262,1.3227,1.3237,3342093.4,1776005099999,4426683.13657,8621,1047271.6,1387170.38754,0
1776005100000,1.3238,1.3268,1.3211,1.3214,7680968.1,1776005999999,10167251.84644,13315,3525993.4,4667405.91910,0
1776006000000,1.3214,1.3243,1.3209,1.3240,2136745.7,1776006899999,2825980.89244,8699,1259924.9,1666546.14324,0
1776006900000,1.3239,1.3240,1.3216,1.3216,1382082.0,1776007799999,1828229.20690,6221,585185.5,774078.36515,0
1776007800000,1.3217,1.3236,1.3181,1.3231,6351506.9,1776008699999,8384717.45484,12982,2445860.0,3230328.00506,0
1776008700000,1.3230,1.3246,1.3227,1.3231,1133621.7,1776009599999,1500254.71907,4943,563863.1,746237.77797,0
1776009600000,1.3230,1.3254,1.3225,1.3251,2113182.0,1776010499999,2797991.86326,7226,1352393.3,1790686.70789,0
1776010500000,1.3251,1.3263,1.3234,1.3254,1580810.6,1776011399999,2095083.48574,4832,748326.8,991810.25402,0
1776011400000,1.3255,1.3260,1.3242,1.3254,1049491.2,1776012299999,1390582.87614,3665,577603.9,765280.33865,0
1776012300000,1.3254,1.3274,1.3253,1.3273,1446704.7,1776013199999,1918890.76120,4198,594327.6,788366.30700,0
1776013200000,1.3272,1.3290,1.3262,1.3263,1979143.4,1776014099999,2627738.76069,5873,1027004.6,1363521.77633,0
1776014100000,1.3263,1.3283,1.3262,1.3281,1423377.0,1776014999999,1889262.73242,4477,774219.9,1027643.93911,0
1776015000000,1.3281,1.3298,1.3280,1.3297,1438603.6,1776015899999,1912162.72982,5037,842555.1,1119919.99510,0
1776015900000,1.3297,1.3330,1.3281,1.3319,3639359.9,1776016799999,4845107.97112,8923,2037073.0,2711856.73132,0
1776016800000,1.3319,1.3333,1.3304,1.3321,4189011.6,1776017699999,5578726.56919,9820,1587077.6,2113691.36864,0
1776017700000,1.3321,1.3329,1.3288,1.3296,3403610.3,1776018599999,4527620.90019,6799,1100707.9,1464495.07918,0
1776018600000,1.3295,1.3311,1.3295,1.3304,3142819.9,1776019499999,4180644.14049,5275,1859817.7,2473782.68027,0
1776019500000,1.3305,1.3305,1.3294,1.3301,1595632.6,1776020399999,2122246.10967,3961,444382.9,591097.80559,0
1776020400000,1.3301,1.3308,1.3295,1.3296,1404845.5,1776021299999,1868550.63784,4771,555351.1,738701.72768,0
1776021300000,1.3296,1.3304,1.3289,1.3303,1361281.4,1776022199999,1810091.39771,3746,815525.2,1084426.96065,0
1776022200000,1.3302,1.3311,1.3297,1.3304,1197587.4,1776023099999,1593432.65264,3384,501344.4,667068.96289,0
1776023100000,1.3304,1.3307,1.3291,1.3302,1493606.6,1776023999999,1986267.64377,3074,577714.3,768230.35818,0
1776024000000,1.3302,1.3314,1.3292,1.3293,2755961.9,1776024899999,3666897.18648,5692,815348.8,1084783.30786,0
1776024900000,1.3292,1.3318,1.3286,1.3314,1755200.2,1776025799999,2334660.11904,4389,964228.6,1282161.83023,0
1776025800000,1.3314,1.3386,1.3314,1.3369,6186536.6,1776026699999,8259190.86229,12046,3657817.7,4883690.50083,0
1776026700000,1.3370,1.3388,1.3348,1.3359,4232575.0,1776027599999,5655895.20237,8393,1855538.6,2479378.92609,0
1776027600000,1.3358,1.3384,1.3342,1.3352,4654110.9,1776028499999,6217675.07517,8762,2330835.7,3113285.49083,0
1776028500000,1.3352,1.3366,1.3350,1.3355,1640803.0,1776029399999,2191629.89949,4872,751098.5,1003241.26240,0
1776029400000,1.3355,1.3369,1.3329,1.3356,2441915.0,1776030299999,3259974.79909,6041,1084024.4,1447093.01452,0
1776030300000,1.3357,1.3363,1.3346,1.3357,1359429.4,1776031199999,1815106.62129,4573,651245.9,869534.75670,0
1776031200000,1.3356,1.3356,1.3251,1.3302,10331128.0,1776032099999,13726934.63463,27766,5081832.6,6751836.88696,0
1776032100000,1.3301,1.3304,1.3239,1.3253,5667604.1,1776032999999,7518224.36913,13129,3239523.3,4297091.16995,0
1776033000000,1.3253,1.3297,1.3222,1.3272,4576189.4,1776033899999,6065368.75262,12534,2329702.7,3087955.59687,0
1776033900000,1.3271,1.3280,1.3254,1.3274,2933823.3,1776034799999,3892571.04788,5903,1636088.0,2170860.06362,0
1776034800000,1.3273,1.3273,1.3226,1.3230,4161080.4,1776035699999,5510428.20455,10552,1315156.9,1741467.71965,0
1776035700000,1.3230,1.3257,1.3222,1.3250,2556051.7,1776036599999,3384285.92354,6950,1410076.4,1867130.40600,0
1776036600000,1.3250,1.3250,1.3216,1.3245,2612062.6,1776037499999,3455095.84692,7525,1097555.3,1451872.21274,0
1776037500000,1.3244,1.3259,1.3223,1.3239,2984778.8,1776038399999,3951925.68082,6557,1038860.7,1375564.68732,0
1776038400000,1.3240,1.3283,1.3225,1.3273,5633131.0,1776039299999,7468712.09071,11602,3137804.1,4159674.69084,0
1776039300000,1.3273,1.3307,1.3254,1.3287,5146561.7,1776040199999,6832877.11213,8843,2430836.6,3227632.49040,0
1776040200000,1.3287,1.3307,1.3274,1.3281,2816846.2,1776041099999,3743919.83825,7185,1178304.7,1566345.17167,0
1776041100000,1.3281,1.3329,1.3274,1.3311,2936894.1,1776041999999,3907975.06192,6312,1465638.1,1950252.45774,0
1776042000000,1.3311,1.3313,1.3280,1.3283,3252329.5,1776042899999,4324815.77721,8795,1332949.5,1772547.84271,0
1776042900000,1.3284,1.3285,1.3270,1.3278,2341302.3,1776043799999,3109061.36287,5713,1016342.2,1349697.60326,0
1776043800000,1.3279,1.3299,1.3258,1.3297,3396362.7,1776044699999,4509719.25670,6433,2011006.3,2670199.83261,0
1776044700000,1.3296,1.3324,1.3294,1.3316,2849452.5,1776045599999,3793540.17140,5285,1624541.5,2162640.04200,0
1776045600000,1.3316,1.3326,1.3257,1.3264,4622918.6,1776046499999,6146953.67980,9906,1665223.6,2214076.39948,0
1776046500000,1.3264,1.3309,1.3256,1.3287,3532834.2,1776047399999,4692023.20938,7214,2231694.6,2963374.54366,0
1776047400000,1.3287,1.3301,1.3243,1.3243,2442836.7,1776048299999,3239846.37272,6543,1155403.8,1531965.75128,0
1776048300000,1.3243,1.3253,1.3236,1.3248,1461566.0,1776049199999,1935831.48839,4510,836221.0,1107583.86502,0
1776049200000,1.3249,1.3267,1.3234,1.3265,2715725.9,1776050099999,3598564.91567,6867,1772284.3,2348566.38362,0
1776050100000,1.3264,1.3282,1.3256,1.3256,1829005.3,1776050999999,2426621.63556,4758,938020.9,1244374.33210,0
1776051000000,1.3256,1.3263,1.3236,1.3249,1741579.8,1776051899999,2307759.56607,4734,784271.3,1039182.57004,0
1776051900000,1.3249,1.3254,1.3242,1.3245,1179125.4,1776052799999,1562147.56228,3316,560250.2,742252.88756,0
1776052800000,1.3246,1.3257,1.3233,1.3241,1873378.7,1776053699999,2481448.61750,5243,964143.9,1277044.78324,0
1776053700000,1.3242,1.3255,1.3232,1.3245,1406078.4,1776054599999,1862071.79187,4254,746769.8,989022.19382,0
1776054600000,1.3245,1.3266,1.3242,1.3249,2625867.9,1776055499999,3480790.20594,5114,1611613.4,2136272.89384,0
1776055500000,1.3249,1.3253,1.3186,1.3221,8874058.1,1776056399999,11726240.43785,12643,4409487.3,5825759.45090,0
1776056400000,1.3221,1.3234,1.3210,1.3222,3662344.1,1776057299999,4841675.53125,8186,2236630.2,2957091.92237,0
1776057300000,1.3222,1.3244,1.3221,1.3236,2298022.8,1776058199999,3040711.30044,5140,1597830.3,2114202.07403,0
1776058200000,1.3237,1.3252,1.3222,1.3241,2772250.0,1776059099999,3669752.87071,5755,1356620.2,1795737.22961,0
1776059100000,1.3242,1.3314,1.3242,1.3309,9517963.1,1776059999999,12650877.00168,11637,5094339.3,6769048.34768,0
1776060000000,1.3309,1.3338,1.3305,1.3319,5107645.3,1776060899999,6803498.30388,11512,2486778.9,3312244.02421,0
1776060900000,1.3319,1.3365,1.3312,1.3356,6542274.6,1776061799999,8731369.96598,12311,3250817.3,4338072.78250,0
1776061800000,1.3356,1.3361,1.3316,1.3340,9875596.3,1776062699999,13173520.52450,13068,4319054.4,5760605.41713,0
1776062700000,1.3340,1.3350,1.3333,1.3340,2187801.6,1776063599999,2918962.95160,5755,1401865.4,1870379.99177,0
1776063600000,1.3340,1.3349,1.3314,1.3318,2472607.1,1776064499999,3295251.89157,8927,1074687.6,1432266.64777,0
1776064500000,1.3318,1.3320,1.3276,1.3280,4158863.0,1776065399999,5526383.69841,9630,2073274.0,2754639.57910,0
1776065400000,1.3281,1.3292,1.3263,1.3268,3699506.4,1776066299999,4912049.17245,7535,2302591.7,3057193.52447,0
1776066300000,1.3269,1.3276,1.3246,1.3248,3036693.3,1776067199999,4026674.71955,7057,1395245.4,1850490.25413,0
1776067200000,1.3248,1.3279,1.3222,1.3261,8508448.0,1776068099999,11272823.44110,14476,5265378.3,6975754.98990,0
1776068100000,1.3262,1.3267,1.3246,1.3254,2624814.6,1776068999999,3479533.96377,7687,1242829.0,1647725.70440,0
1776069000000,1.3253,1.3253,1.3221,1.3226,3243576.2,1776069899999,4292736.81571,6533,1664176.4,2202444.74773,0
1776069900000,1.3227,1.3251,1.3221,1.3250,1915820.3,1776070799999,2535992.36299,5005,1142361.5,1512414.66002,0
1776070800000,1.3251,1.3300,1.3251,1.3269,4766697.6,1776071699999,6329236.42350,11668,2365864.5,3141104.79469,0
1776071700000,1.3268,1.3281,1.3249,1.3262,3800792.6,1776072599999,5042513.04351,7706,1807874.5,2398429.99300,0
1776072600000,1.3262,1.3279,1.3237,1.3265,7158213.6,1776073499999,9492914.33689,9010,3453604.9,4580305.95763,0
1776073500000,1.3265,1.3269,1.3258,1.3258,697872.7,1776074399999,925578.78070,3344,320692.6,425353.78440,0
1776074400000,1.3259,1.3262,1.3245,1.3260,1676461.5,1776075299999,2221859.08419,5670,1056877.2,1400755.33443,0
1776075300000,1.3260,1.3261,1.3240,1.3247,1276331.1,1776076199999,1690973.43239,4427,547385.0,725186.83824,0
1776076200000,1.3247,1.3258,1.3229,1.3240,1713870.9,1776077099999,2269896.90128,5083,923849.2,1223744.95320,0
1776077100000,1.3240,1.3252,1.3235,1.3245,1622468.5,1776077999999,2148632.62695,4510,1141522.8,1511662.39691,0
1776078000000,1.3246,1.3266,1.3239,1.3255,2082121.9,1776078899999,2759355.94670,8431,1257849.8,1666879.87204,0
1776078900000,1.3255,1.3262,1.3248,1.3258,1195473.4,1776079799999,1584366.36389,5386,766677.9,1016083.06720,0
1776079800000,1.3257,1.3272,1.3245,1.3268,1274156.5,1776080699999,1689227.92156,5789,775495.6,1028196.40281,0
1776080700000,1.3269,1.3274,1.3249,1.3249,1320279.7,1776081599999,1751118.96486,4702,481006.3,638031.08017,0
1776081600000,1.3250,1.3274,1.3237,1.3258,2913162.6,1776082499999,3860414.69360,8889,1525408.1,2021504.64047,0
1776082500000,1.3258,1.3262,1.3232,1.3233,1945344.0,1776083399999,2577116.50916,4822,601032.8,796264.10265,0
1776083400000,1.3233,1.3257,1.3226,1.3252,2116799.2,1776084299999,2803006.15072,6104,1106592.9,1465411.40231,0
1776084300000,1.3251,1.3331,1.3251,1.3313,7035810.2,1776085199999,9361124.14449,12615,3999808.3,5321163.46552,0
1776085200000,1.3314,1.3341,1.3299,1.3330,7395820.8,1776086099999,9854875.16516,12332,2919318.1,3889300.92859,0
1776086100000,1.3329,1.3334,1.3296,1.3311,6773259.0,1776086999999,9020789.23584,11697,2806355.4,3737310.71827,0
1776087000000,1.3312,1.3323,1.3267,1.3286,5098076.6,1776087899999,6776758.43663,14000,2735761.0,3637020.33676,0
1776087900000,1.3286,1.3406,1.3272,1.3390,13939909.2,1776088799999,18625435.26447,26677,7556808.9,10096820.86136,0
1776088800000,1.3391,1.3405,1.3342,1.3368,6603215.9,1776089699999,8830310.74793,18114,3458738.5,4626134.55192,0
1776089700000,1.3367,1.3382,1.3310,1.3351,5877945.0,1776090599999,7847612.74416,15113,2688779.8,3590188.92097,0
1776090600000,1.3351,1.3421,1.3345,1.3407,7476289.4,1776091499999,10009549.00303,14372,3947843.8,5286084.31561,0
1776091500000,1.3407,1.3464,1.3385,1.3453,10739208.0,1776092399999,14421907.29855,19109,5397412.6,7249820.88951,0
1776092400000,1.3452,1.3458,1.3372,1.3385,8330076.4,1776093299999,11172712.42634,19506,3857909.0,5175210.31646,0
1776093300000,1.3384,1.3389,1.3349,1.3360,3642866.9,1776094199999,4870195.92335,9831,1374906.2,1838080.63703,0
1776094200000,1.3359,1.3359,1.3305,1.3320,5620641.3,1776095099999,7489659.61668,12448,2887725.4,3847689.38843,0
1776095100000,1.3320,1.3343,1.3312,1.3338,2689039.6,1776095999999,3583216.19089,8291,1569666.3,2091619.32436,0
1776096000000,1.3339,1.3352,1.3284,1.3350,7423448.4,1776096899999,9887371.84103,17308,3701716.4,4931659.47980,0
1776096900000,1.3351,1.3399,1.3334,1.3390,4185296.6,1776097799999,5594947.13020,13145,2093043.8,2797960.07278,0
1776097800000,1.3391,1.3413,1.3379,1.3401,7846300.5,1776098699999,10510541.24637,16685,3943698.5,5282625.99595,0
1776098700000,1.3400,1.3418,1.3369,1.3390,4028001.9,1776099599999,5394857.86746,11949,1281951.7,1716872.62796,0
1776099600000,1.3390,1.3402,1.3365,1.3377,2580682.7,1776100499999,3453473.63828,9437,1035341.6,1385735.77223,0
1776100500000,1.3378,1.3408,1.3377,1.3408,1995239.2,1776101399999,2671895.49185,6678,853456.0,1142958.40667,0
1776101400000,1.3409,1.3449,1.3409,1.3428,6483075.2,1776102299999,8706889.61093,12449,3518514.4,4725925.06858,0
1776102300000,1.3428,1.3440,1.3373,1.3373,4875010.6,1776103199999,6530648.30723,11416,2175523.9,2914504.10329,0
1776103200000,1.3373,1.3381,1.3353,1.3370,3057420.1,1776104099999,4087691.49063,8269,1686236.3,2254525.27787,0
1776104100000,1.3370,1.3381,1.3336,1.3347,3532876.8,1776104999999,4718194.30151,8403,1623532.2,2168492.18257,0
1776105000000,1.3347,1.3398,1.3345,1.3383,3068146.0,1776105899999,4103683.17062,6981,1657924.8,2217809.79790,0
1776105900000,1.3383,1.3401,1.3373,1.3398,1921718.7,1776106799999,2572553.79992,5186,939390.4,1257476.40760,0
1776106800000,1.3397,1.3403,1.3385,1.3386,2422882.8,1776107699999,3245020.43302,6911,1273891.7,1706247.74087,0
1776107700000,1.3386,1.3473,1.3386,1.3452,6981076.6,1776108599999,9382837.93670,14437,4213794.7,5663527.23541,0
1776108600000,1.3452,1.3488,1.3448,1.3471,8747078.2,1776109499999,11784988.31665,16891,4443327.9,5986598.06713,0
1776109500000,1.3471,1.3551,1.3471,1.3527,13481308.5,1776110399999,18226821.74093,20398,8260354.7,11165643.43865,0
1776110400000,1.3526,1.3548,1.3497,1.3499,10063329.2,1776111299999,13615657.31199,18003,5086982.0,6883607.26304,0
1776111300000,1.3498,1.3516,1.3492,1.3500,4813882.6,1776112199999,6499503.44654,9226,2992777.6,4040822.80935,0
1776112200000,1.3499,1.3502,1.3473,1.3486,3480513.4,1776113099999,4694944.26711,9135,1537232.5,2073706.32072,0
1776113100000,1.3486,1.3491,1.3455,1.3462,3562498.6,1776113999999,4798777.12604,7705,1701747.4,2292449.44994,0
1776114000000,1.3463,1.3504,1.3431,1.3491,5425258.9,1776114899999,7302468.19832,10266,2311463.0,3112716.44074,0
1776114900000,1.3491,1.3514,1.3484,1.3504,2054749.3,1776115799999,2773741.78494,5871,1022867.7,1380870.61740,0
1776115800000,1.3505,1.3528,1.3495,1.3516,2191442.3,1776116699999,2961351.95514,7290,1214698.0,1641420.53025,0
1776116700000,1.3516,1.3523,1.3501,1.3503,1158235.5,1776117599999,1564723.39347,6448,489403.1,661185.04361,0
1776117600000,1.3502,1.3613,1.3494,1.3588,9097875.9,1776118499999,12337829.47078,19516,5516455.1,7481758.28993,0
1776118500000,1.3587,1.3744,1.3586,1.3712,28197675.1,1776119399999,38607526.12027,47260,15178658.8,20778495.52621,0
1776119400000,1.3711,1.3757,1.3667,1.3698,13767094.7,1776120299999,18879817.10248,27115,7074869.8,9705420.37642,0
1776120300000,1.3697,1.3766,1.3683,1.3741,16590536.0,1776121199999,22774978.92874,28428,9548463.0,13107586.19925,0
1776121200000,1.3742,1.3763,1.3702,1.3749,10952367.3,1776122099999,15040039.09714,20415,5826500.1,8001364.36614,0
1776122100000,1.3750,1.3841,1.3730,1.3796,18642309.1,1776122999999,25697337.05956,33577,10827860.8,14930742.71539,0
1776123000000,1.3796,1.3809,1.3761,1.3767,6617840.4,1776123899999,9121015.98224,16424,3013130.4,4153332.51532,0
1776123900000,1.3766,1.3776,1.3750,1.3752,5313541.0,1776124799999,7311204.63616,13213,1851242.0,2547361.41798,0
1776124800000,1.3752,1.3770,1.3666,1.3675,10801538.6,1776125699999,14807442.54818,18730,3557581.7,4876623.42184,0
1776125700000,1.3674,1.3679,1.3628,1.3639,7283944.5,1776126599999,9943902.70057,13489,3334634.0,4552676.27269,0
1776126600000,1.3638,1.3670,1.3623,1.3641,6143899.4,1776127499999,8383266.18009,11283,3356155.4,4579860.74225,0
1776127500000,1.3641,1.3652,1.3603,1.3615,7477699.7,1776128399999,10186790.37251,12718,3708965.6,5052190.25916,0
1776128400000,1.3615,1.3654,1.3590,1.3652,5070413.6,1776129299999,6906862.83792,11726,3061640.8,4171242.72698,0
1776129300000,1.3653,1.3663,1.3632,1.3634,4472114.3,1776130199999,6102967.33512,8938,2217656.7,3026751.06604,0
1776130200000,1.3634,1.3666,1.3626,1.3661,3308175.8,1776131099999,4513922.98638,6717,1707039.9,2329543.50357,0
1776131100000,1.3661,1.3676,1.3649,1.3659,2460973.5,1776131999999,3362305.00263,6242,1278146.2,1746213.41776,0
1776132000000,1.3659,1.3675,1.3655,1.3665,3704406.4,1776132899999,5061905.41871,8984,1606924.1,2195799.66026,0
1776132900000,1.3666,1.3685,1.3656,1.3678,3124190.0,1776133799999,4272357.59888,7565,1601596.9,2190231.37573,0
1776133800000,1.3678,1.3703,1.3640,1.3696,3773721.8,1776134699999,5158139.50948,9350,2077580.7,2840584.65507,0
1776134700000,1.3697,1.3698,1.3668,1.3677,2075053.0,1776135599999,2839204.71590,6971,761153.9,1041317.83442,0
1776135600000,1.3677,1.3678,1.3651,1.3655,2245686.2,1776136499999,3068403.09212,6627,763796.5,1043543.47708,0
1776136500000,1.3655,1.3669,1.3649,1.3656,1664513.7,1776137399999,2273144.25706,4719,758404.8,1035688.31904,0
1776137400000,1.3655,1.3672,1.3649,1.3665,1521604.6,1776138299999,2078763.06985,4782,804068.0,1098557.85209,0
1776138300000,1.3665,1.3670,1.3653,1.3667,1676532.9,1776139199999,2290400.77103,4414,915519.4,1250756.92592,0
1776139200000,1.3667,1.3677,1.3659,1.3671,1851528.0,1776140099999,2530651.54731,5502,971473.1,1327805.42477,0
1776140100000,1.3672,1.3672,1.3638,1.3640,2154004.6,1776140999999,2940768.09771,6086,829367.8,1132297.22801,0
1776141000000,1.3641,1.3643,1.3627,1.3634,1850759.4,1776141899999,2523445.48977,5230,819877.6,1117906.58175,0
1776141900000,1.3633,1.3645,1.3598,1.3629,8286223.9,1776142799999,11284281.99315,11838,3986805.9,5429114.02649,0
1776142800000,1.3628,1.3641,1.3621,1.3621,1854943.7,1776143699999,2528925.50017,5336,711854.2,970503.23489,0
1776143700000,1.3621,1.3648,1.3611,1.3639,3236400.7,1776144599999,4410795.09341,6519,1902199.5,2592236.54090,0
1776144600000,1.3639,1.3648,1.3635,1.3642,1557054.5,1776145499999,2124010.70944,4334,803294.0,1095796.50241,0
1776145500000,1.3643,1.3646,1.3606,1.3617,2828093.0,1776146399999,3853807.86424,5306,759400.9,1034772.51009,0
1776146400000,1.3617,1.3657,1.3616,1.3650,2887101.1,1776147299999,3938859.83470,6773,1720267.7,2346768.84449,0
1776147300000,1.3650,1.3689,1.3645,1.3674,3577895.9,1776148199999,4891461.24831,8832,1984650.0,2713201.59356,0
1776148200000,1.3674,1.3724,1.3669,1.3671,7972630.1,1776149099999,10919274.13252,12999,3417726.3,4679844.80267,0
1776149100000,1.3671,1.3710,1.3670,1.3707,2905981.6,1776149999999,3980688.27000,6925,1864944.2,2554632.66219,0
1776150000000,1.3707,1.3767,1.3695,1.3737,8533255.6,1776150899999,11720820.31404,16008,5061839.4,6952205.99231,0
1776150900000,1.3736,1.3742,1.3679,1.3724,8795051.0,1776151799999,12058279.27542,13812,4993991.5,6846547.23783,0
1776151800000,1.3724,1.3730,1.3693,1.3693,2982835.1,1776152699999,4090204.39004,7763,771800.1,1058274.07632,0
1776152700000,1.3692,1.3698,1.3667,1.3678,5035593.3,1776153599999,6890218.29224,8574,1620102.7,2217108.64098,0
1776153600000,1.3678,1.3685,1.3660,1.3667,3270992.0,1776154499999,4472025.66954,8585,1520354.6,2078640.17653,0
1776154500000,1.3667,1.3695,1.3666,1.3691,2022979.7,1776155399999,2767131.78806,6594,1178220.5,1611629.13576,0
1776155400000,1.3691,1.3741,1.3691,1.3723,6015498.1,1776156299999,8252774.34955,11943,3154439.6,4327328.61789,0
1776156300000,1.3724,1.3750,1.3718,1.3727,2767311.8,1776157199999,3800751.47191,7566,1654825.5,2272922.59715,0
1776157200000,1.3728,1.3752,1.3728,1.3751,2754081.4,1776158099999,3783743.07075,7773,1629431.8,2238523.69682,0
1776158100000,1.3752,1.3753,1.3713,1.3727,2480606.2,1776158999999,3405883.64303,6620,998949.4,1371532.44668,0
1776159000000,1.3728,1.3743,1.3712,1.3715,1971873.4,1776159899999,2706975.09361,7303,984156.8,1351094.12783,0
1776159900000,1.3715,1.3732,1.3705,1.3727,1682946.3,1776160799999,2308351.82361,4838,750108.1,1028860.25277,0
1776160800000,1.3727,1.3727,1.3708,1.3713,1408812.2,1776161699999,1932535.31859,5974,599855.1,822824.63350,0
1776161700000,1.3713,1.3715,1.3694,1.3699,1455889.9,1776162599999,1995240.04358,5182,652518.4,894247.08868,0
1776162600000,1.3700,1.3716,1.3683,1.3688,2803816.4,1776163499999,3840777.70690,6568,1322761.3,1812222.83538,0
1776163500000,1.3688,1.3707,1.3685,1.3696,2221303.9,1776164399999,3042613.78136,5105,1239447.5,1697655.79930,0
1776164400000,1.3696,1.3739,1.3690,1.3723,4859338.0,1776165299999,6663616.89284,8518,2157987.4,2959199.89513,0
1776165300000,1.3723,1.3727,1.3681,1.3685,2380751.9,1776166199999,3263467.05877,6395,993646.5,1362643.33366,0
1776166200000,1.3684,1.3691,1.3672,1.3687,2214207.5,1776167099999,3029369.43923,5486,1248068.6,1707608.42482,0
1776167100000,1.3687,1.3709,1.3680,1.3685,3076515.9,1776167999999,4213489.75341,6319,1682086.9,2303759.55988,0
1776168000000,1.3685,1.3706,1.3678,1.3687,3147530.7,1776168899999,4309982.81802,7727,1891435.6,2589939.16836,0
1776168900000,1.3686,1.3708,1.3653,1.3653,4625945.7,1776169799999,6325880.31153,8921,1929182.2,2638470.04175,0
1776169800000,1.3654,1.3676,1.3643,1.3647,4108685.0,1776170699999,5611490.54154,9139,1932836.9,2639709.67049,0
1776170700000,1.3647,1.3664,1.3644,1.3663,4831643.3,1776171599999,6596981.35240,7073,3085551.7,4212904.79804,0
1776171600000,1.3664,1.3709,1.3663,1.3708,4659625.0,1776172499999,6377973.06593,10071,2286887.8,3130924.62440,0
1776172500000,1.3709,1.3754,1.3695,1.3728,6522916.0,1776173399999,8956915.16032,9194,3103115.2,4261266.09102,0
1776173400000,1.3728,1.3831,1.3727,1.3818,11766263.2,1776174299999,16221636.51168,23479,6545042.2,9023704.92237,0
1776174300000,1.3819,1.3933,1.3808,1.3923,31093280.1,1776175199999,43165333.96959,38325,14884528.2,20658128.81154,0
1776175200000,1.3922,1.3950,1.3840,1.3884,16591648.2,1776176099999,23044351.17325,32454,8620038.2,11973556.11239,0
1776176100000,1.3883,1.3893,1.3844,1.3877,5915485.9,1776176999999,8203894.06022,15730,3248055.7,4504271.41352,0
1776177000000,1.3877,1.3944,1.3768,1.3771,21530422.0,1776177899999,29798751.08193,36437,9669977.2,13387543.89307,0
1776177900000,1.3772,1.3796,1.3711,1.3711,11284787.6,1776178799999,15513555.09090,20927,5822242.8,8005926.25546,0
1776178800000,1.3711,1.3752,1.3666,1.3703,12141154.5,1776179699999,16646796.52302,27457,6237769.5,8555053.56677,0
1776179700000,1.3704,1.3738,1.3689,1.3693,7062649.7,1776180599999,9685757.78231,14920,3718248.2,5100265.94527,0
1776180600000,1.3692,1.3767,1.3689,1.3764,6384693.1,1776181499999,8775153.36375,12238,3336170.1,4584000.56875,0
1776181500000,1.3764,1.3787,1.3719,1.3738,6431921.7,1776182399999,8847232.48143,13402,2570701.4,3536909.67617,0
1776182400000,1.3737,1.3804,1.3737,1.3775,6119082.8,1776183299999,8430112.59467,13772,3071026.1,4230891.15084,0
1776183300000,1.3775,1.3778,1.3722,1.3734,3494291.4,1776184199999,4802491.25643,9373,1420923.6,1953063.43931,0
1776184200000,1.3733,1.3748,1.3710,1.3738,2560491.6,1776185099999,3515145.06298,8286,1039057.4,1426787.88912,0
1776185100000,1.3739,1.3742,1.3654,1.3677,8225854.5,1776185999999,11250946.68438,15029,3637644.4,4975355.97382,0
1776186000000,1.3677,1.3708,1.3666,1.3703,4640368.9,1776186899999,6352587.31350,12380,2696401.4,3691195.16722,0
1776186900000,1.3703,1.3736,1.3696,1.3701,2057738.2,1776187799999,2822249.55509,7450,1006176.4,1380062.70981,0
1776187800000,1.3701,1.3711,1.3643,1.3691,4807593.3,1776188699999,6572434.03452,12093,2215151.1,3029021.73357,0
1776188700000,1.3692,1.3702,1.3676,1.3681,3037894.7,1776189599999,4157888.95693,7487,1448550.0,1982704.77276,0
1776189600000,1.3682,1.3701,1.3656,1.3664,3540516.4,1776190499999,4843647.96149,9213,1787527.1,2445625.13983,0
1776190500000,1.3663,1.3668,1.3605,1.3621,5132004.3,1776191399999,6995978.52012,11899,2566487.8,3498672.69022,0
1776191400000,1.3621,1.3636,1.3569,1.3580,7443481.1,1776192299999,10117729.87696,13063,3322513.9,4516406.76451,0
1776192300000,1.3580,1.3590,1.3515,1.3540,10860342.5,1776193199999,14708530.91747,18863,5614128.5,7603892.72145,0
1776193200000,1.3539,1.3583,1.3532,1.3556,4732052.6,1776194099999,6416471.34720,12040,2921695.3,3961613.94347,0
1776194100000,1.3555,1.3582,1.3517,1.3578,4716012.9,1776194999999,6390707.22516,12591,2509858.0,3400862.48392,0
1776195000000,1.3578,1.3599,1.3562,1.3575,4265483.0,1776195899999,5792484.11052,11440,2046570.3,2779497.44244,0
1776195900000,1.3575,1.3603,1.3572,1.3602,2758333.3,1776196799999,3748278.25633,9394,1706473.1,2318974.85223,0
1776196800000,1.3602,1.3610,1.3567,1.3595,3095157.9,1776197699999,4206003.04875,9144,1834330.2,2492850.17265,0
1776197700000,1.3595,1.3599,1.3543,1.3557,3087719.0,1776198599999,4186483.90855,7671,1362120.2,1846820.19260,0
1776198600000,1.3556,1.3580,1.3551,1.3572,1491846.0,1776199499999,2023683.60446,5167,819815.3,1112059.46960,0
1776199500000,1.3572,1.3580,1.3548,1.3561,2026953.0,1776200399999,2749422.78400,6290,947940.2,1285692.29505,0
1776200400000,1.3562,1.3600,1.3553,1.3578,2390683.5,1776201299999,3245968.34135,8119,1486106.2,2017838.67671,0
1776201300000,1.3578,1.3588,1.3567,1.3582,1143703.1,1776202199999,1552879.56020,4644,681673.3,925524.18238,0
1776202200000,1.3583,1.3596,1.3574,1.3583,1511346.3,1776203099999,2053150.69590,4704,883667.3,1200460.03797,0
1776203100000,1.3583,1.3616,1.3573,1.3594,2171682.8,1776203999999,2953405.85026,6972,1262991.4,1717495.68857,0
1776204000000,1.3593,1.3648,1.3582,1.3628,5146214.8,1776204899999,7007874.74902,13548,3120281.0,4249167.97077,0
1776204900000,1.3628,1.3628,1.3598,1.3608,2650361.7,1776205799999,3607954.68948,7220,1672843.2,2277145.55597,0
1776205800000,1.3608,1.3628,1.3565,1.3567,6094873.3,1776206699999,8288693.94472,9710,2530470.0,3441005.37558,0
1776206700000,1.3567,1.3593,1.3548,1.3576,6667856.8,1776207599999,9047860.96174,9651,3491717.7,4737740.85513,0
1776207600000,1.3576,1.3597,1.3564,1.3576,2799338.5,1776208499999,3801666.81441,7350,1269890.4,1724520.45278,0
1776208500000,1.3575,1.3602,1.3573,1.3598,1552378.3,1776209399999,2110064.41971,5241,1069176.0,1453364.58664,0
1776209400000,1.3597,1.3640,1.3593,1.3633,3609439.1,1776210299999,4916680.73779,7544,2047126.4,2788833.44885,0
1776210300000,1.3633,1.3652,1.3597,1.3608,7659235.8,1776211199999,10434317.30822,10526,3550364.1,4836256.44046,0
1776211200000,1.3608,1.3650,1.3605,1.3609,4930113.3,1776212099999,6717865.43028,11416,2180213.4,2971069.18198,0
1776212100000,1.3609,1.3620,1.3569,1.3612,10445718.0,1776212999999,14197271.53157,13858,5793965.7,7873605.81279,0
1776213000000,1.3613,1.3638,1.3598,1.3634,2226800.4,1776213899999,3032832.10825,6552,1232772.3,1678915.64543,0
1776213900000,1.3634,1.3661,1.3601,1.3613,8026037.0,1776214799999,10940746.19755,11705,3609399.9,4919759.78465,0
1776214800000,1.3614,1.3646,1.3584,1.3631,7585869.9,1776215699999,10323585.29292,13063,4266303.1,5806204.72078,0
1776215700000,1.3632,1.3639,1.3594,1.3611,1647462.8,1776216599999,2242865.68090,6184,624381.1,849844.81592,0
1776216600000,1.3611,1.3623,1.3586,1.3622,1576714.2,1776217499999,2145505.97277,6350,911637.5,1240617.31723,0
1776217500000,1.3622,1.3646,1.3609,1.3620,1819978.3,1776218399999,2479901.24878,5627,1023391.4,1394587.95184,0
1776218400000,1.3620,1.3636,1.3602,1.3611,1280834.8,1776219299999,1744128.71494,4968,597958.3,814339.45502,0
1776219300000,1.3611,1.3630,1.3588,1.3593,2376032.1,1776220199999,3233296.09686,6098,1011273.3,1376486.06253,0
1776220200000,1.3593,1.3595,1.3548,1.3560,3788363.1,1776221099999,5137017.56770,8769,1320227.7,1790088.10323,0
1776221100000,1.3559,1.3567,1.3547,1.3567,1667583.7,1776221999999,2260175.05741,4459,815836.6,1105882.20806,0
1776222000000,1.3566,1.3569,1.3552,1.3561,1533939.6,1776222899999,2079916.95609,5965,715000.8,969463.41861,0
1776222900000,1.3560,1.3578,1.3554,1.3564,1212932.8,1776223799999,1645371.14515,4363,609378.3,826717.15373,0
1776223800000,1.3565,1.3573,1.3553,1.3560,1196804.7,1776224699999,1623073.39228,4044,699982.3,949243.67319,0
1776224700000,1.3560,1.3576,1.3558,1.3571,1337027.4,1776225599999,1814007.62824,4254,788697.6,1070060.22295,0
1776225600000,1.3571,1.3592,1.3566,1.3572,1471846.5,1776226499999,1998844.77769,5704,815785.2,1107819.75640,0
1776226500000,1.3572,1.3592,1.3571,1.3574,993449.6,1776227399999,1349363.10912,4067,505657.1,686842.85475,0
1776227400000,1.3574,1.3600,1.3570,1.3582,1733590.7,1776228299999,2355307.41413,4843,1027458.4,1395963.64093,0
1776228300000,1.3583,1.3589,1.3569,1.3583,1237059.8,1776229199999,1679796.07413,3998,727981.3,988492.30175,0
1776229200000,1.3583,1.3608,1.3570,1.3573,2833185.7,1776230099999,3850476.77106,8136,1272756.1,1729850.54987,0
1776230100000,1.3574,1.3577,1.3554,1.3562,1901866.2,1776230999999,2580081.74924,5678,684275.3,928135.87708,0
1776231000000,1.3562,1.3568,1.3541,1.3564,3304466.5,1776231899999,4479694.17756,6890,1626285.3,2204873.58611,0
1776231900000,1.3564,1.3581,1.3554,1.3579,1187072.6,1776232799999,1610531.31833,4148,649718.2,881502.25044,0
1776232800000,1.3580,1.3580,1.3548,1.3555,3274724.5,1776233699999,4439415.82623,7570,1358635.1,1841831.87155,0
1776233700000,1.3555,1.3558,1.3534,1.3543,2983434.6,1776234599999,4040820.40175,6290,966814.9,1309379.17434,0
1776234600000,1.3543,1.3560,1.3540,1.3557,1773806.0,1776235499999,2404153.00148,5152,1013712.7,1373994.28292,0
1776235500000,1.3557,1.3559,1.3533,1.3548,1843208.9,1776236399999,2496820.15488,5219,733531.1,993513.09749,0
1776236400000,1.3548,1.3560,1.3537,1.3543,2301082.4,1776237299999,3117664.76763,6164,907362.5,1229372.35513,0
1776237300000,1.3543,1.3544,1.3484,1.3519,7425236.2,1776238199999,10030613.15725,12136,2897318.0,3913938.49197,0
1776238200000,1.3518,1.3530,1.3504,1.3523,5181806.0,1776239099999,7005323.90817,9656,2877892.6,3890870.25137,0
1776239100000,1.3523,1.3544,1.3500,1.3514,7474639.1,1776239999999,10107193.94917,10804,3319465.9,4488820.51989,0
1776240000000,1.3514,1.3548,1.3500,1.3541,6641166.9,1776240899999,8980425.65957,9890,3933956.5,5319960.08849,0
1776240900000,1.3541,1.3548,1.3532,1.3544,2317062.9,1776241799999,3137555.97272,5167,1072138.7,1451886.34244,0
1776241800000,1.3544,1.3567,1.3538,1.3550,2800076.1,1776242699999,3794472.81784,6350,1401062.9,1898621.75825,0
1776242700000,1.3549,1.3563,1.3540,1.3548,1946356.2,1776243599999,2637201.63091,4637,935204.2,1267116.72870,0
1776243600000,1.3549,1.3555,1.3517,1.3525,2726782.4,1776244499999,3690442.34962,7247,1291951.2,1748582.52646,0
1776244500000,1.3525,1.3539,1.3498,1.3505,6045519.0,1776245399999,8173001.17115,10296,3371372.1,4558056.71791,0
1776245400000,1.3505,1.3530,1.3503,1.3519,1518854.1,1776246299999,2052745.53238,5863,937604.7,1267080.22114,0
1776246300000,1.3519,1.3523,1.3510,1.3518,1600762.6,1776247199999,2163774.47842,4033,998734.9,1350014.01896,0
1776247200000,1.3518,1.3546,1.3513,1.3536,2366623.2,1776248099999,3202894.63280,5856,1218466.2,1648951.31136,0
1776248100000,1.3536,1.3537,1.3520,1.3532,2418393.1,1776248999999,3271775.49556,6453,1522885.5,2060316.27727,0
1776249000000,1.3532,1.3549,1.3509,1.3549,2457607.4,1776249899999,3323760.38578,6440,1249427.4,1689923.51460,0
1776249900000,1.3550,1.3588,1.3547,1.3557,4534918.7,1776250799999,6153609.08346,9123,2413426.4,3274759.83284,0
1776250800000,1.3556,1.3598,1.3556,1.3585,3567880.9,1776251699999,4842627.77101,7441,2310853.4,3136459.52339,0
1776251700000,1.3586,1.3593,1.3580,1.3581,1940583.5,1776252599999,2636533.28741,4974,1037834.3,1410097.29550,0
1776252600000,1.3581,1.3599,1.3573,1.3594,1833677.0,1776253499999,2492354.11540,4975,1055129.0,1434172.66838,0
1776253500000,1.3594,1.3642,1.3593,1.3627,7820520.9,1776254399999,10652950.75885,12772,4198187.9,5718267.52667,0
1776254400000,1.3628,1.3633,1.3608,1.3618,4330347.5,1776255299999,5898884.91740,12884,2173703.3,2961221.63163,0
1776255300000,1.3618,1.3621,1.3604,1.3611,1689250.1,1776256199999,2299484.99560,5000,894900.0,1218174.74223,0
1776256200000,1.3611,1.3660,1.3608,1.3650,6236482.6,1776257099999,8506409.69846,11006,4102317.0,5596205.38128,0
1776257100000,1.3650,1.3686,1.3644,1.3648,9175374.0,1776257999999,12538510.25477,12960,5319850.6,7269577.09937,0
1776258000000,1.3649,1.3653,1.3633,1.3639,4073533.7,1776258899999,5557671.10137,9059,2255110.7,3076823.38101,0
1776258900000,1.3640,1.3675,1.3636,1.3666,1852494.0,1776259799999,2528664.68933,5493,1036105.2,1414385.26959,0
1776259800000,1.3667,1.3674,1.3606,1.3617,6490237.5,1776260699999,8848944.03167,14403,2459401.7,3353590.91607,0
1776260700000,1.3617,1.3671,1.3613,1.3667,4768125.4,1776261599999,6505424.62186,11581,2586740.8,3529771.48418,0
1776261600000,1.3667,1.3668,1.3634,1.3660,2509805.1,1776262499999,3426048.30224,10095,1011342.6,1380615.12497,0
1776262500000,1.3661,1.3753,1.3652,1.3737,10134696.0,1776263399999,13891733.34306,18786,6127744.6,8399209.38518,0
1776263400000,1.3738,1.3788,1.3694,1.3716,12903836.7,1776264299999,17735620.28267,20222,5539886.0,7613806.73464,0
1776264300000,1.3716,1.3769,1.3706,1.3759,5439271.9,1776265199999,7475885.10127,11223,2696272.6,3705048.53927,0
1776265200000,1.3758,1.3830,1.3758,1.3822,12342986.2,1776266099999,17020506.54918,24196,6783998.3,9354632.46169,0
1776266100000,1.3821,1.3830,1.3772,1.3795,7582426.3,1776266999999,10465686.49166,14850,3470454.3,4790500.98164,0
1776267000000,1.3795,1.3796,1.3712,1.3761,15197772.4,1776267899999,20901205.43666,23645,6179899.7,8498212.97225,0
1776267900000,1.3760,1.3799,1.3723,1.3726,8746127.3,1776268799999,12035686.13573,15574,4195674.3,5774294.54160,0
1776268800000,1.3726,1.3790,1.3710,1.3790,12025974.2,1776269699999,16523613.22709,18882,7092599.8,9743629.11209,0
1776269700000,1.3790,1.3807,1.3770,1.3796,4366201.1,1776270599999,6021299.70044,12395,1886680.0,2602048.72637,0
1776270600000,1.3795,1.3817,1.3755,1.3759,4344056.0,1776271499999,5988329.58031,13978,1816705.8,2504547.52672,0
1776271500000,1.3759,1.3784,1.3744,1.3778,4410514.2,1776272399999,6068977.94472,11630,2124706.6,2923869.54389,0
1776272400000,1.3777,1.3818,1.3773,1.3790,5757809.8,1776273299999,7943713.67643,12589,2984117.6,4116849.50214,0
1776273300000,1.3790,1.3835,1.3779,1.3806,6327095.2,1776274199999,8731596.30971,12240,3497358.4,4827133.69350,0
1776274200000,1.3805,1.3820,1.3756,1.3760,5342164.5,1776275099999,7369286.87741,11524,2266947.1,3127277.31762,0
1776275100000,1.3761,1.3798,1.3751,1.3794,4343899.2,1776275999999,5983292.94284,8565,2255505.2,3106603.29148,0
1776276000000,1.3794,1.3858,1.3783,1.3834,11094961.6,1776276899999,15342507.66600,17718,6005065.7,8302483.29313,0
1776276900000,1.3834,1.3849,1.3811,1.3813,3278229.7,1776277799999,4533876.05301,7598,1359216.6,1879795.43898,0
1776277800000,1.3814,1.3840,1.3813,1.3839,3321382.7,1776278699999,4592759.14619,12064,1622530.4,2243654.42617,0
1776278700000,1.3840,1.3870,1.3833,1.3861,5204923.6,1776279599999,7212054.00554,10779,2988129.3,4140872.45524,0
1776279600000,1.3861,1.3878,1.3838,1.3857,5757938.5,1776280499999,7979379.84394,12331,2737117.7,3793392.22611,0
1776280500000,1.3857,1.3886,1.3844,1.3882,3642676.3,1776281399999,5051238.18732,8256,1786632.9,2477801.67956,0
1776281400000,1.3882,1.4083,1.3881,1.4012,37664641.4,1776282299999,52734336.00709,47498,20932349.8,29298621.98640,0
1776282300000,1.4012,1.4018,1.3975,1.3995,13911240.8,1776283199999,19468449.73124,19925,7033883.3,9843864.26655,0
1776283200000,1.3995,1.4001,1.3900,1.3914,12923392.8,1776284099999,18030324.02302,20060,5522756.9,7700270.08867,0
1776284100000,1.3914,1.3914,1.3849,1.3877,5926807.0,1776284999999,8221871.18651,13253,2723111.6,3777748.92648,0
1776285000000,1.3877,1.3902,1.3855,1.3873,3855257.4,1776285899999,5350896.95389,10483,2050172.7,2845892.82817,0
1776285900000,1.3873,1.3888,1.3867,1.3876,1729840.2,1776286799999,2400723.42662,6184,918196.3,1274327.72431,0
1776286800000,1.3876,1.3886,1.3826,1.3832,3566205.5,1776287699999,4942638.60401,9823,1804112.5,2501128.69661,0
1776287700000,1.3831,1.3842,1.3794,1.3830,4995519.0,1776288599999,6904470.43002,11219,2603081.4,3598230.83591,0
1776288600000,1.3831,1.3865,1.3824,1.3854,2230076.5,1776289499999,3087544.54095,7005,1357357.1,1879358.32624,0
1776289500000,1.3854,1.3885,1.3854,1.3878,1676957.2,1776290399999,2326553.38893,5566,1169172.6,1622024.62687,0
1776290400000,1.3878,1.4021,1.3877,1.3968,10949552.5,1776291299999,15288013.59794,22819,6133643.8,8562152.82509,0
1776291300000,1.3968,1.3978,1.3944,1.3949,5052042.0,1776292199999,7054325.18344,10196,2716575.4,3793632.32420,0
1776292200000,1.3949,1.4022,1.3937,1.3962,6034722.9,1776293099999,8430813.80286,14028,3506567.6,4899197.77057,0
1776293100000,1.3962,1.3978,1.3927,1.3936,3333114.0,1776293999999,4649386.05129,9086,1448786.2,2020992.62241,0
1776294000000,1.3935,1.3936,1.3885,1.3898,4916814.9,1776294899999,6839466.87153,11662,2161676.8,3007272.74436,0
1776294900000,1.3897,1.3897,1.3847,1.3876,4266408.0,1776295799999,5917754.69774,9295,1774207.4,2460660.93667,0
1776295800000,1.3877,1.3891,1.3851,1.3877,2746032.7,1776296699999,3808864.71218,6793,1321764.9,1833518.74061,0
1776296700000,1.3877,1.3917,1.3876,1.3915,3574402.1,1776297599999,4970159.85724,7553,2309846.3,3211884.66257,0
1776297600000,1.3916,1.3926,1.3889,1.3891,4381196.3,1776298499999,6092594.14407,10389,1842227.7,2562227.03244,0
1776298500000,1.3891,1.3897,1.3859,1.3876,3037498.2,1776299399999,4215836.79478,7988,1310510.4,1818868.63645,0
1776299400000,1.3876,1.3968,1.3876,1.3962,5047988.3,1776300299999,7031858.88302,12084,3276129.6,4563510.62632,0
1776300300000,1.3962,1.3976,1.3934,1.3965,3555013.2,1776301199999,4961245.92795,8015,1229779.7,1716256.73765,0
1776301200000,1.3964,1.3965,1.3897,1.3942,4593785.1,1776302099999,6396676.63886,12185,1920555.7,2673639.33534,0
1776302100000,1.3941,1.4005,1.3940,1.3974,8544870.7,1776302999999,11941243.16286,14213,4795757.0,6700071.76519,0
1776303000000,1.3974,1.4010,1.3970,1.4005,4214283.6,1776303899999,5896088.19394,10310,2023669.1,2831470.73093,0
1776303900000,1.4005,1.4016,1.3973,1.3998,5940955.1,1776304799999,8314649.76720,11082,2299914.3,3219360.52827,0
1776304800000,1.3997,1.4040,1.3979,1.3981,5869815.3,1776305699999,8225277.88496,14524,2736926.8,3836523.15111,0
1776305700000,1.3981,1.4018,1.3959,1.4013,4286150.1,1776306599999,5990026.73860,11607,2011028.0,2810925.46061,0
1776306600000,1.4012,1.4092,1.4008,1.4088,9933419.3,1776307499999,13955277.56890,20056,5799511.3,8149439.90828,0
1776307500000,1.4088,1.4097,1.4037,1.4060,7876790.6,1776308399999,11077151.09454,15057,3729327.8,5244353.45217,0
1776308400000,1.4059,1.4127,1.4049,1.4090,8371970.2,1776309299999,11801825.17718,18981,4265678.6,6013516.98954,0
1776309300000,1.4090,1.4150,1.4090,1.4114,9217833.0,1776310199999,13023468.09843,17315,4772809.8,6742975.97886,0
1776310200000,1.4113,1.4114,1.4055,1.4063,5933042.4,1776311099999,8350964.44104,12952,2684228.8,3777917.29545,0
1776311100000,1.4063,1.4082,1.4046,1.4054,4748746.7,1776311999999,6677903.14913,10957,1709327.3,2403765.37856,0
1776312000000,1.4054,1.4094,1.4041,1.4065,4759710.2,1776312899999,6694287.13984,12263,1967095.6,2767092.21139,0
1776312900000,1.4064,1.4096,1.4054,1.4059,3611718.9,1776313799999,5082065.34850,9369,1464426.8,2060923.83309,0
1776313800000,1.4060,1.4107,1.4049,1.4083,3841276.4,1776314699999,5407938.89891,9389,1782847.2,2510141.26543,0
1776314700000,1.4083,1.4088,1.4011,1.4031,7565630.1,1776315599999,10622752.53812,14037,2835063.8,3979162.49202,0
1776315600000,1.4031,1.4048,1.4010,1.4023,3318915.2,1776316499999,4655485.89490,9544,1460004.5,2048134.71715,0
1776316500000,1.4023,1.4047,1.3995,1.4033,3327535.4,1776317399999,4664739.36219,8035,1220346.8,1711440.81404,0
1776317400000,1.4034,1.4065,1.4031,1.4054,2466685.7,1776318299999,3465588.03347,7409,1141564.2,1603790.38796,0
1776318300000,1.4054,1.4065,1.4039,1.4049,2197053.7,1776319199999,3087621.29332,6513,1035547.2,1455281.68906,0
1776319200000,1.4050,1.4084,1.4047,1.4064,4117981.1,1776320099999,5793525.02755,7990,1401581.3,1971390.48712,0
1776320100000,1.4065,1.4089,1.4058,1.4063,2533701.9,1776320999999,3566100.11309,6620,834316.9,1174415.14288,0
1776321000000,1.4064,1.4074,1.4035,1.4063,2367487.9,1776321899999,3327354.17126,6564,840909.4,1181904.88322,0
1776321900000,1.4063,1.4093,1.4058,1.4091,1792669.2,1776322799999,2523699.15465,5168,1127708.1,1587552.35214,0
1776322800000,1.4091,1.4122,1.4082,1.4097,4623178.4,1776323699999,6518753.86902,9974,2366766.8,3337671.21850,0
1776323700000,1.4097,1.4108,1.4070,1.4079,2907876.3,1776324599999,4097452.32950,7048,1296475.1,1826918.29538,0
1776324600000,1.4080,1.4094,1.4072,1.4086,1997030.9,1776325499999,2811966.04607,6188,791043.9,1113907.41309,0
1776325500000,1.4086,1.4088,1.4031,1.4052,4048949.0,1776326399999,5691414.63696,9380,1386404.7,1948551.67479,0
1776326400000,1.4052,1.4067,1.4018,1.4024,5073542.0,1776327299999,7122919.22501,11557,2178358.4,3058823.50016,0
1776327300000,1.4025,1.4060,1.4023,1.4049,3311775.1,1776328199999,4651937.33705,7856,1759247.4,2471022.29378,0
1776328200000,1.4049,1.4054,1.4027,1.4043,2931135.1,1776329099999,4115044.66023,6429,1275993.0,1791697.33112,0
1776329100000,1.4042,1.4088,1.4038,1.4045,4382945.7,1776329999999,6165427.46460,7269,2257245.8,3175097.89698,0
1776330000000,1.4046,1.4139,1.4030,1.4138,7358966.8,1776330899999,10369544.81241,13995,4793288.9,6754008.79849,0
1776330900000,1.4138,1.4227,1.4130,1.4158,21214570.6,1776331799999,30067813.45146,31627,11355949.4,16091046.90903,0
1776331800000,1.4157,1.4176,1.4104,1.4105,6353814.1,1776332699999,8984009.25764,11476,2890981.0,4088274.71034,0
1776332700000,1.4105,1.4205,1.4086,1.4166,14962645.7,1776333599999,21165932.68154,19623,8856643.0,12525644.33197,0
1776333600000,1.4165,1.4172,1.4082,1.4107,7374468.6,1776334499999,10414768.23865,17202,3049022.0,4305867.22990,0
1776334500000,1.4106,1.4132,1.4096,1.4125,4425553.5,1776335399999,6247673.72958,11763,1833734.5,2588899.45526,0
1776335400000,1.4125,1.4140,1.4113,1.4116,2999400.2,1776336299999,4236560.90615,9251,1395431.5,1971159.35395,0
1776336300000,1.4116,1.4124,1.4069,1.4079,4444421.0,1776337199999,6261767.12696,10500,1701543.4,2397099.00194,0
1776337200000,1.4079,1.4087,1.4013,1.4023,7231767.6,1776338099999,10156046.96140,14421,3159184.6,4436162.76943,0
1776338100000,1.4023,1.4051,1.4007,1.4044,3815621.0,1776338999999,5353227.83704,9454,1793344.2,2516153.13543,0
1776339000000,1.4043,1.4079,1.4037,1.4061,5837564.3,1776339899999,8204166.41114,12413,2818815.3,3961765.38923,0
1776339900000,1.4061,1.4087,1.4053,1.4086,2553939.3,1776340799999,3594223.76621,6984,1202881.1,1692784.26525,0
1776340800000,1.4087,1.4228,1.4083,1.4184,12254031.9,1776341699999,17361159.93194,24137,6364196.1,9016256.03708,0
1776341700000,1.4184,1.4197,1.4151,1.4164,5101785.8,1776342599999,7228528.41329,12333,2302173.5,3262292.69754,0
1776342600000,1.4163,1.4167,1.4093,1.4128,5752700.9,1776343499999,8124585.01134,11828,2468747.1,3485836.45776,0
1776343500000,1.4128,1.4142,1.4105,1.4131,3840411.3,1776344399999,5423998.80042,10804,2123758.7,2999577.69526,0
1776344400000,1.4131,1.4204,1.4109,1.4204,5673684.7,1776345299999,8031744.64085,13839,3113416.8,4407997.51621,0
1776345300000,1.4203,1.4305,1.4193,1.4285,15155138.4,1776346199999,21585068.59157,26138,8327056.0,11862751.00898,0
1776346200000,1.4286,1.4337,1.4244,1.4302,15072757.5,1776347099999,21527531.43161,35640,7799088.6,11141367.06463,0
1776347100000,1.4302,1.4302,1.3982,1.4064,35586587.8,1776347999999,50138358.59516,60640,16496965.3,23242120.48292,0
1776348000000,1.4064,1.4090,1.4014,1.4038,14113279.9,1776348899999,19835955.18146,34796,7204472.0,10126904.27518,0
1776348900000,1.4037,1.4060,1.3920,1.3995,20744870.7,1776349799999,28973062.23949,42371,9841613.9,13743885.45585,0
1776349800000,1.3996,1.4033,1.3986,1.4030,7983367.8,1776350699999,11186975.68098,19796,4318058.9,6050504.32538,0
1776350700000,1.4029,1.4123,1.4024,1.4096,8460643.7,1776351599999,11905523.50629,21352,4269913.0,6009415.22816,0
1776351600000,1.4095,1.4235,1.4065,1.4220,13057554.9,1776352499999,18508638.37116,29452,6114766.7,8665870.38452,0
1776352500000,1.4220,1.4255,1.4151,1.4155,12682971.7,1776353399999,18031226.37187,27163,5718466.6,8132107.43349,0
1776353400000,1.4155,1.4312,1.4145,1.4267,15651222.5,1776354299999,22286948.79756,33123,9029943.8,12856204.24051,0
1776354300000,1.4267,1.4323,1.4254,1.4285,7389960.0,1776355199999,10555960.64736,19852,3638279.6,5197603.52037,0
1776355200000,1.4286,1.4375,1.4285,1.4317,11321235.1,1776356099999,16224225.27453,28552,6217978.4,8911177.79175,0
1776356100000,1.4317,1.4412,1.4291,1.4326,12476221.1,1776356999999,17916664.96865,29007,6625041.0,9516237.74533,0
1776357000000,1.4326,1.4350,1.4206,1.4227,14802389.2,1776357899999,21106985.43926,32187,6512350.7,9286088.60884,0
1776357900000,1.4227,1.4260,1.4148,1.4189,14340239.5,1776358799999,20355028.92761,28193,5367511.9,7622034.76412,0
1776358800000,1.4189,1.4217,1.4156,1.4158,5605565.8,1776359699999,7956220.63048,19132,2746077.0,3897884.11617,0
1776359700000,1.4157,1.4228,1.4135,1.4195,10351231.5,1776360599999,14687934.23926,19027,5995496.9,8509097.50782,0
1776360600000,1.4195,1.4270,1.4186,1.4255,5664172.8,1776361499999,8058728.17252,15665,2580291.5,3670510.07973,0
1776361500000,1.4255,1.4291,1.4235,1.4266,4802463.8,1776362399999,6849173.26869,13827,2121232.1,3025454.99512,0
1776362400000,1.4265,1.4328,1.4236,1.4297,6275188.1,1776363299999,8962720.33248,21162,3405379.4,4864197.73779,0
1776363300000,1.4297,1.4344,1.4286,1.4323,5490356.5,1776364199999,7859518.98074,16779,2744152.7,3928848.67182,0
1776364200000,1.4323,1.4382,1.4314,1.4370,8689229.4,1776365099999,12475910.91343,17437,5345320.6,7675876.94858,0
1776365100000,1.4369,1.4481,1.4368,1.4459,15490572.6,1776365999999,22354188.40099,30311,8211894.6,11849587.86247,0
1776366000000,1.4459,1.4485,1.4407,1.4428,13035688.9,1776366899999,18841330.38876,26343,5449834.1,7879496.82459,0
1776366900000,1.4427,1.4532,1.4423,1.4521,11385544.8,1776367799999,16498769.69660,23882,6065459.5,8790107.30705,0
1776367800000,1.4521,1.4641,1.4512,1.4614,17941120.5,1776368699999,26169860.54084,34895,8799527.3,12834129.36855,0
1776368700000,1.4614,1.4657,1.4587,1.4636,10390728.8,1776369599999,15198224.12557,24277,5319176.1,7780158.94756,0
1776369600000,1.4636,1.4655,1.4572,1.4580,8777790.0,1776370499999,12822635.23950,22273,4038459.0,5899773.24385,0
1776370500000,1.4580,1.4607,1.4535,1.4552,6385626.7,1776371399999,9301449.26142,15479,3101130.7,4517462.71511,0
1776371400000,1.4552,1.4553,1.4434,1.4456,8544655.3,1776372299999,12373298.19837,18833,3627522.1,5253138.71774,0
1776372300000,1.4455,1.4519,1.4442,1.4516,4763245.0,1776373199999,6901070.72804,13250,2636162.1,3819793.12678,0
1776373200000,1.4517,1.4580,1.4517,1.4536,4841187.0,1776374099999,7042963.59102,14164,2972156.9,4323571.23389,0
1776374100000,1.4536,1.4550,1.4454,1.4478,4946486.4,1776374999999,7170035.44189,15273,2296096.2,3328648.19908,0
1776375000000,1.4478,1.4502,1.4456,1.4490,2264698.9,1776375899999,3280121.28041,9207,1239858.4,1795861.37307,0
1776375900000,1.4489,1.4495,1.4451,1.4460,1879597.8,1776376799999,2720827.93713,7952,880576.0,1274945.32716,0
1776376800000,1.4459,1.4513,1.4459,1.4488,3399403.4,1776377699999,4926778.49349,10695,1828037.7,2649482.18259,0
1776377700000,1.4488,1.4530,1.4468,1.4516,2632705.0,1776378599999,3815201.97168,9304,1429849.3,2072404.18079,0
1776378600000,1.4515,1.4519,1.4468,1.4495,2246851.1,1776379499999,3256611.68341,8323,973023.4,1410221.22002,0
1776379500000,1.4495,1.4522,1.4491,1.4504,2078536.7,1776380399999,3015357.58099,7420,1205153.5,1748368.58032,0
1776380400000,1.4504,1.4518,1.4485,1.4492,2176266.2,1776381299999,3155048.29388,8518,1090833.9,1581364.38851,0
1776381300000,1.4493,1.4518,1.4472,1.4504,6949304.9,1776382199999,10070662.97796,12654,3714815.8,5383479.15144,0
1776382200000,1.4504,1.4572,1.4496,1.4548,4294119.1,1776383099999,6245996.19873,11878,2207304.3,3210385.35332,0
1776383100000,1.4549,1.4549,1.4504,1.4521,5281341.1,1776383999999,7668650.35733,11439,2627037.5,3814663.99871,0
1776384000000,1.4521,1.4548,1.4457,1.4461,6631066.2,1776384899999,9610836.92157,16319,3039144.8,4405372.31710,0
1776384900000,1.4460,1.4496,1.4428,1.4440,8573352.0,1776385799999,12398167.74697,15217,3722299.7,5383731.56685,0
1776385800000,1.4441,1.4460,1.4421,1.4426,3877561.3,1776386699999,5598714.15058,10998,1723650.9,2488981.86756,0
1776386700000,1.4426,1.4433,1.4397,1.4400,4212390.9,1776387599999,6071817.03428,9897,1701634.7,2452794.09101,0
1776387600000,1.4401,1.4417,1.4359,1.4374,7691140.1,1776388499999,11063372.44928,16239,3395940.2,4885703.83155,0
1776388500000,1.4374,1.4400,1.4310,1.4335,6575351.8,1776389399999,9431240.65850,15387,3238524.9,4645656.95848,0
1776389400000,1.4336,1.4368,1.4305,1.4314,5789586.5,1776390299999,8298437.39898,13402,2481737.6,3557953.54152,0
1776390300000,1.4314,1.4322,1.4268,1.4296,9928252.3,1776391199999,14189099.45368,16530,4773280.7,6821855.87185,0
1776391200000,1.4297,1.4308,1.4264,1.4279,4354560.3,1776392099999,6220719.70616,10674,2171396.7,3102400.91050,0
1776392100000,1.4279,1.4279,1.4221,1.4229,5922839.8,1776392999999,8432342.27744,13251,2761645.5,3931398.29422,0
1776393000000,1.4229,1.4285,1.4218,1.4273,4410964.0,1776393899999,6289001.91376,10339,2634315.6,3756377.23417,0
1776393900000,1.4274,1.4291,1.4273,1.4290,3184729.3,1776394799999,4548791.54966,6939,1559368.0,2227361.76363,0
1776394800000,1.4290,1.4306,1.4265,1.4296,3715304.5,1776395699999,5306571.50124,8620,2200091.1,3142592.42808,0
1776395700000,1.4295,1.4309,1.4285,1.4298,3445374.9,1776396599999,4925546.76930,7173,2205256.3,3152748.80748,0
1776396600000,1.4298,1.4382,1.4298,1.4350,13777917.4,1776397499999,19759881.68793,17469,8008113.9,11482050.14151,0
1776397500000,1.4350,1.4356,1.4298,1.4302,3670010.6,1776398399999,5257083.31730,8804,1456802.1,2086664.86672,0
1776398400000,1.4302,1.4336,1.4298,1.4308,3036534.3,1776399299999,4345759.00869,8377,1632110.1,2335590.30246,0
1776399300000,1.4309,1.4331,1.4284,1.4292,3346349.5,1776400199999,4785415.29223,8176,1650071.2,2359657.30483,0
1776400200000,1.4293,1.4323,1.4256,1.4318,7451155.3,1776401099999,10648030.53780,11745,4082139.0,5832597.43333,0
1776401100000,1.4319,1.4328,1.4293,1.4311,5026013.6,1776401999999,7191939.44344,9483,2576401.8,3686024.95247,0
1776402000000,1.4311,1.4319,1.4254,1.4282,5656256.3,1776402899999,8077217.14691,12575,2126421.5,3036462.60167,0
1776402900000,1.4282,1.4361,1.4279,1.4298,7706184.5,1776403799999,11042500.74993,13372,3777373.7,5411882.84755,0
1776403800000,1.4298,1.4306,1.4247,1.4258,6495796.0,1776404699999,9269115.47485,11745,3045989.5,4347045.58592,0
1776404700000,1.4259,1.4271,1.4243,1.4245,2109915.5,1776405599999,3008433.38091,6330,1104008.6,1574275.23166,0
1776405600000,1.4244,1.4280,1.4234,1.4270,2968261.0,1776406499999,4231353.98115,9673,1664489.3,2372880.19994,0
1776406500000,1.4270,1.4291,1.4267,1.4287,2512567.8,1776407399999,3588211.34402,7725,1516759.1,2166214.32500,0
1776407400000,1.4287,1.4328,1.4276,1.4321,2591966.8,1776408299999,3706940.61572,7556,1399945.3,2002129.25478,0
1776408300000,1.4321,1.4328,1.4299,1.4317,1996222.3,1776409199999,2857415.90592,6433,787298.9,1127042.89557,0
1776409200000,1.4317,1.4355,1.4315,1.4344,3841463.8,1776410099999,5508530.16991,11295,1813694.1,2600991.23316,0
1776410100000,1.4344,1.4344,1.4316,1.4333,2395386.6,1776410999999,3432130.83506,7321,1169227.4,1675327.13123,0
1776411000000,1.4334,1.4392,1.4332,1.4387,7224361.7,1776411899999,10382469.50298,10933,3142036.5,4514380.82857,0
1776411900000,1.4387,1.4390,1.4361,1.4366,2361221.6,1776412799999,3394518.90633,6583,1134631.4,1631179.18889,0
1776412800000,1.4367,1.4385,1.4348,1.4358,4293928.3,1776413699999,6166875.20787,9341,2309661.4,3317154.89400,0
1776413700000,1.4359,1.4403,1.4349,1.4390,7559017.8,1776414599999,10865176.82826,13645,5210589.5,7488829.08436,0
1776414600000,1.4390,1.4437,1.4382,1.4408,6559769.5,1776415499999,9451454.85601,13185,3798221.5,5472966.22828,0
1776415500000,1.4409,1.4472,1.4401,1.4460,6928189.8,1776416399999,10003791.29450,14785,3893046.3,5621644.61108,0
1776416400000,1.4459,1.4484,1.4418,1.4480,4899743.9,1776417299999,7078709.69245,14894,2533673.6,3661452.71375,0
1776417300000,1.4481,1.4586,1.4450,1.4569,8238232.9,1776418199999,11961944.69166,19277,4731943.4,6870323.50500,0
1776418200000,1.4569,1.4578,1.4457,1.4494,9399629.8,1776419099999,13625727.86068,22881,4381150.5,6350429.70272,0
1776419100000,1.4494,1.4531,1.4471,1.4512,4708741.3,1776419999999,6828645.94653,12324,2385100.7,3458874.39901,0
1776420000000,1.4513,1.4528,1.4420,1.4430,8401742.9,1776420899999,12156537.82234,18192,3616163.9,5231536.08185,0
1776420900000,1.4431,1.4449,1.4360,1.4362,6015015.8,1776421799999,8664102.27630,14600,2461141.7,3545543.91878,0
1776421800000,1.4361,1.4375,1.4319,1.4341,7743864.0,1776422699999,11113334.04295,18358,4019214.0,5768235.61584,0
1776422700000,1.4340,1.4374,1.4335,1.4361,4592898.6,1776423599999,6595141.15262,8896,2678473.1,3846314.61392,0
1776423600000,1.4361,1.4397,1.4358,1.4380,3498602.3,1776424499999,5032173.48381,8561,1679219.4,2415344.89927,0
1776424500000,1.4380,1.4434,1.4372,1.4427,3552233.4,1776425399999,5115124.65684,7941,1557615.4,2244031.03042,0
1776425400000,1.4428,1.4460,1.4418,1.4435,3902402.6,1776426299999,5635607.20842,9849,1602508.1,2314400.95111,0
1776426300000,1.4435,1.4477,1.4434,1.4465,2377354.8,1776427199999,3436482.53326,7587,1215336.6,1756860.28767,0
1776427200000,1.4466,1.4475,1.4437,1.4466,3331408.5,1776428099999,4816195.93924,9827,1668572.6,2412338.54371,0
1776428100000,1.4467,1.4500,1.4433,1.4472,5778685.1,1776428999999,8357169.96619,15108,2716573.2,3929636.92648,0
1776429000000,1.4472,1.4503,1.4445,1.4460,4263360.0,1776429899999,6170250.42975,11304,2003066.7,2898687.42111,0
1776429900000,1.4460,1.4606,1.4457,1.4581,16320035.4,1776430799999,23752919.47251,32174,9173175.4,13352144.11449,0
1776430800000,1.4581,1.4776,1.4547,1.4767,27820854.7,1776431699999,40800003.00167,62058,17118187.2,25118391.78680,0
1776431700000,1.4766,1.4777,1.4670,1.4701,24118085.0,1776432599999,35549146.00950,49896,10766696.9,15870645.59484,0
1776432600000,1.4702,1.4865,1.4645,1.4850,24116639.3,1776433499999,35594400.25914,55634,12495000.7,18444914.60959,0
1776433500000,1.4849,1.4906,1.4784,1.4864,21273091.9,1776434399999,31595704.00042,47729,9464344.6,14058879.84484,0
1776434400000,1.4865,1.4942,1.4848,1.4864,19413903.4,1776435299999,28894406.64729,37492,8348499.0,12428479.71978,0
1776435300000,1.4863,1.4927,1.4825,1.4877,12721779.7,1776436199999,18928121.32852,29253,7011229.4,10432818.07011,0
1776436200000,1.4878,1.5092,1.4878,1.5023,22349875.5,1776437099999,33488661.29053,44254,11618377.8,17405662.59075,0
1776437100000,1.5022,1.5053,1.4944,1.4980,14141069.7,1776437999999,21216368.78228,31968,6477925.0,9719628.15088,0
1776438000000,1.4979,1.5017,1.4884,1.4952,14383101.9,1776438899999,21489689.92719,32423,6717740.2,10040252.37791,0
1776438900000,1.4952,1.4990,1.4894,1.4921,7678499.1,1776439799999,11470356.77633,23934,3385398.6,5057740.31910,0
1776439800000,1.4920,1.4927,1.4790,1.4801,15154594.9,1776440699999,22506715.23317,31598,6925661.5,10289824.58674,0
1776440700000,1.4801,1.4864,1.4754,1.4854,12627393.1,1776441599999,18701811.16228,27134,6335490.6,9383321.48101,0
1776441600000,1.4854,1.4936,1.4847,1.4898,8830538.9,1776442499999,13156013.80322,22929,4495469.8,6696924.85212,0
1776442500000,1.4897,1.4980,1.4877,1.4958,8524172.2,1776443399999,12731695.74610,20679,4680632.6,6991446.18348,0
1776443400000,1.4957,1.4997,1.4909,1.4933,7238644.5,1776444299999,10826432.19558,18225,3577776.0,5350390.08362,0
1776444300000,1.4933,1.4974,1.4918,1.4969,8543499.4,1776445199999,12770889.37029,16484,4264496.1,6374460.47903,0
1776445200000,1.4968,1.4970,1.4867,1.4900,10447117.0,1776446099999,15575362.96214,24553,5166369.3,7702210.00509,0
1776446100000,1.4900,1.4915,1.4765,1.4812,11743974.3,1776446999999,17403018.10795,26964,5102230.2,7558350.57129,0
1776447000000,1.4812,1.4870,1.4810,1.4835,5837618.9,1776447899999,8664096.68809,17147,2538297.0,3767720.79900,0
1776447900000,1.4834,1.4878,1.4815,1.4832,5280184.4,1776448799999,7835289.18603,13392,2821166.1,4186810.53895,0
1776448800000,1.4832,1.4841,1.4722,1.4744,12465330.4,1776449699999,18400119.43638,25298,5200056.3,7674861.01518,0
1776449700000,1.4743,1.4813,1.4736,1.4777,5397369.7,1776450599999,7973651.31522,16683,2886229.9,4264090.84551,0
1776450600000,1.4777,1.4808,1.4754,1.4802,2762970.8,1776451499999,4083731.29761,10081,1619457.6,2393583.02827,0
1776451500000,1.4803,1.4810,1.4736,1.4770,2956841.9,1776452399999,4369125.90247,10973,1474980.6,2179680.64218,0
1776452400000,1.4769,1.4825,1.4758,1.4819,6358651.9,1776453299999,9402553.45171,16224,3794102.4,5611058.91903,0
1776453300000,1.4819,1.4877,1.4817,1.4853,7309894.4,1776454199999,10852614.04099,15380,4628181.3,6870949.95842,0
1776454200000,1.4853,1.4909,1.4853,1.4899,5646837.3,1776455099999,8403312.61180,13858,3665879.9,5455271.89057,0
1776455100000,1.4898,1.4918,1.4862,1.4865,6314499.0,1776455999999,9400685.41230,15945,3373018.4,5021693.37530,0
1776456000000,1.4865,1.4890,1.4843,1.4859,5565229.8,1776456899999,8272961.99542,13387,2943897.3,4376309.58121,0
1776456900000,1.4860,1.4860,1.4802,1.4814,2873905.9,1776457799999,4261795.45540,9976,1230078.1,1824274.65295,0
1776457800000,1.4813,1.4819,1.4746,1.4779,4235157.8,1776458699999,6255214.91953,12423,2259157.4,3336249.79342,0
1776458700000,1.4778,1.4813,1.4769,1.4810,1975307.5,1776459599999,2922176.10755,7658,1193290.5,1765413.75133,0
1776459600000,1.4809,1.4841,1.4795,1.4800,2258522.7,1776460499999,3345374.47563,8966,1140613.2,1689600.43803,0
1776460500000,1.4800,1.4871,1.4790,1.4819,4656129.2,1776461399999,6907202.58819,12224,3112971.7,4618524.37110,0
1776461400000,1.4820,1.4828,1.4772,1.4809,2977449.7,1776462299999,4406671.12255,10210,1368944.9,2026673.48652,0
1776462300000,1.4810,1.4823,1.4782,1.4785,1562071.3,1776463199999,2312277.43270,8095,544065.9,805468.97631,0
1776463200000,1.4784,1.4836,1.4765,1.4812,3151757.7,1776464099999,4667754.72019,11292,1711205.3,2534391.37618,0
1776464100000,1.4812,1.4838,1.4778,1.4807,5006469.3,1776464999999,7414648.66395,13059,1976685.8,2927124.44278,0
1776465000000,1.4806,1.4876,1.4798,1.4846,7032495.1,1776465899999,10441935.64496,15204,3033704.8,4504318.27826,0
1776465900000,1.4846,1.4869,1.4828,1.4837,3377131.4,1776466799999,5012282.93396,7043,798065.4,1184865.67770,0
1776466800000,1.4838,1.4838,1.4786,1.4795,3498821.5,1776467699999,5181613.95303,11005,1357263.1,2010088.34271,0
1776467700000,1.4794,1.4794,1.4710,1.4764,8471078.5,1776468599999,12495795.84070,19200,4828459.0,7123586.74337,0
1776468600000,1.4764,1.4782,1.4740,1.4747,2579592.3,1776469499999,3807923.63410,10354,1124298.5,1659757.49835,0
1776469500000,1.4747,1.4778,1.4743,1.4749,2511832.6,1776470399999,3706962.22473,9105,1173047.0,1731298.55899,0
1776470400000,1.4749,1.4794,1.4731,1.4752,3720334.5,1776471299999,5490508.10751,13318,1864166.4,2751341.55809,0
1776471300000,1.4752,1.4796,1.4751,1.4780,2875173.8,1776472199999,4247494.66035,10527,1447904.7,2139222.33155,0
1776472200000,1.4781,1.4792,1.4716,1.4720,3506816.9,1776473099999,5171375.16157,13025,1404156.1,2070948.73855,0
1776473100000,1.4720,1.4760,1.4711,1.4754,2405288.3,1776473999999,3545423.36919,9034,1244246.4,1833775.33360,0
1776474000000,1.4753,1.4811,1.4741,1.4807,3079697.5,1776474899999,4553043.07897,11232,1863259.2,2755326.64564,0
1776474900000,1.4807,1.4818,1.4763,1.4766,2797270.6,1776475799999,4137998.33209,9697,1470531.9,2175780.24731,0
1776475800000,1.4766,1.4769,1.4722,1.4743,4364816.5,1776476699999,6434585.32053,11317,2139523.4,3154518.97862,0
1776476700000,1.4742,1.4776,1.4734,1.4774,2304972.6,1776477599999,3400963.62291,7777,1025435.0,1513108.71694,0
1776477600000,1.4773,1.4773,1.4681,1.4714,6849096.9,1776478499999,10079111.72688,17414,3129900.2,4606171.48632,0
1776478500000,1.4713,1.4773,1.4710,1.4752,3290310.2,1776479399999,4851045.99008,9342,1917083.7,2826502.91609,0
1776479400000,1.4751,1.4774,1.4727,1.4745,2487111.0,1776480299999,3668963.97105,9555,1365925.8,2015121.73277,0
1776480300000,1.4745,1.4758,1.4732,1.4748,1488532.2,1776481199999,2194979.12182,5662,694586.7,1024302.87440,0
1776481200000,1.4748,1.4749,1.4711,1.4718,2133021.1,1776482099999,3141042.57891,9588,1043288.5,1536272.30244,0
1776482100000,1.4718,1.4734,1.4697,1.4701,3390112.6,1776482999999,4989637.63251,8729,1602472.3,2358421.06543,0
1776483000000,1.4701,1.4720,1.4690,1.4714,1643582.6,1776483899999,2416871.58402,7463,836794.5,1230467.40310,0
1776483900000,1.4715,1.4732,1.4662,1.4678,5047487.2,1776484799999,7410768.09442,12951,2035292.7,2988501.97535,0
1776484800000,1.4679,1.4679,1.4628,1.4671,7794398.9,1776485699999,11420177.99510,15359,2790405.1,4088888.80478,0
1776485700000,1.4671,1.4673,1.4636,1.4645,2686846.1,1776486599999,3936505.92001,7990,1217469.2,1783504.90856,0
1776486600000,1.4644,1.4678,1.4625,1.4652,2781668.3,1776487499999,4075142.55761,8495,1267393.9,1857209.92800,0
1776487500000,1.4651,1.4691,1.4649,1.4677,1582531.1,1776488399999,2322215.13867,6044,1122966.3,1647901.68651,0
1776488400000,1.4677,1.4724,1.4671,1.4722,3045339.8,1776489299999,4478007.62520,8958,1894223.0,2784886.75637,0
1776489300000,1.4721,1.4739,1.4713,1.4739,1968341.8,1776490199999,2898712.81682,6333,1171604.8,1725439.48352,0
1776490200000,1.4738,1.4764,1.4685,1.4702,6101522.0,1776491099999,8985206.15509,11684,2388456.7,3516581.58519,0
1776491100000,1.4701,1.4705,1.4680,1.4683,1257035.5,1776491999999,1846497.89606,4207,620889.7,912048.56866,0
1776492000000,1.4682,1.4686,1.4651,1.4668,4247767.8,1776492899999,6231093.81499,9807,2342518.0,3436504.35296,0
1776492900000,1.4668,1.4669,1.4631,1.4657,3985563.6,1776493799999,5836875.43396,9427,1604747.1,2349976.37249,0
1776493800000,1.4658,1.4719,1.4643,1.4713,6106903.3,1776494699999,8960804.18791,11149,3324332.4,4878045.03591,0
1776494700000,1.4713,1.4724,1.4699,1.4699,2059191.8,1776495599999,3029184.74748,5753,1192089.7,1753653.74244,0
1776495600000,1.4699,1.4725,1.4681,1.4693,2033220.8,1776496499999,2988170.56610,7029,1055445.4,1551189.54485,0
1776496500000,1.4693,1.4725,1.4689,1.4721,1449139.7,1776497399999,2131483.30518,4965,768651.6,1130624.90348,0
1776497400000,1.4721,1.4751,1.4705,1.4721,4887999.8,1776498299999,7202385.89885,10439,2438137.9,3592414.47188,0
1776498300000,1.4722,1.4745,1.4716,1.4733,2559010.8,1776499199999,3769487.41966,7243,1370768.4,2019265.82530,0
1776499200000,1.4734,1.4747,1.4642,1.4642,7464961.6,1776500099999,10971095.51412,14740,2481356.2,3646292.19426,0
1776500100000,1.4643,1.4644,1.4546,1.4561,17047665.8,1776500999999,24874211.28980,32393,7395415.8,10789511.98390,0
1776501000000,1.4560,1.4567,1.4448,1.4476,19285489.1,1776501899999,27962037.90561,33815,8545471.0,12386695.45311,0
1776501900000,1.4476,1.4547,1.4459,1.4526,13313109.8,1776502799999,19318644.48143,20978,8686447.3,12601715.19392,0
1776502800000,1.4526,1.4536,1.4470,1.4495,7947874.5,1776503699999,11527065.98700,18411,3487368.8,5059046.93841,0
1776503700000,1.4494,1.4513,1.4454,1.4510,5384670.3,1776504599999,7798998.49238,15085,2625626.6,3804018.24649,0
1776504600000,1.4509,1.4529,1.4490,1.4514,4241177.3,1776505499999,6154667.86143,11186,2576413.5,3739278.79485,0
1776505500000,1.4515,1.4533,1.4466,1.4498,6660113.2,1776506399999,9654398.31212,12810,2964007.9,4296878.26805,0
1776506400000,1.4499,1.4500,1.4368,1.4398,15020364.6,1776507299999,21652998.90561,30158,6638078.5,9566902.68561,0
1776507300000,1.4398,1.4422,1.4375,1.4389,6036897.6,1776508199999,8689899.07591,13973,2921735.9,4205869.92252,0
1776508200000,1.4389,1.4415,1.4358,1.4383,4950020.9,1776509099999,7123207.25018,11802,2495438.8,3591184.88063,0
1776509100000,1.4384,1.4395,1.4346,1.4391,4698062.0,1776509999999,6751020.80139,12146,2584781.4,3714458.69643,0
1776510000000,1.4390,1.4395,1.4288,1.4294,9920651.1,1776510899999,14216833.24627,23005,3749312.3,5374842.52381,0
1776510900000,1.4294,1.4337,1.4293,1.4329,6071985.7,1776511799999,8691379.10290,15742,3814575.9,5460122.52748,0
1776511800000,1.4329,1.4369,1.4236,1.4266,12087943.6,1776512699999,17276055.87804,24103,5752958.4,8225758.70074,0
1776512700000,1.4265,1.4326,1.4251,1.4308,7154765.0,1776513599999,10225248.94115,18585,4298513.7,6143574.37113,0
1776513600000,1.4308,1.4366,1.4300,1.4360,7272690.7,1776514499999,10432334.71033,20550,4526286.8,6493262.39369,0
1776514500000,1.4360,1.4370,1.4324,1.4325,4683089.7,1776515399999,6717751.69188,13101,2372475.3,3403643.57788,0
1776515400000,1.4324,1.4355,1.4306,1.4352,3599949.4,1776516299999,5158208.93843,10985,1966570.8,2817959.67531,0
1776516300000,1.4352,1.4370,1.4335,1.4352,3890792.0,1776517199999,5585639.57429,10634,1934143.8,2776655.25766,0
1776517200000,1.4351,1.4368,1.4337,1.4348,2827039.6,1776518099999,4057912.08529,10585,1515464.8,2175241.22009,0
1776518100000,1.4348,1.4369,1.4312,1.4342,3098980.1,1776518999999,4443636.98730,9699,1622184.2,2326290.23966,0
1776519000000,1.4342,1.4352,1.4285,1.4324,3641171.6,1776519899999,5213395.67052,11993,1703143.0,2438869.29089,0
1776519900000,1.4325,1.4378,1.4307,1.4362,3725829.8,1776520799999,5348356.19789,10067,2303584.9,3306847.98561,0
1776520800000,1.4363,1.4377,1.4330,1.4359,3528554.7,1776521699999,5064847.48316,11107,1733154.5,2488011.15760,0
1776521700000,1.4360,1.4371,1.4317,1.4359,2915287.8,1776522599999,4183363.95211,9183,1526286.4,2190369.27633,0
1776522600000,1.4360,1.4377,1.4338,1.4339,3374404.0,1776523499999,4845264.49136,8694,1403196.3,2014950.34979,0
1776523500000,1.4339,1.4353,1.4323,1.4340,3001763.9,1776524399999,4303940.05914,8183,1516998.5,2174961.35993,0
1776524400000,1.4340,1.4366,1.4299,1.4354,7343791.7,1776525299999,10523535.89061,15374,3423750.8,4905763.43085,0
1776525300000,1.4354,1.4392,1.4335,1.4379,2501068.1,1776526199999,3592904.26380,7801,1247795.0,1792592.05671,0
1776526200000,1.4379,1.4389,1.4334,1.4336,2968626.0,1776527099999,4264928.38377,8321,1288254.6,1851047.90744,0
1776527100000,1.4336,1.4363,1.4326,1.4351,1959165.8,1776527999999,2810851.60226,6226,1021962.0,1466174.34976,0
1776528000000,1.4351,1.4375,1.4322,1.4365,2991015.6,1776528899999,4291798.32241,10285,1278013.3,1833860.87389,0
1776528900000,1.4366,1.4385,1.4303,1.4354,6500182.6,1776529799999,9325148.84696,16786,3066025.7,4398409.47691,0
1776529800000,1.4354,1.4364,1.4331,1.4337,1424546.9,1776530699999,2042875.97642,5572,660250.4,946746.80927,0
1776530700000,1.4337,1.4350,1.4306,1.4329,2195058.2,1776531599999,3143797.29809,7457,969647.3,1388820.46666,0
1776531600000,1.4330,1.4330,1.4268,1.4294,6217354.8,1776532499999,8889689.79731,16600,2666063.6,3812109.37277,0
1776532500000,1.4294,1.4321,1.4288,1.4313,2235120.8,1776533399999,3197799.12294,7748,1224132.3,1751555.39386,0
1776533400000,1.4312,1.4332,1.4310,1.4310,1514994.1,1776534299999,2169765.38692,5430,774151.6,1108831.53496,0
1776534300000,1.4311,1.4328,1.4310,1.4310,967975.5,1776535199999,1386080.16965,4224,519012.2,743173.05784,0
1776535200000,1.4310,1.4338,1.4290,1.4311,3549381.3,1776536099999,5082144.49824,9582,1780240.3,2549071.70927,0
1776536100000,1.4311,1.4312,1.4263,1.4272,3481815.7,1776536999999,4973730.06212,10251,1644293.0,2348847.15075,0
1776537000000,1.4273,1.4278,1.4226,1.4260,8791000.3,1776537899999,12525555.21977,19115,4270975.1,6085835.42204,0
1776537900000,1.4260,1.4301,1.4230,1.4251,4716701.7,1776538799999,6725644.66029,11793,2928296.8,4175483.50480,0
1776538800000,1.4251,1.4307,1.4248,1.4292,3160861.0,1776539699999,4514265.62872,10911,1798323.5,2568185.49887,0
1776539700000,1.4291,1.4298,1.4247,1.4270,2658530.7,1776540599999,3793742.24663,7732,1027356.2,1466431.39684,0
1776540600000,1.4270,1.4277,1.4242,1.4251,2309034.2,1776541499999,3291686.91768,7522,1037755.6,1479415.98176,0
1776541500000,1.4250,1.4282,1.4248,1.4267,2283608.2,1776542399999,3257649.77260,6690,1227144.2,1750641.26616,0
1776542400000,1.4266,1.4268,1.4231,1.4253,3094268.8,1776543299999,4409239.10079,10718,1517800.3,2162973.15539,0
1776543300000,1.4252,1.4275,1.4243,1.4254,2179789.4,1776544199999,3107469.41191,7205,1310944.0,1868946.41229,0
1776544200000,1.4255,1.4276,1.4248,1.4273,1271427.9,1776545099999,1812964.21833,5703,769819.8,1097758.56994,0
1776545100000,1.4273,1.4297,1.4269,1.4276,2556376.7,1776545999999,3650691.29987,7039,1222199.6,1745380.18797,0
1776546000000,1.4276,1.4309,1.4273,1.4302,1133141.2,1776546899999,1619684.23196,5938,657458.4,939732.71047,0
1776546900000,1.4303,1.4319,1.4281,1.4315,1913277.1,1776547799999,2736122.87960,5975,920961.0,1317397.24637,0
1776547800000,1.4316,1.4349,1.4301,1.4335,2373540.1,1776548699999,3399622.10053,7927,1486721.2,2129670.66341,0
1776548700000,1.4335,1.4374,1.4334,1.4355,3618699.5,1776549599999,5192676.94841,9775,2065858.2,2964640.38775,0
1776549600000,1.4355,1.4355,1.4294,1.4311,3384858.0,1776550499999,4844838.68643,11173,1564181.1,2238428.16943,0
1776550500000,1.4311,1.4337,1.4310,1.4331,1662282.5,1776551399999,2381242.58698,5712,764943.1,1095655.41852,0
1776551400000,1.4331,1.4353,1.4322,1.4335,1747660.6,1776552299999,2505809.71980,6224,1083870.7,1554128.93172,0
1776552300000,1.4335,1.4348,1.4329,1.4336,1612868.7,1776553199999,2312795.75960,5757,862746.6,1237160.27517,0
1776553200000,1.4336,1.4370,1.4332,1.4359,2642482.7,1776554099999,3793257.71427,7285,1386264.1,1990016.88230,0
1776554100000,1.4360,1.4375,1.4360,1.4363,1850890.7,1776554999999,2658896.83488,4635,985396.9,1415578.84087,0
1776555000000,1.4363,1.4375,1.4340,1.4365,3371020.8,1776555899999,4840366.01523,6909,1567378.1,2250313.23702,0
1776555900000,1.4365,1.4367,1.4310,1.4315,2138435.3,1776556799999,3065553.19663,5569,788970.7,1131025.56684,0
1776556800000,1.4314,1.4355,1.4314,1.4336,3001237.5,1776557699999,4302903.80640,8329,1361216.4,1951412.09480,0
1776557700000,1.4336,1.4336,1.4303,1.4313,2542468.2,1776558599999,3639840.77984,8810,938643.1,1343770.20377,0
1776558600000,1.4313,1.4325,1.4288,1.4304,2093325.2,1776559499999,2993640.14227,6927,845532.5,1209298.94851,0
1776559500000,1.4303,1.4352,1.4303,1.4324,2324668.3,1776560399999,3332535.14950,6865,1143514.4,1639103.53529,0
1776560400000,1.4324,1.4380,1.4324,1.4367,3757766.7,1776561299999,5396785.08519,12340,2223875.7,3193826.02187,0
1776561300000,1.4367,1.4371,1.4312,1.4312,1797924.9,1776562199999,2577340.08284,6623,672894.5,964610.98949,0
1776562200000,1.4312,1.4318,1.4282,1.4296,3463152.7,1776563099999,4952009.57938,8783,1409228.9,2015187.27194,0
1776563100000,1.4296,1.4326,1.4295,1.4310,1781764.8,1776563999999,2550003.19603,6097,1068302.0,1528961.52425,0
1776564000000,1.4310,1.4310,1.4290,1.4304,1430831.7,1776564899999,2045934.20255,5977,666890.8,953557.54131,0
1776564900000,1.4304,1.4316,1.4231,1.4242,7329734.2,1776565799999,10452358.57084,13485,3181811.2,4537014.84204,0
1776565800000,1.4242,1.4332,1.4231,1.4329,4404414.6,1776566699999,6288542.43111,12429,2603681.1,3717544.91958,0
1776566700000,1.4330,1.4346,1.4292,1.4295,2996246.4,1776567599999,4291381.94189,9586,1261864.0,1807007.93116,0
1776567600000,1.4294,1.4319,1.4259,1.4318,3324526.8,1776568499999,4749605.13087,11462,1397011.4,1996296.06076,0
1776568500000,1.4319,1.4332,1.4288,1.4303,2104363.0,1776569399999,3011647.93276,7541,1096787.1,1569638.94758,0
1776569400000,1.4304,1.4330,1.4286,1.4326,2295068.7,1776570299999,3284569.25881,7507,1372007.1,1963638.11332,0
1776570300000,1.4327,1.4331,1.4280,1.4288,3097810.1,1776571199999,4432482.53066,7062,1392219.0,1992523.60866,0
1776571200000,1.4289,1.4329,1.4278,1.4318,1799186.4,1776572099999,2573467.98623,7308,1022636.9,1462650.09766,0
1776572100000,1.4319,1.4329,1.4304,1.4312,1509341.1,1776572999999,2161096.37718,6290,799138.4,1144229.87581,0
1776573000000,1.4313,1.4315,1.4229,1.4268,4767089.1,1776573899999,6800292.06986,12538,2087604.6,2978595.45588,0
1776573900000,1.4269,1.4309,1.4259,1.4297,2062584.7,1776574799999,2947411.35046,7734,999669.4,1428424.89808,0
1776574800000,1.4297,1.4319,1.4286,1.4310,1803363.8,1776575699999,2579794.83803,6400,1059715.2,1516022.09278,0
1776575700000,1.4310,1.4340,1.4298,1.4338,1977761.2,1776576599999,2832628.37828,5896,1109128.2,1588522.10756,0
1776576600000,1.4337,1.4424,1.4325,1.4335,11851142.1,1776577499999,17039456.06549,20208,6053547.8,8701497.79993,0
1776577500000,1.4335,1.4347,1.4292,1.4293,3337858.2,1776578399999,4778613.94324,8998,1639969.7,2348111.12235,0
1776578400000,1.4293,1.4307,1.4168,1.4194,15805770.8,1776579299999,22516705.24642,24726,6979989.3,9953321.75640,0
1776579300000,1.4194,1.4246,1.4172,1.4231,12493158.9,1776580199999,17743626.21760,19850,5507518.0,7822784.38974,0
1776580200000,1.4231,1.4288,1.4229,1.4288,3339411.7,1776581099999,4764021.04891,9194,1771409.0,2526638.06285,0
1776581100000,1.4287,1.4288,1.4266,1.4279,2454049.3,1776581999999,3504316.90886,6986,1098087.2,1568114.81597,0
1776582000000,1.4280,1.4289,1.4262,1.4267,3982125.0,1776582899999,5685082.91224,9027,1494401.7,2133624.29750,0
1776582900000,1.4266,1.4267,1.4133,1.4156,13911270.3,1776583799999,19730013.05537,28556,6648025.7,9427772.18804,0
1776583800000,1.4156,1.4230,1.4153,1.4208,10681524.0,1776584699999,15170608.50086,19061,5774567.2,8200328.97169,0
1776584700000,1.4207,1.4223,1.4178,1.4192,2745754.3,1776585599999,3899005.04249,8850,1356768.5,1926755.65170,0
1776585600000,1.4192,1.4197,1.4158,1.4172,4864441.1,1776586499999,6895430.09822,12233,2422442.4,3433915.93016,0
1776586500000,1.4172,1.4218,1.4145,1.4204,6989357.8,1776587399999,9914003.98083,14123,3787564.1,5371638.92359,0
1776587400000,1.4205,1.4239,1.4192,1.4231,4334315.2,1776588299999,6164500.07265,10409,1800740.0,2561294.65714,0
1776588300000,1.4232,1.4280,1.4223,1.4241,6714735.0,1776589199999,9572705.97941,13622,2797076.9,3986765.22478,0
1776589200000,1.4241,1.4254,1.4199,1.4202,3291291.4,1776590099999,4679702.81037,9308,1218050.8,1731994.39087,0
1776590100000,1.4203,1.4205,1.4121,1.4181,9176040.4,1776590999999,12996438.76789,16136,4848874.6,6867178.09827,0
1776591000000,1.4181,1.4219,1.4175,1.4183,3040687.4,1776591899999,4316622.13990,9114,1531917.6,2174801.20627,0
1776591900000,1.4184,1.4210,1.4165,1.4205,3055913.4,1776592799999,4336556.78528,8227,1487606.0,2111459.93189,0
1776592800000,1.4205,1.4269,1.4183,1.4195,7506025.1,1776593699999,10675175.11900,16702,3113932.6,4427597.51302,0
1776593700000,1.4194,1.4228,1.4151,1.4207,7606983.9,1776594599999,10791860.06271,15751,4567776.3,6478942.50443,0
1776594600000,1.4207,1.4230,1.4200,1.4220,2055192.9,1776595499999,2920767.90352,7421,795668.9,1130725.70744,0
1776595500000,1.4220,1.4248,1.4214,1.4224,1590119.2,1776596399999,2262483.92340,6645,829808.2,1180784.29324,0
1776596400000,1.4225,1.4277,1.4217,1.4265,3797465.1,1776597299999,5410530.04998,11717,1943631.1,2769575.13069,0
1776597300000,1.4265,1.4286,1.4254,1.4271,3598144.5,1776598199999,5135194.98638,11663,2044324.2,2917553.91184,0
1776598200000,1.4272,1.4308,1.4257,1.4283,3184880.4,1776599099999,4548765.85456,10009,1620030.5,2314223.03090,0
1776599100000,1.4283,1.4302,1.4273,1.4289,2819608.9,1776599999999,4028123.39855,9171,1551202.0,2216176.95237,0
1776600000000,1.4289,1.4325,1.4286,1.4313,9969274.9,1776600899999,14261992.08571,20470,5497182.2,7864381.71487,0
1776600900000,1.4313,1.4313,1.4282,1.4290,3680670.0,1776601799999,5261879.88815,9910,1586729.0,2268336.59479,0
1776601800000,1.4291,1.4298,1.4242,1.4278,4790832.4,1776602699999,6835241.14736,9792,1841279.8,2627492.59548,0
1776602700000,1.4278,1.4324,1.4269,1.4310,2392766.4,1776603599999,3421106.81051,6833,1631056.8,2332206.50338,0
1776603600000,1.4309,1.4356,1.4304,1.4348,4550567.0,1776604499999,6524963.19978,15210,2617422.5,3753041.00507,0
1776604500000,1.4348,1.4460,1.4337,1.4406,12945745.4,1776605399999,18650084.26511,27855,6772003.9,9757131.17944,0
1776605400000,1.4406,1.4415,1.4363,1.4404,4767564.8,1776606299999,6858551.09531,12980,2086075.3,3001062.63693,0
1776606300000,1.4404,1.4460,1.4350,1.4378,11908900.2,1776607199999,17151424.81942,22243,4907211.0,7067876.51808,0
1776607200000,1.4378,1.4396,1.4317,1.4350,5973390.0,1776608099999,8571054.22491,18005,2805499.4,4026594.60203,0
1776608100000,1.4349,1.4405,1.4334,1.4394,5763011.3,1776608999999,8282642.29228,12802,3994826.1,5742041.29145,0
1776609000000,1.4394,1.4401,1.4356,1.4388,3231033.3,1776609899999,4644627.46003,11520,1653726.6,2377301.46633,0
1776609900000,1.4388,1.4417,1.4369,1.4369,2838112.9,1776610799999,4085825.65233,12162,1272822.7,1832715.65854,0
1776610800000,1.4368,1.4371,1.4335,1.4341,3568545.8,1776611699999,5120923.19819,14099,1688880.8,2423737.87429,0
1776611700000,1.4340,1.4381,1.4320,1.4331,3044559.7,1776612599999,4367476.93583,11553,1571866.6,2255246.02051,0
1776612600000,1.4331,1.4336,1.4194,1.4252,14869526.6,1776613499999,21189130.91278,29500,6504596.5,9262996.19935,0
1776613500000,1.4251,1.4307,1.4243,1.4306,3116485.1,1776614399999,4448912.26438,11532,1581665.8,2257590.50783,0
1776614400000,1.4307,1.4316,1.4267,1.4278,3496393.4,1776615299999,4996948.27325,13986,1411333.0,2017323.99752,0
1776615300000,1.4277,1.4295,1.4228,1.4237,4023293.9,1776616199999,5735951.41803,12792,1864407.3,2657923.15586,0
1776616200000,1.4236,1.4281,1.4224,1.4260,1957112.6,1776617099999,2790579.96580,9297,1045570.6,1490756.34763,0
1776617100000,1.4259,1.4273,1.4194,1.4212,4153240.0,1776617999999,5907154.91374,14694,2044197.9,2907928.22483,0
1776618000000,1.4213,1.4225,1.4160,1.4190,8031336.3,1776618899999,11392545.07050,23203,3831677.1,5435723.09535,0
1776618900000,1.4191,1.4235,1.4171,1.4195,7357640.3,1776619799999,10457099.21597,12593,2829620.1,4018987.67556,0
1776619800000,1.4196,1.4218,1.4148,1.4193,4424267.1,1776620699999,6272310.05794,13116,1989699.3,2820902.43462,0
1776620700000,1.4193,1.4210,1.4108,1.4122,8427382.3,1776621599999,11913159.01445,22160,3584026.0,5066871.99370,0
1776621600000,1.4122,1.4167,1.4104,1.4166,6825118.8,1776622499999,9644068.23665,21231,3254518.3,4599655.78408,0
1776622500000,1.4165,1.4174,1.4116,1.4152,4200019.3,1776623399999,5942309.25619,12839,1826075.1,2583618.75732,0
1776623400000,1.4152,1.4158,1.4128,1.4144,2316365.4,1776624299999,3276307.19844,9009,1083168.8,1531992.04803,0
1776624300000,1.4144,1.4164,1.4126,1.4149,2343137.3,1776625199999,3314837.86555,8145,1275281.4,1804260.98738,0
1776625200000,1.4150,1.4188,1.4150,1.4175,2823225.6,1776626099999,4001910.45504,11085,1466483.9,2078765.36319,0
1776626100000,1.4175,1.4208,1.4161,1.4176,2509017.7,1776626999999,3559479.59752,10196,1258390.7,1785353.10131,0
1776627000000,1.4176,1.4204,1.4173,1.4181,1687654.6,1776627899999,2394458.81717,6881,764510.0,1084739.21753,0
1776627900000,1.4182,1.4194,1.4152,1.4167,1822561.8,1776628799999,2582696.56359,6233,850683.8,1205596.90965,0
1776628800000,1.4168,1.4168,1.4116,1.4137,3764507.9,1776629699999,5320698.03604,13901,1614101.6,2281405.98063,0
1776629700000,1.4137,1.4143,1.4106,1.4135,3374854.3,1776630599999,4765619.94676,10163,1301133.0,1837411.57349,0
1776630600000,1.4135,1.4166,1.4065,1.4101,7833278.5,1776631499999,11059886.61878,16128,2912518.8,4114601.92450,0
1776631500000,1.4101,1.4142,1.4088,1.4098,5700318.7,1776632399999,8043642.07335,13598,3332724.2,4703129.76820,0
1776632400000,1.4098,1.4147,1.4094,1.4131,3638102.9,1776633299999,5137558.08411,11003,1912342.5,2700432.44777,0
1776633300000,1.4131,1.4142,1.4107,1.4137,1791628.0,1776634199999,2530322.03588,7379,883516.2,1247715.52510,0
1776634200000,1.4136,1.4160,1.4136,1.4152,2142888.8,1776635099999,3032412.22037,6707,1155162.9,1634708.07609,0
1776635100000,1.4152,1.4162,1.4081,1.4087,2648189.6,1776635999999,3737178.80182,10192,843325.2,1190012.70958,0
1776636000000,1.4087,1.4087,1.3982,1.3998,21270992.9,1776636899999,29837818.47229,50510,9557911.9,13408880.26848,0
1776636900000,1.3997,1.4019,1.3883,1.3965,17953208.9,1776637799999,25057095.07887,35639,7864408.3,10981599.31071,0
1776637800000,1.3965,1.4020,1.3961,1.4009,6115577.8,1776638699999,8561527.67487,15807,3215412.7,4501081.08198,0
1776638700000,1.4010,1.4017,1.3984,1.3984,3576804.3,1776639599999,5008545.99840,10169,1961085.0,2746288.64237,0
1776639600000,1.3984,1.3984,1.3931,1.3967,6434803.0,1776640499999,8979058.81477,18466,3335616.6,4654066.82110,0
1776640500000,1.3968,1.3968,1.3918,1.3949,4253639.3,1776641399999,5929919.25703,13356,1978668.9,2758622.55392,0
1776641400000,1.3948,1.3968,1.3936,1.3950,2394477.6,1776642299999,3340482.97273,10140,1318555.7,1839602.63723,0
1776642300000,1.3949,1.3956,1.3920,1.3935,3478009.1,1776643199999,4847234.28769,9571,1861796.5,2594934.56523,0
1776643200000,1.3936,1.4012,1.3926,1.3994,9288558.5,1776644099999,12981699.89692,19951,4484658.0,6267845.90181,0
1776644100000,1.3994,1.4050,1.3994,1.4046,4218944.5,1776644999999,5918062.27907,11943,2405965.2,3374785.73396,0
1776645000000,1.4046,1.4064,1.4036,1.4043,2751168.4,1776645899999,3865407.21084,8494,1164660.5,1636406.42800,0
1776645900000,1.4043,1.4076,1.4041,1.4047,2404071.1,1776646799999,3380418.01684,6898,1300793.7,1829261.76551,0
1776646800000,1.4047,1.4072,1.4044,1.4071,1969694.4,1776647699999,2769524.57819,7836,932801.8,1311697.12198,0
1776647700000,1.4072,1.4073,1.4041,1.4053,2060791.2,1776648599999,2896353.26728,6082,905096.3,1272087.59238,0
1776648600000,1.4052,1.4111,1.4052,1.4097,4264304.7,1776649499999,6008953.43939,11050,2088045.0,2942056.11647,0
1776649500000,1.4097,1.4101,1.4068,1.4074,3317148.8,1776650399999,4670754.60913,8018,1235702.3,1739989.04836,0
1776650400000,1.4074,1.4082,1.4041,1.4044,3408252.4,1776651299999,4792908.67197,10803,1995964.4,2807498.53876,0
1776651300000,1.4043,1.4073,1.4033,1.4043,3066952.7,1776652199999,4308450.41918,8087,1254512.0,1762674.36261,0
1776652200000,1.4042,1.4069,1.4035,1.4068,2564208.1,1776653099999,3603852.80405,7435,1541434.3,2166277.97719,0
1776653100000,1.4068,1.4081,1.4057,1.4072,1944977.6,1776653999999,2736566.22328,5631,1027333.8,1445416.17083,0
1776654000000,1.4072,1.4126,1.4067,1.4099,4194512.1,1776654899999,5914034.41966,9263,1936535.1,2730550.84223,0
1776654900000,1.4100,1.4120,1.4085,1.4104,3662391.9,1776655799999,5164593.00072,7669,2099518.1,2960547.48379,0
1776655800000,1.4104,1.4115,1.4084,1.4084,2563481.4,1776656699999,3614010.79743,5877,942360.9,1328656.05817,0
1776656700000,1.4084,1.4102,1.4077,1.4101,2359644.1,1776657599999,3324789.41485,5784,1249512.5,1760731.44838,0
1776657600000,1.4101,1.4104,1.4076,1.4077,1764171.9,1776658499999,2486044.40842,7007,861285.5,1213774.34971,0
1776658500000,1.4078,1.4084,1.4048,1.4070,3628753.3,1776659399999,5102490.47741,7647,1780795.7,2503810.14367,0
1776659400000,1.4070,1.4078,1.4066,1.4067,1305855.5,1776660299999,1837742.65816,4702,645409.3,908311.34517,0
1776660300000,1.4067,1.4099,1.4067,1.4085,1480913.0,1776661199999,2086114.66233,5040,733189.1,1032809.01756,0
1776661200000,1.4086,1.4088,1.3993,1.4016,6359418.4,1776662099999,8923017.56064,13885,3033681.4,4255978.31617,0
1776662100000,1.4017,1.4017,1.3980,1.3995,2501773.9,1776662999999,3501196.77485,8406,1170251.1,1637722.64076,0
1776663000000,1.3994,1.4019,1.3951,1.3951,4923146.6,1776663899999,6883952.74444,10251,2578948.1,3606775.22338,0
1776663900000,1.3951,1.3993,1.3945,1.3984,3642291.5,1776664799999,5088489.77113,9108,2186178.6,3054382.01505,0
1776664800000,1.3985,1.4032,1.3984,1.4011,2885301.2,1776665699999,4043364.61332,9695,1523283.8,2134543.00465,0
1776665700000,1.4011,1.4048,1.4000,1.4029,2073053.6,1776666599999,2908379.54299,8512,922082.2,1293505.69908,0
1776666600000,1.4029,1.4149,1.4029,1.4125,7382983.3,1776667499999,10413891.88857,14726,3442595.5,4855526.45978,0
1776667500000,1.4124,1.4140,1.4104,1.4132,4570449.0,1776668399999,6453965.38745,11287,2101809.4,2967995.68372,0
1776668400000,1.4133,1.4155,1.4115,1.4150,4780956.3,1776669299999,6759279.09018,13475,2372975.9,3355456.39954,0
1776669300000,1.4150,1.4317,1.4127,1.4249,25252424.4,1776670199999,35986971.72416,39622,11466750.5,16336954.39857,0
1776670200000,1.4249,1.4265,1.4137,1.4154,11920728.6,1776671099999,16905750.06914,22693,5608266.5,7952105.58219,0
1776671100000,1.4155,1.4173,1.4105,1.4144,5620547.9,1776671999999,7942840.54406,14580,2574229.6,3638381.94581,0
1776672000000,1.4145,1.4148,1.4107,1.4125,4814438.1,1776672899999,6799704.86902,12989,2215008.1,3128491.58195,0
1776672900000,1.4124,1.4169,1.4104,1.4130,5207549.7,1776673799999,7363571.54545,12792,3130882.2,4427100.42224,0
1776673800000,1.4131,1.4142,1.4100,1.4108,3620829.0,1776674699999,5112488.55794,9948,1927712.7,2722046.86108,0
1776674700000,1.4108,1.4114,1.4062,1.4090,4539244.5,1776675599999,6393666.38400,12375,2197029.1,3094642.33391,0
1776675600000,1.4090,1.4157,1.4072,1.4140,5902765.6,1776676499999,8331935.97105,14907,3405733.9,4807909.48460,0
1776676500000,1.4140,1.4189,1.4139,1.4150,3658752.9,1776677399999,5181128.52284,11213,1738912.4,2462340.77057,0
1776677400000,1.4150,1.4188,1.4140,1.4185,4182464.9,1776678299999,5926101.48272,9404,2370423.2,3358913.52310,0
1776678300000,1.4185,1.4200,1.4155,1.4169,3105404.9,1776679199999,4403644.56162,8683,1452366.5,2059639.48485,0
1776679200000,1.4170,1.4238,1.4162,1.4235,5076177.2,1776680099999,7215076.12030,12374,2433971.5,3459059.52923,0
1776680100000,1.4235,1.4265,1.4219,1.4227,5542193.8,1776680999999,7890817.67451,11160,2296980.6,3270588.48754,0
1776681000000,1.4227,1.4227,1.4187,1.4208,3752272.0,1776681899999,5329770.88744,8824,1607900.9,2283655.84411,0
1776681900000,1.4209,1.4212,1.4124,1.4138,8291258.2,1776682799999,11743171.34378,12163,3148943.8,4458596.96678,0
1776682800000,1.4138,1.4157,1.4113,1.4152,5842469.3,1776683699999,8257562.97712,10652,3527232.1,4985032.75501,0
1776683700000,1.4153,1.4165,1.4128,1.4159,3936166.4,1776684599999,5569872.55329,8372,2418629.7,3422502.22067,0
1776684600000,1.4160,1.4179,1.4132,1.4146,4594700.8,1776685499999,6504269.35283,10932,2139578.3,3028998.49007,0
1776685500000,1.4146,1.4162,1.4134,1.4145,2242374.4,1776686399999,3173008.81665,7189,1214334.4,1718445.61580,0
1776686400000,1.4146,1.4188,1.4121,1.4173,3219779.8,1776687299999,4558292.70572,10707,1841488.6,2607363.12699,0
1776687300000,1.4173,1.4232,1.4162,1.4183,3596729.2,1776688199999,5106600.27834,10600,1528503.5,2170126.05349,0
1776688200000,1.4183,1.4206,1.4163,1.4195,4068307.5,1776689099999,5770920.30341,10920,1902504.4,2698949.70689,0
1776689100000,1.4196,1.4235,1.4195,1.4216,3106036.6,1776689999999,4414618.72102,8478,1457898.9,2071862.53708,0
1776690000000,1.4215,1.4260,1.4185,1.4241,5362053.0,1776690899999,7629675.80604,15910,2661620.6,3787701.94070,0
1776690900000,1.4241,1.4249,1.4196,1.4239,3852860.8,1776691799999,5477193.28423,10880,1666834.1,2369615.33565,0
1776691800000,1.4239,1.4251,1.4169,1.4224,7433272.2,1776692699999,10565212.44617,21953,3374181.8,4796047.17933,0
1776692700000,1.4225,1.4269,1.4180,1.4240,8783512.2,1776693599999,12492026.36265,17913,4478539.0,6368550.59882,0
1776693600000,1.4240,1.4243,1.4192,1.4210,4428233.9,1776694499999,6294857.28586,13447,2071639.6,2945122.32562,0
1776694500000,1.4209,1.4311,1.4202,1.4269,14814032.3,1776695399999,21147510.43039,22366,8816750.4,12583930.74544,0
1776695400000,1.4270,1.4310,1.4223,1.4249,6970864.7,1776696299999,9946126.07869,15218,3416670.2,4873718.59255,0
1776696300000,1.4249,1.4265,1.4133,1.4157,18137751.2,1776697199999,25741361.92572,29842,7878165.4,11178499.81370,0
1776697200000,1.4158,1.4174,1.4079,1.4135,14257737.0,1776698099999,20141398.37387,32941,6500823.2,9185034.73311,0
1776698100000,1.4136,1.4345,1.4129,1.4337,20359778.0,1776698999999,28994070.94979,32827,9121125.1,12988422.73605,0
1776699000000,1.4337,1.4337,1.4278,1.4301,11122963.8,1776699899999,15909636.39747,24864,5308168.7,7592819.25281,0
1776699900000,1.4301,1.4329,1.4288,1.4319,4968283.7,1776700799999,7109549.04396,14049,2573775.5,3682844.83727,0
1776700800000,1.4320,1.4329,1.4250,1.4272,6383608.5,1776701699999,9120615.42415,15804,3133698.0,4477840.41086,0
1776701700000,1.4271,1.4298,1.4240,1.4253,3974954.1,1776702599999,5670222.17356,12128,2000102.0,2853407.34843,0
1776702600000,1.4253,1.4273,1.4215,1.4257,3462224.4,1776703499999,4931585.62433,11786,1978220.0,2817807.19640,0
1776703500000,1.4257,1.4272,1.4216,1.4227,2408019.1,1776704399999,3428102.57245,8624,1166742.5,1661203.59599,0
1776704400000,1.4228,1.4296,1.4218,1.4285,4349843.6,1776705299999,6200212.85559,14111,2272102.9,3238853.01044,0
1776705300000,1.4284,1.4324,1.4273,1.4284,2998121.4,1776706199999,4286662.13595,9406,1311729.3,1875370.51815,0
1776706200000,1.4283,1.4285,1.4229,1.4236,3982482.6,1776707099999,5673428.82438,12275,2306544.7,3285558.23051,0
1776707100000,1.4236,1.4287,1.4230,1.4265,2055606.5,1776707999999,2930894.97624,8451,1062606.9,1515181.59800,0
1776708000000,1.4266,1.4329,1.4266,1.4319,6097994.2,1776708899999,8722018.67296,19015,3833153.3,5482372.95134,0
1776708900000,1.4318,1.4365,1.4288,1.4307,8874774.0,1776709799999,12712027.49262,17337,4213661.5,6037009.70266,0
1776709800000,1.4307,1.4317,1.4268,1.4300,4638930.6,1776710699999,6630742.27620,13033,2366616.9,3382701.98601,0
1776710700000,1.4300,1.4335,1.4274,1.4318,3429082.6,1776711599999,4905881.05326,11299,1940058.3,2775676.31629,0
1776711600000,1.4318,1.4329,1.4299,1.4309,3964934.3,1776712499999,5676274.35992,11296,2200685.3,3150652.88394,0
1776712500000,1.4309,1.4310,1.4269,1.4287,2652411.4,1776713399999,3788165.68587,7765,1187292.1,1695615.08860,0
1776713400000,1.4287,1.4311,1.4282,1.4289,1549335.4,1776714299999,2214953.33919,5538,860593.0,1230405.25639,0
1776714300000,1.4288,1.4312,1.4278,1.4295,3597991.4,1776715199999,5144773.09489,6998,1641664.9,2347275.19660,0
1776715200000,1.4295,1.4295,1.4239,1.4259,5327716.4,1776716099999,7597404.27958,11440,2401259.5,3424522.06258,0
1776716100000,1.4259,1.4320,1.4258,1.4289,2712106.0,1776716999999,3876084.18123,8226,1433748.4,2048852.53546,0
1776717000000,1.4288,1.4312,1.4280,1.4297,1596554.8,1776717899999,2282467.89371,6403,819845.3,1172141.25171,0
1776717900000,1.4296,1.4328,1.4294,1.4308,2631562.8,1776718799999,3765934.33854,6871,1437414.8,2057173.36683,0
1776718800000,1.4309,1.4320,1.4245,1.4265,4027439.8,1776719699999,5751680.88370,11072,1997661.2,2852967.33984,0
1776719700000,1.4266,1.4273,1.4227,1.4271,1669610.3,1776720599999,2380460.44696,5937,768178.1,1095490.94305,0
1776720600000,1.4271,1.4283,1.4251,1.4270,1303587.5,1776721499999,1860016.26582,4715,714728.8,1019775.73048,0
1776721500000,1.4270,1.4303,1.4268,1.4292,1015821.7,1776722399999,1451470.49787,5338,585165.2,836032.77596,0
1776722400000,1.4291,1.4314,1.4287,1.4292,2127289.2,1776723299999,3041282.14962,8333,1126854.3,1611022.87625,0
1776723300000,1.4292,1.4302,1.4253,1.4270,1524262.0,1776724199999,2175792.78184,5930,661363.7,944271.50115,0
1776724200000,1.4270,1.4293,1.4250,1.4264,1481494.5,1776725099999,2114356.54698,6021,773194.9,1103530.49863,0
1776725100000,1.4263,1.4264,1.4242,1.4250,978427.3,1776725999999,1394198.84493,4579,485269.2,691431.14566,0
1776726000000,1.4250,1.4250,1.4204,1.4216,3107875.8,1776726899999,4419853.30198,9609,1362894.9,1938197.30400,0
1776726900000,1.4215,1.4238,1.4210,1.4216,1613081.4,1776727799999,2294088.58469,5454,867789.2,1234169.63938,0
1776727800000,1.4216,1.4239,1.4207,1.4228,1446192.3,1776728699999,2057277.88671,5995,755405.0,1074712.69764,0
1776728700000,1.4228,1.4241,1.4220,1.4236,1167160.8,1776729599999,1660978.69117,4914,691891.1,984672.10950,0
1776729600000,1.4237,1.4272,1.4235,1.4265,4007997.3,1776730499999,5715394.45031,9224,1913861.5,2729045.61952,0
1776730500000,1.4264,1.4270,1.4243,1.4256,1616727.5,1776731399999,2304933.71414,5792,665715.2,949098.00000,0
1776731400000,1.4257,1.4270,1.4246,1.4247,1212056.8,1776732299999,1728107.60841,5352,589603.5,840623.40511,0
1776732300000,1.4247,1.4290,1.4245,1.4269,2834626.5,1776733199999,4044122.99717,8277,1792559.7,2557296.69129,0
1776733200000,1.4270,1.4312,1.4260,1.4296,1969448.2,1776734099999,2814210.93898,7262,1035676.2,1479861.63684,0
1776734100000,1.4297,1.4303,1.4284,1.4290,1438880.7,1776734999999,2056867.69332,6430,623700.6,891567.20228,0
1776735000000,1.4290,1.4303,1.4270,1.4284,2723963.0,1776735899999,3891683.64161,7495,1317362.4,1881860.48382,0
1776735900000,1.4284,1.4284,1.4245,1.4249,1811081.7,1776736799999,2582897.59023,5585,734799.1,1047738.62598,0
1776736800000,1.4250,1.4257,1.4227,1.4237,1944829.9,1776737699999,2769227.21653,7038,928383.6,1321977.35673,0
1776737700000,1.4237,1.4259,1.4230,1.4237,1468270.7,1776738599999,2090719.20146,5084,647748.2,922393.22753,0
1776738600000,1.4238,1.4246,1.4219,1.4223,1246511.7,1776739499999,1774170.83617,4829,555799.6,791163.20173,0
1776739500000,1.4223,1.4230,1.4212,1.4213,1467304.4,1776740399999,2086481.72426,4840,653491.7,929317.66808,0
1776740400000,1.4213,1.4218,1.4188,1.4203,4164793.9,1776741299999,5915656.81980,10648,1834131.0,2605445.94329,0
1776741300000,1.4203,1.4225,1.4185,1.4217,3956178.3,1776742199999,5618371.85857,8936,1960975.0,2785312.76314,0
1776742200000,1.4217,1.4237,1.4210,1.4221,1970227.7,1776743099999,2802126.69436,6116,960607.4,1366242.28939,0
1776743100000,1.4221,1.4249,1.4221,1.4232,2252815.2,1776743999999,3207062.25044,5129,766510.6,1091030.01102,0
1776744000000,1.4232,1.4259,1.4230,1.4237,2519449.2,1776744899999,3589156.84772,6761,1470125.4,2094026.16391,0
1776744900000,1.4237,1.4255,1.4230,1.4240,1506690.8,1776745799999,2146077.74713,5704,879276.4,1252544.14849,0
1776745800000,1.4241,1.4260,1.4240,1.4260,1413914.9,1776746699999,2014800.44610,5174,798549.3,1137973.52217,0
1776746700000,1.4260,1.4280,1.4249,1.4273,1682250.7,1776747599999,2400152.08258,5182,1112705.9,1587428.71609,0
1776747600000,1.4273,1.4328,1.4272,1.4296,5893791.8,1776748499999,8428987.08230,10125,3039924.3,4346560.60685,0
1776748500000,1.4297,1.4311,1.4283,1.4307,3254135.0,1776749399999,4651868.69315,7534,1831257.0,2618081.68197,0
1776749400000,1.4308,1.4315,1.4299,1.4304,2500645.3,1776750299999,3577519.47479,6339,1366331.4,1954753.86351,0
1776750300000,1.4304,1.4313,1.4291,1.4310,2177192.7,1776751199999,3113823.31942,6006,1417396.1,2027141.22891,0
1776751200000,1.4310,1.4320,1.4283,1.4289,3822580.0,1776752099999,5464532.67767,8154,1831823.4,2618459.88112,0
1776752100000,1.4288,1.4295,1.4274,1.4291,1994313.8,1776752999999,2848412.07684,5657,1060424.9,1514646.58932,0
1776753000000,1.4291,1.4405,1.4291,1.4370,10214263.1,1776753899999,14675785.15608,18885,6131050.9,8807809.50804,0
1776753900000,1.4369,1.4381,1.4363,1.4363,2713026.2,1776754799999,3899020.47358,7137,1100359.6,1581329.27813,0
1776754800000,1.4363,1.4366,1.4314,1.4343,4700266.6,1776755699999,6739878.94955,10061,2397128.5,3437736.93933,0
1776755700000,1.4344,1.4404,1.4330,1.4390,3846370.9,1776756599999,5526451.58197,9578,2308338.4,3316850.08028,0
1776756600000,1.4390,1.4418,1.4346,1.4402,4098997.0,1776757499999,5896033.97873,11517,2279435.0,3279597.78623,0
1776757500000,1.4401,1.4415,1.4381,1.4386,3273972.6,1776758399999,4712906.80014,8316,1360227.1,1958336.21821,0
1776758400000,1.4385,1.4397,1.4368,1.4373,3309059.9,1776759299999,4758985.17082,9265,1575929.5,2266625.88532,0
1776759300000,1.4374,1.4420,1.4370,1.4410,4006816.5,1776760199999,5771071.59237,9392,2544171.1,3664104.86859,0
1776760200000,1.4410,1.4442,1.4384,1.4429,3813323.7,1776761099999,5496187.67354,10329,2255889.1,3252299.52224,0
1776761100000,1.4428,1.4488,1.4413,1.4419,10934765.0,1776761999999,15800217.63434,20048,6563972.6,9484644.07847,0
1776762000000,1.4420,1.4424,1.4382,1.4403,4798771.8,1776762899999,6909025.16949,11295,2531170.8,3644629.46985,0
1776762900000,1.4403,1.4445,1.4378,1.4379,5041978.7,1776763799999,7268067.88935,10718,2749442.5,3964038.29695,0
1776763800000,1.4378,1.4395,1.4369,1.4383,3454677.8,1776764699999,4967396.53266,9408,1925700.0,2768757.16020,0
1776764700000,1.4383,1.4410,1.4376,1.4408,2555482.3,1776765599999,3678420.17776,8009,1492909.9,2149161.46832,0
1776765600000,1.4409,1.4423,1.4401,1.4403,3388367.6,1776766499999,4883335.25759,9144,1393939.8,2009152.93564,0
1776766500000,1.4404,1.4408,1.4373,1.4387,3156168.7,1776767399999,4542535.75223,8818,1141034.5,1642248.07633,0
1776767400000,1.4387,1.4415,1.4376,1.4409,2257434.1,1776768299999,3248797.38819,6367,1319605.4,1899494.09764,0
1776768300000,1.4408,1.4465,1.4402,1.4437,4157062.7,1776769199999,6002928.69333,10460,2199093.4,3175206.32236,0
1776769200000,1.4437,1.4440,1.4368,1.4387,6302934.1,1776770099999,9079901.38565,16688,2294372.8,3305236.49842,0
1776770100000,1.4386,1.4427,1.4382,1.4409,3775521.5,1776770999999,5439560.97564,9761,2127142.6,3064672.58719,0
1776771000000,1.4410,1.4425,1.4391,1.4392,2501369.5,1776771899999,3604128.48603,8240,1140679.9,1643686.14329,0
1776771900000,1.4391,1.4399,1.4370,1.4390,1943679.8,1776772799999,2796298.69987,5875,846245.8,1217495.85442,0
1776772800000,1.4390,1.4404,1.4343,1.4345,4701472.3,1776773699999,6755837.88298,11337,1803273.9,2591895.47073,0
1776773700000,1.4345,1.4374,1.4345,1.4372,2650646.6,1776774599999,3805950.05052,7713,1509578.8,2167511.43365,0
1776774600000,1.4372,1.4381,1.4256,1.4280,11873707.3,1776775499999,16998344.21771,23904,4612160.3,6604002.77592,0
1776775500000,1.4280,1.4328,1.4254,1.4316,7501940.2,1776776399999,10721840.25054,15059,4460817.5,6376099.68387,0
1776776400000,1.4317,1.4341,1.4302,1.4324,5357652.5,1776777299999,7673995.46063,11018,2755452.7,3946583.08787,0
1776777300000,1.4324,1.4338,1.4313,1.4319,2290820.0,1776778199999,3281681.31265,7186,1176187.7,1684903.24162,0
1776778200000,1.4319,1.4350,1.4282,1.4324,6866369.6,1776779099999,9827458.49734,18622,3522475.9,5042261.13647,0
1776779100000,1.4324,1.4336,1.4304,1.4327,2688637.4,1776779999999,3850696.28674,10705,1329954.3,1904874.61688,0
1776780000000,1.4328,1.4336,1.4296,1.4306,3129856.1,1776780899999,4479409.33210,11117,1211971.6,1734779.02326,0
1776780900000,1.4307,1.4389,1.4307,1.4361,5030443.6,1776781799999,7225428.77377,14782,2945047.7,4230047.92840,0
1776781800000,1.4361,1.4444,1.4359,1.4410,5828671.0,1776782699999,8395407.78539,14793,3232276.1,4655669.19330,0
1776782700000,1.4410,1.4416,1.4296,1.4309,5806024.9,1776783599999,8331159.27423,15888,2012081.7,2888264.36142,0
1776783600000,1.4309,1.4323,1.4266,1.4298,9805002.8,1776784499999,14018279.73920,20479,4734586.5,6769807.06821,0
1776784500000,1.4298,1.4330,1.4244,1.4279,5883804.2,1776785399999,8408826.22273,14909,3221766.6,4606084.36648,0
1776785400000,1.4278,1.4316,1.4250,1.4291,4118018.1,1776786299999,5879486.05340,12039,1899328.1,2712418.88447,0
1776786300000,1.4290,1.4322,1.4287,1.4317,2159149.9,1776787199999,3088748.10879,8449,1043389.0,1492792.32158,0
1776787200000,1.4318,1.4351,1.4300,1.4329,5348708.9,1776788099999,7661594.82886,13747,2127170.8,3047161.47612,0
1776788100000,1.4329,1.4347,1.4297,1.4301,2381281.3,1776788999999,3411869.50075,8446,1079271.3,1546636.61060,0
1776789000000,1.4301,1.4354,1.4296,1.4302,3302377.1,1776789899999,4731889.52257,9858,1453616.4,2082170.87629,0
1776789900000,1.4302,1.4323,1.4268,1.4278,2149370.6,1776790799999,3072442.38467,7155,724146.2,1035525.33965,0
1776790800000,1.4278,1.4283,1.4213,1.4227,5935622.1,1776791699999,8456360.69010,17367,2569929.5,3662276.52185,0
1776791700000,1.4226,1.4229,1.4125,1.4191,14589845.3,1776792599999,20678706.36135,25375,6263323.8,8876637.35501,0
1776792600000,1.4190,1.4300,1.4171,1.4263,8623567.6,1776793499999,12275594.52372,19776,4711795.4,6707401.31101,0
1776793500000,1.4262,1.4272,1.4227,1.4236,2776981.7,1776794399999,3957618.13059,9707,1276551.3,1819533.32013,0
1776794400000,1.4236,1.4259,1.4230,1.4249,2811337.2,1776795299999,4004589.37366,9996,1571641.8,2238539.04378,0
1776795300000,1.4250,1.4261,1.4193,1.4199,3858328.2,1776796199999,5487483.42185,12508,1606729.7,2285104.30201,0
1776796200000,1.4198,1.4231,1.4194,1.4219,2230354.6,1776797099999,3170065.71455,6700,1296763.7,1842830.18382,0
1776797100000,1.4218,1.4265,1.4194,1.4261,6892050.1,1776797999999,9805566.87021,14945,3628025.8,5162544.05100,0
1776798000000,1.4261,1.4306,1.4246,1.4258,4116042.0,1776798899999,5879096.16416,13381,1935682.5,2764989.49073,0
1776798900000,1.4258,1.4312,1.4239,1.4279,3543164.3,1776799799999,5056510.46203,11669,2277489.9,3250528.25417,0
1776799800000,1.4280,1.4283,1.4106,1.4118,9909818.4,1776800699999,14032460.49031,21498,3656479.4,5178988.01096,0
1776800700000,1.4119,1.4168,1.4103,1.4129,12098349.6,1776801599999,17098455.62707,20692,6085081.5,8601201.25497,0
1776801600000,1.4128,1.4251,1.4116,1.4238,10466754.4,1776802499999,14852838.72643,24056,5593898.7,7938927.03796,0
1776802500000,1.4239,1.4269,1.4214,1.4243,4951138.6,1776803399999,7049804.44146,13343,2241476.8,3191989.37490,0
1776803400000,1.4243,1.4285,1.4243,1.4252,2322779.1,1776804299999,3313342.52909,8488,1106409.0,1578499.07464,0
1776804300000,1.4251,1.4252,1.4227,1.4227,2137523.3,1776805199999,3043805.89229,6567,960798.6,1368306.87508,0
1776805200000,1.4228,1.4241,1.4205,1.4224,2948198.5,1776806099999,4193255.54720,9212,1325217.5,1885002.54670,0
1776806100000,1.4223,1.4243,1.4213,1.4219,1627135.7,1776806999999,2315160.56071,6212,867367.1,1234131.14962,0
1776807000000,1.4219,1.4237,1.4199,1.4199,1315272.2,1776807899999,1869714.46660,6088,508447.4,722882.30675,0
1776807900000,1.4199,1.4227,1.4196,1.4218,1096058.8,1776808799999,1558031.75953,6008,626580.1,890639.02722,0
1776808800000,1.4218,1.4230,1.4196,1.4223,1792292.8,1776809699999,2547085.24415,9218,841890.8,1196552.32908,0
1776809700000,1.4222,1.4224,1.4163,1.4177,2235962.1,1776810599999,3170709.04557,8591,722641.7,1024669.94074,0
1776810600000,1.4177,1.4206,1.4158,1.4205,1979407.1,1776811499999,2807265.26154,6594,1199299.2,1701059.35270,0
1776811500000,1.4204,1.4218,1.4190,1.4214,1210659.0,1776812399999,1719983.54935,4636,779015.0,1106913.59094,0
1776812400000,1.4213,1.4255,1.4212,1.4230,2330297.7,1776813299999,3317907.12634,9529,1285288.6,1829960.49678,0
1776813300000,1.4230,1.4244,1.4224,1.4227,1176525.2,1776814199999,1674645.35511,6876,442907.7,630437.70358,0
1776814200000,1.4227,1.4281,1.4226,1.4276,2427205.1,1776815099999,3458923.48990,8719,1194441.0,1702044.96624,0
1776815100000,1.4276,1.4333,1.4274,1.4326,5537055.1,1776815999999,7923560.38918,12715,2735564.9,3914636.38481,0
1776816000000,1.4326,1.4338,1.4306,1.4314,4267077.9,1776816899999,6111995.68673,11937,2298189.0,3292070.10535,0
1776816900000,1.4314,1.4337,1.4300,1.4315,1758305.8,1776817799999,2517574.63646,6507,732989.7,1049488.39439,0
1776817800000,1.4315,1.4320,1.4295,1.4300,1413290.7,1776818699999,2021858.03203,5468,669930.0,958400.21033,0
1776818700000,1.4299,1.4317,1.4295,1.4316,1357159.1,1776819599999,1941407.13573,5103,846810.0,1211365.78206,0
1776819600000,1.4317,1.4317,1.4285,1.4305,1933729.0,1776820499999,2766342.75329,6930,1173003.5,1678098.91908,0
1776820500000,1.4305,1.4305,1.4266,1.4269,1976369.7,1776821399999,2821611.88694,6332,775840.1,1107663.02499,0
1776821400000,1.4269,1.4285,1.4263,1.4275,1495589.3,1776822299999,2134672.56402,4698,847845.6,1210146.79197,0
1776822300000,1.4274,1.4298,1.4268,1.4286,1042671.8,1776823199999,1489197.24165,3817,649365.7,927505.67171,0
1776823200000,1.4285,1.4355,1.4260,1.4335,5680538.2,1776824099999,8127714.41296,12780,3161551.4,4524747.76302,0
1776824100000,1.4336,1.4438,1.4336,1.4432,10760582.9,1776824999999,15484143.32906,20055,5972149.7,8595430.07530,0
1776825000000,1.4432,1.4473,1.4413,1.4467,10003431.7,1776825899999,14451316.82238,18892,5969859.9,8624321.74295,0
1776825900000,1.4468,1.4487,1.4434,1.4479,5550122.5,1776826799999,8028157.05878,13925,2642542.5,3823278.60526,0
1776826800000,1.4479,1.4499,1.4460,1.4474,7282130.9,1776827699999,10544013.59975,19493,4369496.0,6327072.60017,0
1776827700000,1.4475,1.4475,1.4432,1.4456,6015343.8,1776828599999,8691399.73924,13162,2496762.0,3607358.53908,0
1776828600000,1.4457,1.4464,1.4424,1.4437,2760816.3,1776829499999,3985675.10108,7960,1424396.4,2056282.20985,0
1776829500000,1.4437,1.4450,1.4403,1.4426,5067430.2,1776830399999,7309460.57287,10008,2661294.6,3839102.79159,0
1776830400000,1.4427,1.4450,1.4426,1.4428,3267319.5,1776831299999,4716739.65065,8529,1686263.7,2434449.69340,0
1776831300000,1.4429,1.4441,1.4410,1.4439,2209445.9,1776832199999,3187568.21087,6325,1091893.4,1575532.91644,0
1776832200000,1.4439,1.4470,1.4429,1.4446,2039596.4,1776833099999,2947199.18020,6337,1240497.4,1792623.79723,0
1776833100000,1.4446,1.4447,1.4428,1.4441,1306691.5,1776833999999,1886498.76110,4800,497485.8,718280.45921,0
1776834000000,1.4441,1.4466,1.4423,1.4457,1858622.5,1776834899999,2684794.13686,6313,963199.0,1391633.22020,0
1776834900000,1.4457,1.4591,1.4453,1.4585,16272710.3,1776835799999,23655683.19040,32986,9283772.2,13493827.56609,0
1776835800000,1.4584,1.4600,1.4546,1.4567,9641605.1,1776836699999,14061008.97664,22687,4770909.7,6958215.81688,0
1776836700000,1.4566,1.4592,1.4536,1.4539,4023760.0,1776837599999,5860976.59189,13667,2043824.9,2977502.85666,0
1776837600000,1.4538,1.4543,1.4520,1.4530,3907759.4,1776838499999,5678611.47063,9496,2015357.0,2928661.26177,0
1776838500000,1.4530,1.4538,1.4513,1.4536,1944538.7,1776839399999,2825177.68402,5158,970682.2,1410341.53205,0
1776839400000,1.4537,1.4547,1.4526,1.4540,2030636.8,1776840299999,2952361.49064,5687,988296.4,1436863.79998,0
1776840300000,1.4540,1.4558,1.4534,1.4557,3387126.4,1776841199999,4928396.72682,6008,1761260.3,2562622.38841,0
1776841200000,1.4557,1.4575,1.4552,1.4566,2704871.5,1776842099999,3938573.71442,8023,1126042.2,1639664.51059,0
1776842100000,1.4566,1.4567,1.4507,1.4515,4883315.4,1776842999999,7095479.43392,8670,1492723.3,2168598.98647,0
1776843000000,1.4515,1.4539,1.4508,1.4534,3049437.8,1776843899999,4427690.00746,6185,1682823.8,2443405.53449,0
1776843900000,1.4534,1.4555,1.4528,1.4537,2487470.0,1776844799999,3616843.31395,5422,1098207.2,1596935.05596,0
1776844800000,1.4537,1.4548,1.4521,1.4535,2768608.2,1776845699999,4024380.74778,6434,1434331.2,2084881.24822,0
1776845700000,1.4535,1.4540,1.4507,1.4513,3629819.9,1776846599999,5271591.25999,8036,1354018.1,1966415.66422,0
1776846600000,1.4513,1.4518,1.4477,1.4507,5252738.8,1776847499999,7616784.73451,9195,1816078.7,2633933.05301,0
1776847500000,1.4507,1.4535,1.4498,1.4516,2273326.5,1776848399999,3300298.05597,6159,1220512.7,1771982.47469,0
1776848400000,1.4516,1.4539,1.4502,1.4525,2844473.6,1776849299999,4129788.05992,8264,1323895.2,1922512.63788,0
1776849300000,1.4525,1.4534,1.4506,1.4531,2001246.9,1776850199999,2905563.88238,5236,947391.5,1375579.33116,0
1776850200000,1.4530,1.4531,1.4502,1.4518,1562905.8,1776851099999,2269139.56160,4760,621665.3,902638.93651,0
1776851100000,1.4518,1.4524,1.4493,1.4508,2583940.1,1776851999999,3748794.95268,5488,1240856.1,1800255.43166,0
1776852000000,1.4508,1.4518,1.4482,1.4491,2815187.7,1776852899999,4080616.64739,7268,929359.0,1347177.70066,0
1776852900000,1.4491,1.4495,1.4478,1.4493,1824840.5,1776853799999,2643575.82045,5510,891428.3,1291510.73687,0
1776853800000,1.4492,1.4518,1.4491,1.4505,2835722.0,1776854699999,4114177.45426,6035,1717222.1,2491654.95130,0
1776854700000,1.4504,1.4509,1.4494,1.4500,1232868.0,1776855599999,1788007.41747,3506,461705.7,669628.55125,0
1776855600000,1.4500,1.4519,1.4482,1.4495,2777336.5,1776856499999,4028238.94220,6874,1571694.5,2279910.73599,0
1776856500000,1.4496,1.4510,1.4493,1.4501,1473229.5,1776857399999,2136407.88849,4514,751690.4,1090093.84026,0
1776857400000,1.4501,1.4532,1.4500,1.4513,3917596.1,1776858299999,5686368.82047,6953,2231120.1,3238702.05378,0
1776858300000,1.4513,1.4539,1.4502,1.4535,2932750.0,1776859199999,4259561.91450,6979,1148677.8,1668602.46222,0
1776859200000,1.4536,1.4547,1.4520,1.4540,3982926.1,1776860099999,5788636.38644,8728,2202372.1,3200956.31664,0
1776860100000,1.4539,1.4545,1.4500,1.4500,3451253.8,1776860999999,5011417.10178,8196,958343.6,1391854.66243,0
1776861000000,1.4500,1.4508,1.4465,1.4475,7451857.8,1776861899999,10793593.66661,11189,3947245.0,5717606.83990,0
1776861900000,1.4475,1.4516,1.4475,1.4498,3562697.8,1776862799999,5165914.09836,8599,2192319.0,3178427.08854,0
1776862800000,1.4497,1.4544,1.4471,1.4525,4702541.8,1776863699999,6823621.22996,11871,2479850.4,3598740.44317,0
1776863700000,1.4525,1.4552,1.4522,1.4528,4515432.7,1776864599999,6563570.14151,11179,2019366.0,2935303.98848,0
1776864600000,1.4527,1.4570,1.4503,1.4570,6871827.3,1776865499999,9992002.30730,19351,3829737.0,5570059.87328,0
1776865500000,1.4569,1.4608,1.4549,1.4580,9070627.9,1776866399999,13223509.32804,19758,4510463.2,6576741.25134,0
1776866400000,1.4580,1.4622,1.4539,1.4604,9001961.9,1776867299999,13127393.61774,19457,4894697.0,7138073.28725,0
1776867300000,1.4604,1.4611,1.4560,1.4576,4086624.2,1776868199999,5959253.39388,12961,1788669.8,2608253.50687,0
1776868200000,1.4577,1.4581,1.4508,1.4516,6009763.2,1776869099999,8736987.22662,15563,2120179.5,3082542.10417,0
1776869100000,1.4516,1.4575,1.4511,1.4570,3340772.5,1776869999999,4859310.61017,10991,1994005.5,2900272.55581,0
1776870000000,1.4570,1.4578,1.4521,1.4534,3108351.1,1776870899999,4520489.45455,12007,1483293.2,2157061.20867,0
1776870900000,1.4534,1.4563,1.4520,1.4535,3712408.3,1776871799999,5397282.78249,9590,1632785.2,2373877.80420,0
1776871800000,1.4535,1.4568,1.4516,1.4555,5442131.9,1776872699999,7914217.20894,12437,3101765.7,4511194.60651,0
1776872700000,1.4555,1.4599,1.4550,1.4558,4462555.2,1776873599999,6505549.42767,10201,2294560.5,3344630.27983,0
1776873600000,1.4559,1.4583,1.4526,1.4537,3999634.2,1776874499999,5821937.20280,12032,1755179.3,2555476.10320,0
1776874500000,1.4537,1.4541,1.4462,1.4473,6879767.1,1776875399999,9971063.49724,14374,2560425.9,3710727.59562,0
1776875400000,1.4472,1.4491,1.4456,1.4474,4486175.9,1776876299999,6493409.83526,11304,2248417.8,3254369.70956,0
1776876300000,1.4473,1.4488,1.4453,1.4462,4306002.8,1776877199999,6229785.46425,9772,1919294.5,2776828.79145,0
1776877200000,1.4461,1.4518,1.4461,1.4501,4351222.5,1776878099999,6306093.80698,11824,2206720.4,3198308.06274,0
1776878100000,1.4501,1.4503,1.4454,1.4467,2905896.9,1776878999999,4205727.72429,8392,1471022.5,2129035.69242,0
1776879000000,1.4467,1.4485,1.4451,1.4466,3184943.6,1776879899999,4608085.67330,7574,1350436.7,1953818.16329,0
1776879900000,1.4466,1.4505,1.4451,1.4485,1905773.7,1776880799999,2760179.61010,6517,905847.6,1311944.46910,0
1776880800000,1.4484,1.4523,1.4484,1.4519,2222230.1,1776881699999,3222965.06567,7581,1127485.2,1635007.88911,0
1776881700000,1.4520,1.4522,1.4500,1.4500,1917612.7,1776882599999,2782493.68371,6077,765808.0,1111212.36569,0
1776882600000,1.4500,1.4504,1.4479,1.4479,1638240.4,1776883499999,2374694.41586,5606,708625.9,1027215.95297,0
1776883500000,1.4479,1.4508,1.4470,1.4472,1595764.2,1776884399999,2312608.61125,4974,1070861.7,1552048.29687,0
1776884400000,1.4472,1.4473,1.4418,1.4438,5491153.8,1776885299999,7927161.82390,13519,2721449.2,3929111.75455,0
1776885300000,1.4437,1.4468,1.4432,1.4452,2351275.2,1776886199999,3398329.83982,7885,1297854.4,1875663.76214,0
1776886200000,1.4452,1.4455,1.4365,1.4405,7614491.3,1776887099999,10960043.13547,13115,3447977.5,4962278.87238,0
1776887100000,1.4405,1.4421,1.4392,1.4407,3836069.7,1776887999999,5526626.91625,8068,2112594.1,3043639.67569,0
1776888000000,1.4408,1.4421,1.4377,1.4378,4231688.2,1776888899999,6093446.03640,10205,1846268.4,2659005.37047,0
1776888900000,1.4377,1.4378,1.4326,1.4371,10829982.8,1776889799999,15540809.59409,12243,6213077.2,8914201.64059,0
1776889800000,1.4371,1.4382,1.4360,1.4370,1867372.6,1776890699999,2683907.86407,6455,901068.8,1295052.87943,0
1776890700000,1.4370,1.4376,1.4353,1.4364,2285364.1,1776891599999,3282982.86304,6430,1033274.9,1484362.82800,0
1776891600000,1.4364,1.4389,1.4362,1.4379,2866018.7,1776892499999,4119451.03359,8142,1700232.6,2443850.25670,0
1776892500000,1.4379,1.4392,1.4373,1.4387,1236012.8,1776893399999,1777983.54500,5202,575137.7,827279.73978,0
1776893400000,1.4388,1.4403,1.4386,1.4400,1905289.1,1776894299999,2742960.82495,5299,939805.9,1353053.83659,0
1776894300000,1.4401,1.4409,1.4393,1.4408,1776828.8,1776895199999,2558728.60739,4660,1019015.5,1467431.20576,0
1776895200000,1.4408,1.4409,1.4386,1.4391,2145764.6,1776896099999,3089696.26788,7699,955895.7,1376390.63535,0
1776896100000,1.4390,1.4394,1.4358,1.4362,2379082.2,1776896999999,3418935.08365,6746,1095644.9,1574517.86159,0
1776897000000,1.4362,1.4374,1.4352,1.4360,1562039.4,1776897899999,2243470.39447,5189,666317.0,957037.51332,0
1776897900000,1.4360,1.4372,1.4346,1.4371,1443374.9,1776898799999,2072328.52885,5871,687702.5,987447.99028,0
1776898800000,1.4371,1.4372,1.4341,1.4351,2121205.9,1776899699999,3044866.05127,8362,854423.1,1226606.26791,0
1776899700000,1.4352,1.4360,1.4293,1.4321,6694690.9,1776900599999,9586339.19846,15088,2194389.1,3142796.29198,0
1776900600000,1.4320,1.4321,1.4281,1.4292,4672521.0,1776901499999,6679244.41484,12057,1844946.7,2637667.16164,0
1776901500000,1.4291,1.4304,1.4278,1.4284,2389733.4,1776902399999,3414826.99706,7284,1002951.0,1433150.71713,0
1776902400000,1.4285,1.4299,1.4210,1.4220,9928547.4,1776903299999,14156243.38414,21405,3852269.8,5493625.67805,0
1776903300000,1.4221,1.4308,1.4158,1.4276,16940360.9,1776904199999,24101989.45839,32091,8552158.5,12173514.46938,0
1776904200000,1.4276,1.4305,1.4260,1.4279,3986763.5,1776905099999,5693085.54556,11262,2029767.8,2898714.22979,0
1776905100000,1.4279,1.4293,1.4257,1.4283,3679548.5,1776905999999,5252227.52609,8193,1243754.1,1775897.39548,0
1776906000000,1.4283,1.4291,1.4248,1.4254,2805458.4,1776906899999,4002897.83301,8663,1043247.3,1488373.14434,0
1776906900000,1.4254,1.4258,1.4207,1.4207,2871760.4,1776907799999,4087847.46323,8805,1239707.7,1764738.28908,0
1776907800000,1.4207,1.4266,1.4201,1.4249,2873304.0,1776908699999,4089670.83602,8502,1681614.9,2393553.36198,0
1776908700000,1.4249,1.4268,1.4243,1.4251,1260892.7,1776909599999,1797388.30933,5364,652418.2,929944.57555,0
1776909600000,1.4250,1.4255,1.4221,1.4221,3111552.2,1776910499999,4429944.04811,10943,1656763.9,2358814.68139,0
1776910500000,1.4221,1.4241,1.4175,1.4186,5342991.1,1776911399999,7590263.03457,13910,2305900.8,3276078.64867,0
1776911400000,1.4186,1.4191,1.4143,1.4165,5952668.2,1776912299999,8431505.52805,13325,2413973.0,3419793.51027,0
1776912300000,1.4164,1.4194,1.4156,1.4181,2899293.8,1776913199999,4111426.62222,7842,1842425.1,2612703.10463,0
1776913200000,1.4181,1.4215,1.4147,1.4148,4668107.2,1776914099999,6621035.16992,11930,1697979.5,2409048.05105,0
1776914100000,1.4148,1.4161,1.4132,1.4144,3549677.4,1776914999999,5020953.44812,9912,1500941.2,2123337.72654,0
1776915000000,1.4143,1.4144,1.4104,1.4137,9120997.3,1776915899999,12884103.27055,16972,4667451.4,6593850.80100,0
1776915900000,1.4136,1.4155,1.4122,1.4154,6984534.9,1776916799999,9875434.47065,12703,4750054.1,6716220.53453,0
1776916800000,1.4153,1.4182,1.4143,1.4175,3607505.7,1776917699999,5110563.80090,10128,1969737.5,2790580.43417,0
1776917700000,1.4176,1.4176,1.4152,1.4159,2347950.8,1776918599999,3325464.46855,7190,839171.1,1188578.66312,0
1776918600000,1.4158,1.4193,1.4157,1.4167,2775333.0,1776919499999,3933844.87093,6451,1669823.3,2367108.57201,0
1776919500000,1.4167,1.4180,1.4153,1.4169,1759267.8,1776920399999,2491925.14086,5293,925813.3,1311500.25498,0
1776920400000,1.4170,1.4199,1.4167,1.4181,3311583.5,1776921299999,4696504.77132,8484,2156168.4,3058099.29004,0
1776921300000,1.4181,1.4181,1.4161,1.4166,1325537.3,1776922199999,1878478.30451,5339,448313.0,635317.51299,0
1776922200000,1.4165,1.4168,1.4140,1.4168,1804412.3,1776923099999,2553769.89312,6935,833076.3,1179104.56467,0
1776923100000,1.4168,1.4198,1.4164,1.4189,3364477.6,1776923999999,4772114.73253,6861,1898997.5,2693406.17676,0
1776924000000,1.4188,1.4231,1.4188,1.4221,5553227.1,1776924899999,7892401.08495,11279,2878096.7,4090449.52205,0
1776924900000,1.4220,1.4241,1.4213,1.4232,3318738.8,1776925799999,4721753.46015,7519,2058102.2,2928254.37679,0
1776925800000,1.4232,1.4244,1.4217,1.4220,1848273.4,1776926699999,2630474.55483,4484,771491.8,1098044.79830,0
1776926700000,1.4220,1.4232,1.4203,1.4228,2244777.6,1776927599999,3191753.22516,4946,1068012.8,1518545.08260,0
1776927600000,1.4228,1.4234,1.4206,1.4209,2079455.5,1776928499999,2957251.55788,6585,915828.1,1302550.52841,0
1776928500000,1.4209,1.4225,1.4202,1.4214,1257878.6,1776929399999,1787730.32687,4853,646751.2,919220.17670,0
1776929400000,1.4214,1.4223,1.4200,1.4219,1583834.0,1776930299999,2251260.35301,5576,701922.2,997770.36850,0
1776930300000,1.4220,1.4224,1.4192,1.4202,2684709.5,1776931199999,3813142.49937,7561,1031577.7,1465103.51143,0
1776931200000,1.4203,1.4207,1.4171,1.4190,3108658.8,1776932099999,4410484.06430,8359,1190308.4,1689003.14721,0
1776932100000,1.4190,1.4194,1.4158,1.4168,2725108.4,1776932999999,3864131.59971,7294,1292497.2,1832832.73185,0
1776933000000,1.4169,1.4169,1.4143,1.4143,2811001.7,1776933899999,3978552.33086,7649,1337048.3,1892560.88910,0
1776933900000,1.4144,1.4182,1.4143,1.4175,1947888.6,1776934799999,2759232.86904,6210,1415998.6,2005567.69230,0
1776934800000,1.4175,1.4183,1.4112,1.4127,5458593.8,1776935699999,7717439.09694,14563,2088006.2,2952133.61834,0
1776935700000,1.4127,1.4159,1.4127,1.4146,2196383.7,1776936599999,3106336.53876,7100,1067286.5,1509352.72946,0
1776936600000,1.4146,1.4158,1.4139,1.4150,1730945.6,1776937499999,2448883.31147,4293,890248.4,1259612.04960,0
1776937500000,1.4150,1.4153,1.4116,1.4141,2637367.7,1776938399999,3727664.22161,6796,1202970.3,1700337.29185,0
1776938400000,1.4141,1.4154,1.4080,1.4082,10619532.7,1776939299999,14982495.68356,18547,3480837.1,4911923.56276,0
1776939300000,1.4082,1.4108,1.4082,1.4101,3451690.4,1776940199999,4865796.15583,8393,2005706.0,2827486.01933,0
1776940200000,1.4101,1.4110,1.4094,1.4098,1460271.9,1776941099999,2059148.75153,4636,900494.3,1269847.17947,0
1776941100000,1.4097,1.4108,1.4083,1.4102,2049150.3,1776941999999,2888459.19753,5991,982533.0,1385128.55475,0
1776942000000,1.4102,1.4120,1.4102,1.4114,2053006.6,1776942899999,2897242.57589,7355,1060412.2,1496527.66408,0
1776942900000,1.4114,1.4130,1.4108,1.4123,2027403.8,1776943799999,2862585.66536,6152,1330821.5,1879106.89289,0
1776943800000,1.4123,1.4141,1.4112,1.4137,2565679.4,1776944699999,3624938.23916,6811,1697579.5,2398561.26496,0
1776944700000,1.4138,1.4169,1.4137,1.4156,4127279.6,1776945599999,5841943.64796,7958,2482421.2,3513933.01401,0
1776945600000,1.4155,1.4181,1.4149,1.4170,3636405.0,1776946499999,5151239.00824,9279,2102404.8,2978493.23410,0
1776946500000,1.4171,1.4172,1.4144,1.4169,2860113.0,1776947399999,4049353.59355,6789,1332573.6,1886956.09608,0
1776947400000,1.4170,1.4201,1.4166,1.4186,2942322.3,1776948299999,4174480.61308,7199,1723454.0,2445317.64405,0
1776948300000,1.4186,1.4197,1.4146,1.4178,5763118.8,1776949199999,8164475.58349,10116,2453949.5,3476596.67484,0
1776949200000,1.4178,1.4195,1.4151,1.4159,4077434.9,1776950099999,5779692.93795,9034,1764650.9,2501869.66761,0
1776950100000,1.4158,1.4168,1.4139,1.4148,2181100.5,1776950999999,3087026.37714,5935,703704.8,996131.96642,0
1776951000000,1.4147,1.4168,1.4143,1.4154,2708300.4,1776951899999,3833435.92392,9454,1314063.0,1860098.57961,0
1776951900000,1.4154,1.4191,1.4133,1.4153,6092294.1,1776952799999,8626173.59731,11523,3008217.4,4260181.45377,0
1776952800000,1.4153,1.4170,1.4131,1.4156,2482596.9,1776953699999,3514144.83849,9880,1236369.2,1750078.47045,0
1776953700000,1.4155,1.4203,1.4148,1.4176,3019780.0,1776954599999,4280470.57275,9296,1557975.5,2208533.56484,0
1776954600000,1.4177,1.4255,1.4177,1.4242,7704179.9,1776955499999,10957565.29551,14584,3740927.1,5319896.29766,0
1776955500000,1.4242,1.4298,1.4241,1.4292,8358290.7,1776956399999,11930428.25136,14744,4534629.6,6473357.80205,0
1776956400000,1.4292,1.4303,1.4255,1.4256,5225018.1,1776957299999,7460164.43224,11784,1564665.4,2233805.28862,0
1776957300000,1.4256,1.4364,1.4250,1.4315,9684203.4,1776958199999,13873882.29331,17540,5230759.3,7493609.76888,0
1776958200000,1.4316,1.4333,1.4301,1.4312,5105601.1,1776959099999,7310856.46141,9797,2171625.5,3109609.68466,0
1776959100000,1.4312,1.4321,1.4288,1.4309,6205375.7,1776959999999,8877068.79583,11738,2572514.0,3679951.62486,0
1776960000000,1.4309,1.4321,1.4279,1.4284,5546143.4,1776960899999,7929224.22114,10072,2432413.5,3477889.79363,0
1776960900000,1.4285,1.4320,1.4277,1.4293,4034085.6,1776961799999,5767905.85680,8930,2377771.5,3399854.61919,0
1776961800000,1.4293,1.4326,1.4290,1.4302,3589173.0,1776962699999,5134483.85380,7944,1766963.7,2527734.65158,0
1776962700000,1.4303,1.4324,1.4268,1.4290,5454439.3,1776963599999,7798779.15137,10672,2335727.7,3339595.19772,0
1776963600000,1.4291,1.4325,1.4252,1.4323,16015118.9,1776964499999,22869048.65365,29863,8133380.8,11614849.21998,0
1776964500000,1.4324,1.4356,1.4289,1.4290,9378390.2,1776965399999,13431928.64105,20037,4389891.5,6287339.31908,0
1776965400000,1.4290,1.4360,1.4220,1.4235,16399629.3,1776966299999,23401099.31361,28028,7051911.2,10066443.14551,0
1776966300000,1.4234,1.4359,1.4206,1.4346,17360060.5,1776967199999,24796964.36279,32573,8571339.6,12247971.86527,0
1776967200000,1.4346,1.4399,1.4317,1.4371,10616544.2,1776968099999,15254117.37251,27453,5681331.8,8163750.48325,0
1776968100000,1.4371,1.4405,1.4326,1.4334,5305565.4,1776968999999,7624634.47262,15274,2416750.6,3472227.71554,0
1776969000000,1.4334,1.4395,1.4333,1.4382,4434589.8,1776969899999,6374493.64001,12085,2186061.8,3141488.89733,0
1776969900000,1.4382,1.4385,1.4307,1.4307,3954615.8,1776970799999,5673821.03334,11235,1331120.2,1910226.75282,0
1776970800000,1.4308,1.4321,1.4269,1.4299,5123502.0,1776971699999,7322534.44738,13258,2612478.4,3733750.95459,0
1776971700000,1.4299,1.4333,1.4299,1.4311,2642024.8,1776972599999,3782124.83235,7112,1372244.3,1964353.75690,0
1776972600000,1.4312,1.4323,1.4261,1.4279,2257188.5,1776973499999,3225373.57213,7878,1222082.4,1746626.60303,0
1776973500000,1.4280,1.4323,1.4272,1.4288,3870452.1,1776974399999,5534379.58336,9292,1747467.2,2498620.02191,0
1776974400000,1.4289,1.4344,1.4284,1.4294,4665715.7,1776975299999,6678040.80675,10884,2667492.5,3817819.19230,0
1776975300000,1.4294,1.4325,1.4270,1.4311,5243351.5,1776976199999,7495334.90493,8601,3390331.7,4846854.68635,0
1776976200000,1.4312,1.4365,1.4302,1.4361,6990002.8,1776977099999,10012520.05031,8338,5460585.9,7820798.64888,0
1776977100000,1.4361,1.4367,1.4312,1.4323,3195699.1,1776977999999,4584169.79657,6929,1393271.1,1998671.33301,0
1776978000000,1.4324,1.4336,1.4305,1.4308,2245942.8,1776978899999,3216677.27933,5397,1231202.5,1763396.98307,0
1776978900000,1.4307,1.4331,1.4301,1.4331,1501056.1,1776979799999,2148280.18297,3734,919273.8,1315687.79336,0
1776979800000,1.4331,1.4371,1.4331,1.4368,2062245.9,1776980699999,2960066.90082,4870,1251419.9,1796205.08712,0
1776980700000,1.4368,1.4376,1.4326,1.4326,1957522.9,1776981599999,2810821.23953,6306,763149.3,1096045.14520,0
1776981600000,1.4326,1.4365,1.4326,1.4350,2734430.2,1776982499999,3922889.14142,8297,1377661.3,1976437.57584,0
1776982500000,1.4350,1.4382,1.4348,1.4364,1941800.4,1776983399999,2790276.22196,6133,1141401.0,1640111.24619,0
1776983400000,1.4364,1.4379,1.4360,1.4374,1366246.0,1776984299999,1963347.83987,3877,690799.1,992691.10183,0
1776984300000,1.4374,1.4386,1.4348,1.4352,2078226.1,1776985199999,2986674.19119,4830,882750.1,1268700.73585,0
1776985200000,1.4352,1.4365,1.4323,1.4331,2321476.2,1776986099999,3329644.19962,6308,1078037.1,1546121.98500,0
1776986100000,1.4331,1.4351,1.4315,1.4339,2008768.0,1776986999999,2879527.77326,4779,973313.0,1395342.00261,0
1776987000000,1.4340,1.4369,1.4340,1.4367,822658.8,1776987899999,1180723.94894,3199,486648.1,698459.90790,0
1776987900000,1.4367,1.4394,1.4367,1.4379,3278196.9,1776988799999,4715250.90713,5182,2045160.6,2941847.86428,0
1776988800000,1.4379,1.4396,1.4370,1.4371,2782993.3,1776989699999,4002248.33763,7538,1610636.6,2316242.61075,0
1776989700000,1.4372,1.4399,1.4372,1.4382,3619170.2,1776990599999,5205831.56023,7510,1548153.9,2226976.93901,0
1776990600000,1.4382,1.4394,1.4379,1.4381,1866477.3,1776991499999,2685314.45201,4997,890379.2,1281026.89656,0
1776991500000,1.4381,1.4398,1.4381,1.4397,1930846.7,1776992399999,2778607.54712,5244,1034330.0,1488528.94361,0
1776992400000,1.4398,1.4399,1.4343,1.4355,4074199.2,1776993299999,5852826.08370,9118,1934953.1,2779874.61815,0
1776993300000,1.4356,1.4358,1.4326,1.4330,3125714.3,1776994199999,4482154.57359,5852,1028261.8,1474525.35127,0
1776994200000,1.4329,1.4368,1.4313,1.4355,2784410.1,1776995099999,3992978.59084,5673,1417206.7,2032210.18078,0
1776995100000,1.4355,1.4440,1.4354,1.4436,6306666.2,1776995999999,9094173.17363,12445,3657657.0,5273494.27838,0
1776996000000,1.4436,1.4453,1.4399,1.4407,5251426.6,1776996899999,7578250.30124,11680,2523698.8,3642574.06360,0
1776996900000,1.4407,1.4415,1.4372,1.4375,2015050.9,1776997799999,2900090.31027,6073,876515.1,1261771.43824,0
1776997800000,1.4375,1.4400,1.4372,1.4389,1864814.9,1776998699999,2682767.13714,5432,1012816.6,1456999.07846,0
1776998700000,1.4390,1.4406,1.4359,1.4368,2592715.3,1776999599999,3729012.58500,6716,1086263.0,1562348.64965,0
1776999600000,1.4367,1.4381,1.4350,1.4367,3366974.4,1777000499999,4836849.27422,7343,1571010.8,2257202.18961,0
1777000500000,1.4367,1.4367,1.4296,1.4306,4493586.0,1777001399999,6436981.90750,10141,1826444.3,2616143.43304,0
1777001400000,1.4305,1.4312,1.4274,1.4286,4243491.4,1777002299999,6063640.64940,10496,1869725.7,2671763.82466,0
1777002300000,1.4286,1.4305,1.4284,1.4298,2380915.9,1777003199999,3403329.41623,5747,1396622.4,1996523.50884,0
1777003200000,1.4299,1.4302,1.4278,1.4288,2699471.0,1777004099999,3858236.18782,6598,1140882.9,1630692.57142,0
1777004100000,1.4287,1.4301,1.4253,1.4264,4923783.3,1777004999999,7028671.53616,10099,2362721.3,3373191.53738,0
1777005000000,1.4264,1.4290,1.4254,1.4279,2507824.5,1777005899999,3579051.79010,6589,1055538.2,1506504.94932,0
1777005900000,1.4280,1.4300,1.4277,1.4283,1517143.7,1777006799999,2167844.03143,4338,952117.1,1360471.10176,0
1777006800000,1.4284,1.4284,1.4257,1.4261,1583892.6,1777007699999,2259948.59478,5667,806607.8,1150900.64722,0
1777007700000,1.4260,1.4282,1.4245,1.4275,2258026.7,1777008599999,3220729.22715,7259,950531.3,1355966.57481,0
1777008600000,1.4275,1.4296,1.4273,1.4288,1594621.3,1777009499999,2278255.57304,4745,1102673.4,1575391.88855,0
1777009500000,1.4289,1.4330,1.4288,1.4321,2546201.5,1777010399999,3643038.50869,6704,1705403.2,2439883.45256,0
1777010400000,1.4321,1.4327,1.4293,1.4313,3899373.3,1777011299999,5579359.15517,8574,2281244.9,3264266.61495,0
1777011300000,1.4314,1.4320,1.4303,1.4315,2292707.3,1777012199999,3281189.54869,5162,1345961.2,1926229.87037,0
1777012200000,1.4315,1.4322,1.4296,1.4296,1300292.0,1777013099999,1860157.62395,4599,463841.1,663539.38546,0
1777013100000,1.4296,1.4315,1.4293,1.4293,945861.9,1777013999999,1353015.82394,3110,295039.6,422089.13811,0
1777014000000,1.4293,1.4322,1.4287,1.4304,1553196.0,1777014899999,2221838.21982,5596,712410.2,1019184.58242,0
1777014900000,1.4305,1.4305,1.4277,1.4287,1338736.8,1777015799999,1912856.11918,5361,578453.4,826440.37512,0
1777015800000,1.4286,1.4302,1.4280,1.4289,2153568.7,1777016699999,3077491.50624,6118,1524944.9,2179259.14614,0
1777016700000,1.4289,1.4320,1.4289,1.4320,2614940.9,1777017599999,3739869.95068,6617,1347718.4,1927664.49518,0
1777017600000,1.4320,1.4324,1.4300,1.4302,2324762.8,1777018499999,3327469.94592,7032,926354.8,1326043.68143,0
1777018500000,1.4303,1.4358,1.4303,1.4341,4799076.3,1777019399999,6879739.03648,10065,3079228.7,4414572.38528,0
1777019400000,1.4341,1.4344,1.4290,1.4293,3428335.1,1777020299999,4905817.92124,6688,1405647.8,2011438.49390,0
1777020300000,1.4294,1.4320,1.4291,1.4309,2040658.8,1777021199999,2919766.87521,4899,1138489.3,1628969.10091,0
1777021200000,1.4309,1.4312,1.4241,1.4256,5772442.9,1777022099999,8234574.58354,11521,2414232.7,3443400.72054,0
1777022100000,1.4256,1.4272,1.4247,1.4249,4469340.4,1777022999999,6372288.53562,7770,2139516.7,3050552.48258,0
1777023000000,1.4249,1.4273,1.4247,1.4272,1955790.2,1777023899999,2788803.46546,5015,1192697.6,1700797.92668,0
1777023900000,1.4272,1.4273,1.4242,1.4251,2050848.8,1777024799999,2923231.73047,4620,906068.8,1291476.01341,0
1777024800000,1.4251,1.4252,1.4231,1.4241,4117173.8,1777025699999,5863051.53510,7996,1812014.4,2580425.24002,0
1777025700000,1.4242,1.4292,1.4241,1.4285,2422587.9,1777026599999,3456797.60289,5986,1744406.0,2488951.99350,0
1777026600000,1.4285,1.4290,1.4265,1.4278,1800488.0,1777027499999,2570792.52943,4767,1044102.2,1490834.26583,0
1777027500000,1.4279,1.4320,1.4271,1.4308,2971525.8,1777028399999,4248660.68718,6722,1931524.9,2761888.71853,0
1777028400000,1.4308,1.4385,1.4308,1.4362,8873822.0,1777029299999,12732705.85624,17127,4657430.9,6682060.37786,0
1777029300000,1.4362,1.4391,1.4347,1.4391,5080671.8,1777030199999,7300991.76254,12127,2426941.3,3488386.93132,0
1777030200000,1.4391,1.4397,1.4372,1.4380,3293258.3,1777031099999,4737306.87865,8683,1553318.0,2234648.19418,0
1777031100000,1.4381,1.4382,1.4356,1.4377,4319733.9,1777031999999,6206906.20054,7450,1926644.3,2768451.88992,0
1777032000000,1.4378,1.4407,1.4363,1.4396,4760975.2,1777032899999,6848320.03441,10860,3084005.9,4436321.35516,0
1777032900000,1.4397,1.4401,1.4351,1.4358,2784217.7,1777033799999,4000171.08686,8841,1390989.2,1998480.09165,0
1777033800000,1.4359,1.4362,1.4337,1.4343,3181545.8,1777034699999,4565369.94777,7591,1384855.8,1987233.47587,0
1777034700000,1.4344,1.4360,1.4320,1.4342,3398073.6,1777035599999,4870674.84257,8136,1797391.0,2576320.64957,0
1777035600000,1.4342,1.4438,1.4342,1.4407,9830798.4,1777036499999,14149916.66909,16444,6182129.6,8897041.12704,0
1777036500000,1.4408,1.4420,1.4368,1.4383,4847333.0,1777037399999,6977512.11610,9901,2563959.3,3690484.14396,0
1777037400000,1.4383,1.4390,1.4341,1.4371,5530633.6,1777038299999,7947432.56723,13519,2893406.4,4157798.94016,0
1777038300000,1.4370,1.4377,1.4327,1.4349,3917630.8,1777039199999,5621747.02757,11794,1981668.1,2843835.14809,0
1777039200000,1.4349,1.4359,1.4305,1.4314,12098172.2,1777040099999,17339156.74029,18223,6848812.0,9816080.18054,0
1777040100000,1.4314,1.4343,1.4272,1.4284,12683468.2,1777040999999,18143126.55419,17557,6406470.5,9164100.42518,0
1777041000000,1.4284,1.4379,1.4282,1.4353,12623069.3,1777041899999,18096577.85924,22512,7092437.8,10165705.14855,0
1777041900000,1.4353,1.4374,1.4320,1.4326,9916223.3,1777042799999,14222482.04426,16792,4700204.6,6741835.04722,0
1777042800000,1.4326,1.4331,1.4278,1.4312,5202601.7,1777043699999,7442765.88875,12943,2627191.4,3758610.31681,0
1777043700000,1.4311,1.4371,1.4294,1.4369,3528889.4,1777044599999,5057786.32902,8952,2242845.5,3214441.42095,0
1777044600000,1.4368,1.4435,1.4366,1.4423,8894539.3,1777045499999,12799821.28529,12526,4836136.4,6961300.88588,0
1777045500000,1.4423,1.4474,1.4422,1.4471,11855101.9,1777046399999,17127739.07469,19095,6503313.4,9397044.46078,0
1777046400000,1.4471,1.4503,1.4424,1.4426,9827856.4,1777047299999,14216767.94789,16499,4747300.4,6870885.02298,0
1777047300000,1.4427,1.4430,1.4400,1.4418,3900083.9,1777048199999,5622118.89883,9834,1814181.2,2615341.53804,0
1777048200000,1.4418,1.4433,1.4370,1.4393,3961577.5,1777049099999,5704162.41514,10308,1840560.9,2650356.30569,0
1777049100000,1.4393,1.4409,1.4373,1.4397,3224121.5,1777049999999,4639001.26924,7915,1897487.8,2730337.65003,0
1777050000000,1.4396,1.4418,1.4393,1.4408,3694629.9,1777050899999,5322549.06659,9522,2278665.5,3282850.05411,0
1777050900000,1.4409,1.4409,1.4373,1.4394,2322469.2,1777051799999,3341598.06614,6849,1333193.1,1918229.35592,0
1777051800000,1.4395,1.4395,1.4351,1.4374,3139762.4,1777052699999,4511451.91577,7762,1521121.5,2185756.35030,0
1777052700000,1.4374,1.4419,1.4364,1.4404,3060463.6,1777053599999,4404715.33065,7887,1658081.7,2385845.91590,0
1777053600000,1.4404,1.4412,1.4365,1.4365,1925650.3,1777054499999,2770994.92477,6334,865960.0,1246061.00726,0
1777054500000,1.4365,1.4372,1.4328,1.4361,3082312.9,1777055399999,4422433.29587,8341,1466121.1,2103972.02053,0
1777055400000,1.4361,1.4388,1.4358,1.4381,1485792.5,1777056299999,2135652.45708,5688,837589.9,1203931.25928,0
1777056300000,1.4380,1.4385,1.4368,1.4381,1176023.7,1777057199999,1690897.38262,4080,692408.6,995568.18168,0
1777057200000,1.4381,1.4414,1.4374,1.4375,2156536.0,1777058099999,3104485.13866,7075,1166087.6,1678739.35553,0
1777058100000,1.4375,1.4389,1.4362,1.4363,1599859.3,1777058999999,2299922.29408,4955,745013.5,1071241.22927,0
1777059000000,1.4364,1.4399,1.4357,1.4390,1285474.1,1777059899999,1847915.09872,4801,747342.0,1074269.19668,0
1777059900000,1.4390,1.4403,1.4380,1.4386,2487313.8,1777060799999,3579633.01752,5875,1405800.5,2023406.21486,0
1777060800000,1.4385,1.4388,1.4364,1.4370,3533066.5,1777061699999,5077939.68901,8945,1653675.1,2377009.69531,0
1777061700000,1.4370,1.4373,1.4340,1.4355,2263139.0,1777062599999,3249461.67688,6043,1375513.5,1975197.97437,0
1777062600000,1.4356,1.4404,1.4352,1.4389,2822531.8,1777063499999,4057887.79636,6075,1552820.3,2232977.53926,0
1777063500000,1.4389,1.4412,1.4388,1.4397,1523562.2,1777064399999,2194180.42872,4167,960053.4,1382568.17213,0
1777064400000,1.4398,1.4424,1.4368,1.4377,3131493.4,1777065299999,4509469.18596,7732,1516426.8,2184068.73605,0
1777065300000,1.4376,1.4386,1.4368,1.4372,2211198.1,1777066199999,3178762.45686,5516,1040627.8,1496052.13202,0
1777066200000,1.4372,1.4387,1.4355,1.4374,4190212.6,1777067099999,6022753.00562,7837,2323170.5,3339655.92285,0
1777067100000,1.4374,1.4384,1.4355,1.4370,1743197.7,1777067999999,2505652.43981,5429,713999.4,1026468.38872,0
1777068000000,1.4370,1.4377,1.4360,1.4368,1322727.1,1777068899999,1900450.43559,5985,791556.9,1137228.62252,0
1777068900000,1.4368,1.4370,1.4348,1.4350,1913936.6,1777069799999,2748565.51838,4685,844271.6,1212525.62724,0
1777069800000,1.4349,1.4352,1.4280,1.4314,4826067.3,1777070699999,6905921.40515,9288,1536183.3,2198467.65887,0
1777070700000,1.4314,1.4322,1.4300,1.4308,2300552.2,1777071599999,3292236.08457,5115,937520.6,1341630.42379,0
1777071600000,1.4308,1.4328,1.4306,1.4323,1818649.4,1777072499999,2603998.53593,5699,1217433.4,1743241.03147,0
1777072500000,1.4323,1.4330,1.4316,1.4322,938236.9,1777073399999,1343878.56924,3591,550538.5,788587.05201,0
1777073400000,1.4322,1.4327,1.4308,1.4314,1185653.6,1777074299999,1697664.64140,3524,509583.5,729735.88523,0
1777074300000,1.4314,1.4331,1.4309,1.4325,1339402.8,1777075199999,1918310.48897,3311,811232.7,1161859.01334,0
1777075200000,1.4324,1.4337,1.4316,1.4321,2147382.6,1777076099999,3076556.35549,5643,1140177.6,1633548.17938,0
1777076100000,1.4320,1.4333,1.4315,1.4316,1258849.4,1777076999999,1803480.66604,3724,590060.1,845420.33468,0
1777077000000,1.4315,1.4331,1.4310,1.4310,1060795.1,1777077899999,1519065.08013,3419,312034.1,446829.61915,0
1777077900000,1.4310,1.4330,1.4309,1.4326,779895.2,1777078799999,1116631.86384,2919,356154.9,509955.72195,0
1777078800000,1.4327,1.4341,1.4326,1.4338,1402052.0,1777079699999,2009585.54996,4552,736670.8,1055868.04594,0
1777079700000,1.4339,1.4356,1.4328,1.4345,1288377.0,1777080599999,1847590.23271,3983,787672.2,1129569.03647,0
1777080600000,1.4344,1.4360,1.4338,1.4350,1371014.2,1777081499999,1967687.40629,3633,643757.5,923862.11013,0
1777081500000,1.4350,1.4363,1.4350,1.4353,671043.0,1777082399999,963484.28474,2481,342136.2,491261.02915,0
1777082400000,1.4353,1.4368,1.4340,1.4345,2498496.3,1777083299999,3586009.47448,5507,1173403.4,1684402.76101,0
1777083300000,1.4346,1.4369,1.4340,1.4362,1637575.4,1777084199999,2350154.61284,3696,1145444.7,1643923.56744,0
1777084200000,1.4363,1.4371,1.4331,1.4334,1770207.2,1777085099999,2539805.21656,3823,668895.3,959633.59411,0
1777085100000,1.4334,1.4335,1.4327,1.4330,887224.7,1777085999999,1271478.06341,2928,434618.2,622835.48336,0
1777086000000,1.4331,1.4348,1.4321,1.4332,1504180.9,1777086899999,2155922.64271,4949,807136.3,1156974.99617,0
1777086900000,1.4332,1.4340,1.4320,1.4325,904822.6,1777087799999,1296643.99385,3555,436035.1,624866.10206,0
1777087800000,1.4325,1.4349,1.4322,1.4346,597607.9,1777088699999,856802.70597,3246,376714.7,540081.69266,0
1777088700000,1.4346,1.4363,1.4346,1.4359,1275986.4,1777089599999,1831885.20531,2856,647982.3,930209.96803,0
1777089600000,1.4359,1.4365,1.4349,1.4355,1166412.8,1777090499999,1674596.72565,4323,679998.7,976235.34925,0
1777090500000,1.4355,1.4357,1.4341,1.4342,709613.0,1777091399999,1018220.04866,3081,324329.1,465387.43447,0
1777091400000,1.4342,1.4343,1.4328,1.4330,1106326.5,1777092299999,1585870.39127,3365,413364.7,592459.07659,0
1777092300000,1.4329,1.4337,1.4328,1.4333,939621.0,1777093199999,1346685.73790,2932,473609.4,678801.15848,0
1777093200000,1.4334,1.4334,1.4307,1.4312,2087619.6,1777094099999,2988442.36379,6141,1078355.2,1543677.37073,0
1777094100000,1.4313,1.4323,1.4305,1.4315,952044.4,1777094999999,1362847.19354,3770,476648.1,682381.62253,0
1777095000000,1.4316,1.4329,1.4312,1.4320,708565.5,1777095899999,1014764.30767,3225,465908.9,667278.62033,0
1777095900000,1.4321,1.4329,1.4310,1.4315,1293575.2,1777096799999,1852038.12288,3418,638684.7,914432.74916,0
1777096800000,1.4316,1.4332,1.4316,1.4325,920087.0,1777097699999,1317833.65352,4920,573248.5,821061.99525,0
1777097700000,1.4326,1.4327,1.4301,1.4309,1385632.8,1777098599999,1983003.65876,4285,742921.7,1063145.40292,0
1777098600000,1.4308,1.4330,1.4308,1.4324,1069410.3,1777099499999,1531484.46761,3367,762663.8,1092174.31410,0
1777099500000,1.4325,1.4341,1.4319,1.4319,771110.3,1777100399999,1105081.87618,2725,395610.7,566954.35942,0
1777100400000,1.4320,1.4320,1.4303,1.4314,1549875.6,1777101299999,2217782.05555,4788,917388.2,1312692.45728,0
1777101300000,1.4314,1.4327,1.4313,1.4326,976244.9,1777102199999,1397911.57045,3291,717011.5,1026729.07133,0
1777102200000,1.4326,1.4340,1.4323,1.4330,1178143.5,1777103099999,1688434.70280,3250,601301.8,861678.46216,0
1777103100000,1.4331,1.4339,1.4324,1.4325,969282.0,1777103999999,1389036.94588,2413,477782.3,684695.42307,0
1777104000000,1.4325,1.4329,1.4316,1.4318,1074538.6,1777104899999,1538960.32532,4082,483047.0,691869.82145,0
1777104900000,1.4319,1.4333,1.4314,1.4332,1034420.0,1777105799999,1481811.71677,3422,634746.8,909278.60573,0
1777105800000,1.4332,1.4344,1.4331,1.4340,1139903.8,1777106699999,1634451.58810,3739,616204.1,883551.74426,0
1777106700000,1.4340,1.4345,1.4336,1.4339,728738.8,1777107599999,1045077.87196,2380,328818.9,471567.77518,0
1777107600000,1.4339,1.4343,1.4329,1.4333,1279317.2,1777108499999,1833732.17487,4709,585085.2,838622.33745,0
1777108500000,1.4332,1.4338,1.4322,1.4323,698237.0,1777109399999,1000646.26132,3114,271676.0,389409.07776,0
1777109400000,1.4322,1.4358,1.4322,1.4351,1143393.7,1777110299999,1640036.35900,3225,888761.7,1274775.83190,0
1777110300000,1.4352,1.4361,1.4346,1.4346,1911705.7,1777111199999,2744434.21769,4354,903264.8,1296781.10763,0
1777111200000,1.4346,1.4352,1.4340,1.4343,1388045.8,1777112099999,1991276.02730,4351,743561.4,1066704.35161,0
1777112100000,1.4344,1.4360,1.4341,1.4349,843865.5,1777112999999,1210825.71975,2958,524880.1,753147.14762,0
1777113000000,1.4350,1.4359,1.4341,1.4345,1546396.0,1777113899999,2219295.05696,4386,718267.4,1030814.81769,0
1777113900000,1.4346,1.4351,1.4344,1.4349,799472.8,1777114799999,1147029.13678,2743,582924.3,836354.03883,0
1777114800000,1.4350,1.4350,1.4324,1.4324,2133496.1,1777115699999,3058222.90011,5932,774810.5,1110666.83381,0
1777115700000,1.4325,1.4325,1.4296,1.4304,3315325.0,1777116599999,4743389.46652,5169,968222.3,1385477.89778,0
1777116600000,1.4305,1.4307,1.4296,1.4296,2193778.6,1777117499999,3137586.15416,4199,1079331.5,1543774.77451,0
1777117500000,1.4296,1.4303,1.4285,1.4299,3440659.4,1777118399999,4918165.71976,5545,1595849.7,2281375.70836,0
1777118400000,1.4299,1.4301,1.4277,1.4299,3401538.6,1777119299999,4860887.93606,7148,1533182.7,2191284.77720,0
1777119300000,1.4299,1.4308,1.4291,1.4291,2945317.6,1777120199999,4212458.48113,4753,1791295.6,2562124.13795,0
1777120200000,1.4291,1.4299,1.4273,1.4280,3527487.7,1777121099999,5038117.91354,7416,1927276.8,2752774.19096,0
1777121100000,1.4280,1.4298,1.4279,1.4284,3005062.5,1777121999999,4293866.03070,4886,1517893.2,2169000.67736,0
1777122000000,1.4284,1.4294,1.4278,1.4291,1727209.5,1777122899999,2466999.78248,5073,699199.1,998755.57708,0
1777122900000,1.4291,1.4307,1.4285,1.4300,1352308.4,1777123799999,1933486.72684,3803,884860.1,1265106.18849,0
1777123800000,1.4300,1.4316,1.4296,1.4312,1066313.1,1777124699999,1525538.88770,3165,615301.4,880341.81581,0
1777124700000,1.4312,1.4313,1.4300,1.4304,920185.5,1777125599999,1316348.77202,2989,497083.7,711086.87688,0
1777125600000,1.4303,1.4306,1.4284,1.4294,2091026.5,1777126499999,2988657.94186,5602,887921.3,1269146.26451,0
1777126500000,1.4294,1.4303,1.4284,1.4298,1105126.7,1777127399999,1579600.41270,3606,623037.2,890546.40674,0
1777127400000,1.4298,1.4310,1.4297,1.4299,952232.1,1777128299999,1362092.72571,3153,434772.8,621916.82233,0
1777128300000,1.4298,1.4304,1.4281,1.4282,1253146.4,1777129199999,1791094.58961,3250,593944.1,849045.82984,0
1777129200000,1.4282,1.4299,1.4277,1.4293,1354113.8,1777130099999,1934150.62410,4645,720374.2,1028962.34130,0
1777130100000,1.4294,1.4303,1.4293,1.4300,531546.0,1777130999999,760018.57866,3219,320924.1,458865.61460,0
1777131000000,1.4300,1.4303,1.4292,1.4298,676731.7,1777131899999,967553.31649,2815,388493.4,555444.00017,0
1777131900000,1.4298,1.4298,1.4232,1.4246,11167305.0,1777132799999,15919042.40090,14510,3661703.3,5220026.21295,0
1777132800000,1.4246,1.4271,1.4242,1.4266,4486040.6,1777133699999,6395538.88655,8435,2488318.7,3547478.50369,0
1777133700000,1.4266,1.4269,1.4235,1.4252,2793898.4,1777134599999,3982248.60360,5449,1566560.3,2232900.15946,0
1777134600000,1.4252,1.4254,1.4192,1.4225,8681284.2,1777135499999,12340457.17569,12475,2728099.5,3878062.66932,0
1777135500000,1.4225,1.4239,1.4220,1.4234,2357550.4,1777136399999,3354379.41353,4971,1450339.4,2063531.98877,0
1777136400000,1.4234,1.4239,1.4221,1.4223,1679008.7,1777137299999,2389291.21037,5185,836706.9,1190682.58709,0
1777137300000,1.4222,1.4235,1.4193,1.4195,3900558.2,1777138199999,5545611.23934,7477,1723636.6,2450775.72120,0
1777138200000,1.4195,1.4202,1.4182,1.4195,2660366.6,1777139099999,3775683.24837,6754,1053699.4,1495543.32319,0
1777139100000,1.4195,1.4204,1.4188,1.4192,2081632.7,1777139999999,2954585.75497,4486,1193028.5,1693358.12257,0
1777140000000,1.4191,1.4205,1.4186,1.4193,1929904.9,1777140899999,2739735.02773,4801,941725.7,1336935.40093,0
1777140900000,1.4193,1.4209,1.4193,1.4209,1237011.9,1777141799999,1756553.46880,3890,858729.9,1219401.85274,0
1777141800000,1.4209,1.4220,1.4207,1.4207,1648493.9,1777142699999,2343101.24096,4150,750952.1,1067315.24045,0
1777142700000,1.4207,1.4219,1.4202,1.4202,1214476.4,1777143599999,1725923.35738,3387,560376.9,796469.14915,0
1777143600000,1.4203,1.4206,1.4188,1.4197,2330337.9,1777144499999,3307954.04832,5161,945681.7,1342450.34534,0
1777144500000,1.4197,1.4207,1.4183,1.4184,2265799.1,1777145399999,3217065.22233,4447,1072624.4,1523076.29368,0
1777145400000,1.4184,1.4190,1.4183,1.4184,1994967.7,1777146299999,2830177.90902,3878,968784.0,1374364.74617,0
1777146300000,1.4184,1.4201,1.4183,1.4198,2609669.3,1777147199999,3703029.16878,3946,1572945.9,2232006.97488,0
1777147200000,1.4198,1.4200,1.4177,1.4192,3753951.6,1777148099999,5325985.86828,6503,1696804.6,2407524.68211,0
1777148100000,1.4191,1.4204,1.4190,1.4203,2475657.0,1777148999999,3514143.55657,4714,1345363.2,1909777.81388,0
1777149000000,1.4203,1.4204,1.4196,1.4196,3119069.3,1777149899999,4428819.96453,4198,1550616.5,2201787.22284,0
1777149900000,1.4196,1.4214,1.4196,1.4213,1485835.1,1777150799999,2110526.63491,3640,928543.7,1318975.66160,0
1777150800000,1.4212,1.4227,1.4212,1.4220,2091227.2,1777151699999,2973422.58508,5016,1166487.8,1658524.96674,0
1777151700000,1.4220,1.4223,1.4211,1.4216,1407330.1,1777152599999,2000947.38560,3370,686380.4,975940.27512,0
1777152600000,1.4216,1.4220,1.4210,1.4216,1117695.4,1777153499999,1588857.95483,3663,505923.2,719237.12700,0
1777153500000,1.4216,1.4224,1.4212,1.4220,788633.4,1777154399999,1121381.59817,3216,448602.3,637865.14133,0
1777154400000,1.4221,1.4228,1.4213,1.4220,1299932.8,1777155299999,1848406.03264,4462,777366.2,1105322.42210,0
1777155300000,1.4220,1.4233,1.4217,1.4229,787752.5,1777156199999,1120631.01291,2814,471787.5,671177.34906,0
1777156200000,1.4228,1.4249,1.4228,1.4244,2709883.5,1777157099999,3859669.17627,5097,1518635.7,2162990.55929,0
1777157100000,1.4245,1.4245,1.4224,1.4227,1190588.4,1777157999999,1694951.69886,3024,426701.6,607427.26852,0
1777158000000,1.4227,1.4230,1.4215,1.4226,1468913.5,1777158899999,2089208.56742,4491,734202.3,1044248.13424,0
1777158900000,1.4226,1.4231,1.4219,1.4224,833985.6,1777159799999,1186358.72986,2948,417172.6,593443.24441,0
1777159800000,1.4224,1.4248,1.4214,1.4235,2243906.2,1777160699999,3193847.78892,4452,1470319.4,2092934.72955,0
1777160700000,1.4235,1.4238,1.4226,1.4231,909262.1,1777161599999,1294058.97797,2764,308362.3,438834.92128,0
1777161600000,1.4232,1.4232,1.4213,1.4216,1990770.1,1777162499999,2831327.02575,4892,728197.7,1035619.44894,0
1777162500000,1.4216,1.4216,1.4205,1.4208,1251443.2,1777163399999,1778307.98860,3398,437260.8,621344.93131,0
1777163400000,1.4208,1.4222,1.4202,1.4218,2160856.0,1777164299999,3071252.08519,4168,1107166.4,1573725.43956,0
1777164300000,1.4218,1.4219,1.4191,1.4200,2286918.5,1777165199999,3247990.89668,5149,712386.3,1011793.13100,0
1777165200000,1.4201,1.4205,1.4194,1.4202,1088132.6,1777166099999,1545099.49374,4237,602690.2,855776.07189,0
1777166100000,1.4203,1.4212,1.4196,1.4196,1155389.0,1777166999999,1641095.98962,3379,484005.5,687537.27952,0
1777167000000,1.4197,1.4208,1.4193,1.4200,811704.7,1777167899999,1152778.77349,3057,319946.1,454371.07889,0
1777167900000,1.4200,1.4202,1.4178,1.4185,1675042.2,1777168799999,2376859.16488,4609,738090.0,1047473.70159,0
1777168800000,1.4184,1.4212,1.4184,1.4209,1145737.2,1777169699999,1626337.81905,4158,788787.1,1119734.28519,0
1777169700000,1.4209,1.4215,1.4206,1.4211,868647.4,1777170599999,1234327.20086,3020,517794.0,735772.20387,0
1777170600000,1.4210,1.4220,1.4204,1.4205,660043.6,1777171499999,937975.00960,2727,441557.5,627500.94786,0
1777171500000,1.4206,1.4212,1.4197,1.4212,993309.5,1777172399999,1411055.66034,3509,480838.9,683065.05360,0
1777172400000,1.4211,1.4223,1.4203,1.4222,914897.3,1777173299999,1300103.63274,3754,601884.2,855353.41599,0
1777173300000,1.4223,1.4234,1.4215,1.4215,1582626.6,1777174199999,2251720.79504,3486,786523.7,1119055.20712,0
1777174200000,1.4216,1.4216,1.4170,1.4179,3859744.7,1777175099999,5475051.26871,6483,1886045.1,2674986.00945,0
1777175100000,1.4178,1.4182,1.4173,1.4179,1858155.1,1777175999999,2634271.35281,3545,763262.7,1082092.23486,0
1777176000000,1.4178,1.4199,1.4177,1.4189,1827631.2,1777176899999,2593033.16330,4976,1048866.1,1488074.05443,0
1777176900000,1.4189,1.4197,1.4180,1.4182,825871.1,1777177799999,1171823.46025,3050,354336.4,502785.92181,0
1777177800000,1.4182,1.4199,1.4175,1.4194,1224812.4,1777178699999,1737550.93427,3775,610742.2,866464.13229,0
1777178700000,1.4193,1.4232,1.4189,1.4214,2974453.9,1777179599999,4228638.42102,6297,1523688.6,2165893.47544,0
1777179600000,1.4213,1.4268,1.4206,1.4261,4538334.7,1777180499999,6461536.74604,9262,2894057.5,4121228.46335,0
1777180500000,1.4262,1.4287,1.4261,1.4267,7056087.7,1777181399999,10072859.77869,10365,3927722.4,5606926.05114,0
1777181400000,1.4268,1.4279,1.4250,1.4253,1840783.1,1777182299999,2624943.16176,5361,905180.0,1290803.24431,0
1777182300000,1.4253,1.4262,1.4241,1.4250,1932885.2,1777183199999,2754566.29805,4245,521908.5,743795.84904,0
1777183200000,1.4250,1.4273,1.4250,1.4265,1482225.8,1777184099999,2114246.09868,5282,899572.3,1283163.98178,0
1777184100000,1.4265,1.4267,1.4249,1.4258,1021335.8,1777184999999,1456101.77138,3627,512423.4,730576.54901,0
1777185000000,1.4258,1.4278,1.4256,1.4272,1018886.4,1777185899999,1453779.02488,3802,597280.4,852190.56793,0
1777185900000,1.4271,1.4276,1.4251,1.4266,1302102.1,1777186799999,1857096.98217,4435,495287.1,706435.98975,0
1777186800000,1.4267,1.4276,1.4260,1.4274,1243283.8,1777187699999,1774068.20814,4454,570537.4,814133.34041,0
1777187700000,1.4273,1.4281,1.4270,1.4274,1100433.9,1777188599999,1570831.67996,3174,424942.0,606616.65394,0
1777188600000,1.4274,1.4274,1.4255,1.4258,1301207.7,1777189499999,1855777.04296,3697,625659.9,892237.38648,0
1777189500000,1.4258,1.4286,1.4257,1.4283,1823924.8,1777190399999,2603475.55869,3758,1054488.3,1505034.01522,0
1777190400000,1.4283,1.4289,1.4265,1.4273,1657433.7,1777191299999,2366567.68445,5233,865270.3,1235560.56883,0
1777191300000,1.4272,1.4273,1.4252,1.4260,887757.0,1777192199999,1265868.28586,3703,372047.0,530465.06159,0
1777192200000,1.4261,1.4289,1.4259,1.4268,2434655.7,1777193099999,3475975.87518,4890,1324907.1,1891255.50070,0
1777193100000,1.4268,1.4273,1.4255,1.4258,1300248.9,1777193999999,1854705.01312,3495,716453.3,1022037.85891,0
1777194000000,1.4257,1.4262,1.4248,1.4257,1107712.6,1777194899999,1578952.60671,4095,314334.8,448052.82922,0
1777194900000,1.4258,1.4270,1.4247,1.4270,1588956.1,1777195799999,2266127.91967,3738,929363.3,1325520.05592,0
1777195800000,1.4270,1.4272,1.4261,1.4270,1245223.2,1777196699999,1776455.75344,3531,416062.5,593589.97036,0
1777196700000,1.4270,1.4277,1.4268,1.4275,827267.6,1777197599999,1180753.93171,2437,564935.7,806336.99998,0
1777197600000,1.4275,1.4281,1.4259,1.4277,1324780.5,1777198499999,1890376.78158,4338,553523.5,789955.92669,0
1777198500000,1.4277,1.4281,1.4270,1.4271,637956.5,1777199399999,910797.26135,2763,192807.9,275265.70057,0
1777199400000,1.4271,1.4272,1.4263,1.4268,1018678.5,1777200299999,1453382.74781,3115,449176.5,640868.08157,0
1777200300000,1.4267,1.4271,1.4258,1.4268,521542.0,1777201199999,743948.74954,2397,254196.3,362603.90657,0
1777201200000,1.4268,1.4280,1.4268,1.4277,842732.4,1777202099999,1202977.03592,3681,430341.6,614303.46498,0
1777202100000,1.4276,1.4311,1.4276,1.4307,2895193.9,1777202999999,4139873.77314,6119,1730462.9,2474380.81935,0
1777203000000,1.4307,1.4310,1.4290,1.4296,1361863.0,1777203899999,1947207.43607,4909,687327.7,982729.67414,0
1777203900000,1.4297,1.4307,1.4289,1.4296,1177012.7,1777204799999,1683048.95990,3548,611842.0,874931.12311,0
1777204800000,1.4297,1.4307,1.4280,1.4285,2076817.6,1777205699999,2968672.13067,5242,762735.8,1090472.55489,0
1777205700000,1.4286,1.4290,1.4260,1.4263,2809116.4,1777206599999,4009928.54115,5214,734550.0,1048717.83220,0
1777206600000,1.4263,1.4264,1.4252,1.4257,2253971.4,1777207499999,3213708.69825,4349,957585.9,1365354.96946,0
1777207500000,1.4258,1.4258,1.4225,1.4241,3722056.3,1777208399999,5299583.19386,7444,1258605.3,1792191.11839,0
1777208400000,1.4240,1.4249,1.4226,1.4244,1850025.6,1777209299999,2634178.77195,5381,1021199.6,1454124.76172,0
1777209300000,1.4243,1.4247,1.4225,1.4236,1880749.7,1777210199999,2677326.04474,4639,772596.8,1099721.21175,0
1777210200000,1.4236,1.4244,1.4230,1.4237,1816825.5,1777211099999,2586403.19616,5125,822873.4,1171421.17474,0
1777211100000,1.4238,1.4238,1.4220,1.4234,2261966.8,1777211999999,3218863.44627,4623,1334163.5,1898589.11683,0
1777212000000,1.4234,1.4249,1.4225,1.4248,1561204.8,1777212899999,2222649.15790,5059,945759.9,1346515.42267,0
1777212900000,1.4249,1.4292,1.4244,1.4276,5661238.3,1777213799999,8082189.07566,8817,3617490.3,5164269.17106,0
1777213800000,1.4277,1.4292,1.4267,1.4279,1585862.6,1777214699999,2264495.76310,4347,757731.2,1082006.31351,0
1777214700000,1.4279,1.4286,1.4264,1.4265,1988768.4,1777215599999,2838641.57730,4708,964978.1,1377443.11723,0
1777215600000,1.4265,1.4271,1.4255,1.4258,1112833.8,1777216499999,1587224.17762,4890,444605.9,634132.51024,0
1777216500000,1.4257,1.4282,1.4255,1.4282,1375278.7,1777217399999,1962101.74969,3863,761086.3,1085990.21307,0
1777217400000,1.4282,1.4284,1.4270,1.4275,781841.5,1777218299999,1116271.35964,3234,357013.5,509729.34406,0
1777218300000,1.4276,1.4286,1.4266,1.4285,1555106.0,1777219199999,2220351.23103,3810,886375.2,1265625.07693,0
1777219200000,1.4285,1.4288,1.4263,1.4265,1535912.0,1777220099999,2192215.79035,4821,557377.7,795627.59563,0
1777220100000,1.4264,1.4269,1.4256,1.4264,1686408.8,1777220999999,2405298.75700,3799,901632.0,1286003.66129,0
1777221000000,1.4263,1.4278,1.4254,1.4257,1318739.4,1777221899999,1881122.47460,4067,642411.0,916424.54495,0
1777221900000,1.4256,1.4258,1.4241,1.4245,1070389.2,1777222799999,1525488.76811,3524,526204.9,749968.86248,0
1777222800000,1.4244,1.4248,1.4217,1.4246,2954775.8,1777223699999,4205139.78279,6579,1042477.8,1483881.26460,0
1777223700000,1.4246,1.4257,1.4238,1.4249,1669605.2,1777224599999,2378790.70669,3685,1159292.1,1651700.00342,0
1777224600000,1.4249,1.4249,1.4227,1.4244,1736597.4,1777225499999,2472428.35167,4162,885885.5,1261336.14662,0
1777225500000,1.4245,1.4253,1.4237,1.4238,843310.1,1777226399999,1201229.43000,3124,328639.2,468133.61789,0
1777226400000,1.4237,1.4278,1.4222,1.4265,3788170.9,1777227299999,5398092.03681,8514,2283727.3,3254195.88572,0
1777227300000,1.4265,1.4295,1.4264,1.4272,3139378.8,1777228199999,4482280.22278,6953,1541807.1,2201130.33562,0
1777228200000,1.4272,1.4276,1.4263,1.4270,969841.1,1777229099999,1383782.91689,3343,531857.6,758871.06256,0
1777229100000,1.4270,1.4285,1.4269,1.4283,1045964.7,1777229999999,1493631.31246,3320,523071.5,746891.57920,0
1777230000000,1.4283,1.4308,1.4272,1.4300,4300102.1,1777230899999,6145605.15175,7596,2794852.8,3994919.88450,0
1777230900000,1.4300,1.4360,1.4294,1.4303,9993451.1,1777231799999,14320276.40543,15298,5314127.0,7616024.70544,0
1777231800000,1.4303,1.4310,1.4291,1.4304,1818169.6,1777232699999,2600436.56500,5144,981279.7,1403577.11373,0
1777232700000,1.4304,1.4315,1.4295,1.4295,1035286.2,1777233599999,1481098.53154,3989,488557.7,699002.84042,0
1777233600000,1.4295,1.4309,1.4288,1.4290,1063931.2,1777234499999,1521327.06913,5218,546458.0,781380.12919,0
1777234500000,1.4290,1.4304,1.4286,1.4300,929634.1,1777235399999,1329026.03783,3921,495846.8,708839.31904,0
1777235400000,1.4301,1.4327,1.4276,1.4279,2552173.1,1777236299999,3649554.14170,6631,1343372.3,1921232.43827,0
1777236300000,1.4279,1.4286,1.4266,1.4266,1071373.0,1777237199999,1529440.61569,3296,462238.4,659934.42012,0
1777237200000,1.4267,1.4289,1.4267,1.4279,1907413.3,1777238099999,2723432.84612,4225,1300359.1,1856727.64768,0
1777238100000,1.4279,1.4292,1.4277,1.4279,1099247.0,1777238999999,1570364.76937,3398,567429.7,810596.16230,0
1777239000000,1.4279,1.4279,1.4214,1.4223,5956958.9,1777239899999,8481167.50611,10504,2092277.4,2978636.59999,0
1777239900000,1.4224,1.4295,1.4185,1.4277,6769847.8,1777240799999,9640522.37751,19994,3570503.9,5088499.06386,0
1777240800000,1.4278,1.4315,1.4272,1.4303,5172687.6,1777241699999,7395717.34684,13381,2219704.6,3173514.19446,0
1777241700000,1.4303,1.4350,1.4296,1.4304,7190574.4,1777242599999,10303591.49177,13706,2955866.3,4235529.17815,0
1777242600000,1.4303,1.4306,1.4228,1.4261,5269233.9,1777243499999,7514255.55649,12023,2435525.2,3472962.32677,0
1777243500000,1.4261,1.4285,1.4261,1.4262,1825409.2,1777244399999,2605150.13569,5455,883880.9,1261481.88705,0
1777244400000,1.4262,1.4282,1.4252,1.4265,2820300.7,1777245299999,4023001.56874,7311,1323123.5,1887632.00973,0
1777245300000,1.4266,1.4295,1.4255,1.4256,1299928.7,1777246199999,1855592.52875,5653,749909.2,1070572.10418,0
1777246200000,1.4256,1.4315,1.4240,1.4309,2641093.5,1777247099999,3771238.40141,8437,1380407.5,1971307.06728,0
1777247100000,1.4310,1.4342,1.4297,1.4302,4468092.6,1777247999999,6398129.37042,8700,1677143.5,2402206.28507,0
1777248000000,1.4302,1.4336,1.4282,1.4286,3197529.6,1777248899999,4575903.57341,9083,1564808.5,2239596.22230,0
1777248900000,1.4285,1.4289,1.4246,1.4253,2546174.2,1777249799999,3631961.79752,6648,1432082.2,2042855.92775,0
1777249800000,1.4254,1.4335,1.4243,1.4323,4440761.0,1777250699999,6345417.63258,8970,2583368.2,3691252.99802,0
1777250700000,1.4323,1.4404,1.4316,1.4388,9149872.4,1777251599999,13145711.44809,17135,5235030.6,7521630.50511,0
1777251600000,1.4389,1.4443,1.4388,1.4392,10407866.0,1777252499999,15004093.87127,20551,5368885.0,7740085.56414,0
1777252500000,1.4392,1.4398,1.4342,1.4361,4147508.0,1777253399999,5958224.72770,12422,1523669.2,2188931.47275,0
1777253400000,1.4362,1.4425,1.4361,1.4408,2902122.6,1777254299999,4179071.68633,9451,1272198.5,1831505.30827,0
1777254300000,1.4409,1.4457,1.4408,1.4441,5416685.8,1777255199999,7821558.53490,13154,2701497.1,3901214.96128,0
1777255200000,1.4442,1.4453,1.4396,1.4411,3371124.0,1777256099999,4861565.64899,10018,1467506.1,2116592.49530,0
1777256100000,1.4411,1.4440,1.4393,1.4416,2650420.4,1777256999999,3821502.17121,8425,990132.7,1427650.48441,0
1777257000000,1.4417,1.4441,1.4399,1.4411,2434585.2,1777257899999,3509807.63469,8581,930737.6,1342005.64330,0
1777257900000,1.4412,1.4453,1.4411,1.4431,3505850.4,1777258799999,5060671.27209,8920,1758210.9,2538117.74616,0
1777258800000,1.4431,1.4444,1.4410,1.4426,3233956.5,1777259699999,4665295.33519,9150,2225849.4,3210848.70531,0
1777259700000,1.4426,1.4437,1.4410,1.4431,3689187.9,1777260599999,5321590.09066,7593,1421996.8,2051348.13874,0
1777260600000,1.4432,1.4460,1.4429,1.4458,2826159.4,1777261499999,4082178.56486,8418,1818539.0,2626755.30759,0
1777261500000,1.4459,1.4463,1.4416,1.4419,1975245.4,1777262399999,2851626.09596,6833,693134.1,1000759.86163,0
1777262400000,1.4420,1.4421,1.4395,1.4402,2760480.6,1777263299999,3977565.40734,8140,1354789.4,1952098.22619,0
1777263300000,1.4401,1.4413,1.4395,1.4413,1890510.8,1777264199999,2723050.92004,6211,914895.1,1317894.17297,0
1777264200000,1.4413,1.4417,1.4393,1.4396,1744695.1,1777265099999,2512830.68715,5799,935194.7,1347024.66143,0
1777265100000,1.4397,1.4401,1.4375,1.4395,3703965.5,1777265999999,5329684.49972,7278,1533942.1,2207355.18154,0
1777266000000,1.4396,1.4401,1.4264,1.4269,14338405.8,1777266899999,20520630.11200,19698,7053547.3,10095154.49551,0
1777266900000,1.4269,1.4270,1.4175,1.4191,24908400.8,1777267799999,35410904.67259,36303,12031155.0,17105595.10359,0
1777267800000,1.4190,1.4209,1.4150,1.4193,12721708.0,1777268699999,18045948.82794,20137,6515602.1,9244405.88494,0
1777268700000,1.4193,1.4209,1.4173,1.4185,6941173.6,1777269599999,9850451.63987,11504,3405398.0,4833007.56976,0
1777269600000,1.4185,1.4185,1.4138,1.4177,7788392.2,1777270499999,11030598.99139,16997,4261049.9,6034981.94592,0
1777270500000,1.4177,1.4199,1.4173,1.4182,3363097.4,1777271399999,4771840.47676,8106,2215701.7,3143880.00667,0
1777271400000,1.4181,1.4181,1.4113,1.4149,6309230.3,1777272299999,8922410.29118,13873,2554604.4,3612318.05611,0
1777272300000,1.4150,1.4179,1.4145,1.4172,3117433.0,1777273199999,4416144.81717,8332,2178926.8,3086676.96610,0
1777273200000,1.4172,1.4181,1.4148,1.4156,2981096.2,1777274099999,4221769.73053,9440,1454754.7,2060382.34208,0
1777274100000,1.4157,1.4165,1.4133,1.4142,3460390.7,1777274999999,4894375.45745,8271,1795449.1,2539623.48270,0
1777275000000,1.4142,1.4148,1.4129,1.4145,2453128.5,1777275899999,3468570.36890,7730,1457747.6,2061136.15785,0
1777275900000,1.4146,1.4164,1.4133,1.4133,2624982.2,1777276799999,3713489.32471,7419,1400397.1,1981132.92642,0
1777276800000,1.4134,1.4147,1.4118,1.4140,3903456.6,1777277699999,5517155.87292,10919,1988038.0,2809896.89999,0
1777277700000,1.4140,1.4160,1.4127,1.4131,1807277.2,1777278599999,2556674.89424,6954,849429.5,1201875.70227,0
1777278600000,1.4130,1.4149,1.4124,1.4135,2014238.9,1777279499999,2847561.20678,6331,1109454.5,1568606.52933,0
1777279500000,1.4135,1.4174,1.4134,1.4174,2158726.5,1777280399999,3055848.69949,6408,1478228.8,2092576.78199,0
1777280400000,1.4174,1.4185,1.4167,1.4182,2335794.8,1777281299999,3311262.20772,7225,1127438.8,1598393.42493,0
1777281300000,1.4182,1.4182,1.4142,1.4154,2185163.0,1777282199999,3094115.62850,6178,809454.2,1146071.84503,0
1777282200000,1.4154,1.4171,1.4143,1.4161,2698622.6,1777283099999,3821240.32684,6334,1251277.8,1771836.18548,0
1777283100000,1.4161,1.4174,1.4155,1.4158,1482345.8,1777283999999,2099477.88778,4324,669188.8,947858.82756,0
1777284000000,1.4159,1.4161,1.4141,1.4143,1923366.9,1777284899999,2721764.87491,5963,867157.1,1227247.65005,0
1777284900000,1.4143,1.4151,1.4134,1.4146,1434027.1,1777285799999,2028047.32470,4887,658398.6,931109.82214,0
1777285800000,1.4145,1.4161,1.4144,1.4152,1510788.1,1777286699999,2138045.62716,4804,848984.5,1201463.87191,0
1777286700000,1.4153,1.4158,1.4141,1.4142,854458.5,1777287599999,1208957.46623,3583,324176.2,458676.87622,0
1777287600000,1.4143,1.4145,1.4120,1.4128,2441096.4,1777288499999,3449626.70710,6793,934286.1,1320344.79400,0
1777288500000,1.4127,1.4142,1.4116,1.4132,2753493.2,1777289399999,3890133.14081,6227,1491015.6,2106707.66727,0
1777289400000,1.4132,1.4137,1.4126,1.4129,2261944.6,1777290299999,3196279.85102,4673,1130396.0,1597405.25921,0
1777290300000,1.4129,1.4133,1.4120,1.4127,1799445.5,1777291199999,2541775.64622,3307,977310.3,1380466.19577,0
1777291200000,1.4128,1.4142,1.4117,1.4134,2150722.3,1777292099999,3038375.81410,5987,1187425.8,1677468.87210,0
1777292100000,1.4134,1.4141,1.4115,1.4123,2046279.4,1777292999999,2890553.58330,5075,907564.3,1282175.97978,0
1777293000000,1.4124,1.4129,1.4092,1.4104,7113634.6,1777293899999,10035183.06541,10489,2994975.5,4225187.57975,0
1777293900000,1.4104,1.4115,1.4088,1.4099,5312117.7,1777294799999,7490604.89842,7608,2506604.6,3535134.88466,0
1777294800000,1.4099,1.4117,1.4087,1.4089,6491803.2,1777295699999,9151380.79351,9704,2761186.6,3892962.33111,0
1777295700000,1.4089,1.4099,1.4038,1.4063,10096666.4,1777296599999,14204855.02418,12821,3441893.6,4844261.32746,0
1777296600000,1.4062,1.4101,1.4045,1.4071,9003004.1,1777297499999,12668887.61955,16011,5177486.2,7286719.61236,0
1777297500000,1.4071,1.4076,1.3929,1.4009,28689998.2,1777298399999,40158494.82759,31733,13380957.6,18734080.71029,0
1777298400000,1.4010,1.4044,1.3978,1.4043,8289811.0,1777299299999,11613229.60214,19043,4369399.4,6121133.37207,0
1777299300000,1.4044,1.4051,1.4016,1.4021,4996504.5,1777300199999,7013926.93698,12737,2598634.6,3647930.93297,0
1777300200000,1.4021,1.4095,1.4015,1.4088,8625798.0,1777301099999,12128492.23212,18947,4900482.6,6890447.25129,0
1777301100000,1.4089,1.4102,1.4026,1.4032,4359457.4,1777301999999,6132464.44686,12702,1682437.5,2366822.63689,0
1777302000000,1.4033,1.4035,1.3949,1.3970,11992268.6,1777302899999,16769969.11058,24613,5498302.5,7689235.57536,0
1777302900000,1.3969,1.3969,1.3828,1.3882,30420657.9,1777303799999,42240184.55412,48086,12754115.9,17704340.61308,0
1777303800000,1.3882,1.3921,1.3877,1.3896,6289593.1,1777304699999,8743588.19837,16649,3569571.6,4962518.13941,0
1777304700000,1.3896,1.3898,1.3848,1.3873,5328039.3,1777305599999,7389769.81723,12931,2563374.0,3555319.54245,0
1777305600000,1.3873,1.3899,1.3862,1.3891,7906204.9,1777306499999,10973421.23631,14368,3550715.6,4928810.21823,0
1777306500000,1.3891,1.3907,1.3856,1.3858,4027476.6,1777307399999,5591066.11999,9508,2212941.8,3072601.35647,0
1777307400000,1.3859,1.3874,1.3834,1.3854,4481336.5,1777308299999,6209915.22812,9363,1337345.6,1853841.41170,0
1777308300000,1.3854,1.3882,1.3853,1.3879,2346901.8,1777309199999,3253889.98306,7596,1305700.4,1810362.25063,0
1777309200000,1.3880,1.3922,1.3879,1.3906,6039140.3,1777310099999,8393922.22303,10699,2478885.6,3446720.13897,0
1777310100000,1.3905,1.3946,1.3894,1.3928,3636639.2,1777310999999,5062616.33800,9667,2031251.7,2828225.19262,0
1777311000000,1.3928,1.3945,1.3916,1.3934,2686448.5,1777311899999,3741944.56761,6926,1238142.6,1724790.42154,0
1777311900000,1.3934,1.3939,1.3917,1.3924,1684063.4,1777312799999,2345521.77323,5126,887166.4,1235572.39304,0
1777312800000,1.3923,1.3954,1.3915,1.3936,3973873.5,1777313699999,5538111.91398,7795,2103968.5,2932356.52298,0
1777313700000,1.3936,1.3960,1.3921,1.3926,2462776.7,1777314599999,3433155.01373,6158,908553.1,1266731.89719,0
1777314600000,1.3925,1.3947,1.3921,1.3946,1115121.9,1777315499999,1553902.80958,4667,634479.4,884166.57071,0
1777315500000,1.3946,1.3965,1.3938,1.3946,1604302.7,1777316399999,2238917.76948,4856,931458.7,1300063.69869,0
1777316400000,1.3945,1.3955,1.3924,1.3940,2038783.0,1777317299999,2841104.60218,5866,819291.5,1141808.20260,0
1777317300000,1.3939,1.3942,1.3875,1.3882,2446550.9,1777318199999,3401516.65274,6549,846755.6,1177141.49803,0
1777318200000,1.3881,1.3917,1.3859,1.3909,4016353.0,1777319099999,5574850.32359,8018,1835610.7,2548534.89720,0
1777319100000,1.3909,1.3924,1.3908,1.3922,1242340.4,1777319999999,1729072.21529,4106,640163.3,890922.92916,0
1777320000000,1.3922,1.3938,1.3897,1.3902,2484636.0,1777320899999,3457987.10279,7507,1044415.0,1453895.55055,0
1777320900000,1.3901,1.3932,1.3901,1.3929,1266015.2,1777321799999,1761989.38798,4989,1044880.8,1454182.00677,0
1777321800000,1.3928,1.3944,1.3923,1.3925,974878.2,1777322699999,1358156.21640,4198,601912.6,838581.95972,0
1777322700000,1.3925,1.3928,1.3914,1.3919,1309703.7,1777323599999,1823059.05168,4453,733319.6,1020784.73916,0
1777323600000,1.3918,1.3927,1.3903,1.3917,1505249.7,1777324499999,2094335.75780,5327,649293.8,903377.63889,0
1777324500000,1.3917,1.3925,1.3907,1.3919,1210437.6,1777325399999,1684431.33788,4285,593956.0,826619.88404,0
1777325400000,1.3919,1.3928,1.3909,1.3914,1028683.6,1777326299999,1431958.93137,3801,512542.1,713522.76445,0
1777326300000,1.3914,1.3914,1.3890,1.3891,1143985.4,1777327199999,1590156.27216,4461,384871.5,534989.74577,0
1777327200000,1.3891,1.3923,1.3886,1.3913,1397705.1,1777328099999,1943125.34195,6812,786976.0,1094040.26560,0
1777328100000,1.3913,1.3938,1.3905,1.3937,2584089.7,1777328999999,3596948.90702,5426,1388690.3,1933355.54314,0
1777329000000,1.3938,1.3956,1.3936,1.3950,2224980.4,1777329899999,3102863.51226,5056,995085.1,1387726.85532,0
1777329900000,1.3951,1.3964,1.3950,1.3960,1275719.1,1777330799999,1780663.93283,3680,719207.0,1003870.20275,0
1777330800000,1.3961,1.3978,1.3956,1.3958,2880653.8,1777331699999,4023801.15069,6649,1398276.4,1953354.70188,0
1777331700000,1.3958,1.3993,1.3958,1.3981,2277398.4,1777332599999,3183883.96778,5631,1289140.1,1802323.13710,0
1777332600000,1.3982,1.3995,1.3980,1.3991,1669603.8,1777333499999,2335673.15910,4940,801258.3,1120919.31147,0
1777333500000,1.3991,1.4014,1.3984,1.3999,2679349.7,1777334399999,3751134.20110,5532,1847802.6,2587084.78126,0
1777334400000,1.3999,1.4000,1.3971,1.3977,3339965.9,1777335299999,4669999.73014,6957,1256603.3,1756946.69045,0
1777335300000,1.3976,1.3987,1.3946,1.3952,2532235.9,1777336199999,3535746.67587,6903,918916.1,1283102.34558,0
1777336200000,1.3952,1.3990,1.3950,1.3985,1965511.2,1777337099999,2745624.85359,6080,1050455.3,1467313.78401,0
1777337100000,1.3984,1.3996,1.3967,1.3971,1751373.6,1777337999999,2449174.95550,5145,748060.8,1046200.86366,0
1777338000000,1.3971,1.3985,1.3967,1.3983,1291356.3,1777338899999,1805008.81233,5032,622704.7,870430.41022,0
1777338900000,1.3983,1.3983,1.3961,1.3971,1418114.2,1777339799999,1981313.41979,4318,870019.4,1215556.08357,0
1777339800000,1.3972,1.3973,1.3955,1.3959,1377611.8,1777340699999,1923905.22928,4566,741475.4,1035591.69388,0
1777340700000,1.3958,1.3975,1.3955,1.3967,1345661.3,1777341599999,1879482.76549,4313,802526.8,1120902.40808,0
1777341600000,1.3967,1.3985,1.3961,1.3968,1737362.6,1777342499999,2427590.44462,5286,889699.8,1243206.95759,0
1777342500000,1.3968,1.3984,1.3954,1.3956,1430851.2,1777343399999,1998519.17037,4669,526115.3,734928.80189,0
1777343400000,1.3955,1.3957,1.3909,1.3910,4994109.5,1777344299999,6956669.76979,8067,1277271.6,1778939.75500,0
1777344300000,1.3909,1.3932,1.3901,1.3926,2990677.7,1777345199999,4162096.30755,5883,1312078.6,1826212.85764,0
1777345200000,1.3925,1.3931,1.3907,1.3919,1995776.5,1777346099999,2778216.35469,6046,1070146.4,1489745.50866,0
1777346100000,1.3919,1.3919,1.3879,1.3892,3722213.6,1777346999999,5171591.43904,6963,1527087.5,2121642.62693,0
1777347000000,1.3892,1.3905,1.3889,1.3896,1606260.0,1777347899999,2232472.51022,4313,938704.9,1304706.47708,0
1777347900000,1.3897,1.3929,1.3894,1.3921,2752275.0,1777348799999,3830195.60465,4407,1888239.1,2627614.77224,0
1777348800000,1.3922,1.3931,1.3904,1.3928,3127020.4,1777349699999,4352333.52212,6501,1495889.4,2082082.80736,0
1777349700000,1.3928,1.3940,1.3897,1.3913,3788184.6,1777350599999,5274878.68909,6861,2445019.1,3404904.77983,0
1777350600000,1.3912,1.3935,1.3906,1.3920,3997652.1,1777351499999,5562472.39187,5710,1841045.8,2561798.98770,0
1777351500000,1.3919,1.3930,1.3919,1.3921,772220.8,1777352399999,1075394.73879,3110,415181.2,578194.61710,0
1777352400000,1.3920,1.3946,1.3920,1.3928,1517314.7,1777353299999,2114332.19057,6190,948258.0,1321366.15339,0
1777353300000,1.3927,1.3966,1.3921,1.3951,2353270.4,1777354199999,3282442.23302,5417,1712351.1,2388549.95245,0
1777354200000,1.3950,1.3953,1.3912,1.3921,2132510.2,1777355099999,2971502.40322,5199,882072.1,1229259.25587,0
1777355100000,1.3921,1.3939,1.3920,1.3929,1589627.4,1777355999999,2214522.81215,4101,775579.2,1080464.46524,0
1777356000000,1.3929,1.3965,1.3929,1.3946,1750388.9,1777356899999,2441814.70475,6168,851093.3,1187186.59520,0
1777356900000,1.3947,1.3948,1.3913,1.3930,1490523.5,1777357799999,2076028.38593,4893,602096.4,838662.24780,0
1777357800000,1.3930,1.3935,1.3856,1.3862,5716516.4,1777358699999,7938117.24190,9828,2088585.6,2899834.23638,0
1777358700000,1.3862,1.3888,1.3851,1.3882,3028432.2,1777359599999,4200496.79328,6950,1571870.3,2180237.02051,0
1777359600000,1.3881,1.3890,1.3863,1.3865,2132348.2,1777360499999,2958993.51261,5874,726134.1,1007754.80479,0
1777360500000,1.3865,1.3876,1.3839,1.3871,4324914.1,1777361399999,5991690.71347,7905,2004219.9,2776666.75606,0
1777361400000,1.3872,1.3908,1.3870,1.3905,1737792.7,1777362299999,2414450.09735,5705,875623.9,1216395.41526,0
1777362300000,1.3905,1.3927,1.3898,1.3923,2551308.2,1777363199999,3550205.87242,5647,1030499.0,1433945.32635,0
1777363200000,1.3923,1.3925,1.3902,1.3915,1468211.3,1777364099999,2042649.88463,5836,608219.4,846141.67695,0
1777364100000,1.3914,1.3952,1.3913,1.3949,2191627.2,1777364999999,3054668.58828,6564,1162006.1,1619712.90046,0
1777365000000,1.3949,1.3954,1.3917,1.3921,1665825.7,1777365899999,2321596.67605,5125,703776.9,980826.90479,0
1777365900000,1.3920,1.3925,1.3908,1.3918,1053167.2,1777366799999,1465421.24445,3558,530075.7,737580.76006,0
1777366800000,1.3917,1.3920,1.3901,1.3912,969807.1,1777367699999,1348745.02279,4038,557748.3,775679.22765,0
1777367700000,1.3912,1.3917,1.3899,1.3911,922006.8,1777368599999,1282235.63831,3573,441559.7,614079.54046,0
1777368600000,1.3910,1.3911,1.3881,1.3887,1326110.5,1777369499999,1842095.70030,4387,574355.7,797821.73959,0
1777369500000,1.3887,1.3890,1.3855,1.3867,2395811.2,1777370399999,3322529.24570,6298,1049017.2,1454720.09366,0
1777370400000,1.3866,1.3891,1.3864,1.3866,2359194.3,1777371299999,3273699.17548,6792,971503.1,1348268.90051,0
1777371300000,1.3866,1.3875,1.3859,1.3863,1650535.1,1777372199999,2288436.44220,4612,873801.6,1211478.33412,0
1777372200000,1.3864,1.3880,1.3860,1.3879,2083885.6,1777373099999,2890464.40834,4459,1481518.8,2055001.24347,0
1777373100000,1.3880,1.3881,1.3863,1.3875,1261747.9,1777373999999,1750356.99764,3393,699596.2,970445.67021,0
1777374000000,1.3875,1.3882,1.3858,1.3859,1459617.6,1777374899999,2024119.38223,7463,656227.3,909991.54737,0
1777374900000,1.3858,1.3871,1.3843,1.3860,3174729.4,1777375799999,4398295.71409,7310,1360879.2,1885578.16028,0
1777375800000,1.3859,1.3870,1.3826,1.3847,5622899.1,1777376699999,7784200.34010,8619,2339614.8,3239348.28661,0
1777376700000,1.3846,1.3847,1.3781,1.3808,11837987.6,1777377599999,16343602.91452,17282,4212540.0,5814759.55733,0
1777377600000,1.3807,1.3817,1.3800,1.3807,2737604.1,1777378499999,3779905.88857,8576,1572593.1,2171372.54008,0
1777378500000,1.3807,1.3835,1.3776,1.3803,8002354.5,1777379399999,11043583.42441,13496,3432593.0,4738547.36960,0
1777379400000,1.3803,1.3827,1.3792,1.3821,3040643.0,1777380299999,4197979.67050,7418,1890401.0,2610073.55233,0
1777380300000,1.3822,1.3844,1.3811,1.3824,2642511.5,1777381199999,3653727.07156,6156,1608660.7,2224324.59098,0
1777381200000,1.3825,1.3825,1.3743,1.3767,7341008.8,1777382099999,10110160.52876,14591,3081995.7,4245239.13037,0
1777382100000,1.3768,1.3806,1.3751,1.3789,4838035.2,1777382999999,6666023.37321,11232,2544726.5,3505991.35941,0
1777383000000,1.3788,1.3827,1.3770,1.3816,5967519.1,1777383899999,8236582.68852,15273,3729004.6,5147046.43171,0
1777383900000,1.3816,1.3836,1.3737,1.3774,7303702.6,1777384799999,10061513.37267,14676,3779404.3,5206748.12342,0
1777384800000,1.3774,1.3774,1.3723,1.3732,5938583.3,1777385699999,8161390.00417,14619,2948169.9,4051566.51775,0
1777385700000,1.3733,1.3748,1.3680,1.3709,10459690.5,1777386599999,14338238.30698,18775,5307861.6,7276410.17203,0
1777386600000,1.3710,1.3728,1.3668,1.3701,7819783.1,1777387499999,10708515.11716,15913,3908156.2,5352726.78712,0
1777387500000,1.3702,1.3711,1.3675,1.3694,4805770.6,1777388399999,6579889.93044,13073,2921731.2,4000411.74334,0
1777388400000,1.3694,1.3721,1.3694,1.3712,5170192.0,1777389299999,7087557.62793,11936,3210120.4,4400706.15491,0
1777389300000,1.3712,1.3717,1.3694,1.3706,2897641.9,1777390199999,3971670.62049,7015,1487808.8,2039244.74714,0
1777390200000,1.3706,1.3744,1.3684,1.3723,5740609.8,1777391099999,7872029.76755,10793,3555932.2,4875710.67895,0
1777391100000,1.3723,1.3753,1.3719,1.3744,4266736.5,1777391999999,5862422.17018,8861,2580250.5,3545092.00167,0
1777392000000,1.3744,1.3753,1.3729,1.3744,2408634.4,1777392899999,3309697.47525,8156,1019909.0,1401400.32499,0
1777392900000,1.3743,1.3761,1.3731,1.3735,2084278.1,1777393799999,2865189.15092,6618,857841.1,1179301.16608,0
1777393800000,1.3735,1.3739,1.3700,1.3701,2522152.5,1777394699999,3460153.33012,6225,1014594.9,1392124.33330,0
1777394700000,1.3702,1.3764,1.3696,1.3759,3677126.9,1777395599999,5051268.18281,8950,2154451.0,2958482.56380,0
1777395600000,1.3759,1.3772,1.3750,1.3753,2377729.8,1777396499999,3272309.58085,7007,1373790.0,1890788.87777,0
1777396500000,1.3754,1.3764,1.3734,1.3749,2073723.3,1777397399999,2850503.13450,5658,794042.4,1091591.65679,0
1777397400000,1.3750,1.3803,1.3749,1.3797,4161975.6,1777398299999,5738861.79828,8873,2512331.8,3463909.46871,0
1777398300000,1.3796,1.3800,1.3759,1.3779,4051858.2,1777399199999,5581793.87843,8587,2049434.3,2822694.09937,0
1777399200000,1.3778,1.3825,1.3778,1.3793,4584296.4,1777400099999,6328290.25542,9284,2812292.1,3882512.25964,0
1777400100000,1.3792,1.3818,1.3792,1.3813,2678927.9,1777400999999,3699303.93975,5766,1520549.2,2099575.79930,0
1777401000000,1.3814,1.3817,1.3783,1.3786,2512797.8,1777401899999,3467928.88457,6151,956418.3,1320020.69413,0
1777401900000,1.3786,1.3820,1.3784,1.3816,1375637.9,1777402799999,1898825.25765,4694,815808.2,1125936.94557,0
1777402800000,1.3815,1.3816,1.3786,1.3787,2171790.3,1777403699999,2997242.02662,5757,733366.8,1012042.51816,0
1777403700000,1.3786,1.3796,1.3766,1.3789,4018572.0,1777404599999,5537615.64941,5476,1763009.4,2429064.95821,0
1777404600000,1.3790,1.3807,1.3782,1.3807,1270578.6,1777405499999,1752119.46169,4308,773177.8,1066264.17469,0
1777405500000,1.3807,1.3855,1.3807,1.3816,8227053.1,1777406399999,11383198.82985,12818,4064050.5,5622386.76597,0
1777406400000,1.3817,1.3843,1.3806,1.3821,3568972.5,1777407299999,4932492.26821,8188,1946558.0,2690329.74793,0
1777407300000,1.3821,1.3830,1.3812,1.3825,1828635.9,1777408199999,2527594.11656,5044,1276928.5,1765083.20100,0
1777408200000,1.3824,1.3835,1.3817,1.3819,1065064.8,1777409099999,1472441.49617,4687,511576.4,707323.76152,0
1777409100000,1.3819,1.3830,1.3818,1.3821,1033286.0,1777409999999,1428457.27939,3104,557472.9,770673.65981,0
1777410000000,1.3821,1.3834,1.3800,1.3812,2812355.2,1777410899999,3884219.73071,6416,680300.3,939893.17957,0
1777410900000,1.3812,1.3814,1.3788,1.3792,1414782.7,1777411799999,1952500.29305,4154,478969.9,660994.26395,0
1777411800000,1.3792,1.3800,1.3781,1.3783,1339740.8,1777412699999,1847746.97792,4315,578810.2,798313.45391,0
1777412700000,1.3783,1.3805,1.3779,1.3796,1335498.9,1777413599999,1842064.84798,4313,973952.4,1343450.05229,0
1777413600000,1.3797,1.3834,1.3796,1.3809,3765775.3,1777414499999,5202892.95635,9158,1801595.4,2489054.29890,0
1777414500000,1.3809,1.3811,1.3797,1.3809,1338512.4,1777415399999,1847542.64835,3751,683559.1,943425.43922,0
1777415400000,1.3808,1.3810,1.3779,1.3788,2205091.3,1777416299999,3041492.72472,4867,670810.4,925217.84433,0
1777416300000,1.3787,1.3792,1.3779,1.3792,1546729.4,1777417199999,2132162.88395,3371,1041073.9,1435204.54430,0
1777417200000,1.3792,1.3806,1.3777,1.3799,1120184.1,1777418099999,1544994.34929,4853,507154.2,699517.08325,0
1777418100000,1.3799,1.3802,1.3781,1.3788,885557.0,1777418999999,1221460.85404,3032,407553.6,562136.80884,0
1777419000000,1.3787,1.3803,1.3782,1.3800,808341.5,1777419899999,1114886.82113,2925,442354.6,610087.35072,0
1777419900000,1.3799,1.3810,1.3794,1.3798,1626860.9,1777420799999,2245171.14847,3738,683743.9,943607.12015,0
1777420800000,1.3799,1.3809,1.3783,1.3793,2422659.8,1777421699999,3341943.51503,5912,944316.1,1302650.13705,0
1777421700000,1.3792,1.3800,1.3776,1.3778,2601085.5,1777422599999,3585648.57888,5675,1397255.9,1926108.41698,0
1777422600000,1.3778,1.3815,1.3777,1.3808,1036703.8,1777423499999,1430148.12816,4103,577393.7,796420.97809,0
1777423500000,1.3807,1.3842,1.3800,1.3824,2943233.8,1777424399999,4068500.46146,7229,1665729.7,2302537.76921,0
1777424400000,1.3824,1.3833,1.3795,1.3798,2030577.4,1777425299999,2805847.73445,6577,830677.9,1147613.55915,0
1777425300000,1.3797,1.3808,1.3771,1.3778,3139289.4,1777426199999,4326528.60676,7566,1549102.3,2134872.64004,0
1777426200000,1.3778,1.3792,1.3762,1.3792,1356607.8,1777427099999,1868687.62775,5036,672808.1,926845.13106,0
1777427100000,1.3792,1.3829,1.3790,1.3814,2373766.8,1777427999999,3279033.92967,6951,1356673.4,1873906.04494,0
1777428000000,1.3814,1.3831,1.3805,1.3807,1815263.0,1777428899999,2508477.08809,6828,617907.3,853791.15624,0
1777428900000,1.3806,1.3826,1.3800,1.3801,2072255.3,1777429799999,2862905.17259,5415,707310.6,976963.76613,0
1777429800000,1.3801,1.3805,1.3783,1.3786,1168531.6,1777430699999,1611574.23145,4064,379615.4,523529.17810,0
1777430700000,1.3785,1.3799,1.3782,1.3792,1011096.9,1777431599999,1394562.20709,3707,566962.2,782008.24939,0
1777431600000,1.3792,1.3815,1.3788,1.3808,968631.5,1777432499999,1336919.78828,4721,460723.6,635902.05032,0
1777432500000,1.3807,1.3884,1.3807,1.3863,9036519.5,1777433399999,12520962.96017,13809,4462549.5,6182027.36459,0
1777433400000,1.3864,1.3895,1.3841,1.3889,5814182.6,1777434299999,8065005.94706,12018,3589620.6,4979784.92634,0
1777434300000,1.3890,1.3891,1.3874,1.3884,2666330.9,1777435199999,3701462.31532,7344,1292420.3,1794214.36091,0
1777435200000,1.3885,1.3889,1.3866,1.3875,2712387.6,1777436099999,3764190.23684,7131,1055067.5,1464281.71704,0
1777436100000,1.3876,1.3905,1.3875,1.3894,3135690.7,1777436999999,4355529.84070,6409,1888763.7,2623428.79114,0
1777437000000,1.3894,1.3967,1.3893,1.3953,9186723.7,1777437899999,12805856.19125,15597,5095929.0,7102803.52834,0
1777437900000,1.3953,1.3965,1.3937,1.3942,3428247.4,1777438799999,4782841.88512,8253,1699476.2,2371041.88258,0
1777438800000,1.3942,1.3950,1.3930,1.3935,1980880.7,1777439699999,2761011.35556,7259,796350.1,1110097.01110,0
1777439700000,1.3935,1.3942,1.3929,1.3942,1250809.2,1777440599999,1743137.88940,4793,681083.7,949199.77035,0
1777440600000,1.3941,1.3942,1.3929,1.3934,1443276.3,1777441499999,2011061.68162,4023,645686.7,899723.94519,0
1777441500000,1.3935,1.3964,1.3934,1.3952,2726248.4,1777442399999,3803938.80146,6818,1536787.3,2144326.10856,0
1777442400000,1.3952,1.3959,1.3926,1.3935,3024022.1,1777443299999,4216151.85362,7743,1135940.6,1583903.83284,0
1777443300000,1.3935,1.3944,1.3922,1.3944,2313407.9,1777444199999,3222927.50705,5396,1096873.1,1528104.39689,0
1777444200000,1.3944,1.3951,1.3917,1.3918,2351743.9,1777445099999,3277038.82373,4835,722912.1,1007361.84581,0
1777445100000,1.3918,1.3923,1.3897,1.3915,4056254.0,1777445999999,5641685.12769,6827,1435865.2,1997097.45530,0
1777446000000,1.3915,1.3922,1.3905,1.3914,1645847.1,1777446899999,2290232.96773,4814,806178.9,1121834.67055,0
1777446900000,1.3915,1.3918,1.3899,1.3906,1358709.2,1777447799999,1889450.16622,4241,639177.5,888873.87670,0
1777447800000,1.3906,1.3951,1.3906,1.3928,3440431.8,1777448699999,4793989.22355,8110,1993003.5,2777163.93719,0
1777448700000,1.3928,1.3928,1.3903,1.3914,2363873.0,1777449599999,3288872.11844,6271,1394861.8,1940673.57015,0
1777449600000,1.3914,1.3918,1.3883,1.3896,3572253.9,1777450499999,4964253.96808,7680,1306682.8,1815922.79710,0
1777450500000,1.3896,1.3923,1.3888,1.3912,1615209.8,1777451399999,2246884.62048,6084,969672.4,1348931.60612,0
1777451400000,1.3911,1.3912,1.3881,1.3906,1886547.5,1777452299999,2621074.22147,6064,808769.7,1123547.48224,0
1777452300000,1.3906,1.3910,1.3901,1.3906,809123.5,1777453199999,1125155.92290,3843,449367.4,624887.50012,0
1777453200000,1.3906,1.3933,1.3896,1.3931,1490835.1,1777454099999,2073523.82122,6127,789087.5,1097686.49675,0
1777454100000,1.3930,1.3974,1.3921,1.3959,4956600.0,1777454999999,6914327.69513,9442,2879556.3,4017725.79956,0
1777455000000,1.3959,1.3960,1.3932,1.3953,5731411.6,1777455899999,7993908.71700,10259,2989689.6,4169760.88839,0
1777455900000,1.3953,1.4057,1.3938,1.4031,18520482.0,1777456799999,25952347.94478,29998,10708376.6,15005468.21656,0
1777456800000,1.4031,1.4055,1.4024,1.4036,5139296.0,1777457699999,7216057.30946,12062,2405483.9,3378022.77931,0
1777457700000,1.4036,1.4040,1.4014,1.4035,5228239.8,1777458599999,7332574.26596,9422,2546573.9,3571864.17460,0
1777458600000,1.4035,1.4039,1.3966,1.3973,6620761.9,1777459499999,9267961.38460,11076,1796535.7,2514685.48508,0
1777459500000,1.3974,1.3998,1.3967,1.3973,4771268.0,1777460399999,6670200.41401,7897,2541251.3,3553054.29790,0
1777460400000,1.3973,1.3973,1.3928,1.3948,5463473.3,1777461299999,7620059.47964,11338,2743888.5,3827184.26496,0
1777461300000,1.3949,1.3955,1.3929,1.3929,2424157.9,1777462199999,3378984.29529,5113,1304861.3,1818733.14398,0
1777462200000,1.3929,1.3949,1.3922,1.3930,3019525.6,1777463099999,4208000.28388,6060,1571867.7,2190689.75054,0
1777463100000,1.3929,1.3947,1.3917,1.3936,3244882.9,1777463999999,4521798.11063,6248,1782242.9,2483501.78612,0
1777464000000,1.3937,1.3939,1.3838,1.3839,10065306.5,1777464899999,13974141.28705,17427,3008784.0,4176988.08494,0
1777464900000,1.3839,1.3859,1.3781,1.3816,10464545.1,1777465799999,14461346.42421,18837,4500454.0,6219537.51957,0
1777465800000,1.3816,1.3820,1.3788,1.3810,4218751.5,1777466699999,5823758.78680,10292,2152187.4,2971291.65824,0
1777466700000,1.3811,1.3827,1.3807,1.3824,2509970.9,1777467599999,3468251.87558,6347,1561538.3,2157712.55173,0
1777467600000,1.3824,1.3832,1.3809,1.3826,4218819.2,1777468499999,5830119.74668,8627,1748360.5,2416182.86676,0
1777468500000,1.3826,1.3829,1.3731,1.3750,12313501.1,1777469399999,16954275.94065,18079,4429151.5,6097793.95423,0
1777469400000,1.3749,1.3763,1.3708,1.3720,9511986.5,1777470299999,13066508.49946,21074,4719532.6,6483561.52568,0
1777470300000,1.3720,1.3762,1.3691,1.3748,7108862.7,1777471199999,9756121.67915,15749,4021714.1,5521089.70501,0
1777471200000,1.3749,1.3750,1.3690,1.3709,6833260.2,1777472099999,9368024.26949,14227,3256006.9,4462961.12202,0
1777472100000,1.3709,1.3759,1.3694,1.3749,3571405.3,1777472999999,4903853.57251,10364,1933356.4,2655308.00039,0
1777473000000,1.3748,1.3773,1.3733,1.3738,3190160.0,1777473899999,4386273.79869,8510,1733910.9,2384403.63100,0
1777473900000,1.3738,1.3742,1.3707,1.3716,2853064.4,1777474799999,3915607.21505,7257,1395150.8,1914820.53444,0
1777474800000,1.3716,1.3724,1.3605,1.3644,15498709.9,1777475699999,21161648.60580,27069,5634810.5,7693779.15068,0
1777475700000,1.3644,1.3679,1.3627,1.3669,4608973.5,1777476599999,6294161.83613,11827,2479756.3,3386350.17594,0
1777476600000,1.3669,1.3687,1.3567,1.3600,13179807.7,1777477499999,17940359.08593,21988,5066224.0,6899957.55187,0
1777477500000,1.3600,1.3621,1.3579,1.3610,7213208.1,1777478399999,9812306.83506,16038,4122091.8,5607520.34119,0
1777478400000,1.3611,1.3660,1.3602,1.3640,6303702.1,1777479299999,8598192.67030,14372,3618103.8,4934435.20004,0
1777479300000,1.3641,1.3656,1.3596,1.3625,6944519.7,1777480199999,9460007.89943,12057,3492192.6,4757267.24217,0
1777480200000,1.3625,1.3675,1.3591,1.3655,13445064.1,1777481099999,18339124.14071,19145,9857462.3,13446977.23443,0
1777481100000,1.3656,1.3656,1.3533,1.3629,17632278.5,1777481999999,23977446.03059,16746,5418221.9,7376391.37683,0
1777482000000,1.3629,1.3656,1.3626,1.3644,4703381.4,1777482899999,6418233.38326,10209,2434733.0,3322380.40945,0
1777482900000,1.3645,1.3676,1.3620,1.3633,6254774.7,1777483799999,8537813.03204,10164,2982129.6,4070394.19718,0
1777483800000,1.3634,1.3650,1.3627,1.3645,3476449.2,1777484699999,4741481.07486,6545,1717384.7,2342404.15540,0
1777484700000,1.3645,1.3675,1.3628,1.3674,5001134.5,1777485599999,6822288.13811,8252,2588012.1,3530590.38334,0
1777485600000,1.3673,1.3697,1.3442,1.3523,33807776.8,1777486499999,45759877.58086,51420,13089140.4,17718313.31441,0
1777486500000,1.3522,1.3544,1.3484,1.3505,10904013.5,1777487399999,14733433.73544,20709,5381145.2,7272516.68370,0
1777487400000,1.3506,1.3540,1.3455,1.3518,9611485.4,1777488299999,12979442.55686,23063,5703268.7,7701655.57522,0
1777488300000,1.3518,1.3569,1.3501,1.3567,5849241.6,1777489199999,7921602.71346,11976,3141952.1,4255439.97875,0
1777489200000,1.3567,1.3574,1.3529,1.3571,4831282.7,1777490099999,6547391.74292,11495,2515338.1,3408800.20381,0
1777490100000,1.3570,1.3579,1.3553,1.3554,2966996.9,1777490999999,4024473.69919,7010,1272968.3,1726791.57412,0
1777491000000,1.3554,1.3555,1.3510,1.3521,3273046.2,1777491899999,4426454.64866,7729,1468126.2,1985437.19415,0
1777491900000,1.3520,1.3544,1.3512,1.3527,3525759.0,1777492799999,4769337.79919,7759,1652420.8,2235354.47746,0
1777492800000,1.3527,1.3596,1.3524,1.3572,11286308.9,1777493699999,15313201.92361,20478,6214078.1,8430055.38016,0
1777493700000,1.3573,1.3617,1.3565,1.3611,3800449.8,1777494599999,5166987.69256,8591,1987346.5,2702124.84758,0
1777494600000,1.3611,1.3647,1.3608,1.3627,4523932.4,1777495499999,6165204.28420,9353,2770398.5,3775547.30180,0
1777495500000,1.3627,1.3642,1.3618,1.3619,2448781.9,1777496399999,3337776.71889,5705,1125147.6,1533644.95791,0
1777496400000,1.3620,1.3656,1.3609,1.3647,3663519.6,1777497299999,4993091.31427,8177,1380814.4,1882285.59310,0
1777497300000,1.3647,1.3675,1.3643,1.3662,3407259.9,1777498199999,4654671.58743,6325,1958153.9,2675352.03904,0
1777498200000,1.3663,1.3680,1.3654,1.3676,2085142.1,1777499099999,2849982.97063,5291,837966.9,1145440.71517,0
1777499100000,1.3676,1.3723,1.3676,1.3681,4232139.1,1777499999999,5798364.24255,8812,1982682.1,2716478.38827,0
1777500000000,1.3681,1.3686,1.3665,1.3680,2378210.2,1777500899999,3252316.78795,7640,897736.9,1227701.47190,0
1777500900000,1.3681,1.3692,1.3664,1.3667,1912687.3,1777501799999,2616744.40737,4928,712788.2,975191.09096,0
1777501800000,1.3668,1.3697,1.3667,1.3691,1021316.0,1777502699999,1397907.79176,4272,570827.3,781225.32930,0
1777502700000,1.3691,1.3702,1.3687,1.3690,935995.2,1777503599999,1281833.79090,3820,419389.6,574346.12877,0
1777503600000,1.3690,1.3695,1.3675,1.3690,1237099.7,1777504499999,1692911.40480,5977,589910.6,807303.73380,0
1777504500000,1.3691,1.3691,1.3640,1.3664,3819804.2,1777505399999,5216912.28211,8417,1660583.0,2267962.04130,0
1777505400000,1.3665,1.3696,1.3664,1.3693,1020775.2,1777506299999,1396285.43851,4211,455100.6,622476.02970,0
1777506300000,1.3694,1.3705,1.3682,1.3685,1844418.8,1777507199999,2525799.40101,4245,949800.8,1300842.87243,0
1777507200000,1.3685,1.3710,1.3685,1.3697,3706223.5,1777508099999,5077722.77499,7587,2016018.4,2762035.67504,0
1777508100000,1.3697,1.3717,1.3689,1.3716,2164697.4,1777508999999,2966152.92537,6025,1258742.5,1724907.30707,0
1777509000000,1.3716,1.3793,1.3715,1.3778,8110032.4,1777509899999,11160761.97745,15760,4337158.2,5967352.29601,0
1777509900000,1.3778,1.3840,1.3777,1.3821,6065002.2,1777510799999,8380684.05002,12029,3153885.9,4358004.74916,0
1777510800000,1.3820,1.3838,1.3772,1.3790,5992342.2,1777511699999,8268325.57115,12033,2093765.7,2888894.51995,0
1777511700000,1.3790,1.3802,1.3768,1.3787,1987684.3,1777512599999,2738903.11260,6885,1044050.0,1438675.77484,0
1777512600000,1.3788,1.3803,1.3776,1.3793,1878276.2,1777513499999,2590136.81150,6280,1005926.9,1387213.95522,0
1777513500000,1.3793,1.3824,1.3781,1.3788,2190166.4,1777514399999,3022392.97368,6372,1031315.7,1423473.52356,0
1777514400000,1.3788,1.3810,1.3787,1.3795,1219202.8,1777515299999,1682756.68472,6126,604782.1,834665.96859,0
1777515300000,1.3795,1.3802,1.3768,1.3770,2189747.2,1777516199999,3017265.82134,6350,748295.7,1031066.51373,0
1777516200000,1.3770,1.3771,1.3675,1.3688,8178238.9,1777517099999,11216153.57477,20361,3475666.8,4766621.52517,0
1777517100000,1.3689,1.3734,1.3668,1.3723,6953433.7,1777517999999,9524190.63251,12727,3940720.5,5396899.72742,0
1777518000000,1.3722,1.3730,1.3707,1.3713,2263216.5,1777518899999,3105247.81202,6647,776389.1,1065284.31368,0
1777518900000,1.3713,1.3727,1.3702,1.3726,1514490.2,1777519799999,2076938.36884,5482,764379.9,1048194.57061,0
1777519800000,1.3726,1.3750,1.3712,1.3738,2501036.7,1777520699999,3434648.06755,5827,1284479.5,1763990.43731,0
1777520700000,1.3737,1.3739,1.3724,1.3727,1414544.6,1777521599999,1942299.12780,4429,623136.8,855669.91648,0
1777521600000,1.3726,1.3727,1.3669,1.3676,4814795.9,1777522499999,6591998.46851,10634,2036617.4,2787689.22854,0
1777522500000,1.3676,1.3679,1.3647,1.3665,3097406.3,1777523399999,4231694.11072,7766,1358426.2,1856080.40770,0
1777523400000,1.3664,1.3665,1.3601,1.3608,5387310.5,1777524299999,7339346.63608,11495,1677968.7,2286291.01861,0
1777524300000,1.3607,1.3627,1.3605,1.3620,5204966.9,1777525199999,7086671.18548,8346,2942018.2,4005644.53320,0
1777525200000,1.3620,1.3651,1.3620,1.3634,2210284.7,1777526099999,3013734.04341,6118,1109063.6,1512134.42057,0
1777526100000,1.3633,1.3639,1.3580,1.3603,3317446.6,1777526999999,4515632.99880,7346,1205332.0,1640456.15024,0
1777527000000,1.3603,1.3666,1.3603,1.3656,2409606.7,1777527899999,3287891.32990,6681,1633880.0,2229265.81869,0
1777527900000,1.3656,1.3667,1.3637,1.3639,1224822.1,1777528799999,1672474.01892,4555,519734.6,709808.32473,0
1777528800000,1.3638,1.3640,1.3598,1.3620,8946093.7,1777529699999,12176353.43082,9050,4660891.1,6341458.64333,0
1777529700000,1.3619,1.3646,1.3619,1.3644,1223227.7,1777530599999,1667299.64591,4370,689336.7,939594.50953,0
1777530600000,1.3645,1.3718,1.3645,1.3680,10877257.5,1777531499999,14894818.13710,9839,4381881.7,5998935.03727,0
1777531500000,1.3680,1.3688,1.3671,1.3683,1814877.3,1777532399999,2482779.28655,4772,966869.9,1322783.17389,0
1777532400000,1.3683,1.3692,1.3666,1.3680,1768811.8,1777533299999,2419651.23754,5950,868852.2,1188720.15945,0
1777533300000,1.3680,1.3702,1.3680,1.3697,952791.0,1777534199999,1304363.82891,3818,624210.2,854604.88150,0
1777534200000,1.3697,1.3721,1.3697,1.3717,1976790.9,1777535099999,2710575.66539,6365,1155298.8,1584165.28223,0
1777535100000,1.3716,1.3748,1.3711,1.3741,5558238.6,1777535999999,7633211.14631,7917,3421097.5,4697914.89196,0
1777536000000,1.3742,1.3762,1.3727,1.3745,7310473.1,1777536899999,10050576.93469,10367,3373230.5,4637611.97118,0
1777536900000,1.3744,1.3748,1.3719,1.3729,3370761.4,1777537799999,4629059.59889,7231,1560127.6,2142472.67818,0
1777537800000,1.3729,1.3734,1.3721,1.3734,1392259.4,1777538699999,1911180.30239,4461,831547.5,1141514.43907,0
1777538700000,1.3733,1.3735,1.3720,1.3721,1398782.5,1777539599999,1920134.01330,4157,844656.0,1159479.54179,0
1777539600000,1.3721,1.3733,1.3714,1.3725,1406546.5,1777540499999,1930290.10159,5986,652395.5,895410.93472,0
1777540500000,1.3726,1.3756,1.3717,1.3756,1471834.6,1777541399999,2021363.74236,5299,766081.1,1052171.14584,0
1777541400000,1.3757,1.3794,1.3739,1.3740,4983406.3,1777542299999,6859537.65077,10110,2668699.2,3674075.96981,0
1777542300000,1.3740,1.3755,1.3729,1.3729,2181984.1,1777543199999,2998498.78008,4979,1139332.3,1565793.20644,0
1777543200000,1.3730,1.3744,1.3716,1.3718,2350426.0,1777544099999,3226998.14508,7250,756814.3,1039302.53798,0
1777544100000,1.3718,1.3724,1.3696,1.3698,3484530.0,1777544999999,4777869.72027,7855,1338390.8,1834987.60047,0
1777545000000,1.3698,1.3714,1.3697,1.3705,2116838.2,1777545899999,2901239.43925,7091,1290326.7,1768512.97072,0
1777545900000,1.3704,1.3713,1.3687,1.3699,1969453.6,1777546799999,2697801.03210,5730,1141011.1,1562889.60303,0
1777546800000,1.3698,1.3756,1.3698,1.3732,4560590.8,1777547699999,6260126.48926,10817,3072110.0,4216920.97328,0
1777547700000,1.3732,1.3742,1.3711,1.3720,1839841.4,1777548599999,2524754.73360,5218,1061154.1,1456001.79107,0
1777548600000,1.3720,1.3721,1.3671,1.3682,2389528.9,1777549499999,3271973.80894,6904,946675.6,1296409.62150,0
1777549500000,1.3682,1.3699,1.3658,1.3690,3505567.0,1777550399999,4794445.97567,7556,1739706.3,2379866.54286,0
1777550400000,1.3689,1.3710,1.3685,1.3707,1960449.7,1777551299999,2685451.38424,6253,1105197.9,1513865.09396,0
1777551300000,1.3707,1.3745,1.3707,1.3732,2876484.3,1777552199999,3949700.02847,7570,1892745.6,2598797.16729,0
1777552200000,1.3733,1.3753,1.3699,1.3705,4045585.0,1777553099999,5554149.88939,7341,1969915.8,2705019.64972,0
1777553100000,1.3705,1.3721,1.3690,1.3691,5811309.3,1777553999999,7962818.38035,6701,3875773.5,5310383.20818,0
1777554000000,1.3692,1.3702,1.3672,1.3684,2626711.3,1777554899999,3595623.55471,6983,1397222.1,1912680.14358,0
1777554900000,1.3683,1.3702,1.3660,1.3665,1739438.8,1777555799999,2379830.24377,6349,847417.1,1159590.15029,0
1777555800000,1.3665,1.3736,1.3643,1.3733,5710190.7,1777556699999,7810051.54542,16702,3221242.3,4407054.09088,0
1777556700000,1.3733,1.3739,1.3688,1.3691,3042270.1,1777557599999,4171612.76901,11621,1182176.6,1620867.07346,0
1777557600000,1.3692,1.3717,1.3658,1.3667,3379969.1,1777558499999,4626726.82915,12705,1713627.1,2345723.02325,0
1777558500000,1.3667,1.3670,1.3620,1.3660,5888037.7,1777559399999,8030246.81551,14056,2881598.8,3930332.57419,0
1777559400000,1.3659,1.3718,1.3652,1.3679,3253017.9,1777560299999,4450248.22602,10507,1807082.4,2471748.21077,0
1777560300000,1.3678,1.3711,1.3670,1.3675,1904495.5,1777561199999,2607656.37035,6992,659890.6,903416.14558,0
1777561200000,1.3675,1.3701,1.3643,1.3698,2827268.6,1777562099999,3865627.93804,9041,1373589.3,1877918.27618,0
1777562100000,1.3698,1.3702,1.3680,1.3701,1217792.6,1777562999999,1666909.20040,5986,502007.0,687174.22736,0
1777563000000,1.3702,1.3747,1.3680,1.3692,4258238.2,1777563899999,5839382.60887,10076,2319508.0,3180961.61287,0
1777563900000,1.3691,1.3704,1.3655,1.3687,2493155.3,1777564799999,3409826.76839,7088,1444573.7,1975750.22357,0
1777564800000,1.3686,1.3691,1.3663,1.3682,2019498.9,1777565699999,2762768.41506,9201,903268.1,1235657.58217,0
1777565700000,1.3683,1.3685,1.3650,1.3664,1625237.8,1777566599999,2220595.11100,6007,789080.9,1078124.11713,0
1777566600000,1.3664,1.3668,1.3651,1.3658,1260919.2,1777567499999,1722189.91692,4995,700485.5,956736.97230,0
1777567500000,1.3658,1.3679,1.3643,1.3654,2975829.2,1777568399999,4066043.71196,7626,1943929.7,2656287.87466,0
1777568400000,1.3653,1.3661,1.3637,1.3645,1328331.9,1777569299999,1813185.26757,6719,624894.9,853038.30806,0
1777569300000,1.3645,1.3645,1.3621,1.3641,1655619.7,1777570199999,2257260.54587,5639,910865.1,1241867.72193,0
1777570200000,1.3642,1.3673,1.3641,1.3651,1500916.3,1777571099999,2049366.57759,5276,838411.8,1144759.31571,0
1777571100000,1.3651,1.3691,1.3651,1.3674,4791008.8,1777571999999,6549871.48914,7098,2786062.6,3808953.03111,0
1777572000000,1.3674,1.3706,1.3660,1.3672,5445663.4,1777572899999,7456916.67959,7754,1589712.7,2176188.34527,0
1777572900000,1.3672,1.3704,1.3669,1.3673,1466557.2,1777573799999,2006968.13577,5092,656160.9,897914.06067,0
1777573800000,1.3672,1.3701,1.3668,1.3694,3146781.3,1777574699999,4306037.06359,6071,1280420.6,1751821.86771,0
1777574700000,1.3693,1.3713,1.3691,1.3691,1267644.6,1777575599999,1736741.31894,4325,700571.4,959823.06256,0
1777575600000,1.3691,1.3723,1.3684,1.3717,2460698.9,1777576499999,3372236.54829,6721,1348942.8,1848568.04747,0
1777576500000,1.3718,1.3736,1.3711,1.3724,1418529.9,1777577399999,1946605.31162,4239,685035.3,940004.58014,0
1777577400000,1.3723,1.3733,1.3712,1.3716,2117453.3,1777578299999,2905951.00899,4750,1042202.2,1430380.38053,0
1777578300000,1.3715,1.3716,1.3690,1.3697,2624691.9,1777579199999,3596390.11935,5690,1395371.6,1911890.11337,0
1777579200000,1.3696,1.3698,1.3673,1.3687,2264430.7,1777580099999,3097846.73565,7954,1167638.2,1597316.34078,0
1777580100000,1.3687,1.3707,1.3678,1.3693,1030049.0,1777580999999,1410160.92028,4709,622973.4,852887.14498,0
1777581000000,1.3693,1.3709,1.3685,1.3700,762104.5,1777581899999,1043874.34272,3888,422119.8,578207.18360,0
1777581900000,1.3701,1.3706,1.3690,1.3690,493081.6,1777582799999,675442.62755,2764,287311.7,393593.21370,0
1777582800000,1.3691,1.3715,1.3684,1.3714,1690343.4,1777583699999,2314626.68699,5076,962091.0,1317444.26088,0
1777583700000,1.3714,1.3715,1.3671,1.3678,1083241.3,1777584599999,1482864.89257,3994,456383.6,624719.65654,0
1777584600000,1.3677,1.3690,1.3672,1.3673,1055592.0,1777585499999,1444275.61919,3759,571952.2,782528.66752,0
1777585500000,1.3672,1.3673,1.3651,1.3653,1266271.9,1777586399999,1730082.53585,5202,595343.4,813429.25437,0
1777586400000,1.3652,1.3670,1.3642,1.3661,3666108.6,1777587299999,5005718.21738,8567,2223244.1,3035405.09298,0
1777587300000,1.3660,1.3674,1.3660,1.3670,833043.5,1777588199999,1138478.23440,3554,558042.6,762604.87138,0
1777588200000,1.3669,1.3671,1.3641,1.3653,1232637.7,1777589099999,1682658.48023,4421,617737.5,843126.86854,0
1777589100000,1.3652,1.3660,1.3635,1.3643,1169912.6,1777589999999,1596673.61930,3995,607284.0,828930.81694,0
1777590000000,1.3642,1.3655,1.3637,1.3648,945356.7,1777590899999,1289934.76723,4182,536690.7,732320.22690,0
1777590900000,1.3648,1.3660,1.3643,1.3660,1607129.9,1777591799999,2194071.45502,3831,926526.8,1265005.19363,0
1777591800000,1.3660,1.3672,1.3658,1.3661,1183202.3,1777592699999,1616664.24003,3599,634318.7,866667.90726,0
1777592700000,1.3660,1.3676,1.3655,1.3672,1287486.5,1777593599999,1759665.66961,3699,737578.7,1008033.72358,0
