open_time,open,high,low,close,volume,close_time,quote_volume,count,taker_buy_volume,taker_buy_quote_volume,ignore
1746057600000,0.172170,0.172780,0.171990,0.172560,28845044,1746058499999,4973261.959820,11794,11467950,1976741.891540,0
1746058500000,0.172570,0.172980,0.172210,0.172590,19721266,1746059399999,3404418.199760,8658,9030824,1559115.708400,0
1746059400000,0.172590,0.172910,0.172360,0.172760,18553438,1746060299999,3202464.363100,7707,9126193,1575276.751590,0
1746060300000,0.172760,0.173510,0.172740,0.172950,25137726,1746061199999,4353813.011220,14666,12793603,2216033.694800,0
1746061200000,0.172950,0.173920,0.172950,0.173640,33870357,1746062099999,5878667.370480,12195,17539353,3044254.131250,0
1746062100000,0.173650,0.174400,0.173530,0.173740,36702625,1746062999999,6386451.859130,12449,20238403,3522258.687310,0
1746063000000,0.173740,0.174310,0.173510,0.174120,30263138,1746063899999,5264081.666780,13034,17207741,2993805.445690,0
1746063900000,0.174110,0.174370,0.173810,0.174300,17165875,1746064799999,2988426.386580,9178,9306847,1620134.371540,0
1746064800000,0.174300,0.174890,0.173970,0.174560,36146291,1746065699999,6308769.452110,20448,17018484,2970595.840950,0
1746065700000,0.174570,0.175290,0.174570,0.175290,45784313,1746066599999,8011547.775980,13900,31217634,5462488.539460,0
1746066600000,0.175290,0.175290,0.174640,0.175150,41375706,1746067499999,7240561.478550,13022,23551381,4120823.895690,0
1746067500000,0.175150,0.175360,0.174200,0.174260,41889536,1746068399999,7314990.109110,12975,17696660,3091038.064880,0
1746068400000,0.174270,0.175070,0.174200,0.174580,27904919,1746069299999,4875543.337880,10815,15409945,2692631.095680,0
1746069300000,0.174580,0.174720,0.174150,0.174490,21726535,1746070199999,3790300.089180,9355,8600249,1500374.687860,0
1746070200000,0.174490,0.174870,0.174010,0.174270,53702838,1746071099999,9363021.297410,13734,21847012,3809211.452220,0
1746071100000,0.174260,0.174290,0.173760,0.173990,28301862,1746071999999,4923323.162630,10529,14174014,2465832.856650,0
1746072000000,0.174000,0.174390,0.173720,0.174190,24776302,1746072899999,4312868.511230,10336,14048796,2445775.514920,0
1746072900000,0.174180,0.174240,0.173650,0.173770,14786032,1746073799999,2571016.179920,7494,6550624,1138943.665910,0
1746073800000,0.173770,0.174000,0.173570,0.173960,15742298,1746074699999,2734824.987440,7946,8226270,1429015.688030,0
1746074700000,0.173960,0.174330,0.173760,0.174250,19335955,1746075599999,3366800.511300,7400,11204338,1951169.513790,0
1746075600000,0.174260,0.174830,0.174170,0.174810,23587347,1746076499999,4116181.491970,9858,13343372,2328592.103040,0
1746076500000,0.174800,0.174990,0.174550,0.174700,16798551,1746077399999,2936146.117370,7590,5651892,987804.811680,0
1746077400000,0.174700,0.175340,0.174550,0.175210,29996337,1746078299999,5250251.927980,11188,16798365,2940725.659340,0
1746078300000,0.175200,0.175450,0.174900,0.175190,25275529,1746079199999,4426891.214590,9862,12308543,2156033.930980,0
1746079200000,0.175200,0.175390,0.174710,0.174950,20482446,1746080099999,3584117.998510,9312,10128574,1772559.501530,0
1746080100000,0.174960,0.175330,0.174790,0.175090,20056826,1746080999999,3511816.337110,8676,7514817,1315784.972860,0
1746081000000,0.175090,0.175310,0.174480,0.174590,20744560,1746081899999,3625370.316410,8634,9171488,1602763.219010,0
1746081900000,0.174590,0.174880,0.174260,0.174760,16201290,1746082799999,2829020.869850,7532,7898372,1379492.932060,0
1746082800000,0.174760,0.175130,0.174470,0.175110,17811867,1746083699999,3113909.253470,8141,9448421,1652204.206640,0
1746083700000,0.175110,0.175180,0.174840,0.175000,12270997,1746084599999,2148088.816290,7038,6516464,1140794.753220,0
1746084600000,0.175000,0.175280,0.174970,0.175120,11164366,1746085499999,1955546.090920,5361,5751185,1007458.399550,0
1746085500000,0.175130,0.175470,0.175070,0.175230,25466871,1746086399999,4464297.539360,8730,13932497,2442098.595220,0
1746086400000,0.175220,0.175530,0.174930,0.175430,23578637,1746087299999,4131953.375990,8824,12067185,2115343.772450,0
1746087300000,0.175420,0.176100,0.175420,0.175950,43361176,1746088199999,7624514.441420,13776,27382222,4814438.004060,0
1746088200000,0.175950,0.176420,0.175740,0.175780,39903405,1746089099999,7027468.352570,16533,20459083,3603846.781420,0
1746089100000,0.175770,0.176240,0.175670,0.176090,22718050,1746089999999,3997228.046260,7767,10730207,1888409.468510,0
1746090000000,0.176090,0.176210,0.175660,0.175830,16124728,1746090899999,2836476.949390,7545,6907329,1215004.005800,0
1746090900000,0.175830,0.176350,0.175720,0.176140,15448193,1746091799999,2719501.986510,7353,7908877,1392429.281010,0
1746091800000,0.176150,0.176810,0.175990,0.176400,38112000,1746092699999,6725618.829510,12409,18300395,3229089.963590,0
1746092700000,0.176410,0.177470,0.176400,0.176810,49399091,1746093599999,8746004.627950,15081,28003176,4957580.235750,0
1746093600000,0.176800,0.177490,0.176740,0.177150,31958566,1746094499999,5661594.803840,11728,17815234,3156908.267680,0
1746094500000,0.177150,0.179250,0.177150,0.179080,167610566,1746095399999,29889093.636720,42333,91330840,16289541.212440,0
1746095400000,0.179080,0.179350,0.178320,0.178630,94283239,1746096299999,16848292.567590,24404,44248745,7906897.725260,0
1746096300000,0.178620,0.178680,0.178010,0.178550,44500739,1746097199999,7937168.288250,14028,23413914,4176213.620590,0
1746097200000,0.178550,0.179290,0.178480,0.179030,113792234,1746098099999,20362776.059210,25696,54239884,9708197.833830,0
1746098100000,0.179040,0.179080,0.177910,0.178160,69284368,1746098999999,12352381.533360,18915,32389140,5774032.486510,0
1746099000000,0.178150,0.179170,0.178150,0.178990,60457737,1746099899999,10798706.016540,14523,36140075,6456868.106290,0
1746099900000,0.179000,0.179500,0.178930,0.179290,52528757,1746100799999,9413836.329460,13716,22667950,4062517.433640,0
1746100800000,0.179280,0.179830,0.179020,0.179560,59203146,1746101699999,10620639.965550,16033,26675987,4788246.611350,0
1746101700000,0.179550,0.179660,0.178650,0.178720,50305896,1746102599999,9005592.038570,13868,17338415,3104202.809190,0
1746102600000,0.178720,0.179500,0.178500,0.179420,44396554,1746103499999,7947554.923750,13530,22288171,3990794.151710,0
1746103500000,0.179410,0.179450,0.178820,0.178890,21079811,1746104399999,3774877.496520,9518,11323906,2027752.603400,0
1746104400000,0.178900,0.179110,0.178450,0.179090,25507603,1746105299999,4561450.367590,10467,13428184,2401938.805330,0
1746105300000,0.179080,0.179270,0.178560,0.178820,47761184,1746106199999,8543708.039680,12159,25464595,4555379.554080,0
1746106200000,0.178820,0.178850,0.177160,0.177670,162484227,1746107099999,28894838.873610,45299,78244212,13919551.228170,0
1746107100000,0.177660,0.178120,0.176730,0.176820,100891367,1746107999999,17899645.432760,27675,47766298,8473919.576760,0
1746108000000,0.176830,0.178250,0.176830,0.178200,88787392,1746108899999,15768270.852410,30128,50272403,8926870.916100,0
1746108900000,0.178200,0.179180,0.178150,0.179130,72361053,1746109799999,12920388.282090,23774,39478461,7050705.354260,0
1746109800000,0.179130,0.179870,0.178490,0.179190,58671535,1746110699999,10513263.861500,22267,32095621,5751227.885130,0
1746110700000,0.179200,0.181650,0.179090,0.181380,106746515,1746111599999,19272029.797410,35318,58433018,10550211.976480,0
1746111600000,0.181380,0.182450,0.180680,0.182270,158964186,1746112499999,28857448.694540,48143,83907365,15234285.723340,0
1746112500000,0.182260,0.182320,0.181240,0.181540,111207464,1746113399999,20205257.553390,32660,54160515,9839573.335630,0
1746113400000,0.181550,0.181650,0.180780,0.180850,53931919,1746114299999,9767476.136350,20036,21497918,3894333.160240,0
1746114300000,0.180860,0.181170,0.180190,0.180540,65554042,1746115199999,11843896.505180,23157,31563237,5703548.821530,0
1746115200000,0.180530,0.182150,0.180530,0.181930,75010801,1746116099999,13619868.834900,20811,45385576,8239098.865710,0
1746116100000,0.181920,0.182260,0.181300,0.182000,42352519,1746116999999,7699879.872540,19230,17610322,3201496.856970,0
1746117000000,0.182000,0.182940,0.181910,0.182770,61134623,1746117899999,11157274.302260,19805,28451940,5192467.595150,0
1746117900000,0.182760,0.182770,0.181600,0.181770,53352977,1746118799999,9709652.328580,15296,26740398,4865590.275810,0
1746118800000,0.181760,0.183010,0.181710,0.182550,58937141,1746119699999,10758299.031590,16543,28309444,5167321.301810,0
1746119700000,0.182560,0.183290,0.181980,0.182070,63058507,1746120599999,11515236.814880,17323,36001786,6574551.605310,0
1746120600000,0.182080,0.182420,0.181300,0.181390,69813942,1746121499999,12692136.555870,18288,34203871,6220087.421750,0
1746121500000,0.181390,0.182260,0.181380,0.181880,72635698,1746122399999,13215457.063110,15646,33804638,6150247.879150,0
1746122400000,0.181880,0.182040,0.180730,0.180790,51838089,1746123299999,9394670.376640,15590,20501982,3716016.583770,0
1746123300000,0.180790,0.181400,0.180740,0.180760,31540414,1746124199999,5711076.650620,12911,17844768,3231371.940890,0
1746124200000,0.180760,0.182010,0.180650,0.181940,50549366,1746125099999,9173976.191890,19837,30029550,5449303.029150,0
1746125100000,0.181950,0.182060,0.181630,0.181960,25285002,1746125999999,4599003.420640,9434,12429291,2261011.133230,0
1746126000000,0.181970,0.182000,0.181110,0.181260,36947506,1746126899999,6709787.404330,12147,15736322,2857661.737310,0
1746126900000,0.181260,0.181760,0.181040,0.181680,26079003,1746127799999,4731954.396970,10842,15562989,2823853.862230,0
1746127800000,0.181680,0.181920,0.180940,0.180940,41995427,1746128699999,7615789.429280,10930,14173197,2571684.310110,0
1746128700000,0.180940,0.181280,0.180390,0.180600,39342071,1746129599999,7112320.597170,12901,18678759,3376712.674840,0
1746129600000,0.180600,0.180880,0.179950,0.180870,49913565,1746130499999,9000534.483110,16638,27568809,4972609.906250,0
1746130500000,0.180870,0.181080,0.180600,0.180730,19773955,1746131399999,3576237.803290,9328,9367492,1694165.211750,0
1746131400000,0.180730,0.180940,0.180260,0.180360,37595237,1746132299999,6787547.205340,11731,14341284,2589721.636120,0
1746132300000,0.180350,0.180630,0.180110,0.180500,19505458,1746133199999,3517620.680850,8841,9917138,1788513.453050,0
1746133200000,0.180490,0.181650,0.180480,0.181520,27070990,1746134099999,4900263.714650,9888,17334950,3137898.879170,0
1746134100000,0.181520,0.182100,0.181270,0.181860,24992602,1746134999999,4540255.429620,12242,12166474,2210195.047050,0
1746135000000,0.181850,0.182290,0.181080,0.182070,32743838,1746135899999,5952401.910430,14632,19682495,3579353.028950,0
1746135900000,0.182060,0.182080,0.181270,0.181300,12867232,1746136799999,2336323.068950,8302,6247817,1134225.629640,0
1746136800000,0.181300,0.182360,0.181200,0.182250,47513384,1746137699999,8634954.896450,16846,23830366,4332003.931600,0
1746137700000,0.182240,0.182240,0.181690,0.181850,18908146,1746138599999,3440772.234940,9330,11949082,2174552.780080,0
1746138600000,0.181840,0.181870,0.181140,0.181330,27521936,1746139499999,4992653.604210,10601,11700068,2122257.652150,0
1746139500000,0.181320,0.181520,0.181140,0.181520,13759542,1746140399999,2494860.916380,8699,5908407,1071383.837920,0
1746140400000,0.181510,0.181710,0.180480,0.180850,40341540,1746141299999,7294548.139810,18288,19669116,3556652.065430,0
1746141300000,0.180840,0.181150,0.180660,0.180860,20973014,1746142199999,3794783.476150,7597,10752508,1945532.167300,0
1746142200000,0.180850,0.180860,0.180220,0.180400,34145205,1746143099999,6161308.835120,10325,14062638,2537409.339310,0
1746143100000,0.180410,0.180770,0.180280,0.180570,15833302,1746143999999,2858312.082740,7697,7471389,1348741.387200,0
1746144000000,0.180570,0.181000,0.180020,0.180150,45274692,1746144899999,8174213.378400,15311,17183089,3102315.660590,0
1746144900000,0.180140,0.181530,0.179700,0.181440,91767752,1746145799999,16563992.974030,21319,43802588,7908129.577160,0
1746145800000,0.181450,0.182440,0.180550,0.181020,75759964,1746146699999,13756080.998860,33956,43138719,7832756.316480,0
1746146700000,0.181020,0.181850,0.180880,0.181690,27757121,1746147599999,5034441.775500,13504,12733741,2308970.856010,0
1746147600000,0.181680,0.182190,0.181460,0.182030,59183367,1746148499999,10760802.272960,20599,28172504,5121978.391570,0
1746148500000,0.182030,0.182740,0.181630,0.181680,46842485,1746149399999,8532090.475390,21850,23444261,4270055.726070,0
1746149400000,0.181680,0.181750,0.180710,0.181030,42010886,1746150299999,7614464.239670,15343,18755221,3399387.654820,0
1746150300000,0.181030,0.181640,0.180790,0.181370,22046412,1746151199999,3997200.833390,10786,11268003,2042801.442520,0
1746151200000,0.181380,0.181740,0.180730,0.181660,44515234,1746152099999,8067424.991420,20428,24181808,4383172.154000,0
1746152100000,0.181670,0.182830,0.181470,0.182620,53395437,1746152999999,9727681.430900,22970,30840402,5618884.902860,0
1746153000000,0.182620,0.183740,0.182430,0.182970,71551599,1746153899999,13111370.059480,30121,43936554,8052491.386110,0
1746153900000,0.182980,0.184150,0.182900,0.183550,53103426,1746154799999,9748568.348000,19045,33878349,6218950.156440,0
1746154800000,0.183540,0.184090,0.183250,0.184070,47485557,1746155699999,8724911.104670,16078,26394674,4849535.260660,0
1746155700000,0.184080,0.184400,0.182880,0.182950,50562139,1746156599999,9272504.881090,16816,22200103,4071948.382750,0
1746156600000,0.182950,0.183690,0.182910,0.183010,31397186,1746157499999,5753087.667810,14359,16961760,3108364.097590,0
1746157500000,0.183010,0.183360,0.182310,0.182350,29320992,1746158399999,5357764.430780,13173,9426188,1722878.766680,0
1746158400000,0.182350,0.182830,0.182020,0.182090,56360893,1746159299999,10285035.026060,15759,24328938,4440573.071380,0
1746159300000,0.182090,0.182170,0.181520,0.181620,43768542,1746160199999,7963561.313440,17302,18786202,3417982.531240,0
1746160200000,0.181610,0.181680,0.180640,0.180710,73043886,1746161099999,13223697.994930,21698,30820447,5578422.469700,0
1746161100000,0.180710,0.181130,0.180600,0.181030,38169352,1746161999999,6903528.532550,12110,26736309,4835792.970850,0
1746162000000,0.181040,0.181340,0.180780,0.181220,34630798,1746162899999,6273347.920330,10939,15962245,2891440.790650,0
1746162900000,0.181220,0.181280,0.180460,0.180870,64000499,1746163799999,11576052.052550,13281,21091760,3813302.923840,0
1746163800000,0.180880,0.181060,0.180450,0.180540,24545006,1746164699999,4435538.510500,9618,10808255,1953227.723250,0
1746164700000,0.180540,0.180880,0.179970,0.180160,57413760,1746165599999,10351295.571710,13937,21036020,3793083.874550,0
1746165600000,0.180160,0.180450,0.179730,0.180310,53045171,1746166499999,9550861.876660,15712,28148441,5068416.327570,0
1746166500000,0.180320,0.180770,0.179760,0.180670,30291221,1746167399999,5461867.848060,11469,14642111,2639904.850810,0
1746167400000,0.180680,0.180910,0.179780,0.179780,49973147,1746168299999,9009171.771150,15591,29625074,5341057.956880,0
1746168300000,0.179790,0.180340,0.179680,0.180340,34754013,1746169199999,6255486.597260,12549,22036123,3966376.330880,0
1746169200000,0.180340,0.180630,0.179740,0.180160,29553881,1746170099999,5322377.411400,13370,11015749,1983938.274140,0
1746170100000,0.180160,0.180620,0.179730,0.180280,17479956,1746170999999,3151406.471990,10097,7061056,1273294.225480,0
1746171000000,0.180280,0.180490,0.179070,0.179540,68529137,1746171899999,12300669.567910,20914,26957326,4839501.668200,0
1746171900000,0.179530,0.179930,0.179210,0.179270,32306670,1746172799999,5799197.963190,11799,12890015,2314257.841960,0
1746172800000,0.179270,0.180140,0.179220,0.180140,33435350,1746173699999,6009295.673530,13112,18017690,3238652.496580,0
1746173700000,0.180130,0.180540,0.179950,0.180170,36766140,1746174599999,6628230.463910,12044,21368611,3852954.708200,0
1746174600000,0.180180,0.180520,0.179890,0.180220,23738772,1746175499999,4279118.924710,9866,12915083,2328320.258790,0
1746175500000,0.180220,0.180500,0.180080,0.180260,13766490,1746176399999,2482300.548130,8119,6757988,1218578.042950,0
1746176400000,0.180260,0.180730,0.179970,0.180590,26846766,1746177299999,4843778.885580,14862,16015461,2889305.575500,0
1746177300000,0.180600,0.180600,0.180000,0.180310,11400416,1746178199999,2055169.113590,6995,6061934,1092731.486440,0
1746178200000,0.180310,0.180410,0.179750,0.179830,21254851,1746179099999,3826451.763360,8391,12692360,2285368.031740,0
1746179100000,0.179830,0.180460,0.179820,0.179980,12447819,1746179999999,2242125.083900,7706,7384482,1330186.532040,0
1746180000000,0.179990,0.180550,0.179970,0.180430,17910522,1746180899999,3229827.798990,8626,8733649,1574975.430990,0
1746180900000,0.180440,0.180500,0.179930,0.180270,45649105,1746181799999,8225317.116400,10564,14881836,2681616.966440,0
1746181800000,0.180270,0.180680,0.180180,0.180500,32780988,1746182699999,5915986.494090,11291,19377199,3496945.004230,0
1746182700000,0.180500,0.180680,0.180310,0.180460,24661209,1746183599999,4451987.271090,8767,10253190,1850872.905720,0
1746183600000,0.180460,0.181160,0.180460,0.181090,37632391,1746184499999,6807454.740360,13973,21573083,3902354.836200,0
1746184500000,0.181100,0.181590,0.181050,0.181190,49410883,1746185399999,8960060.378600,14567,31266871,5670213.110430,0
1746185400000,0.181200,0.181450,0.180880,0.181060,21041738,1746186299999,3810436.265310,10449,9818843,1778336.080000,0
1746186300000,0.181070,0.181210,0.180730,0.180820,16436922,1746187199999,2973315.527800,7784,7573944,1370100.896620,0
1746187200000,0.180820,0.181410,0.180540,0.180710,32265616,1746188099999,5836784.315860,10787,13961862,2526347.000630,0
1746188100000,0.180710,0.180890,0.180330,0.180510,24719088,1746188999999,4463493.655630,11219,9614033,1736174.334220,0
1746189000000,0.180500,0.182020,0.179950,0.181340,105422014,1746189899999,19082024.562540,34087,53229480,9637883.829250,0
1746189900000,0.181340,0.182190,0.181270,0.181940,66341236,1746190799999,12066107.023520,25172,29068818,5287220.351350,0
1746190800000,0.181940,0.182150,0.181110,0.181140,42818538,1746191699999,7777891.556180,17918,19623332,3564984.235240,0
1746191700000,0.181140,0.181680,0.181110,0.181460,24557450,1746192599999,4453409.644860,11214,12042149,2184035.775160,0
1746192600000,0.181470,0.182070,0.180910,0.181650,67458336,1746193499999,12236657.225860,22359,37983953,6888573.395590,0
1746193500000,0.181660,0.182090,0.180790,0.180920,53668174,1746194399999,9733809.244410,19273,26046752,4724052.104850,0
1746194400000,0.180930,0.182010,0.180780,0.181160,49871406,1746195299999,9048040.915410,20212,27312837,4953878.128540,0
1746195300000,0.181170,0.181950,0.181000,0.181760,37834900,1746196199999,6870046.549920,16242,19728854,3582442.922040,0
1746196200000,0.181760,0.182800,0.181400,0.181550,91075815,1746197099999,16593955.899690,26828,43830842,7986576.772700,0
1746197100000,0.181550,0.182570,0.181510,0.182360,46040700,1746197999999,8385547.164170,18830,23305925,4244473.251320,0
1746198000000,0.182360,0.182540,0.181550,0.181630,42219780,1746198899999,7685743.110490,16646,17749672,3231299.854310,0
1746198900000,0.181630,0.181970,0.180080,0.180350,79658102,1746199799999,14407762.817230,23954,33096591,5989652.832020,0
1746199800000,0.180350,0.181450,0.180190,0.181380,43496328,1746200699999,7870026.357190,15492,24376791,4409367.797180,0
1746200700000,0.181380,0.181670,0.181160,0.181380,38600524,1746201599999,7001942.175110,12374,19733793,3580022.782720,0
1746201600000,0.181380,0.184120,0.181380,0.183250,208491889,1746202499999,38190841.775450,57167,118290532,21654747.245360,0
1746202500000,0.183260,0.184080,0.182970,0.183500,70083537,1746203399999,12875520.766980,21377,29565660,5432740.477150,0
1746203400000,0.183500,0.183690,0.182930,0.183360,45431914,1746204299999,8328379.572740,16475,16576435,3039068.079180,0
1746204300000,0.183350,0.183350,0.182140,0.182290,44463987,1746205199999,8118505.837320,15071,21786616,3977075.799110,0
1746205200000,0.182280,0.182370,0.181610,0.181920,62084301,1746206099999,11295518.501680,20507,28166271,5124958.698560,0
1746206100000,0.181930,0.182440,0.181600,0.181960,35384744,1746206999999,6438348.895450,11513,20259255,3686103.640730,0
1746207000000,0.181960,0.182250,0.181230,0.181320,24229549,1746207899999,4402064.674380,12517,12651526,2299290.724120,0
1746207900000,0.181320,0.181540,0.181090,0.181300,21740902,1746208799999,3941530.272150,10180,13536005,2454013.993040,0
1746208800000,0.181290,0.181890,0.181230,0.181720,30275403,1746209699999,5497605.119870,11682,16619686,3018192.890460,0
1746209700000,0.181710,0.181740,0.181220,0.181270,18701860,1746210599999,3392138.899120,8752,7969038,1445558.237000,0
1746210600000,0.181280,0.181740,0.181230,0.181400,13905118,1746211499999,2523807.739450,8258,6021442,1092742.389530,0
1746211500000,0.181390,0.181490,0.180480,0.180700,42748750,1746212399999,7732142.339430,17784,22694770,4104936.285540,0
1746212400000,0.180700,0.180700,0.179920,0.180150,41721614,1746213299999,7522124.810460,13606,18572582,3349454.191100,0
1746213300000,0.180150,0.180570,0.179830,0.180450,33185694,1746214199999,5980039.286590,11257,18141994,3270102.169510,0
1746214200000,0.180450,0.180480,0.179790,0.180150,29056886,1746215099999,5233889.962430,12711,16742580,3016166.268830,0
1746215100000,0.180150,0.180150,0.179460,0.179930,38036041,1746215999999,6839985.855670,14141,19285005,3468390.131730,0
1746216000000,0.179930,0.180460,0.179700,0.180340,27659738,1746216899999,4983335.427240,10512,17773956,3202564.125160,0
1746216900000,0.180340,0.180840,0.180170,0.180830,22610839,1746217799999,4081888.974560,9402,13285720,2398579.296890,0
1746217800000,0.180840,0.181160,0.180670,0.181020,16737164,1746218699999,3029005.629470,8535,9813641,1776080.414150,0
1746218700000,0.181010,0.181290,0.180900,0.181290,11361569,1746219599999,2058294.863040,7144,4519941,818860.467450,0
1746219600000,0.181290,0.182330,0.181080,0.182230,35017772,1746220499999,6361914.158070,13717,22251878,4041246.784760,0
1746220500000,0.182230,0.182310,0.181760,0.181950,20209124,1746221399999,3677165.370600,10265,7455198,1356516.935880,0
1746221400000,0.181950,0.181950,0.181180,0.181410,19319233,1746222299999,3506470.473290,7869,9305514,1688651.046190,0
1746222300000,0.181420,0.181420,0.180440,0.180830,25878559,1746223199999,4679871.566610,14827,10976249,1985641.122470,0
1746223200000,0.180840,0.181390,0.180680,0.181240,25576650,1746224099999,4630965.144030,11661,10959940,1984520.788200,0
1746224100000,0.181240,0.181250,0.180890,0.181040,11865143,1746224999999,2148180.513800,6941,5343842,967500.846830,0
1746225000000,0.181050,0.181170,0.180500,0.180670,16282634,1746225899999,2943162.872790,8128,6285746,1136011.128600,0
1746225900000,0.180670,0.181000,0.180500,0.180890,17127511,1746226799999,3096105.877520,7212,9637652,1742642.563780,0
1746226800000,0.180890,0.181220,0.180710,0.180960,17408551,1746227699999,3150315.154040,8907,7217856,1306098.204120,0
1746227700000,0.180950,0.181320,0.180770,0.180960,12917177,1746228599999,2338267.394990,6559,6678983,1209194.716240,0
1746228600000,0.180960,0.181280,0.180900,0.181200,10997458,1746229499999,1992087.104160,5116,6076640,1100829.982980,0
1746229500000,0.181200,0.181500,0.181070,0.181420,20043149,1746230399999,3633339.771660,6256,6670752,1209519.836590,0
1746230400000,0.181430,0.181900,0.181370,0.181800,50503456,1746231299999,9174524.365140,10237,15638200,2840589.462150,0
1746231300000,0.181800,0.182120,0.181510,0.181760,33369986,1746232199999,6066863.137200,14326,12677675,2305494.079270,0
1746232200000,0.181760,0.181990,0.181410,0.181480,20766592,1746233099999,3773667.618680,8351,6321308,1148997.653580,0
1746233100000,0.181480,0.181680,0.180950,0.181290,28760849,1746233999999,5213792.290040,9790,11966604,2169030.437650,0
1746234000000,0.181280,0.181450,0.180610,0.180620,31139104,1746234899999,5632399.975840,10210,12869150,2327864.914060,0
1746234900000,0.180620,0.180750,0.180240,0.180340,32880524,1746235799999,5934531.812580,16316,14287388,2578855.538250,0
1746235800000,0.180350,0.180380,0.179900,0.180060,42065163,1746236699999,7576883.907500,12301,19005046,3423416.570850,0
1746236700000,0.180050,0.180310,0.179900,0.180190,16451968,1746237599999,2962536.907080,7969,8986808,1618450.106810,0
1746237600000,0.180190,0.180820,0.180130,0.180780,16387506,1746238499999,2957847.419740,9172,11027796,1990396.529260,0
1746238500000,0.180780,0.181230,0.180570,0.181190,28106953,1746239399999,5082485.211260,10696,13381898,2420011.526390,0
1746239400000,0.181200,0.181630,0.180950,0.181030,24617926,1746240299999,4464064.509420,10535,8681987,1574839.107280,0
1746240300000,0.181030,0.181180,0.180790,0.181080,13939746,1746241199999,2523632.636870,7064,4611440,834956.060210,0
1746241200000,0.181080,0.181630,0.180970,0.181220,20116326,1746242099999,3646521.599230,8808,11495502,2083773.057830,0
1746242100000,0.181220,0.181400,0.180520,0.180650,22773788,1746242999999,4119734.938520,9212,6998157,1266243.605410,0
1746243000000,0.180650,0.180680,0.180200,0.180590,22540317,1746243899999,4067350.139300,9756,10264440,1852312.648720,0
1746243900000,0.180600,0.180840,0.180210,0.180270,11348849,1746244799999,2048448.808440,8325,5841594,1054699.215360,0
1746244800000,0.180260,0.180490,0.180140,0.180260,9918089,1746245699999,1788238.942060,7166,5537005,998380.042400,0
1746245700000,0.180260,0.180880,0.179990,0.180200,84927298,1746246599999,15313635.483150,16468,31409284,5665268.216750,0
1746246600000,0.180200,0.180860,0.180140,0.180690,26224529,1746247499999,4735236.335650,8679,17508546,3161025.235530,0
1746247500000,0.180680,0.180730,0.180430,0.180520,8712701,1746248399999,1573165.676170,5215,3526730,636780.495420,0
1746248400000,0.180510,0.180540,0.180130,0.180220,13630062,1746249299999,2457459.015760,6528,6333476,1141889.025380,0
1746249300000,0.180210,0.180590,0.180150,0.180150,10309942,1746250199999,1859653.475090,5422,5295696,955303.838390,0
1746250200000,0.180150,0.180470,0.179920,0.180430,15102355,1746251099999,2720514.886380,7119,6168309,1111378.659890,0
1746251100000,0.180430,0.180430,0.179960,0.179990,10056753,1746251999999,1812055.085810,5484,4442500,800533.452400,0
1746252000000,0.179990,0.180040,0.179270,0.179410,34684359,1746252899999,6228062.958860,12408,15529324,2788555.793440,0
1746252900000,0.179410,0.179410,0.178520,0.178650,67298800,1746253799999,12039320.670930,21621,24597077,4400972.560640,0
1746253800000,0.178640,0.179120,0.178560,0.179010,24167794,1746254699999,4323054.521520,9604,15600973,2790761.117920,0
1746254700000,0.179020,0.179020,0.178320,0.178710,39007016,1746255599999,6967068.174420,10703,16950612,3028469.303790,0
1746255600000,0.178700,0.179310,0.178390,0.178920,57453304,1746256499999,10277391.048650,12641,44913103,8036095.886940,0
1746256500000,0.178920,0.179030,0.178180,0.178360,28963789,1746257399999,5168769.668480,10459,10466291,1868638.878990,0
1746257400000,0.178350,0.178870,0.178270,0.178780,18699932,1746258299999,3338973.258220,9366,11445579,2043676.435970,0
1746258300000,0.178780,0.179090,0.178630,0.178830,16957991,1746259199999,3032966.572830,7705,8805619,1574979.665290,0
1746259200000,0.178830,0.178860,0.178340,0.178570,20645628,1746260099999,3685827.671350,8583,10172571,1816079.146180,0
1746260100000,0.178580,0.179080,0.178550,0.179040,14618883,1746260999999,2613886.726380,7682,7834229,1400890.636640,0
1746261000000,0.179040,0.179580,0.179010,0.179280,32965455,1746261899999,5911419.284130,11147,15116423,2710572.121550,0
1746261900000,0.179270,0.179500,0.178990,0.179010,14539863,1746262799999,2604923.332640,5964,5273420,945028.647220,0
1746262800000,0.179010,0.179130,0.178630,0.178820,19959931,1746263699999,3570231.909120,7041,10679848,1910357.318920,0
1746263700000,0.178810,0.179470,0.178750,0.179120,29717237,1746264599999,5324852.267900,8863,19443025,3483344.020940,0
1746264600000,0.179130,0.179360,0.178940,0.179190,13607003,1746265499999,2437590.971580,6241,5072350,908774.756520,0
1746265500000,0.179200,0.179360,0.178830,0.179300,21453123,1746266399999,3843050.513030,7487,12776069,2288887.865620,0
1746266400000,0.179300,0.179350,0.178530,0.178840,27653096,1746267299999,4949318.115100,8662,13839300,2476940.921380,0
1746267300000,0.178840,0.179260,0.178580,0.178630,20797044,1746268199999,3721839.180000,9141,10065492,1801560.879660,0
1746268200000,0.178630,0.178890,0.177710,0.177990,56718902,1746269099999,10103888.753030,16412,18893464,3367994.107780,0
1746269100000,0.177990,0.178320,0.177270,0.177440,61039296,1746269999999,10852635.475290,17175,26298054,4677797.279150,0
1746270000000,0.177440,0.177850,0.177300,0.177820,34048076,1746270899999,6047174.955370,16214,20238735,3594647.471620,0
1746270900000,0.177810,0.178260,0.177600,0.178040,32228812,1746271799999,5737045.933580,10193,16579826,2951641.221750,0
1746271800000,0.178050,0.178480,0.177670,0.178070,38152480,1746272699999,6797724.158510,9112,18169620,3238567.692530,0
1746272700000,0.178070,0.178180,0.177760,0.178000,17846489,1746273599999,3176080.334970,7215,10682190,1901105.455220,0
1746273600000,0.178010,0.178260,0.177740,0.178060,26097815,1746274499999,4643636.140200,9100,14347666,2553113.641010,0
1746274500000,0.178050,0.178580,0.178050,0.178510,29110318,1746275399999,5194248.331350,9395,15871445,2832038.367130,0
1746275400000,0.178510,0.178710,0.178270,0.178540,23277330,1746276299999,4155017.289150,7990,8624247,1539689.003720,0
1746276300000,0.178540,0.178550,0.178250,0.178340,9563927,1746277199999,1706053.036950,5384,5188725,925544.635130,0
1746277200000,0.178350,0.178700,0.178250,0.178570,23846801,1746278099999,4258215.769710,7307,15401423,2750348.911010,0
1746278100000,0.178560,0.178820,0.178310,0.178810,23757943,1746278999999,4244207.785500,8633,12637671,2257657.641520,0
1746279000000,0.178820,0.178920,0.178380,0.178510,20782841,1746279899999,3712068.948660,11954,9980340,1782778.032600,0
1746279900000,0.178520,0.178880,0.178410,0.178720,17674443,1746280799999,3157147.603120,6516,8028215,1434391.283980,0
1746280800000,0.178710,0.178990,0.178350,0.178350,50595212,1746281699999,9041559.355670,11252,13528663,2418082.098650,0
1746281700000,0.178350,0.178730,0.178120,0.178150,22023296,1746282599999,3928694.133440,7811,10680838,1906040.577540,0
1746282600000,0.178150,0.178400,0.177890,0.178310,23544500,1746283499999,4193861.557760,9068,11686255,2082024.579020,0
1746283500000,0.178310,0.178670,0.178270,0.178570,15973804,1746284399999,2851768.760890,7605,9955136,1777321.529100,0
1746284400000,0.178570,0.179480,0.178570,0.179300,51176330,1746285299999,9171574.941080,13994,35631409,6385801.164430,0
1746285300000,0.179310,0.179420,0.178920,0.179000,23795845,1746286199999,4262864.729170,8972,9937168,1780207.005210,0
1746286200000,0.179000,0.179200,0.178780,0.178880,12675026,1746287099999,2268426.120240,6069,5710582,1022033.515430,0
1746287100000,0.178880,0.178890,0.178230,0.178420,24914224,1746287999999,4447318.972740,7796,10819544,1930892.229240,0
1746288000000,0.178420,0.178470,0.177660,0.177690,32377468,1746288899999,5763083.614710,10103,14008821,2493821.166370,0
1746288900000,0.177690,0.177930,0.177330,0.177580,37553764,1746289799999,6670302.132630,16102,17730187,3149660.845550,0
1746289800000,0.177580,0.177600,0.176390,0.176790,90371757,1746290699999,15977248.356900,21384,36529850,6456875.756360,0
1746290700000,0.176790,0.177130,0.176270,0.177010,43335076,1746291599999,7659678.038750,14098,26120074,4618391.267660,0
1746291600000,0.177020,0.177130,0.175270,0.176560,127503082,1746292499999,22456764.809490,31362,65869964,11605514.320970,0
1746292500000,0.176560,0.176560,0.175250,0.176050,82472841,1746293399999,14494438.357530,22759,39629755,6964777.807760,0
1746293400000,0.176050,0.176090,0.175210,0.175640,28587357,1746294299999,5019543.775110,13067,16585440,2911572.034630,0
1746294300000,0.175650,0.176460,0.175640,0.176440,34476524,1746295199999,6071963.624420,11742,22232156,3914757.236880,0
1746295200000,0.176440,0.176730,0.176240,0.176660,30266540,1746296099999,5342659.732480,11501,17548418,3097895.692840,0
1746296100000,0.176670,0.177300,0.176620,0.176840,32802420,1746296999999,5806414.956320,16657,19431681,3440089.654230,0
1746297000000,0.176830,0.176830,0.176010,0.176060,22573805,1746297899999,3980263.746300,9282,8111313,1430253.387440,0
1746297900000,0.176060,0.176380,0.175830,0.176160,17614444,1746298799999,3101600.924060,8410,7647552,1346764.396020,0
1746298800000,0.176160,0.176710,0.175850,0.176520,20335006,1746299699999,3585759.416950,10474,11550531,2036550.106940,0
1746299700000,0.176530,0.177190,0.176510,0.177180,22213134,1746300599999,3930729.716510,9141,13984657,2474977.459070,0
1746300600000,0.177180,0.177390,0.176910,0.177210,16956220,1746301499999,3004876.647250,7321,6345202,1124420.332170,0
1746301500000,0.177210,0.177530,0.177130,0.177490,16355323,1746302399999,2900675.146010,6655,7965613,1412833.226000,0
1746302400000,0.177490,0.177550,0.177080,0.177170,17175146,1746303299999,3044717.755150,7842,6506414,1153404.158230,0
1746303300000,0.177170,0.177360,0.176940,0.177110,14729264,1746304199999,2609464.245330,6217,4380262,775980.551040,0
1746304200000,0.177110,0.177180,0.176570,0.176660,12945328,1746305099999,2288689.871390,5954,3589006,634547.793410,0
1746305100000,0.176660,0.176850,0.176470,0.176640,11492787,1746305999999,2030468.966870,5906,4942001,873189.014870,0
1746306000000,0.176640,0.176670,0.176040,0.176450,24292277,1746306899999,4281692.992200,7727,12064802,2126473.059090,0
1746306900000,0.176440,0.177160,0.176280,0.177140,18181455,1746307799999,3214361.772700,7272,8970228,1586013.170550,0
1746307800000,0.177140,0.177220,0.176470,0.176510,11003982,1746308699999,1946044.809180,5562,3781549,668851.879530,0
1746308700000,0.176510,0.176770,0.176190,0.176370,15131843,1746309599999,2671313.361160,6165,7160141,1264101.918560,0
1746309600000,0.176380,0.176560,0.176060,0.176210,27491139,1746310499999,4846995.250090,11168,13078558,2306006.658900,0
1746310500000,0.176210,0.176430,0.176150,0.176240,7301173,1746311399999,1286889.220630,5218,3294585,580711.410410,0
1746311400000,0.176240,0.176910,0.176240,0.176810,17919647,1746312299999,3165066.175410,6122,5855833,1034191.754150,0
1746312300000,0.176820,0.176820,0.176280,0.176310,16293639,1746313199999,2876947.307690,4896,3265130,576371.091170,0
1746313200000,0.176310,0.176320,0.175780,0.175840,24916468,1746314099999,4384184.416020,12563,5826541,1025261.060570,0
1746314100000,0.175840,0.176080,0.175390,0.175440,30703884,1746314999999,5396390.832130,8703,9624804,1692428.972580,0
1746315000000,0.175440,0.175860,0.175140,0.175760,45706721,1746315899999,8019856.101900,12357,21763160,3819252.269020,0
1746315900000,0.175770,0.175950,0.175510,0.175550,15751649,1746316799999,2767871.643480,7048,8637143,1518046.247450,0
1746316800000,0.175550,0.176030,0.175210,0.175950,21198081,1746317699999,3724039.164220,9366,13263432,2330099.282490,0
1746317700000,0.175960,0.176350,0.175370,0.175460,23532953,1746318599999,4141372.983890,10298,13738088,2417740.138890,0
1746318600000,0.175470,0.175640,0.174770,0.175040,76297865,1746319499999,13356223.145950,17691,32657873,5717449.497140,0
1746319500000,0.175040,0.175540,0.174680,0.175120,38503966,1746320399999,6739307.081500,13445,21709198,3801328.681720,0
1746320400000,0.175110,0.175720,0.174670,0.175690,28240023,1746321299999,4948682.893640,11683,16965423,2973573.615830,0
1746321300000,0.175680,0.176150,0.175430,0.176040,18310741,1746322199999,3219415.783760,9425,11005487,1935191.073280,0
1746322200000,0.176040,0.176250,0.175150,0.175230,26133206,1746323099999,4594844.752370,11005,9914533,1743408.521720,0
1746323100000,0.175220,0.176370,0.174690,0.176110,39122103,1746323999999,6867423.891080,16903,22097028,3878518.914000,0
1746324000000,0.176110,0.177100,0.176000,0.177000,50488971,1746324899999,8922146.779990,21396,32130001,5677657.255150,0
1746324900000,0.176990,0.177340,0.176680,0.177050,25578828,1746325799999,4526969.032790,15606,11258734,1992981.006940,0
1746325800000,0.177060,0.177200,0.175950,0.176060,32756400,1746326699999,5778138.833660,13213,14392082,2539013.856590,0
1746326700000,0.176060,0.176190,0.175590,0.175850,25541398,1746327599999,4493618.416780,20168,8487169,1493301.322920,0
1746327600000,0.175850,0.175850,0.175080,0.175270,27830984,1746328499999,4880445.295130,11984,10778272,1890525.109570,0
1746328500000,0.175270,0.175550,0.175030,0.175540,28428883,1746329399999,4985043.687260,10122,13020691,2282936.355750,0
1746329400000,0.175550,0.176000,0.175320,0.175830,43132899,1746330299999,7576682.832290,11189,17510502,3076588.261630,0
1746330300000,0.175830,0.175900,0.175040,0.175120,20611613,1746331199999,3615858.996340,8556,8988700,1577693.120070,0
1746331200000,0.175110,0.175560,0.174890,0.175350,23882988,1746332099999,4185023.221400,10494,11757727,2060817.079520,0
1746332100000,0.175340,0.175660,0.175180,0.175340,13258741,1746332999999,2326333.973630,7522,6776996,1189031.279570,0
1746333000000,0.175330,0.175340,0.174290,0.174550,46374496,1746333899999,8098375.419480,18640,19176526,3349371.123280,0
1746333900000,0.174550,0.174940,0.174390,0.174730,27589445,1746334799999,4817980.679590,9983,15582292,2721349.901900,0
1746334800000,0.174730,0.175490,0.174590,0.175090,29167736,1746335699999,5109600.832590,11512,17034942,2984016.914670,0
1746335700000,0.175090,0.175890,0.174770,0.175640,37333489,1746336599999,6549098.795240,16975,24015343,4212988.322070,0
1746336600000,0.175650,0.175970,0.175450,0.175810,37375469,1746337499999,6567660.915920,10348,18702640,3286556.707390,0
1746337500000,0.175800,0.176280,0.175800,0.175980,21729128,1746338399999,3825765.525000,10139,12381962,2180150.192770,0
1746338400000,0.175970,0.176490,0.175660,0.175870,33898069,1746339299999,5968320.707510,12786,19213369,3383708.138110,0
1746339300000,0.175870,0.176140,0.175220,0.175390,23134891,1746340199999,4061544.058140,10439,10662362,1871971.257640,0
1746340200000,0.175380,0.175700,0.175180,0.175700,19490432,1746341099999,3419480.899010,9055,10969376,1924835.555660,0
1746341100000,0.175690,0.176060,0.175560,0.175630,16641051,1746341999999,2925964.047830,7886,8353311,1468841.120650,0
1746342000000,0.175630,0.175680,0.175040,0.175680,29358749,1746342899999,5147777.517230,8686,12498841,2191827.554880,0
1746342900000,0.175670,0.175770,0.175020,0.175210,18205181,1746343799999,3192481.124280,7701,7768459,1362836.950600,0
1746343800000,0.175200,0.175230,0.174360,0.174620,59509495,1746344699999,10399384.155070,18836,19074212,3333046.313980,0
1746344700000,0.174610,0.175150,0.174430,0.175140,25768801,1746345599999,4505520.980810,8360,15103973,2641073.765470,0
1746345600000,0.175130,0.175240,0.174670,0.174890,33200692,1746346499999,5809345.549210,7196,14825229,2593281.597920,0
1746346500000,0.174890,0.174900,0.174310,0.174650,24225619,1746347399999,4229443.211860,15781,9345769,1631793.727800,0
1746347400000,0.174650,0.174700,0.173800,0.173950,49440642,1746348299999,8613777.754150,15987,22818690,3977078.636430,0
1746348300000,0.173950,0.174260,0.173900,0.174130,19050885,1746349199999,3316658.386120,8846,11102112,1932754.691890,0
1746349200000,0.174120,0.174400,0.173720,0.174090,37070710,1746350099999,6452316.905700,11967,17779782,3095263.901830,0
1746350100000,0.174090,0.174250,0.173540,0.173730,33147357,1746350999999,5759470.729290,12504,15320224,2662289.753250,0
1746351000000,0.173720,0.174020,0.173530,0.173900,21608632,1746351899999,3755879.912790,9749,11400276,1981584.900980,0
1746351900000,0.173910,0.174120,0.173670,0.173820,17176021,1746352799999,2987149.618460,8521,9580816,1666368.437050,0
1746352800000,0.173830,0.174110,0.173570,0.173760,24091351,1746353699999,4188312.706540,9299,11422051,1985718.215440,0
1746353700000,0.173750,0.173970,0.173180,0.173970,46024198,1746354599999,7986082.177490,12395,16037582,2783748.849120,0
1746354600000,0.173970,0.174450,0.173780,0.174160,49306506,1746355499999,8586022.112690,10736,32456656,5652519.021740,0
1746355500000,0.174170,0.174270,0.173960,0.174070,28366343,1746356399999,4938839.533890,7045,9947037,1731930.008830,0
1746356400000,0.174070,0.174530,0.173790,0.174230,37609958,1746357299999,6550849.891410,11529,21608674,3763442.854400,0
1746357300000,0.174230,0.175000,0.174150,0.174650,61599794,1746358199999,10759760.300640,12737,40641858,7098884.347100,0
1746358200000,0.174650,0.174780,0.174190,0.174360,22128249,1746359099999,3860632.928710,8174,8228121,1435780.774100,0
1746359100000,0.174350,0.174380,0.173910,0.174020,19350478,1746359999999,3368822.879810,5602,10061642,1751656.971700,0
1746360000000,0.174020,0.174490,0.173940,0.174490,25525570,1746360899999,4446886.981050,7279,14015066,2441348.998200,0
1746360900000,0.174480,0.174670,0.173880,0.174100,19685252,1746361799999,3430341.941080,7600,7642680,1331721.768170,0
1746361800000,0.174090,0.174290,0.173740,0.174080,23467487,1746362699999,4081494.392710,8081,9608050,1671473.154390,0
1746362700000,0.174070,0.174260,0.173560,0.173590,22390685,1746363599999,3895234.630970,7489,8439430,1468394.207870,0
1746363600000,0.173590,0.174020,0.173540,0.173550,29029650,1746364499999,5044400.067600,8520,14033188,2438831.390730,0
1746364500000,0.173560,0.173610,0.172840,0.173280,86740129,1746365399999,15017391.982140,22776,40960478,7091329.177490,0
1746365400000,0.173270,0.173290,0.172540,0.172620,34163496,1746366299999,5906083.415790,11985,11259893,1947067.975880,0
1746366300000,0.172610,0.173150,0.172210,0.173040,54857327,1746367199999,9472521.082940,13293,24831575,4290177.433950,0
1746367200000,0.173030,0.173820,0.172970,0.173490,51722043,1746368099999,8972540.269790,12740,26005523,4512758.995940,0
1746368100000,0.173490,0.174010,0.173420,0.173850,40916270,1746368999999,7110171.880050,10868,26802488,4658384.990830,0
1746369000000,0.173850,0.174080,0.173620,0.173870,31677513,1746369899999,5508008.555100,9279,12712484,2210565.663580,0
1746369900000,0.173870,0.174100,0.173710,0.173950,15565723,1746370799999,2708062.260780,7814,7450287,1296233.512300,0
1746370800000,0.173950,0.174300,0.173930,0.174130,24367406,1746371699999,4243224.953630,9558,12952928,2255517.847250,0
1746371700000,0.174120,0.174230,0.173390,0.173610,35339949,1746372599999,6140898.443100,9897,15210103,2644218.188470,0
1746372600000,0.173600,0.173680,0.172890,0.172950,30069221,1746373499999,5207707.686560,9616,12665905,2193942.854500,0
1746373500000,0.172940,0.173760,0.172700,0.173620,38310487,1746374399999,6640849.518340,10948,23900151,4143731.396150,0
1746374400000,0.173630,0.173930,0.173160,0.173230,29666530,1746375299999,5150002.115700,10458,13374969,2322164.767570,0
1746375300000,0.173230,0.173330,0.172640,0.173130,37897135,1746376199999,6556579.408440,11406,15686983,2714425.914120,0
1746376200000,0.173140,0.173190,0.172000,0.172190,53117323,1746377099999,9157097.153910,13901,20062495,3460091.883910,0
1746377100000,0.172190,0.172420,0.171630,0.172090,69158581,1746377999999,11892927.328850,15409,34938457,6010510.487760,0
1746378000000,0.172090,0.172610,0.171870,0.172430,31166114,1746378899999,5369942.073700,11164,16685282,2874874.705460,0
1746378900000,0.172430,0.172520,0.171600,0.171740,39022584,1746379799999,6709509.892180,11178,11501898,1978417.185160,0
1746379800000,0.171740,0.172160,0.171240,0.172140,80547671,1746380699999,13820175.960660,20949,45682087,7838778.912330,0
1746380700000,0.172140,0.172560,0.172090,0.172340,30486784,1746381599999,5254867.455360,10435,14707699,2535145.270150,0
1746381600000,0.172330,0.172830,0.171870,0.171900,25320774,1746382499999,4365740.919370,15689,11095132,1912965.891420,0
1746382500000,0.171900,0.172400,0.171900,0.172240,18805574,1746383399999,3237956.765940,8703,8358656,1439226.555790,0
1746383400000,0.172240,0.172460,0.171800,0.172070,12928618,1746384299999,2224212.014290,6673,7754810,1333957.757500,0
1746384300000,0.172070,0.172090,0.171500,0.171560,25809477,1746385199999,4432432.299150,8077,7107237,1220860.810050,0
1746385200000,0.171570,0.171920,0.171370,0.171460,24460583,1746386099999,4197706.398700,13093,10955877,1880584.097800,0
1746386100000,0.171460,0.171860,0.171330,0.171780,13768764,1746386999999,2362566.566620,7182,7425209,1274215.551610,0
1746387000000,0.171780,0.172400,0.171660,0.172330,22564456,1746387899999,3884639.602580,9056,12128183,2087841.526250,0
1746387900000,0.172330,0.172450,0.171780,0.171920,18470645,1746388799999,3177615.748290,6024,7568392,1302392.567610,0
1746388800000,0.171920,0.172380,0.171880,0.172230,18013050,1746389699999,3101799.577570,7106,10586941,1823021.741740,0
1746389700000,0.172230,0.172980,0.172010,0.172930,28441332,1746390599999,4910130.305980,16430,18360391,3170129.442500,0
1746390600000,0.172920,0.172970,0.172650,0.172670,28752980,1746391499999,4967897.900330,8522,5398647,932950.040660,0
1746391500000,0.172670,0.172820,0.172540,0.172790,15148264,1746392399999,2615835.695500,5848,7502692,1295649.675370,0
1746392400000,0.172790,0.172840,0.171800,0.171800,23204149,1746393299999,3999166.672180,7740,9873751,1702874.095130,0
1746393300000,0.171810,0.172120,0.171570,0.172120,22527567,1746394199999,3869781.401070,7244,10555337,1813531.526800,0
1746394200000,0.172110,0.172690,0.172110,0.172600,16109052,1746395099999,2776907.200960,6515,8577831,1478141.634170,0
1746395100000,0.172590,0.172880,0.172420,0.172670,12833532,1746395999999,2216010.615790,5653,6071437,1048548.458990,0
1746396000000,0.172680,0.172720,0.170510,0.171090,149630234,1746396899999,25641524.668880,41387,60810416,10426265.638540,0
1746396900000,0.171090,0.171520,0.170700,0.171020,26206863,1746397799999,4483193.468000,13549,12441442,2129059.047380,0
1746397800000,0.171010,0.171040,0.170160,0.170470,67579633,1746398699999,11520670.438880,21653,28182708,4805162.196250,0
1746398700000,0.170470,0.170900,0.170240,0.170780,27938544,1746399599999,4765554.158090,10975,17734670,3024504.687950,0
1746399600000,0.170770,0.170810,0.170010,0.170590,40463257,1746400499999,6892953.976800,15175,16420674,2797508.884350,0
1746400500000,0.170590,0.170590,0.169980,0.170140,34399100,1746401399999,5855545.553590,11970,12707012,2163388.738070,0
1746401400000,0.170130,0.171080,0.169630,0.170090,110166902,1746402299999,18761108.115710,21126,43892332,7480540.547640,0
1746402300000,0.170090,0.170640,0.170090,0.170400,29767460,1746403199999,5072452.710750,10476,12490860,2128871.907100,0
1746403200000,0.170390,0.170990,0.170200,0.170810,41427480,1746404099999,7066591.657020,15892,26201599,4469275.049210,0
1746404100000,0.170810,0.171550,0.170690,0.171520,35161103,1746404999999,6015778.540710,13870,22253674,3807500.504640,0
1746405000000,0.171510,0.171570,0.171080,0.171160,21001463,1746405899999,3598508.848570,10820,10177146,1743910.623560,0
1746405900000,0.171160,0.171620,0.171100,0.171400,21899941,1746406799999,3754445.927950,9450,12630622,2165637.861560,0
1746406800000,0.171410,0.171570,0.170720,0.171000,28052315,1746407699999,4797712.252520,11941,11617952,1987748.595850,0
1746407700000,0.170990,0.171310,0.170030,0.170080,36736136,1746408599999,6262678.741860,13484,9859953,1682967.366560,0
1746408600000,0.170080,0.170160,0.168000,0.169520,188521907,1746409499999,31900680.479300,52409,103437771,17515952.593420,0
1746409500000,0.169510,0.169910,0.169270,0.169620,33077831,1746410399999,5612058.282280,12904,13501347,2291073.739880,0
1746410400000,0.169610,0.169980,0.168560,0.169970,89617062,1746411299999,15173144.556100,26821,31074933,5263168.711810,0
1746411300000,0.169960,0.170780,0.169920,0.170610,48638643,1746412199999,8290480.558900,17082,25128433,4282631.066330,0
1746412200000,0.170610,0.171120,0.170610,0.171060,41772164,1746413099999,7139082.707960,19821,24140675,4125702.601360,0
1746413100000,0.171060,0.171550,0.170870,0.170900,28516346,1746413999999,4881913.603900,10830,16086051,2754609.273930,0
1746414000000,0.170890,0.171240,0.170480,0.170530,40357336,1746414899999,6891963.837760,11168,22503384,3844311.508430,0
1746414900000,0.170520,0.170810,0.170370,0.170420,21865117,1746415799999,3728598.476350,9341,8606906,1467937.817220,0
1746415800000,0.170410,0.170840,0.170410,0.170840,16706687,1746416699999,2850066.661610,7915,9736569,1661133.262440,0
1746416700000,0.170840,0.170870,0.170230,0.170290,13666680,1746417599999,2329089.903490,7241,6203104,1057235.723660,0
1746417600000,0.170280,0.170810,0.170150,0.170690,20565998,1746418499999,3505219.718280,9697,9636435,1642547.866800,0
1746418500000,0.170680,0.171300,0.170680,0.171260,34581791,1746419399999,5918314.351860,9768,23855284,4082663.426340,0
1746419400000,0.171260,0.171850,0.171200,0.171720,35575331,1746420299999,6103936.010940,11736,21397665,3671164.920730,0
1746420300000,0.171710,0.172120,0.171640,0.172010,30104253,1746421199999,5173235.375510,10250,15735890,2704270.721090,0
1746421200000,0.172010,0.172430,0.171850,0.172050,43758418,1746422099999,7534339.697640,17017,20781173,3578438.250910,0
1746422100000,0.172050,0.172630,0.171920,0.172490,30075766,1746422999999,5184838.338730,10247,17981190,3099711.831620,0
1746423000000,0.172490,0.172700,0.172230,0.172310,21895233,1746423899999,3775892.714090,8967,9714462,1675513.853790,0
1746423900000,0.172310,0.173680,0.172310,0.173570,60813466,1746424799999,10525043.708270,16692,38843677,6723350.480780,0
1746424800000,0.173560,0.173930,0.172950,0.173110,53588907,1746425699999,9292793.432020,21804,24144070,4187608.587870,0
1746425700000,0.173110,0.173480,0.172890,0.173090,32596792,1746426599999,5642512.350000,9835,11713423,2028157.794810,0
1746426600000,0.173090,0.173530,0.172960,0.173200,26836463,1746427499999,4651495.146800,10941,12790040,2216967.357700,0
1746427500000,0.173210,0.173510,0.173010,0.173230,15644984,1746428399999,2710054.584200,8658,6530295,1131245.957950,0
1746428400000,0.173230,0.173300,0.172760,0.172970,24244616,1746429299999,4193573.883130,9948,11105133,1920861.454140,0
1746429300000,0.172970,0.173400,0.172770,0.173050,29619465,1746430199999,5125456.532740,10587,16401470,2838370.045040,0
1746430200000,0.173040,0.173500,0.172970,0.173400,23748045,1746431099999,4112982.528920,15944,13224632,2290528.439490,0
1746431100000,0.173390,0.173500,0.173110,0.173480,16543334,1746431999999,2867174.590720,7836,6898237,1195549.930480,0
1746432000000,0.173480,0.173720,0.173260,0.173460,25054467,1746432899999,4345787.314740,10461,9929924,1722569.252230,0
1746432900000,0.173460,0.173700,0.173240,0.173250,20771713,1746433799999,3602687.768500,8439,8762300,1520038.169370,0
1746433800000,0.173260,0.173950,0.173220,0.173780,34792691,1746434699999,6044638.756480,10600,20397419,3544136.863940,0
1746434700000,0.173770,0.174000,0.173320,0.173630,30581576,1746435599999,5310367.010730,11152,12141796,2108126.330480,0
1746435600000,0.173630,0.174270,0.173440,0.173740,37009638,1746436499999,6436766.155790,12214,19512880,3394095.878590,0
1746436500000,0.173730,0.174440,0.173700,0.174430,36816292,1746437399999,6409144.244810,12199,21880725,3809266.878930,0
1746437400000,0.174430,0.174560,0.173880,0.173980,31252473,1746438299999,5444619.285600,11981,14523320,2530829.163470,0
1746438300000,0.173980,0.174200,0.173700,0.173810,16903050,1746439199999,2940454.123980,8244,7518504,1308033.575960,0
1746439200000,0.173810,0.173880,0.173010,0.173090,45218479,1746440099999,7838527.714730,13700,23459195,4066326.706960,0
1746440100000,0.173090,0.173090,0.172190,0.172220,63510136,1746440999999,10965370.665100,14382,25143140,4340899.946540,0
1746441000000,0.172220,0.172650,0.171360,0.171480,79525867,1746441899999,13673339.795290,24183,27127485,4664132.829610,0
1746441900000,0.171480,0.171560,0.170420,0.171130,95447888,1746442799999,16319241.646180,28070,36284268,6202671.867540,0
1746442800000,0.171120,0.171810,0.171060,0.171610,56153694,1746443699999,9632186.414640,16866,25566058,4384779.068470,0
1746443700000,0.171610,0.171870,0.170610,0.170740,51191639,1746444599999,8764995.657640,14733,18492631,3168052.982600,0
1746444600000,0.170740,0.170930,0.170080,0.170440,58717564,1746445499999,10006996.307320,17845,24972321,4256665.994900,0
1746445500000,0.170440,0.171220,0.170430,0.170860,31858196,1746446399999,5442305.389600,12339,17735776,3029654.735570,0
1746446400000,0.170870,0.171580,0.170350,0.171360,55255113,1746447299999,9450261.610460,18174,23431574,4008433.553560,0
1746447300000,0.171360,0.171580,0.170800,0.171230,34438523,1746448199999,5895590.963880,13861,18568469,3178602.422580,0
1746448200000,0.171230,0.171360,0.170710,0.170830,20027263,1746449099999,3424741.217260,10414,9317825,1593542.563570,0
1746449100000,0.170820,0.170830,0.170170,0.170650,33581139,1746449999999,5725715.405810,12394,16811877,2866793.302680,0
1746450000000,0.170650,0.171140,0.170010,0.170220,41638053,1746450899999,7101213.583500,13848,16946587,2890518.063410,0
1746450900000,0.170230,0.170890,0.170010,0.170100,28913783,1746451799999,4928173.585440,12719,15491477,2641261.639700,0
1746451800000,0.170100,0.170290,0.168810,0.169130,122575359,1746452699999,20770583.259850,41817,50340064,8531691.766180,0
1746452700000,0.169130,0.170630,0.168970,0.170550,79829229,1746453599999,13539715.729290,31831,47631590,8079648.574600,0
1746453600000,0.170550,0.171410,0.170070,0.170180,101768105,1746454499999,17383932.374520,32088,50926929,8703021.411680,0
1746454500000,0.170190,0.170610,0.169690,0.170240,41456957,1746455399999,7053222.471930,17682,22532071,3834400.531210,0
1746455400000,0.170240,0.170840,0.169550,0.170480,38028263,1746456299999,6474690.636650,15231,21257482,3619901.076600,0
1746456300000,0.170480,0.170790,0.169990,0.170030,28475427,1746457199999,4851189.003430,12264,10380927,1768937.662770,0
1746457200000,0.170030,0.170380,0.169690,0.170040,42897370,1746458099999,7293667.523420,16144,20995012,3570141.949070,0
1746458100000,0.170020,0.170380,0.169350,0.169600,42523832,1746458999999,7220749.226690,14161,17005490,2887736.588760,0
1746459000000,0.169600,0.169910,0.168710,0.168850,46406598,1746459899999,7853705.863820,20842,15262558,2584432.833620,0
1746459900000,0.168840,0.169040,0.168400,0.168890,49994967,1746460799999,8433699.793810,15673,26647336,4495993.893010,0
1746460800000,0.168900,0.169560,0.168690,0.169290,31930838,1746461699999,5401519.778300,14851,14105920,2386065.608210,0
1746461700000,0.169290,0.170430,0.169280,0.169940,39854065,1746462599999,6778577.877580,13761,19082330,3245591.756960,0
1746462600000,0.169940,0.170460,0.169730,0.169990,29123417,1746463499999,4952021.065550,12002,11287224,1920096.168100,0
1746463500000,0.169980,0.170070,0.169550,0.169670,19875433,1746464399999,3374885.849440,9344,8553243,1452019.257840,0
1746464400000,0.169670,0.169920,0.169410,0.169470,26043709,1746465299999,4417952.311200,11465,13378098,2269521.921470,0
1746465300000,0.169470,0.170750,0.169390,0.170490,26124380,1746466199999,4448393.996000,15925,15177981,2584416.999970,0
1746466200000,0.170500,0.171210,0.170430,0.170850,30517633,1746467099999,5215526.234470,13157,17603323,3008761.137450,0
1746467100000,0.170850,0.171150,0.170740,0.171040,11462217,1746467999999,1959587.891820,8099,5285026,903584.219540,0
1746468000000,0.171040,0.171420,0.170780,0.171280,32488178,1746468899999,5560574.115920,12162,16353291,2799341.495810,0
1746468900000,0.171270,0.171440,0.171000,0.171130,16858167,1746469799999,2886368.352650,8577,8044720,1377536.522250,0
1746469800000,0.171120,0.172530,0.171050,0.172160,69841255,1746470699999,12011845.340710,21412,42180326,7253514.276450,0
1746470700000,0.172150,0.172480,0.171750,0.171960,51268150,1746471599999,8824905.900510,12893,29909962,5149667.808010,0
1746471600000,0.171950,0.172430,0.171780,0.172220,30540929,1746472499999,5257126.954590,11697,16896497,2908991.639620,0
1746472500000,0.172220,0.172490,0.171800,0.171930,19008954,1746473399999,3271095.269460,9862,8022113,1380498.564980,0
1746473400000,0.171920,0.172010,0.171060,0.171200,33944754,1746474299999,5822039.857230,11573,14142983,2426084.835190,0
1746474300000,0.171190,0.171220,0.170560,0.170790,32214886,1746475199999,5506322.738830,15785,11448447,1957073.015620,0
1746475200000,0.170790,0.170810,0.169480,0.169810,54366608,1746476099999,9239598.611510,14418,25067430,4258838.778290,0
1746476100000,0.169810,0.170220,0.169570,0.169770,28012357,1746476999999,4758885.173190,11261,13521953,2297613.316330,0
1746477000000,0.169760,0.169770,0.168100,0.168640,74001699,1746477899999,12486909.901100,27857,29260348,4934929.817920,0
1746477900000,0.168640,0.169660,0.168230,0.169420,42215851,1746478799999,7141218.473620,13659,25709562,4349640.148860,0
1746478800000,0.169430,0.170520,0.169300,0.170410,38266437,1746479699999,6507519.111350,13418,21197315,3603161.889320,0
1746479700000,0.170410,0.170680,0.170220,0.170540,21093895,1746480599999,3596482.598750,12657,10473410,1786042.947750,0
1746480600000,0.170540,0.170570,0.169490,0.169830,35407845,1746481499999,6016094.219400,10569,11947264,2030487.510160,0
1746481500000,0.169820,0.170800,0.169820,0.170390,29063936,1746482399999,4955196.113390,8731,20053172,3418754.521580,0
1746482400000,0.170390,0.170900,0.170390,0.170880,20063343,1746483299999,3423211.440210,9962,9333838,1592437.071620,0
1746483300000,0.170890,0.171310,0.170860,0.171060,22436352,1746484199999,3839008.799520,9906,9555265,1634975.510860,0
1746484200000,0.171060,0.172210,0.171060,0.171990,50232588,1746485099999,8627398.137710,18851,31733879,5449946.742930,0
1746485100000,0.171980,0.171980,0.171460,0.171540,25588033,1746485999999,4392745.196150,9355,13285938,2280819.442510,0
1746486000000,0.171530,0.171760,0.171290,0.171360,16008902,1746486899999,2745426.688930,7528,7564103,1297191.284610,0
1746486900000,0.171350,0.171720,0.171030,0.171090,19207569,1746487799999,3290909.740520,8398,9102870,1559731.256710,0
1746487800000,0.171080,0.171170,0.170720,0.170770,21912284,1746488699999,3745303.312060,7488,8912222,1523152.533240,0
1746488700000,0.170770,0.170820,0.170340,0.170500,20973144,1746489599999,3576378.156300,11407,7925139,1351687.831540,0
1746489600000,0.170500,0.170740,0.170240,0.170500,39299699,1746490499999,6700608.526360,13473,19867563,3387557.993130,0
1746490500000,0.170490,0.170770,0.169940,0.170720,42703815,1746491399999,7271681.549140,10461,21458317,3654529.366930,0
1746491400000,0.170720,0.170750,0.169570,0.169720,20576028,1746492299999,3498754.350080,9392,6508629,1106961.223690,0
1746492300000,0.169710,0.170140,0.169510,0.170130,15775429,1746493199999,2678196.320300,7706,10079669,1711470.746710,0
1746493200000,0.170120,0.170590,0.169440,0.170530,28133162,1746494099999,4783994.468910,11658,15356009,2611649.293450,0
1746494100000,0.170530,0.171090,0.170530,0.170620,37077682,1746494999999,6332972.579030,12418,17962749,3068218.415230,0
1746495000000,0.170620,0.170740,0.169070,0.169160,40038310,1746495899999,6797921.014270,15844,10160541,1724996.798340,0
1746495900000,0.169150,0.169350,0.168660,0.168740,64060534,1746496799999,10821823.339820,20149,23371963,3949213.659960,0
1746496800000,0.168730,0.169080,0.168280,0.168470,47489980,1746497699999,8006583.137270,15465,22474206,3789898.035080,0
1746497700000,0.168470,0.168480,0.167230,0.167330,101458018,1746498599999,17010810.704300,31309,33221818,5567645.703930,0
1746498600000,0.167330,0.167940,0.166710,0.167700,76440782,1746499499999,12793656.244620,22391,36848146,6171118.010160,0
1746499500000,0.167700,0.168680,0.167670,0.168460,55353166,1746500399999,9319270.392000,14234,30043617,5057240.312410,0
1746500400000,0.168450,0.168580,0.167900,0.168070,35476182,1746501299999,5967091.798200,11924,20200796,3397709.217940,0
1746501300000,0.168060,0.168790,0.167970,0.168710,27673921,1746502199999,4660042.558590,11048,16907180,2847478.036900,0
1746502200000,0.168710,0.169810,0.168710,0.169750,64412916,1746503099999,10907230.166610,21499,48139111,8152190.890930,0
1746503100000,0.169750,0.169950,0.169330,0.169720,41757659,1746503999999,7084438.768460,13487,13967850,2370289.437730,0
1746504000000,0.169720,0.169880,0.169170,0.169360,32952858,1746504899999,5584220.506250,11735,14965306,2536315.575130,0
1746504900000,0.169360,0.170200,0.169350,0.170110,25871410,1746505799999,4395950.195990,10432,14796646,2514516.863590,0
1746505800000,0.170100,0.170300,0.169740,0.169850,26610606,1746506699999,4523525.540570,9828,11217659,1907691.378280,0
1746506700000,0.169840,0.170180,0.169810,0.170060,21091331,1746507599999,3585549.436970,9313,9832842,1671637.555640,0
1746507600000,0.170050,0.170170,0.169690,0.169850,21452661,1746508499999,3646019.633060,9073,12025259,2043920.620530,0
1746508500000,0.169850,0.170080,0.169310,0.169420,38135880,1746509399999,6467747.832590,10579,18006533,3055193.511310,0
1746509400000,0.169410,0.169570,0.169150,0.169150,14800367,1746510299999,2506224.054810,8481,5946472,1006982.789840,0
1746510300000,0.169150,0.169300,0.168680,0.168780,26758037,1746511199999,4522036.374950,9956,11696914,1976820.587920,0
1746511200000,0.168770,0.169380,0.168720,0.169240,19014319,1746512099999,3216181.274380,8579,11628218,1966957.856390,0
1746512100000,0.169230,0.169370,0.168890,0.168980,8525867,1746512999999,1442326.503250,5375,4092114,692266.749600,0
1746513000000,0.168980,0.169380,0.168830,0.169380,12302319,1746513899999,2080695.465470,6677,6099994,1031776.660530,0
1746513900000,0.169370,0.169500,0.169020,0.169470,15643506,1746514799999,2647563.200410,6512,6761237,1144430.591530,0
1746514800000,0.169460,0.170150,0.169460,0.169720,45440686,1746515699999,7717242.140690,11878,28045063,4762411.914440,0
1746515700000,0.169710,0.169710,0.168980,0.169010,29369471,1746516599999,4973595.152860,8784,13851251,2345897.904250,0
1746516600000,0.169010,0.169520,0.168810,0.169300,26995134,1746517499999,4566821.641600,10079,12724788,2152307.700720,0
1746517500000,0.169300,0.169620,0.169210,0.169280,12336116,1746518399999,2089273.835770,8263,5234474,886453.918260,0
1746518400000,0.169280,0.169290,0.168020,0.168040,70496379,1746519299999,11874233.224160,21553,22941199,3865698.497300,0
1746519300000,0.168040,0.168050,0.166180,0.166900,222340767,1746520199999,37107615.833360,47835,86941618,14503615.056490,0
1746520200000,0.166900,0.167930,0.166900,0.167850,90892833,1746521099999,15217789.462050,21160,68599294,11484965.028840,0
1746521100000,0.167850,0.168310,0.167780,0.168250,31561846,1746521999999,5302497.514100,14081,17523315,2944500.721360,0
1746522000000,0.168250,0.168610,0.167830,0.167880,48985942,1746522899999,8239247.678090,13133,30890845,5197126.567140,0
1746522900000,0.167870,0.168010,0.167330,0.167620,36515957,1746523799999,6120271.264250,11670,14310447,2398798.508310,0
1746523800000,0.167620,0.167870,0.166750,0.166780,30662379,1746524699999,5129021.232860,13830,12893146,2156843.129630,0
1746524700000,0.166770,0.167540,0.166470,0.167410,34814741,1746525599999,5813390.300270,13488,18160159,3033351.542640,0
1746525600000,0.167410,0.167420,0.166450,0.166630,54352484,1746526499999,9069225.269900,18500,25479183,4251801.004870,0
1746526500000,0.166620,0.167220,0.166110,0.166380,41844264,1746527399999,6970929.837150,16344,22053668,3674433.473950,0
1746527400000,0.166380,0.167050,0.165530,0.165730,74468586,1746528299999,12370615.817250,21716,26814264,4457308.801230,0
1746528300000,0.165740,0.165970,0.165130,0.165480,79843437,1746529199999,13217564.959070,23838,32316978,5351278.715890,0
1746529200000,0.165490,0.166280,0.165480,0.166030,33235385,1746530099999,5515306.730530,13925,19346740,3210401.798590,0
1746530100000,0.166020,0.166190,0.165600,0.165670,44195191,1746530999999,7332055.825700,13453,20339009,3374756.567420,0
1746531000000,0.165670,0.165890,0.165120,0.165580,66307649,1746531899999,10970591.919250,25187,33661303,5569433.410730,0
1746531900000,0.165570,0.165800,0.164370,0.165280,110218861,1746532799999,18173705.330220,27248,47725010,7869885.827390,0
1746532800000,0.165270,0.166090,0.164960,0.165860,62985019,1746533699999,10429132.648290,17219,33259461,5508161.563970,0
1746533700000,0.165850,0.165960,0.165280,0.165590,30237896,1746534599999,5007186.734700,14130,13721806,2272175.138540,0
1746534600000,0.165600,0.166020,0.165450,0.165900,43929485,1746535499999,7283122.442170,15360,21607214,3582015.864220,0
1746535500000,0.165900,0.166270,0.165620,0.166020,31529019,1746536399999,5234250.948080,13083,18166182,3015655.015420,0
1746536400000,0.166010,0.166120,0.164910,0.164950,49776117,1746537299999,8231761.396270,15977,19632195,3246249.550240,0
1746537300000,0.164950,0.165400,0.164170,0.164220,45911534,1746538199999,7562833.342580,15550,15912315,2623176.723160,0
1746538200000,0.164220,0.165970,0.164160,0.165680,109651982,1746539099999,18096613.505300,28244,69151406,11409573.991010,0
1746539100000,0.165680,0.165940,0.164190,0.164850,83726019,1746539999999,13803966.780830,26542,43500685,7169280.092520,0
1746540000000,0.164850,0.166500,0.164850,0.166040,79879346,1746540899999,13238943.680890,24189,44687212,7405830.556540,0
1746540900000,0.166040,0.168230,0.166040,0.167050,148056894,1746541799999,24768505.094110,37980,92789652,15530487.322780,0
1746541800000,0.167060,0.167450,0.166650,0.166670,45662153,1746542699999,7625148.815710,17287,20187292,3371299.192640,0
1746542700000,0.166670,0.166980,0.166140,0.166230,43816318,1746543599999,7295096.969200,15438,21820446,3633266.110460,0
1746543600000,0.166220,0.166600,0.165470,0.166410,112031989,1746544499999,18598117.849980,22806,48933881,8130096.467360,0
1746544500000,0.166410,0.167490,0.166150,0.167330,73717965,1746545399999,12296832.272700,18429,45295818,7554197.529980,0
1746545400000,0.167330,0.167790,0.166980,0.167030,58089803,1746546299999,9726014.772820,17600,29249585,4898192.807140,0
1746546300000,0.167030,0.167140,0.166330,0.166590,44100130,1746547199999,7353410.983750,12895,24404957,4069838.410470,0
1746547200000,0.166590,0.167140,0.165680,0.167090,69007797,1746548099999,11476856.716500,20067,37701993,6271141.057000,0
1746548100000,0.167080,0.167160,0.166090,0.166370,40889005,1746548999999,6813622.601800,17440,17745200,2957890.586140,0
1746549000000,0.166370,0.167180,0.166140,0.166180,31415183,1746549899999,5236953.609940,14255,15918395,2654665.289550,0
1746549900000,0.166170,0.166300,0.165600,0.165630,31524034,1746550799999,5230556.159070,13421,15500220,2572125.108500,0
1746550800000,0.165640,0.166740,0.165510,0.166660,43501756,1746551699999,7226845.139030,16993,24027591,3992002.208460,0
1746551700000,0.166660,0.167720,0.166640,0.167510,44410919,1746552599999,7430559.258000,17038,23338669,3905299.739200,0
1746552600000,0.167520,0.167900,0.166860,0.166940,44954696,1746553499999,7530934.871720,21229,23261193,3897075.898950,0
1746553500000,0.166950,0.167130,0.166590,0.166970,28896030,1746554399999,4821186.151710,10956,12789352,2134193.432280,0
1746554400000,0.166980,0.167660,0.166850,0.167450,30922752,1746555299999,5171557.649260,12167,14060789,2351371.405930,0
1746555300000,0.167440,0.168680,0.167430,0.168550,43877523,1746556199999,7380247.620210,15798,28785080,4841774.235280,0
1746556200000,0.168560,0.168590,0.167850,0.168110,75929598,1746557099999,12773657.657460,16071,21142060,3557943.635990,0
1746557100000,0.168100,0.169420,0.167950,0.169360,72145473,1746557999999,12176278.038970,21819,47340014,7993639.019490,0
1746558000000,0.169360,0.169750,0.168570,0.168870,81163789,1746558899999,13731328.098190,18986,33541335,5676040.091440,0
1746558900000,0.168870,0.169250,0.168710,0.169080,26378893,1746559799999,4456831.849750,9914,15517488,2621862.672840,0
1746559800000,0.169080,0.169370,0.168890,0.169170,21722452,1746560699999,3673518.518770,9759,9344163,1580196.981880,0
1746560700000,0.169160,0.169360,0.168650,0.168810,23667523,1746561599999,3997472.737780,9825,11731170,1981365.512890,0
1746561600000,0.168820,0.169740,0.168700,0.169300,48297356,1746562499999,8176220.790010,12713,31929579,5406769.132450,0
1746562500000,0.169310,0.169480,0.168440,0.168520,28372351,1746563399999,4792819.981260,11150,9981298,1686788.035990,0
1746563400000,0.168530,0.168580,0.167560,0.168180,73306670,1746564299999,12310234.902950,20193,23116836,3883835.148120,0
1746564300000,0.168180,0.168310,0.167750,0.168240,27967067,1746565199999,4701484.422870,9532,15704124,2640600.847990,0
1746565200000,0.168250,0.169320,0.168240,0.168700,61192125,1746566099999,10329903.073640,17349,36834528,6219088.577640,0
1746566100000,0.168710,0.168890,0.167560,0.167650,25776595,1746566999999,4337486.667740,9208,8880934,1495082.734790,0
1746567000000,0.167640,0.168050,0.167060,0.168030,55860162,1746567899999,9357319.501340,17931,23110202,3874106.438350,0
1746567900000,0.168040,0.168730,0.167940,0.168280,24426493,1746568799999,4113661.218920,8955,13851882,2333106.968340,0
1746568800000,0.168270,0.171260,0.168200,0.170230,185159376,1746569699999,31528985.122580,59525,102453545,17448570.662350,0
1746569700000,0.170230,0.171170,0.170160,0.171020,49614722,1746570599999,8474716.447420,18552,26446618,4517206.207140,0
1746570600000,0.171010,0.171440,0.170330,0.170950,57602699,1746571499999,9839979.874550,19822,29581287,5053373.947050,0
1746571500000,0.170950,0.171560,0.170720,0.171400,41912696,1746572399999,7176063.274830,16403,23349447,3997379.846630,0
1746572400000,0.171390,0.171550,0.170630,0.170950,55997486,1746573299999,9577763.649830,18101,21193710,3625393.432630,0
1746573300000,0.170940,0.172010,0.170890,0.171840,55371467,1746574199999,9499973.167570,16168,29558596,5071385.134960,0
1746574200000,0.171830,0.172100,0.171230,0.172100,37367869,1746575099999,6413169.411050,14251,19593860,3363541.996270,0
1746575100000,0.172090,0.172500,0.171880,0.172110,42758359,1746575999999,7361875.016960,15961,25230784,4344646.506030,0
1746576000000,0.172100,0.172560,0.171630,0.172560,72368597,1746576899999,12449849.547070,20815,32423250,5578494.448770,0
1746576900000,0.172560,0.174300,0.172490,0.173660,87998971,1746577799999,15266772.011750,31089,45901097,7963688.272380,0
1746577800000,0.173660,0.173970,0.173220,0.173320,39517496,1746578699999,6860211.312820,15461,17937284,3114165.362770,0
1746578700000,0.173320,0.173460,0.172900,0.173360,43488867,1746579599999,7529983.019120,14101,20018785,3466200.937880,0
1746579600000,0.173360,0.174050,0.173260,0.173600,45962244,1746580499999,7981616.572300,16388,25379753,4407695.471070,0
1746580500000,0.173600,0.174370,0.173540,0.174050,65902580,1746581399999,11463864.065480,15676,49105806,8541753.432960,0
1746581400000,0.174040,0.174040,0.173110,0.173170,37821599,1746582299999,6561379.363770,12756,17605736,3054121.534010,0
1746582300000,0.173160,0.173580,0.172790,0.173040,47592891,1746583199999,8239883.584780,14259,21463105,3716520.892080,0
1746583200000,0.173040,0.173150,0.171840,0.172080,137309662,1746584099999,23678154.857140,27408,43965049,7579643.439310,0
1746584100000,0.172070,0.172190,0.171580,0.171860,41367642,1746584999999,7109672.000030,13918,21611401,3714366.346050,0
1746585000000,0.171850,0.172000,0.171320,0.171380,31205763,1746585899999,5354389.324740,11703,13423965,2303533.906880,0
1746585900000,0.171370,0.171590,0.170870,0.171210,34753014,1746586799999,5948578.143390,10761,14213059,2433391.875510,0
1746586800000,0.171210,0.171380,0.170610,0.170740,39106618,1746587699999,6688276.943240,13715,18177573,3109334.964390,0
1746587700000,0.170740,0.171140,0.170120,0.171060,57040598,1746588599999,9729860.026710,19656,32353398,5521428.977850,0
1746588600000,0.171050,0.171580,0.171010,0.171550,54256824,1746589499999,9297152.867800,13918,32486638,5567157.081990,0
1746589500000,0.171550,0.171840,0.171330,0.171750,23609911,1746590399999,4051719.622790,8609,10858993,1863678.013720,0
1746590400000,0.171750,0.172480,0.171750,0.172370,38157415,1746591299999,6567122.068240,16472,25466880,4383829.120130,0
1746591300000,0.172360,0.172500,0.172010,0.172020,44433603,1746592199999,7653323.336290,11034,15910980,2740898.696580,0
1746592200000,0.172020,0.172360,0.171710,0.172210,29472038,1746593099999,5069583.880130,8380,20247595,3482367.584400,0
1746593100000,0.172200,0.172360,0.171870,0.172240,17467139,1746593999999,3006179.318880,7082,8082819,1391079.714020,0
1746594000000,0.172230,0.172320,0.171820,0.172000,19102170,1746594899999,3286554.812480,8003,8777818,1510134.600970,0
1746594900000,0.171990,0.172080,0.171730,0.171860,16245899,1746595799999,2792880.346230,6892,7339140,1261786.818080,0
1746595800000,0.171850,0.172260,0.171530,0.171640,28107955,1746596699999,4827690.627890,9546,14661316,2517586.760150,0
1746596700000,0.171630,0.171890,0.171440,0.171640,17914417,1746597599999,3074010.816210,8105,7994295,1371920.544750,0
1746597600000,0.171630,0.172480,0.171550,0.172410,30529586,1746598499999,5257331.367190,10322,16199295,2790033.599180,0
1746598500000,0.172410,0.172440,0.171750,0.171940,11282267,1746599399999,1941576.742440,6310,5137163,884193.451500,0
1746599400000,0.171940,0.172230,0.171710,0.171920,19964191,1746600299999,3433255.908430,7638,8286942,1425230.486930,0
1746600300000,0.171920,0.172350,0.171660,0.172350,20594617,1746601199999,3545013.384290,8071,11441516,1970015.861990,0
1746601200000,0.172350,0.172830,0.172340,0.172610,34043970,1746602099999,5875620.030690,9513,18544686,3200278.646490,0
1746602100000,0.172610,0.173010,0.172550,0.172860,23554116,1746602999999,4071393.493390,9595,11562758,1998885.167210,0
1746603000000,0.172850,0.173150,0.172690,0.173100,27170397,1746603899999,4698696.617380,9545,13580992,2348950.611470,0
1746603900000,0.173090,0.173380,0.173000,0.173220,38819082,1746604799999,6722830.797120,15164,22774418,3944169.003750,0
1746604800000,0.173220,0.173340,0.172810,0.172860,31846410,1746605699999,5511518.486190,11475,15117137,2616396.371980,0
1746605700000,0.172860,0.173210,0.172860,0.173060,15185016,1746606599999,2627691.977040,8020,7271589,1258260.501840,0
1746606600000,0.173050,0.173450,0.172890,0.173290,22747055,1746607499999,3940907.742250,9606,11237760,1946960.729580,0
1746607500000,0.173290,0.173510,0.173080,0.173260,19026221,1746608399999,3296982.321660,8248,9110859,1578930.678280,0
1746608400000,0.173260,0.173720,0.173260,0.173440,27204023,1746609299999,4720203.466430,10288,16209768,2812463.793800,0
1746609300000,0.173440,0.173580,0.173200,0.173360,25423302,1746610199999,4406333.653060,8433,9434392,1635417.039680,0
1746610200000,0.173350,0.173790,0.173130,0.173580,22959630,1746611099999,3981883.084020,8676,10338120,1792841.369590,0
1746611100000,0.173580,0.173900,0.173580,0.173800,15914384,1746611999999,2765392.076960,7914,9742995,1693138.363380,0
1746612000000,0.173790,0.173890,0.173400,0.173460,25474394,1746612899999,4422004.735550,9718,7402368,1285048.637830,0
1746612900000,0.173460,0.173460,0.172930,0.173010,36866683,1746613799999,6383051.911540,10743,18116282,3136501.781660,0
1746613800000,0.173010,0.173760,0.172820,0.173730,25264269,1746614699999,4379213.580880,9962,13282487,2302179.769930,0
1746614700000,0.173720,0.173910,0.173440,0.173800,26542605,1746615599999,4610752.357700,10024,14975500,2601838.502770,0
1746615600000,0.173800,0.173850,0.173300,0.173360,17721386,1746616499999,3075441.142900,8896,7435771,1290616.197570,0
1746616500000,0.173350,0.173450,0.173110,0.173170,11752119,1746617399999,2036288.541680,7295,4425181,766779.521530,0
1746617400000,0.173170,0.173460,0.173100,0.173370,15487674,1746618299999,2683686.252410,8277,8479936,1469418.984110,0
1746618300000,0.173360,0.173410,0.173020,0.173300,18931163,1746619199999,3278729.252800,8308,8126079,1407433.820490,0
1746619200000,0.173290,0.173480,0.172760,0.172910,32310861,1746620099999,5592183.646300,11875,14578953,2523090.105620,0
1746620100000,0.172920,0.173370,0.172700,0.172930,30659325,1746620999999,5306341.159460,12961,15616309,2702551.781460,0
1746621000000,0.172920,0.173020,0.172340,0.172560,42787069,1746621899999,7382583.793220,14775,20242224,3492788.777800,0
1746621900000,0.172560,0.172760,0.172430,0.172730,31089241,1746622799999,5367418.518140,9352,20785950,3588901.225470,0
1746622800000,0.172730,0.172730,0.171930,0.172020,40120949,1746623699999,6910508.564160,12072,19437162,3348130.520520,0
1746623700000,0.172010,0.172120,0.171620,0.171740,33220570,1746624599999,5708746.275870,18259,15551380,2672373.865930,0
1746624600000,0.171750,0.172940,0.171680,0.172830,74535144,1746625499999,12835409.611320,20693,39481863,6799463.954270,0
1746625500000,0.172820,0.172820,0.171650,0.172320,36614933,1746626399999,6306046.073950,14767,17545233,3021392.372350,0
1746626400000,0.172320,0.172690,0.172010,0.172370,40084785,1746627299999,6908865.513170,14183,26900164,4636203.456060,0
1746627300000,0.172380,0.173030,0.172210,0.172910,31992052,1746628199999,5522743.992170,12863,18710101,3229418.825520,0
1746628200000,0.172920,0.173020,0.172600,0.172780,22463352,1746629099999,3881605.397360,10884,10248267,1770837.901810,0
1746629100000,0.172780,0.172800,0.171460,0.171790,55365077,1746629999999,9511800.924600,16025,22854059,3925567.310480,0
1746630000000,0.171780,0.171850,0.171180,0.171320,50389598,1746630899999,8640279.972820,16154,27082666,4644091.362710,0
1746630900000,0.171310,0.171590,0.170740,0.170970,46230458,1746631799999,7916507.961210,15053,23187972,3971583.821190,0
1746631800000,0.170970,0.171270,0.170510,0.171140,45320463,1746632699999,7747347.794350,14810,23273241,3979086.705650,0
1746632700000,0.171140,0.171210,0.170440,0.170760,48604512,1746633599999,8298291.189090,14798,24434513,4172745.666270,0
1746633600000,0.170760,0.170820,0.170100,0.170430,60281948,1746634499999,10268692.345740,16239,29389915,5006454.629040,0
1746634500000,0.170430,0.170430,0.169540,0.169600,57413687,1746635399999,9755223.506630,18150,24804405,4215168.463650,0
1746635400000,0.169590,0.169920,0.169140,0.169890,70635398,1746636299999,11979521.243160,20346,36526404,6196878.391140,0
1746636300000,0.169880,0.171450,0.169830,0.171120,87693179,1746637199999,14985073.729140,21841,61146223,10451338.024410,0
1746637200000,0.171120,0.171520,0.170610,0.170970,48382869,1746638099999,8274548.705610,13280,26946748,4608736.996540,0
1746638100000,0.170970,0.171200,0.170560,0.170910,27695682,1746638999999,4732937.743720,9026,15086721,2578214.330970,0
1746639000000,0.170910,0.171310,0.170690,0.170950,22212070,1746639899999,3797306.820720,10391,11210073,1916441.698800,0
1746639900000,0.170940,0.171680,0.170330,0.170960,68486310,1746640799999,11706264.566740,19528,34643712,5924442.283800,0
1746640800000,0.170950,0.172060,0.169600,0.170540,204809001,1746641699999,34959818.418930,59894,99170154,16930256.732500,0
1746641700000,0.170530,0.171890,0.170250,0.171490,49447446,1746642599999,8464386.755270,25450,24837557,4252453.526250,0
1746642600000,0.171470,0.172580,0.170850,0.170930,100650624,1746643499999,17297766.615430,27333,40334821,6938041.852900,0
1746643500000,0.170930,0.171110,0.169280,0.170940,117886176,1746644399999,20062096.597160,31683,48531167,8263328.878840,0
1746644400000,0.170940,0.171130,0.170250,0.170900,44864703,1746645299999,7657469.438480,17818,21303471,3636474.678370,0
1746645300000,0.170890,0.171230,0.169220,0.169300,69046991,1746646199999,11745981.142670,22241,22424749,3818620.589910,0
1746646200000,0.169300,0.171060,0.168840,0.170610,88614219,1746647099999,15038623.586410,27183,46197805,7844945.213860,0
1746647100000,0.170610,0.170840,0.169560,0.169840,63711499,1746647999999,10846119.148640,19004,27003521,4598313.456830,0
1746648000000,0.169830,0.170260,0.169480,0.170200,46873827,1746648899999,7964995.668100,15644,31161939,5295570.589420,0
1746648900000,0.170200,0.170360,0.169460,0.169790,28706952,1746649799999,4874805.447340,9751,16544779,2809977.883300,0
1746649800000,0.169800,0.170250,0.169100,0.169480,72074259,1746650699999,12223029.949410,15091,28655311,4863190.737640,0
1746650700000,0.169490,0.170300,0.169270,0.170300,35699483,1746651599999,6061836.037690,12634,18164223,3085408.466500,0
1746651600000,0.170290,0.171240,0.170040,0.171030,39870816,1746652499999,6803865.486910,12183,25654372,4377543.983090,0
1746652500000,0.171030,0.172070,0.170890,0.172050,28734357,1746653399999,4927474.873850,14926,18668567,3202774.290510,0
1746653400000,0.172050,0.172250,0.171260,0.171730,43724818,1746654299999,7505664.628030,12932,12311704,2113647.557970,0
1746654300000,0.171740,0.172100,0.171450,0.171640,19914671,1746655199999,3421894.321530,8444,8627058,1482728.594310,0
1746655200000,0.171650,0.172400,0.171420,0.171980,47434341,1746656099999,8159974.867530,17076,27494237,4729770.670430,0
1746656100000,0.171980,0.172090,0.171600,0.171870,28535692,1746656999999,4903332.165080,9648,14824253,2547378.298530,0
1746657000000,0.171870,0.172510,0.171830,0.172300,19414005,1746657899999,3344503.300130,10086,9538446,1643229.173920,0
1746657900000,0.172310,0.172310,0.171930,0.172060,14841715,1746658799999,2554636.404520,7113,5421364,933100.048480,0
1746658800000,0.172060,0.172900,0.171960,0.172770,36662028,1746659699999,6325138.335020,14357,16847610,2906829.139300,0
1746659700000,0.172760,0.172790,0.172230,0.172290,12956083,1746660599999,2234297.049600,7207,4923065,848978.285680,0
1746660600000,0.172290,0.172460,0.171820,0.171960,24991677,1746661499999,4300026.362770,8535,11333930,1950237.293250,0
1746661500000,0.171960,0.172120,0.171700,0.171930,19556134,1746662399999,3361715.007410,7168,10663837,1833193.533360,0
1746662400000,0.171930,0.172320,0.171920,0.172080,30884296,1746663299999,5316303.976340,10889,13303309,2290073.137170,0
1746663300000,0.172090,0.172410,0.172020,0.172350,11995813,1746664199999,2065835.881340,7124,5499338,947004.262350,0
1746664200000,0.172360,0.172510,0.171720,0.171780,31934174,1746665099999,5496036.444790,10843,17943245,3089816.396420,0
1746665100000,0.171780,0.173800,0.171610,0.173580,85271470,1746665999999,14751954.136800,20072,52511132,9089015.512370,0
1746666000000,0.173570,0.175130,0.173510,0.174190,164213720,1746666899999,28646301.129240,49309,92817648,16194885.899730,0
1746666900000,0.174190,0.175460,0.173660,0.175210,88904510,1746667799999,15538039.331890,24530,44715297,7815744.569170,0
1746667800000,0.175210,0.175680,0.174550,0.174660,65946519,1746668699999,11552795.886510,24545,33908923,5941631.844000,0
1746668700000,0.174660,0.175140,0.173640,0.173990,92071990,1746669599999,16045220.949240,23814,27516491,4794357.233570,0
1746669600000,0.173990,0.174670,0.173990,0.174570,32616295,1746670499999,5687315.230970,12587,19520108,3403661.758660,0
1746670500000,0.174570,0.176420,0.174500,0.176390,87051257,1746671399999,15285962.438770,26787,56484701,9918473.631520,0
1746671400000,0.176380,0.177020,0.176090,0.176420,109479525,1746672299999,19329267.646660,31320,46586222,8226700.095660,0
1746672300000,0.176420,0.177150,0.176410,0.176920,85300570,1746673199999,15087832.283530,19537,36259086,6413466.693140,0
1746673200000,0.176910,0.177960,0.176550,0.177540,115724273,1746674099999,20526524.107700,27928,56396775,10005708.567180,0
1746674100000,0.177530,0.178030,0.177240,0.177680,67579049,1746674999999,12007509.031170,19322,33488152,5950558.274600,0
1746675000000,0.177670,0.178810,0.177360,0.178790,72930532,1746675899999,12982609.221610,25352,43356905,7718888.946930,0
1746675900000,0.178780,0.179450,0.178290,0.179340,95567555,1746676799999,17091205.126850,31187,48058136,8595597.514770,0
1746676800000,0.179340,0.181520,0.179340,0.180980,205726581,1746677699999,37141450.896220,54190,106217799,19173782.173390,0
1746677700000,0.180970,0.182530,0.180810,0.182450,128998726,1746678599999,23425821.411960,33641,67222102,12213024.655910,0
1746678600000,0.182450,0.182730,0.181070,0.181160,122913253,1746679499999,22336746.059360,30727,66216548,12037542.454270,0
1746679500000,0.181150,0.181360,0.179440,0.179680,183970279,1746680399999,33142130.599650,38490,70518315,12701107.529420,0
1746680400000,0.179670,0.180630,0.179650,0.180200,72561039,1746681299999,13072936.209960,20628,34838215,6277204.178710,0
1746681300000,0.180200,0.180320,0.179480,0.180030,46378823,1746682199999,8340669.229910,15083,24635932,4430778.662680,0
1746682200000,0.180030,0.180260,0.179780,0.180150,31981774,1746683099999,5757824.389100,11817,19041466,3428268.125920,0
1746683100000,0.180150,0.180330,0.179760,0.179850,24829836,1746683999999,4469823.753430,9020,10752450,1935770.625820,0
1746684000000,0.179840,0.180760,0.179820,0.180600,42703590,1746684899999,7701946.961360,13035,20823288,3755511.662720,0
1746684900000,0.180590,0.180600,0.180190,0.180310,22416503,1746685799999,4044079.572520,9592,10116824,1825061.811770,0
1746685800000,0.180310,0.180550,0.179950,0.180480,26197398,1746686699999,4720999.737030,10551,15685636,2826938.330210,0
1746686700000,0.180480,0.180920,0.180210,0.180870,34996692,1746687599999,6322624.889490,11010,18144307,3278378.215720,0
1746687600000,0.180870,0.181840,0.180830,0.181370,87689915,1746688499999,15907273.181040,17613,50861769,9226078.266010,0
1746688500000,0.181380,0.181990,0.181270,0.181900,47885947,1746689399999,8702290.305640,13329,26350789,4788153.389630,0
1746689400000,0.181900,0.182710,0.181610,0.182190,95064557,1746690299999,17319352.839470,24565,51184388,9324455.264490,0
1746690300000,0.182190,0.182210,0.181360,0.181430,54376145,1746691199999,9878719.892640,15383,29849613,5422751.995940,0
1746691200000,0.181420,0.182450,0.181370,0.182160,54956750,1746692099999,10005453.217820,17279,25713302,4681143.011240,0
1746692100000,0.182160,0.182680,0.182080,0.182220,38913048,1746692999999,7096193.879820,14155,24022405,4380972.471800,0
1746693000000,0.182210,0.183020,0.181880,0.182940,57454551,1746693899999,10489885.203780,20868,34147038,6235748.144700,0
1746693900000,0.182930,0.183260,0.182190,0.182250,53448484,1746694799999,9766515.959780,18909,23547721,4303156.997940,0
1746694800000,0.182260,0.182920,0.182020,0.182770,49305841,1746695699999,8994487.373960,14626,24764189,4517565.632940,0
1746695700000,0.182770,0.183400,0.182650,0.183080,51050893,1746696599999,9344345.887060,14647,28081794,5140115.109260,0
1746696600000,0.183080,0.183090,0.182520,0.182950,38775266,1746697499999,7090669.492910,12167,21268210,3889618.463500,0
1746697500000,0.182950,0.183690,0.182950,0.183570,53966393,1746698399999,9895085.502600,14745,34633278,6350050.529280,0
1746698400000,0.183570,0.184060,0.183360,0.183530,64164693,1746699299999,11790949.182780,20843,34720143,6380559.961180,0
1746699300000,0.183520,0.184470,0.183470,0.184350,66243337,1746700199999,12191928.078130,16352,51792279,9533657.972790,0
1746700200000,0.184350,0.184390,0.183600,0.183700,48421326,1746701099999,8909143.515150,19301,27076752,4983268.323660,0
1746701100000,0.183700,0.185550,0.183700,0.185040,114336792,1746701999999,21131741.065860,25932,76132015,14072427.520020,0
1746702000000,0.185030,0.185080,0.183410,0.183680,101327441,1746702899999,18674747.888020,25772,36817066,6780832.135000,0
1746702900000,0.183670,0.183890,0.183170,0.183270,85973275,1746703799999,15774174.006090,20469,47349714,8688342.346810,0
1746703800000,0.183260,0.183420,0.182110,0.182930,119504429,1746704699999,21845115.247120,25777,39168849,7163001.324490,0
1746704700000,0.182940,0.183200,0.182650,0.183020,38139368,1746705599999,6976798.745480,12287,18552727,3393638.950240,0
1746705600000,0.183020,0.183540,0.182850,0.183310,49986576,1746706499999,9161596.248690,15796,23049304,4224547.907480,0
1746706500000,0.183320,0.184650,0.183300,0.184410,90873927,1746707399999,16728979.605210,25435,51302442,9443417.007400,0
1746707400000,0.184420,0.184820,0.183060,0.183540,107918558,1746708299999,19819426.257340,25386,41203779,7569898.525490,0
1746708300000,0.183530,0.184260,0.183410,0.183690,44239054,1746709199999,8137737.845390,14573,22689374,4173582.905440,0
1746709200000,0.183680,0.184790,0.183680,0.184300,76240791,1746710099999,14056284.033470,18209,52652236,9708698.202480,0
1746710100000,0.184300,0.184750,0.184220,0.184550,78936614,1746710999999,14564580.401750,15614,34990676,6457061.304570,0
1746711000000,0.184540,0.185110,0.183720,0.184290,74670087,1746711899999,13772309.420990,26748,37741061,6962196.208490,0
1746711900000,0.184300,0.184580,0.183400,0.184350,85299844,1746712799999,15684961.467420,23109,38969563,7166740.438960,0
1746712800000,0.184340,0.184960,0.183520,0.183870,109081290,1746713699999,20109120.575020,27971,50828984,9378002.790510,0
1746713700000,0.183860,0.185420,0.183820,0.185270,78827218,1746714599999,14568355.581700,24693,46136431,8524279.909030,0
1746714600000,0.185270,0.186800,0.185150,0.185650,113959129,1746715499999,21194571.923470,40952,58861818,10947747.066780,0
1746715500000,0.185640,0.187080,0.185370,0.185720,115172458,1746716399999,21455416.980190,36908,69894703,13020859.152970,0
1746716400000,0.185720,0.187600,0.185460,0.187470,83349290,1746717299999,15546098.262440,35622,44713106,8341938.131740,0
1746717300000,0.187470,0.190090,0.186790,0.188780,236169566,1746718199999,44483792.867120,79009,131160014,24706358.538010,0
1746718200000,0.188780,0.191430,0.187980,0.190050,254726802,1746719099999,48263305.924440,82590,136626161,25922608.243410,0
1746719100000,0.190050,0.191040,0.188230,0.189290,196688037,1746719999999,37288611.988420,66109,81357214,15421403.560890,0
1746720000000,0.189280,0.190830,0.189120,0.190630,140766201,1746720899999,26731397.885630,50260,79448235,15088334.413020,0
1746720900000,0.190630,0.192910,0.190060,0.190090,198545859,1746721799999,38033995.141030,69383,96331423,18460642.963960,0
1746721800000,0.190100,0.191110,0.189220,0.190520,88735665,1746722699999,16871846.915960,33911,40231871,7649556.101660,0
1746722700000,0.190520,0.191150,0.189770,0.190730,45559616,1746723599999,8682718.363250,21275,23471250,4474021.288370,0
1746723600000,0.190720,0.190990,0.189880,0.190080,57466685,1746724499999,10936614.811370,24648,26055818,4959003.946180,0
1746724500000,0.190090,0.191680,0.190030,0.191000,51735241,1746725399999,9871679.697140,23141,29495837,5628532.862590,0
1746725400000,0.190990,0.191500,0.190000,0.190220,57152144,1746726299999,10899650.773670,24634,22674454,4324916.847560,0
1746726300000,0.190220,0.190470,0.189190,0.190160,72175054,1746727199999,13703706.505880,25664,36261661,6884755.873390,0
1746727200000,0.190160,0.190840,0.189910,0.190470,54528531,1746728099999,10380279.664760,21416,25580651,4870254.493150,0
1746728100000,0.190470,0.191270,0.190050,0.190130,47357045,1746728999999,9029309.447420,18945,18148277,3461754.960690,0
1746729000000,0.190120,0.191110,0.189960,0.190840,50606265,1746729899999,9644665.362270,19289,28377795,5408986.753970,0
1746729900000,0.190840,0.190990,0.190000,0.190460,31682415,1746730799999,6037454.267750,15779,16114111,3070917.859080,0
1746730800000,0.190450,0.190570,0.189640,0.189950,40710556,1746731699999,7738021.035310,18297,17338588,3295792.416120,0
1746731700000,0.189940,0.191060,0.189650,0.190360,55634912,1746732599999,10594043.790930,21748,28548685,5436879.384890,0
1746732600000,0.190360,0.190540,0.189430,0.189830,30947137,1746733499999,5876899.659230,15843,15540357,2951770.696520,0
1746733500000,0.189830,0.191220,0.189380,0.190910,82690692,1746734399999,15755179.759510,33603,45217583,8615984.688020,0
1746734400000,0.190910,0.191980,0.190380,0.190400,76236235,1746735299999,14586920.634240,27344,36584360,7002655.422230,0
1746735300000,0.190400,0.191550,0.189890,0.191440,42709689,1746736199999,8138430.450030,17215,22853745,4356857.331700,0
1746736200000,0.191440,0.193850,0.191350,0.192660,142255289,1746737099999,27413011.662870,46219,83729938,16134986.638910,0
1746737100000,0.192670,0.195940,0.192280,0.195190,189253255,1746737999999,36802182.952290,70865,125935997,24487430.449410,0
1746738000000,0.195180,0.195190,0.192700,0.194480,116440211,1746738899999,22566876.074650,50419,52137622,10110593.976630,0
1746738900000,0.194480,0.197160,0.194410,0.195080,161530975,1746739799999,31650008.395030,60615,85732219,16800973.393930,0
1746739800000,0.195080,0.195770,0.192230,0.192840,83111875,1746740699999,16124629.423350,44648,37381688,7255172.839710,0
1746740700000,0.192830,0.193690,0.191660,0.192970,92571570,1746741599999,17820279.032530,33079,38307352,7377418.443050,0
1746741600000,0.192960,0.193480,0.191720,0.192480,77573605,1746742499999,14939880.420520,30360,35695789,6876723.279080,0
1746742500000,0.192470,0.193480,0.192400,0.193060,53954587,1746743399999,10409031.596800,21151,34488123,6653118.407560,0
1746743400000,0.193050,0.193960,0.192210,0.193960,54364694,1746744299999,10490680.692090,19559,25708881,4964721.091280,0
1746744300000,0.193960,0.194300,0.193420,0.194290,48398097,1746745199999,9385225.704000,23645,26106795,5062814.313710,0
1746745200000,0.194290,0.195140,0.193730,0.194810,53939208,1746746099999,10493159.528820,20471,27287624,5308037.213390,0
1746746100000,0.194820,0.195570,0.194560,0.195420,46615624,1746746999999,9101140.942860,23878,22813405,4454268.794950,0
1746747000000,0.195410,0.197190,0.195250,0.197050,87395122,1746747899999,17161442.470970,31390,50400096,9896754.599690,0
1746747900000,0.197040,0.198370,0.196790,0.198070,123552165,1746748799999,24411100.103100,35616,61724078,12195967.271920,0
1746748800000,0.198080,0.198660,0.195780,0.195900,173131306,1746749699999,34124909.166280,47100,73060723,14404261.767210,0
1746749700000,0.195900,0.196100,0.194660,0.194800,72712132,1746750599999,14196920.505920,30792,29720591,5803884.364760,0
1746750600000,0.194800,0.195910,0.194660,0.195560,66126065,1746751499999,12905807.781930,28125,33081871,6457902.322010,0
1746751500000,0.195550,0.196690,0.195240,0.195620,63044545,1746752399999,12352652.547750,23672,37297574,7307062.039480,0
1746752400000,0.195620,0.196500,0.194640,0.196200,58036527,1746753299999,11344519.688930,26441,31886614,6236054.399140,0
1746753300000,0.196210,0.197400,0.194730,0.195430,75187405,1746754199999,14744214.759220,41615,36782238,7214740.474000,0
1746754200000,0.195430,0.195620,0.194430,0.195340,41447977,1746755099999,8080190.214460,20578,19070130,3717658.390180,0
1746755100000,0.195330,0.196550,0.194650,0.196280,46822118,1746755999999,9159820.381930,21149,23892386,4676312.747860,0
1746756000000,0.196290,0.196560,0.195400,0.195730,49364359,1746756899999,9672029.631660,22035,26691304,5231358.873040,0
1746756900000,0.195730,0.196440,0.194890,0.195090,57349021,1746757799999,11204872.906050,21457,22420240,4382916.602160,0
1746757800000,0.195090,0.196110,0.194890,0.195170,43383609,1746758699999,8484751.838100,20552,24649622,4821050.878690,0
1746758700000,0.195160,0.195980,0.195010,0.195750,55959439,1746759599999,10939169.946990,23043,27432640,5362355.508680,0
1746759600000,0.195760,0.197060,0.195200,0.196770,77112893,1746760499999,15127651.596990,30551,40548505,7955584.840790,0
1746760500000,0.196780,0.197520,0.196140,0.197450,55329611,1746761399999,10898504.597700,32278,25793371,5081309.135800,0
1746761400000,0.197470,0.197490,0.195010,0.195060,82568188,1746762299999,16179924.385620,31728,32265814,6325515.661380,0
1746762300000,0.195060,0.195480,0.193110,0.193500,130485110,1746763199999,25329669.368240,39395,45987444,8926215.995500,0
1746763200000,0.193510,0.194420,0.192940,0.194230,86402091,1746764099999,16728410.938020,32178,34929377,6762434.233320,0
1746764100000,0.194230,0.194570,0.193340,0.194110,152844963,1746764999999,29628128.204560,25474,76621883,14848424.096630,0
1746765000000,0.194110,0.194250,0.193150,0.193680,31740994,1746765899999,6144705.884410,16836,14427776,2792878.799530,0
1746765900000,0.193680,0.194290,0.193480,0.194030,24600130,1746766799999,4771537.204270,13838,12947900,2511636.975930,0
1746766800000,0.194030,0.194920,0.193660,0.194710,48030772,1746767699999,9334700.632900,18957,30384078,5904760.518990,0
1746767700000,0.194700,0.195090,0.194220,0.194860,28300588,1746768599999,5511314.357430,15232,15291083,2978250.785780,0
1746768600000,0.194850,0.195460,0.194500,0.195220,35236524,1746769499999,6874895.071600,20402,20912894,4080237.152290,0
1746769500000,0.195230,0.195590,0.194940,0.195490,29579647,1746770399999,5778615.022360,11714,12113831,2366586.198180,0
1746770400000,0.195500,0.195780,0.195040,0.195190,29269547,1746771299999,5721521.911620,14917,15556940,3041556.238410,0
1746771300000,0.195190,0.196610,0.195180,0.196250,53688817,1746772199999,10530175.360980,21748,28682238,5625811.557430,0
1746772200000,0.196240,0.196800,0.195870,0.196510,42433617,1746773099999,8332448.524500,19568,19206724,3771663.785140,0
1746773100000,0.196500,0.197220,0.196240,0.196970,49105519,1746773999999,9668354.323910,22441,25181827,4958284.833030,0
1746774000000,0.196970,0.201750,0.196780,0.201310,341035092,1746774899999,68178551.902200,73674,207411012,41447270.114190,0
1746774900000,0.201320,0.207190,0.200900,0.206820,443788143,1746775799999,90796141.959530,145155,232013310,47467265.303730,0
1746775800000,0.206820,0.209290,0.204490,0.206890,246105812,1746776699999,50741432.267260,91771,129314561,26673601.924560,0
1746776700000,0.206880,0.208710,0.205150,0.205770,215909820,1746777599999,44648771.405020,70616,104789946,21669535.019930,0
1746777600000,0.205770,0.208080,0.205530,0.207350,135906620,1746778499999,28104967.698260,46847,68513275,14166896.490710,0
1746778500000,0.207360,0.214500,0.207120,0.211420,436747051,1746779399999,92248722.269160,131214,170741546,36044531.455390,0
1746779400000,0.211430,0.213580,0.202230,0.203200,507349384,1746780299999,105431755.204040,169235,209633836,43621616.227120,0
1746780300000,0.203190,0.206660,0.203070,0.205440,220584085,1746781199999,45260344.541790,93874,119113853,24450628.234580,0
1746781200000,0.205430,0.207290,0.201260,0.203550,228656085,1746782099999,46720510.212440,93994,98792428,20219296.279280,0
1746782100000,0.203560,0.205120,0.201710,0.203190,241711573,1746782999999,49197147.594850,96363,130254074,26521820.203430,0
1746783000000,0.203190,0.205430,0.202990,0.205210,130406299,1746783899999,26646387.506650,57422,76414874,15612883.528420,0
1746783900000,0.205220,0.206060,0.203580,0.205400,112683698,1746784799999,23096629.173480,38349,46014950,9429404.477570,0
1746784800000,0.205410,0.207630,0.204790,0.207160,108288568,1746785699999,22327454.699240,48607,54028719,11138972.947190,0
1746785700000,0.207160,0.207300,0.205720,0.206620,67398135,1746786599999,13911018.447660,33844,28150987,5811716.148820,0
1746786600000,0.206620,0.207780,0.206070,0.207630,65067519,1746787499999,13466617.570050,34914,30705881,6355162.928830,0
1746787500000,0.207640,0.209780,0.207530,0.209350,115927893,1746788399999,24215333.944830,54397,57167753,11939945.754730,0
1746788400000,0.209360,0.210120,0.207700,0.208950,107933676,1746789299999,22529107.020560,52313,50319717,10509822.470200,0
1746789300000,0.208960,0.211560,0.205560,0.207320,203932433,1746790199999,42553135.514450,94257,87047743,18175214.063990,0
1746790200000,0.207320,0.208810,0.206490,0.208750,91928901,1746791099999,19102288.047550,53903,45592583,9479541.930950,0
1746791100000,0.208760,0.209330,0.206860,0.207150,53142917,1746791999999,11047866.030180,29576,22010784,4578242.225270,0
1746792000000,0.207150,0.207510,0.205120,0.205970,177115372,1746792899999,36517804.919000,59210,91617728,18885356.442110,0
1746792900000,0.205980,0.207410,0.205310,0.207190,52984479,1746793799999,10945715.234770,26452,28531018,5895878.972890,0
1746793800000,0.207180,0.207950,0.206820,0.207140,44538869,1746794699999,9239139.449980,28983,19442434,4034115.303680,0
1746794700000,0.207140,0.207990,0.206670,0.207350,46053117,1746795599999,9544084.193620,22416,17742708,3677955.119950,0
1746795600000,0.207350,0.208640,0.207100,0.207800,59220164,1746796499999,12316398.381160,24168,28172898,5859145.896950,0
1746796500000,0.207810,0.207950,0.206060,0.206490,39299183,1746797399999,8128812.944640,22043,16045447,3319848.883860,0
1746797400000,0.206480,0.208750,0.205300,0.208100,102072014,1746798299999,21174565.780080,57201,51735057,10731982.249190,0
1746798300000,0.208100,0.209900,0.207940,0.209020,96868559,1746799199999,20263378.442290,43373,48452039,10133892.538270,0
1746799200000,0.209010,0.209010,0.206830,0.208420,111186989,1746800099999,23117228.357590,48728,47290897,9833379.493080,0
1746800100000,0.208420,0.208830,0.203010,0.203080,194459560,1746800999999,39891098.760300,75136,86359571,17723571.664530,0
1746801000000,0.203080,0.205210,0.200680,0.203470,298781872,1746801899999,60497728.948510,100269,157540477,31921644.516450,0
1746801900000,0.203480,0.204030,0.201670,0.203800,122862856,1746802799999,24944573.275990,55711,59877377,12159031.186030,0
1746802800000,0.203800,0.204360,0.202900,0.204110,85222904,1746803699999,17368060.673470,39627,39010509,7950213.808740,0
1746803700000,0.204120,0.205010,0.201800,0.203120,117457356,1746804599999,23870338.252800,45275,45972918,9351471.516540,0
1746804600000,0.203120,0.203420,0.201770,0.203130,97902217,1746805499999,19833788.799150,52229,49557442,10040716.343490,0
1746805500000,0.203140,0.204860,0.201420,0.204190,159943803,1746806399999,32573011.255220,56174,87097152,17732642.897420,0
1746806400000,0.204200,0.204290,0.201160,0.203520,158332356,1746807299999,32087225.779670,59482,71974884,14588836.744720,0
1746807300000,0.203530,0.204110,0.202300,0.203240,75909900,1746808199999,15445547.893330,34562,32194769,6550436.038920,0
1746808200000,0.203230,0.204150,0.202880,0.203840,50876954,1746809099999,10357580.302260,29527,26300665,5354380.467080,0
1746809100000,0.203830,0.204170,0.201040,0.201400,112422099,1746809999999,22725551.880200,41359,47370265,9574267.556550,0
1746810000000,0.201410,0.203860,0.201020,0.203670,135564454,1746810899999,27466441.787250,44601,75180039,15233785.082620,0
1746810900000,0.203670,0.204980,0.203640,0.204680,99259028,1746811799999,20294327.364460,28993,45878518,9378263.197110,0
1746811800000,0.204690,0.205290,0.204160,0.204700,46246548,1746812699999,9470229.817120,22151,23480815,4808348.566400,0
1746812700000,0.204700,0.206160,0.204670,0.205780,55647015,1746813599999,11444262.727050,26325,30755065,6325288.002510,0
1746813600000,0.205770,0.205880,0.204480,0.204710,48433454,1746814499999,9931106.354560,19643,22263399,4564800.706790,0
1746814500000,0.204710,0.205110,0.203820,0.204760,30655586,1746815399999,6271558.990330,17181,14157952,2896919.690960,0
1746815400000,0.204760,0.205050,0.204180,0.204320,25409960,1746816299999,5201120.873660,14591,10160919,2080073.609950,0
1746816300000,0.204330,0.204890,0.204070,0.204310,17745909,1746817199999,3628266.906520,11779,9238351,1888627.440130,0
1746817200000,0.204310,0.204890,0.203660,0.203700,54106984,1746818099999,11062624.267550,18342,24527138,5017437.534990,0
1746818100000,0.203690,0.204580,0.202880,0.204580,53224030,1746818999999,10834521.832700,25124,27233846,5543373.000550,0
1746819000000,0.204590,0.205270,0.204430,0.205130,36040867,1746819899999,7385450.386140,15812,22646719,4641565.012390,0
1746819900000,0.205140,0.205420,0.204560,0.205020,26124898,1746820799999,5355754.082150,19383,11342439,2325560.756520,0
1746820800000,0.205030,0.205580,0.204710,0.204990,26972568,1746821699999,5532466.623770,14091,13298552,2727715.622030,0
1746821700000,0.204990,0.205690,0.204930,0.205150,24211907,1746822599999,4970382.853760,11972,12689237,2604793.822960,0
1746822600000,0.205150,0.205210,0.204360,0.204830,18516118,1746823499999,3789988.270520,10838,7839877,1604739.364620,0
1746823500000,0.204820,0.206030,0.204290,0.205910,27993105,1746824399999,5750216.363280,13123,14572561,2994027.886030,0
1746824400000,0.205900,0.206020,0.205220,0.205590,22121956,1746825299999,4548890.947490,11784,8896542,1829216.990160,0
1746825300000,0.205600,0.205800,0.204370,0.204990,25409788,1746826199999,5206835.699730,12635,12475573,2556174.162830,0
1746826200000,0.204990,0.205800,0.204400,0.204410,16721875,1746827099999,3429222.849100,10791,7069146,1450360.048870,0
1746827100000,0.204410,0.204940,0.204150,0.204930,17589009,1746827999999,3597612.330010,8591,10398954,2127402.294070,0
1746828000000,0.204930,0.205420,0.204440,0.204790,21473716,1746828899999,4398806.011320,13888,12747801,2611031.903970,0
1746828900000,0.204790,0.205150,0.204210,0.205140,25166783,1746829799999,5147433.018060,11070,12370150,2530564.090870,0
1746829800000,0.205150,0.205350,0.204700,0.204920,15267484,1746830699999,3130196.360900,8957,6740361,1381969.165920,0
1746830700000,0.204920,0.205300,0.204050,0.204170,19195672,1746831599999,3926784.410970,10221,9459253,1935525.019020,0
1746831600000,0.204180,0.204450,0.203650,0.204430,23722879,1746832499999,4841304.303510,16714,11595711,2366452.313550,0
1746832500000,0.204420,0.205210,0.204230,0.204940,25803745,1746833399999,5286056.494070,11802,15406263,3155856.417040,0
1746833400000,0.204940,0.205420,0.204400,0.204520,24750692,1746834299999,5072428.924190,15822,10052726,2060794.663700,0
1746834300000,0.204530,0.205330,0.204480,0.205210,20626418,1746835199999,4229402.286280,9124,11655202,2389884.835110,0
1746835200000,0.205210,0.207310,0.205010,0.206760,94704832,1746836099999,19552096.183690,34818,46148243,9529477.632560,0
1746836100000,0.206760,0.208990,0.206700,0.207340,131338710,1746836999999,27326071.555590,43267,63734532,13261753.268600,0
1746837000000,0.207340,0.207380,0.205560,0.205890,79644579,1746837899999,16428435.114640,33457,37600738,7757022.767560,0
1746837900000,0.205890,0.205900,0.203280,0.203580,118274745,1746838799999,24160801.940710,45443,49049419,10020011.367400,0
1746838800000,0.203590,0.204710,0.203470,0.204280,52271850,1746839699999,10668527.361300,23124,25728028,5250590.604280,0
1746839700000,0.204270,0.206020,0.204220,0.205980,34557611,1746840599999,7099014.533760,18612,19362628,3977060.208280,0
1746840600000,0.205970,0.206870,0.205570,0.205910,38909968,1746841499999,8026031.798460,22900,18636909,3845511.189020,0
1746841500000,0.205900,0.206470,0.204330,0.205100,52337388,1746842399999,10737104.906290,23960,28594622,5864603.242420,0
1746842400000,0.205100,0.206370,0.204720,0.206260,40083991,1746843299999,8243365.550070,18448,20332342,4182184.435930,0
1746843300000,0.206260,0.206600,0.205110,0.206160,30040434,1746844199999,6186487.782790,23444,12706230,2616847.873670,0
1746844200000,0.206160,0.209760,0.205800,0.208050,180065319,1746845099999,37510606.209770,56829,99199708,20651658.509580,0
1746845100000,0.208060,0.208360,0.207170,0.208300,62331552,1746845999999,12946544.829820,21855,29035817,6031518.221660,0
1746846000000,0.208300,0.208440,0.207030,0.207440,54717274,1746846899999,11367022.087380,22909,23595513,4901129.555150,0
1746846900000,0.207450,0.209150,0.207320,0.208910,63652955,1746847799999,13256819.504200,24846,37714813,7855202.941790,0
1746847800000,0.208910,0.209070,0.207260,0.208110,56557471,1746848699999,11772349.090620,22400,22519733,4688871.937500,0
1746848700000,0.208120,0.210780,0.208120,0.209750,140098616,1746849599999,29394012.147090,42344,75803094,15909612.965190,0
1746849600000,0.209740,0.210000,0.208620,0.209550,51138701,1746850499999,10701544.487060,25753,22411448,4689758.208540,0
1746850500000,0.209550,0.210800,0.208850,0.209240,78777830,1746851399999,16541282.304220,39087,40363142,8477503.764410,0
1746851400000,0.209240,0.209520,0.208090,0.208460,61443671,1746852299999,12823410.297090,28090,19761040,4125584.094050,0
1746852300000,0.208470,0.209090,0.208170,0.208770,22919501,1746853199999,4784671.594600,14049,12176144,2541952.245240,0
1746853200000,0.208780,0.209130,0.208270,0.208590,25435340,1746854099999,5306851.564370,13068,12914504,2694733.320360,0
1746854100000,0.208600,0.209460,0.208530,0.209280,30590353,1746854999999,6393816.970580,16039,15487384,3237650.469620,0
1746855000000,0.209280,0.210580,0.209110,0.210400,44228130,1746855899999,9285694.482750,21228,25158665,5282984.826250,0
1746855900000,0.210390,0.216400,0.209900,0.215340,231908526,1746856799999,49548402.806100,93835,141157701,30164215.815610,0
1746856800000,0.215340,0.220970,0.215190,0.219250,466477073,1746857699999,102195315.871830,172273,240791241,52746152.890840,0
1746857700000,0.219250,0.221030,0.218170,0.219040,179737186,1746858599999,39482216.957890,62229,79293863,17423352.236660,0
1746858600000,0.219040,0.222450,0.218880,0.220900,210775066,1746859499999,46539958.696210,79875,122540116,27054484.358170,0
1746859500000,0.220900,0.226330,0.220460,0.226060,282884706,1746860399999,63227112.615520,110626,153601986,34341043.790900,0
1746860400000,0.226070,0.226260,0.222600,0.223100,225832973,1746861299999,50602115.791570,91681,105060168,23539890.196240,0
1746861300000,0.223100,0.224680,0.221780,0.222040,122765054,1746862199999,27387879.626870,57829,55640304,12413007.602820,0
1746862200000,0.222040,0.223680,0.221440,0.222810,117511862,1746863099999,26158370.507860,42498,59027049,13140998.698770,0
1746863100000,0.222820,0.225190,0.222520,0.224130,116751924,1746863999999,26192546.086950,49917,53904318,12093458.568240,0
1746864000000,0.224140,0.226470,0.223640,0.225240,173069209,1746864899999,38989168.671790,65217,85940042,19368641.140650,0
1746864900000,0.225250,0.226650,0.224340,0.226490,106537464,1746865799999,24025402.384470,44864,54413007,12271055.865770,0
1746865800000,0.226480,0.226730,0.224550,0.224870,80447711,1746866699999,18131900.933630,39158,36731417,8280485.949780,0
1746866700000,0.224870,0.225720,0.222340,0.223350,151324205,1746867599999,33804787.557460,65392,69289156,15479349.901130,0
1746867600000,0.223360,0.223730,0.221350,0.222800,165355459,1746868499999,36750970.947870,61862,75837626,16860229.719090,0
1746868500000,0.222800,0.224170,0.222440,0.224080,74382417,1746869399999,16615547.237240,29528,39420263,8808246.916120,0
1746869400000,0.224080,0.229980,0.224070,0.228040,302579119,1746870299999,68960180.679120,118625,149628279,34108409.311430,0
1746870300000,0.228050,0.230690,0.227950,0.229390,161872717,1746871199999,37167004.164420,58360,92771098,21298807.193260,0
1746871200000,0.229390,0.230810,0.227570,0.228170,217877560,1746872099999,49868009.411890,68155,95715528,21915580.703620,0
1746872100000,0.228170,0.228770,0.226830,0.226990,96245492,1746872999999,21899134.168540,40448,38799929,8830313.316640,0
1746873000000,0.226980,0.228100,0.226670,0.227460,106797161,1746873899999,24284056.672760,38262,57797635,13144297.599440,0
1746873900000,0.227460,0.228520,0.225550,0.225810,161806733,1746874799999,36741178.301600,54783,69011918,15675479.734870,0
1746874800000,0.225810,0.227800,0.225160,0.227450,118135936,1746875699999,26722979.979740,46428,56328173,12744738.082640,0
1746875700000,0.227440,0.227550,0.224430,0.224640,123486909,1746876599999,27876394.636330,38428,36218925,8176840.424760,0
1746876600000,0.224630,0.225170,0.222500,0.223170,179215622,1746877499999,40120398.518590,63486,82175655,18399050.455700,0
1746877500000,0.223170,0.224210,0.222330,0.222460,74944966,1746878399999,16729739.167900,32823,37039180,8268924.841360,0
1746878400000,0.222470,0.225180,0.222470,0.224640,111153938,1746879299999,24912001.840020,38005,64994834,14562337.047750,0
1746879300000,0.224630,0.225800,0.223880,0.225370,71868246,1746880199999,16161535.933740,31083,38656283,8695113.954940,0
1746880200000,0.225370,0.225660,0.224150,0.224190,62577182,1746881099999,14078615.723530,25106,31001953,6975331.615700,0
1746881100000,0.224190,0.225860,0.224000,0.225490,55152946,1746881999999,12416043.490070,25130,33852584,7620311.406230,0
1746882000000,0.225500,0.226330,0.225460,0.225660,58842592,1746882899999,13294696.011510,23504,27101835,6123848.210150,0
1746882900000,0.225660,0.226100,0.224750,0.225910,47906742,1746883799999,10796309.310060,20421,25358950,5715996.231190,0
1746883800000,0.225910,0.227330,0.225570,0.227070,78296159,1746884699999,17741638.682560,32734,43561096,9871179.542750,0
1746884700000,0.227070,0.227790,0.226720,0.227000,63463544,1746885599999,14421185.086660,29855,28706132,6523920.976990,0
1746885600000,0.227010,0.227760,0.225550,0.226370,68388852,1746886499999,15487173.366440,31914,26291327,5952785.967030,0
1746886500000,0.226380,0.227000,0.224640,0.226210,76126727,1746887399999,17194444.619240,41366,37491980,8474553.090960,0
1746887400000,0.226210,0.227400,0.226210,0.226910,46266260,1746888299999,10492634.983200,22154,26284071,5960926.941330,0
1746888300000,0.226900,0.229140,0.226380,0.227710,125271370,1746889199999,28548450.759980,46986,59064020,13463880.360200,0
1746889200000,0.227700,0.228280,0.226510,0.228230,83667362,1746890099999,19048699.773710,41456,39344301,8960584.302230,0
1746890100000,0.228210,0.228450,0.226150,0.227960,71462740,1746890999999,16245732.220180,33271,33798849,7687208.554440,0
1746891000000,0.227960,0.228990,0.225580,0.226500,153781936,1746891899999,34939892.484740,49931,79523347,18081638.638190,0
1746891900000,0.226500,0.227610,0.225770,0.226920,87474048,1746892799999,19824349.525650,32423,40699308,9227529.873680,0
1746892800000,0.226920,0.228500,0.226310,0.228230,85621457,1746893699999,19475229.639840,36388,44880651,10210633.196270,0
1746893700000,0.228220,0.229720,0.227570,0.228450,75768445,1746894599999,17308443.296920,38963,35199397,8042467.257710,0
1746894600000,0.228440,0.231740,0.228130,0.228770,161225055,1746895499999,37072410.661620,64209,84272160,19395429.415300,0
1746895500000,0.228780,0.232430,0.228570,0.231450,185214697,1746896399999,42744567.191000,72231,101623001,23452516.833120,0
1746896400000,0.231450,0.235100,0.231240,0.234970,311370096,1746897299999,72827240.321320,106032,159696039,37358027.974110,0
1746897300000,0.234960,0.237510,0.233590,0.237100,280368069,1746898199999,66139336.387720,102459,144953520,34211027.927970,0
1746898200000,0.237100,0.239410,0.236160,0.236750,278130703,1746899099999,66088496.995290,109045,129372776,30761320.713370,0
1746899100000,0.236740,0.237880,0.232020,0.232570,302587466,1746899999999,70926659.383510,112250,123757441,29014703.064310,0
1746900000000,0.232570,0.234060,0.231270,0.233470,136133051,1746900899999,31661473.741290,55165,79724805,18549348.534670,0
1746900900000,0.233470,0.234530,0.232010,0.232930,61061963,1746901799999,14243563.131450,37378,28617591,6675871.461480,0
1746901800000,0.232920,0.233480,0.231850,0.232930,65183985,1746902699999,15160882.317430,33832,40228956,9355235.947290,0
1746902700000,0.232920,0.235080,0.232250,0.234610,64351533,1746903599999,15048498.957870,35706,38842014,9084417.268440,0
1746903600000,0.234600,0.234780,0.231640,0.231940,76379377,1746904499999,17823061.825820,38988,27327266,6374735.866430,0
1746904500000,0.231940,0.233900,0.231200,0.233730,57046435,1746905399999,13265412.798250,26577,28079630,6533809.386890,0
1746905400000,0.233720,0.236040,0.233310,0.235880,86148501,1746906299999,20248350.516120,36425,43752910,10280628.220670,0
1746906300000,0.235870,0.235970,0.234860,0.235210,52366658,1746907199999,12330172.048540,20290,15599008,3674259.045790,0
1746907200000,0.235210,0.235410,0.231960,0.233980,80520657,1746908099999,18803910.326530,37984,34666793,8096882.677810,0
1746908100000,0.233990,0.234810,0.233320,0.234400,40480753,1746908999999,9473815.055040,25031,23191775,5429036.552500,0
1746909000000,0.234400,0.236810,0.234390,0.236810,51010682,1746909899999,12025000.017460,25712,26748606,6305373.367160,0
1746909900000,0.236800,0.237500,0.236040,0.236310,68846478,1746910799999,16311409.723240,34713,27537573,6525128.928450,0
1746910800000,0.236300,0.237610,0.235830,0.237320,57402358,1746911699999,13591512.180180,30592,29664487,7025459.486510,0
1746911700000,0.237310,0.238320,0.236180,0.238300,39859681,1746912599999,9451900.519040,22608,20599272,4886512.906920,0
1746912600000,0.238300,0.238870,0.237380,0.238850,41031986,1746913499999,9768973.468860,25618,22681477,5400130.290730,0
1746913500000,0.238840,0.240960,0.237990,0.240220,125669207,1746914399999,30103835.749020,56446,70282513,16841647.406400,0
1746914400000,0.240210,0.241980,0.238180,0.238930,191780055,1746915299999,46044293.857430,77406,97176850,23347821.176460,0
1746915300000,0.238930,0.240510,0.238120,0.240240,104536443,1746916199999,25018131.612810,40061,51505585,12329920.279060,0
1746916200000,0.240240,0.244280,0.239820,0.244060,173144203,1746917099999,42001750.601180,82982,88034611,21354282.646230,0
1746917100000,0.244060,0.246040,0.243120,0.245680,218427042,1746917999999,53386993.626330,71593,107249942,26234527.272850,0
1746918000000,0.245670,0.249480,0.245600,0.247450,280117929,1746918899999,69384062.017160,120090,132276292,32760346.264810,0
1746918900000,0.247440,0.249930,0.246210,0.246860,251898823,1746919799999,62411702.437690,102903,122439338,30344018.948880,0
1746919800000,0.246860,0.249900,0.245410,0.247870,223651538,1746920699999,55406020.058250,78928,119113568,29520872.683140,0
1746920700000,0.247870,0.251200,0.246820,0.250570,181502837,1746921599999,45153812.320040,62762,105207736,26192869.154770,0
1746921600000,0.250580,0.259730,0.248470,0.257190,680544136,1746922499999,174178029.570420,233076,350548781,89738395.940080,0
1746922500000,0.257180,0.257420,0.244090,0.244600,577028254,1746923399999,144602375.442430,209660,238280003,59710577.758170,0
1746923400000,0.244600,0.248440,0.244520,0.247700,303219400,1746924299999,74884259.934230,125297,163605444,40414278.578660,0
1746924300000,0.247720,0.251930,0.247620,0.249670,210993499,1746925199999,52740475.176080,89700,114307285,28567784.776470,0
1746925200000,0.249670,0.250270,0.246310,0.248520,174696663,1746926099999,43284019.574310,84070,74646717,18507011.924760,0
1746926100000,0.248510,0.248780,0.242370,0.244410,343775957,1746926999999,84131561.773170,121769,134893988,32996705.176170,0
1746927000000,0.244410,0.245420,0.242660,0.244560,170456028,1746927899999,41632709.242630,70979,92647538,22626859.137160,0
1746927900000,0.244550,0.244940,0.239170,0.240690,312242650,1746928799999,75293075.340400,114359,126562440,30530790.286900,0
1746928800000,0.240690,0.242200,0.239950,0.241100,155226952,1746929699999,37423574.877190,72387,86779976,20923693.256410,0
1746929700000,0.241110,0.242610,0.241070,0.242390,106362791,1746930599999,25744392.918890,40490,64387007,15582653.309070,0
1746930600000,0.242390,0.243790,0.241070,0.241230,99995557,1746931499999,24275966.967580,50848,51897277,12602620.782500,0
1746931500000,0.241230,0.241660,0.235440,0.238190,364029850,1746932399999,86494875.677630,123650,163115159,38742232.806620,0
1746932400000,0.238190,0.239220,0.236590,0.238970,118873900,1746933299999,28278327.057590,48927,63022407,14997998.049180,0
1746933300000,0.238970,0.240060,0.238290,0.240050,64560408,1746934199999,15447930.446160,33935,32995868,7898280.524760,0
1746934200000,0.240050,0.240750,0.237940,0.240500,89432662,1746935099999,21406104.131190,33341,48752460,11674063.115600,0
1746935100000,0.240500,0.241230,0.239270,0.239530,79249042,1746935999999,19046931.357580,31256,34502892,8293817.409140,0
1746936000000,0.239530,0.241460,0.238940,0.240970,75303341,1746936899999,18100513.963860,35099,39788008,9563540.945080,0
1746936900000,0.240970,0.241900,0.240800,0.241530,64087250,1746937799999,15470407.037680,35584,39552973,9547692.924880,0
1746937800000,0.241520,0.241730,0.239600,0.240970,91266778,1746938699999,21944436.603580,32233,50439318,12127968.110800,0
1746938700000,0.240980,0.241600,0.240520,0.241470,30796139,1746939599999,7420965.431480,19540,14336004,3455103.377710,0
1746939600000,0.241480,0.242520,0.240130,0.242290,111205994,1746940499999,26846716.799790,41212,60265784,14547679.934860,0
1746940500000,0.242280,0.242280,0.240020,0.240620,85278065,1746941399999,20539416.079950,31405,39963185,9625666.901300,0
1746941400000,0.240610,0.241380,0.240010,0.241230,42346982,1746942299999,10201703.999750,25078,23266783,5606241.703630,0
1746942300000,0.241220,0.241590,0.238610,0.238660,69664192,1746943199999,16695576.106560,35610,26932573,6456462.609320,0
1746943200000,0.238660,0.238900,0.236270,0.236940,141361207,1746944099999,33566764.809850,56026,63243749,15017295.194180,0
1746944100000,0.236950,0.238470,0.236780,0.238030,68615303,1746944999999,16320054.138520,27257,34699216,8252176.457700,0
1746945000000,0.238030,0.238070,0.233380,0.234600,228299161,1746945899999,53639907.153810,71112,88606935,20816676.195640,0
1746945900000,0.234600,0.235150,0.232390,0.234340,179632291,1746946799999,41989443.764470,59211,81542799,19067283.634760,0
1746946800000,0.234330,0.234520,0.230800,0.233120,241487605,1746947699999,56090123.507500,86060,112683519,26181696.825730,0
1746947700000,0.233130,0.233480,0.231250,0.232200,128544475,1746948599999,29853960.892910,58045,66370605,15416683.869130,0
1746948600000,0.232180,0.233610,0.227610,0.227700,321265835,1746949499999,73888004.395780,97264,123741843,28499516.417130,0
1746949500000,0.227640,0.230890,0.227500,0.230240,212874119,1746950399999,48862997.954370,70137,114575541,26303948.324500,0
1746950400000,0.230240,0.232540,0.230170,0.232110,152068226,1746951299999,35192037.678110,56050,87013543,20139236.730250,0
1746951300000,0.232110,0.233300,0.231280,0.231330,127466121,1746952199999,29632830.150760,41998,66841069,15543833.036440,0
1746952200000,0.231330,0.231690,0.229200,0.231240,157880380,1746953099999,36395680.520290,55775,80552297,18576205.677340,0
1746953100000,0.231250,0.231520,0.229440,0.229670,64112751,1746953999999,14757077.409930,28019,27246748,6271499.171750,0
1746954000000,0.229670,0.232980,0.229640,0.232950,135152665,1746954899999,31326631.119150,45262,82717047,19174480.600510,0
1746954900000,0.232950,0.234390,0.232060,0.234070,177860278,1746955799999,41522036.792550,51677,100588100,23484517.630020,0
1746955800000,0.234060,0.234110,0.232860,0.233350,68961066,1746956699999,16090556.559540,34318,27122018,6328507.397840,0
1746956700000,0.233350,0.234740,0.233220,0.233650,80708905,1746957599999,18894230.038580,27228,46188021,10812509.012860,0
1746957600000,0.233640,0.234330,0.233030,0.233240,51222718,1746958499999,11970515.236730,21663,23692779,5539111.588830,0
1746958500000,0.233240,0.234700,0.232000,0.234430,150839124,1746959399999,35203708.580510,42241,69342480,16198333.485300,0
1746959400000,0.234430,0.234670,0.232910,0.232950,102809660,1746960299999,24033092.416860,34650,37803102,8835658.570820,0
1746960300000,0.232960,0.234200,0.232920,0.233720,44398084,1746961199999,10370116.116390,20025,27750432,6482032.789260,0
1746961200000,0.233720,0.234600,0.232790,0.233380,80141712,1746962099999,18729962.770520,29873,29940596,6999919.574510,0
1746962100000,0.233380,0.233780,0.232290,0.233470,66007224,1746962999999,15393250.860720,22021,23855622,5562564.532230,0
1746963000000,0.233480,0.234200,0.232760,0.234020,28783674,1746963899999,6716327.832700,16188,16555176,3863625.248070,0
1746963900000,0.234030,0.234260,0.233090,0.234080,31485967,1746964799999,7358582.041130,17583,18322272,4281606.165070,0
1746964800000,0.234090,0.235800,0.233560,0.235640,117835664,1746965699999,27676684.631640,39531,58323279,13704976.513770,0
1746965700000,0.235630,0.235630,0.232750,0.233220,112966689,1746966599999,26432100.846150,34997,39024188,9131436.969160,0
1746966600000,0.233230,0.234810,0.232340,0.233850,77726511,1746967499999,18156016.280530,33966,40775173,9528748.153360,0
1746967500000,0.233850,0.234440,0.232990,0.234280,64622789,1746968399999,15109703.627210,29272,37346534,8733297.738740,0
1746968400000,0.234290,0.236240,0.234020,0.235080,136195754,1746969299999,32026948.754500,44286,66657874,15674202.365380,0
1746969300000,0.235070,0.235090,0.232150,0.232300,135204597,1746970199999,31533316.898240,46196,59870256,13960896.022120,0
1746970200000,0.232310,0.232680,0.229940,0.230810,231770116,1746971099999,53619194.372410,69306,104938671,24283870.644610,0
1746971100000,0.230800,0.231660,0.228020,0.228280,200077140,1746971999999,45974134.409800,71185,88268837,20287552.081570,0
1746972000000,0.228290,0.230510,0.228290,0.229880,116070649,1746972899999,26635366.082120,59154,62576317,14360560.800320,0
1746972900000,0.229870,0.230530,0.228430,0.229170,95513567,1746973799999,21912448.314150,42578,44395161,10188972.262410,0
1746973800000,0.229170,0.231300,0.228750,0.230830,86772768,1746974699999,19996963.674930,32884,48961385,11285866.902830,0
1746974700000,0.230830,0.231830,0.230450,0.231240,65999251,1746975599999,15251779.498400,27221,33079688,7645744.589380,0
1746975600000,0.231250,0.233340,0.230970,0.233030,162631997,1746976499999,37772548.555580,48885,77954083,18106455.338520,0
1746976500000,0.233030,0.233720,0.231120,0.231510,89026827,1746977399999,20686993.123800,32964,39767224,9244913.713170,0
1746977400000,0.231510,0.232270,0.230500,0.230550,54886448,1746978299999,12695588.950370,33043,23522858,5443128.638370,0
1746978300000,0.230550,0.231150,0.225060,0.226850,364648968,1746979199999,82988869.697530,95905,147098668,33474849.095790,0
1746979200000,0.226860,0.228030,0.222040,0.224760,449973828,1746980099999,101030547.889400,128886,225274437,50603966.776070,0
1746980100000,0.224760,0.227390,0.223120,0.227230,191652051,1746980999999,43193463.801950,70644,98063600,22119155.744750,0
1746981000000,0.227230,0.228330,0.225700,0.226360,127631797,1746981899999,28966214.763130,46068,63122819,14336345.074270,0
1746981900000,0.226350,0.226350,0.224320,0.226010,86290795,1746982799999,19441007.917590,41217,39588620,8919922.586320,0
1746982800000,0.226010,0.227470,0.225550,0.227390,75262706,1746983699999,17043138.653380,34843,41917190,9493070.726050,0
1746983700000,0.227400,0.228830,0.226700,0.228150,100393037,1746984599999,22889498.363310,41791,49039119,11181605.629400,0
1746984600000,0.228150,0.229940,0.227990,0.229800,93250263,1746985499999,21366783.866720,38984,47234038,10824706.514910,0
1746985500000,0.229800,0.231710,0.229130,0.230970,96561088,1746986399999,22274210.201300,46873,55782093,12870670.468640,0
1746986400000,0.230970,0.231530,0.229680,0.230450,82028669,1746987299999,18910534.240030,32694,36089491,8320815.846570,0
1746987300000,0.230460,0.231230,0.229510,0.229560,46710169,1746988199999,10766475.477110,24184,17666109,4074233.607870,0
1746988200000,0.229560,0.232830,0.228500,0.231790,166754106,1746989099999,38545730.984690,56384,86267392,19959527.511010,0
1746989100000,0.231780,0.233280,0.231320,0.231440,136963689,1746989999999,31837649.686480,37488,71543157,16634222.404670,0
1746990000000,0.231440,0.231930,0.230880,0.231640,48567162,1746990899999,11243225.657210,26478,21910236,5073524.746430,0
1746990900000,0.231640,0.232230,0.231150,0.232140,36114786,1746991799999,8369505.656770,19193,15900242,3686023.407270,0
1746991800000,0.232130,0.233010,0.231380,0.231490,48288375,1746992699999,11215430.272790,21788,23628468,5491389.749890,0
1746992700000,0.231500,0.232130,0.230700,0.230960,37353549,1746993599999,8636879.800650,18136,12326729,2850717.807780,0
1746993600000,0.230970,0.231490,0.229550,0.231440,56965181,1746994499999,13126584.505970,32592,28102917,6478654.122840,0
1746994500000,0.231440,0.231650,0.230700,0.230780,17320915,1746995399999,4003660.731940,14745,7315000,1691040.251820,0
1746995400000,0.230780,0.231710,0.230290,0.230450,21543861,1746996299999,4973611.858090,17229,12071970,2787066.392160,0
1746996300000,0.230450,0.230900,0.229590,0.230560,24634667,1746997199999,5672451.238200,15839,11322476,2607987.707070,0
1746997200000,0.230560,0.230670,0.229030,0.229420,33608181,1746998099999,7716974.244150,19274,12536975,2878875.460710,0
1746998100000,0.229410,0.231250,0.229290,0.231190,24084062,1746998999999,5552227.022460,16180,13954113,3216754.391450,0
1746999000000,0.231200,0.232170,0.230860,0.231220,24500727,1746999899999,5672648.168180,19388,12892474,2985925.630620,0
1746999900000,0.231230,0.233000,0.230990,0.232940,36036521,1747000799999,8372014.744320,18268,22821099,5303134.851400,0
1747000800000,0.232950,0.234510,0.230870,0.232110,111514395,1747001699999,25923853.754170,60845,58482140,13596516.145910,0
1747001700000,0.232100,0.232540,0.230550,0.230970,47047452,1747002599999,10886911.628560,26403,19450283,4502010.061870,0
1747002600000,0.230960,0.231690,0.229300,0.229360,62608944,1747003499999,14417220.407200,37477,25587799,5893920.160010,0
1747003500000,0.229360,0.231330,0.229320,0.231310,33551804,1747004399999,7729486.787750,16138,22274336,5132389.561900,0
1747004400000,0.231310,0.232960,0.231140,0.232120,25294626,1747005299999,5871837.318900,24496,13693110,3178734.963340,0
1747005300000,0.232130,0.233270,0.231870,0.232180,24658835,1747006199999,5732597.072430,18215,9876380,2296560.485290,0
1747006200000,0.232190,0.232360,0.230390,0.231600,37477650,1747007099999,8666224.798820,20045,15280623,3532490.449900,0
1747007100000,0.231600,0.231880,0.230640,0.231720,20035535,1747007999999,4635574.041920,15094,9904688,2292108.458830,0
1747008000000,0.231730,0.233800,0.231260,0.233630,95564161,1747008899999,22234035.177660,43526,48228570,11224058.553050,0
1747008900000,0.233620,0.234520,0.232210,0.234030,86966116,1747009799999,20305934.358530,45260,42355265,9891212.027000,0
1747009800000,0.234040,0.237410,0.233960,0.234770,208910433,1747010699999,49332293.262090,81668,112776969,26630652.786730,0
1747010700000,0.234770,0.237080,0.233930,0.236530,103393507,1747011599999,24364255.813840,45596,53207229,12546307.920870,0
1747011600000,0.236530,0.241230,0.235580,0.238430,260669686,1747012499999,62227807.548470,110844,137086005,32730896.565050,0
1747012500000,0.238420,0.239630,0.234150,0.235160,180645107,1747013399999,42745615.551450,75659,76301664,18054247.413860,0
1747013400000,0.235160,0.235340,0.229980,0.233710,246501030,1747014299999,57303868.792820,94966,108629867,25256836.222540,0
1747014300000,0.233700,0.236250,0.233500,0.234800,118474180,1747015199999,27819300.755130,51892,66441097,15603195.057810,0
1747015200000,0.234810,0.236320,0.233970,0.234590,89227182,1747016099999,20994131.569520,49421,37383371,8800658.130050,0
1747016100000,0.234600,0.236720,0.233700,0.234740,79773670,1747016999999,18769507.286710,45142,33518185,7890624.642180,0
1747017000000,0.234740,0.236890,0.234740,0.235910,61556002,1747017899999,14524710.408240,40506,29515269,6964459.076250,0
1747017900000,0.235910,0.237740,0.234420,0.236490,86869667,1747018799999,20515197.615220,61152,41054934,9701095.509530,0
1747018800000,0.236470,0.236500,0.233640,0.235770,72953990,1747019699999,17143579.194170,42194,34898504,8207083.913610,0
1747019700000,0.235760,0.238380,0.234580,0.237060,99137163,1747020599999,23492920.439700,47355,53844668,12766148.520360,0
1747020600000,0.237070,0.237990,0.236140,0.236700,68899532,1747021499999,16325903.231830,36638,30302095,7183886.720010,0
1747021500000,0.236690,0.238470,0.236280,0.238270,50173903,1747022399999,11924190.852090,31288,25088168,5962736.907800,0
1747022400000,0.238250,0.241880,0.237510,0.241620,146531441,1747023299999,35128675.232590,68354,81631418,19578430.472350,0
1747023300000,0.241610,0.243000,0.238630,0.239260,188700589,1747024199999,45476697.720000,89556,86371048,20824801.246010,0
1747024200000,0.239280,0.242200,0.238570,0.242180,94718985,1747025099999,22812675.116630,52429,48345739,11643745.675940,0
1747025100000,0.242170,0.244700,0.241960,0.243060,207238210,1747025999999,50475895.591620,87613,105980351,25815231.590930,0
1747026000000,0.243060,0.243820,0.240540,0.241690,115742712,1747026899999,28030069.219240,52920,49077510,11885983.770380,0
1747026900000,0.241690,0.242340,0.238080,0.238980,164379229,1747027799999,39448944.758390,68332,77947615,18720526.485400,0
1747027800000,0.238980,0.239670,0.236030,0.239600,207533965,1747028699999,49393209.388910,75549,109420323,26060294.857590,0
1747028700000,0.239590,0.240130,0.237890,0.237980,75793745,1747029599999,18106149.105080,41859,32037231,7656965.210930,0
1747029600000,0.237980,0.239550,0.236860,0.238830,65533645,1747030499999,15632463.453230,43370,38369418,9154888.847500,0
1747030500000,0.238830,0.240270,0.237130,0.239810,61572688,1747031399999,14720535.692840,41628,30083143,7192098.331100,0
1747031400000,0.239820,0.241210,0.239780,0.240550,67018719,1747032299999,16119890.780850,33999,32519903,7821665.946450,0
1747032300000,0.240540,0.241240,0.240300,0.240670,40662076,1747033199999,9793584.965320,23452,20946752,5045677.106570,0
1747033200000,0.240670,0.248730,0.240670,0.248550,506908767,1747034099999,124105407.707520,195843,257203457,62975308.324180,0
1747034100000,0.248550,0.250990,0.245680,0.249880,370326677,1747034999999,92051154.722370,164179,179683905,44681186.061710,0
1747035000000,0.249880,0.253410,0.245560,0.247120,452835032,1747035899999,112978927.849910,195497,197332540,49262738.659390,0
1747035900000,0.247120,0.247270,0.241960,0.243970,297350355,1747036799999,72618074.135820,120486,132435246,32365429.808690,0
1747036800000,0.243970,0.244110,0.240350,0.242310,251852283,1747037699999,60995509.695150,105898,135001683,32710701.187560,0
1747037700000,0.242300,0.244430,0.241030,0.241860,140977942,1747038599999,34205019.622010,69373,67076983,16284058.200780,0
1747038600000,0.241860,0.244770,0.241260,0.244600,139576684,1747039499999,33910064.216990,60712,79160783,19244886.539000,0
1747039500000,0.244590,0.248920,0.244140,0.247340,237661535,1747040399999,58558713.693450,84419,144800500,35680231.920550,0
1747040400000,0.247330,0.249700,0.245920,0.249500,257334175,1747041299999,63826269.797240,86919,117284517,29097706.997820,0
1747041300000,0.249500,0.252100,0.248610,0.250040,279653607,1747042199999,69920724.431030,104058,114472502,28639113.929570,0
1747042200000,0.250050,0.250950,0.248010,0.249390,137347047,1747043099999,34207762.411250,55696,59841898,14903641.418770,0
1747043100000,0.249380,0.249790,0.247350,0.247630,81608173,1747043999999,20241858.341290,40651,31869823,7906308.919280,0
1747044000000,0.247630,0.249980,0.246920,0.249490,157159488,1747044899999,39068322.078140,77898,77244896,19210969.362810,0
1747044900000,0.249480,0.250710,0.248080,0.248870,107032143,1747045799999,26684494.391460,52429,53416769,13320023.922850,0
1747045800000,0.248860,0.249960,0.247640,0.247750,89084403,1747046699999,22172109.686430,43610,38627744,9612712.276770,0
1747046700000,0.247750,0.249220,0.247360,0.248770,57769157,1747047599999,14342972.820130,30204,29102148,7227503.689120,0
1747047600000,0.248770,0.249880,0.248160,0.248470,74245628,1747048499999,18484497.812280,37900,36068579,8979445.671030,0
1747048500000,0.248480,0.248710,0.245290,0.245900,138501240,1747049399999,34149297.339810,57635,62418425,15391250.918420,0
1747049400000,0.245920,0.246680,0.244240,0.244350,134332288,1747050299999,32968087.739120,53478,58648699,14399432.870640,0
1747050300000,0.244350,0.245160,0.241450,0.242200,227951739,1747051199999,55436795.030050,89475,112699580,27426613.964600,0
1747051200000,0.242190,0.244000,0.241110,0.243500,173382510,1747052099999,42094790.315600,78380,90012967,21860352.037910,0
1747052100000,0.243510,0.244020,0.241280,0.241890,91671608,1747052999999,22267851.391960,50407,39857737,9685042.033280,0
1747053000000,0.241910,0.246010,0.240030,0.245520,235783276,1747053899999,57294670.798420,87760,120150343,29222582.434610,0
1747053900000,0.245510,0.245660,0.244140,0.244330,75641763,1747054799999,18529360.393000,38973,36867618,9031473.146880,0
1747054800000,0.244330,0.245400,0.242140,0.245360,124750786,1747055699999,30404741.947240,50812,65942969,16076607.336930,0
1747055700000,0.245360,0.246450,0.242730,0.242770,122679409,1747056599999,29979062.674620,62065,49453488,12092358.601770,0
1747056600000,0.242770,0.244800,0.233500,0.238150,442272893,1747057499999,105608553.365820,170241,190451578,45554148.400440,0
1747057500000,0.238160,0.242060,0.237450,0.239880,232724523,1747058399999,55809647.971570,107256,128617783,30846061.217920,0
1747058400000,0.239880,0.241500,0.238430,0.239320,144083974,1747059299999,34585502.961170,90493,60460939,14515379.402410,0
1747059300000,0.239310,0.240660,0.232410,0.234570,336033837,1747060199999,79407982.986340,120224,138231526,32663492.990330,0
1747060200000,0.234570,0.238770,0.232350,0.238330,284043695,1747061099999,67027462.829470,116767,166013153,39201227.358030,0
1747061100000,0.238320,0.238360,0.233990,0.234330,172051880,1747061999999,40574007.307490,72977,69990012,16510905.610910,0
1747062000000,0.234330,0.235480,0.230120,0.234110,359641105,1747062899999,83660305.754670,131724,173536767,40393671.469180,0
1747062900000,0.234100,0.235940,0.233070,0.234940,113460715,1747063799999,26634203.787590,57252,61128126,14352711.672240,0
1747063800000,0.234930,0.235800,0.231930,0.232350,141247243,1747064699999,32981538.433920,66106,58847517,13745620.990280,0
1747064700000,0.232350,0.233540,0.231650,0.232270,90394698,1747065599999,21012122.694270,52012,46390290,10784823.383530,0
1747065600000,0.232260,0.233640,0.230510,0.232900,206987395,1747066499999,48017932.045980,86388,98248896,22799495.839090,0
1747066500000,0.232910,0.235290,0.232810,0.234490,110312042,1747067399999,25836306.584830,55678,60431448,14153056.698360,0
1747067400000,0.234500,0.235420,0.233540,0.234850,65367938,1747068299999,15328004.177120,34446,31220716,7322486.520810,0
1747068300000,0.234840,0.236720,0.234810,0.235380,86718748,1747069199999,20447170.300350,34028,41372283,9757033.762950,0
1747069200000,0.235370,0.236700,0.235200,0.236040,57835954,1747070099999,13651557.176070,26984,25792768,6089274.778820,0
1747070100000,0.236030,0.236120,0.233020,0.234130,131403056,1747070999999,30741742.166100,36928,41621544,9736286.186440,0
1747071000000,0.234120,0.234730,0.231690,0.231740,97859242,1747071899999,22820100.377590,45365,39425392,9197585.159720,0
1747071900000,0.231740,0.232570,0.228180,0.229800,217741798,1747072799999,50007793.596530,81754,89889633,20649532.744770,0
1747072800000,0.229800,0.230540,0.226000,0.227590,316318305,1747073699999,71962020.997910,108693,170657043,38828241.701880,0
1747073700000,0.227580,0.229810,0.225060,0.225460,161984360,1747074599999,36818070.009950,74674,61622571,14030098.564410,0
1747074600000,0.225460,0.226270,0.223810,0.224370,255140181,1747075499999,57388482.081930,90856,110621924,24897087.712740,0
1747075500000,0.224360,0.225770,0.220390,0.224360,322256370,1747076399999,71852994.367780,136422,140691372,31397375.658730,0
1747076400000,0.224360,0.227700,0.223700,0.226690,227804460,1747077299999,51581980.469770,75449,134892474,30543498.357080,0
1747077300000,0.226700,0.228660,0.225550,0.225960,115230110,1747078199999,26187986.034740,42175,66587798,15141330.470870,0
1747078200000,0.225980,0.226960,0.225190,0.225570,65385413,1747079099999,14786729.258120,37697,30749517,6954814.736190,0
1747079100000,0.225580,0.227430,0.225580,0.227220,61754820,1747079999999,13998483.773390,28411,35872659,8132551.075220,0
1747080000000,0.227220,0.227600,0.225310,0.226140,47447587,1747080899999,10733774.949840,30134,22138971,5010335.200450,0
1747080900000,0.226150,0.228610,0.226090,0.228230,65705348,1747081799999,14954458.433510,26521,40777159,9280218.032710,0
1747081800000,0.228240,0.229750,0.227970,0.228930,77826050,1747082699999,17822006.712600,33631,43551423,9972608.363610,0
1747082700000,0.228930,0.229920,0.228290,0.228490,53780110,1747083599999,12316037.304370,24881,24388650,5586263.720930,0
1747083600000,0.228490,0.228690,0.227700,0.228080,40821199,1747084499999,9314005.681700,20311,17559066,4006243.578380,0
1747084500000,0.228080,0.229090,0.227810,0.228350,30591487,1747085399999,6992283.835730,15216,15965002,3649853.362860,0
1747085400000,0.228340,0.230520,0.228230,0.230190,41508828,1747086299999,9531832.357300,21070,27000460,6201938.700160,0
1747086300000,0.230200,0.230670,0.229170,0.230250,37676138,1747087199999,8666890.576870,17327,22196987,5107986.956320,0
1747087200000,0.230250,0.230620,0.229160,0.229520,49666095,1747088099999,11414497.585300,23265,27248525,6262155.219880,0
1747088100000,0.229500,0.230210,0.229340,0.229810,23940376,1747088999999,5500859.161250,16087,9870119,2268045.234500,0
1747089000000,0.229810,0.231760,0.229630,0.231130,54791499,1747089899999,12663206.121470,29896,28918447,6682280.534490,0
1747089900000,0.231120,0.232400,0.230890,0.231060,49508969,1747090799999,11468707.092790,22187,24276474,5623861.812900,0
1747090800000,0.231070,0.232700,0.230780,0.231920,65703353,1747091699999,15242961.445380,23286,31705957,7356181.866730,0
1747091700000,0.231920,0.233780,0.231850,0.233410,68595825,1747092599999,15986506.059570,29503,39784828,9272621.122050,0
1747092600000,0.233400,0.233490,0.230840,0.230980,56500140,1747093499999,13096272.146940,26659,19499412,4520398.248500,0
1747093500000,0.230970,0.231950,0.230660,0.230900,44289374,1747094399999,10240798.665050,17965,17340871,4009074.116360,0
1747094400000,0.230900,0.231070,0.228260,0.228390,127942926,1747095299999,29385429.952290,52877,51099214,11736308.414600,0
1747095300000,0.228400,0.229230,0.227160,0.227930,108057220,1747096199999,24655323.675610,44597,50547238,11535020.526870,0
1747096200000,0.227940,0.228010,0.225530,0.225660,94352901,1747097099999,21383628.005930,50367,40672518,9217980.910620,0
1747097100000,0.225660,0.226970,0.224910,0.225350,61792295,1747097999999,13970436.307450,36774,31392234,7100646.495780,0
1747098000000,0.225350,0.227110,0.223650,0.225150,132481413,1747098899999,29835037.464570,63532,63840871,14383780.086500,0
1747098900000,0.225140,0.226410,0.224590,0.224590,92244780,1747099799999,20813322.079370,46286,51778949,11686464.019280,0
1747099800000,0.224590,0.225280,0.221760,0.223090,189455810,1747100699999,42293677.689260,80563,79593668,17777687.655830,0
1747100700000,0.223080,0.224900,0.222530,0.224220,67732898,1747101599999,15171301.198860,36708,39493410,8848338.231600,0
1747101600000,0.224210,0.225210,0.220200,0.220780,211727087,1747102499999,47193485.465660,83711,88496677,19759163.286610,0
1747102500000,0.220790,0.221960,0.217730,0.221950,260350282,1747103399999,57234222.527660,111230,124916964,27488698.460550,0
1747103400000,0.221950,0.222400,0.219570,0.219770,106353359,1747104299999,23484214.296710,54779,54474255,12030642.686130,0
1747104300000,0.219770,0.221450,0.219230,0.220940,71020762,1747105199999,15658838.868320,51032,35517328,7833116.736860,0
1747105200000,0.220940,0.222560,0.219790,0.221970,93466402,1747106099999,20674772.069330,45139,46187199,10221813.656160,0
1747106100000,0.221970,0.222210,0.217170,0.218330,117919913,1747106999999,25853949.630470,50374,44758884,9820031.307050,0
1747107000000,0.218330,0.220110,0.217800,0.219850,86481817,1747107899999,18935309.970750,46545,45508013,9965027.741140,0
1747107900000,0.219850,0.219850,0.217460,0.218410,81793250,1747108799999,17871540.956200,40771,37203027,8130440.805900,0
1747108800000,0.218400,0.219530,0.217360,0.218720,85324148,1747109699999,18649379.785810,47124,44762707,9784286.681070,0
1747109700000,0.218730,0.221850,0.218240,0.221500,93068278,1747110599999,20516087.808590,45935,53169265,11722417.261820,0
1747110600000,0.221500,0.222590,0.221360,0.222250,84344076,1747111499999,18734504.845370,29845,43424642,9645396.985080,0
1747111500000,0.222250,0.223430,0.221890,0.223130,61716577,1747112399999,13740385.698130,30028,30399178,6769991.518730,0
1747112400000,0.223120,0.223720,0.222400,0.223220,54995231,1747113299999,12265529.037580,26573,27464517,6125657.534050,0
1747113300000,0.223230,0.223370,0.222220,0.222750,36878562,1747114199999,8215367.631450,18869,19556414,4356911.886490,0
1747114200000,0.222750,0.222900,0.220920,0.221440,62154424,1747115099999,13780178.655400,24945,26400652,5854168.493520,0
1747115100000,0.221450,0.222680,0.221330,0.222670,52749116,1747115999999,11715920.373750,16274,32495972,7217860.546570,0
1747116000000,0.222680,0.224480,0.222680,0.224360,63107273,1747116899999,14115088.752340,24936,38047137,8510760.517690,0
1747116900000,0.224350,0.224430,0.222620,0.222920,51986780,1747117799999,11615493.813530,19441,18992544,4245432.020670,0
1747117800000,0.222920,0.223850,0.222780,0.223850,24616087,1747118699999,5498927.826340,14188,15195952,3394687.709740,0
1747118700000,0.223840,0.224020,0.222860,0.222950,23161558,1747119599999,5171013.035800,13171,9077240,2027235.044550,0
1747119600000,0.222950,0.224310,0.222680,0.224120,37886498,1747120499999,8477290.427160,19560,19921020,4457537.855040,0
1747120500000,0.224130,0.225810,0.224090,0.224470,72686596,1747121399999,16354879.621980,37472,36131182,8130369.144130,0
1747121400000,0.224460,0.224920,0.223720,0.224080,41156877,1747122299999,9230160.865400,22666,17669791,3963668.714900,0
1747122300000,0.224080,0.224620,0.223740,0.224010,31209360,1747123199999,6997515.635950,16854,15151551,3397282.925110,0
1747123200000,0.224020,0.225370,0.223920,0.225040,57341034,1747124099999,12888004.671100,25458,27010248,6072043.987190,0
1747124100000,0.225030,0.225370,0.222870,0.223130,79886683,1747124999999,17872056.778460,32607,30506261,6824456.943750,0
1747125000000,0.223130,0.224670,0.222860,0.224010,47124232,1747125899999,10548820.738770,18917,23128405,5178182.733620,0
1747125900000,0.224010,0.224920,0.223350,0.223570,56173357,1747126799999,12577291.081380,21492,25376553,5684796.939520,0
1747126800000,0.223580,0.225250,0.223470,0.224990,60040388,1747127699999,13482999.504260,30205,34521818,7752274.966610,0
1747127700000,0.225000,0.227270,0.224820,0.226970,99311743,1747128599999,22479035.393080,35696,56758132,12846763.733180,0
1747128600000,0.226980,0.227550,0.226260,0.226400,88885547,1747129499999,20171330.595540,39828,45809219,10397292.572390,0
1747129500000,0.226400,0.227850,0.226330,0.227520,63736775,1747130399999,14491158.645310,23552,34590372,7864372.259120,0
1747130400000,0.227520,0.227890,0.226340,0.226600,68663106,1747131299999,15585449.456320,27703,32919375,7471748.977250,0
1747131300000,0.226600,0.227130,0.225580,0.226990,78243356,1747132199999,17707141.932050,24484,30073580,6806341.045120,0
1747132200000,0.226990,0.227320,0.225930,0.226900,42985394,1747133099999,9743370.223290,23029,20356171,4614202.437060,0
1747133100000,0.226900,0.227880,0.226350,0.227220,46795140,1747133999999,10637720.089700,20491,23039561,5238288.320330,0
1747134000000,0.227210,0.227700,0.226540,0.226720,44082452,1747134899999,10014343.429690,20868,19876256,4515109.228320,0
1747134900000,0.226720,0.229020,0.226690,0.228030,82695996,1747135799999,18877445.927960,28872,39110035,8926354.065410,0
1747135800000,0.228020,0.229850,0.227550,0.229170,100714105,1747136699999,23077688.867000,38964,50649619,11604041.740130,0
1747136700000,0.229170,0.229220,0.227590,0.228020,69398071,1747137599999,15845872.726720,22242,30775065,7025989.042170,0
1747137600000,0.228020,0.228090,0.225530,0.226430,118746669,1747138499999,26942584.173870,43719,52998951,12023853.727100,0
1747138500000,0.226440,0.227130,0.225600,0.226500,83979027,1747139399999,19013752.463400,27114,50662031,11473428.416290,0
1747139400000,0.226490,0.231420,0.226230,0.229690,328073668,1747140299999,75342622.215580,114096,172530780,39619152.262470,0
1747140300000,0.229690,0.230070,0.228520,0.228930,100586767,1747141199999,23058620.238080,40171,44033305,10095765.616170,0
1747141200000,0.228930,0.229770,0.226980,0.227760,123281519,1747142099999,28111076.692920,45887,51073064,11649220.201180,0
1747142100000,0.227760,0.230100,0.227660,0.229430,97126209,1747142999999,22255621.663950,41907,51279597,11749234.834930,0
1747143000000,0.229430,0.230770,0.228620,0.228830,114974361,1747143899999,26415245.138760,55395,55470408,12744110.088870,0
1747143900000,0.228810,0.229380,0.227200,0.228960,90240495,1747144799999,20612898.464230,42026,45976837,10505692.833990,0
1747144800000,0.228980,0.229600,0.225510,0.226450,186123438,1747145699999,42303427.210940,67708,82011339,18648645.783280,0
1747145700000,0.226450,0.228100,0.225010,0.227550,118422005,1747146599999,26825791.017580,54139,59799262,13553587.895020,0
1747146600000,0.227550,0.227640,0.225960,0.226230,67497040,1747147499999,15304163.749760,35110,32916018,7464220.336860,0
1747147500000,0.226230,0.227130,0.224120,0.226510,108348617,1747148399999,24418799.923240,47010,47438534,10695416.250780,0
1747148400000,0.226520,0.230000,0.226140,0.229000,106696596,1747149299999,24352599.977300,51779,66019254,15075375.895380,0
1747149300000,0.229000,0.230150,0.228140,0.229750,76691694,1747150199999,17568228.506180,31068,40833205,9356096.195300,0
1747150200000,0.229750,0.232500,0.228940,0.231790,147428677,1747151099999,34064938.709770,52536,77087560,17815346.471250,0
1747151100000,0.231780,0.233510,0.230950,0.232950,134220777,1747151999999,31157912.399940,47186,59662637,13849148.470740,0
1747152000000,0.232940,0.239650,0.232800,0.239320,356074578,1747152899999,84107159.521140,121292,195699829,46198265.489420,0
1747152900000,0.239320,0.240470,0.237700,0.239500,286737274,1747153799999,68575523.339690,117801,132103584,31593926.788200,0
1747153800000,0.239510,0.240730,0.237940,0.238020,165018559,1747154699999,39480018.488910,71430,72695747,17393778.397710,0
1747154700000,0.238020,0.238480,0.235760,0.236390,144207959,1747155599999,34158290.815150,55520,58043502,13751103.521520,0
1747155600000,0.236390,0.238590,0.236200,0.236810,106472930,1747156499999,25277040.052730,46044,56155671,13334380.923780,0
1747156500000,0.236810,0.238300,0.236710,0.237500,92931185,1747157399999,22075801.102860,34414,47741223,11342311.968600,0
1747157400000,0.237490,0.238430,0.235630,0.237900,87689392,1747158299999,20782788.769450,36086,46286063,10976629.404930,0
1747158300000,0.237890,0.238910,0.237140,0.237500,63331215,1747159199999,15079778.960830,26331,33905938,8075246.315780,0
1747159200000,0.237500,0.238460,0.236690,0.238290,65125887,1747160099999,15474377.099090,28762,35868549,8524040.568100,0
1747160100000,0.238290,0.239740,0.237570,0.238910,87161012,1747160999999,20823312.734710,37505,48260164,11532460.706760,0
1747161000000,0.238900,0.239890,0.236870,0.237070,90592738,1747161899999,21600557.581590,40079,38954400,9297268.741580,0
1747161900000,0.237080,0.239620,0.237070,0.239300,75743404,1747162799999,18073749.129310,32491,44533831,10625933.428720,0
1747162800000,0.239290,0.239400,0.237800,0.239030,86020580,1747163699999,20512486.971420,28282,37025651,8831578.105540,0
1747163700000,0.239040,0.241060,0.238750,0.240560,88835651,1747164599999,21322592.793980,31190,50901089,12217591.644650,0
1747164600000,0.240560,0.241710,0.239790,0.241540,91991035,1747165499999,22154235.032600,36037,49768209,11986827.389400,0
1747165500000,0.241530,0.243030,0.237530,0.238870,210751430,1747166399999,50553318.684920,89434,100368710,24090162.256140,0
1747166400000,0.238870,0.239310,0.236440,0.237740,135517383,1747167299999,32205430.994360,66007,51827400,12319706.182990,0
1747167300000,0.237740,0.238640,0.237090,0.238430,62135664,1747168199999,14786085.560070,30923,29098499,6924572.293550,0
1747168200000,0.238430,0.239210,0.237970,0.238440,50550678,1747169099999,12070221.966120,23333,23046044,5503648.321920,0
1747169100000,0.238440,0.239560,0.238210,0.239290,44437821,1747169999999,10619402.609610,21632,26947577,6441001.269300,0
1747170000000,0.239290,0.239620,0.237710,0.237900,43224211,1747170899999,10314763.642070,22179,20266065,4838767.935860,0
1747170900000,0.237910,0.238970,0.237410,0.238700,45219557,1747171799999,10771331.917820,20209,21434352,5105773.084170,0
1747171800000,0.238700,0.239460,0.237770,0.237910,28205920,1747172699999,6730552.745130,15713,14385109,3433073.955750,0
1747172700000,0.237910,0.239440,0.237760,0.239380,23773636,1747173599999,5675772.546330,12670,13165823,3142929.048080,0
1747173600000,0.239370,0.239720,0.237800,0.238510,41441635,1747174499999,9894135.617360,26726,21607568,5158882.386790,0
1747174500000,0.238510,0.239440,0.237890,0.238420,48575252,1747175399999,11593868.673230,25547,23595020,5632124.139920,0
1747175400000,0.238410,0.240180,0.237890,0.239640,42060211,1747176299999,10065514.790610,27218,22943811,5493728.224810,0
1747176300000,0.239640,0.240270,0.238540,0.238880,54169846,1747177199999,12961933.514090,24530,19892203,4760882.058960,0
1747177200000,0.238880,0.240280,0.237460,0.240200,78152800,1747178099999,18681113.067180,43828,39298211,9393914.152860,0
1747178100000,0.240210,0.241060,0.239400,0.239750,85017177,1747178999999,20432238.856360,32408,44151835,10612572.079520,0
1747179000000,0.239740,0.241150,0.239430,0.241140,43465850,1747179899999,10452888.835340,23569,20913852,5029565.209080,0
1747179900000,0.241130,0.241500,0.240450,0.240680,48656043,1747180799999,11729738.736720,22664,25827813,6226578.043590,0
1747180800000,0.240690,0.241470,0.239420,0.239830,86443249,1747181699999,20773915.142710,38768,33221096,7982095.295050,0
1747181700000,0.239820,0.241090,0.238630,0.239340,78555971,1747182599999,18831987.603570,33698,37961755,9098557.362050,0
1747182600000,0.239330,0.240290,0.238270,0.238760,65041816,1747183499999,15564714.609430,30398,29403162,7038593.001140,0
1747183500000,0.238760,0.239140,0.237500,0.238610,82829928,1747184399999,19737700.161000,36579,38251657,9116397.094130,0
1747184400000,0.238610,0.240710,0.237260,0.240710,104418249,1747185299999,24946803.792630,64931,55201570,13192537.381970,0
1747185300000,0.240710,0.241620,0.239670,0.240340,88326259,1747186199999,21253349.040160,47509,46795541,11263107.159660,0
1747186200000,0.240330,0.243350,0.240070,0.241830,148108102,1747187099999,35880133.691310,71674,80297257,19454843.569550,0
1747187100000,0.241830,0.242110,0.237490,0.238200,159091202,1747187999999,38113334.735000,69505,65940359,15792294.226900,0
1747188000000,0.238200,0.238390,0.233520,0.236110,313790137,1747188899999,73926143.265620,101756,138644584,32685201.376710,0
1747188900000,0.236110,0.237000,0.235220,0.235580,79343715,1747189799999,18751928.308030,33600,38038195,8990404.551450,0
1747189800000,0.235580,0.238070,0.234960,0.237970,66736242,1747190699999,15794498.392940,30565,38020295,8999588.965220,0
1747190700000,0.237960,0.238180,0.236980,0.237700,50518385,1747191599999,12006237.512070,25566,23192124,5512873.768210,0
1747191600000,0.237690,0.238250,0.235570,0.237280,68249531,1747192499999,16154445.894580,32526,27734898,6567477.902690,0
1747192500000,0.237280,0.237750,0.236000,0.236650,36560095,1747193399999,8655942.408590,24024,17520847,4149380.760370,0
1747193400000,0.236640,0.238750,0.236040,0.238590,119853573,1747194299999,28414492.610300,40596,69980360,16589061.881440,0
1747194300000,0.238590,0.238990,0.238040,0.238790,35874824,1747195199999,8556031.746360,20046,18190645,4338619.731640,0
1747195200000,0.238790,0.238820,0.237140,0.237790,45841684,1747196099999,10905152.086870,23747,19675742,4681049.159840,0
1747196100000,0.237800,0.238510,0.236890,0.238350,42656693,1747196999999,10143331.246570,21284,24620971,5856960.565610,0
1747197000000,0.238340,0.242040,0.238110,0.241460,107583072,1747197899999,25873543.118870,39766,63256336,15209012.904900,0
1747197900000,0.241450,0.241710,0.240690,0.241630,59070205,1747198799999,14242972.903880,26789,25351422,6113733.540390,0
1747198800000,0.241640,0.244240,0.241210,0.241650,124583425,1747199699999,30246000.150260,53520,61678001,14980639.988950,0
1747199700000,0.241650,0.242660,0.241300,0.242020,48349645,1747200599999,11697515.701710,22247,23570151,5702611.448540,0
1747200600000,0.242020,0.243810,0.241560,0.243350,78432307,1747201499999,19035791.265060,27372,39375474,9563798.888030,0
1747201500000,0.243340,0.247510,0.243310,0.245610,209017284,1747202399999,51400932.440100,74883,110021156,27054497.497660,0
1747202400000,0.245620,0.246650,0.244400,0.244740,112659935,1747203299999,27661209.854260,41233,61140976,15014378.496600,0
1747203300000,0.244750,0.246190,0.243740,0.244110,85850762,1747204199999,20994965.840510,33875,40043881,9797116.907420,0
1747204200000,0.244100,0.244360,0.242060,0.242660,103766247,1747205099999,25203720.164890,42236,39376449,9564867.216280,0
1747205100000,0.242650,0.242900,0.241600,0.242300,65493110,1747205999999,15864421.099090,28290,29590508,7169998.190560,0
1747206000000,0.242300,0.242330,0.240230,0.240490,92684568,1747206899999,22326878.748340,43288,39566141,9529459.129170,0
1747206900000,0.240480,0.240550,0.237270,0.238010,138820293,1747207799999,33142672.297210,56355,54223793,12945163.595390,0
1747207800000,0.238020,0.238650,0.236610,0.238360,106515364,1747208699999,25324071.686690,43815,57779620,13739563.991060,0
1747208700000,0.238350,0.238560,0.236890,0.237040,69648747,1747209599999,16567110.875100,28863,36293214,8634190.024250,0
1747209600000,0.237040,0.238310,0.234880,0.236110,185097647,1747210499999,43769567.116590,80002,88199537,20856620.377450,0
1747210500000,0.236100,0.237370,0.235400,0.236910,89176553,1747211399999,21106143.833610,35139,44769733,10595182.871980,0
1747211400000,0.236910,0.237150,0.235550,0.237030,66620943,1747212299999,15754659.668320,30688,34657008,8197419.040100,0
1747212300000,0.237030,0.237410,0.233010,0.233230,224311831,1747213199999,52657335.599160,75292,95226075,22376885.471890,0
1747213200000,0.233240,0.234740,0.231770,0.234190,224944951,1747214099999,52447085.085990,72557,108908278,25399390.904410,0
1747214100000,0.234180,0.235480,0.233620,0.235200,106958834,1747214999999,25081160.227000,35716,65396222,15341168.703160,0
1747215000000,0.235190,0.235480,0.233920,0.234370,90117843,1747215899999,21147216.755170,29131,29856654,7009567.644070,0
1747215900000,0.234380,0.235560,0.234380,0.235490,55505145,1747216799999,13049537.549730,21232,30869796,7257303.373340,0
1747216800000,0.235490,0.236200,0.235390,0.235580,50350522,1747217699999,11872100.270240,27014,27734456,6540322.706260,0
1747217700000,0.235590,0.236820,0.234680,0.236380,92531586,1747218599999,21831694.901680,32400,41387523,9769914.537110,0
1747218600000,0.236370,0.236610,0.235950,0.236190,34704576,1747219499999,8201511.420220,20804,17825618,4212673.727460,0
1747219500000,0.236190,0.236210,0.234650,0.234850,39489802,1747220399999,9292380.978360,20035,14860612,3497296.115380,0
1747220400000,0.234860,0.236590,0.234860,0.236390,41709175,1747221299999,9835281.077840,18002,22227861,5241608.763960,0
1747221300000,0.236380,0.236780,0.235560,0.236230,43517791,1747222199999,10280532.825590,16998,24691919,5834097.612160,0
1747222200000,0.236220,0.238380,0.236040,0.238330,78042767,1747223099999,18519091.130630,37789,46463367,11023065.584550,0
1747223100000,0.238320,0.238770,0.237070,0.237410,58511506,1747223999999,13917114.454640,22194,22257895,5294959.996060,0
1747224000000,0.237410,0.238180,0.236560,0.237720,40406632,1747224899999,9587824.409630,19948,20189566,4792486.783010,0
1747224900000,0.237720,0.238690,0.237240,0.237310,44823172,1747225799999,10668644.955290,21371,21339430,5080920.417230,0
1747225800000,0.237320,0.238010,0.236700,0.237140,40404810,1747226699999,9582554.970530,17181,17473653,4146120.415410,0
1747226700000,0.237150,0.237310,0.235240,0.236090,95597949,1747227599999,22575681.182140,32773,40619128,9589609.402800,0
1747227600000,0.236080,0.237130,0.234880,0.236620,83666021,1747228499999,19727023.509520,35334,39156389,9234078.551060,0
1747228500000,0.236610,0.237320,0.235470,0.236270,47154104,1747229399999,11147236.335820,26334,22137092,5233100.217130,0
1747229400000,0.236270,0.238280,0.233330,0.233850,142715814,1747230299999,33672957.590020,65301,63688300,15045759.489210,0
1747230300000,0.233860,0.235100,0.232140,0.235040,150112333,1747231199999,35059194.653720,73124,73926485,17269595.824290,0
1747231200000,0.235030,0.235220,0.232910,0.233220,90048397,1747232099999,21084010.122750,49224,42555291,9964901.815310,0
1747232100000,0.233240,0.233270,0.229850,0.231370,274765072,1747232999999,63563733.120120,100153,117783488,27250757.619630,0
1747233000000,0.231390,0.233120,0.230810,0.232880,134073161,1747233899999,31096253.521270,52636,63244338,14671239.368410,0
1747233900000,0.232880,0.233050,0.231190,0.231450,84558736,1747234799999,19613205.487540,30917,38752865,8988908.377570,0
1747234800000,0.231460,0.233120,0.229380,0.233120,146848788,1747235699999,33907154.907280,53063,75581705,17465852.015020,0
1747235700000,0.233110,0.233220,0.230650,0.232060,87101845,1747236599999,20208442.813950,46675,36654544,8502524.226470,0
1747236600000,0.232060,0.232940,0.230990,0.232320,44661452,1747237499999,10367502.998840,29026,20159331,4681750.469580,0
1747237500000,0.232320,0.232970,0.231270,0.232910,62303226,1747238399999,14459756.391030,22580,25815823,5996581.787060,0
1747238400000,0.232900,0.233550,0.232060,0.233270,82872757,1747239299999,19305908.722200,34706,40424229,9417898.287930,0
1747239300000,0.233260,0.233300,0.231270,0.231540,59180851,1747240199999,13729243.262980,27706,26172949,6072232.904350,0
1747240200000,0.231540,0.232700,0.231130,0.231590,55508388,1747241099999,12877281.322590,35806,28303918,6566674.183260,0
1747241100000,0.231580,0.232120,0.230180,0.231950,51333218,1747241999999,11861801.800210,39198,25117540,5805214.737280,0
1747242000000,0.231960,0.232150,0.229360,0.230130,90946328,1747242899999,20979003.079050,43676,45042706,10392836.742940,0
1747242900000,0.230140,0.230340,0.228060,0.230240,177118455,1747243799999,40581332.882760,60125,82369449,18875079.844530,0
1747243800000,0.230230,0.231710,0.229930,0.231490,60848515,1747244699999,14042025.607500,28854,34257340,7905825.981750,0
1747244700000,0.231500,0.232590,0.231090,0.232410,49273000,1747245599999,11422282.197810,19434,29694113,6887156.650330,0
1747245600000,0.232400,0.233470,0.232280,0.232440,64664231,1747246499999,15055652.793210,28784,33416458,7781298.801820,0
1747246500000,0.232430,0.234200,0.232140,0.233100,49074094,1747247399999,11449716.126430,21828,30632514,7148478.319270,0
1747247400000,0.233090,0.234470,0.233000,0.234020,36388367,1747248299999,8509588.266410,18970,18917468,4424972.263870,0
1747248300000,0.234010,0.234190,0.233090,0.233800,32941129,1747249199999,7692720.134680,16526,12251333,2860708.275450,0
1747249200000,0.233790,0.234420,0.233030,0.234290,41829344,1747250099999,9779172.730880,18237,26748850,6252783.314320,0
1747250100000,0.234300,0.234920,0.233690,0.233690,27733185,1747250999999,6499939.625810,15703,12416501,2910449.506570,0
1747251000000,0.233690,0.234540,0.233480,0.233840,24129174,1747251899999,5647053.322040,16415,9237415,2161969.909640,0
1747251900000,0.233850,0.234710,0.233770,0.234210,18369063,1747252799999,4304383.767220,12506,9563301,2241185.428250,0
1747252800000,0.234220,0.235120,0.233420,0.233750,30979932,1747253699999,7257093.220780,21339,13130268,3076834.537870,0
1747253700000,0.233750,0.234080,0.233520,0.233850,14758140,1747254599999,3450678.911350,9830,6287236,1470028.122840,0
1747254600000,0.233850,0.234010,0.233190,0.233290,28052092,1747255499999,6550129.790370,13436,8569221,2001160.549930,0
1747255500000,0.233280,0.234210,0.233110,0.233200,25436767,1747256399999,5943292.860570,13697,12617711,2947919.220090,0
1747256400000,0.233200,0.233350,0.231240,0.231410,46572877,1747257299999,10813249.190780,24988,20431463,4743346.236440,0
1747257300000,0.231410,0.232460,0.231400,0.232460,18375531,1747258199999,4261018.167980,10161,10555364,2447333.193500,0
1747258200000,0.232460,0.232950,0.231980,0.232680,12697746,1747259099999,2953324.709780,10142,6045341,1406115.254670,0
1747259100000,0.232690,0.234030,0.232680,0.233730,19129091,1747259999999,4465096.754870,11526,8336521,1945792.751870,0
1747260000000,0.233720,0.234370,0.232860,0.232990,25718474,1747260899999,6006615.193420,16280,11631514,2717025.644130,0
1747260900000,0.232980,0.233360,0.232550,0.232930,18793527,1747261799999,4376836.505240,10186,8710319,2028937.176100,0
1747261800000,0.232940,0.233040,0.232060,0.232210,13603397,1747262699999,3161514.750690,9317,7443620,1729902.869930,0
1747262700000,0.232210,0.232360,0.231380,0.232200,19815754,1747263599999,4594138.762920,10273,8027029,1861366.720140,0
1747263600000,0.232210,0.232270,0.231150,0.232180,24024278,1747264499999,5568493.630910,13742,9729145,2255436.345820,0
1747264500000,0.232190,0.232220,0.230590,0.232000,56210018,1747265399999,13005235.380930,27182,29789523,6893573.594370,0
1747265400000,0.232000,0.232720,0.231730,0.232360,29700128,1747266299999,6899526.703820,12863,15528318,3607646.895570,0
1747266300000,0.232370,0.232920,0.232340,0.232670,16612641,1747267199999,3864292.919590,10316,9867314,2295229.882260,0
1747267200000,0.232680,0.234080,0.232530,0.234000,43030535,1747268099999,10037835.527980,17601,21577075,5034016.155870,0
1747268100000,0.234010,0.235790,0.234010,0.234960,76498273,1747268999999,17981393.490640,32084,43689048,10268719.751800,0
1747269000000,0.234970,0.235640,0.234290,0.235270,48574336,1747269899999,11416577.643670,20210,24692188,5804028.015830,0
1747269900000,0.235280,0.236670,0.235070,0.235700,84020902,1747270799999,19831391.168110,31386,48780753,11517141.523890,0
1747270800000,0.235700,0.236510,0.233880,0.233900,67561660,1747271699999,15890651.512040,33567,27102648,6374924.543810,0
1747271700000,0.233900,0.234500,0.232770,0.232930,53591014,1747272599999,12517809.275650,24868,23636741,5522842.818660,0
1747272600000,0.232930,0.233130,0.230220,0.230400,105945216,1747273499999,24508217.711760,50307,47555938,10997589.987080,0
1747273500000,0.230400,0.230800,0.227510,0.228640,202785173,1747274399999,46410367.035200,70861,79099092,18100005.138580,0
1747274400000,0.228650,0.231260,0.228030,0.230330,127666392,1747275299999,29381460.367760,51292,68112129,15675579.690940,0
1747275300000,0.230330,0.233480,0.229330,0.232370,106410621,1747276199999,24629717.457040,43809,56317201,13047572.810280,0
1747276200000,0.232360,0.232970,0.231660,0.231970,52318723,1747277099999,12153290.404120,29190,23053100,5356541.756820,0
1747277100000,0.231960,0.235340,0.231790,0.234120,85887515,1747277999999,20111714.229850,37161,46089288,10791283.148820,0
1747278000000,0.234130,0.235100,0.233570,0.233820,78709828,1747278899999,18440634.562530,40366,35720021,8369144.057690,0
1747278900000,0.233810,0.234860,0.232570,0.234320,83708827,1747279799999,19553421.048650,35450,37819449,8838941.441370,0
1747279800000,0.234310,0.234350,0.233460,0.233860,30419143,1747280699999,7113507.851670,20978,15844783,3705252.722600,0
1747280700000,0.233850,0.233850,0.231210,0.231940,84129719,1747281599999,19533630.186940,36623,33371071,7748054.933310,0
1747281600000,0.231930,0.234410,0.231680,0.233090,110929339,1747282499999,25859330.719850,55423,58557604,13645354.067740,0
1747282500000,0.233080,0.234780,0.232920,0.234020,42547582,1747283399999,9960021.878680,27679,21671494,5073237.462690,0
1747283400000,0.234020,0.234890,0.233510,0.233890,35128698,1747284299999,8229828.348940,28037,15740244,3687996.849020,0
1747284300000,0.233880,0.234190,0.233280,0.233640,20559726,1747285199999,4804190.363540,15618,9252814,2162490.348810,0
1747285200000,0.233630,0.234160,0.232180,0.232410,43180998,1747286099999,10063186.431160,27697,15271006,3559426.064860,0
1747286100000,0.232400,0.232480,0.231120,0.231870,44616666,1747286999999,10336049.745200,23032,21096543,4886065.028520,0
1747287000000,0.231870,0.232330,0.229650,0.230440,71311952,1747287899999,16442142.837610,38150,28078870,6474098.578910,0
1747287900000,0.230440,0.230440,0.227440,0.228280,127640184,1747288799999,29181993.243840,52647,53962608,12339822.656830,0
1747288800000,0.228280,0.230360,0.227470,0.229760,105925811,1747289699999,24246955.393540,53371,57597704,13185017.366590,0
1747289700000,0.229770,0.230160,0.228660,0.229620,56847149,1747290599999,13044042.370410,34197,26931245,6180008.946440,0
1747290600000,0.229630,0.229970,0.225800,0.225900,125412877,1747291499999,28496081.968520,55298,48775307,11081654.298490,0
1747291500000,0.225900,0.227770,0.225810,0.227740,55254298,1747292399999,12540976.709310,30376,28668471,6505301.089800,0
1747292400000,0.227740,0.228530,0.225540,0.225580,63552781,1747293299999,14428078.532580,41760,30425365,6911069.300740,0
1747293300000,0.225570,0.226620,0.224210,0.224620,131247581,1747294199999,29562114.141080,53812,54654352,12314558.527260,0
1747294200000,0.224620,0.225210,0.223530,0.224360,112449249,1747295099999,25231405.699100,55993,56298319,12634459.191960,0
1747295100000,0.224350,0.224350,0.222420,0.223590,136818704,1747295999999,30533530.242770,46565,54752800,12226185.594380,0
1747296000000,0.223580,0.226260,0.223520,0.224980,109367609,1747296899999,24621852.495650,47090,55894655,12578774.059210,0
1747296900000,0.224980,0.226040,0.224540,0.225920,54986117,1747297799999,12392758.650310,23934,33410356,7530385.488430,0
1747297800000,0.225910,0.227740,0.225670,0.227070,128483725,1747298699999,29151892.301330,34564,83407674,18917082.134570,0
1747298700000,0.227070,0.228870,0.227070,0.228580,61670429,1747299599999,14056921.872560,31121,30097705,6861136.007350,0
1747299600000,0.228570,0.228600,0.226570,0.226580,64382574,1747300499999,14655121.902970,23784,25301313,5760228.205880,0
1747300500000,0.226580,0.227400,0.226170,0.227180,37733988,1747301399999,8560189.324400,19348,22260715,5050314.715970,0
1747301400000,0.227170,0.227300,0.223850,0.224690,138295997,1747302299999,31114180.787680,48037,47187985,10608866.717760,0
1747302300000,0.224680,0.226310,0.223000,0.225280,111284445,1747303199999,24989553.482860,48021,57914338,13019764.665210,0
1747303200000,0.225290,0.225600,0.223380,0.223910,56550355,1747304099999,12682502.602160,34192,23669253,5309341.068080,0
1747304100000,0.223900,0.224990,0.223520,0.224450,51153683,1747304999999,11479839.173520,23577,29157083,6543862.282890,0
1747305000000,0.224450,0.224620,0.222050,0.222700,92499771,1747305899999,20616476.264910,33930,37120782,8272959.408990,0
1747305900000,0.222700,0.224270,0.221850,0.223970,72282044,1747306799999,16108455.782200,34749,42608000,9498227.510040,0
1747306800000,0.223970,0.225550,0.223750,0.224920,63540001,1747307699999,14277518.006660,38105,32972577,7408872.399230,0
1747307700000,0.224910,0.226460,0.224710,0.226010,56803450,1747308599999,12829051.655640,34380,28637951,6468782.996960,0
1747308600000,0.226010,0.227080,0.225730,0.226410,58146915,1747309499999,13169606.919680,24734,28072537,6360338.256790,0
1747309500000,0.226410,0.226990,0.225750,0.226600,51316553,1747310399999,11615466.680220,20558,22370048,5064261.277000,0
1747310400000,0.226590,0.227070,0.225290,0.225820,99853573,1747311299999,22583084.652880,38810,47717351,10792639.198110,0
1747311300000,0.225810,0.227010,0.225310,0.226210,79980891,1747312199999,18092613.236820,33603,40079402,9067573.976990,0
1747312200000,0.226200,0.229360,0.225930,0.228520,207055784,1747313099999,47237465.971340,78456,112438125,25651244.671000,0
1747313100000,0.228520,0.228630,0.226390,0.227170,71724557,1747313999999,16310198.007320,39200,32923371,7488530.345270,0
1747314000000,0.227170,0.228420,0.226500,0.227930,52524551,1747314899999,11955776.066480,26160,26581114,6048970.462930,0
1747314900000,0.227920,0.228360,0.226740,0.227060,42553230,1747315799999,9680014.325600,20531,19905738,4529682.154180,0
1747315800000,0.227050,0.227680,0.222850,0.223860,304632657,1747316699999,68456275.423650,113499,143191910,32183941.411650,0
1747316700000,0.223850,0.223900,0.220430,0.222190,211104158,1747317599999,46820864.330800,77512,98702104,21886550.710720,0
1747317600000,0.222190,0.223130,0.219280,0.220860,161507488,1747318499999,35701022.545810,69434,72112453,15950503.641480,0
1747318500000,0.220840,0.221910,0.218490,0.219430,187056805,1747319399999,41159850.088740,91458,89702595,19745394.495840,0
1747319400000,0.219450,0.220170,0.216460,0.217420,174262954,1747320299999,37986644.572410,90342,73702011,16072387.894980,0
1747320300000,0.217410,0.218580,0.215870,0.218350,155108136,1747321199999,33672463.927400,68204,84753398,18408383.113270,0
1747321200000,0.218350,0.219920,0.218030,0.219240,111567415,1747322099999,24440514.305400,58988,60910309,13343797.649180,0
1747322100000,0.219220,0.221600,0.219080,0.221530,78202364,1747322999999,17241735.480480,44985,42524607,9374396.280880,0
1747323000000,0.221530,0.224150,0.221190,0.223940,117251523,1747323899999,26088865.193560,55884,58934287,13116734.064750,0
1747323900000,0.223940,0.226020,0.223610,0.225080,164422772,1747324799999,37000214.464670,63332,80082776,18019942.789080,0
1747324800000,0.225080,0.225370,0.222840,0.223180,130512429,1747325699999,29208098.030940,53804,58894915,13180519.358070,0
1747325700000,0.223180,0.224760,0.222950,0.223270,66395253,1747326599999,14852178.482370,35375,34243090,7659065.115580,0
1747326600000,0.223270,0.225720,0.222250,0.225530,77355076,1747327499999,17309125.633940,39633,42694095,9555547.137260,0
1747327500000,0.225530,0.227720,0.225370,0.227600,97673373,1747328399999,22115978.954600,43923,55887307,12657210.768320,0
1747328400000,0.227610,0.227730,0.226070,0.226410,63043526,1747329299999,14292829.877690,38731,28241630,6403450.494270,0
1747329300000,0.226420,0.229370,0.226420,0.228760,82311719,1747330199999,18789874.453430,39046,47342312,10806585.120930,0
1747330200000,0.228750,0.228990,0.227600,0.228220,63061367,1747331099999,14388514.890580,32155,30006666,6847661.573280,0
1747331100000,0.228220,0.228710,0.226330,0.226580,66338141,1747331999999,15076303.706460,28109,24583293,5588797.788490,0
1747332000000,0.226580,0.226920,0.224630,0.226200,77320189,1747332899999,17466644.609390,39508,35862947,8104048.237590,0
1747332900000,0.226200,0.226420,0.223190,0.223320,68981819,1747333799999,15485115.664270,33298,26311291,5904576.405620,0
1747333800000,0.223310,0.224220,0.221030,0.222430,119473561,1747334699999,26579548.311940,56494,55626831,12377803.294180,0
1747334700000,0.222440,0.222640,0.219730,0.219940,85500985,1747335599999,18861702.934200,44701,35001152,7721595.120030,0
1747335600000,0.219950,0.222210,0.219650,0.221920,89121891,1747336499999,19709986.421550,41848,53810214,11902065.865590,0
1747336500000,0.221910,0.222650,0.218650,0.220110,94133823,1747337399999,20774420.471740,40543,46782261,10330153.088590,0
1747337400000,0.220110,0.222170,0.220100,0.221550,67322746,1747338299999,14901880.341050,32010,41923941,9278017.868060,0
1747338300000,0.221540,0.222730,0.220810,0.222020,45716869,1747339199999,10140305.023270,29140,23452789,5203177.325140,0
1747339200000,0.222030,0.224160,0.219700,0.219700,150600875,1747340099999,33445750.548320,51932,61874431,13753825.559550,0
1747340100000,0.219700,0.222910,0.218350,0.222340,132581518,1747340999999,29267694.178060,41240,84617965,18690566.245600,0
1747341000000,0.222350,0.222670,0.219710,0.220910,111340811,1747341899999,24590478.520270,31017,49597909,10946854.850840,0
1747341900000,0.220900,0.221230,0.220500,0.220950,27785346,1747342799999,6139198.372470,16566,11277780,2492176.886340,0
1747342800000,0.220950,0.221250,0.219320,0.219520,46389478,1747343699999,10207943.541690,22750,20862425,4592732.610960,0
1747343700000,0.219520,0.219580,0.216190,0.217610,120952339,1747344599999,26302745.420510,50031,47664313,10364787.184520,0
1747344600000,0.217610,0.219300,0.216170,0.219190,61073243,1747345499999,13318965.032350,31843,34696617,7565111.994060,0
1747345500000,0.219190,0.220640,0.219110,0.219900,30148441,1747346399999,6631436.270160,18825,17380343,3822530.116670,0
1747346400000,0.219890,0.221350,0.219440,0.221300,53494409,1747347299999,11795589.425420,33398,30089174,6633482.499150,0
1747347300000,0.221290,0.222390,0.221150,0.221380,38992309,1747348199999,8644009.329150,20480,16714140,3705693.652040,0
1747348200000,0.221390,0.222190,0.221140,0.221910,17397470,1747349099999,3859578.552760,13758,8279564,1836600.673010,0
1747349100000,0.221920,0.222180,0.218890,0.218970,68505787,1747349999999,15077354.732900,34461,27089453,5956773.370640,0
1747350000000,0.218960,0.219270,0.216160,0.216670,138295814,1747350899999,30087372.274210,63131,61197901,13319396.248600,0
1747350900000,0.216650,0.217610,0.213530,0.216200,215030869,1747351799999,46277693.947740,97249,100916224,21724804.992430,0
1747351800000,0.216190,0.219170,0.216190,0.218780,91762002,1747352699999,20007283.740480,44366,47460161,10345565.134040,0
1747352700000,0.218780,0.219340,0.218120,0.219260,52677626,1747353599999,11525770.168100,26578,24218967,5299783.382350,0
1747353600000,0.219260,0.220890,0.218610,0.220800,112211374,1747354499999,24645631.811840,59657,57468119,12619744.830130,0
1747354500000,0.220810,0.221760,0.219980,0.220070,65048947,1747355399999,14370905.623530,37788,27910002,6166555.496400,0
1747355400000,0.220070,0.222560,0.220010,0.222070,63667229,1747356299999,14114551.910610,31190,34472226,7640576.969420,0
1747356300000,0.222060,0.222240,0.220180,0.220720,49735368,1747357199999,10994522.916670,29541,21132793,4673100.803530,0
1747357200000,0.220730,0.221140,0.218500,0.219710,84376974,1747358099999,18542348.636800,54459,43739932,9615697.006460,0
1747358100000,0.219700,0.220740,0.217800,0.220630,78771491,1747358999999,17249811.672870,46357,39966735,8756512.810990,0
1747359000000,0.220620,0.222990,0.220210,0.222870,79476195,1747359899999,17626914.705290,52494,44899499,9958776.669780,0
1747359900000,0.222870,0.223370,0.221950,0.222730,62217639,1747360799999,13846206.429130,33504,31515809,7013975.958960,0
1747360800000,0.222720,0.225880,0.222680,0.225480,129475796,1747361699999,29106238.094690,60540,72151392,16203334.931260,0
1747361700000,0.225470,0.225770,0.222460,0.225390,159808613,1747362599999,35806554.288810,63316,71675894,16058539.824320,0
1747362600000,0.225380,0.226380,0.224320,0.224500,65677488,1747363499999,14809792.001060,30807,31314947,7064492.577670,0
1747363500000,0.224490,0.225310,0.224410,0.225150,30257944,1747364399999,6803658.174740,17308,16263255,3657108.253880,0
1747364400000,0.225140,0.225780,0.224790,0.225500,34299903,1747365299999,7725603.572370,22090,17988686,4052111.587610,0
1747365300000,0.225500,0.226870,0.224560,0.226530,67799701,1747366199999,15322357.069570,33083,35598871,8046984.438230,0
1747366200000,0.226520,0.227140,0.225610,0.225660,49707062,1747367099999,11245446.354820,28436,27521139,6226703.050900,0
1747367100000,0.225670,0.226740,0.225490,0.226070,32810453,1747367999999,7416522.872660,19986,15609479,3528025.313060,0
1747368000000,0.226070,0.227100,0.225340,0.225750,54078442,1747368899999,12236572.182440,25767,24301703,5500193.421990,0
1747368900000,0.225740,0.225830,0.224390,0.224850,60442579,1747369799999,13601549.211860,28818,23229888,5226434.522960,0
1747369800000,0.224850,0.224950,0.223640,0.223710,52640815,1747370699999,11804651.446020,21477,24086184,5402551.039170,0
1747370700000,0.223720,0.225370,0.223640,0.225230,44293979,1747371599999,9951717.025400,17654,25270881,5675856.471320,0
1747371600000,0.225240,0.226110,0.225180,0.226010,38325739,1747372499999,8652581.674560,18263,20309886,4585036.620460,0
1747372500000,0.226010,0.227500,0.225890,0.227380,48848071,1747373399999,11081205.166400,27009,28195963,6397396.082410,0
1747373400000,0.227380,0.227380,0.225990,0.226780,37210556,1747374299999,8434859.317050,19088,14705627,3333256.825110,0
1747374300000,0.226770,0.226960,0.226060,0.226140,22055672,1747375199999,4994364.473810,15227,10540882,2386889.742150,0
1747375200000,0.226130,0.227210,0.225730,0.226280,52699250,1747376099999,11932085.420100,27022,25897240,5864587.153160,0
1747376100000,0.226280,0.227430,0.226080,0.226190,39223400,1747376999999,8900634.856100,18853,18274967,4146981.771590,0
1747377000000,0.226190,0.227080,0.226080,0.226490,28784557,1747377899999,6521707.953430,18425,14019476,3177007.654970,0
1747377900000,0.226500,0.227490,0.226080,0.226440,37284444,1747378799999,8457494.618150,16954,17526998,3975509.079990,0
1747378800000,0.226440,0.226460,0.224530,0.225200,69736812,1747379699999,15706283.689580,33370,27281022,6144322.579030,0
1747379700000,0.225190,0.227610,0.224800,0.227280,80803042,1747380599999,18307912.870680,38597,48637614,11021724.249880,0
1747380600000,0.227280,0.227380,0.225140,0.225270,43468464,1747381499999,9822080.514870,21017,16834385,3804331.090010,0
1747381500000,0.225270,0.226160,0.225230,0.225710,31668611,1747382399999,7147010.825820,14441,16732346,3775733.749390,0
1747382400000,0.225710,0.226450,0.224760,0.225220,53205937,1747383299999,11997693.701530,27777,22168021,4999642.624130,0
1747383300000,0.225220,0.225220,0.222480,0.222980,108799544,1747384199999,24314833.850940,45029,43374965,9691178.670210,0
1747384200000,0.222970,0.223380,0.221280,0.222920,91968941,1747385099999,20449698.178760,35344,41344540,9195999.250880,0
1747385100000,0.222920,0.223700,0.222010,0.223470,47926986,1747385999999,10690654.026400,21134,26683688,5952108.717140,0
1747386000000,0.223480,0.225840,0.223370,0.225430,85580030,1747386899999,19240563.124220,38072,47424762,10662556.578650,0
1747386900000,0.225420,0.226900,0.225090,0.226560,51827883,1747387799999,11717162.522560,23180,25586486,5784972.591560,0
1747387800000,0.226560,0.228220,0.226180,0.227720,130955563,1747388699999,29728466.087100,45873,68936051,15651001.758980,0
1747388700000,0.227730,0.229030,0.227330,0.228730,118088327,1747389599999,26962686.990090,36114,68164779,15565696.271650,0
1747389600000,0.228730,0.229810,0.227850,0.228680,90343634,1747390499999,20664925.473040,40654,43217971,9886057.907370,0
1747390500000,0.228690,0.229140,0.227390,0.227780,65836004,1747391399999,15007963.185040,24477,36187383,8248769.892060,0
1747391400000,0.227780,0.229180,0.227710,0.228930,52160713,1747392299999,11929043.229700,21827,34556057,7904075.680180,0
1747392300000,0.228930,0.229620,0.228330,0.229550,72920441,1747393199999,16698839.978790,22842,36527225,8364039.109890,0
1747393200000,0.229550,0.229800,0.228670,0.229290,60046209,1747394099999,13767367.205490,22606,27981882,6417315.448980,0
1747394100000,0.229280,0.229980,0.227330,0.227440,89642907,1747394999999,20484763.014610,35642,42024656,9603651.392060,0
1747395000000,0.227430,0.227980,0.226740,0.226900,61945359,1747395899999,14083489.349920,29374,22497078,5115467.892180,0
1747395900000,0.226910,0.227630,0.226850,0.227040,36561721,1747396799999,8305367.031110,16570,15444273,3508770.002970,0
1747396800000,0.227030,0.227770,0.226520,0.227390,47351214,1747397699999,10762916.481270,20621,25240281,5736776.368530,0
1747397700000,0.227390,0.227390,0.225560,0.226440,70686065,1747398599999,16000161.046470,26024,38170337,8640056.312120,0
1747398600000,0.226430,0.227180,0.226360,0.226670,35540919,1747399499999,8060433.735300,21501,15641888,3547453.098000,0
1747399500000,0.226660,0.227580,0.226210,0.226220,41118762,1747400399999,9330809.608190,18781,19865808,4506560.052300,0
1747400400000,0.226210,0.227950,0.225810,0.227780,48281682,1747401299999,10959935.394960,19359,24677908,5602324.963280,0
1747401300000,0.227780,0.228370,0.227050,0.227190,75216053,1747402199999,17140038.547650,25105,35461741,8081950.056170,0
1747402200000,0.227180,0.229450,0.226400,0.228090,87027085,1747403099999,19839894.550340,43295,46626390,10634000.721990,0
1747403100000,0.228080,0.229160,0.227990,0.229060,59574548,1747403999999,13619894.745140,34583,30684161,7015408.099390,0
1747404000000,0.229050,0.229050,0.225950,0.226860,112411758,1747404899999,25573286.395160,57151,53498993,12170115.981300,0
1747404900000,0.226870,0.228710,0.226680,0.227830,51702043,1747405799999,11773634.392990,28808,29314124,6672722.538660,0
1747405800000,0.227830,0.227830,0.224690,0.224930,90978497,1747406699999,20572607.244750,34404,40525190,9166383.405810,0
1747406700000,0.224930,0.226370,0.224440,0.226190,73646772,1747407599999,16615369.698600,32753,34450729,7772340.009170,0
1747407600000,0.226200,0.228980,0.226130,0.228340,80106566,1747408499999,18249661.054930,38036,44737971,10194702.028480,0
1747408500000,0.228340,0.228820,0.227480,0.227670,53811017,1747409399999,12269664.644320,25264,22484198,5126867.086200,0
1747409400000,0.227670,0.229780,0.227590,0.229000,97188811,1747410299999,22244427.984160,42874,55927883,12803322.334190,0
1747410300000,0.229010,0.229350,0.227980,0.228860,43096833,1747411199999,9851108.210800,21235,21352683,4881508.440720,0
1747411200000,0.228850,0.230850,0.228820,0.228950,111457580,1747412099999,25624572.887130,38394,54354375,12498480.560230,0
1747412100000,0.228960,0.229460,0.226940,0.227300,99441995,1747412999999,22666775.995670,34041,49244664,11229454.921160,0
1747413000000,0.227290,0.227590,0.225600,0.226260,69436925,1747413899999,15725008.152610,34661,32347215,7327789.355850,0
1747413900000,0.226250,0.228480,0.225730,0.227950,67534492,1747414799999,15357943.848390,31524,41091433,9346736.282100,0
1747414800000,0.227940,0.228740,0.226620,0.226790,51141962,1747415699999,11639614.305770,23482,21216307,4828965.709840,0
1747415700000,0.226790,0.228420,0.226740,0.227700,38508756,1747416599999,8767908.681160,18828,20504355,4667598.127370,0
1747416600000,0.227700,0.227980,0.225600,0.226300,49205692,1747417499999,11142734.647750,22669,24057619,5445768.985840,0
1747417500000,0.226290,0.226680,0.224940,0.225740,42451075,1747418399999,9582682.486320,21159,20890315,4716481.679060,0
1747418400000,0.225740,0.227300,0.225560,0.227090,37297111,1747419299999,8450130.535160,20049,18676274,4230838.536450,0
1747419300000,0.227060,0.227700,0.225100,0.225420,51156420,1747420199999,11572019.803320,27023,22004039,4978507.711090,0
1747420200000,0.225410,0.226040,0.224920,0.225030,34074784,1747421099999,7680667.564610,20241,16416394,3701055.086020,0
1747421100000,0.225030,0.226080,0.224820,0.225350,52729249,1747421999999,11888776.921820,27292,25996096,5860909.767520,0
1747422000000,0.225340,0.226300,0.225100,0.225460,36103950,1747422899999,8149181.923620,20254,19853367,4480878.772600,0
1747422900000,0.225470,0.225990,0.224300,0.225880,40445896,1747423799999,9099710.952550,23246,17325641,3899230.410370,0
1747423800000,0.225880,0.226280,0.225660,0.225870,28119736,1747424699999,6353908.209800,16921,16085834,3634564.004750,0
1747424700000,0.225860,0.227050,0.225440,0.226870,27427017,1747425599999,6206915.114200,16779,13623061,3083012.808640,0
1747425600000,0.226860,0.226950,0.225900,0.226330,25552682,1747426499999,5787608.601340,15667,13194268,2988618.111550,0
1747426500000,0.226320,0.226320,0.225310,0.225720,20085632,1747427399999,4532607.703890,11679,11197905,2527168.621400,0
1747427400000,0.225710,0.225750,0.222430,0.222490,148933794,1747428299999,33291654.737880,43912,54456962,12159477.061950,0
1747428300000,0.222490,0.224640,0.221960,0.224130,74777467,1747429199999,16689209.965450,23984,45954222,10266649.571200,0
1747429200000,0.224120,0.225600,0.223950,0.225430,41162136,1747430099999,9250348.874590,16845,25451930,5719831.260210,0
1747430100000,0.225430,0.225430,0.223840,0.223850,26587145,1747430999999,5972286.718660,12443,8445640,1897264.357970,0
1747431000000,0.223850,0.225130,0.222660,0.224560,35890218,1747431899999,8039745.673270,18514,19871436,4453316.712560,0
1747431900000,0.224550,0.224560,0.223330,0.223670,14721741,1747432799999,3296158.570990,9466,7290138,1631595.707160,0
1747432800000,0.223660,0.223860,0.221640,0.221810,51379569,1747433699999,11432496.538460,25385,21871198,4865759.170130,0
1747433700000,0.221820,0.222720,0.221350,0.221700,41212139,1747434599999,9148323.755860,26161,23970385,5322544.604970,0
1747434600000,0.221700,0.222160,0.220850,0.221200,28734907,1747435499999,6365125.490600,17739,12702432,2815181.634450,0
1747435500000,0.221200,0.221640,0.219380,0.221250,123389029,1747436399999,27210176.757960,50707,63365839,13981586.587810,0
1747436400000,0.221250,0.222970,0.221220,0.222960,46601686,1747437299999,10349645.229580,28082,23826288,5290625.640370,0
1747437300000,0.222950,0.223070,0.222020,0.222830,20927423,1747438199999,4657208.773790,16635,9958421,2216476.081110,0
1747438200000,0.222810,0.223120,0.222300,0.222440,23769403,1747439099999,5293188.734690,12868,9391731,2091733.971760,0
1747439100000,0.222440,0.222450,0.220710,0.221000,51197832,1747439999999,11336826.181490,20442,21470165,4755460.649940,0
1747440000000,0.220980,0.222140,0.220320,0.221940,71769910,1747440899999,15883740.891410,36350,34461597,7628683.979600,0
1747440900000,0.221940,0.221990,0.218990,0.219260,83917014,1747441799999,18464489.316520,43980,37420950,8232641.827120,0
1747441800000,0.219260,0.220080,0.217550,0.218930,110746410,1747442699999,24205591.667020,52587,45154339,9877282.801210,0
1747442700000,0.218940,0.219690,0.218250,0.218570,69990916,1747443599999,15323552.630370,33517,35347082,7738591.099520,0
1747443600000,0.218560,0.218570,0.216700,0.217040,80140684,1747444499999,17434609.483730,40805,35299526,7681475.852870,0
1747444500000,0.217030,0.217620,0.216000,0.217570,101462322,1747445399999,21983320.519430,48155,52639412,11406013.242040,0
1747445400000,0.217560,0.217710,0.215900,0.216800,64494976,1747446299999,13969755.798970,36915,30600186,6627661.269100,0
1747446300000,0.216810,0.216840,0.214000,0.215690,158485059,1747447199999,34068535.900440,60661,64551290,13879910.118000,0
1747447200000,0.215680,0.216250,0.213810,0.213900,91694747,1747448099999,19716194.982790,47728,43276286,9310255.176460,0
1747448100000,0.213900,0.216600,0.213520,0.216570,98752396,1747448999999,21228473.004620,48000,53452118,11501139.428720,0
1747449000000,0.216570,0.217450,0.216510,0.217360,76536828,1747449899999,16611078.803180,25591,38412488,8336354.883020,0
1747449900000,0.217360,0.217990,0.216550,0.217030,45054369,1747450799999,9784859.849340,26781,24962468,5421317.250190,0
1747450800000,0.217030,0.217680,0.216110,0.216310,34049062,1747451699999,7385555.752770,17705,16468342,3573356.083210,0
1747451700000,0.216310,0.216780,0.215060,0.216750,54727942,1747452599999,11804426.390670,30035,30405473,6558979.882650,0
1747452600000,0.216740,0.217920,0.216350,0.217560,41858650,1747453499999,9082943.976790,28287,19598094,4252647.642710,0
1747453500000,0.217560,0.218160,0.217230,0.218150,37608435,1747454399999,8190402.600370,18825,20224861,4404972.125170,0
1747454400000,0.218160,0.218570,0.217600,0.217910,38147326,1747455299999,8318075.356050,19691,20493955,4469407.419160,0
1747455300000,0.217910,0.219340,0.217750,0.219240,41695743,1747456199999,9120713.412080,21945,21469108,4696924.203160,0
1747456200000,0.219240,0.220060,0.219050,0.219810,31398841,1747457099999,6893007.347850,22828,16791913,3686527.918840,0
1747457100000,0.219820,0.219860,0.218760,0.219020,31378313,1747457999999,6876939.081250,14686,12917461,2830789.580940,0
1747458000000,0.219010,0.219450,0.218490,0.218530,28788254,1747458899999,6299772.810000,14385,14109079,3087452.427190,0
1747458900000,0.218530,0.219050,0.217400,0.218170,44478654,1747459799999,9696585.856810,23192,20887043,4553965.119470,0
1747459800000,0.218180,0.218400,0.217220,0.217270,29797445,1747460699999,6485155.299490,15067,15880567,3456695.774040,0
1747460700000,0.217270,0.217280,0.216270,0.216480,47039968,1747461599999,10197067.265340,21678,18429183,3995170.330890,0
1747461600000,0.216470,0.218040,0.216460,0.217980,34231080,1747462499999,7444204.135260,15996,21109240,4590616.693370,0
1747462500000,0.217980,0.218120,0.216520,0.216660,30156894,1747463399999,6547912.155900,13845,12553697,2725857.130090,0
1747463400000,0.216660,0.217490,0.216250,0.217490,38888056,1747464299999,8432308.468610,18135,19541352,4238663.051750,0
1747464300000,0.217490,0.218120,0.217160,0.217720,32702133,1747465199999,7118123.533040,15195,14312257,3114805.656360,0
1747465200000,0.217710,0.218840,0.217480,0.218280,42426984,1747466099999,9259739.552050,20715,21226165,4632169.125090,0
1747466100000,0.218280,0.218770,0.217810,0.218470,27176789,1747466999999,5931779.370990,15403,11865695,2590412.808690,0
1747467000000,0.218480,0.218530,0.216460,0.216490,37559501,1747467899999,8165462.072220,16310,15332046,3333536.047620,0
1747467900000,0.216490,0.217050,0.215780,0.217020,58961897,1747468799999,12751001.102650,20268,31057517,6717307.104930,0
1747468800000,0.217020,0.217030,0.215520,0.216250,58058222,1747469699999,12564119.379970,26095,24287828,5254890.042520,0
1747469700000,0.216250,0.216910,0.215290,0.216790,73540407,1747470599999,15896203.294370,41343,34718226,7504226.086090,0
1747470600000,0.216780,0.217320,0.216090,0.216400,44463438,1747471499999,9639485.292950,22554,22128146,4796580.652870,0
1747471500000,0.216400,0.216570,0.215330,0.215450,33999914,1747472399999,7337912.793720,19081,14896838,3214825.413790,0
1747472400000,0.215440,0.216100,0.214120,0.215310,81788711,1747473299999,17600100.367880,38974,34721672,7474932.401440,0
1747473300000,0.215300,0.215420,0.214180,0.214910,57824084,1747474199999,12407361.741940,21865,25449755,5460118.699340,0
1747474200000,0.214920,0.216440,0.214700,0.215900,42925755,1747475099999,9261081.147020,20839,22320017,4815386.557310,0
1747475100000,0.215900,0.216670,0.215540,0.215680,48370018,1747475999999,10449441.078180,18325,24489663,5291497.172700,0
1747476000000,0.215690,0.216920,0.215210,0.216640,35824347,1747476899999,7743836.155150,18926,18384184,3974056.805170,0
1747476900000,0.216640,0.217150,0.216290,0.216860,30066997,1747477799999,6515126.916780,15379,13143492,2848330.965840,0
1747477800000,0.216850,0.216980,0.215180,0.215240,34785729,1747478699999,7509607.550630,15700,13057333,2819652.721470,0
1747478700000,0.215240,0.216000,0.215170,0.215830,25041686,1747479599999,5398454.948590,12610,12743806,2747283.839240,0
1747479600000,0.215830,0.216190,0.215020,0.215160,31424682,1747480499999,6773174.023580,12713,15267248,3291745.453590,0
1747480500000,0.215150,0.215590,0.214060,0.214420,41810732,1747481399999,8977143.304290,17719,19085501,4098811.618440,0
1747481400000,0.214410,0.216200,0.214390,0.216020,44034580,1747482299999,9492701.264660,16225,23400239,5044628.057170,0
1747482300000,0.216010,0.216480,0.215300,0.215430,28418625,1747483199999,6138083.092440,13435,13459344,2906969.052230,0
1747483200000,0.215430,0.215750,0.214760,0.214840,35739864,1747484099999,7691829.862590,20234,18382131,3956196.838470,0
1747484100000,0.214830,0.215560,0.214590,0.215250,38429629,1747484999999,8265110.980160,21839,20331560,4371996.222450,0
1747485000000,0.215240,0.215720,0.214740,0.215170,37417075,1747485899999,8056045.262020,19545,17725689,3815918.846100,0
1747485900000,0.215160,0.215160,0.214520,0.214700,26861153,1747486799999,5770079.501630,12841,11628717,2497943.308850,0
1747486800000,0.214700,0.215460,0.213660,0.215460,55928013,1747487699999,11990287.638700,23678,22286266,4779825.505940,0
1747487700000,0.215450,0.216000,0.213980,0.214500,46573156,1747488599999,10014444.407320,18386,23251659,5000923.756950,0
1747488600000,0.214490,0.214500,0.212490,0.212990,99889707,1747489499999,21290808.434160,38939,38356697,8175664.946050,0
1747489500000,0.212990,0.213030,0.211630,0.212890,97314551,1747490399999,20655176.678660,32622,45215619,9598665.333980,0
1747490400000,0.212880,0.214320,0.212680,0.214300,56537567,1747491299999,12077868.022030,25334,26928850,5752976.333630,0
1747491300000,0.214290,0.215670,0.214150,0.215310,55235038,1747492199999,11872566.514300,29377,30313507,6514565.449580,0
1747492200000,0.215300,0.215960,0.214340,0.215100,62004241,1747493099999,13342624.892030,24304,29516038,6351669.811630,0
1747493100000,0.215090,0.216650,0.215090,0.216240,60445627,1747493999999,13062591.762650,22314,33483868,7235187.780480,0
1747494000000,0.216240,0.216520,0.215250,0.216070,43252975,1747494899999,9337745.337430,18829,20567681,4440474.962920,0
1747494900000,0.216070,0.216310,0.215490,0.215940,25672631,1747495799999,5540642.048200,15190,11832657,2553390.768450,0
1747495800000,0.215930,0.216720,0.215740,0.216140,32905977,1747496699999,7113433.162920,17180,16877483,3648842.264130,0
1747496700000,0.216150,0.216150,0.214820,0.214940,36288336,1747497599999,7816357.888060,14523,15044622,3240621.282800,0
1747497600000,0.214940,0.216120,0.214210,0.215220,59531488,1747498499999,12803289.792510,22853,29780202,6405195.591460,0
1747498500000,0.215210,0.215520,0.213770,0.214160,63697549,1747499399999,13655370.165240,26982,33355125,7150228.387120,0
1747499400000,0.214160,0.214220,0.211520,0.212480,103351740,1747500299999,21968243.916870,39804,43871243,9324082.935290,0
1747500300000,0.212470,0.213800,0.210600,0.213780,132831479,1747501199999,28121133.318520,53215,70136783,14845308.203540,0
1747501200000,0.213780,0.215020,0.213280,0.214520,66985230,1747502099999,14347374.573170,28384,30982693,6636212.877700,0
1747502100000,0.214530,0.214990,0.213360,0.214910,48754783,1747502999999,10438971.749510,23783,26109271,5590930.494060,0
1747503000000,0.214910,0.215860,0.214410,0.215400,50464340,1747503899999,10856280.271510,26836,29788629,6407798.530170,0
1747503900000,0.215400,0.215510,0.213750,0.213870,34568546,1747504799999,7422204.854210,15960,16231995,3485827.262120,0
1747504800000,0.213860,0.215440,0.213570,0.214990,64093610,1747505699999,13739286.307910,34620,33600688,7202842.389130,0
1747505700000,0.214980,0.216210,0.213810,0.216140,74965048,1747506599999,16143106.044150,33783,46501364,10013213.751480,0
1747506600000,0.216130,0.216230,0.214850,0.215100,50073864,1747507499999,10786493.069780,22009,19344902,4164582.335670,0
1747507500000,0.215090,0.215090,0.213610,0.213940,36284774,1747508399999,7773908.622790,18068,12117196,2596238.451170,0
1747508400000,0.213950,0.214830,0.213180,0.214650,43508761,1747509299999,9307651.229570,20378,24379222,5217316.596530,0
1747509300000,0.214650,0.215360,0.214350,0.214550,24589715,1747510199999,5285114.840660,13515,12908447,2774676.119220,0
1747510200000,0.214550,0.214660,0.213540,0.214650,37890398,1747511099999,8108732.693640,19195,15178403,3248656.348620,0
1747511100000,0.214650,0.214890,0.214090,0.214390,32341494,1747511999999,6936389.096620,20788,14088190,3021690.620450,0
1747512000000,0.214390,0.215610,0.213610,0.213680,58348165,1747512899999,12527585.119930,26707,27741718,5956211.826910,0
1747512900000,0.213680,0.214860,0.213610,0.214350,41174538,1747513799999,8816815.762290,24775,20311496,4349062.840870,0
1747513800000,0.214340,0.215340,0.214320,0.215230,24838248,1747514699999,5337852.429460,15115,12414502,2667975.190780,0
1747514700000,0.215220,0.217720,0.214610,0.217190,71928663,1747515599999,15575521.837630,31626,40045903,8670273.715100,0
1747515600000,0.217190,0.217430,0.216070,0.216300,41441659,1747516499999,8978686.634370,19883,20823287,4511852.089960,0
1747516500000,0.216290,0.216510,0.215290,0.216230,42665307,1747517399999,9209128.275040,15323,17376982,3752635.418960,0
1747517400000,0.216240,0.216760,0.215840,0.216310,23648358,1747518299999,5117089.781070,11546,12964996,2805284.990850,0
1747518300000,0.216300,0.216740,0.215900,0.216510,13659508,1747519199999,2954812.496630,9826,6209159,1343216.074640,0
1747519200000,0.216510,0.216590,0.213370,0.213770,84170420,1747520099999,18083042.692400,37216,34413398,7387170.628050,0
1747520100000,0.213770,0.213770,0.212170,0.212440,70140748,1747520999999,14933027.712750,30223,29355586,6250098.221370,0
1747521000000,0.212440,0.213720,0.211880,0.213530,40480878,1747521899999,8614701.742760,17362,22164987,4716547.102830,0
1747521900000,0.213530,0.213720,0.212900,0.213330,23589826,1747522799999,5032779.790690,13883,9144000,1950653.245760,0
1747522800000,0.213340,0.214470,0.212670,0.214250,35162966,1747523699999,7515947.030340,20646,15367159,3284580.072220,0
1747523700000,0.214260,0.215060,0.213780,0.214890,28244128,1747524599999,6059103.015680,19757,19083743,4093817.470170,0
1747524600000,0.214890,0.214900,0.214280,0.214360,23002331,1747525499999,4936543.108700,11444,9620555,2064946.258720,0
1747525500000,0.214360,0.214850,0.214160,0.214490,19079891,1747526399999,4092655.350780,11374,10608224,2275475.090850,0
1747526400000,0.214500,0.215460,0.214270,0.214900,37750833,1747527299999,8112149.999440,19588,19358375,4160288.622410,0
1747527300000,0.214900,0.215530,0.214540,0.214860,30068724,1747528199999,6466213.246320,18207,12434926,2673864.662910,0
1747528200000,0.214860,0.215230,0.213880,0.214170,49557610,1747529099999,10631003.301550,27511,26252813,5632556.136850,0
1747529100000,0.214160,0.216080,0.213910,0.215750,53177595,1747529999999,11455939.813220,24337,22891962,4930790.579610,0
1747530000000,0.215750,0.216070,0.215060,0.215270,27109494,1747530899999,5842966.151530,16099,12589159,2713708.223100,0
1747530900000,0.215260,0.216600,0.215120,0.215500,42933708,1747531799999,9275621.111220,21375,17771796,3840079.128410,0
1747531800000,0.215490,0.216100,0.215040,0.215590,21824388,1747532699999,4704411.309470,13562,10553824,2274892.209340,0
1747532700000,0.215590,0.216880,0.215300,0.216450,26121973,1747533599999,5647632.859830,16222,11136189,2407542.108640,0
1747533600000,0.216450,0.216870,0.216040,0.216710,23657121,1747534499999,5120749.165350,14861,12997223,2813416.203470,0
1747534500000,0.216700,0.216710,0.216000,0.216150,13744857,1747535399999,2972575.532140,10088,5353057,1157687.280220,0
1747535400000,0.216160,0.216590,0.215630,0.215980,20576395,1747536299999,4445673.608390,13297,9244629,1997508.689760,0
1747536300000,0.215980,0.216740,0.215810,0.216310,17407727,1747537199999,3766868.677230,10355,9349966,2023044.890930,0
1747537200000,0.216310,0.216960,0.215300,0.215380,45628383,1747538099999,9864063.728180,18436,15320917,3311955.740360,0
1747538100000,0.215390,0.215420,0.214060,0.214060,51878710,1747538999999,11141790.841110,20824,21708927,4663450.060650,0
1747539000000,0.214070,0.215930,0.214030,0.215830,38802956,1747539899999,8345283.879230,16516,26959499,5796933.403680,0
1747539900000,0.215820,0.216280,0.215390,0.215580,24590485,1747540799999,5309256.054860,10731,14038269,3031052.187410,0
1747540800000,0.215590,0.216220,0.215470,0.216050,12999889,1747541699999,2806684.900540,9955,6944240,1499263.195070,0
1747541700000,0.216040,0.216530,0.215840,0.216210,14340230,1747542599999,3101746.271790,15190,6675100,1443877.086140,0
1747542600000,0.216210,0.216850,0.215990,0.216690,28914556,1747543499999,6260886.015360,12043,20043121,4340514.846560,0
1747543500000,0.216690,0.216930,0.216330,0.216550,21891042,1747544399999,4743717.182500,10202,8903653,1929642.505310,0
1747544400000,0.216540,0.218220,0.216540,0.217710,47072011,1747545299999,10242889.330890,19462,26921996,5857396.748650,0
1747545300000,0.217710,0.219720,0.217710,0.219120,78874073,1747546199999,17277251.433980,32606,45298851,9921296.950320,0
1747546200000,0.219120,0.219480,0.218580,0.218830,32627377,1747547099999,7143774.123520,17436,14568994,3190242.092850,0
1747547100000,0.218830,0.221460,0.218780,0.221010,79720067,1747547999999,17564821.708470,34970,42694300,9405391.231380,0
1747548000000,0.221010,0.221540,0.220340,0.221420,80970875,1747548899999,17883002.088800,27504,37864358,8364123.850320,0
1747548900000,0.221420,0.221950,0.220070,0.220390,71208778,1747549799999,15727897.291610,24855,32907379,7269193.773190,0
1747549800000,0.220390,0.220500,0.219210,0.219950,66666719,1747550699999,14650207.185310,21737,24789266,5448219.419500,0
1747550700000,0.219950,0.220170,0.219050,0.219370,29681788,1747551599999,6514579.599570,15660,11493772,2522736.562380,0
1747551600000,0.219370,0.220320,0.218860,0.220090,49397122,1747552499999,10838898.391540,19772,25654435,5628373.122940,0
1747552500000,0.220100,0.220920,0.220040,0.220720,31688342,1747553399999,6984434.585390,14548,17077372,3764678.778770,0
1747553400000,0.220710,0.220780,0.220010,0.220530,22155439,1747554299999,4881758.502220,12385,9190401,2025204.542530,0
1747554300000,0.220530,0.221970,0.220270,0.221790,48630221,1747555199999,10758648.637360,16614,29147974,6448830.583870,0
1747555200000,0.221790,0.224060,0.221750,0.222730,161543140,1747556099999,36006343.948850,50306,89250945,19893890.178690,0
1747556100000,0.222740,0.224320,0.222500,0.223880,71128284,1747556999999,15877726.946630,26171,38159014,8517053.662430,0
1747557000000,0.223890,0.224240,0.223190,0.223440,64079319,1747557899999,14330778.018790,24290,27722047,6199261.484570,0
1747557900000,0.223440,0.224880,0.223260,0.223970,56800446,1747558799999,12738998.467970,21870,28680855,6435003.058040,0
1747558800000,0.223980,0.225120,0.223980,0.224970,43648412,1747559699999,9799193.645660,24408,23922451,5370517.181960,0
1747559700000,0.224970,0.224970,0.222800,0.223450,92861808,1747560599999,20768523.901400,28339,38498609,8612170.182370,0
1747560600000,0.223450,0.223690,0.222190,0.222370,63625703,1747561499999,14177938.148150,29793,29498373,6573556.754170,0
1747561500000,0.222370,0.222840,0.221770,0.222390,58883058,1747562399999,13089811.257030,21056,27018446,6005727.000860,0
1747562400000,0.222390,0.223390,0.222390,0.223360,48923634,1747563299999,10904755.459300,17698,29590558,6595153.907010,0
1747563300000,0.223350,0.223520,0.222030,0.222040,37845460,1747564199999,8426719.926210,15367,15715124,3499715.631970,0
1747564200000,0.222040,0.222360,0.221810,0.222060,40841731,1747565099999,9068342.570190,14229,17698890,3930131.236220,0
1747565100000,0.222060,0.222560,0.221970,0.222500,19868127,1747565999999,4415405.572180,9406,9382876,2085764.103210,0
1747566000000,0.222490,0.223200,0.222320,0.223050,32399946,1747566899999,7222840.952070,13222,14340524,3196467.293480,0
1747566900000,0.223040,0.223730,0.222890,0.223030,25602130,1747567799999,5718484.270880,13416,13255041,2960931.558020,0
1747567800000,0.223030,0.223830,0.222350,0.222370,45808479,1747568699999,10227456.480750,17209,28185297,6296442.161570,0
1747568700000,0.222370,0.222740,0.222010,0.222150,30131954,1747569599999,6698250.790150,13424,12947950,2878478.152140,0
1747569600000,0.222140,0.222240,0.221110,0.222030,70397717,1747570499999,15604598.047650,22592,33755788,7481656.797500,0
1747570500000,0.222020,0.223530,0.221710,0.223140,54707293,1747571399999,12191382.123900,19994,23518239,5241045.851670,0
1747571400000,0.223140,0.223500,0.222920,0.223070,22829194,1747572299999,5093910.383720,13251,11388498,2541190.925760,0
1747572300000,0.223070,0.224600,0.222840,0.224460,52082403,1747573199999,11657363.203760,18387,34395537,7699350.320170,0
1747573200000,0.224460,0.224780,0.223670,0.224040,42328056,1747574099999,9486415.564070,16615,17735510,3976125.732350,0
1747574100000,0.224040,0.224410,0.223610,0.223960,22206266,1747574999999,4974005.214680,12011,12516185,2803299.231140,0
1747575000000,0.223960,0.225920,0.223810,0.225180,109655908,1747575899999,24673178.888920,37658,57864195,13023524.024500,0
1747575900000,0.225180,0.226830,0.224210,0.226600,77584521,1747576799999,17481330.457580,30716,43944321,9904067.153090,0
1747576800000,0.226610,0.227420,0.225370,0.225460,111972329,1747577699999,25345202.039480,35640,53454605,12100935.022730,0
1747577700000,0.225460,0.226870,0.225460,0.226680,52903369,1747578599999,11976270.828730,24588,26812373,6069095.790980,0
1747578600000,0.226680,0.229550,0.226680,0.228660,146362978,1747579499999,33396628.557650,50639,80601386,18385648.767450,0
1747579500000,0.228650,0.231700,0.228620,0.230210,174910066,1747580399999,40279075.150180,58019,90313690,20795969.951420,0
1747580400000,0.230220,0.231440,0.228640,0.231310,146144695,1747581299999,33599820.039710,54827,76056948,17490708.536200,0
1747581300000,0.231310,0.232900,0.230380,0.232630,107907275,1747582199999,25041642.941170,50624,52649092,12220071.083390,0
1747582200000,0.232630,0.235820,0.231900,0.235260,165083533,1747583099999,38605474.952530,61186,95175178,22262788.894410,0
1747583100000,0.235260,0.237420,0.234630,0.236520,221320462,1747583999999,52270434.582500,77441,110479586,26096785.686650,0
1747584000000,0.236530,0.237930,0.235110,0.236130,193484989,1747584899999,45746125.187570,64259,100563750,23772802.366980,0
1747584900000,0.236140,0.236340,0.232770,0.234200,216648346,1747585799999,50787965.860230,65267,96075486,22515543.191890,0
1747585800000,0.234200,0.235420,0.233050,0.234310,170772780,1747586699999,39998252.867140,63325,68842482,16128628.103170,0
1747586700000,0.234310,0.236890,0.233680,0.235820,114104104,1747587599999,26871694.397780,45337,59826120,14086677.931050,0
1747587600000,0.235840,0.236200,0.234890,0.235670,60010163,1747588499999,14136826.397720,31142,33823965,7968117.890530,0
1747588500000,0.235670,0.235780,0.232330,0.233760,177817347,1747589399999,41570658.916840,52537,80781875,18890635.807420,0
1747589400000,0.233760,0.234310,0.231760,0.234120,183424244,1747590299999,42779908.770730,60286,92759445,21637035.615960,0
1747590300000,0.234120,0.234400,0.229920,0.230240,206873524,1747591199999,47980956.311710,62924,85595246,19866928.706470,0
1747591200000,0.230250,0.230630,0.227000,0.228280,337266823,1747592099999,77094095.221060,127434,167179394,38227160.983140,0
1747592100000,0.228280,0.229170,0.225630,0.229070,211133871,1747592999999,48005801.963620,80125,109707829,24965073.146790,0
1747593000000,0.229060,0.229230,0.227640,0.228360,71349767,1747593899999,16302554.670430,42880,36033513,8232434.352960,0
1747593900000,0.228360,0.228950,0.226490,0.227740,71518035,1747594799999,16262428.134220,39007,34130940,7760462.608040,0
1747594800000,0.227730,0.228510,0.227110,0.228230,57615298,1747595699999,13127579.102770,31476,29661585,6759602.800040,0
1747595700000,0.228220,0.228870,0.226960,0.228150,49082187,1747596599999,11183806.484880,26328,23789788,5421222.901040,0
1747596600000,0.228150,0.228230,0.223170,0.223870,203007228,1747597499999,45666653.906110,83687,85582692,19241772.349270,0
1747597500000,0.223870,0.224130,0.221800,0.222290,121117710,1747598399999,27001434.409680,63803,63501374,14161224.490030,0
1747598400000,0.222290,0.222290,0.218420,0.219440,276664244,1747599299999,60848089.564440,110494,130191214,28638478.536870,0
1747599300000,0.219430,0.221130,0.219300,0.220830,90635694,1747600199999,19956254.880720,42774,53735654,11832187.254480,0
1747600200000,0.220820,0.223120,0.220210,0.223110,105176616,1747601099999,23329022.526870,44522,66278706,14703506.189920,0
1747601100000,0.223100,0.223680,0.222460,0.222950,80260622,1747601999999,17901590.430060,31003,41822821,9329303.169040,0
1747602000000,0.222950,0.224800,0.222890,0.224590,61026702,1747602899999,13671912.578730,32659,32588057,7300071.732680,0
1747602900000,0.224590,0.225580,0.224190,0.225570,41838455,1747603799999,9411641.229580,17753,20969446,4717714.458300,0
1747603800000,0.225580,0.226410,0.224330,0.224990,55984110,1747604699999,12608144.771890,31121,26509001,5969660.811160,0
1747604700000,0.225000,0.225340,0.222800,0.223550,42538131,1747605599999,9525396.171650,24348,14785015,3311463.730830,0
1747605600000,0.223540,0.223910,0.221020,0.222080,96725026,1747606499999,21495150.586430,52834,40770332,9064105.892410,0
1747606500000,0.222070,0.225170,0.221030,0.224570,93336557,1747607399999,20842582.288610,49885,51874367,11583415.340790,0
1747607400000,0.224570,0.226300,0.224470,0.225820,83124459,1747608299999,18754100.082050,45692,43416040,9794790.104580,0
1747608300000,0.225840,0.229130,0.225780,0.228950,92368171,1747609199999,21012599.096510,45025,59636343,13566876.160450,0
1747609200000,0.228940,0.229070,0.227330,0.228090,79310944,1747610099999,18085892.613660,40141,39612834,9033443.912790,0
1747610100000,0.228090,0.229800,0.227390,0.229710,47498833,1747610999999,10863590.778420,26776,22881139,5234097.816690,0
1747611000000,0.229700,0.230530,0.229030,0.230520,63583325,1747611899999,14608708.176640,32290,30114852,6920767.570150,0
1747611900000,0.230520,0.234440,0.229980,0.232960,164872628,1747612799999,38372338.410880,73000,91290964,21254972.100810,0
1747612800000,0.232970,0.235760,0.231550,0.232370,210306439,1747613699999,49075785.952380,98247,101043200,23577150.821240,0
1747613700000,0.232380,0.232740,0.229360,0.229380,178526861,1747614599999,41217782.170800,76968,81290503,18776992.251740,0
1747614600000,0.229380,0.229900,0.226120,0.226860,164129676,1747615499999,37438296.313030,74251,70949075,16190132.197420,0
1747615500000,0.226850,0.228350,0.225220,0.227500,130884774,1747616399999,29721757.633150,66034,65610342,14901468.629460,0
1747616400000,0.227500,0.228320,0.225410,0.226300,120644110,1747617299999,27366126.628940,66666,61124352,13865811.280730,0
1747617300000,0.226300,0.226420,0.224050,0.225750,116826774,1747618199999,26315744.966340,55083,57505280,12956136.717890,0
1747618200000,0.225750,0.226960,0.224290,0.224660,75450199,1747619099999,17016456.992610,40990,32834543,7403632.758210,0
1747619100000,0.224660,0.225620,0.224360,0.224510,51458546,1747619999999,11574930.951740,28334,26690919,6003632.961370,0
1747620000000,0.224510,0.225400,0.222080,0.222170,100221861,1747620899999,22420014.857790,52310,43371738,9703337.887170,0
1747620900000,0.222180,0.223900,0.222180,0.223890,64612433,1747621799999,14413123.394580,31080,37904658,8457420.989860,0
1747621800000,0.223880,0.224740,0.223290,0.223330,49072918,1747622699999,10999521.106600,24013,24732489,5543862.584870,0
1747622700000,0.223340,0.223490,0.222060,0.222590,49402121,1747623599999,11000023.212470,23284,23771395,5293187.673640,0
1747623600000,0.222590,0.222750,0.220640,0.220680,76086349,1747624499999,16856448.079940,34965,29202724,6471366.331540,0
1747624500000,0.220670,0.221840,0.220470,0.221000,54519421,1747625399999,12058425.743760,32140,29366021,6495747.666840,0
1747625400000,0.220990,0.221470,0.219350,0.219660,94534938,1747626299999,20827573.433250,36395,44749981,9863987.387380,0
1747626300000,0.219660,0.220340,0.219180,0.219450,74765258,1747627199999,16423991.794350,31702,38145549,8379154.892120,0
1747627200000,0.219450,0.221410,0.218270,0.221050,159025948,1747628099999,34951795.617200,79069,83999568,18471508.674930,0
1747628100000,0.221060,0.221120,0.218790,0.219540,88886181,1747628999999,19552415.391350,34352,43951709,9670931.211680,0
1747629000000,0.219530,0.220280,0.217100,0.218960,135268935,1747629899999,29586364.635440,63834,58227879,12745665.357900,0
1747629900000,0.218970,0.219160,0.216080,0.217500,128147309,1747630799999,27845428.216370,52690,59534750,12940451.524520,0
1747630800000,0.217510,0.218020,0.216020,0.217640,85967786,1747631699999,18667950.265160,43127,44813744,9733572.999590,0
1747631700000,0.217640,0.218060,0.216900,0.217530,45101408,1747632599999,9808178.932180,25434,22979424,4997384.525740,0
1747632600000,0.217530,0.219080,0.216430,0.218700,119761265,1747633499999,26097234.094690,53169,62754654,13676620.127390,0
1747633500000,0.218690,0.218770,0.217530,0.218110,60605618,1747634399999,13215241.999940,27511,31808671,6934935.473660,0
1747634400000,0.218110,0.219840,0.217340,0.219590,92151735,1747635299999,20176701.098640,40631,45879402,10044829.117360,0
1747635300000,0.219580,0.219580,0.217510,0.218000,68304801,1747636199999,14912295.502470,28597,36353295,7936513.281560,0
1747636200000,0.218000,0.218050,0.215070,0.216250,126764646,1747637099999,27404835.365060,56988,47795092,10337108.102650,0
1747637100000,0.216240,0.216670,0.213910,0.214330,119235884,1747637999999,25652215.301900,51373,45900133,9873397.618030,0
1747638000000,0.214330,0.217580,0.214130,0.217110,95419136,1747638899999,20603011.988300,52857,55631522,12011191.431980,0
1747638900000,0.217120,0.218680,0.216990,0.217860,82505195,1747639799999,17989371.735450,34427,43706621,9530010.949060,0
1747639800000,0.217850,0.218560,0.217630,0.218240,58368159,1747640699999,12730705.975690,25755,32532006,7095246.832190,0
1747640700000,0.218230,0.218450,0.217550,0.217770,44277501,1747641599999,9654710.144480,18508,17520683,3820515.868490,0
1747641600000,0.217770,0.217830,0.215260,0.216980,119387885,1747642499999,25872224.325920,44940,51826843,11230930.729330,0
1747642500000,0.216980,0.217970,0.216170,0.216240,64898181,1747643399999,14088456.501940,30538,32887292,7140954.845930,0
1747643400000,0.216240,0.216490,0.215180,0.215760,65068582,1747644299999,14041526.912670,26338,31233047,6740363.278890,0
1747644300000,0.215760,0.217230,0.215700,0.216720,48972963,1747645199999,10612194.016870,22042,22120796,4794390.233230,0
1747645200000,0.216730,0.217610,0.215290,0.216180,68412899,1747646099999,14808057.164370,35263,33436114,7237156.691710,0
1747646100000,0.216170,0.217580,0.216090,0.217220,39612633,1747646999999,8598807.815560,19797,22827991,4954567.980950,0
1747647000000,0.217220,0.218020,0.217210,0.217960,48741453,1747647899999,10612769.141840,21890,28117409,6122818.723870,0
1747647900000,0.217970,0.217970,0.216720,0.216850,37006448,1747648799999,8038782.593290,16046,16624203,3611893.116300,0
1747648800000,0.216850,0.217020,0.215560,0.215920,62191931,1747649699999,13442804.438490,25528,24453953,5285656.505460,0
1747649700000,0.215930,0.217180,0.215920,0.217110,46905051,1747650599999,10163001.911610,23054,27097660,5871962.115650,0
1747650600000,0.217100,0.217610,0.216440,0.217550,38536516,1747651499999,8365275.884670,18866,18621068,4042547.498820,0
1747651500000,0.217550,0.217930,0.217150,0.217160,30617005,1747652399999,6662280.215880,15085,12909270,2809351.083160,0
1747652400000,0.217170,0.217800,0.216330,0.216480,40911326,1747653299999,8877759.390960,17963,19283389,4184071.738610,0
1747653300000,0.216470,0.217350,0.216380,0.216880,27676558,1747654199999,6003538.130580,13655,13648875,2961572.992910,0
1747654200000,0.216870,0.217680,0.216200,0.217600,33687294,1747655099999,7310005.306550,15809,15690791,3405379.542450,0
1747655100000,0.217600,0.217800,0.217050,0.217060,24357197,1747655999999,5296503.326940,12388,9636532,2095718.196690,0
1747656000000,0.217060,0.217220,0.215440,0.215830,57961475,1747656899999,12522937.658090,29789,29909918,6460403.417960,0
1747656900000,0.215830,0.216240,0.215070,0.216100,53758021,1747657799999,11592151.823360,21706,21723647,4684582.216800,0
1747657800000,0.216090,0.216100,0.214560,0.215210,68284133,1747658699999,14691034.962950,32152,28403576,6111768.107030,0
1747658700000,0.215200,0.215200,0.213680,0.215120,81695770,1747659599999,17512903.000470,26945,39930924,8560265.056620,0
1747659600000,0.215110,0.216160,0.214990,0.215080,61446023,1747660499999,13246560.465250,24793,30684931,6615235.162040,0
1747660500000,0.215080,0.216310,0.214900,0.215970,37051648,1747661399999,7993413.423580,17418,17423964,3758912.912910,0
1747661400000,0.215970,0.218490,0.215280,0.218080,150753473,1747662299999,32742608.496160,67346,70385653,15290341.992800,0
1747662300000,0.218100,0.219550,0.217870,0.218330,170961717,1747663199999,37398935.411030,59230,83185440,18198368.412570,0
1747663200000,0.218320,0.219280,0.217410,0.218310,109425957,1747664099999,23897634.054530,41914,46578177,10172523.351230,0
1747664100000,0.218300,0.220150,0.217750,0.218430,86034047,1747664999999,18853023.706170,33971,43221447,9472407.191300,0
1747665000000,0.218440,0.219800,0.218380,0.219150,45766099,1747665899999,10031082.683310,22893,22928074,5026436.796360,0
1747665900000,0.219160,0.221070,0.219030,0.220260,93017654,1747666799999,20488052.230060,35098,47022089,10356914.169720,0
1747666800000,0.220260,0.222790,0.220050,0.222010,119200959,1747667699999,26415641.054070,49993,56231581,12457638.578990,0
1747667700000,0.222010,0.222450,0.220050,0.220280,112165747,1747668599999,24806990.021190,36712,50804764,11238904.562310,0
1747668600000,0.220280,0.222010,0.220050,0.221840,53763007,1747669499999,11901151.787740,26576,24691016,5464496.311580,0
1747669500000,0.221840,0.222400,0.220620,0.221120,49301470,1747670399999,10914463.267930,21417,22443567,4969990.143240,0
1747670400000,0.221110,0.221290,0.219160,0.219500,100618781,1747671299999,22125432.874420,34745,46580234,10241416.636750,0
1747671300000,0.219490,0.221740,0.219330,0.221680,62384767,1747672199999,13758764.043280,27824,33442449,7376517.018830,0
1747672200000,0.221690,0.221910,0.220230,0.221430,62207756,1747673099999,13745517.018270,24757,26877322,5939217.696770,0
1747673100000,0.221420,0.223830,0.221010,0.223750,93783750,1747673999999,20894534.771680,40968,52124411,11612829.309710,0
1747674000000,0.223750,0.226110,0.223380,0.223540,150662926,1747674899999,33864875.777790,62274,72537387,16307110.810150,0
1747674900000,0.223530,0.225150,0.223080,0.224170,141945241,1747675799999,31825034.164380,45467,71349450,15998756.944180,0
1747675800000,0.224180,0.224520,0.223190,0.223700,66570756,1747676699999,14898319.136680,30838,28943527,6478326.418990,0
1747676700000,0.223710,0.224270,0.223340,0.223930,51662008,1747677599999,11564728.498620,26158,24432810,5469456.592670,0
1747677600000,0.223930,0.224860,0.223470,0.223700,58322942,1747678499999,13074677.122750,27303,25071375,5621085.583040,0
1747678500000,0.223700,0.223960,0.222080,0.222720,79262204,1747679399999,17655909.032230,34864,37524493,8358013.167000,0
1747679400000,0.222710,0.223980,0.221380,0.223710,106195283,1747680299999,23607822.986160,36408,51687830,11492915.035580,0
1747680300000,0.223710,0.223960,0.222280,0.222610,47674232,1747681199999,10626679.046260,21469,18279993,4073830.819710,0
1747681200000,0.222610,0.222950,0.221860,0.222810,50160488,1747682099999,11154929.550930,24119,25894888,5758561.496430,0
1747682100000,0.222810,0.223990,0.222410,0.223450,59859572,1747682999999,13375154.354260,24026,35400991,7911545.384660,0
1747683000000,0.223450,0.225000,0.223450,0.224070,55219982,1747683899999,12391551.470860,24573,31810904,7137920.953040,0
1747683900000,0.224070,0.224470,0.223740,0.224220,38640781,1747684799999,8660161.497880,17597,16890363,3786520.127150,0
1747684800000,0.224220,0.224720,0.223210,0.223390,53145283,1747685699999,11902353.772650,23253,23451593,5251095.672890,0
1747685700000,0.223390,0.225390,0.223390,0.225220,41030454,1747686599999,9214296.268880,22190,23525409,5284472.118530,0
1747686600000,0.225220,0.225230,0.224210,0.224540,36138804,1747687499999,8118641.773950,15531,16178817,3634770.676330,0
1747687500000,0.224540,0.225270,0.224150,0.224690,36927515,1747688399999,8293048.566550,17222,16851559,3784613.829710,0
1747688400000,0.224690,0.224890,0.223560,0.224400,42297063,1747689299999,9479437.162340,18135,14502321,3250517.185090,0
1747689300000,0.224400,0.224650,0.222780,0.222850,30933494,1747690199999,6916691.766820,16881,10539733,2356688.028340,0
1747690200000,0.222850,0.223880,0.222850,0.223750,24871957,1747691099999,5558906.776180,13017,13872578,3099809.026040,0
1747691100000,0.223750,0.224360,0.223750,0.224190,16904938,1747691999999,3788101.732970,9901,5803028,1300340.622600,0
1747692000000,0.224180,0.224180,0.222710,0.222780,36533125,1747692899999,8164819.088170,18302,13778946,3079744.989600,0
1747692900000,0.222790,0.222870,0.222170,0.222320,40824244,1747693799999,9084000.817940,15998,19407721,4319565.663890,0
1747693800000,0.222310,0.223160,0.222300,0.223100,16627425,1747694699999,3703906.767340,10826,8792998,1958875.666350,0
1747694700000,0.223090,0.223430,0.222960,0.223200,14377751,1747695599999,3208963.813600,8994,5875423,1311400.654380,0
1747695600000,0.223210,0.224250,0.223070,0.223640,32658109,1747696499999,7309608.010600,13518,15369311,3439380.694090,0
1747696500000,0.223640,0.223980,0.223200,0.223210,14423953,1747697399999,3224222.530630,8544,6034297,1349065.550910,0
1747697400000,0.223210,0.224230,0.223000,0.224200,22027961,1747698299999,4925725.928350,12014,11792226,2637136.241190,0
1747698300000,0.224200,0.224830,0.224200,0.224370,25826423,1747699199999,5796410.097630,12546,12850565,2884172.744990,0
1747699200000,0.224370,0.226500,0.224240,0.226230,65099439,1747700099999,14673618.319050,28296,31675936,7140178.277720,0
1747700100000,0.226230,0.228230,0.224670,0.224770,138173524,1747700999999,31291459.136040,56675,65145912,14757674.000820,0
1747701000000,0.224770,0.226750,0.224260,0.225280,82624336,1747701899999,18609469.002340,47666,42345521,9537273.982500,0
1747701900000,0.225280,0.225580,0.223660,0.223940,56628613,1747702799999,12700534.721780,27746,22419256,5028370.694020,0
1747702800000,0.223930,0.225620,0.223560,0.224780,49008807,1747703699999,11011850.120810,28257,26286454,5906402.926780,0
1747703700000,0.224790,0.226400,0.224100,0.225930,51580904,1747704599999,11620935.077060,28709,26762532,6028955.321100,0
1747704600000,0.225930,0.228570,0.225900,0.227310,78212959,1747705499999,17791290.414410,44513,38259117,8705071.799480,0
1747705500000,0.227300,0.229120,0.227000,0.227790,73391121,1747706399999,16738264.091120,32090,35008479,7988211.370560,0
1747706400000,0.227800,0.230000,0.227800,0.229750,84179004,1747707299999,19291455.093280,48427,44696925,10246636.549340,0
1747707300000,0.229730,0.230770,0.228400,0.228440,113532332,1747708199999,26083223.850960,45126,60768125,13963979.139480,0
1747708200000,0.228440,0.228960,0.227890,0.227890,71166211,1747709099999,16251281.044540,33853,30321835,6925137.396650,0
1747709100000,0.227890,0.228170,0.226640,0.227150,68990206,1747709999999,15686357.911470,35791,31301395,7118167.375230,0
1747710000000,0.227160,0.227460,0.226330,0.226580,63370392,1747710899999,14375008.195320,26219,29604743,6715831.634420,0
1747710900000,0.226580,0.227230,0.225840,0.226830,55819831,1747711799999,12642534.926630,25384,28947796,6558203.039500,0
1747711800000,0.226830,0.226980,0.225050,0.225260,95863460,1747712699999,21639030.871810,35222,50211422,11332910.117120,0
1747712700000,0.225260,0.225760,0.224620,0.225720,86314251,1747713599999,19435305.530780,22895,44454784,10010215.438550,0
1747713600000,0.225720,0.225930,0.224220,0.224740,81253770,1747714499999,18290322.710040,22332,36843663,8292831.141210,0
1747714500000,0.224740,0.224930,0.224160,0.224480,38423716,1747715399999,8629594.774580,15932,19940644,4479412.683630,0
1747715400000,0.224480,0.225450,0.224300,0.225160,28717628,1747716299999,6461942.205770,15407,14751216,3319115.843960,0
1747716300000,0.225160,0.227330,0.225130,0.226900,65002961,1747717199999,14720586.808000,24118,37504908,8492203.149340,0
1747717200000,0.226890,0.228040,0.226510,0.227720,63692048,1747718099999,14478196.281660,29224,33206293,7550343.221950,0
1747718100000,0.227720,0.228010,0.227270,0.227550,31026383,1747718999999,7063330.959470,14468,14327298,3261545.508080,0
1747719000000,0.227550,0.227730,0.226140,0.226360,52691179,1747719899999,11945380.869320,19825,19353495,4388330.752590,0
1747719900000,0.226350,0.226830,0.225870,0.225950,26203832,1747720799999,5931098.819760,13697,9733850,2204093.224010,0
1747720800000,0.225940,0.226360,0.224770,0.224890,54205999,1747721699999,12212920.579400,24845,25973345,5852318.977860,0
1747721700000,0.224880,0.225380,0.223120,0.223510,87172490,1747722599999,19530705.079750,29310,33658724,7546705.503370,0
1747722600000,0.223520,0.224420,0.223130,0.224390,47023633,1747723499999,10527682.827710,20012,22416463,5018718.498190,0
1747723500000,0.224390,0.225450,0.224250,0.224690,51403592,1747724399999,11562818.420660,17946,28547678,6420463.033700,0
1747724400000,0.224690,0.225160,0.222800,0.224690,84231702,1747725299999,18878820.262100,31235,41841803,9378010.492960,0
1747725300000,0.224690,0.224950,0.223650,0.224010,38155939,1747726199999,8549921.652100,20154,17513971,3924221.543860,0
1747726200000,0.224010,0.224310,0.222890,0.223000,66407006,1747727099999,14830763.780750,29635,29102267,6499106.735130,0
1747727100000,0.223000,0.223000,0.221720,0.222350,95621011,1747727999999,21251791.862160,29032,45450732,10102185.903670,0
1747728000000,0.222340,0.223240,0.220730,0.220910,92321646,1747728899999,20506487.434820,38578,41815718,9293064.406660,0
1747728900000,0.220900,0.221380,0.220250,0.220760,90154996,1747729799999,19913020.980140,33713,40880151,9031510.713960,0
1747729800000,0.220760,0.221800,0.220530,0.221760,62049123,1747730699999,13728439.296310,23510,33772472,7473283.642300,0
1747730700000,0.221770,0.222280,0.221010,0.221460,51249760,1747731599999,11360557.764600,17605,29242151,6482994.307060,0
1747731600000,0.221450,0.222780,0.221150,0.222210,91965678,1747732499999,20433865.401580,28235,51656888,11476363.851090,0
1747732500000,0.222210,0.222570,0.220990,0.221230,65422822,1747733399999,14491143.512300,21175,23364582,5175146.130000,0
1747733400000,0.221230,0.222360,0.221050,0.221760,57533665,1747734299999,12764566.824580,19013,21904060,4858632.324290,0
1747734300000,0.221760,0.221990,0.221160,0.221360,18478363,1747735199999,4093233.014220,11064,7420697,1643873.971150,0
1747735200000,0.221350,0.222430,0.220600,0.221120,56455027,1747736099999,12504520.040110,25381,30744847,6809475.654660,0
1747736100000,0.221120,0.221210,0.219800,0.220870,58185780,1747736999999,12832876.187740,23081,23060244,5088014.884050,0
1747737000000,0.220870,0.220900,0.219550,0.220490,44486015,1747737899999,9793070.207290,19148,18996577,4181804.430160,0
1747737900000,0.220490,0.220620,0.219440,0.220480,37498723,1747738799999,8256446.970910,15642,19644973,4326015.653530,0
1747738800000,0.220480,0.220570,0.219000,0.219230,48616130,1747739699999,10672806.477380,18370,22336694,4904569.716960,0
1747739700000,0.219230,0.220070,0.218600,0.219940,47090226,1747740599999,10325922.190400,23051,20975054,4599992.410390,0
1747740600000,0.219940,0.221210,0.219940,0.221030,76364860,1747741499999,16857408.037820,27897,43380503,9575489.632680,0
1747741500000,0.221030,0.221080,0.220350,0.220690,37473913,1747742399999,8271568.387740,13221,14901814,3288996.701190,0
1747742400000,0.220690,0.220710,0.219610,0.219870,36116094,1747743299999,7945634.522600,13938,19128559,4208424.087270,0
1747743300000,0.219870,0.220330,0.218940,0.219170,44995699,1747744199999,9873456.165200,19276,21921047,4809946.233400,0
1747744200000,0.219170,0.219490,0.217890,0.218660,69728188,1747745099999,15237001.681230,26477,30209366,6602956.793310,0
1747745100000,0.218660,0.219530,0.218210,0.219400,47608608,1747745999999,10425429.213280,18796,23392388,5122847.521940,0
1747746000000,0.219400,0.219980,0.218520,0.218560,42856547,1747746899999,9398639.875550,16722,21713356,4762679.411950,0
1747746900000,0.218560,0.219970,0.218510,0.219360,40855941,1747747799999,8961825.548440,16898,17983938,3944668.385450,0
1747747800000,0.219360,0.220060,0.218240,0.218580,90936756,1747748699999,19931549.620470,39912,46513005,10196194.316600,0
1747748700000,0.218590,0.219620,0.217510,0.218560,97479652,1747749599999,21307438.402580,38748,45875716,10028390.964600,0
1747749600000,0.218560,0.219320,0.217920,0.218350,76720071,1747750499999,16778090.999140,34518,40788656,8920294.119860,0
1747750500000,0.218340,0.220190,0.218160,0.218830,80314294,1747751399999,17632540.991260,26710,43701059,9595304.422900,0
1747751400000,0.218830,0.219520,0.218040,0.219400,59710854,1747752299999,13068640.661530,26082,31525160,6900970.925850,0
1747752300000,0.219410,0.220100,0.218490,0.218520,58241059,1747753199999,12769010.412880,20622,24961547,5474201.537050,0
1747753200000,0.218520,0.219480,0.218420,0.219240,44903854,1747754099999,9833633.506490,20063,21977250,4811716.904990,0
1747754100000,0.219230,0.220400,0.218530,0.220390,50868622,1747754999999,11165677.412460,18942,27838117,6114655.452270,0
1747755000000,0.220380,0.221110,0.219980,0.220160,95924941,1747755899999,21152000.933660,35002,48950741,10794119.406420,0
1747755900000,0.220160,0.220900,0.219790,0.220490,58012570,1747756799999,12775533.585620,19574,26281929,5787804.077890,0
1747756800000,0.220480,0.221290,0.219050,0.219080,80386979,1747757699999,17694036.390300,26556,38968894,8582458.543330,0
1747757700000,0.219080,0.220550,0.218750,0.219220,60005407,1747758599999,13174756.731100,31253,29781709,6537994.454400,0
1747758600000,0.219220,0.220090,0.219080,0.219670,32502237,1747759499999,7139185.823690,18308,14782042,3246829.616620,0
1747759500000,0.219680,0.220000,0.218770,0.219040,28406536,1747760399999,6230870.946790,13980,12151907,2665855.250510,0
1747760400000,0.219050,0.221790,0.218890,0.221500,82395963,1747761299999,18167200.159960,35107,46619666,10274856.397460,0
1747761300000,0.221500,0.222090,0.220660,0.221730,59166588,1747762199999,13094541.399970,26162,32310344,7151720.595470,0
1747762200000,0.221740,0.222050,0.221020,0.222050,39053500,1747763099999,8652414.981160,20132,21100019,4675649.786240,0
1747763100000,0.222050,0.223460,0.221910,0.222500,72098305,1747763999999,16051004.734910,31389,38202910,8507009.154770,0
1747764000000,0.222500,0.223380,0.221930,0.222750,53397036,1747764899999,11896292.503810,24095,28711051,6398103.196260,0
1747764900000,0.222740,0.223060,0.220270,0.220560,90333832,1747765799999,20011910.574370,34753,41842671,9272712.536590,0
1747765800000,0.220560,0.221530,0.219720,0.220280,83320055,1747766699999,18374233.371950,35438,36737919,8104444.551450,0
1747766700000,0.220290,0.220320,0.217600,0.218270,116534496,1747767599999,25471797.811440,46335,49478824,10817050.525880,0
1747767600000,0.218260,0.220200,0.217790,0.220120,53605368,1747768499999,11736141.597950,25577,28013185,6134814.776980,0
1747768500000,0.220120,0.222390,0.219550,0.222290,101342507,1747769399999,22429638.361010,41202,59186161,13107937.077270,0
1747769400000,0.222300,0.224460,0.222290,0.222730,143763406,1747770299999,32094953.821940,45497,80872846,18058740.746220,0
1747770300000,0.222740,0.225510,0.222650,0.224070,100484341,1747771199999,22511510.932550,39837,58564847,13120884.582970,0
1747771200000,0.224080,0.225280,0.222540,0.224020,111689173,1747772099999,24984285.129080,41119,49074535,10980939.420050,0
1747772100000,0.224020,0.224930,0.222860,0.224070,97507997,1747772999999,21826557.385280,30406,42749262,9574491.502620,0
1747773000000,0.224070,0.225480,0.223690,0.224640,50577122,1747773899999,11352391.528550,24170,25581682,5743478.798360,0
1747773900000,0.224640,0.227120,0.224630,0.226180,138649213,1747774799999,31333912.117130,48298,75862054,17144031.157860,0
1747774800000,0.226180,0.227500,0.224520,0.224860,122085328,1747775699999,27604133.655280,44490,46973698,10630079.206510,0
1747775700000,0.224860,0.226210,0.224250,0.224360,61706666,1747776599999,13910620.723160,24622,31117713,7015765.967730,0
1747776600000,0.224360,0.226830,0.224120,0.226130,99889500,1747777499999,22537109.507010,30961,60636786,13690609.465720,0
1747777500000,0.226130,0.226920,0.225890,0.226090,25345968,1747778399999,5739607.764580,15437,11615374,2630213.485100,0
1747778400000,0.226090,0.226740,0.224810,0.225220,54625518,1747779299999,12322339.192500,27434,22537206,5082311.811150,0
1747779300000,0.225220,0.225260,0.223620,0.224610,50008092,1747780199999,11215246.066090,30580,20890847,4684904.558220,0
1747780200000,0.224600,0.224900,0.223440,0.224830,29801539,1747781099999,6677320.483020,18969,13423917,3007967.479580,0
1747781100000,0.224840,0.225890,0.224590,0.225730,30301619,1747781999999,6824490.553660,18631,16015935,3607756.005240,0
1747782000000,0.225740,0.227030,0.225350,0.226930,36300559,1747782899999,8206721.205930,24876,17636983,3987357.711790,0
1747782900000,0.226920,0.227770,0.226570,0.226800,56816881,1747783799999,12905192.419470,26344,27360535,6216245.598710,0
1747783800000,0.226800,0.226910,0.225520,0.225580,49145194,1747784699999,11113600.110470,21482,20217226,4572105.572620,0
1747784700000,0.225580,0.226510,0.225100,0.226170,40632207,1747785599999,9178046.531740,19175,19439677,4392636.357310,0
1747785600000,0.226170,0.227120,0.225310,0.226940,79705639,1747786499999,18029822.971590,35113,33884377,7666806.811950,0
1747786500000,0.226930,0.227740,0.225260,0.225600,75392113,1747787399999,17051055.379000,31196,41174088,9309612.840710,0
1747787400000,0.225600,0.226600,0.224700,0.225550,54688864,1747788299999,12323446.553260,28529,29375768,6619546.389470,0
1747788300000,0.225550,0.226650,0.225350,0.225930,36805204,1747789199999,8317867.247430,22198,18328568,4142922.607040,0
1747789200000,0.225930,0.228430,0.225470,0.227370,84395507,1747790099999,19163292.473150,40197,49146577,11159141.445260,0
1747790100000,0.227370,0.227550,0.225900,0.226620,59058385,1747790999999,13381364.647270,27363,29038335,6579691.584150,0
1747791000000,0.226630,0.227410,0.226310,0.226980,31795065,1747791899999,7214539.912430,21239,15183221,3445057.410950,0
1747791900000,0.226970,0.227280,0.225760,0.225950,36500606,1747792799999,8267008.793090,18561,16713381,3784453.257560,0
1747792800000,0.225940,0.226170,0.223810,0.225390,90469710,1747793699999,20359882.131620,37724,43144266,9711123.734020,0
1747793700000,0.225380,0.226170,0.225050,0.226130,60531029,1747794599999,13657904.353020,21928,30236859,6824319.480690,0
1747794600000,0.226140,0.228800,0.225910,0.228010,104968477,1747795499999,23910947.532780,41359,64089015,14595583.404310,0
1747795500000,0.228010,0.229350,0.227710,0.228610,58875599,1747796399999,13456005.088120,34077,30106131,6880309.623460,0
1747796400000,0.228610,0.230510,0.228390,0.230040,87288406,1747797299999,20039156.594480,35157,45499779,10446624.181510,0
1747797300000,0.230050,0.230370,0.228960,0.229390,52641702,1747798199999,12085774.877700,26221,27041098,6209006.760660,0
1747798200000,0.229390,0.230210,0.229030,0.229270,62151630,1747799099999,14270806.188340,27702,28690839,6588131.523170,0
1747799100000,0.229270,0.230400,0.228650,0.229000,49580923,1747799999999,11375707.138370,21642,20983346,4814659.996240,0
1747800000000,0.229000,0.229950,0.228620,0.229430,43728083,1747800899999,10028492.733830,20873,22431903,5142981.724570,0
1747800900000,0.229440,0.229840,0.228710,0.228830,28001569,1747801799999,6419003.063990,16900,13078000,2998970.822740,0
1747801800000,0.228830,0.231640,0.228170,0.231100,118207213,1747802699999,27223819.420730,48366,63472626,14623139.022290,0
1747802700000,0.231110,0.231470,0.229920,0.230150,60473275,1747803599999,13945843.570240,26177,31132134,7179662.609910,0
1747803600000,0.230150,0.231760,0.230100,0.231090,70293792,1747804499999,16253245.015020,32680,34750657,8035734.928300,0
1747804500000,0.231090,0.233500,0.231090,0.232260,107320586,1747805399999,24965899.538760,45813,59244679,13781005.482330,0
1747805400000,0.232260,0.233390,0.231800,0.232030,75812116,1747806299999,17628195.614090,27304,37970335,8830546.384350,0
1747806300000,0.232040,0.232500,0.231430,0.231870,51602569,1747807199999,11974442.690700,21096,23370606,5423016.739720,0
1747807200000,0.231880,0.232400,0.230620,0.231080,67046349,1747808099999,15513052.546010,30111,29031143,6716475.034610,0
1747808100000,0.231080,0.233000,0.230340,0.232560,81318879,1747808999999,18865661.360340,27348,37493275,8697499.564340,0
1747809000000,0.232560,0.233450,0.231890,0.232520,83385869,1747809899999,19392625.877790,34888,38131934,8867597.579020,0
1747809900000,0.232520,0.232850,0.231310,0.231720,68738963,1747810799999,15946204.901550,22735,29708007,6890919.178750,0
1747810800000,0.231730,0.232040,0.229720,0.230030,86048982,1747811699999,19863471.453220,36707,39777043,9181363.398940,0
1747811700000,0.230040,0.230170,0.226400,0.227590,274494550,1747812599999,62557206.915100,79744,118452126,26998670.598430,0
1747812600000,0.227590,0.228210,0.226070,0.226620,158603352,1747813499999,35991744.524010,55299,71604650,16251554.370230,0
1747813500000,0.226610,0.227350,0.225860,0.226520,67798528,1747814399999,15366731.262260,24588,38837028,8805154.633820,0
1747814400000,0.226520,0.227630,0.226330,0.227480,66727868,1747815299999,15150391.532670,23623,39825890,9043384.473570,0
1747815300000,0.227470,0.227500,0.225540,0.226020,78621956,1747816199999,17778575.478720,26466,39374026,8904236.307690,0
1747816200000,0.226020,0.226380,0.225370,0.225800,53331618,1747817099999,12042308.228760,29243,27955737,6312641.498430,0
1747817100000,0.225800,0.226100,0.225110,0.225210,49134913,1747817999999,11084734.522500,19341,20045805,4522743.485160,0
1747818000000,0.225220,0.225880,0.224550,0.225330,60849097,1747818899999,13702034.750350,25724,26624144,5996210.761160,0
1747818900000,0.225330,0.225760,0.224790,0.225510,28972726,1747819799999,6528255.093020,15417,13756814,3099517.876200,0
1747819800000,0.225500,0.226010,0.224630,0.224750,53698141,1747820699999,12101738.940100,21054,32164555,7249963.291740,0
1747820700000,0.224740,0.225270,0.224590,0.225140,31833108,1747821599999,7162327.855220,14092,15833485,3562442.769130,0
1747821600000,0.225130,0.226090,0.224670,0.225830,48879761,1747822499999,11014779.547820,20230,23329351,5257316.717190,0
1747822500000,0.225840,0.225980,0.224630,0.224990,43175125,1747823399999,9725182.933740,15534,20185344,4547565.167250,0
1747823400000,0.224990,0.225870,0.224850,0.225700,36386791,1747824299999,8206060.845610,13703,19158308,4320328.874010,0
1747824300000,0.225690,0.225920,0.225390,0.225520,19327487,1747825199999,4360941.222620,9534,8898404,2007904.665870,0
1747825200000,0.225520,0.226930,0.225340,0.226760,57245726,1747826099999,12956916.805730,21480,30493210,6902361.365390,0
1747826100000,0.226750,0.227750,0.226610,0.227260,72846109,1747826999999,16552475.729050,28252,43670888,9924468.785020,0
1747827000000,0.227260,0.227410,0.226370,0.226680,37914462,1747827899999,8597461.105510,13667,17341154,3932238.147260,0
1747827900000,0.226680,0.226710,0.225860,0.226410,31808097,1747828799999,7196857.653360,12106,12466915,2820940.152200,0
1747828800000,0.226410,0.226470,0.225430,0.226230,38251144,1747829699999,8638333.952490,18546,15302982,3455733.414410,0
1747829700000,0.226240,0.227810,0.226230,0.227430,54698531,1747830599999,12432583.593650,22913,27987299,6360374.938890,0
1747830600000,0.227420,0.227420,0.226640,0.226840,36249796,1747831499999,8227410.039090,13194,17285273,3923476.668530,0
1747831500000,0.226840,0.227060,0.226170,0.226650,28350777,1747832399999,6421602.969140,11869,12535322,2839403.707240,0
1747832400000,0.226660,0.226950,0.225350,0.225690,40616935,1747833299999,9181313.181460,19202,18539257,4191742.567940,0
1747833300000,0.225690,0.226240,0.225370,0.225960,28168325,1747834199999,6361628.448260,17155,15113844,3413269.789670,0
1747834200000,0.225960,0.227910,0.225960,0.227710,93599166,1747835099999,21236203.561520,35402,49028368,11124290.327010,0
1747835100000,0.227700,0.229250,0.227300,0.227860,109130022,1747835999999,24897765.870610,43611,56650325,12927403.837140,0
1747836000000,0.227870,0.229280,0.227530,0.228510,115071651,1747836899999,26269614.315880,48268,56313574,12856721.271650,0
1747836900000,0.228520,0.229680,0.227800,0.227870,71658007,1747837799999,16393654.771530,28804,38903207,8899847.362480,0
1747837800000,0.227870,0.229280,0.226580,0.228850,91692004,1747838699999,20891558.971090,31922,45243315,10312964.402610,0
1747838700000,0.228840,0.233300,0.228300,0.233190,200036748,1747839599999,46174974.859130,70751,113139180,26138355.895030,0
1747839600000,0.233200,0.234370,0.231050,0.232030,303888848,1747840499999,70778858.009260,98220,133815449,31180996.698460,0
1747840500000,0.232030,0.233500,0.231990,0.232380,151498687,1747841399999,35260941.276660,48121,75741866,17631607.580600,0
1747841400000,0.232380,0.233360,0.230090,0.231660,173689622,1747842299999,40197565.065540,58235,71629864,16577893.975400,0
1747842300000,0.231660,0.232340,0.230720,0.231790,82896994,1747843199999,19200554.970090,27067,47772252,11064477.738620,0
1747843200000,0.231790,0.232490,0.230390,0.232460,73600576,1747844099999,17031849.790290,28839,34922811,8081881.391960,0
1747844100000,0.232470,0.234240,0.231860,0.233580,122422880,1747844999999,28570537.580390,50894,63458864,14811478.931420,0
1747845000000,0.233590,0.236720,0.233590,0.236620,177101433,1747845899999,41683120.585170,62188,87693750,20640834.796660,0
1747845900000,0.236620,0.237990,0.234600,0.234790,217520572,1747846799999,51468910.045440,73909,105294624,24915923.187430,0
1747846800000,0.234790,0.235950,0.232110,0.233270,210808879,1747847699999,49313128.222920,76472,93528014,21883370.617450,0
1747847700000,0.233270,0.233460,0.224050,0.224320,493572318,1747848599999,112415769.572010,166446,223983267,51006883.692040,0
1747848600000,0.224350,0.226610,0.222440,0.224420,530076863,1747849499999,119294365.635660,166980,271442090,61104585.642580,0
1747849500000,0.224390,0.226050,0.222520,0.225060,225160711,1747850399999,50520671.735120,90584,114484996,25692500.318380,0
1747850400000,0.225060,0.227290,0.224030,0.226350,143664536,1747851299999,32426984.036200,65670,75061824,16949398.376270,0
1747851300000,0.226340,0.227140,0.225190,0.225500,84433217,1747852199999,19087226.334250,39165,39309177,8886732.398300,0
1747852200000,0.225490,0.228540,0.225420,0.228470,97176309,1747853099999,22051358.225050,38217,53210953,12079890.036430,0
1747853100000,0.228470,0.228750,0.226640,0.226640,100745454,1747853999999,22920866.535810,39779,42578226,9685644.653830,0
1747854000000,0.226650,0.227850,0.225380,0.226390,60084798,1747854899999,13603650.215700,30652,29241420,6619443.804380,0
1747854900000,0.226380,0.226490,0.225430,0.226440,46887788,1747855799999,10597930.271350,27341,21033857,4753698.076030,0
1747855800000,0.226450,0.229640,0.226440,0.229010,83774201,1747856699999,19141185.869560,42274,47647303,10887287.515210,0
1747856700000,0.229000,0.230880,0.228780,0.230080,88406158,1747857599999,20317265.412300,39055,44470596,10219467.384030,0
1747857600000,0.230090,0.230470,0.228740,0.229060,51968983,1747858499999,11935833.958720,27730,23196347,5328355.931610,0
1747858500000,0.229060,0.230110,0.228940,0.229470,37294979,1747859399999,8559826.712050,18624,20179075,4631355.787310,0
1747859400000,0.229460,0.229780,0.228500,0.228590,26476399,1747860299999,6068101.655210,17195,11972516,2744005.187320,0
1747860300000,0.228590,0.229570,0.227800,0.229540,46248316,1747861199999,10572157.645070,22142,22112082,5056024.465570,0
1747861200000,0.229540,0.230400,0.228380,0.229750,34624530,1747862099999,7948726.784390,19444,17267368,3964756.518770,0
1747862100000,0.229740,0.229780,0.228730,0.228840,20893112,1747862999999,4789518.397490,12155,9327163,2138343.626580,0
1747863000000,0.228840,0.229680,0.228540,0.229560,18547895,1747863899999,4249616.229340,10240,9740924,2232290.346060,0
1747863900000,0.229560,0.229990,0.228720,0.229040,19649483,1747864799999,4505927.485580,12263,6940725,1592212.228880,0
1747864800000,0.229030,0.229700,0.228740,0.229430,34996210,1747865699999,8022792.291760,19885,19709018,4518706.913030,0
1747865700000,0.229430,0.230600,0.229360,0.230580,34921693,1747866599999,8036733.129620,16858,20096399,4624085.523970,0
1747866600000,0.230580,0.231660,0.230110,0.231340,40333580,1747867499999,9314823.447890,23551,19845344,4583964.461380,0
1747867500000,0.231350,0.233830,0.230840,0.232890,161998475,1747868399999,37656031.037190,56477,89548373,20831288.838900,0
1747868400000,0.232890,0.233070,0.231500,0.232900,93134970,1747869299999,21618519.333010,39572,44614735,10359568.712560,0
1747869300000,0.232900,0.237700,0.232580,0.235130,207865385,1747870199999,48898785.398220,89613,87722580,20627280.066310,0
1747870200000,0.235130,0.237270,0.234730,0.234840,139673077,1747871099999,32952485.928460,65379,63757021,15044058.665430,0
1747871100000,0.234850,0.235300,0.233450,0.233980,107924410,1747871999999,25274022.174080,41207,49862173,11677247.818260,0
1747872000000,0.233980,0.236420,0.233750,0.235870,105188071,1747872899999,24739668.099020,46273,48817874,11480634.990100,0
1747872900000,0.235860,0.237330,0.235380,0.236850,72389476,1747873799999,17120066.264870,36579,37707060,8917439.239520,0
1747873800000,0.236850,0.238630,0.234960,0.235810,182974040,1747874699999,43307155.797460,66804,91707281,21713371.521690,0
1747874700000,0.235810,0.238410,0.235810,0.238300,75687046,1747875599999,17966133.610030,37500,37728358,8957435.273570,0
1747875600000,0.238300,0.241000,0.238260,0.240140,210312128,1747876499999,50452290.766190,84749,109767402,26335936.828710,0
1747876500000,0.240140,0.242420,0.239420,0.242010,152449630,1747877399999,36778071.825110,74689,78391186,18912954.701040,0
1747877400000,0.242000,0.243610,0.238530,0.238740,334598561,1747878299999,80570000.928290,109567,125742149,30294968.915170,0
1747878300000,0.238750,0.240280,0.237930,0.240110,109645431,1747879199999,26232339.160940,46421,56806746,13595350.497400,0
1747879200000,0.240110,0.242120,0.240080,0.240570,119354003,1747880099999,28769628.798310,60484,58632211,14137750.184180,0
1747880100000,0.240570,0.242120,0.239520,0.241030,85685860,1747880999999,20644491.100230,39442,45200845,10893665.180640,0
1747881000000,0.241040,0.241990,0.239460,0.239860,93612900,1747881899999,22524221.250820,39147,41169473,9907781.000690,0
1747881900000,0.239860,0.240940,0.239550,0.240410,57678208,1747882799999,13859051.215110,28106,35740318,8588738.780930,0
1747882800000,0.240410,0.240550,0.239330,0.239860,47751357,1747883699999,11451188.246210,23437,19265705,4619815.772520,0
1747883700000,0.239860,0.240450,0.238500,0.239780,67203968,1747884599999,16090844.465220,33936,32112046,7688309.570570,0
1747884600000,0.239790,0.241900,0.239490,0.241630,99189150,1747885499999,23878958.599460,45823,49508862,11925850.325660,0
1747885500000,0.241640,0.243140,0.240820,0.241090,130948765,1747886399999,31704648.417010,54923,58771509,14230765.098380,0
1747886400000,0.241100,0.242040,0.239750,0.240090,88761459,1747887299999,21381212.785320,47450,41284799,9945639.643310,0
1747887300000,0.240090,0.240850,0.239390,0.240190,68957416,1747888199999,16544304.651280,30749,32221074,7732175.108900,0
1747888200000,0.240180,0.241520,0.239580,0.241520,38220625,1747889099999,9196196.294990,23364,21124073,5083211.749100,0
1747889100000,0.241520,0.241610,0.240470,0.240940,34719263,1747889999999,8368902.419700,18696,16408688,3953920.488470,0
1747890000000,0.240930,0.241690,0.239580,0.239710,85511076,1747890899999,20579407.523510,29739,48454278,11668984.156310,0
1747890900000,0.239720,0.241300,0.239720,0.241100,52643886,1747891799999,12659671.625420,23833,28570623,6870659.317040,0
1747891800000,0.241110,0.241160,0.240070,0.240250,32117602,1747892699999,7729680.342760,21661,13503033,3250024.326600,0
1747892700000,0.240260,0.240360,0.237820,0.238100,126607108,1747893599999,30252914.079590,42078,55358190,13226540.936200,0
1747893600000,0.238110,0.239370,0.237800,0.238830,67090287,1747894499999,16015867.289180,27616,31545861,7531105.170320,0
1747894500000,0.238820,0.238820,0.236930,0.237420,115379424,1747895399999,27424123.376040,32657,44522508,10582446.172800,0
1747895400000,0.237410,0.238310,0.236560,0.238180,63308089,1747896299999,15028053.101590,27985,30259722,7185008.109820,0
1747896300000,0.238180,0.238560,0.237550,0.237950,44228535,1747897199999,10530993.888660,19470,23409442,5574278.257820,0
1747897200000,0.237960,0.239830,0.237310,0.239830,65632756,1747898099999,15671079.636980,24980,35284347,8425479.976880,0
1747898100000,0.239830,0.240780,0.239000,0.239560,84263275,1747898999999,20221805.861680,32413,36973155,8874158.933330,0
1747899000000,0.239550,0.241470,0.239260,0.240630,85521379,1747899899999,20579776.994890,36266,45243302,10886110.095530,0
1747899900000,0.240640,0.241360,0.240430,0.241010,52390441,1747900799999,12621420.840790,20869,22805747,5495574.599920,0
1747900800000,0.241010,0.242200,0.240600,0.242140,98486557,1747901699999,23774666.392410,33256,59142197,14278704.544660,0
1747901700000,0.242140,0.244960,0.242120,0.243290,222823515,1747902599999,54290543.409570,80159,116288828,28336179.658050,0
1747902600000,0.243300,0.243640,0.242260,0.242810,101643862,1747903499999,24696967.012690,42861,51384302,12486554.591100,0
1747903500000,0.242810,0.243500,0.242010,0.242470,122054131,1747904399999,29635033.086040,38182,44916877,10909730.099720,0
1747904400000,0.242470,0.243100,0.240240,0.242020,202043045,1747905299999,48907115.313810,59700,82938625,20087391.658930,0
1747905300000,0.242030,0.243840,0.241150,0.243640,98495885,1747906199999,23907680.290250,37335,56637446,13750915.380320,0
1747906200000,0.243640,0.243670,0.240990,0.241140,78715198,1747907099999,19049939.491880,32360,31283823,7571852.321670,0
1747907100000,0.241150,0.241460,0.240130,0.241000,80922574,1747907999999,19486371.479580,31584,35716476,8599831.626230,0
1747908000000,0.241000,0.241200,0.239640,0.240900,65377814,1747908899999,15721904.418210,28443,35799622,8611918.914140,0
1747908900000,0.240890,0.242170,0.240630,0.241570,42829999,1747909799999,10346485.995320,22001,21774947,5259499.523120,0
1747909800000,0.241560,0.242010,0.240620,0.240880,32670290,1747910699999,7881691.211410,20173,14776392,3565264.649600,0
1747910700000,0.240880,0.240990,0.239640,0.240230,43948197,1747911599999,10555342.908700,23002,17768438,4267339.050150,0
1747911600000,0.240220,0.240830,0.238920,0.239740,92783057,1747912499999,22238915.653940,39253,38747459,9292268.069440,0
1747912500000,0.239750,0.240420,0.238900,0.239070,39649308,1747913399999,9502172.274280,24602,21617767,5182467.494020,0
1747913400000,0.239080,0.240230,0.239030,0.240220,27419720,1747914299999,6571750.279690,17068,17657094,4231966.252180,0
1747914300000,0.240230,0.241930,0.240020,0.240150,80133670,1747915199999,19307382.423450,34655,38606114,9300884.975550,0
1747915200000,0.240150,0.241090,0.238980,0.239220,55813059,1747916099999,13402495.514990,31681,30727302,7381280.220410,0
1747916100000,0.239220,0.241390,0.239170,0.240850,49619999,1747916999999,11931264.563650,25603,31007444,7454428.736910,0
1747917000000,0.240860,0.241990,0.240070,0.241160,59454709,1747917899999,14335777.456720,37873,28376987,6844106.892610,0
1747917900000,0.241160,0.242170,0.240900,0.241610,66431781,1747918799999,16048492.555660,28551,36809331,8892383.099550,0
1747918800000,0.241620,0.241720,0.239500,0.239940,62954441,1747919699999,15130745.792190,32803,23544729,5658685.007180,0
1747919700000,0.239940,0.241370,0.239860,0.240980,31953683,1747920599999,7692452.115860,21200,15076658,3630092.991620,0
1747920600000,0.240990,0.241770,0.239400,0.240630,106137163,1747921499999,25546236.927690,58037,45839382,11034217.825230,0
1747921500000,0.240630,0.241420,0.239560,0.239920,78330291,1747922399999,18835529.318700,46141,38913112,9355406.057600,0
1747922400000,0.239920,0.241540,0.239770,0.240290,68084200,1747923299999,16381094.206550,39187,32879244,7910239.041590,0
1747923300000,0.240290,0.241700,0.240130,0.241450,56524826,1747924199999,13624664.667730,33245,30174204,7272887.315990,0
1747924200000,0.241460,0.242570,0.240610,0.241520,93608048,1747925099999,22627659.420320,43378,49406992,11946180.936950,0
1747925100000,0.241510,0.242060,0.239650,0.240750,85006698,1747925999999,20471852.771360,39234,40478315,9749228.692400,0
1747926000000,0.240750,0.241360,0.240350,0.240940,40998032,1747926899999,9873714.722140,30151,21155076,5095541.707050,0
1747926900000,0.240950,0.242120,0.240350,0.241680,52721898,1747927799999,12730535.462650,27027,29640440,7158112.976230,0
1747927800000,0.241680,0.242800,0.241550,0.242530,61740725,1747928699999,14956893.399540,32082,32875736,7965205.503230,0
1747928700000,0.242540,0.242630,0.240900,0.241230,44602081,1747929599999,10775065.293780,21965,20960767,5064241.106950,0
1747929600000,0.241230,0.241840,0.240900,0.241830,44357589,1747930499999,10706050.566170,24313,21695246,5236660.816330,0
1747930500000,0.241840,0.242490,0.240070,0.240070,61244543,1747931399999,14761782.452320,30160,27848088,6711206.543300,0
1747931400000,0.240060,0.240690,0.238630,0.240480,97840203,1747932299999,23444802.871600,36165,46168119,11066300.380270,0
1747932300000,0.240480,0.240680,0.238960,0.239520,44237275,1747933199999,10601529.840630,22299,18276812,4380817.860200,0
1747933200000,0.239530,0.240250,0.239100,0.240120,33655559,1747934099999,8071049.927660,19075,20811106,4990663.275230,0
1747934100000,0.240120,0.242300,0.239980,0.241790,61311749,1747934999999,14808219.617810,29482,27645871,6676314.024160,0
1747935000000,0.241800,0.242560,0.241680,0.242020,42492505,1747935899999,10289373.157480,20879,18659183,4518546.384060,0
1747935900000,0.242020,0.242020,0.240930,0.241310,31033688,1747936799999,7488018.881540,16397,14436224,3483577.532580,0
1747936800000,0.241310,0.241400,0.240310,0.241100,32868958,1747937699999,7917036.021070,18315,19538490,4706478.171350,0
1747937700000,0.241100,0.242610,0.241100,0.242460,40913875,1747938599999,9909004.586470,18089,21511860,5209665.719190,0
1747938600000,0.242460,0.242680,0.241750,0.241990,27218487,1747939499999,6593145.601100,15860,16243480,3934384.572750,0
1747939500000,0.241990,0.242420,0.241490,0.241670,38429169,1747940399999,9297345.633760,15882,14898051,3605528.370150,0
1747940400000,0.241670,0.241900,0.240280,0.241370,40334354,1747941299999,9718543.323450,19994,20726327,4995032.708580,0
1747941300000,0.241360,0.241430,0.240580,0.240970,16605971,1747942199999,4000842.962560,12707,8761092,2110903.591230,0
1747942200000,0.240960,0.241050,0.239140,0.239170,47052217,1747943099999,11282023.717900,25381,25044163,6004027.446010,0
1747943100000,0.239170,0.239370,0.238120,0.239270,69153020,1747943999999,16511351.062050,27007,34431178,8221879.519410,0
1747944000000,0.239280,0.240100,0.239040,0.239940,36281412,1747944899999,8695868.991160,17398,20137551,4826828.547970,0
1747944900000,0.239940,0.240350,0.239570,0.240190,33038751,1747945799999,7927291.377400,15263,16147730,3874281.865940,0
1747945800000,0.240190,0.240930,0.239650,0.240680,48555669,1747946699999,11670316.573530,20760,26583532,6389750.710640,0
1747946700000,0.240680,0.240920,0.239420,0.239790,44306062,1747947599999,10640841.123680,15407,17562090,4217428.129460,0
1747947600000,0.239780,0.239780,0.238330,0.239100,44485380,1747948499999,10628450.428550,18543,24717215,5905760.600910,0
1747948500000,0.239100,0.239460,0.237500,0.237900,38278976,1747949399999,9120490.967800,18206,15015130,3579447.731810,0
1747949400000,0.237890,0.239090,0.237620,0.239010,33048526,1747950299999,7882033.343230,14096,21428333,5110592.037400,0
1747950300000,0.239000,0.239220,0.238420,0.238900,15886278,1747951199999,3795339.558040,10166,7947803,1899086.872350,0
1747951200000,0.238910,0.241130,0.238760,0.240540,66627390,1747952099999,15996107.686240,30606,41539736,9969465.353840,0
1747952100000,0.240530,0.241340,0.240360,0.241150,41336182,1747952999999,9961420.482130,20293,20500623,4940691.020490,0
1747953000000,0.241160,0.242930,0.240980,0.242750,69611669,1747953899999,16853510.061390,30477,37502496,9082877.081460,0
1747953900000,0.242750,0.242790,0.240310,0.240860,88264103,1747954799999,21292317.262220,28890,34231180,8254830.340920,0
1747954800000,0.240870,0.242820,0.240870,0.242710,46000265,1747955699999,11140949.059680,25044,24670039,5974754.050220,0
1747955700000,0.242720,0.243150,0.242080,0.242850,37597753,1747956599999,9123436.961630,17654,18895772,4585915.461130,0
1747956600000,0.242850,0.245220,0.242750,0.244620,116548560,1747957499999,28480413.507070,41518,68395204,16712060.814760,0
1747957500000,0.244620,0.245730,0.244400,0.245470,81603861,1747958399999,20000148.034980,28632,42927729,10521068.691480,0
1747958400000,0.245480,0.246350,0.244040,0.246180,126114846,1747959299999,30886047.023710,45461,63850770,15644702.727870,0
1747959300000,0.246060,0.248540,0.244460,0.244690,200719159,1747960199999,49549065.457460,77114,99692908,24630986.202070,0
1747960200000,0.244700,0.245400,0.243460,0.244760,105435138,1747961099999,25765555.303660,43027,58319002,14254241.438230,0
1747961100000,0.244750,0.246870,0.244410,0.246620,93242805,1747961999999,22928471.797160,42303,48101625,11828589.610600,0
1747962000000,0.246630,0.247520,0.244230,0.245980,122059694,1747962899999,29975554.451250,45903,56848698,13965311.358670,0
1747962900000,0.245980,0.248140,0.245110,0.247460,90618377,1747963799999,22403155.306830,49371,47013887,11623441.320660,0
1747963800000,0.247460,0.248760,0.247290,0.247570,76021152,1747964699999,18856465.203020,39285,35544107,8818532.891170,0
1747964700000,0.247580,0.248270,0.246620,0.248070,69866072,1747965599999,17289191.891240,29523,31767182,7865030.590430,0
1747965600000,0.248070,0.249660,0.247460,0.249630,109916554,1747966499999,27355347.140580,43463,65867170,16393616.780810,0
1747966500000,0.249640,0.250570,0.248890,0.250380,142714977,1747967399999,35681752.637360,54963,74876899,18723120.372460,0
1747967400000,0.250370,0.254390,0.249910,0.253450,420129057,1747968299999,105921583.228450,110301,248600916,62630430.399790,0
1747968300000,0.253440,0.254390,0.250530,0.251230,158931567,1747969199999,40098535.501550,66796,66858450,16865639.976250,0
1747969200000,0.251240,0.252170,0.250250,0.250710,78031615,1747970099999,19620182.127540,32501,35452075,8918097.325810,0
1747970100000,0.250720,0.252070,0.250310,0.250390,71026055,1747970999999,17830576.612140,30380,32621684,8191897.006690,0
1747971000000,0.250400,0.250790,0.249330,0.250540,91912912,1747971899999,22982300.215420,32759,39925662,9985815.475810,0
1747971900000,0.250550,0.251450,0.249940,0.250950,64463567,1747972799999,16161628.198710,26676,36521813,9159116.266890,0
1747972800000,0.250950,0.251490,0.248810,0.248950,92740346,1747973699999,23183491.237550,35187,34834761,8713268.978830,0
1747973700000,0.248950,0.249270,0.246440,0.247300,153593538,1747974599999,38015975.367090,50886,60917703,15075662.588780,0
1747974600000,0.247310,0.247490,0.245070,0.246240,182254364,1747975499999,44815859.196340,51798,73099403,17979084.011720,0
1747975500000,0.246230,0.247720,0.246210,0.247310,81346478,1747976399999,20088858.972820,27318,49571254,12242373.047470,0
1747976400000,0.247300,0.248430,0.246640,0.248270,78015487,1747977299999,19333190.068360,33315,45013983,11155557.951780,0
1747977300000,0.248270,0.248370,0.246210,0.246540,60422000,1747978199999,14936763.055480,24318,25978592,6420005.119540,0
1747978200000,0.246540,0.247150,0.245400,0.246890,50648255,1747979099999,12478750.571270,25544,27309262,6729925.260950,0
1747979100000,0.246900,0.247850,0.246350,0.247770,38186980,1747979999999,9438828.748280,19825,19369803,4789704.673210,0
1747980000000,0.247770,0.247970,0.245520,0.245870,68422453,1747980899999,16871530.747460,33934,26158346,6448522.861460,0
1747980900000,0.245880,0.245960,0.243500,0.244390,167273741,1747981799999,40934586.254880,60055,63114889,15449029.417280,0
1747981800000,0.244400,0.244810,0.242880,0.244370,113181517,1747982699999,27599751.862720,41068,56796095,13855259.098820,0
1747982700000,0.244370,0.244430,0.242010,0.243050,139330942,1747983599999,33824051.241690,47920,63726267,15469248.563470,0
1747983600000,0.243060,0.244950,0.243020,0.244850,66141211,1747984499999,16143511.663200,25217,38494324,9395509.821640,0
1747984500000,0.244850,0.245580,0.244580,0.245090,62052889,1747985399999,15206432.412310,26775,31235719,7655386.136030,0
1747985400000,0.245090,0.245390,0.243680,0.244450,55314214,1747986299999,13524235.288470,21502,19281214,4713448.115540,0
1747986300000,0.244450,0.244450,0.242890,0.243390,67463639,1747987199999,16429848.539010,27499,31436386,7657388.627440,0
1747987200000,0.243380,0.244420,0.243080,0.244230,43050309,1747988099999,10496108.920680,19278,24258941,5914019.618470,0
1747988100000,0.244240,0.244780,0.243220,0.244630,49899928,1747988999999,12177890.097230,20080,25080815,6122463.273320,0
1747989000000,0.244640,0.245770,0.244520,0.245290,61666045,1747989899999,15118935.899230,28914,30596244,7501107.654390,0
1747989900000,0.245290,0.245600,0.244780,0.245150,33579527,1747990799999,8231562.460680,17878,16698000,4093527.800940,0
1747990800000,0.245150,0.246670,0.244610,0.246470,77581393,1747991699999,19077763.566700,23602,43385513,10669403.867600,0
1747991700000,0.246470,0.247800,0.246390,0.246860,85999196,1747992599999,21262182.499200,27377,49844925,12322489.735250,0
1747992600000,0.246850,0.248200,0.246850,0.247630,44273708,1747993499999,10967239.303110,26969,21584599,5346823.585510,0
1747993500000,0.247640,0.248820,0.247520,0.248490,51386132,1747994399999,12764107.599100,20143,22198948,5513245.623230,0
1747994400000,0.248500,0.248590,0.245150,0.245840,112720706,1747995299999,27798516.045810,35343,40664863,10028414.799820,0
1747995300000,0.245830,0.246410,0.244670,0.245860,70701284,1747996199999,17363014.328160,28776,33404484,8204462.475080,0
1747996200000,0.245880,0.246840,0.245240,0.246280,63214254,1747997099999,15557230.919050,25786,35531994,8747404.906880,0
1747997100000,0.246290,0.246640,0.245590,0.246210,24803580,1747997999999,6105867.647030,15987,11820229,2910084.985340,0
1747998000000,0.246200,0.246340,0.244640,0.245120,39520640,1747998899999,9693876.467580,21238,16911540,4148623.629990,0
1747998900000,0.245130,0.245730,0.243170,0.244210,98904222,1747999799999,24136832.972130,38548,44241223,10800526.907220,0
1747999800000,0.244220,0.244830,0.242200,0.242770,104640084,1748000699999,25480898.987110,46604,41092050,10012658.935880,0
1748000700000,0.242770,0.242970,0.232980,0.235090,681355225,1748001599999,161752572.897490,232566,297107032,70571042.748830,0
1748001600000,0.235100,0.235380,0.230330,0.231290,547158878,1748002499999,127221463.272460,174133,276644550,64336456.124890,0
1748002500000,0.231280,0.232360,0.227050,0.231780,414617261,1748003399999,95420313.145140,167836,196966805,45350293.737910,0
1748003400000,0.231790,0.233590,0.230730,0.233000,235496325,1748004299999,54765417.035640,85791,131209621,30518494.944040,0
1748004300000,0.233010,0.233690,0.231750,0.232330,151464228,1748005199999,35237855.733580,61617,87416859,20339323.279420,0
1748005200000,0.232330,0.232850,0.230110,0.231820,161171638,1748006099999,37305037.322340,66881,76930697,17807027.228860,0
1748006100000,0.231820,0.233330,0.231500,0.232930,88581172,1748006999999,20608575.343120,38180,40462267,9414423.847120,0
1748007000000,0.232930,0.235890,0.232540,0.234640,254216081,1748007899999,59656482.158830,92428,132351589,31064571.240430,0
1748007900000,0.234640,0.236520,0.233530,0.236310,159498742,1748008799999,37494689.674910,69855,78060094,18359627.657860,0
1748008800000,0.236310,0.237110,0.235030,0.236180,136578985,1748009699999,32277761.962430,56559,64057151,15139472.367930,0
1748009700000,0.236180,0.236950,0.235010,0.235830,107632691,1748010599999,25398762.034880,41703,57756547,13628665.971970,0
1748010600000,0.235830,0.237330,0.235750,0.236990,80804741,1748011499999,19126610.868320,38462,41349870,9786223.496420,0
1748011500000,0.236990,0.238410,0.236880,0.237010,89951618,1748012399999,21389635.889070,37521,46696976,11104022.977310,0
1748012400000,0.237010,0.237950,0.235000,0.236060,125500287,1748013299999,29624872.902040,47635,56236864,13278598.210630,0
1748013300000,0.236060,0.237430,0.235540,0.236840,62026860,1748014199999,14679159.119800,29001,29814761,7057369.843260,0
1748014200000,0.236840,0.238030,0.236140,0.236440,103739013,1748015099999,24590723.535170,32060,44974047,10667174.046740,0
1748015100000,0.236440,0.236450,0.234110,0.234330,157071271,1748015999999,36922785.035620,39405,55527505,13050059.060610,0
1748016000000,0.234320,0.235420,0.233450,0.234190,124251593,1748016899999,29120734.854980,52868,59503869,13944527.400330,0
1748016900000,0.234170,0.235030,0.231780,0.234610,164967399,1748017799999,38480099.376540,51583,69983542,16329986.127610,0
1748017800000,0.234610,0.235150,0.233020,0.233160,75763283,1748018699999,17744855.596040,29125,34750669,8142299.457600,0
1748018700000,0.233160,0.234750,0.233160,0.234660,59357277,1748019599999,13891084.466450,22220,32891119,7698759.808740,0
1748019600000,0.234660,0.235830,0.234460,0.235810,63820720,1748020499999,15008886.349170,24959,32097655,7547792.405490,0
1748020500000,0.235810,0.236830,0.235320,0.236580,46925971,1748021399999,11078316.239640,29639,23181339,5473867.528330,0
1748021400000,0.236580,0.236590,0.234110,0.234440,52314942,1748022299999,12307116.775190,22742,18439426,4340207.490000,0
1748022300000,0.234440,0.236150,0.234300,0.235830,60571145,1748023199999,14266992.708970,18736,33833102,7972530.192240,0
1748023200000,0.235820,0.236620,0.234970,0.235330,45743685,1748024099999,10780229.741140,22098,18916962,4459865.063240,0
1748024100000,0.235320,0.235600,0.233580,0.234750,90335233,1748024999999,21169098.098480,35889,44904502,10523082.826390,0
1748025000000,0.234750,0.235180,0.234230,0.234500,34073597,1748025899999,7998136.347270,16198,18284747,4292032.315280,0
1748025900000,0.234490,0.234530,0.232280,0.233100,127921735,1748026799999,29827207.876100,32301,56218488,13112127.144350,0
1748026800000,0.233100,0.234700,0.232560,0.234350,62490149,1748027699999,14607630.519930,23218,38541456,9013023.141040,0
1748027700000,0.234350,0.234440,0.233140,0.233520,24006162,1748028599999,5609241.908270,14184,12123750,2832584.372660,0
1748028600000,0.233510,0.234140,0.233220,0.233940,20507094,1748029499999,4792621.473190,14861,11344623,2651122.346990,0
1748029500000,0.233940,0.233940,0.232380,0.233020,35972537,1748030399999,8383099.332310,18829,16164857,3767516.185040,0
1748030400000,0.233010,0.233190,0.231480,0.231530,59716848,1748031299999,13856909.877320,26989,25641151,5950319.925550,0
1748031300000,0.231540,0.232740,0.231540,0.232640,29390563,1748032199999,6826671.927020,14049,17826698,4140955.043020,0
1748032200000,0.232640,0.232660,0.230320,0.231060,80064922,1748033099999,18488534.293190,26958,27002685,6236518.193760,0
1748033100000,0.231060,0.231750,0.230400,0.230730,33886351,1748033999999,7830490.924090,16543,15244753,3523996.982950,0
1748034000000,0.230740,0.231040,0.229800,0.231030,41372917,1748034899999,9532573.929950,20444,17921313,4130870.684490,0
1748034900000,0.231040,0.232320,0.231040,0.231730,59910063,1748035799999,13883009.271570,20118,31632868,7329874.012840,0
1748035800000,0.231730,0.231740,0.230540,0.231320,21052024,1748036699999,4864797.902590,13979,11095818,2564319.611410,0
1748036700000,0.231320,0.232210,0.229540,0.230430,38257856,1748037599999,8822748.513120,20312,15414922,3554811.322600,0
1748037600000,0.230430,0.231940,0.229930,0.231870,37792356,1748038499999,8724778.808660,22506,21146216,4882812.244040,0
1748038500000,0.231870,0.232180,0.231010,0.231060,27923847,1748039399999,6470010.422900,16043,12844580,2976351.250290,0
1748039400000,0.231060,0.231250,0.228690,0.228810,66515117,1748040299999,15291994.714180,30505,23982839,5516335.878380,0
1748040300000,0.228800,0.229380,0.228000,0.228580,54060441,1748041199999,12362059.986360,26453,26591915,6081584.298280,0
1748041200000,0.228580,0.229180,0.227220,0.228520,73577810,1748042099999,16795205.840890,36425,35254803,8049225.966220,0
1748042100000,0.228520,0.228600,0.226250,0.227040,97717253,1748042999999,22193003.066070,40769,39910937,9070127.825450,0
1748043000000,0.227040,0.227710,0.222940,0.224200,234712929,1748043899999,52769946.314790,85713,88658247,19948689.380450,0
1748043900000,0.224180,0.225580,0.223170,0.225050,107681856,1748044799999,24176732.769610,49302,55965419,12567653.539510,0
1748044800000,0.225050,0.226980,0.223460,0.226590,146094186,1748045699999,32919230.819670,61346,81037990,18271267.276380,0
1748045700000,0.226600,0.227350,0.225450,0.225990,71703619,1748046599999,16242858.660770,32135,37992873,8607626.694630,0
1748046600000,0.226000,0.228040,0.226000,0.227060,62888855,1748047499999,14300165.099760,32291,30266082,6880205.319470,0
1748047500000,0.227070,0.227190,0.225440,0.225480,45528815,1748048399999,10305703.981670,25444,18295601,4142828.590060,0
1748048400000,0.225470,0.226900,0.225430,0.225800,55708418,1748049299999,12599911.899030,25143,29109201,6583277.675650,0
1748049300000,0.225800,0.227750,0.225730,0.227100,43209692,1748050199999,9813702.268800,20200,22021903,5001787.179880,0
1748050200000,0.227100,0.227910,0.226900,0.227060,35409782,1748051099999,8051179.959160,19192,18017287,4097361.634060,0
1748051100000,0.227060,0.227600,0.226140,0.226360,30855987,1748051999999,6996093.769720,16429,15677060,3554515.691280,0
1748052000000,0.226360,0.227380,0.225540,0.227140,34239344,1748052899999,7762261.641600,17682,16806474,3810471.936960,0
1748052900000,0.227150,0.228100,0.227070,0.227520,42534470,1748053799999,9679317.763470,22206,26131443,5946529.783050,0
1748053800000,0.227510,0.228710,0.227290,0.228330,42399211,1748054699999,9673794.414020,17958,24351058,5555429.697810,0
1748054700000,0.228320,0.228550,0.227760,0.228230,22664494,1748055599999,5170666.697860,13548,11327456,2584288.629860,0
1748055600000,0.228220,0.229400,0.227830,0.229180,48864936,1748056499999,11182258.419230,20670,26734346,6118681.623740,0
1748056500000,0.229180,0.229930,0.229060,0.229730,41877446,1748057399999,9615255.915010,15850,20309695,4662959.794420,0
1748057400000,0.229720,0.229840,0.228860,0.229140,24624866,1748058299999,5644879.392590,12631,12394923,2841330.693230,0
1748058300000,0.229130,0.229540,0.228790,0.229320,18937597,1748059199999,4339658.583680,11617,10111060,2317048.671800,0
1748059200000,0.229320,0.229480,0.228460,0.229020,42978544,1748060099999,9837146.864800,15436,17238905,3946294.699430,0
1748060100000,0.229030,0.229830,0.228940,0.229550,21579494,1748060999999,4953710.259060,11373,10286234,2361118.513800,0
1748061000000,0.229550,0.230100,0.229200,0.229810,33062372,1748061899999,7594364.637440,19705,16702276,3836514.733580,0
1748061900000,0.229810,0.230300,0.229610,0.229810,25759647,1748062799999,5925064.865650,12644,12932469,2974740.425220,0
1748062800000,0.229810,0.229890,0.228500,0.228530,43322507,1748063699999,9929710.538460,16036,18654797,4275960.666690,0
1748063700000,0.228530,0.228600,0.227610,0.228290,43330602,1748064599999,9883877.257200,16453,16556858,3776765.832040,0
1748064600000,0.228280,0.228930,0.227690,0.228060,33809433,1748065499999,7720193.119900,18559,18606222,4249169.287030,0
1748065500000,0.228050,0.228500,0.227470,0.228420,28311912,1748066399999,6453657.278480,12632,13476817,3072201.444520,0
1748066400000,0.228410,0.229160,0.228080,0.228150,22274984,1748067299999,5092587.493420,12230,9780361,2236470.382190,0
1748067300000,0.228150,0.228360,0.227310,0.227910,36801827,1748068199999,8383883.781360,14028,15806764,3601492.318800,0
1748068200000,0.227910,0.227950,0.226700,0.227320,54686882,1748069099999,12419377.232350,20605,25654273,5825893.682410,0
1748069100000,0.227320,0.227650,0.226630,0.227640,29412705,1748069999999,6678425.464770,12366,12619160,2865654.806160,0
1748070000000,0.227640,0.228710,0.227640,0.228360,43551178,1748070899999,9942394.408750,16608,20732137,4732779.532990,0
1748070900000,0.228350,0.228810,0.228080,0.228270,18893968,1748071799999,4316530.972870,10344,9276793,2119680.941450,0
1748071800000,0.228270,0.228280,0.227170,0.227370,23328305,1748072699999,5311899.531580,11783,9947091,2264943.380320,0
1748072700000,0.227370,0.227490,0.226800,0.227220,38753323,1748073599999,8801276.421720,13710,17796265,4041464.683080,0
1748073600000,0.227230,0.227770,0.227000,0.227170,39988068,1748074499999,9092084.425450,16059,21419928,4870030.838240,0
1748074500000,0.227180,0.227240,0.225660,0.226430,82069211,1748075399999,18578496.039620,23609,32385085,7329757.289800,0
1748075400000,0.226430,0.227140,0.226240,0.227080,28182267,1748076299999,6388907.194850,14719,16000242,3626768.811290,0
1748076300000,0.227080,0.227910,0.227070,0.227840,34115359,1748077199999,7763337.041530,14303,17681549,4023420.307870,0
1748077200000,0.227840,0.228390,0.227440,0.227480,44565006,1748078099999,10159539.486460,17268,19610890,4470642.524410,0
1748078100000,0.227490,0.228740,0.227490,0.228350,28468928,1748078999999,6498298.477460,13137,14332828,3271263.540020,0
1748079000000,0.228350,0.228670,0.227940,0.228270,20415407,1748079899999,4660451.861990,12157,8584304,1959768.866250,0
1748079900000,0.228270,0.228440,0.227500,0.227660,23900629,1748080799999,5446030.063070,11630,8876883,2023113.292280,0
1748080800000,0.227660,0.228070,0.227400,0.227540,24117184,1748081699999,5491642.480450,13169,11939607,2718711.168210,0
1748081700000,0.227540,0.228470,0.227520,0.228430,24183704,1748082599999,5513372.178820,13522,13320063,3036986.825750,0
1748082600000,0.228430,0.229680,0.228340,0.229330,93341460,1748083499999,21395230.046650,27130,44284500,10149905.431330,0
1748083500000,0.229340,0.229940,0.229020,0.229590,60650055,1748084399999,13926062.173170,24859,24196288,5555425.044780,0
1748084400000,0.229590,0.230250,0.229510,0.229900,70651368,1748085299999,16245126.796800,22477,26487867,6090984.912440,0
1748085300000,0.229910,0.230200,0.229010,0.229630,50897403,1748086199999,11677884.547810,16135,23251274,5334300.054060,0
1748086200000,0.229630,0.230090,0.228910,0.228920,31856690,1748087099999,7316573.683750,15674,13439669,3087061.166500,0
1748087100000,0.228930,0.229390,0.228830,0.228940,30474903,1748087999999,6981880.200880,12526,16722288,3831051.718510,0
1748088000000,0.228940,0.229250,0.227580,0.228290,76079859,1748088899999,17381558.548480,22088,26809273,6124352.502270,0
1748088900000,0.228280,0.228910,0.227790,0.228480,33881693,1748089799999,7737241.745390,15027,15749917,3596928.856110,0
1748089800000,0.228480,0.228670,0.228010,0.228170,16328793,1748090699999,3728279.382030,11374,8053262,1838735.889590,0
1748090700000,0.228170,0.228490,0.227530,0.228230,27160259,1748091599999,6192722.594530,16765,15090255,3440714.208270,0
1748091600000,0.228240,0.228450,0.227230,0.227410,25420107,1748092499999,5791121.353140,14538,13198158,3006992.573750,0
1748092500000,0.227400,0.228200,0.226880,0.228160,35447436,1748093399999,8067459.427230,12815,18457382,4202104.746860,0
1748093400000,0.228160,0.228400,0.227590,0.227630,34346911,1748094299999,7832323.259250,13083,18298838,4173476.988670,0
1748094300000,0.227640,0.227880,0.226800,0.226970,25535481,1748095199999,5802218.011890,12669,11630893,2643035.656090,0
1748095200000,0.226970,0.227750,0.226740,0.227660,26847446,1748096099999,6102795.713020,13848,11520400,2618203.225030,0
1748096100000,0.227660,0.228370,0.226850,0.226950,24864496,1748096999999,5659811.286080,12710,12220663,2781926.988040,0
1748097000000,0.226940,0.227950,0.226860,0.227550,19200849,1748097899999,4367441.022810,11339,9707683,2207828.183510,0
1748097900000,0.227560,0.228630,0.227560,0.228250,29933482,1748098799999,6832387.772850,14718,14098507,3218323.061860,0
1748098800000,0.228250,0.229090,0.227810,0.228610,33781931,1748099699999,7717256.538670,16907,17065666,3898165.672180,0
1748099700000,0.228610,0.228650,0.227220,0.227470,24764505,1748100599999,5643915.111560,13931,12104924,2759270.913380,0
1748100600000,0.227470,0.227730,0.226840,0.227140,29862749,1748101499999,6785068.119740,15877,14323492,3254175.771920,0
1748101500000,0.227140,0.227670,0.226940,0.227590,17178794,1748102399999,3905056.154480,12642,7999240,1818283.201070,0
1748102400000,0.227590,0.227640,0.226120,0.226400,44563777,1748103299999,10099627.492970,18922,17909231,4060250.527360,0
1748103300000,0.226390,0.226970,0.225800,0.226510,28316537,1748104199999,6411561.014230,16245,13086588,2963899.081120,0
1748104200000,0.226500,0.227160,0.226260,0.227130,24636724,1748105099999,5587858.424130,13956,15301733,3470814.276680,0
1748105100000,0.227130,0.228080,0.226720,0.227560,26573134,1748105999999,6047292.403210,14593,11776396,2679655.571070,0
1748106000000,0.227560,0.228570,0.227440,0.228320,32296967,1748106899999,7369809.771840,15676,15528344,3543422.789450,0
1748106900000,0.228320,0.228420,0.227470,0.227730,25828579,1748107799999,5886801.078460,11048,12418644,2829864.129270,0
1748107800000,0.227730,0.228210,0.227170,0.227580,17582328,1748108699999,4003906.718150,9855,10628080,2420363.465270,0
1748108700000,0.227580,0.228180,0.227330,0.227470,14847553,1748109599999,3383337.022390,9445,7865591,1792031.915260,0
1748109600000,0.227470,0.228340,0.227220,0.228280,15654896,1748110499999,3566825.979970,11560,10334983,2354534.929000,0
1748110500000,0.228280,0.228890,0.228050,0.228410,19888798,1748111399999,4543531.252320,10630,9450077,2159150.671270,0
1748111400000,0.228410,0.228410,0.227640,0.227900,18205828,1748112299999,4148078.270340,9190,10661659,2428949.341610,0
1748112300000,0.227890,0.227900,0.226360,0.226630,61672735,1748113199999,13994396.712650,14618,29294889,6643108.535890,0
1748113200000,0.226630,0.227370,0.226440,0.226750,22523218,1748114099999,5112280.080920,11959,14600789,3314134.007040,0
1748114100000,0.226750,0.226970,0.226280,0.226740,14990906,1748114999999,3398340.538010,10169,8662633,1963708.833010,0
1748115000000,0.226740,0.227300,0.226420,0.226850,20535931,1748115899999,4661217.792220,9458,8978923,2037647.955520,0
1748115900000,0.226840,0.227260,0.226340,0.227110,13811329,1748116799999,3132190.749070,9095,6231400,1412935.707030,0
1748116800000,0.227100,0.227470,0.226580,0.227390,20062558,1748117699999,4554732.850900,11026,12581534,2856572.995750,0
1748117700000,0.227390,0.227530,0.226770,0.227370,16460763,1748118599999,3740771.248020,8850,8386363,1905862.947040,0
1748118600000,0.227370,0.228020,0.227280,0.227460,20520575,1748119499999,4671870.505480,9578,11107228,2528188.256750,0
1748119500000,0.227460,0.227590,0.226820,0.227310,10307653,1748120399999,2341231.633110,7902,5547328,1259800.359110,0
1748120400000,0.227310,0.227400,0.226350,0.226670,15152485,1748121299999,3435511.279530,8994,8420571,1909071.549980,0
1748121300000,0.226670,0.226810,0.225000,0.226040,30258452,1748122199999,6830388.959480,18406,12615932,2849279.896040,0
1748122200000,0.226040,0.226560,0.225770,0.226240,11134704,1748123099999,2518129.895800,8037,5366761,1213791.038770,0
1748123100000,0.226230,0.227000,0.225860,0.226760,8833636,1748123999999,2000811.602530,7546,4104890,929717.225450,0
1748124000000,0.226770,0.226800,0.225300,0.226210,30289193,1748124899999,6837416.259120,15824,15838178,3575256.540870,0
1748124900000,0.226200,0.226670,0.225340,0.225900,21066661,1748125799999,4757743.235570,12963,9167744,2070110.852420,0
1748125800000,0.225890,0.225990,0.224810,0.225440,37352883,1748126699999,8412567.910850,15941,12085045,2723496.471700,0
1748126700000,0.225430,0.225810,0.224670,0.225110,17796612,1748127599999,4009289.876120,11625,8915046,2008399.364600,0
1748127600000,0.225120,0.225200,0.223640,0.224760,68485737,1748128499999,15355523.850530,30782,23217950,5206131.178310,0
1748128500000,0.224770,0.225950,0.224700,0.225330,38784364,1748129399999,8737686.363730,23943,21856720,4924095.214790,0
1748129400000,0.225330,0.225960,0.224520,0.224600,35283063,1748130299999,7951857.990250,18827,17548572,3954397.563240,0
1748130300000,0.224590,0.225320,0.223970,0.225010,34085562,1748131199999,7659633.874370,16668,16923720,3802868.710300,0
1748131200000,0.225010,0.226330,0.224830,0.225490,57513353,1748132099999,12982864.836440,20919,33573862,7576566.999520,0
1748132100000,0.225480,0.225860,0.224520,0.225700,31730183,1748132999999,7143191.446150,15809,18993638,4275861.765050,0
1748133000000,0.225700,0.225930,0.221130,0.221810,172896928,1748133899999,38509821.672850,58243,58374011,12997279.087120,0
1748133900000,0.221810,0.222820,0.220330,0.221380,112086254,1748134799999,24825535.226840,54364,49876676,11050497.274490,0
1748134800000,0.221380,0.221500,0.220070,0.220440,125155327,1748135699999,27615078.527830,45239,57626645,12720134.863330,0
1748135700000,0.220440,0.221990,0.219290,0.221630,105582268,1748136599999,23286767.202730,40129,53988749,11916498.583060,0
1748136600000,0.221630,0.222500,0.221300,0.222320,39696927,1748137499999,8811910.950630,21335,21052788,4673978.632420,0
1748137500000,0.222310,0.222320,0.221550,0.221740,25148538,1748138399999,5579569.848710,14675,14049187,3117103.298470,0
1748138400000,0.221740,0.222160,0.220740,0.221260,39690671,1748139299999,8786431.137400,19576,20759332,4596542.071610,0
1748139300000,0.221260,0.222080,0.220300,0.221810,45988805,1748140199999,10169595.015400,23946,24058962,5319856.677270,0
1748140200000,0.221810,0.222590,0.221400,0.221520,42012484,1748141099999,9329344.846590,16677,21323307,4734954.361750,0
1748141100000,0.221510,0.222600,0.221450,0.222390,22173951,1748141999999,4926706.776950,13638,10897947,2421036.931900,0
1748142000000,0.222380,0.223570,0.222260,0.223430,46666861,1748142899999,10410381.721990,25208,28183642,6287589.989410,0
1748142900000,0.223430,0.223820,0.223150,0.223540,25820401,1748143799999,5770143.524510,14468,10153275,2269206.701660,0
1748143800000,0.223530,0.224190,0.223500,0.224000,32448726,1748144699999,7267050.716880,16134,19259773,4313404.076250,0
1748144700000,0.223990,0.224220,0.223550,0.223580,18704301,1748145599999,4188168.004790,11850,9211051,2062845.805000,0
1748145600000,0.223580,0.223580,0.222510,0.222640,29415154,1748146499999,6558274.465200,14431,12046044,2685678.769210,0
1748146500000,0.222640,0.223210,0.222460,0.222890,20232737,1748147399999,4509036.010280,12243,10228738,2279657.508450,0
1748147400000,0.222890,0.223860,0.222770,0.223490,17529804,1748148299999,3916359.601420,12596,9255702,2067809.584040,0
1748148300000,0.223490,0.224080,0.223270,0.223980,18534243,1748149199999,4146734.267100,11072,10635039,2379280.397680,0
1748149200000,0.223970,0.223970,0.223230,0.223340,17977035,1748150099999,4021851.858230,10665,5800891,1297546.989220,0
1748150100000,0.223340,0.223750,0.223160,0.223240,18900052,1748150999999,4223350.648080,10049,10369073,2317277.846970,0
1748151000000,0.223250,0.223710,0.222710,0.223000,19366142,1748151899999,4320456.373850,10163,9261312,2066030.966280,0
1748151900000,0.223000,0.223670,0.222810,0.223590,13517122,1748152799999,3020119.987340,8590,6686828,1493945.047480,0
1748152800000,0.223580,0.223740,0.222900,0.222970,16524615,1748153699999,3689577.575330,10345,6724140,1501444.074870,0
1748153700000,0.222970,0.223190,0.222650,0.223070,17079137,1748154599999,3807265.314920,9055,7340796,1636378.897980,0
1748154600000,0.223070,0.223320,0.222330,0.222710,16399197,1748155499999,3653604.390860,10423,6900225,1537306.517890,0
1748155500000,0.222700,0.223090,0.222210,0.222890,22691724,1748156399999,5054341.103050,11934,11723025,2611223.448800,0
1748156400000,0.222890,0.222940,0.221710,0.221740,40889485,1748157299999,9083944.624190,14797,19283574,4284180.683220,0
1748157300000,0.221730,0.221980,0.220550,0.220810,189210228,1748158199999,41862592.359920,38031,121189298,26818187.251300,0
1748158200000,0.220810,0.221590,0.220400,0.221070,39286689,1748159099999,8686378.117690,17392,21479195,4750112.905660,0
1748159100000,0.221060,0.221550,0.220800,0.221260,23545262,1748159999999,5208733.075550,10980,11092442,2453839.701460,0
1748160000000,0.221260,0.221280,0.219580,0.219730,67257966,1748160899999,14808997.705940,22913,25599072,5637852.578020,0
1748160900000,0.219740,0.220400,0.219220,0.219630,62940029,1748161799999,13836400.358040,24538,27253886,5994623.650990,0
1748161800000,0.219620,0.220130,0.219160,0.219250,52664138,1748162699999,11559601.110590,26695,25414246,5578639.601280,0
1748162700000,0.219250,0.219310,0.217610,0.218650,110069396,1748163599999,24031561.014890,38322,46361610,10121882.847920,0
1748163600000,0.218640,0.219310,0.217570,0.218370,98353334,1748164499999,21488713.242770,30906,40659501,8886794.970910,0
1748164500000,0.218370,0.219060,0.217640,0.218690,59541982,1748165399999,13001881.159500,21927,32717567,7145133.476930,0
1748165400000,0.218700,0.218990,0.217050,0.217850,80089963,1748166299999,17441766.872130,33493,41941548,9135328.214040,0
1748166300000,0.217850,0.218950,0.217850,0.218890,43659900,1748167199999,9542889.810490,17681,23756379,5192736.661700,0
1748167200000,0.218890,0.219500,0.218130,0.218880,36233854,1748168099999,7927643.887500,17826,17721238,3877399.758010,0
1748168100000,0.218880,0.219160,0.218320,0.218410,21470343,1748168999999,4696532.451490,11412,9754509,2133887.239840,0
1748169000000,0.218410,0.219440,0.218310,0.218660,46735246,1748169899999,10236899.148890,18102,28455236,6233859.094580,0
1748169900000,0.218650,0.219410,0.217840,0.217910,67926082,1748170799999,14856113.101390,19548,36761431,8040496.341030,0
1748170800000,0.217910,0.219080,0.217530,0.218990,35212879,1748171699999,7684893.921010,18102,18315723,3998920.563910,0
1748171700000,0.218980,0.219080,0.218410,0.218850,25141749,1748172599999,5501914.737520,12574,9317489,2038953.345360,0
1748172600000,0.218850,0.219140,0.218090,0.218410,26965428,1748173499999,5892410.742640,12607,13652614,2984363.755830,0
1748173500000,0.218400,0.219640,0.218140,0.219240,52624240,1748174399999,11531537.806810,15681,38238325,8380051.591620,0
1748174400000,0.219240,0.219460,0.218720,0.219350,34201153,1748175299999,7493215.309720,18040,15694848,3438499.156210,0
1748175300000,0.219350,0.220290,0.219350,0.219900,55861550,1748176199999,12283102.515880,21430,32820700,7216248.631080,0
1748176200000,0.219890,0.220670,0.219810,0.220240,39335337,1748177099999,8663297.007130,17392,17893750,3941074.871290,0
1748177100000,0.220240,0.220640,0.219940,0.220460,26248618,1748177999999,5783870.200830,12395,12479312,2750028.792790,0
1748178000000,0.220460,0.220740,0.219240,0.219620,37063303,1748178899999,8152872.430400,16109,15726460,3460648.512060,0
1748178900000,0.219620,0.220240,0.219190,0.220200,19826544,1748179799999,4352559.433000,12443,9912163,2176349.262800,0
1748179800000,0.220210,0.220800,0.219860,0.220440,31311287,1748180699999,6899055.085350,15133,12072322,2661007.371420,0
1748180700000,0.220440,0.221040,0.219790,0.219850,31519996,1748181599999,6948780.996860,13598,13843592,3053155.377580,0
1748181600000,0.219860,0.220270,0.219350,0.219620,25251554,1748182499999,5551021.153190,13515,11854301,2606436.000780,0
1748182500000,0.219630,0.219900,0.219090,0.219830,27823702,1748183399999,6106243.678740,12137,14023723,3078139.134460,0
1748183400000,0.219830,0.219950,0.218170,0.218180,55067932,1748184299999,12053104.992470,20207,18083139,3958677.000030,0
1748184300000,0.218180,0.218660,0.217700,0.218510,34111183,1748185199999,7445067.586710,17528,18558869,4051257.095580,0
1748185200000,0.218520,0.218950,0.217240,0.217510,50201827,1748186099999,10942787.960520,23917,24670306,5379101.037360,0
1748186100000,0.217510,0.217870,0.215520,0.216330,140328385,1748186999999,30351506.193600,51390,71130570,15384607.272910,0
1748187000000,0.216320,0.218280,0.215930,0.218030,81688283,1748187899999,17759478.992570,34774,42581205,9256568.306210,0
1748187900000,0.218040,0.218590,0.217310,0.218410,42786259,1748188799999,9328608.102770,18749,22078062,4813298.034800,0
1748188800000,0.218410,0.218420,0.217110,0.217720,43022465,1748189699999,9372108.669480,19424,18019496,3926167.127070,0
1748189700000,0.217710,0.217880,0.216390,0.216590,45579830,1748190599999,9886809.699270,19600,24214227,5252229.109130,0
1748190600000,0.216580,0.218620,0.216340,0.218290,52872408,1748191499999,11502726.150190,21167,28802225,6265836.561280,0
1748191500000,0.218290,0.218790,0.218230,0.218360,25988383,1748192399999,5677871.580800,13137,12005632,2623216.975120,0
1748192400000,0.218360,0.219240,0.218360,0.218970,33253943,1748193299999,7279449.899740,17815,16917076,3702964.279540,0
1748193300000,0.218970,0.219190,0.218360,0.218940,20738431,1748194199999,4536835.764100,11013,8519011,1863633.342000,0
1748194200000,0.218940,0.219020,0.218000,0.218540,26445620,1748195099999,5775184.911060,11593,15194325,3318217.437980,0
1748195100000,0.218540,0.219060,0.218540,0.218950,18858708,1748195999999,4127196.482190,8453,10049159,2199386.478950,0
1748196000000,0.218960,0.219450,0.218560,0.219240,24729042,1748196899999,5415807.608500,11924,13167887,2884001.654410,0
1748196900000,0.219240,0.220030,0.218900,0.219640,25879080,1748197799999,5682221.078550,11720,14499276,3183777.068380,0
1748197800000,0.219640,0.219820,0.219050,0.219060,17067297,1748198699999,3744856.686330,9397,5456983,1197552.690100,0
1748198700000,0.219060,0.219440,0.219040,0.219220,9755405,1748199599999,2138867.611330,7464,3570521,782861.472100,0
1748199600000,0.219210,0.219410,0.219050,0.219110,11145039,1748200499999,2443052.006740,7844,3914007,857981.901570,0
1748200500000,0.219100,0.219430,0.218750,0.219430,20261737,1748201399999,4440449.353560,8509,7949557,1742349.648670,0
1748201400000,0.219430,0.219980,0.219410,0.219770,13818533,1748202299999,3036598.160190,8599,6701102,1472493.602960,0
1748202300000,0.219770,0.220730,0.219610,0.219920,25603231,1748203199999,5638584.862430,11690,14797721,3259482.700840,0
1748203200000,0.219930,0.220190,0.219000,0.219060,28258614,1748204099999,6203827.299640,12451,10278109,2258222.983670,0
1748204100000,0.219060,0.219560,0.218640,0.219470,21380897,1748204999999,4684903.286570,8980,6112278,1339677.699150,0
1748205000000,0.219470,0.219900,0.219290,0.219830,13151160,1748205899999,2887876.584290,7780,7579425,1664580.200440,0
1748205900000,0.219840,0.219860,0.219390,0.219650,8566006,1748206799999,1880967.124160,6061,3968999,871451.144580,0
1748206800000,0.219660,0.220330,0.219310,0.220260,20185830,1748207699999,4439706.580650,8840,12505342,2751280.548210,0
1748207700000,0.220270,0.220280,0.219010,0.219240,17111904,1748208599999,3757005.262800,8119,7292511,1600961.313890,0
1748208600000,0.219240,0.219240,0.218150,0.218990,21196946,1748209499999,4636247.504080,10438,7142526,1562574.750500,0
1748209500000,0.218990,0.219510,0.218720,0.218910,6647377,1748210399999,1457422.698740,5884,3594344,788188.854110,0
1748210400000,0.218920,0.222300,0.218510,0.221240,111585546,1748211299999,24660017.776720,42745,72416194,16004387.451340,0
1748211300000,0.221230,0.222590,0.221230,0.222140,67768243,1748212199999,15043711.763460,30401,35551754,7892004.616680,0
1748212200000,0.222140,0.223680,0.222060,0.223380,61642569,1748213099999,13735744.713860,26056,36509569,8136829.077280,0
1748213100000,0.223390,0.224480,0.222860,0.224320,73979758,1748213999999,16557208.276670,30735,43235081,9677521.547450,0
1748214000000,0.224320,0.224870,0.223650,0.224080,76329878,1748214899999,17124444.009130,27576,38952573,8739071.198980,0
1748214900000,0.224090,0.224140,0.222440,0.222820,49066222,1748215799999,10956106.978010,22000,20169268,4505652.192080,0
1748215800000,0.222820,0.224780,0.222690,0.224590,48030378,1748216699999,10758438.381320,18186,25505579,5712689.139560,0
1748216700000,0.224600,0.225080,0.224080,0.224780,41665313,1748217599999,9357521.807980,15388,19527127,4386095.745010,0
1748217600000,0.224770,0.225400,0.224200,0.224240,53352636,1748218499999,11998983.227810,21205,27423989,6168685.269780,0
1748218500000,0.224230,0.225200,0.223200,0.224100,63476989,1748219399999,14223452.966590,19748,19752831,4429894.010410,0
1748219400000,0.224100,0.226060,0.223870,0.225880,60862275,1748220299999,13709128.015950,28427,35832393,8069639.089880,0
1748220300000,0.225870,0.227230,0.225730,0.227110,92449119,1748221199999,20932240.162910,28761,52298480,11841532.537810,0
1748221200000,0.227110,0.227500,0.225770,0.226040,62296078,1748222099999,14116739.982960,23964,29877167,6771523.761870,0
1748222100000,0.226050,0.226580,0.225520,0.225990,53106924,1748222999999,12007093.339730,16351,27815173,6289343.820250,0
1748223000000,0.225990,0.227480,0.225610,0.227100,42278887,1748223899999,9583313.362060,17207,20796089,4714047.513270,0
1748223900000,0.227110,0.227680,0.226380,0.227120,54485406,1748224799999,12370277.718380,18307,22896353,5199676.116460,0
1748224800000,0.227130,0.227300,0.226250,0.226520,33109904,1748225699999,7508452.153900,15477,14912107,3382735.577080,0
1748225700000,0.226530,0.227160,0.226210,0.226640,28971884,1748226599999,6568595.661220,13744,12637426,2865467.146060,0
1748226600000,0.226640,0.226640,0.225240,0.225460,53840892,1748227499999,12152428.221240,16381,14830799,3347458.715320,0
1748227500000,0.225460,0.225790,0.225030,0.225510,23148618,1748228399999,5217458.518810,10311,10469433,2359647.267170,0
1748228400000,0.225510,0.225830,0.225160,0.225540,23766194,1748229299999,5357510.581930,11838,13644154,3075470.500520,0
1748229300000,0.225540,0.226490,0.225300,0.226360,26484565,1748230199999,5986422.648800,10271,15908287,3596366.165810,0
1748230200000,0.226350,0.227110,0.225800,0.226880,38962913,1748231099999,8825785.625480,14392,21458693,4861776.510690,0
1748231100000,0.226890,0.227620,0.226810,0.227090,42722114,1748231999999,9708192.260010,16964,21148174,4806139.939630,0
1748232000000,0.227100,0.227760,0.226540,0.227060,49554078,1748232899999,11257718.418910,16534,27987707,6360673.568100,0
1748232900000,0.227050,0.228320,0.226850,0.227810,60935433,1748233799999,13884389.781230,22929,43632520,9943071.362720,0
1748233800000,0.227820,0.227980,0.227360,0.227490,31654465,1748234699999,7207791.173620,12958,15105542,3440031.181220,0
1748234700000,0.227500,0.228100,0.227400,0.227580,23306723,1748235599999,5308035.297040,11756,10873315,2476576.425850,0
1748235600000,0.227580,0.227840,0.226920,0.227130,25648626,1748236499999,5830393.385930,13120,10709047,2434412.659220,0
1748236500000,0.227130,0.227950,0.226940,0.227760,26382140,1748237399999,5999671.819420,10792,12172900,2768959.073870,0
1748237400000,0.227760,0.228160,0.227370,0.227420,28342513,1748238299999,6457802.440430,11762,14033492,3197978.069630,0
1748238300000,0.227420,0.227990,0.227420,0.227680,20553551,1748239199999,4681149.676540,9618,13702263,3120911.465620,0
1748239200000,0.227690,0.228270,0.227480,0.227570,26250652,1748240099999,5981850.507270,12636,11265224,2566883.212520,0
1748240100000,0.227570,0.228270,0.227430,0.228260,26712519,1748240999999,6088199.811450,11049,16016780,3649981.217820,0
1748241000000,0.228250,0.228250,0.227390,0.227580,28047937,1748241899999,6387891.048160,10545,12242794,2789028.494920,0
1748241900000,0.227580,0.228900,0.227580,0.228620,41425543,1748242799999,9459884.035650,15630,26070918,5952590.826560,0
1748242800000,0.228610,0.230250,0.228510,0.228980,96379700,1748243699999,22123373.480190,35539,56197395,12902991.869230,0
1748243700000,0.228980,0.230050,0.228580,0.229080,47425800,1748244599999,10873938.232450,21487,23298966,5342683.419950,0
1748244600000,0.229080,0.229630,0.228390,0.229430,44728056,1748245499999,10245668.475840,18780,20934364,4796586.598630,0
1748245500000,0.229430,0.229800,0.228850,0.229740,35370769,1748246399999,8115563.814500,13325,18811654,4317123.002030,0
1748246400000,0.229730,0.229990,0.228550,0.229030,51358233,1748247299999,11781147.016800,19538,25574384,5868402.374810,0
1748247300000,0.229020,0.229360,0.228200,0.228240,41139402,1748248199999,9410106.445340,16454,16937388,3874916.187210,0
1748248200000,0.228230,0.228310,0.227000,0.227480,98372749,1748249099999,22394339.578240,28584,49051282,11168405.666760,0
1748249100000,0.227470,0.227470,0.226620,0.227050,74187669,1748249999999,16842863.897640,17604,44075680,10007367.033140,0
1748250000000,0.227050,0.227680,0.226490,0.227610,44967471,1748250899999,10209985.785560,16118,19932461,4526689.999290,0
1748250900000,0.227620,0.227860,0.227200,0.227400,25851427,1748251799999,5882255.124430,11306,12552791,2856396.579230,0
1748251800000,0.227410,0.227510,0.225970,0.226350,54158106,1748252699999,12276102.364130,17798,22362898,5071659.078510,0
1748252700000,0.226340,0.226640,0.226000,0.226400,31666919,1748253599999,7163526.936710,12872,13564180,3068342.678100,0
1748253600000,0.226390,0.226940,0.225760,0.226630,34974565,1748254499999,7919074.477190,14318,17292999,3917033.183830,0
1748254500000,0.226630,0.227450,0.226300,0.227130,33271033,1748255399999,7555057.758930,12109,18555088,4213322.634450,0
1748255400000,0.227130,0.227150,0.226600,0.226940,15122393,1748256299999,3430685.623810,8381,7598289,1723970.102340,0
1748256300000,0.226940,0.227110,0.225370,0.225860,48686485,1748257199999,10996905.139030,20069,18934548,4277744.809570,0
1748257200000,0.225850,0.226360,0.225280,0.226060,30952395,1748258099999,6990786.260600,13287,13722203,3099310.121820,0
1748258100000,0.226050,0.226350,0.225850,0.226210,15031758,1748258999999,3397999.740240,9146,7134299,1612931.661140,0
1748259000000,0.226210,0.226600,0.225140,0.226370,36296282,1748259899999,8197981.370350,14905,21628209,4885481.473150,0
1748259900000,0.226370,0.226570,0.225630,0.226060,23707903,1748260799999,5360723.520440,10775,11143646,2519601.606270,0
1748260800000,0.226050,0.226340,0.225430,0.225680,27286975,1748261699999,6162792.325990,13894,13725875,3100347.447150,0
1748261700000,0.225680,0.226000,0.225060,0.225320,44715248,1748262599999,10082753.120170,17739,15082090,3400984.544510,0
1748262600000,0.225320,0.226230,0.225230,0.226150,30066013,1748263499999,6788991.990940,13725,18148084,4098605.456230,0
1748263500000,0.226150,0.227780,0.226140,0.227170,77966526,1748264399999,17709096.105790,26218,45289332,10284564.063380,0
1748264400000,0.227170,0.227650,0.226080,0.226320,48413566,1748265299999,10988096.211160,17241,24336815,5523849.596090,0
1748265300000,0.226310,0.226920,0.225600,0.226350,35094972,1748266199999,7936228.804480,18687,18422391,4166594.516360,0
1748266200000,0.226350,0.226950,0.226060,0.226470,26358795,1748267099999,5971113.863430,13801,13501610,3059122.710840,0
1748267100000,0.226480,0.226530,0.223680,0.224610,104274885,1748267999999,23425368.655320,35139,42557880,9556419.275990,0
1748268000000,0.224610,0.225300,0.223930,0.225290,60858292,1748268899999,13667645.611960,23516,31583193,7092648.809350,0
1748268900000,0.225280,0.225280,0.223550,0.224390,58260465,1748269799999,13065953.775870,21750,26301869,5898218.413640,0
1748269800000,0.224390,0.224550,0.223220,0.224080,48358131,1748270699999,10819920.500260,24351,23255570,5203984.996870,0
1748270700000,0.224080,0.224580,0.223280,0.224410,38265713,1748271599999,8569432.951940,18225,20428448,4575229.390580,0
1748271600000,0.224420,0.224950,0.223810,0.224110,35055194,1748272499999,7865356.619540,16595,17809609,3995831.512630,0
1748272500000,0.224100,0.225470,0.223940,0.225350,33113646,1748273399999,7447752.791980,15139,18748050,4215543.200740,0
1748273400000,0.225350,0.228970,0.225350,0.226770,202713116,1748274299999,46077088.336790,55933,126321119,28721507.501310,0
1748274300000,0.226760,0.227550,0.226550,0.226880,55461290,1748275199999,12591772.749640,21523,27283102,6194236.905910,0
1748275200000,0.226880,0.227950,0.226690,0.226890,51575736,1748276099999,11722706.938010,21767,26065196,5924647.814880,0
1748276100000,0.226890,0.226970,0.223600,0.224430,154716085,1748276999999,34787388.909420,51798,65206890,14656787.387030,0
1748277000000,0.224430,0.225080,0.223470,0.224920,59301865,1748277899999,13310991.784340,25222,28503499,6398178.603750,0
1748277900000,0.224910,0.225200,0.224000,0.224260,35685785,1748278799999,8012690.952950,17904,13696308,3075393.005990,0
1748278800000,0.224260,0.225170,0.224100,0.224680,27269467,1748279699999,6125677.512430,14736,14607183,3281610.660870,0
1748279700000,0.224670,0.224950,0.223110,0.223910,38449537,1748280599999,8602855.369640,17814,17004040,3803887.788160,0
1748280600000,0.223900,0.224040,0.222750,0.223540,39949604,1748281499999,8924027.147920,18590,14704941,3285714.759610,0
1748281500000,0.223540,0.223540,0.222390,0.223210,45159646,1748282399999,10067326.423310,21200,21108061,4705772.367250,0
1748282400000,0.223210,0.224160,0.222550,0.224110,37042578,1748283299999,8277012.375620,18333,17016572,3801680.240850,0
1748283300000,0.224110,0.224420,0.223490,0.224410,19760697,1748284199999,4425073.377390,12449,10314774,2310205.498300,0
1748284200000,0.224420,0.224740,0.224100,0.224290,18930695,1748285099999,4247846.085960,11457,9561319,2145442.612330,0
1748285100000,0.224280,0.224320,0.223340,0.223580,18445469,1748285999999,4128456.971590,9279,6739005,1508395.986610,0
1748286000000,0.223570,0.224040,0.223150,0.223820,20306320,1748286899999,4538562.407380,11570,8932971,1996777.573400,0
1748286900000,0.223830,0.224540,0.223730,0.224260,16212631,1748287799999,3634742.104830,9711,8629779,1934796.494830,0
1748287800000,0.224270,0.224340,0.223310,0.223840,20242045,1748288699999,4530103.767490,10579,11165479,2498898.120950,0
1748288700000,0.223830,0.224300,0.223680,0.224020,11705306,1748289599999,2622636.699950,8020,6468660,1449389.739450,0
1748289600000,0.224020,0.224850,0.223210,0.224790,31770616,1748290499999,7119412.511850,15966,16507101,3698850.908970,0
1748290500000,0.224790,0.225100,0.223990,0.224430,18068931,1748291399999,4055998.574020,11451,7623850,1711400.019780,0
1748291400000,0.224430,0.226080,0.224240,0.225550,27925118,1748292299999,6293637.230440,21016,17158566,3866968.178230,0
1748292300000,0.225550,0.226550,0.225130,0.226390,21547358,1748293199999,4864666.626620,13688,11567466,2611862.758330,0
1748293200000,0.226380,0.226640,0.225720,0.225760,27253845,1748294099999,6160161.018490,12684,11857156,2680078.763120,0
1748294100000,0.225770,0.226130,0.225130,0.226010,18078886,1748294999999,4078515.581910,10281,9467910,2136066.589140,0
1748295000000,0.226010,0.226580,0.225580,0.225920,16968292,1748295899999,3836991.420960,9459,6861686,1551776.996200,0
1748295900000,0.225930,0.226580,0.225510,0.226250,11733788,1748296799999,2653057.344090,8040,6096906,1378757.886390,0
1748296800000,0.226250,0.227680,0.225680,0.227070,47873724,1748297699999,10849717.975860,23447,21281148,4822374.471320,0
1748297700000,0.227060,0.227380,0.226240,0.226330,26383233,1748298599999,5982035.622070,15367,11697778,2652606.836580,0
1748298600000,0.226320,0.226800,0.225730,0.225970,15741876,1748299499999,3559933.090550,10176,6834771,1545763.870400,0
1748299500000,0.225970,0.225990,0.224970,0.225150,22787423,1748300399999,5136255.618830,16061,9590798,2161390.982870,0
1748300400000,0.225160,0.225630,0.224440,0.225330,37632087,1748301299999,8469210.280340,14781,18585816,4182748.378490,0
1748301300000,0.225330,0.225380,0.224700,0.224980,18869632,1748302199999,4245159.025220,10778,7946614,1787554.139050,0
1748302200000,0.224980,0.225760,0.224850,0.225420,20342020,1748303099999,4585119.660810,10392,8814558,1986949.581700,0
1748303100000,0.225410,0.226090,0.225280,0.225850,18903964,1748303999999,4268432.731440,9529,8398888,1896482.022060,0
1748304000000,0.225840,0.226680,0.225530,0.226580,34963924,1748304899999,7903499.436660,16572,15761696,3562550.104500,0
1748304900000,0.226580,0.227010,0.225280,0.225360,36902008,1748305799999,8337093.590810,14938,14612833,3302081.410950,0
1748305800000,0.225370,0.225490,0.224360,0.224450,35435510,1748306699999,7963973.374200,14543,13137600,2952722.402400,0
1748306700000,0.224450,0.224830,0.223670,0.224110,32923919,1748307599999,7380132.573850,13899,16709708,3745933.835330,0
1748307600000,0.224110,0.224200,0.221620,0.221960,93016162,1748308499999,20720774.013120,37792,41868389,9329699.156130,0
1748308500000,0.221950,0.222000,0.219560,0.221540,202595129,1748309399999,44710384.690250,73921,96943829,21403157.698630,0
1748309400000,0.221530,0.222110,0.221250,0.221420,61481052,1748310299999,13630440.091130,24118,31641447,7015203.569810,0
1748310300000,0.221430,0.222160,0.221130,0.222070,34851542,1748311199999,7728018.804160,16216,15245106,3380236.219140,0
1748311200000,0.222070,0.223200,0.221840,0.223160,31274120,1748312099999,6961920.105340,17793,14788071,3291932.275570,0
1748312100000,0.223150,0.224170,0.222680,0.224040,36116345,1748312999999,8071093.856260,19792,17456447,3902105.109590,0
1748313000000,0.224040,0.224430,0.223620,0.223910,32922341,1748313899999,7375387.601810,13814,13777915,3086176.198510,0
1748313900000,0.223920,0.223950,0.222540,0.223120,42115348,1748314799999,9393678.779390,15852,17691479,3944901.680040,0
1748314800000,0.223110,0.225070,0.223110,0.224880,55062868,1748315699999,12344334.346930,19992,32570370,7302348.640240,0
1748315700000,0.224870,0.225560,0.224590,0.224710,54754508,1748316599999,12318322.177610,26142,30266842,6809400.491830,0
1748316600000,0.224700,0.225030,0.224220,0.224550,24131649,1748317499999,5421410.483960,13799,10610869,2384264.552720,0
1748317500000,0.224550,0.224690,0.224000,0.224160,18588946,1748318399999,4168803.793510,9424,7363701,1651493.485240,0
1748318400000,0.224160,0.224890,0.224080,0.224380,21407028,1748319299999,4805349.449190,10917,10661004,2393053.409830,0
1748319300000,0.224380,0.224430,0.223710,0.224160,27267883,1748320199999,6111771.523870,10324,14816172,3321293.451590,0
1748320200000,0.224160,0.224330,0.223620,0.223950,26487815,1748321099999,5934146.162650,11204,11013066,2467486.068150,0
1748321100000,0.223940,0.224970,0.223230,0.223500,79753452,1748321999999,17873523.466830,18488,44021899,9865061.998120,0
1748322000000,0.223500,0.223780,0.222930,0.223310,42429304,1748322899999,9474991.911130,18745,23415608,5229370.238830,0
1748322900000,0.223310,0.223360,0.222420,0.222790,26423744,1748323799999,5885972.697560,12818,12420633,2766644.630370,0
1748323800000,0.222800,0.223890,0.222650,0.223800,26599732,1748324699999,5943119.414550,12119,14801199,3306830.423950,0
1748324700000,0.223790,0.224890,0.223660,0.224480,38777353,1748325599999,8704434.445930,13592,22704739,5097919.133670,0
1748325600000,0.224480,0.226410,0.224460,0.226100,92720854,1748326499999,20914392.683470,33649,50736641,11448060.841200,0
1748326500000,0.226110,0.226740,0.225330,0.225880,57714720,1748327399999,13047458.023400,24937,29681691,6710052.564350,0
1748327400000,0.225890,0.226870,0.225890,0.226450,36362292,1748328299999,8233880.546790,18207,19166410,4340069.485490,0
1748328300000,0.226460,0.226540,0.224760,0.224930,50933931,1748329199999,11484576.592180,22668,26259657,5921503.414380,0
1748329200000,0.224940,0.226150,0.224930,0.226090,38380615,1748330099999,8660319.063600,16358,17837952,4024797.432420,0
1748330100000,0.226090,0.226300,0.225690,0.226000,24904910,1748330999999,5628506.021030,12777,12879180,2910772.913020,0
1748331000000,0.226010,0.227700,0.225940,0.227280,57439443,1748331899999,13042819.871060,27780,29337791,6661396.157510,0
1748331900000,0.227280,0.228420,0.227280,0.227690,63054293,1748332799999,14367114.900600,22178,38466720,8766606.721490,0
1748332800000,0.227690,0.228830,0.227660,0.227990,71221224,1748333699999,16261495.625270,27447,33330282,7610649.170660,0
1748333700000,0.227990,0.229080,0.227920,0.228830,61155179,1748334599999,13972613.454630,21321,29057632,6641072.074810,0
1748334600000,0.228830,0.229040,0.227920,0.228280,46155777,1748335499999,10538249.315730,20253,20976658,4788970.204780,0
1748335500000,0.228290,0.228640,0.228060,0.228570,25338786,1748336399999,5787369.667480,14173,10540978,2407523.190010,0
1748336400000,0.228570,0.228860,0.228210,0.228620,32846851,1748337299999,7507320.539650,16169,14347060,3279228.483740,0
1748337300000,0.228630,0.228670,0.227260,0.227460,66463725,1748338199999,15131729.517690,18907,35543023,8091082.254430,0
1748338200000,0.227460,0.228150,0.227300,0.228060,41021926,1748339099999,9343216.587860,15151,20067542,4571647.392420,0
1748339100000,0.228060,0.228780,0.228000,0.228650,39167104,1748339999999,8950504.421180,15064,22497802,5140613.849040,0
1748340000000,0.228660,0.228770,0.228050,0.228280,31645464,1748340899999,7228061.950530,13905,10531722,2405533.569960,0
1748340900000,0.228290,0.228620,0.227860,0.228400,23028741,1748341799999,5256787.095440,11353,9193408,2098538.013030,0
1748341800000,0.228400,0.228600,0.228040,0.228060,29139419,1748342699999,6653401.778630,12628,12909883,2947946.883980,0
1748342700000,0.228050,0.228580,0.228010,0.228490,16018013,1748343599999,3657582.855890,8018,8159013,1862778.469310,0
1748343600000,0.228490,0.228890,0.227960,0.228050,30642320,1748344499999,6999732.309580,14226,14836896,3389348.686340,0
1748344500000,0.228050,0.228200,0.227280,0.228070,33690717,1748345399999,7674974.468120,12695,19138151,4359940.474620,0
1748345400000,0.228070,0.228670,0.227740,0.228490,33085759,1748346299999,7548802.935900,13393,21269975,4854590.009380,0
1748346300000,0.228490,0.228810,0.228010,0.228620,35215115,1748347199999,8043440.563680,13648,15264762,3487097.139880,0
1748347200000,0.228620,0.229260,0.228060,0.228130,59953673,1748348099999,13711737.762170,20761,24554539,5616714.415390,0
1748348100000,0.228130,0.229040,0.227770,0.229030,38342321,1748348999999,8761612.539890,16049,23011051,5259664.987130,0
1748349000000,0.229040,0.229210,0.227760,0.227820,32030460,1748349899999,7315680.170790,14491,12781067,2919886.642220,0
1748349900000,0.227830,0.228470,0.227810,0.228420,23564362,1748350799999,5375048.971740,9854,13091463,2986233.385780,0
1748350800000,0.228420,0.231420,0.228310,0.230810,146890395,1748351699999,33811438.554640,49024,84943436,19557366.096920,0
1748351700000,0.230810,0.232060,0.230410,0.230790,171922271,1748352599999,39776624.892040,50826,97885124,22651453.941170,0
1748352600000,0.230790,0.231700,0.229210,0.229790,145221133,1748353499999,33430573.116860,51857,70006290,16128033.719750,0
1748353500000,0.229780,0.230390,0.228260,0.228580,103517539,1748354399999,23709128.097030,33375,48567987,11126915.910990,0
1748354400000,0.228580,0.229540,0.227900,0.229000,77967065,1748355299999,17839524.358170,30050,37709251,8627253.581840,0
1748355300000,0.229010,0.229340,0.227290,0.227480,88073883,1748356199999,20103209.927010,34876,34885279,7965694.907020,0
1748356200000,0.227480,0.227630,0.224730,0.227210,204869711,1748357099999,46352176.002050,63167,93674110,21197760.554600,0
1748357100000,0.227210,0.228160,0.226320,0.227090,89131237,1748357999999,20259158.234630,36449,50245270,11422050.249380,0
1748358000000,0.227100,0.228040,0.226330,0.227860,85272160,1748358899999,19385233.352950,28554,49694454,11298403.356970,0
1748358900000,0.227860,0.228390,0.227260,0.227680,53143362,1748359799999,12108121.691900,22474,23725238,5406914.112190,0
1748359800000,0.227690,0.228640,0.227600,0.228390,43133717,1748360699999,9840297.950180,19183,20075904,4580124.735590,0
1748360700000,0.228400,0.229130,0.228380,0.228570,57279295,1748361599999,13101959.225320,18743,24614058,5631139.810510,0
1748361600000,0.228600,0.228650,0.226980,0.227570,76184539,1748362499999,17357254.842820,26012,29664619,6757891.405000,0
1748362500000,0.227580,0.229390,0.227530,0.228140,113125578,1748363399999,25867620.349930,30277,70929377,16219861.818170,0
1748363400000,0.228140,0.229840,0.228070,0.229580,68488219,1748364299999,15698632.731920,24263,34534720,7916342.857960,0
1748364300000,0.229570,0.229890,0.228050,0.228290,103875968,1748365199999,23767107.651730,29914,30907298,7078707.481310,0
1748365200000,0.228300,0.230040,0.228210,0.229300,73558015,1748366099999,16858276.763290,24125,40691135,9327783.820290,0
1748366100000,0.229310,0.229690,0.228130,0.228680,51784248,1748366999999,11845469.528480,19760,25240605,5774769.300620,0
1748367000000,0.228680,0.229680,0.228190,0.229580,40858139,1748367899999,9349746.128270,17986,23279634,5327414.247220,0
1748367900000,0.229570,0.230250,0.229080,0.229120,57813479,1748368799999,13280947.590900,21436,27495702,6316098.540320,0
1748368800000,0.229120,0.229790,0.228830,0.229040,25252066,1748369699999,5790446.636380,12985,13023789,2985887.342030,0
1748369700000,0.229040,0.229490,0.228210,0.228280,35220667,1748370599999,8053264.044710,14898,16375963,3744740.749360,0
1748370600000,0.228290,0.228490,0.227390,0.227750,64680534,1748371499999,14739629.284790,22800,20232741,4612732.319120,0
1748371500000,0.227740,0.227940,0.227360,0.227480,46616621,1748372399999,10610334.268750,14214,16119087,3669136.386610,0
1748372400000,0.227470,0.227860,0.227020,0.227580,37179683,1748373299999,8451933.127730,17212,21278329,4837043.571950,0
1748373300000,0.227570,0.227570,0.226830,0.227120,27664055,1748374199999,6284487.191680,12799,12383520,2813709.202050,0
1748374200000,0.227110,0.227830,0.226500,0.227390,42158130,1748375099999,9576925.831510,16424,19463171,4423205.903560,0
1748375100000,0.227380,0.227750,0.226850,0.227170,35911652,1748375999999,8164010.413320,13474,17781896,4042645.600610,0
1748376000000,0.227170,0.227900,0.226910,0.227610,30874782,1748376899999,7020833.452630,14908,17642293,4012149.059970,0
1748376900000,0.227610,0.228290,0.227560,0.228100,16924253,1748377799999,3857455.826730,10831,9958074,2269648.028180,0
1748377800000,0.228100,0.228480,0.227310,0.227510,27319324,1748378699999,6227529.357780,13556,15936451,3633338.193840,0
1748378700000,0.227510,0.228070,0.227290,0.227650,15626427,1748379599999,3558777.480820,8956,7579161,1726432.938860,0
1748379600000,0.227650,0.228640,0.227600,0.228570,19315843,1748380499999,4405082.216770,10802,10582227,2413890.037400,0
1748380500000,0.228560,0.228560,0.226570,0.226640,31165557,1748381399999,7084750.160560,13214,12200526,2773729.686820,0
1748381400000,0.226640,0.227450,0.225850,0.226210,34653600,1748382299999,7847144.950020,14664,13007788,2947022.289480,0
1748382300000,0.226210,0.226610,0.225960,0.226210,15333170,1748383199999,3469335.433450,9050,8131511,1839886.604520,0
1748383200000,0.226210,0.226860,0.225100,0.225440,57724029,1748384099999,13046285.259000,29388,24247533,5483298.074450,0
1748384100000,0.225430,0.225580,0.224330,0.225170,64796403,1748384999999,14572133.822090,23916,25314271,5694471.821720,0
1748385000000,0.225160,0.225820,0.224860,0.225700,24572557,1748385899999,5537659.122120,14686,14074689,3172086.754100,0
1748385900000,0.225690,0.226370,0.225510,0.225830,35458697,1748386799999,8011243.832310,13195,15939636,3600448.892260,0
1748386800000,0.225830,0.226140,0.225340,0.225730,29423088,1748387699999,6644066.834560,14674,14495314,3273866.195860,0
1748387700000,0.225720,0.225890,0.224920,0.224980,21630010,1748388599999,4876231.266970,12222,8572174,1932907.766740,0
1748388600000,0.224970,0.226260,0.224970,0.225840,27230119,1748389499999,6146123.481860,12269,11238811,2536542.755760,0
1748389500000,0.225830,0.226170,0.225680,0.225890,19747719,1748390399999,4461349.287430,11083,11205747,2531588.380290,0
1748390400000,0.225890,0.226060,0.224880,0.224940,33538032,1748391299999,7566620.354710,14461,17172924,3874886.110250,0
1748391300000,0.224940,0.226140,0.224370,0.226020,48558618,1748392199999,10935648.450540,17096,25919470,5838775.647230,0
1748392200000,0.226020,0.226770,0.225450,0.226710,42633395,1748393099999,9645592.750970,18499,24024336,5434844.511840,0
1748393100000,0.226700,0.227720,0.226040,0.227480,41560736,1748393999999,9433709.000180,23249,21567916,4896680.003320,0
1748394000000,0.227470,0.227760,0.226330,0.226460,41376299,1748394899999,9388404.605930,16399,21504899,4878603.699290,0
1748394900000,0.226460,0.226480,0.225600,0.225760,27636048,1748395799999,6243734.766560,13333,10892480,2460927.519770,0
1748395800000,0.225760,0.226270,0.225320,0.225680,27371127,1748396699999,6178647.659190,18704,12813719,2892864.374020,0
1748396700000,0.225680,0.226370,0.224000,0.224330,74240997,1748397599999,16713475.543530,23155,24313355,5478896.398170,0
1748397600000,0.224340,0.224340,0.223450,0.223850,96690801,1748398499999,21644501.569400,30022,42248446,9456913.909200,0
1748398500000,0.223840,0.224100,0.222800,0.223310,59690223,1748399399999,13339210.504470,27687,22023945,4922636.462310,0
1748399400000,0.223310,0.224160,0.223100,0.223830,47678404,1748400299999,10671905.331110,17906,25519817,5711247.464170,0
1748400300000,0.223840,0.224220,0.223600,0.223640,44904852,1748401199999,10058642.795950,11263,13201734,2956882.961400,0
1748401200000,0.223640,0.224170,0.223350,0.224120,24978120,1748402099999,5587010.163990,11129,15272731,3416444.109120,0
1748402100000,0.224110,0.224350,0.223460,0.223910,24739971,1748402999999,5540034.005820,11712,12429261,2783699.205070,0
1748403000000,0.223900,0.224660,0.223750,0.224400,18576370,1748403899999,4166927.383990,10929,10663440,2391955.996070,0
1748403900000,0.224400,0.224930,0.224290,0.224620,15709505,1748404799999,3529480.671150,8856,8467487,1902320.664410,0
1748404800000,0.224610,0.224630,0.224000,0.224210,18261386,1748405699999,4096242.083470,8559,9660486,2167000.676370,0
1748405700000,0.224210,0.224580,0.223530,0.223710,24809394,1748406599999,5557457.471440,10246,12693491,2844063.441160,0
1748406600000,0.223700,0.224830,0.223560,0.224690,23719155,1748407499999,5323661.675720,11583,13743881,3084964.394220,0
1748407500000,0.224690,0.225210,0.224650,0.224730,29806953,1748408399999,6704188.960480,10824,14240038,3202956.272480,0
1748408400000,0.224720,0.224740,0.223600,0.223950,24111978,1748409299999,5401593.480320,9887,13445135,3011610.973630,0
1748409300000,0.223940,0.224240,0.223730,0.224050,14034461,1748410199999,3143804.278060,7648,7062689,1582111.118100,0
1748410200000,0.224060,0.224540,0.223630,0.223990,21209722,1748411099999,4752724.149050,10276,9106859,2040827.820850,0
1748411100000,0.223980,0.224290,0.223750,0.223800,15282141,1748411999999,3423500.963830,7095,7398424,1657468.780790,0
1748412000000,0.223810,0.223820,0.222500,0.222540,60675400,1748412899999,13530324.210530,19851,23063018,5142861.947170,0
1748412900000,0.222540,0.223190,0.222490,0.223120,28138175,1748413799999,6272261.245710,12968,13904244,3099072.782110,0
1748413800000,0.223120,0.223120,0.221830,0.222500,51023686,1748414699999,11340434.427640,18556,21568064,4794008.455920,0
1748414700000,0.222500,0.222840,0.221820,0.222050,29649683,1748415599999,6590572.419580,12947,14100903,3134240.434720,0
1748415600000,0.222040,0.222900,0.221650,0.222680,52822134,1748416499999,11750389.938480,16824,18855495,4194513.255580,0
1748416500000,0.222680,0.222950,0.222250,0.222480,24715933,1748417399999,5501625.378870,9731,10400964,2315462.909120,0
1748417400000,0.222480,0.223210,0.222360,0.223160,30313332,1748418299999,6756538.835940,10785,17827184,3974083.624140,0
1748418300000,0.223160,0.223290,0.222340,0.222490,27584584,1748419199999,6144734.055920,10212,10657973,2374996.426020,0
1748419200000,0.222500,0.223000,0.221850,0.222070,30619551,1748420099999,6807524.686760,12757,16726420,3718868.021840,0
1748420100000,0.222070,0.223080,0.221900,0.222800,20875164,1748420999999,4646485.726820,10524,10108497,2250535.839900,0
1748421000000,0.222790,0.223250,0.221950,0.223200,40378363,1748421899999,8995499.389780,16066,20789289,4632104.549340,0
1748421900000,0.223210,0.223410,0.222680,0.223000,23446168,1748422799999,5229328.254910,11552,12906350,2878686.685370,0
1748422800000,0.223000,0.223070,0.222270,0.222330,20147764,1748423699999,4487077.991650,12158,9534191,2123211.319090,0
1748423700000,0.222330,0.222690,0.221460,0.221630,49763928,1748424599999,11047431.952870,16465,20202346,4485285.947060,0
1748424600000,0.221630,0.222090,0.221070,0.222010,50012715,1748425499999,11082700.060630,25523,23990837,5317815.592550,0
1748425500000,0.222000,0.222240,0.221660,0.221840,30397957,1748426399999,6748210.202500,10969,13719114,3045582.950210,0
1748426400000,0.221850,0.221920,0.220760,0.221840,53823062,1748427299999,11910302.406200,19742,23758386,5258946.937150,0
1748427300000,0.221830,0.222170,0.221040,0.222080,36421579,1748428199999,8071053.447910,14184,17019412,3772270.663150,0
1748428200000,0.222080,0.222640,0.222000,0.222330,47571295,1748429099999,10574847.275120,14590,23253415,5169003.608430,0
1748429100000,0.222320,0.223090,0.222260,0.222810,32473730,1748429999999,7235514.767790,11233,19984008,4453178.941580,0
1748430000000,0.222820,0.223250,0.222760,0.222880,25402636,1748430899999,5665433.319240,16791,10446601,2329860.700250,0
1748430900000,0.222890,0.223320,0.222450,0.222480,20876115,1748431799999,4650839.257350,8752,8926920,1989476.060150,0
1748431800000,0.222480,0.223280,0.222460,0.222970,26611864,1748432699999,5934166.133730,10363,16508326,3681656.842480,0
1748432700000,0.222960,0.223640,0.222820,0.223470,50372991,1748433599999,11249693.241910,13984,30508144,6814054.775500,0
1748433600000,0.223460,0.223700,0.223030,0.223110,27134243,1748434499999,6060056.848580,11531,12276452,2741898.416780,0
1748434500000,0.223120,0.224280,0.223000,0.224010,46593157,1748435399999,10430008.700510,16551,24152262,5407159.575820,0
1748435400000,0.224010,0.224600,0.223730,0.224410,42116089,1748436299999,9442550.498480,14982,21345380,4785895.529930,0
1748436300000,0.224420,0.224580,0.223080,0.223260,49848267,1748437199999,11147883.754930,15031,20216821,4521483.987220,0
1748437200000,0.223260,0.223560,0.222620,0.223080,42728248,1748438099999,9533089.401930,16479,18278833,4078005.404050,0
1748438100000,0.223080,0.223170,0.222330,0.222820,36796603,1748438999999,8195166.860620,15050,19684554,4384478.018930,0
1748439000000,0.222830,0.223580,0.221470,0.221920,83370853,1748439899999,18554001.514840,30331,37954959,8453251.071000,0
1748439900000,0.221920,0.221930,0.220240,0.220600,122939007,1748440799999,27167646.249530,44058,54131507,11965791.134080,0
1748440800000,0.220590,0.221130,0.219680,0.220090,118729215,1748441699999,26164068.324530,40584,50886875,11218088.671860,0
1748441700000,0.220080,0.220750,0.219220,0.220180,126988289,1748442599999,27921126.453560,38707,63361016,13932835.329200,0
1748442600000,0.220180,0.220180,0.219360,0.219670,50840879,1748443499999,11174146.175730,23272,23111045,5079884.421910,0
1748443500000,0.219670,0.220170,0.219000,0.219070,46228579,1748444399999,10150933.966610,21749,21916588,4813905.637810,0
1748444400000,0.219070,0.219900,0.217550,0.217620,135663413,1748445299999,29638691.486360,44373,53014361,11586166.685320,0
1748445300000,0.217620,0.218830,0.217590,0.218720,67631920,1748446199999,14762916.469670,25466,35487512,7746614.605250,0
1748446200000,0.218720,0.219280,0.218200,0.219090,38491949,1748447099999,8420509.869860,18947,22251902,4868768.365760,0
1748447100000,0.219080,0.219270,0.218170,0.218250,26683712,1748447999999,5833515.163380,14561,13068386,2857302.901770,0
1748448000000,0.218260,0.219290,0.218040,0.219030,51689752,1748448899999,11305154.245150,18341,28674166,6273089.179470,0
1748448900000,0.219020,0.220330,0.218970,0.220190,72100878,1748449799999,15850269.451160,19949,46945899,10321331.406800,0
1748449800000,0.220190,0.220220,0.219340,0.219650,25821476,1748450699999,5673990.811240,12624,12398548,2724690.369080,0
1748450700000,0.219650,0.220220,0.219460,0.220060,24147308,1748451599999,5311433.557720,10608,14357758,3158281.148090,0
1748451600000,0.220060,0.220890,0.220030,0.220370,52470428,1748452499999,11573986.827350,22490,27794916,6131737.414150,0
1748452500000,0.220370,0.221050,0.219420,0.219790,32276041,1748453399999,7111170.901270,13734,12517408,2759346.334570,0
1748453400000,0.219790,0.219860,0.218590,0.219030,35469088,1748454299999,7771894.492290,20346,15633090,3425468.650550,0
1748454300000,0.219040,0.219580,0.218700,0.219450,21533529,1748455199999,4720236.509690,10226,12174847,2669181.017890,0
1748455200000,0.219460,0.220140,0.219240,0.220060,24368207,1748456099999,5353155.519020,13513,12325773,2707963.717930,0
1748456100000,0.220060,0.220150,0.218930,0.219000,18595839,1748456999999,4082256.366990,10567,6874389,1508887.249690,0
1748457000000,0.218990,0.219390,0.218850,0.219330,17604281,1748457899999,3857661.746660,9118,7047424,1544247.030370,0
1748457900000,0.219340,0.219510,0.218090,0.218310,33521338,1748458799999,7327535.162340,15041,13671218,2988250.634910,0
1748458800000,0.218310,0.219420,0.218200,0.219040,16451842,1748459699999,3603036.517430,11878,7541577,1651339.919210,0
1748459700000,0.219050,0.219100,0.218370,0.218470,23171691,1748460599999,5069179.939160,10997,11472312,2509770.472710,0
1748460600000,0.218470,0.218650,0.216790,0.216900,70459861,1748461499999,15325779.367590,22891,19981862,4348747.517640,0
1748461500000,0.216900,0.217570,0.216720,0.217160,60918108,1748462399999,13229968.514540,20289,33255423,7223389.493210,0
1748462400000,0.217150,0.217950,0.217000,0.217690,44953014,1748463299999,9778065.041780,15564,25316751,5507353.533270,0
1748463300000,0.217680,0.218290,0.217050,0.218070,48936553,1748464199999,10654761.603810,20042,25139179,5473750.821290,0
1748464200000,0.218080,0.218800,0.217710,0.218460,21325222,1748465099999,4658316.466740,10637,11049590,2413610.164750,0
1748465100000,0.218460,0.219190,0.218390,0.219090,16373723,1748465999999,3582079.850190,8911,8676162,1898244.478480,0
1748466000000,0.219100,0.219130,0.218660,0.218890,11243587,1748466899999,2460399.488440,6961,5375757,1176368.776000,0
1748466900000,0.218900,0.219620,0.218900,0.219160,20175162,1748467799999,4425187.985860,8272,10773965,2363048.179500,0
1748467800000,0.219160,0.219640,0.219030,0.219580,13434326,1748468699999,2947434.517820,7847,7374003,1617753.055480,0
1748468700000,0.219570,0.220070,0.219530,0.219820,22752188,1748469599999,5001074.426580,9853,12446361,2735932.315490,0
1748469600000,0.219820,0.219910,0.218640,0.219000,34396515,1748470499999,7547799.242070,16482,14924336,3275133.655440,0
1748470500000,0.219000,0.219130,0.218380,0.218620,13898044,1748471399999,3040740.734630,8067,4683326,1024782.839430,0
1748471400000,0.218610,0.218880,0.218170,0.218760,18470938,1748472299999,4037409.284140,9241,8818110,1927692.171150,0
1748472300000,0.218760,0.219360,0.218400,0.219100,18737325,1748473199999,4102987.542070,9104,10040543,2198769.244170,0
1748473200000,0.219100,0.220490,0.219080,0.220450,40227813,1748474099999,8843950.829150,15279,23684935,5206672.637850,0
1748474100000,0.220450,0.221100,0.220270,0.220830,50177151,1748474999999,11074861.789280,25181,27949758,6169338.482900,0
1748475000000,0.220840,0.221540,0.220720,0.221020,37758356,1748475899999,8350558.655010,16772,19543222,4322170.256670,0
1748475900000,0.221020,0.221050,0.220290,0.220860,36426737,1748476799999,8035638.295380,11842,14837072,3273508.822590,0
1748476800000,0.220850,0.221190,0.219750,0.220240,55679009,1748477699999,12269147.090340,21173,22512814,4962420.806680,0
1748477700000,0.220250,0.222310,0.220190,0.222270,59582842,1748478599999,13185110.693660,21962,37887471,8383938.513990,0
1748478600000,0.222270,0.222570,0.221820,0.222060,49124946,1748479499999,10916419.579670,20724,24519819,5448806.982030,0
1748479500000,0.222070,0.225080,0.222070,0.224810,103902572,1748480399999,23224831.774440,35801,64408806,14404383.388200,0
1748480400000,0.224810,0.224950,0.223340,0.223960,94642964,1748481299999,21208013.475320,31467,34647991,7765786.661000,0
1748481300000,0.223970,0.224160,0.223210,0.223420,41758944,1748482199999,9338297.815340,18460,15309397,3423893.961600,0
1748482200000,0.223420,0.223880,0.222660,0.223620,52557863,1748483099999,11728532.891500,19623,24052526,5369145.311850,0
1748483100000,0.223610,0.224530,0.223530,0.223980,40906023,1748483999999,9165108.228410,16943,21590178,4837304.932760,0
1748484000000,0.223990,0.224100,0.223000,0.223060,31007997,1748484899999,6926503.649180,13486,15477085,3457691.180020,0
1748484900000,0.223070,0.224830,0.223030,0.224520,45622740,1748485799999,10218870.938350,19829,27528628,6167008.953980,0
1748485800000,0.224520,0.226220,0.224520,0.226120,131961301,1748486699999,29762439.723710,49342,65729585,14825474.974500,0
1748486700000,0.226120,0.227800,0.226090,0.227620,123970998,1748487599999,28145187.798750,40953,52059548,11818053.590410,0
1748487600000,0.227610,0.227870,0.226610,0.226820,95453038,1748488499999,21681194.637040,32691,43130666,9797583.666410,0
1748488500000,0.226810,0.227830,0.226610,0.227260,62021593,1748489399999,14092418.201130,22560,27402533,6226121.652450,0
1748489400000,0.227260,0.227420,0.225710,0.226030,72994244,1748490299999,16521764.418820,22151,28697978,6497507.305780,0
1748490300000,0.226030,0.226660,0.225730,0.226460,43003991,1748491199999,9727534.034350,14813,22694005,5133638.559760,0
1748491200000,0.226460,0.226960,0.225500,0.225780,53289672,1748492099999,12052865.374950,19780,22024603,4981173.912580,0
1748492100000,0.225780,0.225930,0.224580,0.225860,65640606,1748492999999,14788914.438080,25675,31722656,7147229.823600,0
1748493000000,0.225860,0.226030,0.223450,0.223830,95132743,1748493899999,21342697.288530,28268,43858050,9839567.587910,0
1748493900000,0.223820,0.224160,0.222030,0.224050,128513527,1748494799999,28677665.084030,38503,65205365,14555283.876900,0
1748494800000,0.224040,0.224590,0.223680,0.223940,36179040,1748495699999,8109668.215190,20757,18453506,4136370.572350,0
1748495700000,0.223930,0.225080,0.223930,0.224760,45704668,1748496599999,10271238.387130,14982,22822991,5128553.876430,0
1748496600000,0.224760,0.225530,0.224540,0.225360,36842852,1748497499999,8292052.408130,13430,19305892,4345322.559530,0
1748497500000,0.225360,0.225550,0.224240,0.224630,44070741,1748498399999,9906958.106750,15202,18943501,4258411.955350,0
1748498400000,0.224630,0.224930,0.223970,0.224500,28845923,1748499299999,6477011.058090,13540,12708555,2853584.475920,0
1748499300000,0.224500,0.224910,0.224350,0.224910,23900757,1748500199999,5369519.831670,9529,11368520,2554092.352080,0
1748500200000,0.224910,0.225050,0.224180,0.224600,40921781,1748501099999,9189573.598480,11909,15290036,3434647.179580,0
1748501100000,0.224600,0.225200,0.224430,0.224690,17351931,1748501999999,3900213.716160,8159,9661938,2171580.990260,0
1748502000000,0.224680,0.224790,0.223700,0.224620,54047388,1748502899999,12113982.978680,17751,27399753,6141769.747040,0
1748502900000,0.224630,0.225000,0.224180,0.224960,20072551,1748503799999,4509582.721480,10463,10551777,2370774.931160,0
1748503800000,0.224950,0.225000,0.224230,0.224390,16710737,1748504699999,3753385.856750,9061,6318679,1419282.849870,0
1748504700000,0.224400,0.224470,0.224050,0.224290,16539895,1748505599999,3709282.820310,8626,8758444,1964243.524520,0
1748505600000,0.224290,0.224440,0.223260,0.224390,59749804,1748506499999,13374743.927750,16475,27965243,6260825.684760,0
1748506500000,0.224390,0.225460,0.224350,0.224730,65040937,1748507399999,14634052.397340,16220,38444594,8650487.744940,0
1748507400000,0.224730,0.225190,0.224530,0.224660,23283251,1748508299999,5236004.556000,11487,12787845,2875775.624560,0
1748508300000,0.224670,0.225600,0.224360,0.225340,43746451,1748509199999,9847245.168590,14360,22845646,5143421.020010,0
1748509200000,0.225340,0.225550,0.224750,0.225300,33009125,1748510099999,7431589.322590,14461,15719938,3538943.674370,0
1748510100000,0.225300,0.225510,0.225040,0.225210,21154686,1748510999999,4765064.422220,10312,9697810,2184535.558850,0
1748511000000,0.225200,0.225700,0.224880,0.225080,28593470,1748511899999,6440906.521300,12481,12884301,2902489.859220,0
1748511900000,0.225070,0.225800,0.224920,0.225450,34935726,1748512799999,7877932.072150,12351,16969840,3826290.179850,0
1748512800000,0.225450,0.225750,0.224740,0.224950,39349846,1748513699999,8858073.614420,17076,17784924,4003884.679640,0
1748513700000,0.224950,0.225630,0.224710,0.224870,16904099,1748514599999,3807044.963080,11453,8561655,1928443.142390,0
1748514600000,0.224870,0.225370,0.224710,0.225220,14393290,1748515499999,3238593.942690,9832,6110693,1375006.990760,0
1748515500000,0.225210,0.225970,0.225210,0.225890,44605434,1748516399999,10066638.070670,13425,24323605,5489638.104490,0
1748516400000,0.225880,0.226010,0.225310,0.225540,49362788,1748517299999,11141008.857430,15420,18640786,4207262.765570,0
1748517300000,0.225530,0.225950,0.225330,0.225340,17893747,1748518199999,4038280.080510,9535,7362495,1661666.200770,0
1748518200000,0.225330,0.225620,0.224580,0.224800,36150492,1748519099999,8133700.134220,13568,17037436,3833577.452620,0
1748519100000,0.224790,0.224870,0.224230,0.224810,38910988,1748519999999,8738277.751650,14360,20575033,4620573.158140,0
1748520000000,0.224800,0.224830,0.223740,0.224060,48429744,1748520899999,10855890.490820,18269,24195772,5423574.889820,0
1748520900000,0.224060,0.224220,0.223410,0.224010,39579913,1748521799999,8858868.937550,14752,21459529,4803590.116580,0
1748521800000,0.224010,0.224700,0.222500,0.222860,79064537,1748522699999,17656655.938950,25175,39367154,8791762.474260,0
1748522700000,0.222850,0.223600,0.222760,0.223140,45832677,1748523599999,10228987.178400,16016,24910492,5559861.693460,0
1748523600000,0.223140,0.224160,0.223130,0.223940,38961167,1748524499999,8718591.439130,13829,19254514,4307826.393670,0
1748524500000,0.223940,0.224090,0.222770,0.223380,46295441,1748525399999,10337659.503750,15492,21119690,4715162.483160,0
1748525400000,0.223380,0.223600,0.221120,0.221220,131141926,1748526299999,29130182.577240,43239,47661152,10589710.849160,0
1748526300000,0.221210,0.222310,0.220930,0.221480,75008675,1748527199999,16618945.885650,24034,38403725,8508562.167500,0
1748527200000,0.221480,0.222000,0.219940,0.220440,87885947,1748528099999,19405006.973510,32091,39253077,8670163.327490,0
1748528100000,0.220430,0.220500,0.217910,0.218690,178078501,1748528999999,38958990.327350,56905,80473303,17600253.671090,0
1748529000000,0.218700,0.220120,0.218000,0.220040,101675165,1748529899999,22288565.806270,32457,52003836,11402524.191350,0
1748529900000,0.220040,0.221690,0.219900,0.221360,94670534,1748530799999,20920866.779500,29721,51396543,11358392.278980,0
1748530800000,0.221360,0.221370,0.220540,0.220750,48356396,1748531699999,10684873.508860,20773,21318906,4709921.796900,0
1748531700000,0.220750,0.221270,0.220520,0.221050,27899331,1748532599999,6163535.745150,14359,13680142,3022772.973190,0
1748532600000,0.221040,0.221240,0.219670,0.220060,53713266,1748533499999,11829679.625930,17406,20695808,4560093.119270,0
1748533500000,0.220050,0.220240,0.219220,0.219530,63249666,1748534399999,13899170.641010,19726,32736753,7193572.085740,0
1748534400000,0.219540,0.220260,0.219030,0.219920,92067682,1748535299999,20223829.071240,25669,55418643,12175434.759520,0
1748535300000,0.219920,0.220600,0.219120,0.219450,44149448,1748536199999,9706231.740890,17660,19205130,4222905.915860,0
1748536200000,0.219450,0.219740,0.218880,0.219400,49868215,1748537099999,10933622.253950,16704,27135121,5949179.678800,0
1748537100000,0.219390,0.220050,0.218280,0.218700,72938344,1748537999999,15976532.612030,22727,28981403,6349089.778710,0
1748538000000,0.218690,0.219400,0.218280,0.219020,42984847,1748538899999,9411999.209000,18107,23146625,5067440.042100,0
1748538900000,0.219010,0.219520,0.218390,0.218900,39700410,1748539799999,8695078.695420,18927,21258125,4656135.618270,0
1748539800000,0.218900,0.219880,0.218370,0.218550,55408662,1748540699999,12144644.002760,21782,23640783,5182998.455100,0
1748540700000,0.218550,0.221150,0.218420,0.219970,169062004,1748541599999,37227916.961400,36991,88238273,19424431.153370,0
1748541600000,0.219980,0.221390,0.219830,0.221100,62464978,1748542499999,13788109.538870,21814,32027261,7068446.217890,0
1748542500000,0.221100,0.221380,0.219790,0.219840,58268227,1748543399999,12839339.008030,19704,25544114,5629218.675480,0
1748543400000,0.219840,0.220430,0.218500,0.218610,70524271,1748544299999,15463502.421900,19915,24317989,5328771.114320,0
1748544300000,0.218620,0.219330,0.218030,0.218140,48296775,1748545199999,10559872.205000,18325,18961575,4146975.151660,0
1748545200000,0.218150,0.218870,0.215150,0.215510,237219064,1748546099999,51375272.033830,55428,107356508,23249356.361160,0
1748546100000,0.215510,0.216270,0.214360,0.215710,135353117,1748546999999,29165225.620650,45974,60403226,13025129.214300,0
1748547000000,0.215700,0.216390,0.215040,0.215570,65369095,1748547899999,14101996.836280,28321,34112508,7359740.452850,0
1748547900000,0.215560,0.216570,0.215370,0.216280,48639691,1748548799999,10513699.898350,22310,27267706,5894655.162540,0
1748548800000,0.216280,0.217710,0.216170,0.216720,91637397,1748549699999,19882823.070100,27475,51007811,11064140.857430,0
1748549700000,0.216730,0.217440,0.216730,0.217290,23890496,1748550599999,5188337.955150,12092,12160967,2640958.315910,0
1748550600000,0.217300,0.217730,0.216740,0.216790,24484820,1748551499999,5321022.517910,14620,12906069,2805022.078010,0
1748551500000,0.216780,0.217620,0.216630,0.217480,20015600,1748552399999,4347824.811220,10655,10539886,2289840.330850,0
1748552400000,0.217490,0.217890,0.217390,0.217790,24892294,1748553299999,5417060.952280,10038,13226959,2878266.174730,0
1748553300000,0.217790,0.218530,0.217620,0.217820,24130222,1748554199999,5263855.789710,11606,13005555,2837336.254420,0
1748554200000,0.217820,0.218660,0.217670,0.218650,10596750,1748555099999,2313388.397650,6842,6554452,1430863.537950,0
1748555100000,0.218650,0.219430,0.218600,0.219240,14796945,1748555999999,3240348.462050,8474,8903004,1949525.637980,0
1748556000000,0.219250,0.219320,0.218370,0.218410,40708894,1748556899999,8906295.908650,19798,17814718,3897409.201130,0
1748556900000,0.218420,0.218820,0.217930,0.218010,17247608,1748557799999,3766368.685070,10987,6262325,1367722.893680,0
1748557800000,0.218010,0.218090,0.217590,0.217690,15563640,1748558699999,3390708.599070,11026,5794554,1262162.328830,0
1748558700000,0.217690,0.217830,0.216880,0.216880,25405411,1748559599999,5522039.306090,13802,9610660,2089026.061080,0
1748559600000,0.216890,0.217420,0.216750,0.216970,18131617,1748560499999,3935988.793320,10994,8233040,1787156.804110,0
1748560500000,0.216960,0.217190,0.215700,0.216070,42467700,1748561399999,9180106.446880,17257,14364421,3105759.254480,0
1748561400000,0.216070,0.216440,0.215580,0.215700,26436770,1748562299999,5709241.425000,13421,11223831,2424187.768990,0
1748562300000,0.215710,0.215990,0.213890,0.214770,108308644,1748563199999,23238398.800370,40872,40703155,8732330.819760,0
1748563200000,0.214770,0.216000,0.214620,0.215890,64967577,1748564099999,13989842.088960,25457,43241304,9310973.468250,0
1748564100000,0.215900,0.216370,0.215080,0.215400,37839287,1748564999999,8166719.425630,17893,17831831,3848762.389670,0
1748565000000,0.215390,0.215490,0.213250,0.214220,81565281,1748565899999,17458706.938420,36825,35905010,7686068.133770,0
1748565900000,0.214210,0.214410,0.200000,0.203650,768431932,1748566799999,159085484.673080,225005,280868974,58116886.296610,0
1748566800000,0.203700,0.207590,0.203080,0.207280,341362621,1748567699999,70283706.556130,121692,195127929,40167165.732740,0
1748567700000,0.207270,0.208070,0.206340,0.207690,151116090,1748568599999,31335973.168290,57827,83134251,17235814.880270,0
1748568600000,0.207690,0.208090,0.206610,0.207290,96131013,1748569499999,19938314.494100,34768,50669826,10511239.978210,0
1748569500000,0.207280,0.207870,0.206520,0.206950,85509049,1748570399999,17706563.790150,27085,44616952,9238119.121640,0
1748570400000,0.206930,0.208470,0.206700,0.208080,73464328,1748571299999,15254803.905970,33036,35970158,7469222.215700,0
1748571300000,0.208070,0.209190,0.207850,0.208780,97880395,1748572199999,20430159.607720,28577,57757555,12057559.018800,0
1748572200000,0.208770,0.209740,0.208650,0.209550,55272298,1748573099999,11565113.035320,25829,29193586,6108731.144250,0
1748573100000,0.209550,0.209680,0.208290,0.208570,50715821,1748573999999,10597837.978050,19848,20801645,4346708.262710,0
1748574000000,0.208560,0.208960,0.207950,0.208660,47781051,1748574899999,9961654.056570,21519,25938864,5407983.269030,0
1748574900000,0.208650,0.209230,0.208490,0.209210,30231516,1748575799999,6314788.498360,17628,16037427,3349918.816880,0
1748575800000,0.209210,0.209440,0.208380,0.208660,32367727,1748576699999,6761235.270960,16628,14960221,3125523.002840,0
1748576700000,0.208650,0.208770,0.208290,0.208490,20383333,1748577599999,4249509.294490,11822,12909061,2691289.411920,0
1748577600000,0.208480,0.208960,0.207780,0.208260,52026182,1748578499999,10838638.789820,18754,28531884,5943717.816010,0
1748578500000,0.208250,0.208560,0.207640,0.207880,37747980,1748579399999,7852069.092410,15704,18288083,3804114.176240,0
1748579400000,0.207870,0.208350,0.207330,0.208320,37217308,1748580299999,7736337.506120,15116,17339427,3604755.432550,0
1748580300000,0.208310,0.209210,0.208310,0.208830,31173295,1748581199999,6509256.950620,13819,18008114,3760251.758050,0
1748581200000,0.208830,0.209420,0.208240,0.208250,40386406,1748582099999,8439165.181100,16688,23659160,4944041.913410,0
1748582100000,0.208250,0.208400,0.207350,0.207530,59411021,1748582999999,12343991.544890,20299,26641220,5535954.273560,0
1748583000000,0.207540,0.207930,0.207170,0.207530,82980198,1748583899999,17216719.491960,25453,37640801,7810511.450560,0
1748583900000,0.207530,0.207590,0.206510,0.207520,67225945,1748584799999,13918568.885420,20877,30299476,6273732.496180,0
1748584800000,0.207520,0.207660,0.205910,0.206280,58386523,1748585699999,12061927.959720,24774,24616275,5086323.630940,0
1748585700000,0.206280,0.206370,0.204620,0.205060,112532674,1748586599999,23111237.943020,32494,39072779,8028614.067790,0
1748586600000,0.205060,0.205500,0.204020,0.204370,116017701,1748587499999,23741191.719150,35488,63644111,13022031.898060,0
1748587500000,0.204360,0.204820,0.202960,0.204650,172382647,1748588399999,35143790.962900,50292,86714652,17678824.455030,0
1748588400000,0.204640,0.205860,0.203660,0.204150,93717340,1748589299999,19197943.133910,36455,47604898,9754965.535350,0
1748589300000,0.204160,0.205930,0.204160,0.205340,53995442,1748590199999,11071928.942210,24053,29350814,6018407.179280,0
1748590200000,0.205340,0.205370,0.203910,0.204700,66070499,1748591099999,13516143.259050,29875,25249428,5166976.363480,0
1748591100000,0.204690,0.205240,0.203760,0.204190,47670194,1748591999999,9752942.836900,20991,25117530,5139419.062850,0
1748592000000,0.204190,0.205100,0.203260,0.204410,73853771,1748592899999,15086321.790060,36956,34721742,7094474.663000,0
1748592900000,0.204420,0.205480,0.203720,0.205290,62479344,1748593799999,12785866.017660,27020,31043045,6351184.815790,0
1748593800000,0.205290,0.205850,0.204030,0.204630,48421570,1748594699999,9920671.157410,22887,26885748,5508630.008330,0
1748594700000,0.204640,0.205240,0.204080,0.204090,33966220,1748595599999,6955528.786040,15253,17850429,3656289.193130,0
1748595600000,0.204080,0.204780,0.203370,0.203880,59326853,1748596499999,12099719.483110,22464,27727239,5656513.219570,0
1748596500000,0.203890,0.204900,0.203610,0.204170,30455878,1748597399999,6227207.816010,16366,14928401,3052640.363120,0
1748597400000,0.204180,0.204280,0.201380,0.202610,157648058,1748598299999,31915801.368340,54349,60108881,12172403.694680,0
1748598300000,0.202620,0.205030,0.202550,0.204710,126542968,1748599199999,25820115.834800,45319,75889965,15490161.743930,0
1748599200000,0.204710,0.205220,0.203480,0.203580,66601404,1748600099999,13621321.345540,23079,33148283,6780952.899610,0
1748600100000,0.203580,0.204700,0.203330,0.204540,40540009,1748600999999,8276544.791810,16151,21763552,4443522.556210,0
1748601000000,0.204540,0.204840,0.203990,0.204060,41161271,1748601899999,8413419.075210,19080,20010582,4090099.974680,0
1748601900000,0.204070,0.205250,0.203980,0.205080,51501348,1748602799999,10552112.355750,19951,27296257,5592547.957870,0
1748602800000,0.205080,0.205550,0.204650,0.204660,58434347,1748603699999,11984017.994260,19086,31985063,6560065.347790,0
1748603700000,0.204650,0.205400,0.204220,0.204350,52465056,1748604599999,10737066.721030,19228,17943055,3674052.370000,0
1748604600000,0.204350,0.205010,0.204180,0.204210,45334927,1748605499999,9270363.640930,16116,15958638,3264271.697020,0
1748605500000,0.204210,0.205620,0.204210,0.204910,37560998,1748606399999,7702159.489030,15936,23081184,4734701.704630,0
1748606400000,0.204920,0.205370,0.202680,0.203130,106991497,1748607299999,21817812.694010,36936,45899987,9357796.257830,0
1748607300000,0.203130,0.203900,0.202180,0.203410,82425634,1748608199999,16740899.773950,32536,36933051,7501573.281210,0
1748608200000,0.203400,0.205170,0.203260,0.205010,69409109,1748609099999,14184590.218450,28551,39335131,8040402.246830,0
1748609100000,0.205010,0.205820,0.204410,0.204440,60490249,1748609999999,12405462.337510,22589,28848907,5918992.594760,0
1748610000000,0.204450,0.205230,0.203600,0.203760,46791521,1748610899999,9567535.539410,20069,19383247,3963649.666510,0
1748610900000,0.203750,0.203980,0.202750,0.203750,76589583,1748611799999,15572444.436590,27869,34855497,7088581.598830,0
1748611800000,0.203760,0.204380,0.203050,0.203900,72241648,1748612699999,14720447.963260,38337,35270456,7188007.725550,0
1748612700000,0.203890,0.204320,0.201600,0.201980,89999098,1748613599999,18242386.992870,39781,34890502,7073592.132390,0
1748613600000,0.201980,0.203210,0.201700,0.202540,78485627,1748614499999,15884630.353450,41213,39811991,8058282.394020,0
1748614500000,0.202530,0.202950,0.200810,0.201360,105291818,1748615399999,21232865.476050,44502,42997416,8672683.650820,0
1748615400000,0.201360,0.203360,0.201160,0.202920,89225158,1748616299999,18067177.974070,33407,39777480,8054538.896430,0
1748616300000,0.202930,0.203000,0.201340,0.202150,47662923,1748617199999,9639045.413420,23671,21867920,4422618.968570,0
1748617200000,0.202150,0.203510,0.202080,0.202960,47756812,1748618099999,9690107.102830,28031,23001140,4667697.627220,0
1748618100000,0.202960,0.204010,0.202220,0.203720,58571126,1748618999999,11899658.818860,22691,30217291,6138451.719700,0
1748619000000,0.203720,0.204040,0.202440,0.203140,38922768,1748619899999,7907827.770640,21737,17855438,3628169.275960,0
1748619900000,0.203140,0.203280,0.201800,0.201960,32490246,1748620799999,6580443.790590,17207,13595850,2755208.484170,0
1748620800000,0.201970,0.202740,0.201220,0.201920,61457632,1748621699999,12413412.159040,23141,31112971,6285007.851570,0
1748621700000,0.201920,0.201950,0.198380,0.198840,199761544,1748622599999,39909269.056770,71162,80573396,16099616.379240,0
1748622600000,0.198840,0.198970,0.193200,0.197080,537000636,1748623499999,105059634.886090,173067,237134763,46403092.845730,0
1748623500000,0.197090,0.197100,0.195150,0.196280,160923415,1748624399999,31580304.800630,56860,79976914,15697597.858350,0
1748624400000,0.196290,0.198510,0.196110,0.197190,128195709,1748625299999,25298879.181920,47172,57022174,11255111.754530,0
1748625300000,0.197200,0.197810,0.196400,0.196690,76418131,1748626199999,15060142.646420,30445,38642308,7615738.431360,0
1748626200000,0.196680,0.197870,0.196300,0.196900,48502543,1748627099999,9562105.659480,25268,19854178,3914979.862800,0
1748627100000,0.196900,0.197240,0.196280,0.196930,49880621,1748627999999,9814501.457000,22979,22518758,4430954.457040,0
1748628000000,0.196940,0.198730,0.196810,0.198130,86664214,1748628899999,17140677.024540,30183,47075283,9308753.984310,0
1748628900000,0.198120,0.199980,0.198090,0.199750,70774558,1748629799999,14100882.385630,34412,38095022,7588357.723200,0
1748629800000,0.199740,0.200140,0.199110,0.199740,54519389,1748630699999,10882105.740090,20285,22947455,4580440.406400,0
1748630700000,0.199740,0.200340,0.199530,0.200210,31402867,1748631599999,6279531.683260,15627,16081044,3215964.763750,0
1748631600000,0.200200,0.200650,0.199570,0.200120,33904747,1748632499999,6785008.683350,17196,15731411,3149018.747030,0
1748632500000,0.200110,0.201000,0.200070,0.200830,32789489,1748633399999,6580100.844430,21743,18503028,3713319.967220,0
1748633400000,0.200830,0.201170,0.200200,0.200650,34652858,1748634299999,6953503.059790,15433,19175037,3848386.934930,0
1748634300000,0.200650,0.200900,0.200060,0.200310,32270480,1748635199999,6468777.718260,15380,16228085,3253040.181660,0
1748635200000,0.200310,0.200430,0.199260,0.199760,47680914,1748636099999,9525581.487560,15601,18963526,3787966.073680,0
1748636100000,0.199760,0.200460,0.199420,0.199510,22049360,1748636999999,4409198.758070,11036,10921485,2184195.113550,0
1748637000000,0.199510,0.200240,0.198940,0.200170,37494307,1748637899999,7479039.639420,19061,18831526,3757800.314430,0
1748637900000,0.200170,0.200550,0.199160,0.199360,22105003,1748638799999,4416795.818930,12256,9853876,1969242.590340,0
1748638800000,0.199360,0.199990,0.199110,0.199720,25200331,1748639699999,5029225.930190,11182,9931638,1981730.266670,0
1748639700000,0.199730,0.200270,0.199700,0.199880,17245291,1748640599999,3448890.043290,9421,7826749,1565164.878450,0
1748640600000,0.199890,0.200390,0.198650,0.198660,21322662,1748641499999,4251827.070050,12233,8597435,1714692.686890,0
1748641500000,0.198660,0.199150,0.198170,0.198680,24109271,1748642399999,4790279.256190,12135,12006384,2385724.953340,0
1748642400000,0.198680,0.199150,0.198120,0.198600,31852300,1748643299999,6328915.942300,17061,16191672,3217669.416920,0
1748643300000,0.198600,0.198650,0.196550,0.196710,82025989,1748644199999,16200715.577220,26904,28212011,5571266.432770,0
1748644200000,0.196710,0.196810,0.193670,0.193820,117995976,1748645099999,23042496.371340,43159,50789000,9928368.268200,0
1748645100000,0.193830,0.195650,0.192030,0.192140,183371626,1748645999999,35500253.220490,54833,69516471,13469956.911400,0
1748646000000,0.192140,0.194280,0.190920,0.192860,153261960,1748646899999,29525339.807750,76067,81748113,15754693.719750,0
1748646900000,0.192860,0.193690,0.190360,0.191970,132355775,1748647799999,25415630.129480,76419,57674703,11078928.221410,0
1748647800000,0.191980,0.193780,0.191680,0.192880,125496271,1748648699999,24183250.880200,53032,72435766,13956477.969880,0
1748648700000,0.192880,0.193970,0.192650,0.193480,63011564,1748649599999,12180523.587340,28300,30611903,5917843.248060,0
1748649600000,0.193480,0.194210,0.191090,0.191620,148058175,1748650499999,28585947.948600,62248,69116871,13340389.173800,0
1748650500000,0.191620,0.192140,0.188340,0.191110,230956792,1748651399999,43956092.279020,98479,107168623,20408414.150280,0
1748651400000,0.191120,0.194190,0.191120,0.193780,117055393,1748652299999,22564510.792820,47348,69060635,13315338.698930,0
1748652300000,0.193770,0.194450,0.191220,0.191450,73735351,1748653199999,14214023.565530,33213,31477018,6073614.876350,0
1748653200000,0.191450,0.191640,0.189000,0.191260,190484331,1748654099999,36252773.765150,97022,94927931,18072031.221460,0
1748654100000,0.191270,0.192340,0.188950,0.189210,121888974,1748654999999,23241217.221500,55207,52697156,10055204.076720,0
1748655000000,0.189220,0.190180,0.186020,0.190040,305161058,1748655899999,57459514.390260,111935,149434497,28174881.108660,0
1748655900000,0.190040,0.190050,0.188380,0.189760,105233134,1748656799999,19910280.725090,55087,48921755,9256685.137690,0
1748656800000,0.189760,0.191190,0.188410,0.190980,106711816,1748657699999,20289399.180350,47357,60054720,11422982.169010,0
1748657700000,0.190970,0.192400,0.190440,0.190650,88003319,1748658599999,16837497.715270,37895,33219661,6364689.496270,0
1748658600000,0.190650,0.191220,0.189640,0.190250,84726750,1748659499999,16133821.019730,34985,51998097,9901880.542350,0
1748659500000,0.190260,0.190660,0.187760,0.187850,91906968,1748660399999,17374527.046370,34845,29704266,5614338.645710,0
1748660400000,0.187840,0.188650,0.186000,0.186930,146534015,1748661299999,27417281.474150,51312,61743118,11557273.603680,0
1748661300000,0.186920,0.188380,0.185390,0.188270,141209475,1748662199999,26390228.998540,65050,71116266,13306774.288190,0
1748662200000,0.188260,0.189030,0.187190,0.187880,165976114,1748663099999,31214786.871840,35730,107400225,20192718.626370,0
1748663100000,0.187870,0.189290,0.187730,0.189230,96804940,1748663999999,18242805.626190,28859,54168098,10201132.085520,0
1748664000000,0.189230,0.189240,0.187550,0.188500,73955387,1748664899999,13927105.322380,31057,39754888,7484966.097920,0
1748664900000,0.188490,0.190230,0.187570,0.190210,97172901,1748665799999,18383274.694510,39491,48810940,9230765.428830,0
1748665800000,0.190200,0.190700,0.189920,0.190000,82595395,1748666699999,15723983.605890,27517,43405762,8264282.757320,0
1748666700000,0.189990,0.190620,0.189730,0.190450,35170147,1748667599999,6689203.260250,18562,17484057,3325530.402430,0
1748667600000,0.190440,0.191040,0.189860,0.190110,44997859,1748668499999,8568616.114720,22790,22836513,4348257.197630,0
1748668500000,0.190110,0.190310,0.189390,0.189760,40711968,1748669399999,7724400.519710,17953,22898968,4344736.635540,0
1748669400000,0.189760,0.189830,0.189340,0.189540,26658713,1748670299999,5054328.236280,15394,13188489,2500436.301510,0
1748670300000,0.189540,0.189540,0.188140,0.188270,42703916,1748671199999,8060894.272920,17468,14569936,2750332.215870,0
1748671200000,0.188260,0.189170,0.187900,0.189150,45810025,1748672099999,8633879.001960,24122,25876251,4878175.782060,0
1748672100000,0.189150,0.190090,0.188950,0.189780,44352154,1748672999999,8417916.648230,20493,27628186,5244482.885630,0
1748673000000,0.189770,0.190280,0.188800,0.190200,45918937,1748673899999,8708572.128550,16729,22528089,4274469.070120,0
1748673900000,0.190200,0.190270,0.189390,0.189640,27219571,1748674799999,5164758.249040,12238,9988372,1896007.866090,0
1748674800000,0.189640,0.189660,0.188880,0.188910,24748598,1748675699999,4685154.681490,15904,11180165,2116638.526130,0
1748675700000,0.188910,0.189780,0.188600,0.189590,24832509,1748676599999,4700064.862720,13456,15299181,2896087.960990,0
1748676600000,0.189590,0.189920,0.189000,0.189310,32676035,1748677499999,6192314.264130,14254,11503258,2179830.908880,0
1748677500000,0.189320,0.189930,0.188900,0.189160,20631959,1748678399999,3908947.099340,10390,10083761,1910467.617540,0
1748678400000,0.189170,0.189590,0.188710,0.188790,51987540,1748679299999,9834543.064450,21296,24545497,4643956.485280,0
1748679300000,0.188790,0.189470,0.188100,0.188940,51428065,1748680199999,9706869.438540,20678,27248228,5144175.221730,0
1748680200000,0.188930,0.189380,0.187610,0.188100,66358487,1748681099999,12488453.436270,28628,29026015,5463386.717260,0
1748681100000,0.188100,0.189220,0.187920,0.188650,39416010,1748681999999,7442228.333890,16332,22323874,4214431.039230,0
1748682000000,0.188660,0.189410,0.188600,0.188960,28328125,1748682899999,5355618.560050,15857,15806936,2988100.608480,0
1748682900000,0.188950,0.189500,0.187120,0.187370,68966176,1748683799999,12968897.660200,21823,29292189,5509555.928130,0
1748683800000,0.187360,0.187890,0.187080,0.187450,50539300,1748684699999,9475414.226770,19220,23152917,4341419.307860,0
1748684700000,0.187460,0.187780,0.186790,0.187490,45098904,1748685599999,8450035.527510,19974,22897235,4291071.842090,0
1748685600000,0.187480,0.189200,0.186660,0.188750,84630871,1748686499999,15889415.361080,34213,50368556,9459092.201930,0
1748686500000,0.188760,0.189430,0.187250,0.187630,79889353,1748687399999,15059263.181410,27887,38382701,7234144.626430,0
1748687400000,0.187620,0.187980,0.186160,0.186450,79654619,1748688299999,14881594.864560,26420,36936406,6902540.493650,0
1748688300000,0.186460,0.187260,0.185820,0.187100,77675944,1748689199999,14500964.271100,26780,31545962,5887600.241920,0
1748689200000,0.187110,0.187200,0.185890,0.186020,35628176,1748690099999,6644856.618150,18103,16430717,3064866.449890,0
1748690100000,0.186030,0.186870,0.185980,0.186160,30777744,1748690999999,5735557.225270,15839,17141893,3194361.060490,0
1748691000000,0.186170,0.186560,0.185540,0.186400,43984787,1748691899999,8181794.689320,18225,21998653,4092470.726580,0
1748691900000,0.186400,0.186560,0.185670,0.186420,28200192,1748692799999,5250395.193690,14088,13422073,2499094.471050,0
1748692800000,0.186430,0.188820,0.186220,0.188730,160478365,1748693699999,30126782.152970,34920,111350143,20904605.293740,0
1748693700000,0.188740,0.188880,0.188080,0.188240,75766090,1748694599999,14291326.949600,22344,39457323,7444865.248700,0
1748694600000,0.188240,0.189080,0.187990,0.188820,91015814,1748695499999,17176623.624040,19737,61103877,11533090.862800,0
1748695500000,0.188830,0.190950,0.188810,0.190860,118308063,1748696399999,22503933.322970,36959,65806469,12519408.117870,0
1748696400000,0.190850,0.194960,0.190570,0.192640,351090082,1748697299999,67697478.223940,72194,226543207,43686547.742700,0
1748697300000,0.192630,0.193420,0.191080,0.191950,120470446,1748698199999,23163696.729590,44566,64660389,12435645.897450,0
1748698200000,0.191950,0.192970,0.191790,0.191800,52684430,1748699099999,10138703.398330,24668,25225349,4856199.947780,0
1748699100000,0.191800,0.192000,0.190600,0.191060,78264372,1748699999999,14951683.793570,24191,33254000,6352094.586540,0
1748700000000,0.191070,0.192870,0.190870,0.192490,66928110,1748700899999,12861184.307790,26758,35594999,6837702.562920,0
1748700900000,0.192480,0.193000,0.191870,0.192390,56175557,1748701799999,10807936.588780,22340,23999340,4618147.956480,0
1748701800000,0.192390,0.192990,0.192100,0.192710,39259059,1748702699999,7559592.699260,18690,19314308,3718831.823030,0
1748702700000,0.192700,0.193240,0.192230,0.192950,66902138,1748703599999,12893533.384460,24535,34108944,6575347.141990,0
1748703600000,0.192950,0.193140,0.192090,0.192340,46464991,1748704499999,8951542.970160,19522,19353282,3728637.583920,0
1748704500000,0.192330,0.194090,0.192230,0.193830,67769773,1748705399999,13102247.299770,23446,34982263,6763242.718230,0
1748705400000,0.193820,0.194330,0.191850,0.191970,122544542,1748706299999,23636944.587180,29707,40520613,7822448.016080,0
1748706300000,0.191970,0.192040,0.190900,0.191670,95820997,1748707199999,18345730.569800,28308,38758377,7422164.151380,0
1748707200000,0.191670,0.192960,0.190860,0.192500,71131128,1748708099999,13657927.967070,22687,41402765,7951194.659140,0
1748708100000,0.192500,0.193670,0.192480,0.193360,47643123,1748708999999,9206692.162400,26861,19988749,3862374.010970,0
1748709000000,0.193360,0.193790,0.192300,0.192540,50908068,1748709899999,9833307.598010,21438,16289553,3146787.069450,0
1748709900000,0.192550,0.193100,0.192330,0.193010,24058455,1748710799999,4637288.036170,14474,11226421,2164368.928090,0
1748710800000,0.193010,0.193060,0.192420,0.192940,22647645,1748711699999,4365357.241800,14839,10754898,2072961.257450,0
1748711700000,0.192930,0.193370,0.192430,0.192600,20406797,1748712599999,3935385.331530,13644,10053506,1938860.539330,0
1748712600000,0.192610,0.192850,0.192170,0.192580,19823842,1748713499999,3817057.804610,12545,8502483,1637363.199430,0
1748713500000,0.192580,0.192680,0.191290,0.191500,54005014,1748714399999,10359487.543930,23586,21980283,4216189.877250,0
1748714400000,0.191510,0.192630,0.191300,0.192470,26296634,1748715299999,5049815.512810,12098,13511511,2594721.620620,0
1748715300000,0.192480,0.193170,0.192390,0.192690,17377920,1748716199999,3350501.167700,10101,8677356,1673162.357240,0
1748716200000,0.192690,0.192970,0.192310,0.192380,14967241,1748717099999,2883252.327090,8974,5795354,1116618.109050,0
1748717100000,0.192390,0.193060,0.192250,0.192790,16435839,1748717999999,3167466.287520,8680,9000883,1734655.556900,0
1748718000000,0.192790,0.194090,0.192790,0.193730,42554127,1748718899999,8236827.362350,21992,26065619,5045026.560470,0
1748718900000,0.193730,0.194100,0.193510,0.193830,19987189,1748719799999,3872466.541900,12132,9236881,1789456.054850,0
1748719800000,0.193830,0.194650,0.193810,0.194500,44472332,1748720699999,8642142.590170,14685,22226632,4317491.300720,0
1748720700000,0.194490,0.194990,0.194010,0.194430,28875545,1748721599999,5617887.796860,13830,16222988,3156740.815430,0
1748721600000,0.194440,0.194840,0.193580,0.193690,36937532,1748722499999,7175050.813640,16854,15711906,3052076.486240,0
1748722500000,0.193690,0.194260,0.193590,0.193980,13378206,1748723399999,2593523.041800,8974,5724763,1109841.880970,0
1748723400000,0.193970,0.194120,0.193660,0.193930,14230448,1748724299999,2759644.801290,9032,5336769,1034933.277530,0
1748724300000,0.193930,0.194580,0.193850,0.194400,13446547,1748725199999,2612699.364050,9463,6768648,1315323.724610,0
1748725200000,0.194400,0.195430,0.194050,0.194090,72522550,1748726099999,14134444.066130,27364,31700883,6178805.172800,0
1748726100000,0.194090,0.194370,0.193940,0.194290,16706178,1748726999999,3244476.845120,9065,9203334,1787349.936500,0
1748727000000,0.194300,0.194770,0.194020,0.194650,15530590,1748727899999,3019787.254290,10655,7983415,1552444.346580,0
1748727900000,0.194660,0.195090,0.194120,0.194680,27804992,1748728799999,5414905.202950,12310,11128491,2167177.857280,0
1748728800000,0.194690,0.194940,0.193830,0.194300,23905775,1748729699999,4646555.867720,16530,12013428,2335041.954470,0
1748729700000,0.194310,0.194450,0.193590,0.193660,27957424,1748730599999,5425067.293550,14458,11861062,2301216.640550,0
1748730600000,0.193650,0.193870,0.193270,0.193820,23669483,1748731499999,4581780.533940,17054,12708901,2460263.044330,0
1748731500000,0.193820,0.193820,0.193000,0.193090,18150247,1748732399999,3508275.905060,9676,8265116,1597597.834760,0
1748732400000,0.193080,0.193940,0.192120,0.193920,97004434,1748733299999,18714426.675750,21555,47780213,9222022.039200,0
1748733300000,0.193930,0.194370,0.192890,0.192970,65643221,1748734199999,12711625.528910,17665,22482295,4353377.245020,0
1748734200000,0.192980,0.193070,0.192330,0.192580,25411846,1748735099999,4894956.129000,10858,11954123,2302751.273980,0
1748735100000,0.192570,0.192660,0.192080,0.192410,20948959,1748735999999,4029666.657280,9933,10107195,1944287.276100,0
