open_time,open,high,low,close,volume,close_time,quote_volume,count,taker_buy_volume,taker_buy_quote_volume,ignore
1769904000000,0.104170,0.104920,0.103960,0.104900,109166026,1769904899999,11406843.895570,28253,62977290,6581455.472140,0
1769904900000,0.104900,0.105150,0.104650,0.104920,84517464,1769905799999,8868011.985510,22626,43551276,4570301.892260,0
1769905800000,0.104920,0.105130,0.104350,0.104450,54211573,1769906699999,5671891.081090,16407,24415160,2554381.325250,0
1769906700000,0.104450,0.104980,0.104410,0.104820,37220363,1769907599999,3899057.070080,14741,16603470,1739097.115750,0
1769907600000,0.104830,0.104910,0.103910,0.103990,62638302,1769908499999,6532045.880310,20044,26441150,2757015.020850,0
1769908500000,0.103990,0.104760,0.103530,0.104680,86871751,1769909399999,9020381.489890,20466,39544599,4109545.824630,0
1769909400000,0.104670,0.104760,0.104190,0.104330,67783209,1769910299999,7083399.587930,17003,28013187,2926899.831010,0
1769910300000,0.104320,0.104890,0.104290,0.104800,25552927,1769911199999,2673636.681800,11166,13933667,1457685.662160,0
1769911200000,0.104810,0.105470,0.104670,0.105360,52097866,1769912099999,5475109.656860,17483,30155180,3169553.465610,0
1769912100000,0.105370,0.105520,0.104600,0.104790,42545190,1769912999999,4465954.591760,15703,19966173,2096319.142500,0
1769913000000,0.104800,0.105330,0.104690,0.105090,28050564,1769913899999,2946930.249030,12741,14703843,1544561.028920,0
1769913900000,0.105090,0.105410,0.105000,0.105040,27184451,1769914799999,2860056.486170,12617,15527344,1633723.745190,0
1769914800000,0.105040,0.105260,0.104800,0.105090,25451158,1769915699999,2673072.933560,11607,11124371,1168575.275400,0
1769915700000,0.105080,0.105170,0.104680,0.104850,24867269,1769916599999,2608284.609100,9355,13120195,1376328.199150,0
1769916600000,0.104860,0.104900,0.104530,0.104630,28611124,1769917499999,2994791.941660,9744,14218900,1488414.027480,0
1769917500000,0.104630,0.104970,0.104630,0.104870,17859982,1769918399999,1872010.474930,7878,10063403,1054809.567400,0
1769918400000,0.104880,0.105520,0.104820,0.105300,36970247,1769919299999,3886297.456540,12292,21853886,2297344.974840,0
1769919300000,0.105300,0.105430,0.104930,0.105020,35469473,1769920199999,3730023.681330,11413,15358093,1615480.894760,0
1769920200000,0.105020,0.105340,0.104950,0.105230,20185125,1769921099999,2121956.774330,8261,12157363,1278046.157540,0
1769921100000,0.105220,0.105370,0.105040,0.105050,35148383,1769921999999,3698714.601410,8072,20148277,2120194.057710,0
1769922000000,0.105050,0.105170,0.104600,0.104870,50605060,1769922899999,5303752.757630,13676,25242079,2646044.936020,0
1769922900000,0.104860,0.105370,0.104740,0.105290,33294007,1769923799999,3498304.784850,10167,17856423,1876556.496110,0
1769923800000,0.105300,0.105300,0.104500,0.104580,34389767,1769924699999,3607440.601730,9788,14933422,1566754.386700,0
1769924700000,0.104590,0.104800,0.104540,0.104660,21771545,1769925599999,2278682.647030,7986,10564351,1105742.794240,0
1769925600000,0.104670,0.105460,0.104670,0.105430,46570567,1769926499999,4897665.248390,11717,27528167,2895268.112010,0
1769926500000,0.105430,0.105580,0.105200,0.105240,32955477,1769927399999,3474723.507470,9271,17385161,1833262.932740,0
1769927400000,0.105230,0.105410,0.104580,0.105100,43814434,1769928299999,4597651.577040,13103,19221727,2016930.433630,0
1769928300000,0.105100,0.105170,0.104770,0.104940,37553421,1769929199999,3942947.134440,11387,16242596,1705366.915670,0
1769929200000,0.104930,0.105020,0.104460,0.104660,52076652,1769930099999,5453438.456850,15929,22418970,2347836.259440,0
1769930100000,0.104650,0.104870,0.104400,0.104850,49121873,1769930999999,5139579.131930,11150,22987221,2404622.218430,0
1769931000000,0.104850,0.106400,0.104690,0.106150,123079013,1769931899999,13008828.646460,24232,68375527,7225550.465370,0
1769931900000,0.106150,0.106260,0.105600,0.105730,54682422,1769932799999,5792251.348830,13659,26713448,2829966.841490,0
1769932800000,0.105730,0.105780,0.105430,0.105440,53819996,1769933699999,5685113.562370,12753,28437243,3004414.538340,0
1769933700000,0.105440,0.105660,0.105210,0.105580,46184411,1769934599999,4869183.067690,13283,20813339,2194608.535940,0
1769934600000,0.105570,0.106480,0.105480,0.106420,69088891,1769935499999,7328547.049010,15453,36151589,3833746.011710,0
1769935500000,0.106430,0.106450,0.105830,0.105910,39775912,1769936399999,4217959.733750,10430,15825129,1677788.865340,0
1769936400000,0.105900,0.106180,0.105730,0.105880,51839777,1769937299999,5491893.987040,11136,20146527,2134270.780290,0
1769937300000,0.105880,0.105910,0.105350,0.105440,40808725,1769938199999,4309937.163870,9604,19107357,2018391.272560,0
1769938200000,0.105440,0.106230,0.105430,0.106130,39878413,1769939099999,4218967.422730,10490,20968181,2218529.367330,0
1769939100000,0.106130,0.106510,0.105930,0.106330,39356690,1769939999999,4180346.587410,11387,19317894,2052402.577080,0
1769940000000,0.106340,0.106370,0.106020,0.106240,29312942,1769940899999,3113520.700330,11211,14114778,1499345.587280,0
1769940900000,0.106230,0.106230,0.105850,0.106110,24589091,1769941799999,2606862.809880,9355,12452064,1320169.728670,0
1769941800000,0.106100,0.106130,0.104730,0.104830,127750999,1769942699999,13445684.903020,26750,44976824,4733972.707600,0
1769942700000,0.104830,0.105120,0.104450,0.104590,76126721,1769943599999,7976982.509040,18107,33058744,3464612.303690,0
1769943600000,0.104590,0.105120,0.104590,0.105050,46602854,1769944499999,4888861.642180,12067,24703094,2591961.306770,0
1769944500000,0.105050,0.105060,0.104680,0.104770,24826293,1769945399999,2603265.782460,8626,9344600,979934.924750,0
1769945400000,0.104770,0.106060,0.104760,0.105970,72928145,1769946299999,7697912.221060,19259,45486250,4801993.324740,0
1769946300000,0.105960,0.106080,0.105590,0.105830,32242218,1769947199999,3411641.078150,10225,15576364,1648347.630320,0
1769947200000,0.105820,0.105890,0.105510,0.105670,45725255,1769948099999,4831901.430060,12035,27382598,2893733.446420,0
1769948100000,0.105660,0.105730,0.105170,0.105560,79263197,1769948999999,8359200.482630,16320,31134672,3283613.112560,0
1769949000000,0.105560,0.106260,0.105550,0.105810,48180284,1769949899999,5101909.300960,13206,25067483,2654645.267360,0
1769949900000,0.105810,0.105970,0.105610,0.105720,33042796,1769950799999,3495788.250470,9331,17544347,1856086.111270,0
1769950800000,0.105730,0.106790,0.105720,0.106520,65684408,1769951699999,6987169.609120,18969,41799359,4446935.889290,0
1769951700000,0.106530,0.106560,0.106050,0.106200,50039648,1769952599999,5316250.877170,12234,25318954,2690581.947280,0
1769952600000,0.106190,0.106280,0.105790,0.105950,37115825,1769953499999,3933874.456520,10973,20037224,2123687.117530,0
1769953500000,0.105950,0.106070,0.105250,0.105610,69672200,1769954399999,7358065.268540,17243,30896320,3261920.572720,0
1769954400000,0.105610,0.106090,0.105300,0.105610,67290186,1769955299999,7110988.219230,18038,32611462,3446677.208060,0
1769955300000,0.105610,0.105750,0.104720,0.104830,127320324,1769956199999,13388377.914650,24763,68054103,7155629.958940,0
1769956200000,0.104830,0.105240,0.103830,0.104790,256466778,1769957099999,26786518.838400,49953,125542304,13117967.183530,0
1769957100000,0.104790,0.106320,0.104590,0.105290,130344069,1769957999999,13753951.370460,36992,71353088,7530702.207980,0
1769958000000,0.105290,0.105380,0.104100,0.104230,107585874,1769958899999,11273305.297980,25920,53399338,5595910.840080,0
1769958900000,0.104240,0.104510,0.102920,0.103070,230071376,1769959799999,23830317.282190,49784,115739323,11992128.327530,0
1769959800000,0.103070,0.103780,0.102530,0.103190,214318267,1769960699999,22102982.982860,51812,112512598,11605633.151690,0
1769960700000,0.103200,0.104760,0.103200,0.104050,117440299,1769961599999,12215881.045080,32724,59102390,6147711.689990,0
1769961600000,0.104050,0.104680,0.103440,0.104210,144305867,1769962499999,14993899.150060,36964,69603057,7233335.191970,0
1769962500000,0.104210,0.105160,0.103020,0.104580,122338100,1769963399999,12732455.708040,39095,62773233,6533515.162930,0
1769963400000,0.104580,0.104800,0.103300,0.103460,90782633,1769964299999,9447158.749160,32013,39045821,4065857.904600,0
1769964300000,0.103460,0.104150,0.103250,0.103940,78734983,1769965199999,8162472.069260,25614,45525039,4719761.870710,0
1769965200000,0.103940,0.104200,0.103670,0.103950,59630349,1769966099999,6199761.103160,24736,31550590,3280434.675870,0
1769966100000,0.103940,0.104020,0.102930,0.103480,64475631,1769966999999,6667139.958920,22031,31173665,3223998.806940,0
1769967000000,0.103480,0.103740,0.102950,0.103550,63656594,1769967899999,6574265.004510,20498,33024101,3411374.606470,0
1769967900000,0.103550,0.104210,0.103290,0.104160,44071533,1769968799999,4571491.400250,15719,23006340,2386505.250150,0
1769968800000,0.104160,0.106150,0.104140,0.105840,172621625,1769969699999,18176919.291180,48425,99049994,10427590.821500,0
1769969700000,0.105830,0.106280,0.105130,0.105480,96776732,1769970599999,10232565.711950,30078,47226914,4993683.235850,0
1769970600000,0.105480,0.105680,0.105150,0.105170,37350247,1769971499999,3938786.116960,15218,17968186,1895302.973310,0
1769971500000,0.105170,0.105460,0.104820,0.105420,41503767,1769972399999,4361348.447620,14288,22246620,2338235.315700,0
1769972400000,0.105420,0.105720,0.104750,0.104940,48858202,1769973299999,5136691.602600,15014,24304524,2555776.487600,0
1769973300000,0.104940,0.105130,0.104500,0.104940,45034205,1769974199999,4718694.261270,14574,22633063,2372056.618330,0
1769974200000,0.104940,0.105160,0.104520,0.104610,30111937,1769975099999,3153814.681710,12124,15252983,1597450.681870,0
1769975100000,0.104600,0.104610,0.103500,0.104120,105323795,1769975999999,10953437.199570,24649,45596467,4741070.683340,0
1769976000000,0.104110,0.104490,0.103710,0.104040,52332567,1769976899999,5450106.041220,18209,27273229,2840170.723830,0
1769976900000,0.104030,0.104390,0.103040,0.103180,68416109,1769977799999,7088410.992000,19551,31116309,3225305.831970,0
1769977800000,0.103190,0.105760,0.103190,0.105200,130268087,1769978699999,13667599.359420,31378,69212853,7262351.541980,0
1769978700000,0.105200,0.105270,0.104370,0.104540,41331408,1769979599999,4329361.637470,14126,16256082,1703060.778060,0
1769979600000,0.104540,0.104640,0.103270,0.103800,92832318,1769980499999,9638402.055540,26453,42428789,4404547.667950,0
1769980500000,0.103810,0.104000,0.103280,0.103850,42665128,1769981399999,4420863.123170,18330,22641880,2346344.963890,0
1769981400000,0.103840,0.104460,0.103580,0.103910,38358022,1769982299999,3991652.571170,19559,20309063,2113422.107880,0
1769982300000,0.103910,0.104050,0.103130,0.103730,88525258,1769983199999,9166138.298470,31019,40953533,4240576.949570,0
1769983200000,0.103740,0.105730,0.103560,0.105200,151189028,1769984099999,15840353.488850,35796,80666869,8450788.796740,0
1769984100000,0.105200,0.105270,0.103730,0.104600,95944170,1769984999999,10008034.611720,24693,52994512,5527075.070160,0
1769985000000,0.104590,0.105430,0.104570,0.105020,46248133,1769985899999,4857207.783470,15710,23713271,2489768.130100,0
1769985900000,0.105030,0.105140,0.104480,0.104640,20223935,1769986799999,2118431.116590,11450,9109838,954551.302350,0
1769986800000,0.104650,0.104760,0.101000,0.103240,432738653,1769987699999,44367999.366470,97734,204501763,20978216.983420,0
1769987700000,0.103250,0.104580,0.102490,0.104260,209280397,1769988599999,21683501.658960,68534,102382862,10610935.309390,0
1769988600000,0.104260,0.105720,0.103850,0.104960,109164218,1769989499999,11456572.969790,40282,56961770,5977714.398730,0
1769989500000,0.104960,0.104970,0.104100,0.104210,54112814,1769990399999,5655169.194880,23608,24603285,2571114.121360,0
1769990400000,0.104210,0.105250,0.103170,0.104780,133382356,1769991299999,13902738.682100,46942,66218736,6900323.663290,0
1769991300000,0.104780,0.106060,0.104670,0.105570,92652792,1769992199999,9782120.298990,39952,51089253,5394460.405050,0
1769992200000,0.105570,0.106050,0.105110,0.105550,47699275,1769993099999,5033818.745960,27739,19835733,2093745.788130,0
1769993100000,0.105560,0.105820,0.104990,0.105090,35145703,1769993999999,3703558.904210,19875,15049297,1585780.152420,0
1769994000000,0.105080,0.105610,0.103370,0.103650,127197403,1769994899999,13260266.076690,37446,62022822,6464499.481780,0
1769994900000,0.103650,0.106240,0.103290,0.105910,182408814,1769995799999,19145559.136630,55246,98205113,10308532.225320,0
1769995800000,0.105910,0.105960,0.105290,0.105580,42416107,1769996699999,4478162.043240,24210,21292683,2248024.436820,0
1769996700000,0.105580,0.105660,0.104950,0.105050,43760746,1769997599999,4606332.656550,21104,20292360,2135860.650310,0
1769997600000,0.105060,0.105230,0.104310,0.104610,54651132,1769998499999,5725669.268550,23826,28594525,2996298.282470,0
1769998500000,0.104620,0.105490,0.104430,0.104780,54102955,1769999399999,5671892.703440,22640,30373302,3183840.306050,0
1769999400000,0.104780,0.105020,0.103690,0.103980,73452477,1770000299999,7646521.927630,25891,31404180,3268960.275770,0
1770000300000,0.103980,0.104190,0.103540,0.103810,50884086,1770001199999,5282489.161610,23967,22378334,2323091.835880,0
1770001200000,0.103800,0.104000,0.102450,0.102480,102145823,1770002099999,10547090.658050,36253,42153692,4352686.546170,0
1770002100000,0.102480,0.102510,0.100140,0.100370,340687645,1770002999999,34450247.662040,90214,159713141,16161079.251920,0
1770003000000,0.100370,0.101170,0.099750,0.100310,237466000,1770003899999,23815257.888310,67326,111485481,11185152.420360,0
1770003900000,0.100300,0.103430,0.100210,0.103330,291599645,1770004799999,29846229.864720,73941,148593501,15209776.387000,0
1770004800000,0.103330,0.103430,0.101790,0.102050,137913659,1770005699999,14141577.701530,40387,58960629,6044277.437360,0
1770005700000,0.102060,0.104660,0.101900,0.104600,160009677,1770006599999,16574873.340150,51643,86101330,8918485.686490,0
1770006600000,0.104590,0.105150,0.104090,0.104320,136096832,1770007499999,14239626.517010,36918,73070292,7646168.076270,0
1770007500000,0.104320,0.104370,0.103330,0.103390,81289290,1770008399999,8445373.215020,20690,25555171,2653178.717560,0
1770008400000,0.103390,0.103440,0.101770,0.101960,102398391,1770009299999,10493635.217780,32515,44226607,4533528.736890,0
1770009300000,0.101960,0.102020,0.100320,0.100760,194378648,1770010199999,19655821.108820,50941,91437818,9245796.008270,0
1770010200000,0.100770,0.101230,0.099870,0.100500,160115848,1770011099999,16083461.897230,52334,76427148,7677820.838040,0
1770011100000,0.100500,0.101570,0.100150,0.100780,152595308,1770011999999,15387877.382200,47440,73676862,7429253.958730,0
1770012000000,0.100770,0.101250,0.099730,0.100870,114382302,1770012899999,11507811.978830,42442,54516912,5486658.209310,0
1770012900000,0.100860,0.102270,0.100690,0.101160,135469652,1770013799999,13765731.157660,45672,77341304,7863461.559490,0
1770013800000,0.101150,0.104390,0.099450,0.103050,458188053,1770014699999,46723384.466830,92497,217846857,22213503.361420,0
1770014700000,0.103040,0.103930,0.102300,0.103020,168635910,1770015599999,17352368.420600,58988,88896754,9145804.798290,0
1770015600000,0.103020,0.104010,0.102780,0.102960,165868307,1770016499999,17138621.055530,52575,91141263,9418656.377470,0
1770016500000,0.102950,0.103670,0.102630,0.103040,50007474,1770017399999,5156266.737820,27702,26321013,2714579.888890,0
1770017400000,0.103050,0.103780,0.102950,0.103520,51825996,1770018299999,5355363.207690,28370,27672053,2859677.441570,0
1770018300000,0.103510,0.104120,0.103020,0.103050,91952481,1770019199999,9516297.867420,30206,54116014,5602313.775820,0
1770019200000,0.103060,0.104100,0.103040,0.103880,89527102,1770020099999,9279294.372240,31152,51790405,5367074.043060,0
1770020100000,0.103880,0.104420,0.103430,0.103600,64208927,1770020999999,6670453.082380,28200,33957765,3528585.489880,0
1770021000000,0.103600,0.104390,0.103600,0.103940,43586583,1770021899999,4530441.918450,20212,22647488,2353954.112420,0
1770021900000,0.103930,0.104200,0.103730,0.103850,30290744,1770022799999,3149815.929950,13478,13990559,1455173.969130,0
1770022800000,0.103860,0.103970,0.103080,0.103310,50005055,1770023699999,5173135.879700,19759,22500995,2327941.207780,0
1770023700000,0.103320,0.104310,0.103100,0.104260,87069814,1770024599999,9026638.253220,22070,58005973,6014324.928290,0
1770024600000,0.104250,0.104950,0.103840,0.104280,99963663,1770025499999,10425888.779200,31220,52638042,5489944.173320,0
1770025500000,0.104270,0.105210,0.104220,0.104520,108168029,1770026399999,11326371.644840,26924,52054486,5451194.166510,0
1770026400000,0.104510,0.104850,0.104350,0.104700,63061222,1770027299999,6596951.873250,17850,33487038,3503991.946780,0
1770027300000,0.104700,0.105230,0.104400,0.104750,107227174,1770028199999,11236833.380720,21494,61683136,6465521.667110,0
1770028200000,0.104760,0.105080,0.104380,0.104540,41700261,1770029099999,4365088.341580,15044,18774414,1965442.203130,0
1770029100000,0.104550,0.104870,0.104410,0.104820,22855383,1770029999999,2391315.121170,8711,11152644,1167091.034840,0
1770030000000,0.104830,0.105220,0.104710,0.105080,37772694,1770030899999,3965956.163140,13706,18823757,1976320.745560,0
1770030900000,0.105080,0.105130,0.104740,0.105120,30621782,1770031799999,3213482.515970,11493,15474768,1624271.560790,0
1770031800000,0.105120,0.105460,0.105000,0.105100,70901057,1770032699999,7460747.565880,16057,44627337,4696760.540550,0
1770032700000,0.105100,0.105280,0.104730,0.104830,55365424,1770033599999,5813428.096640,15253,23666040,2484870.641130,0
1770033600000,0.104840,0.105440,0.104840,0.105380,34808351,1770034499999,3660835.445430,12173,20946092,2202947.960610,0
1770034500000,0.105370,0.106440,0.105290,0.105970,143980572,1770035399999,15249110.606400,29910,93691037,9923216.402370,0
1770035400000,0.105980,0.106070,0.105630,0.105710,53203852,1770036299999,5630494.723450,17644,22493892,2380453.545140,0
1770036300000,0.105720,0.106210,0.105650,0.106040,36169500,1770037199999,3832525.120990,12960,19492608,2065716.216360,0
1770037200000,0.106030,0.106060,0.105750,0.106040,32926227,1770038099999,3487325.521750,13361,19240332,2037878.786580,0
1770038100000,0.106050,0.106680,0.105850,0.106220,59729109,1770038999999,6351340.793860,19021,33358809,3547286.639900,0
1770039000000,0.106220,0.106620,0.106040,0.106490,39954023,1770039899999,4248483.540760,13803,18709266,1989827.074860,0
1770039900000,0.106490,0.106830,0.106290,0.106520,62167191,1770040799999,6624981.426710,16398,37810852,4030135.868870,0
1770040800000,0.106530,0.106700,0.105540,0.105940,87039949,1770041699999,9235378.733760,22220,39787148,4222258.659890,0
1770041700000,0.105930,0.107030,0.105680,0.106850,78006782,1770042599999,8297845.248130,21052,42081161,4475275.945240,0
1770042600000,0.106850,0.108430,0.106780,0.107970,313526664,1770043499999,33780676.959590,86202,152530102,16433477.683020,0
1770043500000,0.107980,0.108350,0.107270,0.107420,118653594,1770044399999,12785040.900370,43765,55870383,6021099.921500,0
1770044400000,0.107420,0.108750,0.107160,0.108430,151734468,1770045299999,16361692.089400,46243,82235975,8867807.660850,0
1770045300000,0.108440,0.109400,0.108140,0.108860,217917432,1770046199999,23732667.285940,52203,111160584,12105367.431660,0
1770046200000,0.108860,0.110480,0.108660,0.109690,202320558,1770047099999,22192846.116500,51431,100980272,11081794.787080,0
1770047100000,0.109700,0.109980,0.109100,0.109490,130493754,1770047999999,14286515.339730,32916,60381985,6611815.061630,0
1770048000000,0.109480,0.109880,0.108950,0.109170,100827923,1770048899999,11029545.093030,28370,50510966,5526740.015110,0
1770048900000,0.109160,0.109940,0.109080,0.109660,64948024,1770049799999,7116111.596020,22666,29729237,3256698.296640,0
1770049800000,0.109670,0.109670,0.108890,0.109080,50162043,1770050699999,5480149.794060,17686,22785813,2489116.693470,0
1770050700000,0.109090,0.109130,0.108360,0.108550,101010059,1770051599999,10971076.015900,22631,42411936,4606915.298630,0
1770051600000,0.108540,0.109190,0.108420,0.108890,42476803,1770052499999,4623520.496460,17971,24183988,2632257.783570,0
1770052500000,0.108890,0.109030,0.108690,0.108810,34583555,1770053399999,3764113.080290,15049,16621749,1809242.610710,0
1770053400000,0.108820,0.108960,0.108020,0.108290,69699240,1770054299999,7558146.008610,20030,30313997,3287524.228330,0
1770054300000,0.108290,0.108530,0.107970,0.108460,32744179,1770055199999,3544182.842030,13393,14316048,1549889.030780,0
1770055200000,0.108450,0.108690,0.108130,0.108360,30927069,1770056099999,3354761.681020,13830,17429197,1890747.016760,0
1770056100000,0.108360,0.108420,0.107750,0.107910,57219064,1770056999999,6179656.570520,18043,27339688,2953346.923880,0
1770057000000,0.107910,0.108870,0.107900,0.108300,53291361,1770057899999,5780987.210480,18719,31419845,3407831.282940,0
1770057900000,0.108300,0.108540,0.108180,0.108250,26532834,1770058799999,2873622.698430,11571,12016979,1301521.825190,0
1770058800000,0.108240,0.108510,0.108030,0.108350,34876726,1770059699999,3775261.485370,14375,19775920,2140860.650000,0
1770059700000,0.108360,0.108480,0.107950,0.108160,22673433,1770060599999,2452402.858300,9907,11124726,1203422.761310,0
1770060600000,0.108150,0.108180,0.107760,0.108110,34095973,1770061499999,3680629.705350,12228,17833178,1925041.248840,0
1770061500000,0.108120,0.108150,0.107010,0.107380,71570881,1770062399999,7706880.197930,14750,20716603,2235590.979320,0
1770062400000,0.107430,0.107830,0.107140,0.107530,109332937,1770063299999,11750064.914560,24736,58241740,6260078.239750,0
1770063300000,0.107530,0.107810,0.107350,0.107550,25180198,1770064199999,2708176.790580,11467,14663915,1577282.127160,0
1770064200000,0.107550,0.107550,0.107000,0.107180,39861475,1770065099999,4274286.968060,14351,19238390,2063054.672650,0
1770065100000,0.107180,0.107610,0.106960,0.107430,44707401,1770065999999,4794992.487370,14416,22154390,2376534.929390,0
1770066000000,0.107440,0.108190,0.107380,0.108060,38083152,1770066899999,4107662.061000,15441,22213514,2396111.458690,0
1770066900000,0.108060,0.108120,0.107700,0.107840,23183748,1770067799999,2501108.850980,8254,9050443,976024.729260,0
1770067800000,0.107830,0.108230,0.107830,0.108170,21664093,1770068699999,2342058.408130,9204,11851374,1281267.792340,0
1770068700000,0.108160,0.108300,0.108070,0.108160,25214832,1770069599999,2727347.727750,8504,13638112,1475193.664710,0
1770069600000,0.108150,0.108580,0.108150,0.108430,32020801,1770070499999,3470534.794700,9962,16013955,1735441.789940,0
1770070500000,0.108430,0.108460,0.108120,0.108240,18662416,1770071399999,2020960.648410,7246,6796986,735995.101420,0
1770071400000,0.108240,0.108590,0.108200,0.108570,14287645,1770072299999,1549387.981370,5823,7374937,799786.985340,0
1770072300000,0.108580,0.108640,0.108220,0.108530,17069080,1770073199999,1850275.147270,7359,6856799,743255.948100,0
1770073200000,0.108540,0.108580,0.108180,0.108230,25383223,1770074099999,2749710.587370,12582,11990280,1298833.664700,0
1770074100000,0.108230,0.108290,0.107830,0.107940,29586381,1770074999999,3197286.109720,9731,10352643,1118823.186750,0
1770075000000,0.107940,0.108310,0.107900,0.108120,20262894,1770075899999,2189934.364410,8162,9918074,1071946.922360,0
1770075900000,0.108120,0.108180,0.107710,0.107850,22059671,1770076799999,2380505.895750,7619,9045182,975973.070620,0
1770076800000,0.107850,0.107970,0.107330,0.107590,53482696,1770077699999,5755730.877090,12891,23105561,2486745.038910,0
1770077700000,0.107600,0.107980,0.107470,0.107930,30512881,1770078599999,3287447.759810,11409,16756548,1805522.632880,0
1770078600000,0.107920,0.107960,0.107560,0.107830,27359055,1770079499999,2948147.282710,9347,14036635,1512543.244550,0
1770079500000,0.107830,0.108180,0.107760,0.108100,31311881,1770080399999,3381280.301730,9188,16708120,1804439.056850,0
1770080400000,0.108110,0.108120,0.107510,0.107610,33387814,1770081299999,3599132.824830,11910,12065341,1300745.506220,0
1770081300000,0.107610,0.107770,0.107250,0.107670,31391744,1770082199999,3374565.736860,10784,12698701,1365411.534560,0
1770082200000,0.107660,0.107820,0.107340,0.107800,26759937,1770083099999,2878833.274670,10163,15274532,1643442.066440,0
1770083100000,0.107800,0.107870,0.107620,0.107780,13086273,1770083999999,1409950.315140,7396,5326751,573953.371670,0
1770084000000,0.107790,0.107800,0.106880,0.107080,41235330,1770084899999,4421583.447020,11422,15753927,1689492.130800,0
1770084900000,0.107070,0.107390,0.106910,0.107060,19664468,1770085799999,2107484.768790,10239,8980867,962871.726630,0
1770085800000,0.107070,0.107120,0.106650,0.106800,65976051,1770086699999,7050389.265970,15396,21982861,2348740.609380,0
1770086700000,0.106800,0.106820,0.105880,0.105980,124130707,1770087599999,13193987.909360,23026,47426326,5043672.437930,0
1770087600000,0.105990,0.106530,0.105550,0.106120,113094874,1770088499999,11986635.238600,27225,58622430,6213925.884260,0
1770088500000,0.106110,0.106510,0.105700,0.106470,79713944,1770089399999,8452506.990710,18521,43055823,4566355.835720,0
1770089400000,0.106460,0.107220,0.106370,0.107100,65472311,1770090299999,6996381.481330,18430,34947525,3733595.318280,0
1770090300000,0.107090,0.107660,0.106890,0.107390,52949176,1770091199999,5679533.783010,15883,32745933,3513188.743800,0
1770091200000,0.107390,0.107420,0.106890,0.107300,34832447,1770092099999,3731339.370610,13578,18028489,1931026.195280,0
1770092100000,0.107300,0.107460,0.107140,0.107160,48418241,1770092999999,5196577.309160,11255,17727576,1902556.323930,0
1770093000000,0.107160,0.108220,0.107130,0.108180,86506440,1770093899999,9313930.776680,15300,45195297,4869786.926380,0
1770093900000,0.108170,0.108210,0.107750,0.107780,27404568,1770094799999,2960387.816320,8502,11241105,1214229.677630,0
1770094800000,0.107790,0.107840,0.107020,0.107060,29543473,1770095699999,3171345.950100,10750,12276242,1317956.541310,0
1770095700000,0.107060,0.107320,0.106910,0.107150,29221405,1770096599999,3129326.151940,10081,14000753,1499585.730350,0
1770096600000,0.107150,0.107240,0.106940,0.107050,14572754,1770097499999,1560879.074600,7067,6971606,746842.898010,0
1770097500000,0.107050,0.107190,0.106580,0.106630,38769537,1770098399999,4144112.397260,10380,16645060,1779043.482210,0
1770098400000,0.106640,0.106760,0.106080,0.106140,62711242,1770099299999,6670804.485110,15308,24707493,2627855.459580,0
1770099300000,0.106150,0.106890,0.106000,0.106720,53701779,1770100199999,5712324.604470,13712,32356586,3442155.474040,0
1770100200000,0.106710,0.106930,0.106500,0.106530,19186436,1770101099999,2047171.117140,8660,9652521,1030038.644610,0
1770101100000,0.106540,0.106960,0.106410,0.106860,20240020,1770101999999,2160742.217500,8575,12474557,1331889.194860,0
1770102000000,0.106870,0.107260,0.106500,0.106930,29645558,1770102899999,3168845.355260,13220,16357106,1748806.673090,0
1770102900000,0.106920,0.107260,0.106780,0.107200,74089168,1770103799999,7930223.644780,13474,43780976,4687952.501980,0
1770103800000,0.107200,0.108960,0.107140,0.108240,190729016,1770104699999,20638002.201000,30575,115759220,12521115.395520,0
1770104700000,0.108230,0.108370,0.107970,0.108190,51478258,1770105599999,5567820.326050,13808,23258115,2516066.712520,0
1770105600000,0.108190,0.108360,0.107830,0.107960,61266259,1770106499999,6622062.995090,17619,28909802,3125374.672130,0
1770106500000,0.107960,0.108950,0.107940,0.108600,54694466,1770107399999,5931530.153290,16430,25960392,2814813.346160,0
1770107400000,0.108600,0.108870,0.108180,0.108820,67902012,1770108299999,7363672.701860,14085,38689028,4196203.527820,0
1770108300000,0.108820,0.108930,0.107730,0.107850,118968493,1770109199999,12882292.903580,15951,31300848,3390288.047690,0
1770109200000,0.107860,0.108220,0.106960,0.107060,90051844,1770110099999,9690565.795360,21753,33532561,3611090.546490,0
1770110100000,0.107060,0.107370,0.106440,0.106480,133439740,1770110999999,14273117.618220,30055,50840981,5438184.451350,0
1770111000000,0.106470,0.107290,0.106360,0.107010,64441581,1770111899999,6884246.934390,17927,32663131,3489523.307890,0
1770111900000,0.107020,0.107290,0.106830,0.107000,49368818,1770112799999,5285027.281940,10828,27463632,2940738.856040,0
1770112800000,0.107000,0.107570,0.106780,0.107290,48553458,1770113699999,5208332.794610,14038,29719884,3188200.318840,0
1770113700000,0.107290,0.107410,0.107040,0.107270,15968944,1770114599999,1712710.557250,7734,6853830,735206.703220,0
1770114600000,0.107270,0.107270,0.106540,0.106680,52124599,1770115499999,5568042.930120,13461,18026089,1925029.109140,0
1770115500000,0.106690,0.106850,0.106590,0.106760,23383179,1770116399999,2495184.912770,7985,11396214,1216222.852520,0
1770116400000,0.106770,0.106980,0.106650,0.106820,23762681,1770117299999,2538402.440610,9408,13925727,1487685.390770,0
1770117300000,0.106820,0.106980,0.106470,0.106550,22132835,1770118199999,2361503.366580,9889,7973713,851106.156540,0
1770118200000,0.106560,0.106970,0.106500,0.106680,39833305,1770119099999,4251936.816380,10310,20023439,2137636.113150,0
1770119100000,0.106680,0.106890,0.106550,0.106580,28357724,1770119999999,3027120.247380,8217,16804286,1794025.259630,0
1770120000000,0.106590,0.107090,0.106170,0.106840,64653856,1770120899999,6888860.484740,15945,34263399,3652683.550980,0
1770120900000,0.106850,0.107800,0.106760,0.107660,68462524,1770121799999,7340370.243030,14869,43089734,4619755.629840,0
1770121800000,0.107650,0.108090,0.107470,0.107760,79941245,1770122699999,8618329.780550,18593,43733652,4715858.488270,0
1770122700000,0.107760,0.108260,0.107720,0.107780,45262841,1770123599999,4889108.631570,13849,22301652,2409353.874650,0
1770123600000,0.107780,0.108120,0.107530,0.107620,45935729,1770124499999,4951384.711580,13550,26187457,2823277.058480,0
1770124500000,0.107620,0.107880,0.107370,0.107870,34919085,1770125399999,3757540.301810,11015,18698477,2012434.041920,0
1770125400000,0.107870,0.107960,0.107540,0.107600,22029852,1770126299999,2373316.411030,9814,11389343,1227092.210460,0
1770126300000,0.107600,0.108430,0.107550,0.108270,35019359,1770127199999,3781154.013890,11147,21484986,2319614.239040,0
1770127200000,0.108270,0.108510,0.107910,0.108130,38487988,1770128099999,4162043.891960,12953,15885399,1718546.435980,0
1770128100000,0.108130,0.108350,0.107610,0.108140,73481078,1770128999999,7936951.703660,16802,36552146,3947443.727810,0
1770129000000,0.108130,0.108180,0.106520,0.106980,144218672,1770129899999,15470825.108890,46845,57370337,6154867.322120,0
1770129900000,0.106980,0.107570,0.105660,0.105740,162208878,1770130799999,17256211.692840,46773,73029807,7775768.775090,0
1770130800000,0.105740,0.106860,0.105490,0.105780,128063545,1770131699999,13594306.914190,42499,62365678,6621439.178780,0
1770131700000,0.105780,0.108750,0.105290,0.107900,326473556,1770132599999,34989452.936440,63524,183450270,19686768.656910,0
1770132600000,0.107900,0.108880,0.107090,0.107830,227020634,1770133499999,24512425.905290,54377,98581413,10657045.158630,0
1770133500000,0.107840,0.110500,0.107670,0.110120,296684364,1770134399999,32456835.160980,64638,178541286,19535070.104340,0
1770134400000,0.110120,0.110170,0.108140,0.108500,227897777,1770135299999,24814729.924500,50028,89296403,9730608.786670,0
1770135300000,0.108490,0.108660,0.106630,0.106650,299063412,1770136199999,32233779.917780,48250,125085700,13484242.464950,0
1770136200000,0.106650,0.106790,0.106010,0.106460,132183986,1770137099999,14069896.295870,40292,62004918,6600933.263990,0
1770137100000,0.106450,0.106620,0.105930,0.106390,91683770,1770137999999,9740500.196530,28768,39044003,4148222.973660,0
1770138000000,0.106380,0.106630,0.105350,0.105420,113581229,1770138899999,12028892.274480,36258,46852125,4960807.708140,0
1770138900000,0.105430,0.105860,0.104590,0.105640,145945985,1770139799999,15345238.500650,44992,69138527,7273675.588840,0
1770139800000,0.105630,0.105710,0.104580,0.104670,107840399,1770140699999,11335861.267000,31540,49867606,5243317.642770,0
1770140700000,0.104670,0.105280,0.104050,0.104190,128843497,1770141599999,13474211.014110,35481,52809992,5524952.071720,0
1770141600000,0.104190,0.105070,0.103760,0.103970,151807668,1770142499999,15857778.575460,44421,65003681,6794089.458170,0
1770142500000,0.103970,0.104090,0.102760,0.102940,292278483,1770143399999,30210188.899060,68960,130589622,13498979.976670,0
1770143400000,0.102940,0.103650,0.102670,0.103070,118545625,1770144299999,12230511.515980,38409,61015132,6295936.559870,0
1770144300000,0.103060,0.103140,0.102220,0.102440,150635488,1770145199999,15450520.134200,44298,69509924,7129142.494300,0
1770145200000,0.102440,0.105300,0.102200,0.105100,247836381,1770146099999,25750058.156950,64182,134531192,13985561.918610,0
1770146100000,0.105100,0.106340,0.104880,0.105710,196171392,1770146999999,20693184.422350,50810,98002500,10337776.036050,0
1770147000000,0.105700,0.106920,0.105580,0.106320,131924366,1770147899999,14025560.681600,41512,70293747,7471902.038820,0
1770147900000,0.106320,0.106650,0.105700,0.106370,100663033,1770148799999,10690421.429160,29804,54230531,5760590.881160,0
1770148800000,0.106360,0.106420,0.105180,0.105310,64414083,1770149699999,6804896.190480,24336,29456918,3111849.401590,0
1770149700000,0.105310,0.107690,0.105180,0.107370,124859434,1770150599999,13311698.243480,39180,75202904,8016268.609060,0
1770150600000,0.107380,0.110540,0.107340,0.109080,358216931,1770151499999,39088075.493240,77372,185625377,20246345.593260,0
1770151500000,0.109070,0.109790,0.108580,0.109190,83406921,1770152399999,9099863.727770,27711,42300253,4615369.922620,0
1770152400000,0.109190,0.109670,0.108900,0.109020,107671722,1770153299999,11763011.358330,32731,53910068,5890451.737370,0
1770153300000,0.109020,0.109170,0.108270,0.108410,90807921,1770154199999,9865934.542740,22787,49151609,5339999.521250,0
1770154200000,0.108410,0.108540,0.107830,0.107900,67243460,1770155099999,7271338.567930,18634,30818932,3332258.064280,0
1770155100000,0.107900,0.108040,0.107390,0.107660,50706335,1770155999999,5458772.049580,13630,24845470,2675645.578790,0
1770156000000,0.107660,0.107730,0.106710,0.106710,61963319,1770156899999,6635257.714190,19980,28840470,3088544.160700,0
1770156900000,0.106710,0.107250,0.106300,0.107050,46039627,1770157799999,4917237.991240,16654,23973059,2560861.311480,0
1770157800000,0.107050,0.107410,0.106910,0.106980,25664469,1770158699999,2749940.305470,10822,13189769,1413518.130090,0
1770158700000,0.106970,0.106970,0.105770,0.106260,64035460,1770159599999,6802018.430610,20584,30537852,3243584.266040,0
1770159600000,0.106250,0.106330,0.105400,0.106280,70542859,1770160499999,7466449.914340,25995,35139858,3719539.080410,0
1770160500000,0.106280,0.106320,0.105670,0.105760,37972411,1770161399999,4024843.256630,13971,14859755,1575130.401560,0
1770161400000,0.105760,0.106190,0.105600,0.106020,32605647,1770162299999,3452831.252130,11933,16757331,1774801.853510,0
1770162300000,0.106020,0.106110,0.105360,0.105950,53221978,1770163199999,5624026.637620,15253,25338669,2677230.727100,0
1770163200000,0.105950,0.105950,0.105440,0.105530,41047545,1770164099999,4336199.038960,14472,14377508,1518568.128960,0
1770164100000,0.105520,0.106250,0.105520,0.106190,47699251,1770164999999,5053082.343400,12521,26686580,2827125.890040,0
1770165000000,0.106180,0.106890,0.106030,0.106520,52452634,1770165899999,5588872.913320,14536,29462401,3138684.157290,0
1770165900000,0.106520,0.106870,0.106340,0.106430,35380717,1770166799999,3772403.693690,10448,11799716,1258142.342230,0
1770166800000,0.106440,0.107930,0.106440,0.107870,70166400,1770167699999,7530693.214990,21081,40816047,4380148.330940,0
1770167700000,0.107870,0.108080,0.107530,0.107570,38046972,1770168599999,4102253.248950,14771,17373852,1873867.887810,0
1770168600000,0.107570,0.107990,0.107500,0.107730,29807774,1770169499999,3213212.591830,13499,14031916,1512692.897150,0
1770169500000,0.107740,0.108000,0.107240,0.107740,41020306,1770170399999,4412661.816110,15407,19600794,2109056.820550,0
1770170400000,0.107730,0.107800,0.107380,0.107490,27929698,1770171299999,3005040.406950,14842,13979600,1504190.647950,0
1770171300000,0.107490,0.107790,0.107150,0.107320,39512893,1770172199999,4245906.354860,14219,19585572,2105013.956210,0
1770172200000,0.107320,0.107320,0.106610,0.106930,44480747,1770173099999,4759791.385380,13874,18915190,2024237.416140,0
1770173100000,0.106920,0.107250,0.106670,0.107090,36185012,1770173999999,3870637.676770,12581,16787612,1795299.667120,0
1770174000000,0.107090,0.108570,0.106970,0.108450,65160899,1770174899999,7035118.835450,20567,37666298,4067514.066960,0
1770174900000,0.108440,0.108510,0.107810,0.107920,37736110,1770175799999,4080591.060520,13440,19003710,2054941.353230,0
1770175800000,0.107920,0.109460,0.107910,0.108830,92894641,1770176699999,10103244.782460,25454,53307616,5796878.362330,0
1770176700000,0.108840,0.109090,0.108700,0.108850,29630730,1770177599999,3227014.064350,11622,16678371,1816629.485360,0
1770177600000,0.108850,0.109110,0.108670,0.108940,34416578,1770178499999,3747071.871040,14970,17279779,1881243.034520,0
1770178500000,0.108940,0.108980,0.108520,0.108760,30326321,1770179399999,3297304.529720,10200,14220777,1546375.860890,0
1770179400000,0.108770,0.108800,0.108440,0.108560,21616312,1770180299999,2347365.477300,8273,10341146,1123018.360310,0
1770180300000,0.108550,0.108580,0.108260,0.108370,19867620,1770181199999,2153464.668330,8043,7561093,819512.880220,0
1770181200000,0.108370,0.108580,0.108320,0.108450,23241167,1770182099999,2520580.921040,10434,12238311,1327419.152690,0
1770182100000,0.108450,0.108520,0.108130,0.108230,29493302,1770182999999,3194839.038860,9766,11467405,1242243.521600,0
1770183000000,0.108230,0.108230,0.107690,0.107820,37807934,1770183899999,4081514.901490,10570,14247735,1538500.928360,0
1770183900000,0.107830,0.107950,0.107290,0.107670,40258895,1770184799999,4332783.848360,13104,19509672,2100019.495490,0
1770184800000,0.107670,0.108290,0.107520,0.108180,37061388,1770185699999,4001268.323040,11602,22993195,2483511.896740,0
1770185700000,0.108180,0.108400,0.107770,0.107990,45919755,1770186599999,4963111.214590,12943,25068802,2709525.302400,0
1770186600000,0.107990,0.108540,0.107790,0.108470,35749393,1770187499999,3865469.593340,13083,17563722,1899622.105220,0
1770187500000,0.108460,0.108770,0.108350,0.108410,34289016,1770188399999,3721969.913270,12179,14941891,1622274.078290,0
1770188400000,0.108420,0.108470,0.107850,0.108290,40548427,1770189299999,4384723.144850,14110,21943696,2372773.003590,0
1770189300000,0.108280,0.108540,0.108070,0.108480,26300198,1770190199999,2847346.321560,9427,14627573,1583837.560700,0
1770190200000,0.108470,0.108850,0.108290,0.108650,35273274,1770191099999,3831065.572370,12958,20673240,2245480.091220,0
1770191100000,0.108650,0.108730,0.108350,0.108410,19249606,1770191999999,2088066.297290,7094,7102495,770365.228850,0
1770192000000,0.108420,0.108510,0.107950,0.108120,35611408,1770192899999,3851752.428700,12792,16272746,1760255.730100,0
1770192900000,0.108120,0.108460,0.107750,0.107890,28219691,1770193799999,3051052.976960,11166,14568619,1575755.407490,0
1770193800000,0.107880,0.108380,0.107800,0.108380,16935215,1770194699999,1831064.026930,8458,9591237,1036925.352430,0
1770194700000,0.108370,0.108680,0.108330,0.108470,20982000,1770195599999,2277007.797460,8381,8604087,933756.834300,0
1770195600000,0.108460,0.108490,0.107950,0.107950,61064974,1770196499999,6602740.525890,12355,30576798,3305356.088090,0
1770196500000,0.107950,0.108050,0.107580,0.107790,31448533,1770197399999,3389553.711140,11458,14265405,1537485.544370,0
1770197400000,0.107800,0.107950,0.107380,0.107600,62688391,1770198299999,6747696.683440,14529,26997707,2906771.614620,0
1770198300000,0.107600,0.107890,0.107530,0.107780,21176688,1770199199999,2280761.914370,8859,10502886,1131420.813170,0
1770199200000,0.107780,0.107900,0.107470,0.107740,32650930,1770200099999,3516237.824530,10796,13248310,1427248.612120,0
1770200100000,0.107750,0.108080,0.107690,0.107880,61434034,1770200999999,6632094.788340,10662,31420193,3391014.309250,0
1770201000000,0.107880,0.107980,0.107480,0.107650,22739567,1770201899999,2449900.725000,8617,10022530,1079765.471060,0
1770201900000,0.107660,0.107770,0.107570,0.107670,13112506,1770202799999,1411899.465000,5911,5752864,619449.188990,0
1770202800000,0.107680,0.107710,0.106310,0.106500,130802254,1770203699999,13960976.011580,34084,52188249,5570981.836640,0
1770203700000,0.106510,0.107350,0.106400,0.107110,45531065,1770204599999,4865711.673690,17149,23375438,2498343.475460,0
1770204600000,0.107110,0.107710,0.107000,0.107240,55313426,1770205499999,5936590.904990,13597,33266793,3570536.482020,0
1770205500000,0.107250,0.107450,0.107050,0.107260,27210189,1770206399999,2919412.536990,9827,14328531,1537607.970030,0
1770206400000,0.107260,0.107500,0.107250,0.107440,21918168,1770207299999,2353249.621230,10302,10552932,1133073.987420,0
1770207300000,0.107440,0.107750,0.107110,0.107180,54372501,1770208199999,5840394.833170,13417,22279950,2394045.805810,0
1770208200000,0.107170,0.107430,0.107100,0.107260,24600940,1770209099999,2638517.958300,9511,11742054,1259389.660970,0
1770209100000,0.107250,0.107400,0.107090,0.107310,18915010,1770209999999,2028566.691010,7680,11781387,1263621.959090,0
1770210000000,0.107310,0.107470,0.107160,0.107300,17039480,1770210899999,1828389.205400,7678,7631256,818858.297210,0
1770210900000,0.107300,0.107370,0.106730,0.106880,41042820,1770211799999,4389429.454620,11994,18442151,1972106.620690,0
1770211800000,0.106870,0.107000,0.106120,0.106320,98100401,1770212699999,10443632.319520,24900,37423417,3984067.461140,0
1770212700000,0.106320,0.106510,0.105630,0.105710,106823286,1770213599999,11322515.694090,26672,46237204,4901399.163820,0
1770213600000,0.105700,0.106220,0.105610,0.106080,83039346,1770214499999,8798027.037040,22831,43684754,4628603.225900,0
1770214500000,0.106090,0.106110,0.105570,0.105770,61686134,1770215399999,6526100.030560,18044,28188596,2982252.997540,0
1770215400000,0.105760,0.106530,0.104610,0.105490,273716620,1770216299999,28863134.862760,72470,127348533,13428664.983070,0
1770216300000,0.105490,0.106040,0.103780,0.104090,154840776,1770217199999,16234863.834050,48120,71201468,7471051.071840,0
1770217200000,0.104090,0.105170,0.103470,0.104720,232890580,1770218099999,24291048.152170,70649,108844380,11358807.385000,0
1770218100000,0.104720,0.105250,0.104080,0.104480,100916381,1770218999999,10555446.352320,42181,51258340,5361551.057560,0
1770219000000,0.104470,0.104590,0.102670,0.103710,208433442,1770219899999,21553807.469320,58563,95645866,9889703.245290,0
1770219900000,0.103710,0.103830,0.103010,0.103390,87176960,1770220799999,9012062.107260,34481,42377741,4381609.894400,0
1770220800000,0.103390,0.104240,0.102930,0.103690,144720892,1770221699999,14973614.852550,43507,69105088,7150778.034700,0
1770221700000,0.103690,0.103750,0.102500,0.103260,175350796,1770222599999,18070776.582210,48729,79526928,8195549.153600,0
1770222600000,0.103260,0.103320,0.102030,0.102340,157329107,1770223499999,16117481.548330,39101,84775557,8685189.790370,0
1770223500000,0.102340,0.103300,0.101910,0.103190,138646624,1770224399999,14223874.441420,38979,73470106,7539511.583540,0
1770224400000,0.103180,0.103600,0.102460,0.103260,117452656,1770225299999,12096828.191220,36750,56697566,5841887.364070,0
1770225300000,0.103270,0.103820,0.101760,0.101920,152775725,1770226199999,15668261.555350,34763,67994859,6978495.960360,0
1770226200000,0.101920,0.102790,0.101360,0.102420,188014830,1770227099999,19185757.092090,47284,90445217,9232202.779110,0
1770227100000,0.102430,0.103200,0.101980,0.102850,67949473,1770227999999,6970491.997070,26248,38176451,3916568.512360,0
1770228000000,0.102840,0.102900,0.101700,0.101920,139756981,1770228899999,14297831.537220,38599,64577335,6608982.707650,0
1770228900000,0.101910,0.103390,0.101430,0.102840,176882046,1770229799999,18073118.950200,41950,86845107,8878598.080480,0
1770229800000,0.102830,0.104810,0.102530,0.104390,200490375,1770230699999,20772021.734380,52358,121661985,12602277.196800,0
1770230700000,0.104390,0.104430,0.103480,0.103580,83050625,1770231599999,8626933.919850,24199,39022242,4053285.737010,0
1770231600000,0.103580,0.104490,0.103490,0.103750,60566546,1770232499999,6296391.372740,26396,31148046,3237933.537410,0
1770232500000,0.103750,0.104330,0.103340,0.103640,58339719,1770233399999,6056836.467460,20657,25200343,2616749.537200,0
1770233400000,0.103640,0.104480,0.103540,0.104370,53827787,1770234299999,5594537.800140,18822,27788767,2889374.260580,0
1770234300000,0.104360,0.105510,0.104320,0.105310,121865976,1770235199999,12794094.054620,34725,64550851,6778514.003390,0
1770235200000,0.105300,0.105430,0.104500,0.104510,59409186,1770236099999,6235036.505250,23244,27571048,2893756.792480,0
1770236100000,0.104500,0.105060,0.104480,0.104690,35580698,1770236999999,3728757.067730,13788,17734689,1858230.966940,0
1770237000000,0.104680,0.104810,0.104340,0.104560,34401979,1770237899999,3598093.473870,11808,10602609,1109171.980390,0
1770237900000,0.104560,0.104650,0.104330,0.104470,23768984,1770238799999,2483491.274750,9148,13396456,1399808.077010,0
1770238800000,0.104470,0.104790,0.103720,0.104010,57310130,1770239699999,5970514.669950,19026,26085622,2718817.702320,0
1770239700000,0.104010,0.104050,0.103130,0.103450,68755739,1770240599999,7111708.805110,17786,30115613,3114838.529380,0
1770240600000,0.103450,0.103760,0.102710,0.102850,65704401,1770241499999,6781393.543950,17820,30639974,3162064.015910,0
1770241500000,0.102850,0.103110,0.102260,0.103030,66556206,1770242399999,6831635.497540,23355,35565081,3651203.401530,0
1770242400000,0.103030,0.103060,0.101190,0.102040,146514199,1770243299999,14910233.449010,38304,65476889,6664035.368250,0
1770243300000,0.102030,0.104780,0.102030,0.104630,148729861,1770244199999,15410115.688840,36883,85279974,8844331.008670,0
1770244200000,0.104630,0.104720,0.103030,0.103250,75878708,1770245099999,7881443.812460,22758,35362784,3673100.366930,0
1770245100000,0.103240,0.103630,0.102550,0.102790,42352575,1770245999999,4365802.749030,15891,18728720,1931913.798220,0
1770246000000,0.102780,0.103130,0.102450,0.103120,47961693,1770246899999,4931284.242010,18079,27300060,2807306.783280,0
1770246900000,0.103130,0.104460,0.102910,0.104140,98347699,1770247799999,10196176.329410,25590,53350154,5529443.227020,0
1770247800000,0.104150,0.104630,0.103930,0.104150,65119256,1770248699999,6786812.180760,19296,30275706,3155720.558280,0
1770248700000,0.104160,0.104410,0.103690,0.103770,53993232,1770249599999,5620693.320020,13973,22017467,2292572.143680,0
1770249600000,0.103770,0.103830,0.103350,0.103410,55849172,1770250499999,5785674.467060,14488,28657040,2968826.517390,0
1770250500000,0.103420,0.104030,0.103310,0.103980,37084250,1770251399999,3844693.492200,13034,23238027,2409555.614210,0
1770251400000,0.103980,0.103980,0.103080,0.103620,41571928,1770252299999,4301490.640580,14495,24314288,2515758.216350,0
1770252300000,0.103610,0.103990,0.103430,0.103520,26057685,1770253199999,2702706.940620,10117,15144880,1570793.097890,0
1770253200000,0.103530,0.104370,0.103430,0.104200,51284052,1770254099999,5331936.800780,16095,30621874,3183443.376660,0
1770254100000,0.104190,0.104560,0.102520,0.104260,144401617,1770254999999,14941449.263150,36652,67941982,7033993.327880,0
1770255000000,0.104260,0.104750,0.103400,0.103970,133151995,1770255899999,13870868.816140,35098,65396623,6811000.992210,0
1770255900000,0.103980,0.104050,0.103360,0.103550,34859553,1770256799999,3615454.083730,14433,17394168,1804001.002460,0
1770256800000,0.103550,0.103870,0.103110,0.103220,73995656,1770257699999,7654372.130460,24159,37776651,3908194.576520,0
1770257700000,0.103220,0.103780,0.102590,0.103500,99394755,1770258599999,10261201.021850,32530,47607533,4915486.400690,0
1770258600000,0.103500,0.104350,0.103290,0.104080,130182346,1770259499999,13532960.843870,28707,64078733,6659164.721870,0
1770259500000,0.104070,0.104120,0.102190,0.102440,128585369,1770260399999,13239425.529840,29966,61053324,6286635.063380,0
1770260400000,0.102440,0.103460,0.102140,0.102920,104821072,1770261299999,10777004.343980,33609,58055407,5970809.646840,0
1770261300000,0.102910,0.103630,0.102200,0.103050,86396315,1770262199999,8894498.338940,29003,39957359,4115113.586990,0
1770262200000,0.103040,0.103040,0.102560,0.102850,64569614,1770263099999,6637853.873180,21488,37887957,3895169.740350,0
1770263100000,0.102840,0.102900,0.102340,0.102530,46445896,1770263999999,4765250.806190,15502,19692219,2020814.145370,0
1770264000000,0.102540,0.103150,0.101650,0.101950,147053446,1770264899999,15044302.254220,37459,53888480,5515635.243700,0
1770264900000,0.101950,0.102660,0.101540,0.102190,103359615,1770265799999,10556209.368760,32231,46146212,4713415.981830,0
1770265800000,0.102190,0.102920,0.101630,0.102850,114729652,1770266699999,11735996.730230,29079,64579155,6607308.094050,0
1770266700000,0.102840,0.102860,0.101980,0.102190,43917676,1770267599999,4500309.302260,15946,19023440,1949469.228080,0
1770267600000,0.102200,0.102410,0.101500,0.102080,81680614,1770268499999,8326445.305700,21762,30152679,3074996.969920,0
1770268500000,0.102080,0.102380,0.100860,0.101400,175565985,1770269399999,17792025.897770,38218,71526888,7249543.615630,0
1770269400000,0.101400,0.103590,0.101110,0.103010,195459195,1770270299999,20070108.095810,45457,103630988,10641857.022500,0
1770270300000,0.103000,0.103150,0.102220,0.102290,93355215,1770271199999,9579724.711550,25786,50802214,5211913.337820,0
1770271200000,0.102300,0.102480,0.100940,0.101480,155337903,1770272099999,15762158.235480,34433,72727710,7378592.087310,0
1770272100000,0.101490,0.101750,0.100840,0.101080,69618541,1770272999999,7040380.339590,20728,31151296,3151038.719420,0
1770273000000,0.101070,0.101700,0.101060,0.101390,46272463,1770273899999,4693828.870420,16913,21289441,2159782.470260,0
1770273900000,0.101380,0.101650,0.100600,0.101090,72930945,1770274799999,7368213.348930,22764,33618348,3397602.312810,0
1770274800000,0.101090,0.102810,0.100990,0.101840,146241604,1770275699999,14941114.558020,37756,80691172,8243746.226890,0
1770275700000,0.101840,0.102720,0.101640,0.102410,61738701,1770276599999,6313780.397180,21873,34698902,3548362.706340,0
1770276600000,0.102410,0.102490,0.101580,0.101770,52905162,1770277499999,5396126.073100,18272,22080646,2252102.366220,0
1770277500000,0.101780,0.101880,0.100870,0.101110,68907748,1770278399999,6978488.003050,17721,29355224,2973062.580190,0
1770278400000,0.101120,0.101680,0.101120,0.101290,61458706,1770279299999,6230362.215520,20808,23410043,2373554.064450,0
1770279300000,0.101290,0.101770,0.101020,0.101670,65063359,1770280199999,6594693.108390,18357,37283280,3779366.789260,0
1770280200000,0.101670,0.102780,0.101640,0.102230,95033421,1770281099999,9728715.288590,23846,45834051,4690973.435760,0
1770281100000,0.102220,0.102470,0.101750,0.101780,32041652,1770281999999,3268636.882830,13445,14877641,1517482.274970,0
1770282000000,0.101790,0.102840,0.101680,0.102490,91099331,1770282899999,9327222.693150,27219,47115277,4822196.524590,0
1770282900000,0.102490,0.102930,0.102180,0.102310,60691646,1770283799999,6224299.249850,18417,29345409,3009579.134600,0
1770283800000,0.102320,0.102420,0.101640,0.101720,48376477,1770284699999,4931003.323560,15031,24617170,2509153.775010,0
1770284700000,0.101730,0.101800,0.101440,0.101640,46900672,1770285599999,4766216.354150,11615,24408376,2480472.584100,0
1770285600000,0.101630,0.101680,0.100560,0.100980,138696047,1770286499999,14000738.152260,24952,58125385,5866377.178760,0
1770286500000,0.100990,0.101570,0.100970,0.101400,44020561,1770287399999,4458668.432540,13391,18924228,1916617.254920,0
1770287400000,0.101390,0.101450,0.100370,0.100390,71153603,1770288299999,7168829.727300,16372,30134491,3036233.159290,0
1770288300000,0.100390,0.100480,0.099060,0.099450,215812709,1770289199999,21505851.687210,43824,79303970,7901559.448220,0
1770289200000,0.099440,0.099760,0.098590,0.098720,135440091,1770290099999,13443225.145780,32221,54803734,5443707.231760,0
1770290100000,0.098730,0.099270,0.097280,0.097530,291703670,1770290999999,28608219.292470,57793,135200371,13254727.968350,0
1770291000000,0.097530,0.099590,0.097450,0.099210,180411357,1770291899999,17764923.574400,48178,90980132,8957248.271740,0
1770291900000,0.099210,0.099360,0.098340,0.098680,108095748,1770292799999,10673124.768690,28205,52205886,5154706.918700,0
1770292800000,0.098680,0.099130,0.098370,0.098560,113586455,1770293699999,11218321.201800,30984,61372950,6063542.612780,0
1770293700000,0.098570,0.098910,0.097570,0.098520,269191282,1770294599999,26420965.110820,52082,148453277,14572727.231760,0
1770294600000,0.098530,0.099000,0.098080,0.098290,105720172,1770295499999,10405415.298470,35093,56169960,5528174.536140,0
1770295500000,0.098290,0.098770,0.097840,0.098480,104674063,1770296399999,10296834.185210,30435,58153229,5721687.796670,0
1770296400000,0.098480,0.099300,0.098350,0.098440,160975410,1770297299999,15906949.037340,29553,105315482,10409133.818700,0
1770297300000,0.098430,0.098530,0.097880,0.098010,90089352,1770298199999,8849171.351620,23204,42181004,4143877.108620,0
1770298200000,0.098010,0.098690,0.097970,0.098180,63501339,1770299099999,6244148.225410,26412,34867364,3427971.370780,0
1770299100000,0.098180,0.098560,0.097960,0.098230,59065148,1770299999999,5800237.957180,18942,33193338,3259681.906550,0
1770300000000,0.098230,0.099460,0.098220,0.098690,144520346,1770300899999,14291087.366200,38958,76092928,7525725.520770,0
1770300900000,0.098690,0.099280,0.098250,0.099200,71699947,1770301799999,7087630.731000,22077,40105284,3965819.462590,0
1770301800000,0.099200,0.100490,0.098990,0.099790,223784621,1770302699999,22322528.826550,66293,120124542,11986198.592660,0
1770302700000,0.099800,0.100340,0.098190,0.098430,150655943,1770303599999,14933662.272660,46445,70698968,7009138.600240,0
1770303600000,0.098430,0.098750,0.095460,0.095680,418385304,1770304499999,40570440.644000,89706,182350097,17688212.705370,0
1770304500000,0.095690,0.096650,0.092890,0.093220,826101139,1770305399999,78091709.557620,129788,382323955,36162223.711970,0
1770305400000,0.093230,0.095030,0.092450,0.094850,530157291,1770306299999,49658302.361380,110466,253075082,23728568.611480,0
1770306300000,0.094850,0.095850,0.093780,0.094150,344287342,1770307199999,32654193.829360,66935,156729423,14872094.361190,0
1770307200000,0.094150,0.094340,0.092960,0.093120,332634996,1770308099999,31169204.381320,67134,166790153,15637493.505700,0
1770308100000,0.093120,0.095270,0.092950,0.094830,261954417,1770308999999,24705918.164870,66317,142096125,13395913.532030,0
1770309000000,0.094840,0.095400,0.093630,0.093730,174636381,1770309899999,16506568.686540,49748,76938072,7275826.580240,0
1770309900000,0.093730,0.095290,0.093070,0.094210,218940933,1770310799999,20617417.798640,54537,118383386,11147780.187790,0
1770310800000,0.094200,0.094610,0.091920,0.092310,250198248,1770311699999,23219750.634370,63479,109417020,10155446.733050,0
1770311700000,0.092300,0.094210,0.090880,0.093810,410936869,1770312599999,38045582.893470,84806,207967520,19284372.758630,0
1770312600000,0.093810,0.094080,0.092110,0.092980,213723087,1770313499999,19859368.495150,59856,96812859,8998185.310320,0
1770313500000,0.092970,0.093390,0.091740,0.091880,186579946,1770314399999,17229103.700400,47844,86596775,7995888.815410,0
1770314400000,0.091880,0.092640,0.091530,0.092100,119633096,1770315299999,11010133.294200,46291,63403810,5837537.271840,0
1770315300000,0.092090,0.092260,0.090510,0.091250,269235318,1770316199999,24550271.086530,63920,129433170,11808074.072440,0
1770316200000,0.091250,0.091570,0.090420,0.090900,166775750,1770317099999,15182199.885220,51532,81529765,7421676.696020,0
1770317100000,0.090890,0.092760,0.090550,0.092480,233583204,1770317999999,21441110.632080,56621,131673789,12091550.902040,0
1770318000000,0.092470,0.092820,0.091720,0.092060,129460647,1770318899999,11934746.131170,44977,65382564,6027513.023930,0
1770318900000,0.092060,0.092710,0.091410,0.091870,142434684,1770319799999,13116536.982720,40407,81901912,7545171.060920,0
1770319800000,0.091870,0.092440,0.091610,0.091640,87612417,1770320699999,8062853.336730,36427,43899791,4039694.158040,0
1770320700000,0.091650,0.091800,0.090670,0.091140,152229740,1770321599999,13872477.316720,33927,76583504,6977869.720440,0
1770321600000,0.091140,0.091820,0.090560,0.090620,154148667,1770322499999,14066889.982700,40356,81832266,7471334.616940,0
1770322500000,0.090630,0.090700,0.087220,0.088680,799320201,1770323399999,71037948.684370,121168,373303147,33188958.482430,0
1770323400000,0.088680,0.090890,0.088210,0.090040,459465030,1770324299999,41109292.482190,95018,229871434,20575365.578150,0
1770324300000,0.090030,0.090260,0.088050,0.089030,342872966,1770325199999,30540556.020850,78077,182932774,16298619.605200,0
1770325200000,0.089040,0.091230,0.088820,0.088900,409301410,1770326099999,36751144.655270,82058,204944318,18403960.465650,0
1770326100000,0.088910,0.090570,0.087430,0.090080,431260949,1770326999999,38371166.870900,82715,222291123,19791534.263090,0
1770327000000,0.090080,0.090290,0.088090,0.088560,247194477,1770327899999,21999984.707600,61939,121686416,10827619.810450,0
1770327900000,0.088560,0.089140,0.087650,0.088320,201930533,1770328799999,17831491.584220,51430,110502074,9761573.053810,0
1770328800000,0.088310,0.089780,0.087760,0.088870,347940048,1770329699999,30904711.444850,66260,181965936,16170887.087490,0
1770329700000,0.088880,0.090450,0.086670,0.089850,512434072,1770330599999,45305447.108270,75264,271264021,23973419.651760,0
1770330600000,0.089850,0.090680,0.089060,0.089880,188399839,1770331499999,16903948.778440,45177,101225425,9089361.588900,0
1770331500000,0.089880,0.090360,0.089400,0.089570,84898680,1770332399999,7625604.332920,28488,48070713,4320142.150120,0
1770332400000,0.089580,0.091240,0.089310,0.090950,169186345,1770333299999,15341207.365380,51078,100158226,9081516.218160,0
1770333300000,0.090940,0.091110,0.089570,0.090240,106919573,1770334199999,9638970.238400,33949,54649295,4927497.201370,0
1770334200000,0.090230,0.090530,0.088590,0.088810,168062526,1770335099999,15013801.183100,40908,77032461,6882762.769620,0
1770335100000,0.088820,0.089240,0.088000,0.088410,147293191,1770335999999,13033315.688570,38375,73833904,6533940.851480,0
1770336000000,0.088410,0.088800,0.081450,0.082340,979624102,1770336899999,83743002.022360,150902,434074462,37120197.154700,0
1770336900000,0.082410,0.084930,0.079910,0.083470,1451914226,1770337799999,119620102.560970,215331,719125668,59274471.940280,0
1770337800000,0.083460,0.087660,0.083160,0.087030,481201229,1770338699999,41150692.998310,118419,260748956,22284071.069800,0
1770338700000,0.087020,0.088490,0.086600,0.087550,262672826,1770339599999,23008403.724920,78731,140324986,12293939.193780,0
1770339600000,0.087540,0.089370,0.087180,0.088620,280729154,1770340499999,24829576.428560,78200,155134682,13718673.835630,0
1770340500000,0.088630,0.089600,0.088510,0.088770,170461331,1770341399999,15160011.943580,56306,101359694,9015040.872820,0
1770341400000,0.088770,0.089780,0.088580,0.089500,215236103,1770342299999,19223834.090160,50733,97793621,8731392.681810,0
1770342300000,0.089510,0.090960,0.089210,0.090730,242687806,1770343199999,21914131.196290,56281,147506783,13315710.906650,0
1770343200000,0.090730,0.091340,0.089420,0.089640,190163117,1770344099999,17183543.242300,57377,91683156,8284603.572820,0
1770344100000,0.089630,0.090070,0.088730,0.089170,181242557,1770344999999,16177728.440050,44754,88140112,7870898.397010,0
1770345000000,0.089170,0.090280,0.089060,0.089830,205620736,1770345899999,18450273.189240,45155,140232914,12585663.372350,0
1770345900000,0.089820,0.089980,0.088860,0.089350,105003003,1770346799999,9370127.017090,30364,52247909,4662690.733850,0
1770346800000,0.089350,0.089960,0.089090,0.089270,110638284,1770347699999,9895554.440650,36242,62473806,5587132.510570,0
1770347700000,0.089280,0.089990,0.089220,0.089820,89656997,1770348599999,8026491.454730,30869,43824989,3924055.008500,0
1770348600000,0.089820,0.090220,0.089540,0.089650,67162700,1770349499999,6039615.191290,23748,35545140,3196512.180050,0
1770349500000,0.089660,0.089920,0.089140,0.089840,83378457,1770350399999,7463197.101240,26893,43667880,3909466.838360,0
1770350400000,0.089840,0.090210,0.089440,0.090040,54917669,1770351299999,4932427.616690,23004,30178105,2711001.360660,0
1770351300000,0.090040,0.091440,0.089980,0.091130,106880764,1770352199999,9693555.525770,30751,64578493,5854328.035360,0
1770352200000,0.091140,0.091190,0.090350,0.090630,78396496,1770353099999,7115107.230040,25202,33605659,3050513.042490,0
1770353100000,0.090640,0.091100,0.090620,0.090820,43790485,1770353999999,3978452.832330,19701,23113858,2100026.199920,0
1770354000000,0.090810,0.091820,0.090690,0.091630,103656636,1770354899999,9472267.991150,31395,57805419,5282598.553620,0
1770354900000,0.091620,0.091780,0.090960,0.091210,77725647,1770355799999,7093287.804680,23605,39098418,3568834.846040,0
1770355800000,0.091210,0.092390,0.091180,0.092260,110136168,1770356699999,10130688.882600,31412,67239369,6185987.857310,0
1770356700000,0.092270,0.093470,0.091970,0.093050,169619941,1770357599999,15743911.124790,43183,82739878,7680671.767390,0
1770357600000,0.093050,0.093410,0.092780,0.093000,114899359,1770358499999,10696524.815320,31591,48838488,4547523.191770,0
1770358500000,0.093000,0.093090,0.091990,0.092280,103126063,1770359399999,9542453.684640,28109,45109202,4173330.111100,0
1770359400000,0.092280,0.092380,0.091320,0.091640,129952608,1770360299999,11942727.728710,30369,67359989,6192573.530900,0
1770360300000,0.091650,0.091930,0.091200,0.091390,112936651,1770361199999,10342297.745910,31318,51157822,4685164.216460,0
1770361200000,0.091390,0.091440,0.090350,0.090940,137165043,1770362099999,12463834.070660,29677,53178445,4832140.234870,0
1770362100000,0.090950,0.091080,0.090390,0.090900,121736939,1770362999999,11047834.344460,28655,59950526,5439927.055570,0
1770363000000,0.090910,0.091570,0.090750,0.091160,94110110,1770363899999,8582287.624230,23694,49424135,4508116.938220,0
1770363900000,0.091160,0.091440,0.090460,0.090680,72388686,1770364799999,6578353.958280,20639,33038368,3002609.716240,0
1770364800000,0.090670,0.091280,0.090370,0.091150,83001932,1770365699999,7537956.976520,25881,43877164,3984233.995040,0
1770365700000,0.091150,0.091190,0.090040,0.090670,123155686,1770366599999,11166538.674930,31191,50409465,4572043.682990,0
1770366600000,0.090670,0.090790,0.090080,0.090430,86442430,1770367499999,7817165.584050,26040,39406097,3563891.680360,0
1770367500000,0.090430,0.090970,0.090330,0.090770,48099138,1770368399999,4360987.074940,18177,25445179,2306617.307970,0
1770368400000,0.090760,0.091060,0.090520,0.090800,60089473,1770369299999,5455087.786240,19273,32995117,2995378.546210,0
1770369300000,0.090790,0.091730,0.090530,0.091680,121250617,1770370199999,11054805.130270,29571,66672617,6080125.616630,0
1770370200000,0.091670,0.092730,0.091620,0.092460,100810640,1770371099999,9293584.906460,31353,56499388,5208874.492180,0
1770371100000,0.092450,0.092920,0.092170,0.092560,72130998,1770371999999,6682339.273660,22123,34058377,3155908.796890,0
1770372000000,0.092560,0.092850,0.092090,0.092450,74428938,1770372899999,6879805.188030,22935,37883562,3502008.226330,0
1770372900000,0.092460,0.093470,0.092460,0.093080,86811600,1770373799999,8071589.781110,24754,49336800,4588014.901300,0
1770373800000,0.093080,0.093620,0.092990,0.093600,97577040,1770374699999,9109327.411970,26485,54197839,5059407.069230,0
1770374700000,0.093600,0.093800,0.093250,0.093600,63803229,1770375599999,5967035.480160,19119,30941178,2894023.516500,0
1770375600000,0.093600,0.093750,0.093320,0.093680,63328806,1770376499999,5921478.052940,16238,37237353,3482349.386330,0
1770376500000,0.093680,0.093910,0.093120,0.093410,65849166,1770377399999,6154217.660110,16449,39293572,3672909.614330,0
1770377400000,0.093400,0.094260,0.093310,0.093750,161165204,1770378299999,15130773.504780,28742,111814299,10497558.518830,0
1770378300000,0.093750,0.094130,0.093530,0.093640,73015089,1770379199999,6849336.089130,19587,41137156,3859164.058830,0
1770379200000,0.093640,0.093640,0.093070,0.093240,81755187,1770380099999,7625464.822190,21425,33059977,3084568.850070,0
1770380100000,0.093240,0.093460,0.092990,0.093320,59166691,1770380999999,5515636.525230,16451,22938259,2139332.134390,0
1770381000000,0.093320,0.093390,0.093030,0.093230,49576785,1770381899999,4621660.080940,15867,23989457,2236648.414200,0
1770381900000,0.093220,0.093490,0.093140,0.093410,37564428,1770382799999,3505364.036680,13426,20863675,1947029.231870,0
1770382800000,0.093410,0.094330,0.093190,0.094250,131737860,1770383699999,12344777.998430,31269,63054534,5912974.028210,0
1770383700000,0.094250,0.094960,0.093730,0.094360,161532170,1770384599999,15256507.183210,39751,90843121,8580199.263250,0
1770384600000,0.094360,0.095270,0.094180,0.095130,139015986,1770385499999,13183819.506090,37256,82620090,7837838.963450,0
1770385500000,0.095130,0.095430,0.094730,0.094750,111005183,1770386399999,10555773.588970,30337,50421286,4796549.114400,0
1770386400000,0.094760,0.094930,0.093780,0.094220,185121330,1770387299999,17448486.041910,36645,67150730,6331146.728330,0
1770387300000,0.094220,0.094340,0.093700,0.094310,84865176,1770388199999,7978434.457420,23711,45790324,4305684.458230,0
1770388200000,0.094310,0.096220,0.094230,0.096010,303350764,1770389099999,28945083.656880,76452,157872132,15071506.559420,0
1770389100000,0.096020,0.096770,0.095580,0.096380,222544076,1770389999999,21406668.279370,56115,115694228,11128538.474110,0
1770390000000,0.096380,0.096730,0.095520,0.095560,179535494,1770390899999,17276151.456240,58288,92064383,8863299.159330,0
1770390900000,0.095560,0.096130,0.095360,0.095730,206771841,1770391799999,19802175.421460,43209,131504044,12597093.838830,0
1770391800000,0.095720,0.096660,0.095580,0.096510,122585723,1770392699999,11790449.196730,34944,64981692,6250837.222070,0
1770392700000,0.096510,0.096890,0.096090,0.096370,108154840,1770393599999,10428590.967520,26889,52478506,5061534.789610,0
1770393600000,0.096360,0.098390,0.095950,0.098310,294675867,1770394499999,28693696.375060,47851,192927412,18790677.964170,0
1770394500000,0.098300,0.099410,0.098030,0.099020,253815483,1770395399999,25042394.519020,53527,135886097,13410693.399060,0
1770395400000,0.099020,0.099790,0.098760,0.099480,237914102,1770396299999,23631868.232280,44050,101667282,10097049.672090,0
1770396300000,0.099470,0.100060,0.098740,0.099080,161226389,1770397199999,16045479.163840,38331,76467559,7613562.960900,0
1770397200000,0.099080,0.099490,0.098370,0.099150,227818231,1770398099999,22526242.459820,41441,103602375,10248674.221050,0
1770398100000,0.099160,0.100740,0.099080,0.100560,171943110,1770398999999,17204593.442530,39956,91646467,9168467.973970,0
1770399000000,0.100570,0.102190,0.100270,0.101080,297842166,1770399899999,30163524.203580,58740,175444866,17776494.917990,0
1770399900000,0.101080,0.101530,0.099920,0.100140,134158058,1770400799999,13500216.911120,38697,56741460,5711423.001650,0
1770400800000,0.100140,0.100340,0.098130,0.098830,276695964,1770401699999,27383721.137350,57361,111441431,11033249.887340,0
1770401700000,0.098840,0.098950,0.098200,0.098610,119930991,1770402599999,11814169.163180,36177,54134256,5333611.232120,0
1770402600000,0.098620,0.099720,0.098540,0.099550,95782923,1770403499999,9504231.574840,29957,51563544,5117900.468460,0
1770403500000,0.099540,0.099980,0.099040,0.099130,116299411,1770404399999,11583777.604810,23530,38685498,3849991.066240,0
1770404400000,0.099130,0.099610,0.098550,0.098730,99764723,1770405299999,9879151.437070,25337,33820806,3349678.798550,0
1770405300000,0.098720,0.099310,0.098230,0.098750,119348945,1770406199999,11778191.427020,28549,57202080,5648745.778130,0
1770406200000,0.098750,0.099050,0.098450,0.098570,59288536,1770407099999,5852595.822120,19759,34114870,3368321.475920,0
1770407100000,0.098580,0.098980,0.098290,0.098730,95371373,1770407999999,9404080.950030,25152,49365784,4868656.050100,0
1770408000000,0.098730,0.098920,0.098150,0.098370,50209948,1770408899999,4948639.949690,20109,27305978,2691663.120250,0
1770408900000,0.098380,0.098660,0.098070,0.098630,36345404,1770409799999,3574796.688190,17290,22829938,2245876.143380,0
1770409800000,0.098630,0.099670,0.098470,0.098920,104726882,1770410699999,10375300.199950,29750,59903724,5934503.862460,0
1770410700000,0.098920,0.099080,0.098310,0.098630,52003318,1770411599999,5130426.204580,20403,27196953,2683079.232090,0
1770411600000,0.098630,0.098850,0.098050,0.098600,65087022,1770412499999,6410248.506610,20639,34718559,3420939.539030,0
1770412500000,0.098610,0.099200,0.098470,0.099070,30805347,1770413399999,3045226.499780,12660,19899879,1967342.818120,0
1770413400000,0.099060,0.099070,0.098460,0.098570,25571506,1770414299999,2522009.601610,11252,13505051,1331535.052220,0
1770414300000,0.098560,0.098780,0.098380,0.098720,25719746,1770415199999,2536059.502510,10208,14729894,1452668.472020,0
1770415200000,0.098730,0.099360,0.098630,0.099040,52939701,1770416099999,5242539.206770,18274,27990014,2771612.462410,0
1770416100000,0.099030,0.099310,0.098930,0.099070,29960094,1770416999999,2968309.922820,12803,17378820,1721850.565680,0
1770417000000,0.099060,0.099760,0.098980,0.099130,58587753,1770417899999,5819959.531130,19393,33587186,3336800.744290,0
1770417900000,0.099140,0.099730,0.099070,0.099390,29878350,1770418799999,2969623.436410,14874,15160323,1507197.802570,0
1770418800000,0.099380,0.099750,0.098930,0.098960,86655934,1770419699999,8611604.839460,24755,49785988,4948796.443370,0
1770419700000,0.098950,0.098980,0.098310,0.098690,79094341,1770420599999,7800576.949100,24677,37221246,3671592.827550,0
1770420600000,0.098690,0.099040,0.098600,0.098620,20699027,1770421499999,2045744.969890,12376,11211726,1108144.377090,0
1770421500000,0.098620,0.098700,0.098330,0.098420,25005025,1770422399999,2462682.263790,9646,13375394,1317530.500310,0
1770422400000,0.098430,0.098460,0.097460,0.097950,126713697,1770423299999,12400869.113660,31018,55146087,5397057.064460,0
1770423300000,0.097950,0.098290,0.097570,0.097580,80121796,1770424199999,7851866.205380,21968,42563229,4172857.222790,0
1770424200000,0.097580,0.097910,0.097400,0.097490,92890345,1770425099999,9072264.327320,23096,39548483,3863621.004990,0
1770425100000,0.097480,0.098270,0.097410,0.097790,89858460,1770425999999,8788709.901920,21899,46425454,4542961.867580,0
1770426000000,0.097790,0.097920,0.097240,0.097330,59837212,1770426899999,5839900.642220,18593,30702889,2997262.357620,0
1770426900000,0.097330,0.097980,0.097260,0.097830,64941130,1770427799999,6343369.602520,17477,32478575,3172323.972920,0
1770427800000,0.097830,0.098220,0.097660,0.098030,37608002,1770428699999,3684108.055780,12928,19927210,1952333.170310,0
1770428700000,0.098020,0.098690,0.097960,0.098450,91076500,1770429599999,8970902.731280,18513,45782651,4508467.364190,0
1770429600000,0.098460,0.098660,0.098110,0.098190,53290923,1770430499999,5241087.884560,15711,24227585,2383745.060090,0
1770430500000,0.098180,0.098530,0.098030,0.098340,22322892,1770431399999,2193719.268610,9782,9172899,901618.570910,0
1770431400000,0.098340,0.098410,0.098020,0.098020,22103819,1770432299999,2170228.274200,9646,9524942,935290.923010,0
1770432300000,0.098020,0.098060,0.097590,0.098010,47482252,1770433199999,4643920.599510,12143,18883597,1847322.763140,0
1770433200000,0.098010,0.098980,0.097930,0.098810,67919645,1770434099999,6690191.521750,19043,39356172,3877084.724660,0
1770434100000,0.098810,0.098940,0.098500,0.098830,25186875,1770434999999,2486559.213610,11884,12247608,1209202.560600,0
1770435000000,0.098830,0.098870,0.098510,0.098740,30813072,1770435899999,3040388.413900,10936,14185263,1399504.540060,0
1770435900000,0.098740,0.098760,0.098430,0.098580,24944381,1770436799999,2458633.210490,9091,12422334,1224494.834670,0
1770436800000,0.098580,0.098940,0.098370,0.098730,60235463,1770437699999,5942610.147950,22100,29199792,2881108.194570,0
1770437700000,0.098730,0.099160,0.098130,0.098200,110252987,1770438599999,10868304.833410,26198,49173226,4850543.852300,0
1770438600000,0.098210,0.098630,0.097760,0.097910,62248324,1770439499999,6111354.446090,16331,25280453,2483689.826640,0
1770439500000,0.097910,0.098080,0.097770,0.098050,41710693,1770440399999,4083896.614490,9958,27347123,2677591.230530,0
1770440400000,0.098040,0.098570,0.098000,0.098410,30776181,1770441299999,3026712.777930,10944,13636156,1341060.272890,0
1770441300000,0.098410,0.098840,0.098070,0.098190,61500167,1770442199999,6058791.608660,16206,24845739,2448186.539380,0
1770442200000,0.098180,0.098680,0.098080,0.098350,38174885,1770443099999,3753405.693120,12403,18909961,1859080.476020,0
1770443100000,0.098360,0.098450,0.098000,0.098380,35003286,1770443999999,3436545.658530,9985,16385594,1608923.846880,0
1770444000000,0.098380,0.098830,0.098280,0.098580,52123714,1770444899999,5137084.740000,14909,24706667,2435332.603720,0
1770444900000,0.098580,0.098600,0.098140,0.098440,40785588,1770445799999,4012791.010320,12202,18312224,1801872.273090,0
1770445800000,0.098440,0.098720,0.098150,0.098210,37834120,1770446699999,3726474.970760,10241,18890457,1860620.663900,0
1770446700000,0.098210,0.098250,0.096270,0.096490,174768407,1770447599999,16989301.315690,36573,58945323,5730847.842750,0
1770447600000,0.096500,0.097050,0.095600,0.095670,227135307,1770448499999,21877050.650840,52588,104815419,10100651.351690,0
1770448500000,0.095680,0.095980,0.094580,0.095900,290250547,1770449399999,27667845.122190,62676,149396919,14247864.381070,0
1770449400000,0.095900,0.096580,0.095240,0.096260,116908152,1770450299999,11213832.847360,40588,58018152,5566794.049640,0
1770450300000,0.096270,0.096290,0.095640,0.095780,59363856,1770451199999,5694869.225400,20907,29858129,2864366.609440,0
1770451200000,0.095780,0.096190,0.095410,0.096010,72163260,1770452099999,6921480.037580,22147,36916652,3541807.744300,0
1770452100000,0.096010,0.096260,0.095640,0.095890,55371751,1770452999999,5317589.272760,17726,29121074,2796628.192310,0
1770453000000,0.095900,0.096270,0.095660,0.095760,38786862,1770453899999,3721539.959130,14221,18188592,1745406.991080,0
1770453900000,0.095760,0.096090,0.095760,0.095830,23655920,1770454799999,2269049.891510,10355,12176102,1168025.403470,0
1770454800000,0.095840,0.096250,0.095780,0.096190,35019537,1770455699999,3361053.348250,13672,16813297,1613888.220060,0
1770455700000,0.096190,0.096210,0.095670,0.095670,20981410,1770456599999,2011859.277740,8886,8800006,843985.196130,0
1770456600000,0.095680,0.095760,0.095140,0.095340,56146334,1770457499999,5353680.932780,16861,21967804,2094503.166550,0
1770457500000,0.095340,0.095460,0.095090,0.095450,40717450,1770458399999,3878270.571030,13779,19139076,1823319.690700,0
1770458400000,0.095450,0.095630,0.095060,0.095190,35905631,1770459299999,3422782.320230,13734,15276323,1456602.416250,0
1770459300000,0.095190,0.095390,0.095080,0.095240,25185029,1770460199999,2398184.224510,8858,11103633,1057407.685700,0
1770460200000,0.095230,0.095360,0.094770,0.095230,73902163,1770461099999,7023299.387710,16122,39449725,3749745.806460,0
1770461100000,0.095230,0.095610,0.095130,0.095530,45880810,1770461999999,4377100.749250,11967,25290329,2413046.236010,0
1770462000000,0.095530,0.095600,0.095300,0.095370,22353251,1770462899999,2134593.122360,9943,11845839,1131350.756820,0
1770462900000,0.095360,0.095570,0.095270,0.095330,24249124,1770463799999,2312481.841780,8326,9213905,879005.281960,0
1770463800000,0.095320,0.095570,0.095160,0.095190,20577046,1770464699999,1961562.921860,9346,9184067,875637.565930,0
1770464700000,0.095200,0.095530,0.095170,0.095410,30598842,1770465599999,2917417.077220,10008,19594306,1868486.221470,0
1770465600000,0.095400,0.096710,0.095300,0.096380,156222645,1770466499999,15005925.687240,32868,94342039,9064895.507180,0
1770466500000,0.096380,0.097670,0.096230,0.096900,198652206,1770467399999,19268827.140370,41505,97639074,9469357.723370,0
1770467400000,0.096890,0.097520,0.096500,0.096590,93802263,1770468299999,9097927.585770,26935,40012935,3882451.019100,0
1770468300000,0.096590,0.096910,0.096510,0.096870,41877052,1770469199999,4049915.164680,13875,22216894,2148747.448230,0
1770469200000,0.096870,0.097120,0.096200,0.096260,55069020,1770470099999,5319223.399270,17019,23800258,2299557.077910,0
1770470100000,0.096270,0.096480,0.096190,0.096380,40953097,1770470999999,3945427.716180,11737,23494181,2263639.302410,0
1770471000000,0.096390,0.096420,0.095770,0.095850,51851092,1770471899999,4977413.264020,15824,23398123,2246190.723440,0
1770471900000,0.095860,0.096240,0.095820,0.096120,30982470,1770472799999,2975832.365640,9742,16162155,1552329.618010,0
1770472800000,0.096110,0.096420,0.096030,0.096180,26132623,1770473699999,2513833.751280,10965,13629055,1311307.411550,0
1770473700000,0.096170,0.096470,0.095960,0.096180,16086947,1770474599999,1547255.365150,8079,7978571,767580.584910,0
1770474600000,0.096180,0.096300,0.095530,0.095980,61336621,1770475499999,5879595.453580,16391,26309111,2522566.376480,0
1770475500000,0.095990,0.096050,0.095340,0.095630,55553081,1770476399999,5311102.962050,15785,26675288,2550408.390710,0
1770476400000,0.095640,0.096510,0.095460,0.096420,67402334,1770477299999,6472478.758480,20423,44072069,4231650.070030,0
1770477300000,0.096430,0.096990,0.096270,0.096580,54931170,1770478199999,5307166.558820,19080,28275875,2731839.771240,0
1770478200000,0.096590,0.097090,0.096480,0.096630,46478281,1770479099999,4500192.042760,16987,24050258,2329046.802480,0
1770479100000,0.096630,0.096780,0.096390,0.096770,24519913,1770479999999,2368149.164760,9833,11039303,1066368.064410,0
1770480000000,0.096770,0.098870,0.096300,0.097600,957261358,1770480899999,93259487.544490,148130,484842939,47246277.729620,0
1770480900000,0.097600,0.098740,0.096970,0.097610,420417012,1770481799999,41110674.283290,79808,216619549,21188740.385420,0
1770481800000,0.097610,0.097960,0.097250,0.097690,39200215,1770482699999,3827262.507450,14864,20082358,1960808.918550,0
1770482700000,0.097690,0.097860,0.097440,0.097700,34964077,1770483599999,3414338.308210,13801,19293303,1884244.733920,0
1770483600000,0.097700,0.097810,0.096930,0.097050,44108930,1770484499999,4290364.397100,18062,19926078,1937655.854590,0
1770484500000,0.097040,0.097850,0.097000,0.097850,34495838,1770485399999,3360396.994350,13330,16957682,1651930.068000,0
1770485400000,0.097840,0.098450,0.097550,0.098040,49518312,1770486299999,4853003.871600,16435,22891460,2243862.490270,0
1770486300000,0.098040,0.098160,0.097730,0.098000,20869398,1770487199999,2044442.856820,9528,11529012,1129392.407590,0
1770487200000,0.098000,0.098400,0.097920,0.098290,31685894,1770488099999,3112610.047480,13251,18553543,1822972.907730,0
1770488100000,0.098300,0.099280,0.098290,0.098920,64948095,1770488999999,6421520.708690,20631,35243832,3484263.110660,0
1770489000000,0.098920,0.099430,0.098720,0.099010,52435787,1770489899999,5195933.817870,18870,26814170,2657824.487550,0
1770489900000,0.099000,0.099390,0.098680,0.098740,35494529,1770490799999,3515525.483860,13255,15171634,1503049.836130,0
1770490800000,0.098740,0.099110,0.098610,0.098870,30891284,1770491699999,3052490.734690,13952,17383290,1717742.774990,0
1770491700000,0.098860,0.098940,0.098700,0.098770,20210572,1770492599999,1997318.627780,9757,9915755,979981.849240,0
1770492600000,0.098770,0.098780,0.098300,0.098530,26865732,1770493499999,2646123.164700,11177,10620277,1045891.164160,0
1770493500000,0.098530,0.098640,0.098220,0.098360,21378207,1770494399999,2103816.010730,9061,9698795,954544.664870,0
1770494400000,0.098350,0.098550,0.098220,0.098300,17035266,1770495299999,1676063.281550,8903,10416887,1024870.246180,0
1770495300000,0.098300,0.098570,0.098150,0.098450,13053255,1770496199999,1283397.339400,6796,6056424,595501.007270,0
1770496200000,0.098450,0.098780,0.098310,0.098430,17683530,1770497099999,1743376.823710,7993,6853708,675789.864860,0
1770497100000,0.098440,0.098860,0.098430,0.098670,29450978,1770497999999,2905458.569760,9889,14962858,1476222.197410,0
1770498000000,0.098670,0.098880,0.098410,0.098540,20267247,1770498899999,1998414.301550,9709,10629348,1048194.424810,0
1770498900000,0.098530,0.098720,0.098390,0.098560,16893947,1770499799999,1664694.837110,6977,7866245,775145.956030,0
1770499800000,0.098560,0.098720,0.098380,0.098390,10411973,1770500699999,1026580.259880,5765,4072262,401514.416070,0
1770500700000,0.098390,0.098410,0.098190,0.098290,13534539,1770501599999,1330448.874320,7003,6973982,685648.501490,0
1770501600000,0.098280,0.098840,0.098190,0.098430,32003091,1770502499999,3153831.068740,10815,18775438,1851466.775010,0
1770502500000,0.098440,0.098550,0.098170,0.098400,13898745,1770503399999,1367371.352350,6690,7074808,696157.849480,0
1770503400000,0.098410,0.098500,0.098200,0.098440,12129808,1770504299999,1193494.442430,5898,5804981,571231.290490,0
1770504300000,0.098440,0.098450,0.098200,0.098300,9883287,1770505199999,971513.463800,4999,3667676,360517.247290,0
1770505200000,0.098300,0.098390,0.097740,0.098060,51718328,1770506099999,5068844.870910,16562,23410483,2294622.752530,0
1770506100000,0.098050,0.098210,0.097590,0.097890,29733465,1770506999999,2910066.189890,10835,13027875,1275407.184800,0
1770507000000,0.097900,0.098180,0.097870,0.098080,16183954,1770507899999,1586849.846020,7144,8947985,877345.188000,0
1770507900000,0.098080,0.098420,0.098070,0.098190,20766915,1770508799999,2040600.523700,7246,12579037,1236096.266960,0
1770508800000,0.098190,0.098320,0.098030,0.098090,23320632,1770509699999,2289171.855140,9070,10494093,1030261.480960,0
1770509700000,0.098090,0.098100,0.097660,0.097740,27798327,1770510599999,2718340.693390,8652,11285619,1103444.659260,0
1770510600000,0.097740,0.097910,0.097570,0.097640,15367280,1770511499999,1501456.178200,7590,8475116,828134.909190,0
1770511500000,0.097650,0.097940,0.097540,0.097840,13585908,1770512399999,1327777.649910,6637,6457396,631151.445950,0
1770512400000,0.097840,0.098450,0.097810,0.098410,27881940,1770513299999,2737809.224130,9870,14052781,1379690.935560,0
1770513300000,0.098420,0.098420,0.097840,0.097910,17332093,1770514199999,1700171.036460,7559,4948342,485511.232890,0
1770514200000,0.097910,0.098190,0.097850,0.098030,14306907,1770515099999,1402779.734750,6961,7359307,721587.800020,0
1770515100000,0.098020,0.098150,0.097830,0.097980,13764627,1770515999999,1348837.247550,7796,5996514,587689.263140,0
1770516000000,0.097980,0.098280,0.097850,0.098210,16585890,1770516899999,1626407.644300,9754,9134305,895809.608400,0
1770516900000,0.098210,0.098390,0.097740,0.097810,27679561,1770517799999,2715994.410910,10640,13019293,1277962.662880,0
1770517800000,0.097810,0.097920,0.097460,0.097650,29197062,1770518699999,2851295.836300,9451,14902965,1455501.657360,0
1770518700000,0.097650,0.097730,0.097230,0.097600,37030064,1770519599999,3609035.019680,8780,12012310,1171736.816270,0
1770519600000,0.097600,0.097760,0.097350,0.097500,23425312,1770520499999,2285034.931760,8774,9421438,918844.673530,0
1770520500000,0.097500,0.097560,0.097260,0.097430,15856504,1770521399999,1545006.579710,7414,7099586,691907.769000,0
1770521400000,0.097430,0.097610,0.097250,0.097350,13199760,1770522299999,1285628.661670,6654,6472142,630479.600580,0
1770522300000,0.097340,0.097430,0.096860,0.096930,37956413,1770523199999,3683291.451690,9360,13044660,1265877.572940,0
1770523200000,0.096920,0.097130,0.096720,0.096810,21344098,1770524099999,2069380.340880,7162,10339291,1002666.582440,0
1770524100000,0.096800,0.097190,0.096590,0.097130,44775313,1770524999999,4337918.520210,10332,25161175,2438553.737610,0
1770525000000,0.097120,0.097180,0.096790,0.096940,13170600,1770525899999,1277317.745430,5373,6206274,601874.203420,0
1770525900000,0.096950,0.097170,0.096820,0.097150,21070070,1770526799999,2042731.940750,5454,9456910,917077.918090,0
1770526800000,0.097160,0.097550,0.097030,0.097510,28354327,1770527699999,2757777.683270,8970,16456553,1600752.293140,0
1770527700000,0.097510,0.097570,0.097100,0.097160,23640482,1770528599999,2299066.300420,7224,8458435,822940.642110,0
1770528600000,0.097150,0.097150,0.096860,0.096940,23797516,1770529499999,2307818.071440,6366,11620580,1126966.801130,0
1770529500000,0.096940,0.096970,0.096810,0.096950,11070964,1770530399999,1072954.421130,3975,6552928,635116.536930,0
1770530400000,0.096960,0.097110,0.096700,0.097080,24446860,1770531299999,2368187.530250,7989,12701515,1230563.768380,0
1770531300000,0.097080,0.097140,0.096900,0.097060,24464272,1770532199999,2374368.157040,7952,13578798,1317943.337280,0
1770532200000,0.097050,0.097060,0.096720,0.096860,20685006,1770533099999,2003338.159040,6439,6392095,619027.004900,0
1770533100000,0.096870,0.096920,0.096650,0.096790,15854414,1770533999999,1534581.571680,5257,7005286,678061.315080,0
1770534000000,0.096790,0.096930,0.096410,0.096640,44847499,1770534899999,4333506.558120,10075,14318356,1383971.369640,0
1770534900000,0.096640,0.096690,0.096290,0.096530,36952495,1770535799999,3565169.465290,9038,14281555,1378235.795050,0
1770535800000,0.096530,0.096870,0.096430,0.096570,26993458,1770536699999,2610160.872340,7670,13201473,1276586.509120,0
1770536700000,0.096570,0.096850,0.096570,0.096810,19237245,1770537599999,1860774.403600,7075,8750321,846323.506330,0
1770537600000,0.096810,0.097200,0.096710,0.096870,46372676,1770538499999,4497090.525780,12242,22858250,2216406.353450,0
1770538500000,0.096870,0.098070,0.096660,0.097910,87996155,1770539399999,8575253.984630,21517,50762315,4948865.451420,0
1770539400000,0.097910,0.098760,0.097590,0.098230,140855040,1770540299999,13855236.135900,34642,77815718,7654189.369070,0
1770540300000,0.098230,0.098700,0.098160,0.098570,55049267,1770541199999,5415954.730100,17162,29018789,2854712.195050,0
1770541200000,0.098570,0.098620,0.097940,0.098010,84032455,1770542099999,8255442.083330,21732,43860365,4309673.333730,0
1770542100000,0.098020,0.098110,0.097750,0.098030,35852181,1770542999999,3512361.117580,13449,16948977,1660507.052330,0
1770543000000,0.098030,0.098290,0.097300,0.097330,60791418,1770543899999,5939230.777880,17722,28025713,2738358.057040,0
1770543900000,0.097330,0.097630,0.097280,0.097370,38215189,1770544799999,3724397.519150,10979,22117961,2155735.877940,0
1770544800000,0.097380,0.097880,0.097380,0.097480,44082276,1770545699999,4304552.295210,12993,26212512,2559805.694500,0
1770545700000,0.097490,0.097640,0.096150,0.096440,118463791,1770546599999,11462890.183370,26382,44273196,4284609.203220,0
1770546600000,0.096440,0.096770,0.096360,0.096620,39701864,1770547499999,3834567.881670,11146,20237871,1954528.923930,0
1770547500000,0.096630,0.096860,0.096560,0.096610,27533225,1770548399999,2662750.827730,7703,15085716,1458927.381340,0
1770548400000,0.096600,0.097270,0.096490,0.097220,52578866,1770549299999,5094051.745120,13476,31915815,3092202.641360,0
1770549300000,0.097210,0.097700,0.097180,0.097420,53240776,1770550199999,5184297.069500,16481,27285414,2656950.422590,0
1770550200000,0.097420,0.098470,0.097330,0.098280,98560906,1770551099999,9672626.820910,24218,54164967,5314430.652000,0
1770551100000,0.098280,0.098520,0.098120,0.098390,50274622,1770551999999,4942029.891060,16052,25168330,2474086.096070,0
1770552000000,0.098400,0.098430,0.097680,0.097720,72846114,1770552899999,7137979.336350,17781,37676697,3692310.643410,0
1770552900000,0.097730,0.098140,0.097510,0.098070,50799872,1770553799999,4968966.666520,13117,32753095,3204714.808740,0
1770553800000,0.098070,0.098350,0.097720,0.097820,54181313,1770554699999,5311250.699360,13638,25511612,2501734.203830,0
1770554700000,0.097810,0.098370,0.097710,0.098300,53871107,1770555599999,5288101.634420,14519,30153456,2960290.570620,0
1770555600000,0.098310,0.098460,0.097700,0.097770,61619957,1770556499999,6041602.134060,16588,27202117,2668095.505360,0
1770556500000,0.097780,0.098550,0.097720,0.098360,55872110,1770557399999,5489041.187860,14221,32325889,3174867.010370,0
1770557400000,0.098370,0.098390,0.097890,0.097930,41509721,1770558299999,4072753.026590,12855,16928921,1661219.358690,0
1770558300000,0.097940,0.098290,0.097940,0.098260,29174529,1770559199999,2863219.667580,9338,15815084,1551959.152860,0
1770559200000,0.098260,0.098480,0.097960,0.098040,32172187,1770560099999,3159290.050410,11382,13398946,1315966.114550,0
1770560100000,0.098040,0.098160,0.097680,0.097960,26940997,1770560999999,2636851.982760,10295,11921768,1167113.520280,0
1770561000000,0.097970,0.098350,0.097920,0.098110,28540469,1770561899999,2801710.420720,9713,13510625,1326439.351980,0
1770561900000,0.098110,0.098340,0.097990,0.098190,19082523,1770562799999,1873237.463740,6884,9986890,980402.879190,0
1770562800000,0.098190,0.098390,0.098020,0.098170,26836269,1770563699999,2634891.802840,11432,11826258,1161125.960260,0
1770563700000,0.098170,0.098170,0.096780,0.096880,117982712,1770564599999,11483039.524790,24652,46603698,4533595.716500,0
1770564600000,0.096880,0.097520,0.096820,0.097260,74654667,1770565499999,7256756.915330,17112,39906830,3879440.916370,0
1770565500000,0.097260,0.097320,0.096850,0.097270,21460262,1770566399999,2083568.236120,9258,10024241,973408.777880,0
1770566400000,0.097260,0.097670,0.097170,0.097520,50515585,1770567299999,4923890.775070,15008,28068550,2736099.656870,0
1770567300000,0.097520,0.097770,0.097340,0.097370,31070016,1770568199999,3031187.191690,10409,14994801,1463261.025680,0
1770568200000,0.097370,0.097370,0.096250,0.096360,98633512,1770569099999,9535258.116910,22027,40473448,3911345.589140,0
1770569100000,0.096360,0.096370,0.095040,0.095490,197880789,1770569999999,18914614.048890,41465,80103613,7655177.950370,0
1770570000000,0.095480,0.096360,0.095440,0.096240,66094650,1770570899999,6349331.195500,19377,36007924,3459372.512130,0
1770570900000,0.096240,0.096670,0.095870,0.096120,48823512,1770571799999,4704367.767340,15606,25610772,2467969.336100,0
1770571800000,0.096120,0.096470,0.096120,0.096390,25502249,1770572699999,2457171.667550,9374,16659915,1605161.110920,0
1770572700000,0.096380,0.096490,0.096150,0.096380,18747189,1770573599999,1805409.665910,7702,10244764,986483.333030,0
1770573600000,0.096380,0.096780,0.096300,0.096600,30766642,1770574499999,2971792.386410,11044,17560682,1696368.846400,0
1770574500000,0.096600,0.096770,0.096420,0.096580,15478750,1770575399999,1494757.783060,7455,7452283,719722.560180,0
1770575400000,0.096580,0.097930,0.096560,0.097490,97533059,1770576299999,9496915.560750,25003,52268989,5088845.289900,0
1770576300000,0.097500,0.097690,0.097240,0.097300,23620281,1770577199999,2301856.874120,10140,10265810,1000478.437630,0
1770577200000,0.097310,0.097510,0.097060,0.097280,15992072,1770578099999,1555426.914820,9972,6597441,641699.549180,0
1770578100000,0.097270,0.097570,0.097270,0.097300,13473872,1770578999999,1312635.305280,8046,6869422,669236.178870,0
1770579000000,0.097300,0.097600,0.097200,0.097600,14976646,1770579899999,1459066.715320,6791,7728529,752970.847520,0
1770579900000,0.097600,0.097860,0.097380,0.097670,31220522,1770580799999,3050245.968400,9674,13874781,1355334.883760,0
1770580800000,0.097670,0.097680,0.096930,0.097120,40477893,1770581699999,3932128.204770,13848,22173550,2153927.629930,0
1770581700000,0.097130,0.097360,0.096960,0.097150,13520493,1770582599999,1313641.993780,8756,5466872,531195.198270,0
1770582600000,0.097140,0.097160,0.096940,0.096990,12934725,1770583499999,1255541.741520,5334,5100828,495183.376720,0
1770583500000,0.097000,0.097090,0.096490,0.096650,34010308,1770584399999,3289459.426720,10011,13484211,1304176.854050,0
1770584400000,0.096650,0.096840,0.096490,0.096780,19770692,1770585299999,1911591.345370,8125,10271360,993283.039230,0
1770585300000,0.096780,0.096870,0.096660,0.096740,14729884,1770586199999,1425499.651250,6437,7653513,740704.360360,0
1770586200000,0.096750,0.096800,0.095880,0.096060,46732223,1770587099999,4494487.586170,12216,19756617,1899877.923570,0
1770587100000,0.096050,0.096350,0.095840,0.096260,38857683,1770587999999,3735068.651900,9608,22283447,2142405.912550,0
1770588000000,0.096270,0.096590,0.096270,0.096570,18255554,1770588899999,1760716.394470,8277,9738455,939238.613330,0
1770588900000,0.096560,0.096840,0.096470,0.096650,13379825,1770589799999,1293320.560670,6427,6374116,616174.262120,0
1770589800000,0.096650,0.096810,0.096380,0.096710,13839521,1770590699999,1337101.201530,5927,6827195,659476.996720,0
1770590700000,0.096700,0.097050,0.096680,0.096950,11377014,1770591599999,1102205.361020,5649,6966486,674931.338360,0
1770591600000,0.096950,0.098980,0.096930,0.097630,156452132,1770592499999,15356578.059020,44606,81620296,8013333.437640,0
1770592500000,0.097640,0.097880,0.096190,0.096510,111765286,1770593399999,10821139.051340,29941,50130670,4852190.754520,0
1770593400000,0.096510,0.096800,0.095870,0.096580,121657182,1770594299999,11717687.383970,29802,68473144,6595322.808230,0
1770594300000,0.096580,0.097180,0.096430,0.096570,52931470,1770595199999,5122983.478840,16462,24863783,2407326.132290,0
1770595200000,0.096560,0.096830,0.096370,0.096770,48340193,1770596099999,4669583.929020,18262,25129082,2427496.306730,0
1770596100000,0.096780,0.096900,0.096190,0.096240,27608866,1770596999999,2666426.322420,12640,12969203,1253035.149640,0
1770597000000,0.096230,0.096370,0.095750,0.096060,62558176,1770597899999,6009233.096420,16150,24507961,2354101.848120,0
1770597900000,0.096050,0.096500,0.095820,0.096420,27925364,1770598799999,2687904.385930,11552,12340207,1187809.606800,0
1770598800000,0.096420,0.096590,0.096060,0.096180,27182641,1770599699999,2617054.288490,11579,11131538,1071547.565470,0
1770599700000,0.096190,0.097130,0.096060,0.096670,43415930,1770600599999,4202344.303700,16376,20973605,2029698.538980,0
1770600600000,0.096670,0.096700,0.095500,0.095870,65237062,1770601499999,6263197.817100,17902,26209735,2517263.394950,0
1770601500000,0.095880,0.096340,0.095650,0.096100,56132327,1770602399999,5389717.475390,17783,26283396,2523682.284800,0
1770602400000,0.096100,0.096350,0.095870,0.096090,29135273,1770603299999,2799638.469370,12554,15623178,1501080.652660,0
1770603300000,0.096090,0.096220,0.095960,0.096220,16958658,1770604199999,1629330.412730,8165,8298587,797359.902320,0
1770604200000,0.096220,0.097500,0.096130,0.097060,83256762,1770605099999,8072607.287810,18734,44939310,4356484.404110,0
1770605100000,0.097060,0.097150,0.096570,0.096610,35800482,1770605999999,3467759.776840,11661,14838456,1437441.483120,0
1770606000000,0.096610,0.096840,0.096440,0.096520,26931599,1770606899999,2602154.493190,10314,13851109,1338232.562350,0
1770606900000,0.096520,0.096880,0.096420,0.096640,20629492,1770607799999,1993943.665960,8842,10804684,1044335.984300,0
1770607800000,0.096650,0.097320,0.096630,0.097090,42293844,1770608699999,4101607.155180,14302,23254165,2255374.483830,0
1770608700000,0.097080,0.097270,0.096910,0.097110,29547469,1770609599999,2868559.067840,11903,15969937,1550395.460980,0
1770609600000,0.097110,0.097110,0.096500,0.096530,28061093,1770610499999,2715142.943570,11220,13071160,1264829.517650,0
1770610500000,0.096520,0.096880,0.096420,0.096860,27065871,1770611399999,2616552.961100,8058,18253256,1764619.669220,0
1770611400000,0.096860,0.096860,0.096280,0.096520,26214089,1770612299999,2529603.811710,7830,12250880,1182376.277520,0
1770612300000,0.096530,0.096640,0.096320,0.096490,13312345,1770613199999,1284256.936010,5726,6146751,593068.216760,0
1770613200000,0.096480,0.096500,0.095860,0.095960,67101313,1770614099999,6451780.119730,11602,26434066,2542010.885240,0
1770614100000,0.095950,0.096320,0.095940,0.096310,19377732,1770614999999,1863422.097490,6386,11349287,1091278.439600,0
1770615000000,0.096320,0.096550,0.096250,0.096330,13620890,1770615899999,1312438.267420,5965,7502286,722941.362710,0
1770615900000,0.096330,0.096500,0.096220,0.096360,24469331,1770616799999,2357565.215460,6046,13921470,1341276.987920,0
1770616800000,0.096350,0.096350,0.095410,0.095730,81719156,1770617699999,7822214.494910,18045,28855716,2761671.284010,0
1770617700000,0.095740,0.095740,0.094820,0.095040,93150423,1770618599999,8863304.368360,18351,37483463,3566355.373580,0
1770618600000,0.095030,0.095410,0.094960,0.095320,32404360,1770619499999,3083800.478030,10625,16817931,1600806.452360,0
1770619500000,0.095330,0.095470,0.095220,0.095390,17114980,1770620399999,1632022.167760,6951,6945833,662410.802570,0
1770620400000,0.095380,0.095760,0.095140,0.095680,29175844,1770621299999,2784946.023000,11389,16772139,1601017.911620,0
1770621300000,0.095670,0.095770,0.095460,0.095560,21084920,1770622199999,2015902.327470,7663,9419318,900657.726460,0
1770622200000,0.095550,0.095590,0.095110,0.095170,33985452,1770623099999,3239637.773250,9538,13139875,1252635.626280,0
1770623100000,0.095170,0.095400,0.095020,0.095260,24691762,1770623999999,2351937.781660,8659,9992964,951860.925730,0
1770624000000,0.095270,0.095310,0.095000,0.095110,37909007,1770624899999,3608017.421340,12258,18486591,1759528.675620,0
1770624900000,0.095120,0.095150,0.094310,0.094370,86958207,1770625799999,8228976.378380,19067,35536684,3364453.865660,0
1770625800000,0.094370,0.094520,0.093660,0.094410,135848602,1770626699999,12780806.797820,28360,56528758,5320345.622870,0
1770626700000,0.094410,0.094620,0.094250,0.094250,37271669,1770627599999,3520384.654530,10420,17339977,1638291.382230,0
1770627600000,0.094250,0.094680,0.094190,0.094250,49812430,1770628499999,4704209.849930,12969,24680544,2331114.368130,0
1770628500000,0.094250,0.094430,0.094000,0.094330,35021323,1770629399999,3299289.731290,10526,18744939,1766164.677560,0
1770629400000,0.094320,0.094420,0.093800,0.093910,41078556,1770630299999,3861337.373580,11551,20244730,1903227.558770,0
1770630300000,0.093910,0.094040,0.093710,0.093880,37302887,1770631199999,3500899.621910,9839,17437675,1636796.174030,0
1770631200000,0.093880,0.094150,0.093670,0.093870,40434677,1770632099999,3798591.584450,12371,20529619,1928882.488710,0
1770632100000,0.093870,0.093920,0.093280,0.093360,89905085,1770632999999,8403306.989980,19944,42933344,4013036.237770,0
1770633000000,0.093360,0.093390,0.092390,0.092620,166696163,1770633899999,15492172.555900,32267,75766081,7041712.003980,0
1770633900000,0.092620,0.092920,0.092540,0.092820,50539691,1770634799999,4687524.160560,16296,29879797,2771710.577340,0
1770634800000,0.092820,0.093580,0.092820,0.093230,85541157,1770635699999,7983521.961580,18134,44606948,4164139.751630,0
1770635700000,0.093230,0.093430,0.093080,0.093180,31942168,1770636599999,2978934.846890,9876,15222518,1419983.334450,0
1770636600000,0.093190,0.093460,0.093070,0.093080,25929236,1770637499999,2417877.648540,9007,12749782,1189045.883570,0
1770637500000,0.093080,0.093150,0.092950,0.093140,30182648,1770638399999,2808038.597790,8459,15063731,1401597.658660,0
1770638400000,0.093150,0.093820,0.093090,0.093780,56320932,1770639299999,5266890.072310,14884,36845905,3445592.546860,0
1770639300000,0.093790,0.093950,0.093580,0.093860,35172989,1770640199999,3298357.285180,8832,22130602,2075635.480150,0
1770640200000,0.093860,0.094410,0.093790,0.094220,50676759,1770641099999,4770749.560200,12074,24978840,2351603.652250,0
1770641100000,0.094220,0.094300,0.093990,0.094090,30131644,1770641999999,2836749.854220,7788,12672258,1192984.509870,0
1770642000000,0.094100,0.094530,0.093930,0.094480,51136105,1770642899999,4821385.182430,11662,29178931,2751364.229790,0
1770642900000,0.094470,0.094520,0.094230,0.094350,27474348,1770643799999,2592665.396360,7683,10057112,949173.507950,0
1770643800000,0.094350,0.094350,0.093950,0.094080,23726961,1770644699999,2233216.314640,8989,9549805,898822.649780,0
1770644700000,0.094070,0.094120,0.093680,0.093700,43936039,1770645599999,4124012.002700,11722,17691357,1660508.092180,0
1770645600000,0.093700,0.093950,0.093500,0.093670,44578702,1770646499999,4175022.108500,15015,21554336,2018834.592480,0
1770646500000,0.093670,0.094000,0.093510,0.093870,50799625,1770647399999,4763453.812290,14975,27400757,2569334.563790,0
1770647400000,0.093880,0.094950,0.093360,0.094280,141275818,1770648299999,13292375.475380,43851,80184105,7543358.205760,0
1770648300000,0.094280,0.095130,0.094240,0.094890,112126943,1770649199999,10623803.799120,32290,54118259,5126836.764100,0
1770649200000,0.094880,0.095560,0.094800,0.094890,97203142,1770650099999,9256511.505730,28436,46267076,4406550.503690,0
1770650100000,0.094900,0.095110,0.094010,0.094080,85231016,1770650999999,8046743.911970,17977,42728639,4033112.797760,0
1770651000000,0.094090,0.095460,0.094020,0.095300,85056102,1770651899999,8074964.931490,22916,45561114,4325961.227580,0
1770651900000,0.095300,0.095490,0.094770,0.095150,43381201,1770652799999,4126441.601410,16770,19493108,1853854.948200,0
1770652800000,0.095140,0.095300,0.094280,0.094300,58362034,1770653699999,5526380.466500,19311,24570260,2326301.585530,0
1770653700000,0.094300,0.094910,0.094250,0.094840,34893464,1770654599999,3299740.738140,13484,18265371,1727369.079180,0
1770654600000,0.094840,0.095530,0.094440,0.095400,51726846,1770655499999,4909756.183560,18669,28265630,2683928.291330,0
1770655500000,0.095390,0.096370,0.095380,0.095480,121632967,1770656399999,11660356.770810,31831,74965071,7185982.372060,0
1770656400000,0.095490,0.095790,0.094650,0.094750,67793166,1770657299999,6452700.806650,21102,28983957,2758944.470220,0
1770657300000,0.094760,0.095170,0.094760,0.095170,32816088,1770658199999,3116752.594840,11522,19469618,1849487.224520,0
1770658200000,0.095160,0.096580,0.095100,0.096290,107082120,1770659099999,10287176.194520,30503,53755860,5164347.298950,0
1770659100000,0.096280,0.096430,0.095870,0.096260,43678909,1770659999999,4200726.374210,17430,21096640,2029223.004690,0
1770660000000,0.096250,0.096750,0.095990,0.096040,56248515,1770660899999,5418620.162920,20217,21273229,2050707.789410,0
1770660900000,0.096040,0.096210,0.095460,0.095700,70861933,1770661799999,6793648.833000,18016,40461414,3879708.742770,0
1770661800000,0.095700,0.096280,0.095590,0.096170,40281334,1770662699999,3868360.615490,14894,22469935,2157715.094060,0
1770662700000,0.096170,0.096530,0.095930,0.096050,27429600,1770663599999,2638537.335170,11438,13672023,1315176.936020,0
1770663600000,0.096050,0.096170,0.095770,0.095960,41834534,1770664499999,4013462.678120,11640,23762225,2280056.482300,0
1770664500000,0.095960,0.096220,0.095910,0.096120,20784428,1770665399999,1996507.787720,8732,11294295,1084967.810230,0
1770665400000,0.096110,0.096540,0.096070,0.096340,31671666,1770666299999,3050110.688590,11325,15831276,1524565.643850,0
1770666300000,0.096340,0.096500,0.096130,0.096310,21227771,1770667199999,2045000.076830,10845,10855473,1045836.386950,0
1770667200000,0.096300,0.096750,0.096030,0.096340,40850842,1770668099999,3937183.023730,14501,19533622,1882703.767720,0
1770668100000,0.096330,0.096340,0.095750,0.095880,30904449,1770668999999,2965769.417450,11628,15649511,1501712.345900,0
1770669000000,0.095890,0.096470,0.095750,0.096400,24697195,1770669899999,2374161.883860,9712,14481379,1391902.428190,0
1770669900000,0.096400,0.096550,0.096230,0.096400,22016733,1770670799999,2122250.643690,10066,9952602,959409.160700,0
1770670800000,0.096400,0.096510,0.096090,0.096140,19347754,1770671699999,1863216.490570,8921,9781688,942226.983310,0
1770671700000,0.096150,0.096220,0.095940,0.096070,17791237,1770672599999,1709558.504570,7075,7592702,729647.412900,0
1770672600000,0.096070,0.096120,0.095220,0.095560,63726886,1770673499999,6091362.741940,15247,27757546,2652530.128560,0
1770673500000,0.095550,0.096650,0.095370,0.096330,50152930,1770674399999,4819558.495170,13638,33578297,3226633.494910,0
1770674400000,0.096340,0.096630,0.096310,0.096500,37395512,1770675299999,3607501.539250,10925,15407792,1486178.595080,0
1770675300000,0.096490,0.096530,0.096120,0.096300,19237933,1770676199999,1852785.652510,6956,8154110,785337.806490,0
1770676200000,0.096300,0.096390,0.096220,0.096330,13187960,1770677099999,1270079.009790,5477,5572488,536668.873670,0
1770677100000,0.096320,0.096500,0.096240,0.096400,10411003,1770677999999,1003182.563870,5060,5752197,554241.853360,0
1770678000000,0.096400,0.096960,0.096380,0.096700,40545093,1770678899999,3921169.979970,13881,24416840,2361267.429060,0
1770678900000,0.096710,0.096770,0.096250,0.096320,24111898,1770679799999,2326466.809670,9764,9373271,904345.387570,0
1770679800000,0.096310,0.096560,0.096180,0.096400,16149432,1770680699999,1555951.309110,6696,7230758,696812.050050,0
1770680700000,0.096390,0.096390,0.095940,0.096050,24081228,1770681599999,2314659.134540,7720,9987531,959946.491320,0
1770681600000,0.096060,0.096360,0.096050,0.096210,38030064,1770682499999,3658447.574750,11348,19071976,1834630.241530,0
1770682500000,0.096220,0.096350,0.095910,0.096050,28241130,1770683399999,2714599.108770,8507,11635154,1118708.035000,0
1770683400000,0.096050,0.096260,0.095840,0.095960,21855845,1770684299999,2099187.393540,7358,9064677,870761.881390,0
1770684300000,0.095950,0.096080,0.095830,0.095940,17691411,1770685199999,1697026.551120,6502,6343506,608479.051340,0
1770685200000,0.095940,0.096250,0.095890,0.096070,19550235,1770686099999,1878436.394670,8246,9302772,893907.097140,0
1770686100000,0.096080,0.096520,0.096030,0.096390,32238830,1770686999999,3103735.423200,8684,21313745,2052074.260990,0
1770687000000,0.096390,0.096530,0.096160,0.096360,23343802,1770687899999,2248911.851080,7736,10654260,1026479.494090,0
1770687900000,0.096360,0.096440,0.096190,0.096380,17600312,1770688799999,1695141.387400,6783,8471717,816021.587610,0
1770688800000,0.096390,0.096410,0.096160,0.096240,15927692,1770689699999,1533441.062620,7027,6780953,652870.164400,0
1770689700000,0.096250,0.096400,0.095970,0.095990,16595925,1770690599999,1595587.554170,6114,7741255,744460.012690,0
1770690600000,0.096000,0.096090,0.095850,0.095870,15093564,1770691499999,1448388.738430,5989,7566634,726122.531120,0
1770691500000,0.095870,0.096090,0.095750,0.096010,17452205,1770692399999,1674286.710940,5439,10299992,988369.564800,0
1770692400000,0.096010,0.096190,0.095540,0.095830,34202115,1770693299999,3276260.409410,10933,16214540,1553648.822720,0
1770693300000,0.095820,0.095840,0.094820,0.094840,90896508,1770694199999,8655807.724710,18230,31164802,2966331.959590,0
1770694200000,0.094830,0.094890,0.094190,0.094590,89570116,1770695099999,8470390.177010,18931,38000927,3594015.114680,0
1770695100000,0.094590,0.094900,0.094530,0.094810,23618830,1770695999999,2237129.536860,7184,13825590,1309468.986520,0
1770696000000,0.094800,0.095450,0.094730,0.095450,48410057,1770696899999,4605037.394820,11278,25773995,2452325.119780,0
1770696900000,0.095450,0.095620,0.095170,0.095360,31055030,1770697799999,2962876.203250,8232,12760756,1217562.017040,0
1770697800000,0.095350,0.095350,0.095040,0.095130,16752690,1770698699999,1594415.305620,5538,6469755,615661.642910,0
1770698700000,0.095130,0.095560,0.095090,0.095400,17388566,1770699599999,1658199.761960,5295,8049553,767583.415600,0
1770699600000,0.095390,0.095510,0.095300,0.095500,17298474,1770700499999,1650087.160580,6900,8892387,848305.300440,0
1770700500000,0.095510,0.095510,0.095010,0.095030,20667183,1770701399999,1967361.825580,6553,9711853,924693.227280,0
1770701400000,0.095020,0.095290,0.094730,0.094800,28624533,1770702299999,2719288.257550,9862,12716780,1208089.845690,0
1770702300000,0.094790,0.094830,0.094420,0.094770,35907241,1770703199999,3397739.657660,10855,17833495,1687717.715440,0
1770703200000,0.094760,0.094850,0.094540,0.094640,33196701,1770704099999,3142982.405170,9662,14150917,1339749.703590,0
1770704100000,0.094650,0.094730,0.094120,0.094330,58482352,1770704999999,5519788.446480,14335,27762345,2621109.719880,0
1770705000000,0.094330,0.094470,0.093910,0.094010,52183877,1770705899999,4913912.983860,11666,20282231,1909973.369920,0
1770705900000,0.094020,0.094020,0.092880,0.093280,173781600,1770706799999,16208352.199770,34729,68600100,6395647.121550,0
1770706800000,0.093290,0.093950,0.093220,0.093600,61141579,1770707699999,5729767.165120,16501,27308365,2558744.950400,0
1770707700000,0.093600,0.093670,0.093250,0.093660,28902443,1770708599999,2701891.644600,9867,15802062,1477735.386780,0
1770708600000,0.093660,0.093740,0.093450,0.093510,25323890,1770709499999,2369161.829720,6144,14397552,1347016.450950,0
1770709500000,0.093510,0.093740,0.093420,0.093600,25010169,1770710399999,2339905.663090,7080,13151228,1230414.814800,0
1770710400000,0.093610,0.093670,0.093400,0.093460,31592078,1770711299999,2955674.531440,9471,13586329,1271261.033960,0
1770711300000,0.093460,0.093970,0.093250,0.093770,43447797,1770712199999,4067183.964110,11344,21208328,1986421.624360,0
1770712200000,0.093770,0.093890,0.093450,0.093740,41418986,1770713099999,3881093.982240,9625,20723903,1942174.277470,0
1770713100000,0.093730,0.093850,0.093590,0.093760,24575219,1770713999999,2303264.470900,7269,13446945,1260397.268550,0
1770714000000,0.093750,0.094160,0.093680,0.093760,50003835,1770714899999,4695636.543110,12380,26092918,2450471.493370,0
1770714900000,0.093760,0.093840,0.093620,0.093680,23288191,1770715799999,2182614.731510,7710,10719029,1004605.824840,0
1770715800000,0.093690,0.093740,0.093510,0.093710,20769426,1770716699999,1944854.372220,6026,8868107,830396.675280,0
1770716700000,0.093710,0.093800,0.093260,0.093520,40147387,1770717599999,3752858.696240,8059,15580050,1456338.558920,0
1770717600000,0.093530,0.093610,0.093380,0.093450,21088177,1770718499999,1971483.165030,6239,8669457,810443.147880,0
1770718500000,0.093460,0.093660,0.093190,0.093530,29136135,1770719399999,2721793.669800,7981,15233873,1423448.585670,0
1770719400000,0.093530,0.093530,0.093210,0.093270,16042106,1770720299999,1497266.073160,5913,6691217,624457.195990,0
1770720300000,0.093280,0.093350,0.093180,0.093200,19093856,1770721199999,1780331.680560,6217,7411716,691171.468160,0
1770721200000,0.093200,0.093370,0.093090,0.093200,26618222,1770722099999,2480998.497770,9192,10863615,1012554.253800,0
1770722100000,0.093200,0.093340,0.093110,0.093270,36860686,1770722999999,3437065.149090,8153,16887024,1574573.476240,0
1770723000000,0.093270,0.093420,0.092660,0.092950,65392391,1770723899999,6082304.170060,13438,23248622,2162941.493720,0
1770723900000,0.092950,0.093090,0.092750,0.092860,38116302,1770724799999,3540726.794350,11024,15408152,1431509.156290,0
1770724800000,0.092870,0.093150,0.092860,0.092910,45048595,1770725699999,4189994.886880,11564,21768970,2024776.906440,0
1770725700000,0.092910,0.093130,0.092800,0.093000,25077478,1770726599999,2331260.246700,7273,14586147,1356168.589220,0
1770726600000,0.093000,0.093140,0.092810,0.092890,31830696,1770727499999,2959296.062960,8065,16255949,1511566.934650,0
1770727500000,0.092890,0.093010,0.092810,0.092980,18223500,1770728399999,1693187.002220,6705,10073836,936003.133330,0
1770728400000,0.092980,0.093060,0.092620,0.092930,48500822,1770729299999,4504602.152270,12536,21325208,1981064.806760,0
1770729300000,0.092940,0.093250,0.092790,0.093190,29806064,1770730199999,2773874.277640,8903,18001977,1675375.104350,0
1770730200000,0.093180,0.093600,0.093080,0.093480,51506656,1770731099999,4811980.691580,13085,23349279,2181195.057670,0
1770731100000,0.093490,0.093550,0.093150,0.093340,27683939,1770731999999,2584326.573040,8679,11258717,1051056.644810,0
1770732000000,0.093340,0.093380,0.092990,0.093050,37071163,1770732899999,3451102.749820,10224,13774690,1282219.237120,0
1770732900000,0.093060,0.093720,0.093040,0.093130,79827502,1770733799999,7454549.829600,17374,43224560,4036287.527350,0
1770733800000,0.093130,0.093550,0.091620,0.092490,228586622,1770734699999,21137458.541490,46208,94223152,8714195.878730,0
1770734700000,0.092500,0.092670,0.091940,0.092460,91636881,1770735599999,8465465.712890,27636,43041732,3976520.600690,0
1770735600000,0.092460,0.093140,0.092100,0.092570,97187783,1770736499999,9003158.142320,28278,49858649,4619273.347780,0
1770736500000,0.092570,0.093430,0.092370,0.093090,62749055,1770737399999,5832163.166980,21707,26536067,2465646.445290,0
1770737400000,0.093100,0.093430,0.092920,0.093050,49868101,1770738299999,4646344.075520,20579,23427865,2182726.234650,0
1770738300000,0.093060,0.093200,0.092750,0.092980,32432058,1770739199999,3015225.050220,16306,14559796,1353598.907690,0
1770739200000,0.092980,0.093500,0.092420,0.093380,71001120,1770740099999,6590057.816190,19133,33294643,3091474.583620,0
1770740100000,0.093390,0.093510,0.092760,0.092880,55983376,1770740999999,5210497.345330,15956,30038708,2795586.802910,0
1770741000000,0.092880,0.093620,0.092720,0.093420,56168588,1770741899999,5237382.381120,16583,30926460,2883387.738730,0
1770741900000,0.093430,0.093550,0.093020,0.093410,35204343,1770742799999,3283253.731620,12328,20843584,1944111.773680,0
1770742800000,0.093400,0.093410,0.092950,0.093190,33215974,1770743699999,3095138.218660,12212,18157198,1691603.395180,0
1770743700000,0.093200,0.093880,0.093080,0.093650,73733113,1770744599999,6900173.660950,16993,45643204,4272968.825380,0
1770744600000,0.093650,0.094120,0.093550,0.093950,47503079,1770745499999,4461565.270290,15565,28358824,2663565.950270,0
1770745500000,0.093950,0.094030,0.093760,0.093940,25957605,1770746399999,2437366.268740,9402,12720556,1194488.306920,0
1770746400000,0.093950,0.094050,0.093410,0.093550,27075759,1770747299999,2537745.070560,11241,12815174,1201409.465040,0
1770747300000,0.093540,0.093780,0.092680,0.092680,55988187,1770748199999,5216632.786720,16414,24190547,2254136.166420,0
1770748200000,0.092690,0.093000,0.092380,0.092750,64832312,1770749099999,6010411.291940,18306,31023886,2876979.457970,0
1770749100000,0.092750,0.092790,0.092090,0.092580,51453831,1770749999999,4753345.524570,17039,24436139,2257550.569710,0
1770750000000,0.092570,0.092660,0.092250,0.092590,29949597,1770750899999,2770231.971520,12484,16891337,1562524.755400,0
1770750900000,0.092590,0.092600,0.092200,0.092450,26748879,1770751799999,2470831.156970,10026,16047543,1482468.096870,0
1770751800000,0.092460,0.093320,0.092450,0.093230,37480842,1770752699999,3486564.118780,13415,19353524,1800189.660750,0
1770752700000,0.093220,0.093340,0.092940,0.093000,24127965,1770753599999,2247064.594760,8405,11368319,1058859.863020,0
1770753600000,0.093010,0.093130,0.092560,0.092590,25869305,1770754499999,2402297.942310,10194,12700587,1179814.944340,0
1770754500000,0.092590,0.092910,0.092570,0.092780,22083353,1770755399999,2048946.679910,8263,12957055,1202193.446310,0
1770755400000,0.092780,0.093050,0.092520,0.092970,21017004,1770756299999,1950303.708540,9042,8016465,743978.935010,0
1770756300000,0.092980,0.093020,0.092710,0.092840,24508471,1770757199999,2275459.663970,7960,12008566,1114889.706820,0
1770757200000,0.092830,0.093060,0.092760,0.092800,13095345,1770758099999,1216646.122730,7187,6274941,583016.797980,0
1770758100000,0.092790,0.092960,0.092620,0.092620,16595120,1770758999999,1539789.999700,4954,7693819,713967.591890,0
1770759000000,0.092620,0.092630,0.092220,0.092510,36023219,1770759899999,3330450.102830,10350,19928534,1842499.459310,0
1770759900000,0.092520,0.092800,0.092440,0.092600,22695911,1770760799999,2101388.223130,5690,14668953,1357765.200970,0
1770760800000,0.092610,0.092780,0.092510,0.092620,16751367,1770761699999,1552164.184730,6266,10049465,931172.725960,0
1770761700000,0.092630,0.092840,0.092560,0.092790,15068068,1770762599999,1396739.947630,4179,6171069,572027.282690,0
1770762600000,0.092780,0.093060,0.092710,0.092870,17123626,1770763499999,1590286.569420,5277,9067293,842166.495460,0
1770763500000,0.092880,0.092880,0.092540,0.092580,10859064,1770764399999,1006436.288160,4748,4272712,395876.854520,0
1770764400000,0.092580,0.092920,0.092520,0.092710,27332103,1770765299999,2534310.627260,9465,18056040,1674542.339550,0
1770765300000,0.092710,0.092820,0.092600,0.092670,12771464,1770766199999,1183922.931840,4989,5797190,537333.567920,0
1770766200000,0.092670,0.092910,0.092640,0.092800,12437408,1770767099999,1154136.029370,4459,5781060,536345.605900,0
1770767100000,0.092800,0.092800,0.092620,0.092710,14798408,1770767999999,1371628.911610,4574,6385779,591843.314590,0
1770768000000,0.092710,0.092800,0.092610,0.092610,17409444,1770768899999,1614254.207670,6240,8081355,749389.510950,0
1770768900000,0.092620,0.092990,0.092610,0.092880,26578340,1770769799999,2466470.104760,7197,16589408,1539601.908730,0
1770769800000,0.092880,0.093030,0.092750,0.092830,14284020,1770770699999,1326851.185840,5303,7535111,699958.011840,0
1770770700000,0.092840,0.093060,0.092750,0.092910,10974902,1770771599999,1019749.301550,3823,6086036,565491.805990,0
1770771600000,0.092920,0.092980,0.092690,0.092820,17529322,1770772499999,1626980.079120,5847,9901555,918963.844880,0
1770772500000,0.092830,0.093000,0.092710,0.092780,14933376,1770773399999,1386622.989020,4811,9240913,858134.003180,0
1770773400000,0.092790,0.093090,0.092780,0.093030,16091725,1770774299999,1495190.023140,5279,10326675,959546.945240,0
1770774300000,0.093040,0.093090,0.092880,0.092940,10347249,1770775199999,962141.271220,3892,5163979,480157.568090,0
1770775200000,0.092940,0.093320,0.092940,0.093170,27176214,1770776099999,2533148.677700,7988,18487429,1723193.843750,0
1770776100000,0.093180,0.093510,0.093170,0.093500,23489763,1770776999999,2192355.583780,6188,13656366,1274849.561540,0
1770777000000,0.093510,0.093570,0.093220,0.093220,23787033,1770777899999,2221830.462860,6475,10613149,991449.457580,0
1770777900000,0.093220,0.093220,0.092950,0.092990,24540184,1770778799999,2283299.401500,6766,10468719,973968.820950,0
1770778800000,0.092990,0.093020,0.092630,0.092680,27967267,1770779699999,2596532.015710,9489,13887167,1289583.858560,0
1770779700000,0.092670,0.092810,0.092030,0.092540,80713585,1770780599999,7455670.133110,15443,35761866,3303577.780190,0
1770780600000,0.092540,0.093410,0.092470,0.093210,42122420,1770781499999,3916108.743170,11115,20420218,1898429.242110,0
1770781500000,0.093220,0.093250,0.092940,0.092950,29148559,1770782399999,2712434.810340,7384,12514788,1164782.243220,0
1770782400000,0.092950,0.093180,0.092730,0.092810,32586277,1770783299999,3029994.312400,9553,18833686,1751572.297700,0
1770783300000,0.092820,0.092920,0.092160,0.092320,56166232,1770784199999,5192102.665720,14555,22570643,2086996.120810,0
1770784200000,0.092330,0.092380,0.091570,0.091810,114307964,1770785099999,10515200.054280,23595,48025075,4418986.047710,0
1770785100000,0.091810,0.092110,0.091500,0.091850,42345755,1770785999999,3888177.218710,13013,21420448,1967186.681360,0
1770786000000,0.091860,0.092260,0.091800,0.092160,31655077,1770786899999,2913711.472670,11104,16143639,1485711.223180,0
1770786900000,0.092160,0.092290,0.091850,0.091960,23456164,1770787799999,2160199.829880,7314,11895702,1095695.935010,0
1770787800000,0.091960,0.092030,0.091610,0.091650,32723616,1770788699999,3005134.533340,9384,15001890,1378024.046740,0
1770788700000,0.091660,0.091770,0.091440,0.091570,30272843,1770789599999,2773292.419260,7765,13831319,1267455.799170,0
1770789600000,0.091580,0.091610,0.090450,0.090600,130634689,1770790499999,11886241.439160,25604,45496591,4138352.783940,0
1770790500000,0.090590,0.091230,0.090300,0.091180,114219982,1770791399999,10360573.699670,24354,62449330,5665840.560230,0
1770791400000,0.091170,0.091220,0.090650,0.090690,39987527,1770792299999,3637804.484740,11272,13966566,1270879.050750,0
1770792300000,0.090690,0.090740,0.090140,0.090370,70555521,1770793199999,6379196.793140,15287,34026968,3077439.142170,0
1770793200000,0.090360,0.090830,0.090340,0.090600,38765059,1770794099999,3510916.653530,12197,18977746,1718805.524950,0
1770794100000,0.090600,0.090640,0.090240,0.090520,30343774,1770794999999,2745372.742900,9534,15891256,1437933.167530,0
1770795000000,0.090510,0.090950,0.090440,0.090750,30988828,1770795899999,2811250.381080,9874,16624343,1508248.027160,0
1770795900000,0.090750,0.090910,0.090490,0.090490,21111387,1770796799999,1915477.210650,6993,10260222,931179.760040,0
1770796800000,0.090500,0.090570,0.090030,0.090330,64781796,1770797699999,5850611.197190,15303,27831291,2514452.908360,0
1770797700000,0.090340,0.090560,0.090170,0.090510,36390417,1770798599999,3289976.627610,9848,19920216,1801257.714350,0
1770798600000,0.090500,0.090630,0.090240,0.090410,21415638,1770799499999,1936228.894150,8320,9452559,854781.671740,0
1770799500000,0.090420,0.090490,0.090320,0.090440,14055492,1770800399999,1270844.731340,6502,6202211,560822.412000,0
1770800400000,0.090440,0.090470,0.089770,0.089880,75111493,1770801299999,6761940.310580,14234,28270770,2545031.525420,0
1770801300000,0.089880,0.090250,0.089830,0.090250,34078969,1770802199999,3070026.212460,8590,17627649,1588040.119110,0
1770802200000,0.090250,0.090390,0.089970,0.090050,24660431,1770803099999,2224502.445160,6992,9624043,868195.006170,0
1770803100000,0.090060,0.090140,0.089920,0.090020,22805577,1770803999999,2053324.084860,6547,11552312,1040176.210570,0
1770804000000,0.090020,0.090220,0.089780,0.089930,31909689,1770804899999,2870339.785540,10699,17068834,1535494.531200,0
1770804900000,0.089940,0.090130,0.089860,0.090060,18148483,1770805799999,1633383.000180,6300,9269037,834267.538700,0
1770805800000,0.090070,0.090090,0.089360,0.089500,74541850,1770806699999,6677583.438250,15857,26332013,2358465.233100,0
1770806700000,0.089500,0.089710,0.089340,0.089630,36105967,1770807599999,3231102.448210,11880,17312310,1549498.034530,0
1770807600000,0.089630,0.089920,0.089580,0.089710,27777380,1770808499999,2494260.431890,9499,15808859,1419728.401390,0
1770808500000,0.089720,0.090210,0.089620,0.090040,50982846,1770809399999,4587559.167930,10735,30955945,2785326.972110,0
1770809400000,0.090040,0.090100,0.089880,0.089930,18719060,1770810299999,1684559.851430,6854,9364210,842803.089950,0
1770810300000,0.089930,0.090290,0.089880,0.090180,24433769,1770811199999,2201973.327020,6727,14648091,1320112.154050,0
1770811200000,0.090170,0.090280,0.089820,0.089870,61574999,1770812099999,5544369.888700,13161,33101718,2980482.508730,0
1770812100000,0.089870,0.090350,0.089820,0.090180,45467682,1770812999999,4097628.031040,11181,21303051,1919332.767390,0
1770813000000,0.090190,0.090220,0.089920,0.089980,33826786,1770813899999,3047195.607410,8674,10867523,979174.848130,0
1770813900000,0.089980,0.090080,0.089830,0.090000,18395181,1770814799999,1654686.978740,6379,9908858,891293.092800,0
1770814800000,0.090000,0.090060,0.089450,0.089580,45114706,1770815699999,4045203.580630,11097,17370388,1557417.501520,0
1770815700000,0.089580,0.089860,0.089430,0.089830,38064103,1770816599999,3411812.310030,8423,18725004,1678585.264630,0
1770816600000,0.089820,0.090680,0.089610,0.089660,164437926,1770817499999,14812259.116370,37323,80558011,7256283.218570,0
1770817500000,0.089660,0.090180,0.089210,0.090100,85894707,1770818399999,7699049.541710,19433,43966167,3941358.113420,0
1770818400000,0.090100,0.092540,0.090070,0.091970,268367713,1770819299999,24509383.695050,52418,149873447,13682344.654840,0
1770819300000,0.091970,0.092060,0.090830,0.090930,123540185,1770820199999,11286704.946070,30105,58263041,5322801.529830,0
1770820200000,0.090930,0.091270,0.089560,0.089810,182601561,1770821099999,16473574.968500,48236,77928163,7034570.327210,0
1770821100000,0.089810,0.089950,0.088730,0.088980,157193788,1770821999999,14046017.243340,44541,64146265,5734609.557680,0
1770822000000,0.088990,0.089460,0.087830,0.088450,207965252,1770822899999,18413193.202610,52589,93048755,8242403.019940,0
1770822900000,0.088450,0.089070,0.088100,0.088630,161625900,1770823799999,14313930.594360,43846,100055157,8862219.355580,0
1770823800000,0.088630,0.089260,0.088490,0.089200,88596819,1770824699999,7871626.363380,30213,44004156,3909723.387300,0
1770824700000,0.089190,0.089310,0.088440,0.088960,73644456,1770825599999,6546856.815450,23534,34170790,3037713.255000,0
1770825600000,0.088960,0.090450,0.088860,0.090250,95289906,1770826499999,8541706.474300,30045,50623139,4537534.020150,0
1770826500000,0.090250,0.090500,0.089520,0.089590,87994597,1770827399999,7921499.925720,23449,42510329,3827945.444590,0
1770827400000,0.089580,0.089740,0.088910,0.089310,85654717,1770828299999,7646068.410610,23217,42882954,3829213.282660,0
1770828300000,0.089310,0.089450,0.088790,0.088870,103027946,1770829199999,9171919.076310,19215,31073144,2766680.501660,0
1770829200000,0.088870,0.089520,0.088640,0.089410,71858403,1770830099999,6399879.140590,23856,41349556,3683605.123850,0
1770830100000,0.089400,0.090530,0.089400,0.090490,82428477,1770830999999,7425799.457500,21508,46870553,4223735.233120,0
1770831000000,0.090480,0.090890,0.090190,0.090280,135012623,1770831899999,12224865.733620,23357,42600937,3857423.599990,0
1770831900000,0.090270,0.090530,0.090030,0.090090,39487259,1770832799999,3562005.136840,13890,23533611,2122887.129340,0
1770832800000,0.090090,0.090230,0.089680,0.090220,57437344,1770833699999,5163673.096190,17039,33219488,2986819.295730,0
1770833700000,0.090210,0.091150,0.090180,0.090890,62876512,1770834599999,5706427.234130,21502,31662677,2873637.847520,0
1770834600000,0.090880,0.091090,0.090690,0.090830,43747897,1770835499999,3975209.104830,13920,26526925,2410573.929000,0
1770835500000,0.090840,0.091270,0.090800,0.091050,59230391,1770836399999,5394709.378730,15515,35858430,3265987.691790,0
1770836400000,0.091050,0.091370,0.090810,0.091080,62387871,1770837299999,5681274.242390,19567,31276168,2848788.799990,0
1770837300000,0.091080,0.091260,0.090730,0.090770,35829571,1770838199999,3259824.184980,12022,17662486,1607035.927590,0
1770838200000,0.090760,0.091340,0.090560,0.091310,36966362,1770839099999,3361973.804980,11447,19106497,1738154.052260,0
1770839100000,0.091310,0.091350,0.090930,0.091010,22877074,1770839999999,2085103.836080,9704,10015812,912699.774310,0
1770840000000,0.091000,0.091000,0.090390,0.090780,39751851,1770840899999,3604742.620720,12998,18398048,1667732.314410,0
1770840900000,0.090780,0.090910,0.090260,0.090400,26621332,1770841799999,2410958.188780,9751,12073196,1093204.602500,0
1770841800000,0.090390,0.090800,0.090340,0.090750,18479402,1770842699999,1674666.651770,7540,8827151,799888.529250,0
1770842700000,0.090750,0.091260,0.090700,0.091090,32220779,1770843599999,2933834.175060,10305,18714833,1704010.385440,0
1770843600000,0.091100,0.091370,0.090880,0.091300,27906988,1770844499999,2543966.014480,10042,15226911,1388251.544930,0
1770844500000,0.091300,0.092000,0.091140,0.091930,65851106,1770845399999,6035025.280490,15767,39355019,3607123.289070,0
1770845400000,0.091940,0.092210,0.091710,0.091840,87174680,1770846299999,8015787.657050,16964,46400737,4267341.973370,0
1770846300000,0.091840,0.092090,0.091720,0.091940,79339612,1770847199999,7294962.823660,9228,25589800,2352531.622860,0
1770847200000,0.091940,0.091960,0.091570,0.091830,44625652,1770848099999,4096320.157270,11715,23381853,2146225.037760,0
1770848100000,0.091830,0.091920,0.091330,0.091530,27447734,1770848999999,2516338.056910,8469,12695278,1163848.009440,0
1770849000000,0.091530,0.091630,0.090600,0.091310,105738407,1770849899999,9638293.060380,11999,33690461,3075458.428010,0
1770849900000,0.091310,0.091380,0.090840,0.090970,30383503,1770850799999,2768052.014220,6914,14567728,1327234.038190,0
1770850800000,0.090970,0.091270,0.090760,0.090940,53018792,1770851699999,4825079.011670,13536,27177026,2473805.056240,0
1770851700000,0.090930,0.091100,0.090420,0.090650,52659660,1770852599999,4775820.692810,12202,25660381,2326932.801800,0
1770852600000,0.090650,0.091000,0.090450,0.090980,25198784,1770853499999,2285597.520670,8001,14248861,1292163.654050,0
1770853500000,0.090980,0.091260,0.090880,0.091070,50725813,1770854399999,4620946.602080,8619,23414048,2132482.719220,0
1770854400000,0.091060,0.091570,0.091060,0.091400,49571829,1770855299999,4528249.232330,11515,31173822,2847595.674940,0
1770855300000,0.091410,0.091590,0.091160,0.091280,37372158,1770856199999,3413762.539950,9027,19241614,1757887.578930,0
1770856200000,0.091290,0.091850,0.091240,0.091660,28963027,1770857099999,2652543.138790,7754,19787818,1812286.345530,0
1770857100000,0.091660,0.091780,0.091480,0.091500,17738282,1770857999999,1624783.334030,5841,7690866,704505.891310,0
1770858000000,0.091510,0.091770,0.091510,0.091730,19870488,1770858899999,1820665.894340,7787,10651406,976001.697490,0
1770858900000,0.091720,0.091970,0.091600,0.091740,25152284,1770859799999,2308606.304380,8422,10903767,1000668.530210,0
1770859800000,0.091740,0.091940,0.091600,0.091630,30605566,1770860699999,2808611.622560,8816,17201180,1578690.819630,0
1770860700000,0.091630,0.091660,0.091470,0.091490,21156709,1770861599999,1937133.761250,6459,7882403,721822.396630,0
1770861600000,0.091480,0.091860,0.091450,0.091530,30623793,1770862499999,2805785.122590,9408,12753357,1168040.248410,0
1770862500000,0.091520,0.091560,0.091300,0.091410,46215069,1770863399999,4224852.442890,8817,16146234,1475931.681930,0
1770863400000,0.091400,0.091920,0.091370,0.091840,23833817,1770864299999,2186353.633040,7469,13886165,1273712.641870,0
1770864300000,0.091840,0.091860,0.091560,0.091590,12433141,1770865199999,1140269.109420,5058,6162465,565209.547970,0
1770865200000,0.091580,0.091890,0.091490,0.091810,15159381,1770866099999,1390446.294110,6413,6602514,605704.957420,0
1770866100000,0.091800,0.091830,0.091480,0.091740,30788235,1770866999999,2822453.696200,6554,8826968,809533.335120,0
1770867000000,0.091740,0.092100,0.091690,0.092060,33064737,1770867899999,3040674.326590,6945,18883117,1736882.808710,0
1770867900000,0.092060,0.092260,0.091940,0.092110,20618174,1770868799999,1899302.507880,6738,12509823,1152564.443030,0
1770868800000,0.092120,0.092190,0.091960,0.092080,21421208,1770869699999,1972150.920440,8317,10969703,1009892.547300,0
1770869700000,0.092080,0.092110,0.091760,0.091850,18406536,1770870599999,1691339.264800,6893,7926638,728321.014700,0
1770870600000,0.091850,0.092150,0.091630,0.092090,41308903,1770871499999,3797737.701640,9335,17123795,1574984.886260,0
1770871500000,0.092080,0.092150,0.091790,0.091810,42186286,1770872399999,3878813.335480,9127,20531765,1887767.787280,0
1770872400000,0.091800,0.091990,0.091510,0.091580,33653107,1770873299999,3089688.235710,10450,13917102,1277800.799400,0
1770873300000,0.091580,0.091850,0.091430,0.091750,63638635,1770874199999,5831659.018830,11069,21952220,2011995.769360,0
1770874200000,0.091740,0.092120,0.091680,0.092020,35032581,1770875099999,3222842.306250,8474,20272383,1864977.535970,0
1770875100000,0.092010,0.092080,0.091910,0.091970,14524589,1770875999999,1336224.551150,5072,6432370,591821.635950,0
1770876000000,0.091960,0.092410,0.091930,0.092320,26230991,1770876899999,2417880.548650,9587,18300645,1687125.009490,0
1770876900000,0.092310,0.092950,0.092190,0.092860,67854203,1770877799999,6286295.399150,15512,41361938,3831903.483560,0
1770877800000,0.092850,0.092910,0.092490,0.092640,52108998,1770878699999,4828770.937830,11603,20132482,1865573.437230,0
1770878700000,0.092640,0.092750,0.092420,0.092610,47237644,1770879599999,4372365.936190,9431,21737687,2012468.897630,0
1770879600000,0.092610,0.092650,0.092410,0.092540,31982171,1770880499999,2958539.427650,8254,14898006,1378031.677950,0
1770880500000,0.092540,0.092940,0.092420,0.092810,22158079,1770881399999,2053554.769250,7227,10572740,980264.062920,0
1770881400000,0.092810,0.092990,0.092760,0.092790,19283330,1770882299999,1790903.370360,6632,9113105,846435.923150,0
1770882300000,0.092800,0.092920,0.092660,0.092870,16276318,1770883199999,1510130.310800,6383,7627212,707695.196140,0
1770883200000,0.092880,0.093150,0.092840,0.092960,36841506,1770884099999,3425487.770180,12798,20180606,1876436.701500,0
1770884100000,0.092960,0.092980,0.092590,0.092650,36299085,1770884999999,3368886.331440,9938,13080596,1214002.065710,0
1770885000000,0.092650,0.092740,0.092390,0.092400,33419769,1770885899999,3094802.628330,9566,15268470,1414158.349460,0
1770885900000,0.092410,0.092680,0.092350,0.092550,18163731,1770886799999,1680736.068330,6137,9461653,875638.920460,0
1770886800000,0.092560,0.092830,0.092450,0.092710,22841602,1770887699999,2115201.787800,7857,12218485,1131678.040930,0
1770887700000,0.092710,0.092970,0.092690,0.092880,18276365,1770888599999,1696454.337470,6328,9048596,839948.217160,0
1770888600000,0.092880,0.093390,0.092850,0.093240,45518005,1770889499999,4242709.168040,9812,28304949,2638095.400100,0
1770889500000,0.093240,0.093630,0.093230,0.093410,56053990,1770890399999,5236394.899570,11746,24987374,2334308.440020,0
1770890400000,0.093400,0.093550,0.093270,0.093360,24797698,1770891299999,2316646.614950,10479,11801663,1102594.717930,0
1770891300000,0.093350,0.093400,0.093110,0.093400,17057714,1770892199999,1590493.960060,6995,8991491,838549.110710,0
1770892200000,0.093400,0.093680,0.093290,0.093330,25893980,1770893099999,2421096.930980,8757,11260181,1052756.445880,0
1770893100000,0.093330,0.094020,0.093280,0.094010,56914424,1770893999999,5335999.069370,13038,33291353,3120882.150580,0
1770894000000,0.094010,0.094140,0.093580,0.093660,50012600,1770894899999,4694482.260210,14284,22889429,2148909.613810,0
1770894900000,0.093660,0.094160,0.093590,0.094050,33326690,1770895799999,3128081.919710,10322,21524801,2020320.394970,0
1770895800000,0.094060,0.094220,0.093830,0.093890,37216062,1770896699999,3499779.683040,8200,16341839,1537116.536590,0
1770896700000,0.093900,0.094020,0.093750,0.093830,14110206,1770897599999,1324398.045210,5702,6197061,581747.255620,0
1770897600000,0.093820,0.093920,0.093560,0.093780,55390198,1770898499999,5190757.366300,10945,24735553,2318605.637620,0
1770898500000,0.093780,0.093870,0.093670,0.093720,18865681,1770899399999,1768737.796170,6504,8624681,808713.915140,0
1770899400000,0.093720,0.093730,0.093390,0.093480,28485740,1770900299999,2663514.423550,7928,11626457,1087008.610160,0
1770900300000,0.093470,0.093750,0.093280,0.093530,38075737,1770901199999,3558878.516200,9800,22986504,2149131.948010,0
1770901200000,0.093530,0.093870,0.093350,0.093790,38417232,1770902099999,3596436.887250,10978,26952647,2523704.453830,0
1770902100000,0.093790,0.093830,0.092960,0.093300,121518671,1770902999999,11331062.046350,15965,51443272,4796897.987530,0
1770903000000,0.093300,0.094330,0.093290,0.094120,95009767,1770903899999,8926398.309280,20637,56681058,5326024.178680,0
1770903900000,0.094120,0.094310,0.093970,0.094220,41400130,1770904799999,3897664.969460,11342,23717437,2233101.262770,0
1770904800000,0.094210,0.094250,0.093680,0.093930,41331061,1770905699999,3880695.962340,12471,20191805,1895705.813500,0
1770905700000,0.093930,0.093980,0.093690,0.093940,26562722,1770906599999,2492063.614780,9364,14731209,1381991.757070,0
1770906600000,0.093940,0.094540,0.093740,0.093830,91900098,1770907499999,8646739.028280,29018,40440386,3806510.752170,0
1770907500000,0.093820,0.094370,0.093670,0.093930,57115911,1770908399999,5371542.803890,20125,28731562,2702640.380680,0
1770908400000,0.093930,0.094200,0.093160,0.093800,104665960,1770909299999,9799159.595520,30451,51861009,4854730.903110,0
1770909300000,0.093790,0.094450,0.093690,0.094320,68920566,1770910199999,6484123.909750,21375,40555029,3814865.686440,0
1770910200000,0.094320,0.094500,0.093370,0.093810,73270953,1770911099999,6875086.199260,19122,44560851,4180242.472930,0
1770911100000,0.093820,0.094010,0.093120,0.093190,48633703,1770911999999,4543922.316580,16271,26238790,2451345.475670,0
1770912000000,0.093190,0.093700,0.092090,0.092190,211918168,1770912899999,19672047.827290,41370,98153287,9114101.596190,0
1770912900000,0.092180,0.092550,0.091200,0.091400,200034339,1770913799999,18369467.055450,40864,97925878,8992092.503200,0
1770913800000,0.091400,0.092340,0.091050,0.091970,199635233,1770914699999,18313550.653690,38877,77718754,7127454.917690,0
1770914700000,0.091970,0.092120,0.090970,0.091360,97596276,1770915599999,8926810.962620,27985,40350736,3691708.359070,0
1770915600000,0.091360,0.092020,0.091230,0.091580,87448425,1770916499999,8011135.322390,26163,40750162,3732244.424640,0
1770916500000,0.091580,0.092170,0.091340,0.091790,67488501,1770917399999,6200125.573180,21015,29768686,2734413.670980,0
1770917400000,0.091790,0.092070,0.091480,0.091740,43375783,1770918299999,3978638.816700,17442,19626293,1800828.912520,0
1770918300000,0.091740,0.091800,0.091320,0.091400,40334461,1770919199999,3690083.187470,14366,20058028,1835268.761390,0
1770919200000,0.091390,0.092030,0.091310,0.091880,46076832,1770920099999,4227056.697420,17121,22795878,2091303.268500,0
1770920100000,0.091880,0.091910,0.091100,0.091170,46461256,1770920999999,4245048.019300,16313,21804585,1992627.453950,0
1770921000000,0.091160,0.091540,0.090790,0.091300,88860879,1770921899999,8094670.113780,17873,27460182,2503940.009360,0
1770921900000,0.091310,0.091670,0.091220,0.091320,37360492,1770922799999,3417596.725250,14426,20830402,1905564.656490,0
1770922800000,0.091320,0.091450,0.090720,0.090960,42040499,1770923699999,3827831.467840,15093,20431083,1860559.752320,0
1770923700000,0.090950,0.092130,0.090850,0.091860,116737159,1770924599999,10676283.711810,19275,78657241,7188246.080140,0
1770924600000,0.091850,0.092310,0.091800,0.091920,37384400,1770925499999,3440535.553310,14088,15512857,1427757.538600,0
1770925500000,0.091920,0.092150,0.091530,0.091640,30296726,1770926399999,2782100.147940,10224,13408209,1231577.076260,0
1770926400000,0.091630,0.091820,0.090970,0.091170,37090468,1770927299999,3388129.652540,14794,17132532,1564698.003430,0
1770927300000,0.091170,0.091390,0.090930,0.091160,24399905,1770928199999,2223572.193100,9613,12530643,1141914.023800,0
1770928200000,0.091150,0.091320,0.090930,0.091160,23632789,1770929099999,2154048.108310,9835,9772395,890653.204960,0
1770929100000,0.091170,0.091200,0.090630,0.090920,37308978,1770929999999,3390437.625320,11664,18552729,1686445.196210,0
1770930000000,0.090910,0.091270,0.090910,0.091150,21890334,1770930899999,1994160.839650,10439,13073226,1190874.328100,0
1770930900000,0.091150,0.091460,0.090980,0.091100,18736005,1770931799999,1707924.109570,6976,9086489,828598.531250,0
1770931800000,0.091110,0.091570,0.091030,0.091490,29754705,1770932699999,2718848.452560,7566,19690700,1799398.632680,0
1770932700000,0.091500,0.091710,0.091380,0.091550,24952640,1770933599999,2284449.148950,6244,15063113,1379288.679590,0
1770933600000,0.091540,0.091760,0.091420,0.091520,24026929,1770934499999,2200581.939280,7655,14225877,1302981.747200,0
1770934500000,0.091520,0.091800,0.091330,0.091780,19090149,1770935399999,1748113.613030,6255,11677808,1069639.458310,0
1770935400000,0.091790,0.092190,0.091690,0.092160,31618610,1770936299999,2906591.726980,8064,17330415,1593108.800440,0
1770936300000,0.092170,0.092730,0.092160,0.092590,47385397,1770937199999,4379990.069820,10818,27498215,2541859.210090,0
1770937200000,0.092590,0.093070,0.092400,0.092830,97611448,1770938099999,9056616.034080,17482,40617383,3767849.043060,0
1770938100000,0.092830,0.093410,0.092620,0.093210,55195232,1770938999999,5140613.316060,12933,29936337,2789272.773900,0
1770939000000,0.093210,0.093420,0.093020,0.093100,56237956,1770939899999,5241097.969300,12962,18772856,1749592.857790,0
1770939900000,0.093100,0.093180,0.092900,0.092960,25081590,1770940799999,2333582.909530,7881,10701868,995733.266680,0
1770940800000,0.092960,0.093280,0.092760,0.092760,51047779,1770941699999,4748004.662130,13597,20143245,1874178.320010,0
1770941700000,0.092760,0.092780,0.092520,0.092640,43487494,1770942599999,4029611.042170,9816,14543781,1347547.979750,0
1770942600000,0.092630,0.092690,0.092230,0.092240,39824646,1770943499999,3680561.847980,9995,16515893,1526766.266420,0
1770943500000,0.092250,0.092420,0.092080,0.092280,38756893,1770944399999,3574688.732580,8807,26030335,2401413.120010,0
1770944400000,0.092270,0.092640,0.092240,0.092600,23869095,1770945299999,2206847.717780,8956,16035536,1482621.578370,0
1770945300000,0.092600,0.092660,0.092280,0.092470,24213260,1770946199999,2238774.160090,7223,13865985,1281968.344230,0
1770946200000,0.092480,0.092790,0.092460,0.092620,19175259,1770947099999,1776344.700810,7276,11454492,1061155.193730,0
1770947100000,0.092620,0.092830,0.092360,0.092460,19647703,1770947999999,1820553.377330,7165,13126450,1216496.324020,0
1770948000000,0.092470,0.092710,0.092380,0.092600,16840763,1770948899999,1558653.039100,7335,11020988,1019970.023090,0
1770948900000,0.092590,0.092670,0.092310,0.092520,19923790,1770949799999,1843836.604580,6624,10280163,951366.723330,0
1770949800000,0.092520,0.092570,0.092280,0.092530,16239373,1770950699999,1501159.080280,5628,8161897,754643.325340,0
1770950700000,0.092520,0.092980,0.092490,0.092820,19902249,1770951599999,1846696.814580,7359,10095111,936827.510910,0
1770951600000,0.092830,0.092920,0.092610,0.092690,23485574,1770952499999,2178575.105890,8565,10862525,1007584.852930,0
1770952500000,0.092690,0.092990,0.092610,0.092930,18828995,1770953399999,1746840.871600,7151,10986530,1019193.435400,0
1770953400000,0.092920,0.093340,0.092920,0.092960,39399451,1770954299999,3670571.260580,12054,19608599,1826917.325170,0
1770954300000,0.092950,0.093050,0.092800,0.092910,22046670,1770955199999,2048906.175900,6519,14156148,1315723.706960,0
1770955200000,0.092910,0.092910,0.092440,0.092560,27794908,1770956099999,2574079.478800,9914,14016311,1297810.802700,0
1770956100000,0.092560,0.092740,0.092360,0.092620,18456584,1770956999999,1708854.107300,7016,9863430,913243.889550,0
1770957000000,0.092620,0.092760,0.092480,0.092520,17681828,1770957899999,1637839.436490,5602,9730927,901373.224250,0
1770957900000,0.092520,0.092640,0.092460,0.092500,15117126,1770958799999,1399107.059730,5026,7584766,702054.665890,0
1770958800000,0.092500,0.092660,0.092220,0.092250,23553008,1770959699999,2176445.864060,9120,9017517,833478.232230,0
1770959700000,0.092260,0.092500,0.092170,0.092320,14094627,1770960599999,1301565.420250,6091,5433502,501829.069150,0
1770960600000,0.092320,0.092540,0.092250,0.092520,13511216,1770961499999,1248687.041800,6113,8127395,751157.179800,0
1770961500000,0.092520,0.092560,0.091980,0.091980,23764251,1770962399999,2193158.488510,7344,6883754,635753.441810,0
1770962400000,0.091980,0.092330,0.091950,0.092240,24264522,1770963299999,2234880.122620,8059,12740972,1173507.520610,0
1770963300000,0.092250,0.092470,0.091850,0.091890,28201537,1770964199999,2596969.843420,9013,11633511,1071725.607350,0
1770964200000,0.091890,0.092050,0.091740,0.091990,31591657,1770965099999,2903635.236200,8150,16662280,1531814.146910,0
1770965100000,0.091990,0.092510,0.091930,0.092450,22125001,1770965999999,2040684.258350,7727,11916771,1099273.738060,0
1770966000000,0.092450,0.093380,0.092440,0.093340,58189281,1770966899999,5409770.662870,15667,38068058,3538498.364010,0
1770966900000,0.093340,0.093460,0.093120,0.093230,47086141,1770967799999,4392996.699680,11624,32318378,3015159.902240,0
1770967800000,0.093220,0.093260,0.092910,0.093010,34232727,1770968699999,3186975.286610,9425,14559022,1355242.435150,0
1770968700000,0.093000,0.093170,0.092880,0.093000,23625756,1770969599999,2197637.273810,7588,11247942,1046479.460780,0
1770969600000,0.093010,0.093390,0.092940,0.093210,29738540,1770970499999,2770334.782590,9870,14946718,1392276.730520,0
1770970500000,0.093210,0.093640,0.093160,0.093540,33252760,1770971399999,3105442.189860,10184,19420733,1813943.588700,0
1770971400000,0.093540,0.093650,0.093280,0.093410,29611036,1770972299999,2768281.744290,9290,12417968,1160964.867200,0
1770972300000,0.093400,0.093980,0.093400,0.093850,45005494,1770973199999,4220000.834090,13017,26907147,2522499.937100,0
1770973200000,0.093840,0.093860,0.093280,0.093390,34862255,1770974099999,3261365.232360,11755,18181703,1700827.387670,0
1770974100000,0.093380,0.093720,0.093380,0.093720,21968875,1770974999999,2055591.290660,7680,11036139,1032470.967880,0
1770975000000,0.093720,0.093770,0.093510,0.093540,29912173,1770975899999,2802165.469200,7530,12360207,1157693.463400,0
1770975900000,0.093530,0.093720,0.093530,0.093610,19993797,1770976799999,1872113.580300,6077,10909315,1021543.926010,0
1770976800000,0.093600,0.093660,0.093430,0.093540,18461607,1770977699999,1727100.091160,8774,9550893,893608.490430,0
1770977700000,0.093530,0.093860,0.093510,0.093710,23768543,1770978599999,2226847.591860,8260,11702768,1096391.572670,0
1770978600000,0.093710,0.094070,0.093650,0.093880,28795883,1770979499999,2704279.535700,8654,17409252,1635097.272430,0
1770979500000,0.093870,0.093960,0.093760,0.093870,20366863,1770980399999,1911661.689670,7020,10648775,999513.449050,0
1770980400000,0.093860,0.094060,0.093760,0.093890,20248976,1770981299999,1901311.603370,8485,8460382,794377.823380,0
1770981300000,0.093880,0.094010,0.093770,0.093960,20329335,1770982199999,1908730.307870,7732,11455739,1075608.436930,0
1770982200000,0.093950,0.093980,0.093570,0.093930,37167823,1770983099999,3484525.528020,9367,20787247,1949015.876290,0
1770983100000,0.093920,0.094050,0.093810,0.093940,20069673,1770983999999,1885374.869830,6695,11852324,1113462.587810,0
1770984000000,0.093930,0.093940,0.093340,0.093370,43358921,1770984899999,4055545.730460,10639,14491354,1354917.900440,0
1770984900000,0.093360,0.093580,0.093340,0.093450,21568567,1770985799999,2016045.805040,6664,11195702,1046507.830580,0
1770985800000,0.093450,0.093520,0.093290,0.093350,23519685,1770986699999,2197071.586840,7333,10899992,1018378.056450,0
1770986700000,0.093350,0.093570,0.093330,0.093390,17670579,1770987599999,1651244.746240,6028,8420829,787129.838880,0
1770987600000,0.093380,0.093550,0.093160,0.093390,26037288,1770988499999,2431116.000260,8551,10017621,935566.606930,0
1770988500000,0.093380,0.093970,0.093370,0.093810,51440239,1770989399999,4820769.032590,11061,31391574,2942041.917390,0
1770989400000,0.093810,0.094330,0.093420,0.093510,150284079,1770990299999,14108583.461840,24793,96048988,9019187.409390,0
1770990300000,0.093500,0.093830,0.093410,0.093540,38653613,1770991199999,3619786.015300,11231,19412421,1818362.373340,0
1770991200000,0.093540,0.093540,0.092870,0.092900,73005420,1770992099999,6800678.759580,16402,31666508,2949569.117820,0
1770992100000,0.092900,0.093500,0.092900,0.093390,114407127,1770992999999,10666581.014570,15042,43343258,4040166.280540,0
1770993000000,0.093390,0.094140,0.093060,0.093770,133139404,1770993899999,12464757.920610,36578,66764732,6252462.275260,0
1770993900000,0.093770,0.094430,0.093720,0.093910,133265506,1770994799999,12537828.322580,34062,65597987,6172055.519160,0
1770994800000,0.093920,0.095490,0.093770,0.094970,160341787,1770995699999,15179010.094530,42562,91160507,8633571.675920,0
1770995700000,0.094980,0.096070,0.094590,0.095930,153448579,1770996599999,14627327.693010,39965,81614820,7783897.825890,0
1770996600000,0.095940,0.096620,0.095430,0.095480,225401616,1770997499999,21652732.714700,39685,144568898,13892135.883970,0
1770997500000,0.095470,0.095520,0.094920,0.095280,104188177,1770998399999,9916200.616020,23301,53757329,5116885.639380,0
1770998400000,0.095280,0.096120,0.094930,0.095940,164236336,1770999299999,15716307.426730,31353,71263672,6814263.506490,0
1770999300000,0.095950,0.096460,0.095730,0.096260,73613789,1771000199999,7070018.681440,20171,33470696,3215460.767780,0
1771000200000,0.096270,0.096850,0.096090,0.096550,93302522,1771001099999,9007617.852870,23668,45558723,4399310.009040,0
1771001100000,0.096560,0.096720,0.096140,0.096350,34412929,1771001999999,3318472.723190,13227,15003335,1446917.138440,0
1771002000000,0.096340,0.096380,0.095870,0.096300,46307232,1771002899999,4448789.552900,16781,20263197,1947312.179310,0
1771002900000,0.096300,0.096860,0.096190,0.096600,60230483,1771003799999,5817832.643310,16381,31917573,3082337.158990,0
1771003800000,0.096610,0.096770,0.096520,0.096520,31414022,1771004699999,3036332.175990,11109,15137563,1463314.179600,0
1771004700000,0.096520,0.096640,0.096200,0.096240,27650886,1771005599999,2664257.397310,10165,13465823,1297605.322370,0
1771005600000,0.096240,0.096270,0.095870,0.095940,43579366,1771006499999,4185878.893220,13701,21701079,2084481.536730,0
1771006500000,0.095940,0.096200,0.095740,0.095930,27966847,1771007399999,2683874.630710,10033,15082331,1447542.244280,0
1771007400000,0.095930,0.096530,0.095880,0.096360,41847610,1771008299999,4028876.903310,12039,27015750,2600881.943710,0
1771008300000,0.096370,0.096700,0.096330,0.096510,41827016,1771009199999,4036881.247930,10953,20966706,2023502.491380,0
1771009200000,0.096520,0.096950,0.096420,0.096730,39157978,1771010099999,3784781.133070,11222,25317100,2447493.321220,0
1771010100000,0.096720,0.096910,0.096400,0.096400,30219259,1771010999999,2922816.225480,8853,16814226,1626455.195530,0
1771011000000,0.096410,0.096570,0.096260,0.096360,28324118,1771011899999,2731453.241130,10460,14384522,1387267.401880,0
1771011900000,0.096370,0.096570,0.096290,0.096310,26672647,1771012799999,2571972.877890,7375,14732612,1420731.817430,0
1771012800000,0.096310,0.096440,0.095930,0.096240,84740648,1771013699999,8151557.150010,14601,30739574,2958653.948330,0
1771013700000,0.096240,0.096500,0.096120,0.096470,34987505,1771014599999,3370408.424730,9812,16221258,1562866.809480,0
1771014600000,0.096470,0.096620,0.096290,0.096550,33310641,1771015499999,3212685.023820,8881,17854821,1722180.753780,0
1771015500000,0.096540,0.096890,0.096460,0.096790,55287351,1771016399999,5346627.475440,10628,34459829,3332472.153680,0
1771016400000,0.096790,0.097710,0.096780,0.097420,138739681,1771017299999,13496800.877200,21477,92439328,8992964.431430,0
1771017300000,0.097420,0.097600,0.097190,0.097270,35524038,1771018199999,3458951.506120,9217,17586797,1712440.421300,0
1771018200000,0.097270,0.097370,0.096990,0.097110,36503361,1771019099999,3547359.767910,8737,17638064,1714358.232580,0
1771019100000,0.097100,0.097110,0.096760,0.097010,31905915,1771019999999,3093411.986730,7990,14956190,1449991.220730,0
1771020000000,0.097010,0.097370,0.096870,0.096880,37085334,1771020899999,3602325.129200,9915,15691781,1524205.361660,0
1771020900000,0.096870,0.097020,0.096750,0.096920,16849611,1771021799999,1632860.513840,5965,9476657,918430.223080,0
1771021800000,0.096920,0.097010,0.096700,0.096950,18098071,1771022699999,1752810.380120,5577,8951089,867170.638690,0
1771022700000,0.096950,0.097110,0.096840,0.097050,15587649,1771023599999,1511431.758570,6117,6848567,664121.789560,0
1771023600000,0.097050,0.097060,0.096710,0.096720,16349233,1771024499999,1583508.561090,8050,7222877,699546.916240,0
1771024500000,0.096720,0.096920,0.096530,0.096680,46678480,1771025399999,4512144.382440,8400,24297849,2348324.545330,0
1771025400000,0.096680,0.096770,0.096490,0.096520,20982931,1771026299999,2027463.557530,6552,9534349,921405.041440,0
1771026300000,0.096520,0.096700,0.096390,0.096630,19189543,1771027199999,1852767.028140,6319,7985199,771100.104420,0
1771027200000,0.096620,0.096750,0.096380,0.096590,28667818,1771028099999,2768628.576080,9269,12621371,1219173.340640,0
1771028100000,0.096590,0.096690,0.096340,0.096520,17635325,1771028999999,1701896.576040,6385,9741932,940329.828960,0
1771029000000,0.096520,0.096830,0.096500,0.096780,27550840,1771029899999,2663727.129100,7443,15237644,1473227.816530,0
1771029900000,0.096790,0.096930,0.096680,0.096770,30761110,1771030799999,2978020.222900,7213,14914423,1443963.636330,0
1771030800000,0.096780,0.096820,0.096500,0.096800,23752890,1771031699999,2295298.655780,7494,13616757,1315850.214610,0
1771031700000,0.096810,0.097030,0.096590,0.096720,23715181,1771032599999,2295656.676930,7298,12292913,1190363.343190,0
1771032600000,0.096710,0.096710,0.096480,0.096610,13813687,1771033499999,1334266.506970,5247,5798818,560116.857660,0
1771033500000,0.096610,0.096690,0.096560,0.096620,8187429,1771034399999,791087.077840,3725,3725632,359971.983400,0
1771034400000,0.096610,0.096620,0.096430,0.096510,15802218,1771035299999,1524895.037650,5567,6313942,609271.932220,0
1771035300000,0.096500,0.096530,0.096250,0.096390,26295858,1771036199999,2534439.739490,5959,13216055,1274006.575320,0
1771036200000,0.096400,0.096680,0.096360,0.096670,17586740,1771037099999,1698142.733090,5423,8436256,814629.775190,0
1771037100000,0.096670,0.096700,0.096530,0.096550,11334758,1771037999999,1094977.196390,3862,4669165,451070.034890,0
1771038000000,0.096550,0.096590,0.096430,0.096540,14114258,1771038899999,1362286.811790,6263,5483062,529211.131520,0
1771038900000,0.096530,0.096730,0.096380,0.096650,12571962,1771039799999,1214031.387550,5334,7224960,697784.118590,0
1771039800000,0.096650,0.096980,0.096650,0.096880,33697508,1771040699999,3263334.066290,7191,19600929,1898253.217470,0
1771040700000,0.096880,0.096930,0.096750,0.096810,16073545,1771041599999,1556463.616800,5018,8672037,839727.588030,0
1771041600000,0.096800,0.096820,0.096550,0.096610,15531112,1771042499999,1500979.611950,6109,6851442,662120.596740,0
1771042500000,0.096600,0.096810,0.096530,0.096790,13019268,1771043399999,1258093.131180,4624,7046941,681091.391530,0
1771043400000,0.096800,0.096870,0.096670,0.096790,10361485,1771044299999,1002876.324700,4001,5322561,515195.043150,0
1771044300000,0.096800,0.096830,0.096650,0.096660,10621879,1771045199999,1027699.432020,3410,4926110,476650.446400,0
1771045200000,0.096650,0.096880,0.096590,0.096850,18845124,1771046099999,1822740.967180,6636,11339881,1096821.508730,0
1771046100000,0.096850,0.097010,0.096790,0.096810,13310985,1771046999999,1289965.027220,4683,7322063,709648.142800,0
1771047000000,0.096800,0.096810,0.096590,0.096640,12174590,1771047899999,1176957.560580,3610,5782759,558999.737940,0
1771047900000,0.096640,0.096840,0.096620,0.096670,13551624,1771048799999,1310602.303900,4372,6240282,603520.440860,0
1771048800000,0.096660,0.096770,0.096420,0.096660,38287748,1771049699999,3696962.900010,8047,12555135,1212728.266210,0
1771049700000,0.096650,0.096760,0.096440,0.096470,15043486,1771050599999,1452662.342070,4745,6005973,580084.874220,0
1771050600000,0.096460,0.096570,0.096370,0.096440,11316769,1771051499999,1091748.609210,3617,5504057,531016.547420,0
1771051500000,0.096430,0.096530,0.096350,0.096510,10785714,1771052399999,1040191.112020,3629,6345402,611960.645890,0
1771052400000,0.096520,0.096620,0.096460,0.096550,8861377,1771053299999,855567.998830,4668,3889302,375499.423460,0
1771053300000,0.096560,0.096610,0.096420,0.096560,10890763,1771054199999,1051044.078410,3713,4478581,432225.366650,0
1771054200000,0.096570,0.096640,0.096410,0.096600,16610068,1771055099999,1603073.160720,4755,9170742,885070.553030,0
1771055100000,0.096590,0.096660,0.096420,0.096500,20506574,1771055999999,1979809.915930,6539,9254861,893609.727020,0
1771056000000,0.096500,0.097100,0.096470,0.096870,89517210,1771056899999,8664078.023170,15703,52851075,5114155.100490,0
1771056900000,0.096880,0.097000,0.096710,0.096880,31097721,1771057799999,3012933.606920,8632,12243737,1186074.632580,0
1771057800000,0.096880,0.097420,0.096850,0.097390,58971049,1771058699999,5733713.742470,11009,32092217,3120100.440370,0
1771058700000,0.097400,0.097730,0.097240,0.097620,55011009,1771059599999,5363212.049640,12634,32607463,3179906.567870,0
1771059600000,0.097630,0.097710,0.097440,0.097490,48617428,1771060499999,4744161.000180,11566,25675229,2505656.402300,0
1771060500000,0.097490,0.097670,0.097370,0.097430,22259712,1771061399999,2169916.557590,7405,10021916,976974.287910,0
1771061400000,0.097440,0.097960,0.097370,0.097720,60855260,1771062299999,5945745.663040,12133,37292926,3643540.155710,0
1771062300000,0.097730,0.098280,0.097670,0.098150,72096380,1771063199999,7065254.975480,13877,42292716,4144686.118960,0
1771063200000,0.098160,0.098160,0.097580,0.097930,42780262,1771064099999,4182863.698880,11515,18901546,1847553.842760,0
1771064100000,0.097930,0.098060,0.097820,0.097990,23900902,1771064999999,2340886.101240,6500,13913686,1362939.402250,0
1771065000000,0.097980,0.098330,0.097940,0.097980,62302105,1771065899999,6115043.887250,9335,42987654,4219401.727810,0
1771065900000,0.097990,0.098130,0.097860,0.098110,17219220,1771066799999,1686983.899650,5299,8119215,795617.787320,0
1771066800000,0.098110,0.099040,0.098000,0.098950,92013108,1771067699999,9060694.387980,16850,60738516,5981261.408400,0
1771067700000,0.098940,0.100240,0.098850,0.099970,288370426,1771068599999,28769895.349580,35615,191778377,19133540.165400,0
1771068600000,0.099980,0.100100,0.099600,0.100020,68096877,1771069499999,6799885.036110,19281,34400467,3435168.179340,0
1771069500000,0.100030,0.100880,0.099960,0.100550,109599434,1771070399999,11019138.916190,26847,59978406,6029530.704440,0
1771070400000,0.100540,0.100780,0.100040,0.100240,76715073,1771071299999,7701635.086500,21895,29226621,2934253.120260,0
1771071300000,0.100240,0.100330,0.099830,0.100060,50646006,1771072199999,5066441.142350,16079,23891290,2390054.205210,0
1771072200000,0.100060,0.100210,0.099560,0.099680,61083598,1771073099999,6099643.052880,15668,28878967,2884944.475220,0
1771073100000,0.099680,0.099810,0.099490,0.099570,63493870,1771073999999,6326850.011220,15310,27048051,2695449.261750,0
1771074000000,0.099580,0.099840,0.099210,0.099540,68986207,1771074899999,6866100.824490,16251,25606714,2549585.462090,0
1771074900000,0.099540,0.099630,0.099020,0.099350,71281593,1771075799999,7080089.977250,16119,33068933,3285341.278470,0
1771075800000,0.099350,0.100100,0.099340,0.099690,103894499,1771076699999,10376653.714450,15500,41761783,4168946.138120,0
1771076700000,0.099690,0.100220,0.099640,0.100060,31967636,1771077599999,3197962.464840,10346,17682964,1768801.566180,0
1771077600000,0.100050,0.100660,0.099880,0.100660,44013335,1771078499999,4414145.285690,14096,28122452,2821014.702090,0
1771078500000,0.100650,0.101180,0.100640,0.101090,107679932,1771079399999,10865820.220950,22307,59225837,5977452.907060,0
1771079400000,0.101090,0.101910,0.101070,0.101510,149193607,1771080299999,15147053.813870,28846,76274152,7741789.129450,0
1771080300000,0.101510,0.103460,0.101390,0.103230,195074714,1771081199999,20022889.302110,43047,105342285,10813839.102780,0
1771081200000,0.103220,0.103220,0.102450,0.102600,136344123,1771082099999,14032398.728630,36900,61522972,6332569.634220,0
1771082100000,0.102600,0.103250,0.102550,0.103030,64300575,1771082999999,6615165.935340,20451,28290339,2910466.951270,0
1771083000000,0.103020,0.103390,0.102680,0.102860,60866028,1771083899999,6267416.443990,21244,24425343,2515856.875450,0
1771083900000,0.102850,0.104210,0.102780,0.103950,144791204,1771084799999,15008907.942880,30180,72417494,7506516.872310,0
1771084800000,0.103950,0.104080,0.103380,0.103710,96569807,1771085699999,10014772.495680,27298,44069674,4572011.648410,0
1771085700000,0.103700,0.103730,0.102830,0.102990,105028569,1771086599999,10839435.348450,29943,41885025,4323441.153620,0
1771086600000,0.103000,0.104360,0.102450,0.104130,138821310,1771087499999,14349317.224370,36720,73460621,7594958.883400,0
1771087500000,0.104140,0.105420,0.103720,0.104850,170187685,1771088399999,17822539.018200,40583,98405442,10304695.278280,0
1771088400000,0.104850,0.105620,0.104760,0.105010,93873909,1771089299999,9868884.072340,31669,49157359,5168639.765370,0
1771089300000,0.105000,0.105940,0.104950,0.105420,106868575,1771090199999,11266720.602800,26597,55562995,5857780.038420,0
1771090200000,0.105420,0.105680,0.104870,0.105370,91719448,1771091099999,9653481.612790,22945,38250272,4027826.257550,0
1771091100000,0.105380,0.105770,0.105110,0.105520,99413609,1771091999999,10481667.982620,22640,39671819,4184380.575040,0
1771092000000,0.105510,0.106230,0.105400,0.106030,126459275,1771092899999,13372188.310480,32041,62472188,6606147.544790,0
1771092900000,0.106020,0.107190,0.105800,0.106720,211097344,1771093799999,22494206.565620,38767,101593054,10824837.998540,0
1771093800000,0.106720,0.107370,0.106270,0.106940,95056307,1771094699999,10155931.832540,27918,44933859,4801695.092270,0
1771094700000,0.106950,0.107230,0.106730,0.107180,77961865,1771095599999,8338007.882410,22569,29954728,3203914.080500,0
1771095600000,0.107180,0.107480,0.106730,0.107070,80560483,1771096499999,8636372.037440,26271,33793173,3623368.715360,0
1771096500000,0.107060,0.108560,0.106860,0.108060,170450009,1771097399999,18401513.527340,40548,90695337,9789969.543860,0
1771097400000,0.108060,0.108770,0.107950,0.108300,78980739,1771098299999,8551890.473520,23801,38850570,4207398.022520,0
1771098300000,0.108290,0.109240,0.108120,0.108550,172893991,1771099199999,18804653.847970,44012,88524285,9627727.445770,0
1771099200000,0.108550,0.109290,0.107910,0.108430,178378830,1771100099999,19358996.362770,44278,88382394,9591435.885650,0
1771100100000,0.108430,0.109030,0.108110,0.108530,106902051,1771100999999,11619229.385290,30387,58502643,6358224.651100,0
1771101000000,0.108520,0.108970,0.108170,0.108820,54020470,1771101899999,5863542.236420,21428,22847476,2479872.509120,0
1771101900000,0.108820,0.109380,0.108810,0.109230,83674375,1771102799999,9130549.927740,24591,34772144,3794615.450420,0
1771102800000,0.109220,0.111960,0.109150,0.111550,453012370,1771103699999,50261524.202150,77452,286903428,31812518.924150,0
1771103700000,0.111550,0.112040,0.110050,0.110280,197607889,1771104599999,21942977.493030,47835,88940916,9883584.075550,0
1771104600000,0.110280,0.110630,0.109390,0.110040,125155645,1771105499999,13779639.492550,37586,50163213,5524039.247990,0
1771105500000,0.110040,0.110960,0.109930,0.110780,85574331,1771106399999,9454403.032810,27908,37724120,4167092.875470,0
1771106400000,0.110770,0.111950,0.110670,0.111720,108654321,1771107299999,12087502.407600,37015,54337071,6045141.046200,0
1771107300000,0.111720,0.112280,0.111210,0.111670,102044849,1771108199999,11398630.738550,29998,45795146,5116581.572280,0
1771108200000,0.111680,0.113690,0.111680,0.113030,185017129,1771109099999,20886179.972170,46823,114712406,12951047.923280,0
1771109100000,0.113030,0.113490,0.112020,0.112350,103633408,1771109999999,11689923.254830,30683,41057651,4631908.805620,0
1771110000000,0.112340,0.112600,0.111610,0.111880,118361921,1771110899999,13254626.952740,36536,45109012,5052853.666050,0
1771110900000,0.111890,0.112240,0.110190,0.110650,189282457,1771111799999,21003238.547510,46011,74460427,8261007.021260,0
1771111800000,0.110660,0.111080,0.110540,0.110690,61561406,1771112699999,6824595.171110,21537,38223076,4237795.014290,0
1771112700000,0.110690,0.111320,0.110610,0.110990,50350595,1771113599999,5591136.523570,17947,25923241,2878927.464750,0
1771113600000,0.110980,0.111730,0.110880,0.111360,90286237,1771114499999,10052603.508960,26116,50466133,5619661.317440,0
1771114500000,0.111370,0.112010,0.111150,0.111160,78958857,1771115399999,8810985.639790,24398,32906678,3673680.578540,0
1771115400000,0.111160,0.111160,0.110410,0.110910,117359552,1771116299999,13007207.574370,28965,50963777,5648849.622200,0
1771116300000,0.110920,0.112000,0.110700,0.111800,74592437,1771117199999,8306513.379500,23722,38852576,4328457.246040,0
1771117200000,0.111800,0.113190,0.111680,0.112910,142984263,1771118099999,16093568.236740,36091,81706950,9193295.499650,0
1771118100000,0.112900,0.113000,0.111260,0.111870,171198524,1771118999999,19173340.928310,44198,93048800,10421130.012240,0
1771119000000,0.111870,0.113140,0.111690,0.112400,148247444,1771119899999,16673569.272160,48637,78427887,8820889.755440,0
1771119900000,0.112400,0.113690,0.111850,0.113310,119349905,1771120799999,13454275.585890,36899,62707396,7070976.652070,0
1771120800000,0.113310,0.114540,0.112640,0.112930,224785750,1771121699999,25507568.534590,63866,121746713,13818310.316240,0
1771121700000,0.112930,0.113530,0.112170,0.112300,114158243,1771122599999,12860880.610060,36066,48765613,5492913.922000,0
1771122600000,0.112300,0.113370,0.111830,0.113110,131815063,1771123499999,14835598.512020,46950,57554476,6476212.248270,0
1771123500000,0.113120,0.113670,0.112680,0.113360,67698870,1771124399999,7662072.288850,29232,35589668,4028521.324760,0
1771124400000,0.113360,0.115480,0.113310,0.113950,246084243,1771125299999,28181043.147490,68986,151290050,17326809.606830,0
1771125300000,0.113950,0.114960,0.113820,0.114140,106900880,1771126199999,12230230.142580,40853,53469806,6117681.094910,0
1771126200000,0.114140,0.114580,0.112580,0.113260,176049310,1771127099999,19964539.253640,57821,85372447,9681920.618070,0
1771127100000,0.113260,0.114930,0.113260,0.114710,116201371,1771127999999,13285747.307160,43231,62707153,7169812.662600,0
1771128000000,0.114710,0.117590,0.114590,0.117110,329404356,1771128899999,38276254.470120,95829,204129349,23719656.100340,0
1771128900000,0.117110,0.117440,0.113810,0.114400,330922328,1771129799999,38123706.990270,72840,138590927,15966796.109430,0
1771129800000,0.114410,0.115480,0.114260,0.115470,107345457,1771130699999,12338336.104470,35079,58896851,6769277.192290,0
1771130700000,0.115470,0.116030,0.115130,0.115900,125486200,1771131599999,14509638.048360,38518,69029461,7982224.857920,0
1771131600000,0.115900,0.116620,0.115850,0.116040,94483508,1771132499999,10983202.973740,35168,39584939,4602484.915840,0
1771132500000,0.116040,0.116810,0.115880,0.116050,95572419,1771133399999,11121010.258450,31738,46509298,5412270.636200,0
1771133400000,0.116050,0.116500,0.115380,0.116290,149735858,1771134299999,17358441.858980,36672,94147184,10917539.156610,0
1771134300000,0.116300,0.116650,0.115600,0.115880,107167451,1771135199999,12440292.668290,32574,56606312,6570533.803540,0
1771135200000,0.115880,0.116080,0.114470,0.114690,137726504,1771136099999,15852705.682760,38201,44282460,5099274.164600,0
1771136100000,0.114690,0.115050,0.114270,0.114410,89095970,1771136999999,10212454.196990,29184,40299175,4621293.148610,0
1771137000000,0.114410,0.115110,0.114260,0.114550,67808286,1771137899999,7775674.000530,23468,33933047,3892104.018270,0
1771137900000,0.114540,0.115050,0.114080,0.115020,54088379,1771138799999,6195398.706120,21330,27659108,3169490.406570,0
1771138800000,0.115020,0.115860,0.114690,0.115690,74892386,1771139699999,8639030.954750,26742,35941130,4147091.277360,0
1771139700000,0.115690,0.116040,0.115020,0.115140,84575646,1771140599999,9769799.564840,28562,35647635,4118372.428880,0
1771140600000,0.115140,0.116650,0.115070,0.115830,114572431,1771141499999,13292871.143840,34783,59977158,6955779.723960,0
1771141500000,0.115820,0.116200,0.115670,0.116020,72166298,1771142399999,8366453.655170,23477,36549522,4237793.738420,0
1771142400000,0.116010,0.116270,0.115560,0.115870,127362474,1771143299999,14761292.618140,39292,58334363,6762265.866700,0
1771143300000,0.115870,0.116410,0.114880,0.115000,127939275,1771144199999,14812100.678660,35493,51211165,5932245.610320,0
1771144200000,0.115010,0.115110,0.113020,0.113880,281575949,1771145099999,32056768.180070,65035,128879233,14670380.486880,0
1771145100000,0.113870,0.114350,0.113650,0.113910,101771308,1771145999999,11603179.479330,28593,45184098,5151790.293960,0
1771146000000,0.113910,0.115130,0.113860,0.114740,84538790,1771146899999,9682879.238010,29465,48987526,5609952.191670,0
1771146900000,0.114750,0.115330,0.114660,0.114780,70504124,1771147799999,8103012.764340,21307,31840584,3659877.950190,0
1771147800000,0.114790,0.115140,0.114270,0.114540,72894680,1771148699999,8356256.109480,23036,38012607,4358493.707420,0
1771148700000,0.114530,0.114850,0.114120,0.114470,68184233,1771149599999,7806419.272760,20623,33390444,3823941.642990,0
1771149600000,0.114480,0.114540,0.113180,0.113270,139475497,1771150499999,15851674.929350,37205,63524378,7220578.046320,0
1771150500000,0.113270,0.113490,0.112110,0.112910,223388349,1771151399999,25200379.036720,46163,101325271,11431281.146660,0
1771151400000,0.112910,0.113170,0.112210,0.112840,117048026,1771152299999,13186510.685110,33506,54220748,6110345.550890,0
1771152300000,0.112840,0.113760,0.112700,0.113580,118511733,1771153199999,13426226.318490,27747,70627721,8000401.456760,0
1771153200000,0.113580,0.113930,0.113350,0.113540,52485232,1771154099999,5963877.398840,19814,24833841,2822787.051780,0
1771154100000,0.113540,0.113850,0.113220,0.113400,45661910,1771154999999,5181578.904390,16643,21460278,2436063.517690,0
1771155000000,0.113410,0.113470,0.112970,0.113070,65999458,1771155899999,7470809.783170,18045,27023920,3058995.372690,0
1771155900000,0.113070,0.113170,0.112470,0.112700,76480494,1771156799999,8623117.516240,22417,32865594,3706000.758870,0
1771156800000,0.112700,0.112930,0.111650,0.111960,155451627,1771157699999,17429233.393970,36577,75017197,8410171.917230,0
1771157700000,0.111960,0.112520,0.111660,0.112280,90583458,1771158599999,10154343.655660,27163,46413365,5204213.066090,0
1771158600000,0.112280,0.112360,0.110920,0.111350,131774569,1771159499999,14695932.949800,33149,56671525,6319368.777110,0
1771159500000,0.111360,0.111390,0.108590,0.108610,495455117,1771160399999,54353763.418310,89900,193533148,21226880.892370,0
1771160400000,0.108610,0.110070,0.108600,0.109860,214822456,1771161299999,23541248.268930,55702,115601006,12666968.580250,0
1771161300000,0.109850,0.110040,0.108730,0.108860,135297492,1771162199999,14798697.996450,32068,58597654,6410384.482880,0
1771162200000,0.108870,0.109080,0.107820,0.108200,219685769,1771163099999,23802587.590970,52647,96208390,10425141.582990,0
1771163100000,0.108200,0.108510,0.107150,0.107550,174117352,1771163999999,18757303.957890,44691,76983777,8295520.674180,0
1771164000000,0.107560,0.108200,0.106800,0.107390,158328840,1771164899999,17029567.920960,49541,74788259,8047486.976080,0
1771164900000,0.107380,0.107850,0.107370,0.107620,72516739,1771165799999,7802827.326820,25518,39712306,4273637.405540,0
1771165800000,0.107610,0.108570,0.107490,0.108520,184966191,1771166699999,19994592.882280,38495,108633069,11743488.085440,0
1771166700000,0.108520,0.108750,0.107920,0.108120,125778032,1771167599999,13631291.172970,26342,62667566,6792628.745340,0
1771167600000,0.108120,0.109130,0.107880,0.108680,168274810,1771168499999,18288851.106750,34391,100280519,10903370.623240,0
1771168500000,0.108670,0.108790,0.107990,0.108070,63028293,1771169399999,6830175.121080,20722,27149356,2942856.707310,0
1771169400000,0.108070,0.108380,0.107770,0.108240,51204421,1771170299999,5533178.821640,17624,21404208,2312954.829540,0
1771170300000,0.108230,0.108230,0.107570,0.107700,44004825,1771171199999,4745568.492300,13754,19566724,2110001.761810,0
1771171200000,0.107700,0.107700,0.106310,0.106910,250405395,1771172099999,26759823.801420,49919,103706192,11083364.801940,0
1771172100000,0.106910,0.107660,0.106610,0.107650,94280014,1771172999999,10104181.076200,26758,49932432,5350868.251600,0
1771173000000,0.107650,0.107650,0.106710,0.107060,58269936,1771173899999,6246981.298910,19718,26989331,2893828.535930,0
1771173900000,0.107070,0.107380,0.106950,0.107240,49157832,1771174799999,5269688.062700,13639,27222998,2918307.058820,0
1771174800000,0.107240,0.107440,0.106910,0.107020,48987914,1771175699999,5250831.474200,16610,23756558,2546506.393710,0
1771175700000,0.107020,0.107070,0.106350,0.106580,84944066,1771176599999,9063223.386080,21211,35134707,3750013.405080,0
1771176600000,0.106580,0.106770,0.105670,0.105690,122290981,1771177499999,12992746.408160,31001,56068587,5958820.263540,0
1771177500000,0.105690,0.105690,0.103230,0.104970,404377218,1771178399999,42240031.659180,78759,190329120,19882614.877800,0
1771178400000,0.104980,0.105480,0.104450,0.105310,112068841,1771179299999,11768272.682760,34251,56476624,5932797.401920,0
1771179300000,0.105310,0.105310,0.104500,0.104550,50519617,1771180199999,5300786.846040,20872,21737859,2281843.181590,0
1771180200000,0.104550,0.104660,0.104080,0.104650,96676531,1771181099999,10087380.522930,32737,47966730,5005346.722770,0
1771181100000,0.104650,0.104720,0.103690,0.104020,75943528,1771181999999,7901352.536230,24183,32794251,3412387.073830,0
1771182000000,0.104020,0.104210,0.103150,0.103700,116517154,1771182899999,12069958.422090,33652,54258342,5621548.596720,0
1771182900000,0.103690,0.104180,0.103510,0.103960,60019267,1771183799999,6232202.184330,18898,32244202,3348729.695590,0
1771183800000,0.103950,0.103980,0.102400,0.102640,166080175,1771184699999,17090818.623420,31321,54263227,5583108.250730,0
1771184700000,0.102650,0.103180,0.102600,0.102680,87662796,1771185599999,9022158.799730,20686,47131408,4850805.474950,0
1771185600000,0.102680,0.103380,0.102100,0.103260,139953306,1771186499999,14359434.721400,65142,67624584,6941410.135310,0
1771186500000,0.103250,0.103310,0.102600,0.103020,52306134,1771187399999,5379858.798080,16529,24559791,2526149.421710,0
1771187400000,0.103010,0.103340,0.102770,0.102830,55566899,1771188299999,5730258.549120,15646,30670035,3162814.428820,0
1771188300000,0.102820,0.103060,0.102450,0.102900,43537607,1771189199999,4471789.112070,13910,24909482,2558844.759390,0
1771189200000,0.102910,0.103260,0.102820,0.102910,44731088,1771190099999,4609753.196530,16180,20486183,2111432.837690,0
1771190100000,0.102920,0.103120,0.102660,0.103050,54350872,1771190999999,5593040.642970,14754,26114665,2688083.535040,0
1771191000000,0.103040,0.103320,0.102460,0.102520,65600374,1771191899999,6753859.915970,15531,33636713,3464255.601650,0
1771191900000,0.102520,0.102610,0.102250,0.102420,72928658,1771192799999,7467490.599710,17938,37099685,3798779.415130,0
1771192800000,0.102420,0.102930,0.102300,0.102710,93057730,1771193699999,9550308.681810,20617,45767285,4698984.569150,0
1771193700000,0.102710,0.103130,0.102500,0.102870,48751720,1771194599999,5015037.392480,11931,22872378,2352466.335370,0
1771194600000,0.102860,0.103380,0.102790,0.103050,61340324,1771195499999,6325901.934260,15530,35238313,3633913.505090,0
1771195500000,0.103050,0.103380,0.102890,0.103290,33388169,1771196399999,3445590.656160,13311,18130075,1870969.326360,0
1771196400000,0.103280,0.103280,0.101470,0.101880,170718973,1771197299999,17422058.135120,37714,73464447,7495898.407650,0
1771197300000,0.101890,0.102410,0.101550,0.102370,59268413,1771198199999,6043496.627290,18795,30564646,3116880.796320,0
1771198200000,0.102380,0.102840,0.102140,0.102430,60403194,1771199099999,6190139.254940,15026,32089567,3288952.148770,0
1771199100000,0.102420,0.102730,0.102410,0.102610,41240972,1771199999999,4231501.240210,12046,24838927,2548756.502710,0
1771200000000,0.102610,0.103080,0.102340,0.102860,79702155,1771200899999,8189840.789940,20781,44274800,4551191.667030,0
1771200900000,0.102860,0.103040,0.102050,0.102190,86803757,1771201799999,8892974.291980,20907,42603896,4366814.375540,0
1771201800000,0.102180,0.102580,0.101940,0.102170,46675482,1771202699999,4773785.414560,14909,27557060,2819445.227830,0
1771202700000,0.102180,0.102700,0.102050,0.102400,40925522,1771203599999,4194049.834470,12599,25606084,2624033.126100,0
1771203600000,0.102400,0.102900,0.102020,0.102380,75587574,1771204499999,7745900.791060,18898,37786717,3875191.916750,0
1771204500000,0.102380,0.102570,0.101870,0.102130,49972468,1771205399999,5105876.859270,15078,21739528,2221324.295820,0
1771205400000,0.102130,0.102520,0.101710,0.102050,57629242,1771206299999,5884296.090340,18177,28967300,2958720.991780,0
1771206300000,0.102040,0.102370,0.101900,0.102300,25943671,1771207199999,2649281.672390,9571,14310920,1461409.648740,0
1771207200000,0.102310,0.103000,0.102250,0.102670,67538085,1771208099999,6935802.579630,18485,40068332,4115345.976850,0
1771208100000,0.102660,0.102780,0.101960,0.102030,49445951,1771208999999,5061423.576000,16244,23284127,2384861.388600,0
1771209000000,0.102040,0.102550,0.101980,0.102250,37240980,1771209899999,3809697.250270,15320,23313582,2384965.139910,0
1771209900000,0.102260,0.102390,0.101700,0.101850,119494798,1771210799999,12182266.659730,16371,47262860,4820069.902580,0
1771210800000,0.101860,0.102130,0.101810,0.102010,42624929,1771211699999,4346395.461770,13871,23865149,2433178.826440,0
1771211700000,0.102020,0.102280,0.101530,0.101750,57327307,1771212599999,5841816.301040,15408,29736531,3031449.452140,0
1771212600000,0.101750,0.102050,0.101740,0.101920,37312372,1771213499999,3801088.705560,11150,21891000,2229963.937170,0
1771213500000,0.101920,0.102190,0.101810,0.102130,30836786,1771214399999,3146872.551830,8691,21095710,2152635.113520,0
1771214400000,0.102130,0.102760,0.102070,0.102530,67133388,1771215299999,6883617.328820,16175,40825439,4185915.224120,0
1771215300000,0.102530,0.102730,0.102420,0.102640,42350432,1771216199999,4343988.555780,10969,26555634,2723870.285580,0
1771216200000,0.102650,0.102690,0.102460,0.102460,25736719,1771217099999,2640276.510550,8256,13767693,1412482.509370,0
1771217100000,0.102460,0.103390,0.102340,0.103360,89572655,1771217999999,9219776.243110,16902,59242849,6098150.154050,0
1771218000000,0.103360,0.103550,0.101870,0.101900,143360361,1771218899999,14694374.034380,27151,70709758,7250306.424720,0
1771218900000,0.101910,0.102100,0.101120,0.101540,173825691,1771219799999,17660340.681790,28898,91581598,9310049.071920,0
1771219800000,0.101550,0.101800,0.101310,0.101650,52919778,1771220699999,5375835.423150,16693,23637338,2401219.998880,0
1771220700000,0.101650,0.101890,0.101560,0.101790,36557124,1771221599999,3719992.287460,11906,19910212,2026111.454390,0
1771221600000,0.101790,0.101930,0.101620,0.101760,34101352,1771222499999,3471245.063810,10779,12528371,1275406.177130,0
1771222500000,0.101770,0.101960,0.101500,0.101830,27077429,1771223399999,2755113.007520,10910,14076692,1432440.180500,0
1771223400000,0.101820,0.102550,0.101760,0.102360,58211979,1771224299999,5957024.549710,15535,34277702,3507467.957370,0
1771224300000,0.102370,0.102450,0.102120,0.102320,19801473,1771225199999,2025692.279520,8282,13154226,1345729.116200,0
1771225200000,0.102310,0.102320,0.101990,0.102190,38924963,1771226099999,3975211.918880,13314,20665787,2110479.276130,0
1771226100000,0.102190,0.102380,0.101870,0.102020,61431838,1771226999999,6271326.267950,12983,36305053,3706535.381830,0
1771227000000,0.102030,0.102290,0.101630,0.101740,51829685,1771227899999,5284609.399860,13482,22723102,2317533.008330,0
1771227900000,0.101750,0.102090,0.101720,0.101950,34317984,1771228799999,3497796.758150,9127,17631019,1797266.850710,0
1771228800000,0.101960,0.102450,0.101930,0.102230,55685881,1771229699999,5692928.871350,13210,38498166,3935281.725950,0
1771229700000,0.102220,0.102480,0.102210,0.102300,28530432,1771230599999,2919476.977830,9451,15357046,1571483.331350,0
1771230600000,0.102300,0.102310,0.101920,0.102050,26631473,1771231499999,2718537.815630,9283,13092975,1336568.040020,0
1771231500000,0.102060,0.102410,0.102040,0.102260,22406021,1771232399999,2291076.087430,8551,15462586,1581075.559320,0
1771232400000,0.102270,0.102970,0.102180,0.102680,87930223,1771233299999,9024585.877380,20163,54930259,5637707.825050,0
1771233300000,0.102680,0.102930,0.102250,0.102880,51989104,1771234199999,5332000.810120,13952,26707853,2739453.395370,0
1771234200000,0.102870,0.103330,0.102570,0.103110,90713027,1771235099999,9347317.280610,22252,45421854,4680496.495110,0
1771235100000,0.103100,0.103250,0.102930,0.103040,43641228,1771235999999,4496775.643140,14950,26575476,2738408.691940,0
1771236000000,0.103030,0.103030,0.102640,0.102720,49963759,1771236899999,5135631.761630,13887,21583523,2218256.920860,0
1771236900000,0.102720,0.102770,0.102370,0.102530,49032091,1771237799999,5026897.689220,14010,24322669,2493703.979110,0
1771237800000,0.102540,0.102820,0.102490,0.102700,31644246,1771238699999,3248839.556140,10730,18452384,1894530.096610,0
1771238700000,0.102710,0.102900,0.102590,0.102670,24427494,1771239599999,2509604.564670,8419,12966797,1332202.311280,0
1771239600000,0.102670,0.102880,0.101640,0.101770,124247496,1771240499999,12693608.373570,24156,50215805,5136331.192220,0
1771240500000,0.101780,0.101900,0.100630,0.101650,197772326,1771241399999,20001751.936510,38324,82069555,8303429.517220,0
1771241400000,0.101660,0.101820,0.101260,0.101390,72521745,1771242299999,7362364.689120,16626,33729243,3425217.233850,0
1771242300000,0.101380,0.101990,0.101340,0.101560,59561040,1771243199999,6055107.147950,14178,41106737,4179633.493940,0
1771243200000,0.101570,0.101920,0.101470,0.101660,42208507,1771244099999,4292155.784960,13686,22393160,2277391.451230,0
1771244100000,0.101660,0.102930,0.101320,0.102680,140440014,1771244999999,14352917.361040,29274,73268755,7487921.156620,0
1771245000000,0.102680,0.102700,0.101840,0.102140,110974218,1771245899999,11343285.082580,26045,51611651,5274779.572490,0
1771245900000,0.102150,0.102870,0.101930,0.102630,97387916,1771246799999,9982504.320830,26918,56070688,5746442.420870,0
1771246800000,0.102640,0.103410,0.102240,0.102370,212423124,1771247699999,21843325.857480,36487,89523973,9204956.309750,0
1771247700000,0.102370,0.102640,0.100250,0.100540,239585929,1771248599999,24263905.553580,47618,108581741,10995850.962710,0
1771248600000,0.100540,0.101280,0.100130,0.100710,194925756,1771249499999,19638983.262110,47295,88161376,8883394.421470,0
1771249500000,0.100710,0.100860,0.099620,0.100070,191643437,1771250399999,19168991.996600,41245,73264042,7330310.587630,0
1771250400000,0.100070,0.100590,0.099810,0.100020,107418066,1771251299999,10762872.123520,26640,43684659,4377710.540620,0
1771251300000,0.100030,0.100470,0.099160,0.099690,140829787,1771252199999,14060634.742880,32503,59705907,5967791.683200,0
1771252200000,0.099700,0.100920,0.099610,0.100380,96795731,1771253099999,9711794.468060,28265,47902563,4805390.363720,0
1771253100000,0.100390,0.101130,0.100170,0.100490,108495825,1771253999999,10916971.336090,23067,52828105,5319057.297900,0
1771254000000,0.100490,0.101110,0.100120,0.100170,122675984,1771254899999,12356869.539760,24086,47318919,4766875.929860,0
1771254900000,0.100180,0.100390,0.099830,0.100130,107077065,1771255799999,10720507.430270,22562,49958648,5002370.030550,0
1771255800000,0.100120,0.100180,0.098440,0.099330,369498953,1771256699999,36603622.633020,67660,181932673,18023166.978470,0
1771256700000,0.099330,0.099760,0.099140,0.099510,89368141,1771257599999,8894877.968440,22909,46140042,4593277.504210,0
1771257600000,0.099500,0.100590,0.099400,0.100320,118915438,1771258499999,11904957.673520,29048,60840753,6091661.102970,0
1771258500000,0.100320,0.100740,0.099900,0.100390,48714440,1771259399999,4886635.648990,17629,25604261,2568178.708410,0
1771259400000,0.100380,0.100800,0.099850,0.100790,64178285,1771260299999,6429043.873520,19113,35642240,3570632.104520,0
1771260300000,0.100790,0.101240,0.100570,0.101040,100074941,1771261199999,10098290.975530,20458,49122809,4958864.741350,0
1771261200000,0.101030,0.101130,0.100230,0.100450,77831461,1771262099999,7837843.053830,18006,37525513,3778776.846140,0
1771262100000,0.100460,0.100750,0.100110,0.100700,67207542,1771262999999,6753008.661790,15454,44818390,4504099.921690,0
1771263000000,0.100690,0.101130,0.100620,0.101030,61980744,1771263899999,6254993.647660,15539,37689449,3803310.656210,0
1771263900000,0.101030,0.101030,0.100690,0.100790,23875812,1771264799999,2407005.527190,9499,11093378,1118415.778500,0
1771264800000,0.100790,0.101160,0.100710,0.100860,45567326,1771265699999,4598173.369850,12899,25999465,2623406.673050,0
1771265700000,0.100850,0.101000,0.100550,0.100620,52965615,1771266599999,5339632.454740,11339,21399271,2157473.913990,0
1771266600000,0.100620,0.100730,0.100200,0.100330,47962694,1771267499999,4816156.618620,11145,20415424,2050217.107110,0
1771267500000,0.100340,0.100560,0.100210,0.100440,42544210,1771268399999,4270303.105070,9773,23847486,2394039.641600,0
1771268400000,0.100440,0.100570,0.100290,0.100390,18523975,1771269299999,1860101.021000,8250,10485396,1052939.484580,0
1771269300000,0.100390,0.100850,0.100070,0.100550,51477731,1771270199999,5172363.316070,12351,31661967,3182306.089640,0
1771270200000,0.100550,0.100750,0.100420,0.100440,30983939,1771271099999,3115726.788290,8758,11567662,1163379.538930,0
1771271100000,0.100450,0.100530,0.100140,0.100240,27573712,1771271999999,2766778.265990,7350,12510110,1255671.651330,0
1771272000000,0.100240,0.100250,0.099810,0.100110,83005851,1771272899999,8303121.801580,14305,38543352,3856390.749310,0
1771272900000,0.100110,0.100600,0.099920,0.100530,52141120,1771273799999,5229596.892790,11210,26926063,2701609.039160,0
1771273800000,0.100530,0.100530,0.100280,0.100310,19362503,1771274699999,1943993.867980,8233,8350895,838367.568640,0
1771274700000,0.100320,0.101120,0.100240,0.100890,105505895,1771275599999,10632967.220510,15430,50177639,5056954.132110,0
1771275600000,0.100900,0.100910,0.100470,0.100780,39502868,1771276499999,3974191.330270,11579,19263670,1938015.191370,0
1771276500000,0.100770,0.100950,0.100460,0.100590,34193695,1771277399999,3441549.009960,9272,15848271,1594696.355800,0
1771277400000,0.100590,0.100980,0.100440,0.100820,34461788,1771278299999,3470479.217420,9072,20168682,2031667.304980,0
1771278300000,0.100810,0.101340,0.100720,0.101130,61624763,1771279199999,6230064.762740,12353,27533511,2784563.317950,0
1771279200000,0.101130,0.101190,0.100220,0.100270,87870214,1771280099999,8841376.374470,19215,40760682,4098173.581750,0
1771280100000,0.100270,0.100570,0.100060,0.100370,66902597,1771280999999,6709372.691840,13430,26546861,2663388.245000,0
1771281000000,0.100370,0.100710,0.100140,0.100620,31178529,1771281899999,3133404.927380,10111,16174995,1625561.001220,0
1771281900000,0.100610,0.100710,0.100310,0.100560,26913046,1771282799999,2705848.512790,9143,15597757,1568307.795520,0
1771282800000,0.100550,0.100700,0.100330,0.100610,18851332,1771283699999,1895300.104610,10127,9741072,979556.156970,0
1771283700000,0.100600,0.100900,0.100540,0.100800,28744887,1771284599999,2894996.025180,8815,13753122,1385473.523120,0
1771284600000,0.100800,0.100920,0.100670,0.100690,15722367,1771285499999,1584865.172220,6520,7890511,795407.528110,0
1771285500000,0.100700,0.101130,0.100700,0.100970,21423274,1771286399999,2163320.160070,7688,14039518,1417553.611000,0
1771286400000,0.100970,0.101010,0.100630,0.100740,31428612,1771287299999,3167862.351470,10120,15113862,1523180.670160,0
1771287300000,0.100740,0.100870,0.100480,0.100740,22133512,1771288199999,2227737.634970,7939,12337508,1241918.126380,0
1771288200000,0.100740,0.100860,0.100550,0.100640,18718107,1771289099999,1885538.484930,8367,10602697,1068231.226380,0
1771289100000,0.100640,0.100880,0.100410,0.100550,30454085,1771289999999,3064714.310720,9327,20155339,2028386.080330,0
1771290000000,0.100550,0.100890,0.100450,0.100820,25589780,1771290899999,2575674.726390,9557,13187542,1327458.625580,0
1771290900000,0.100820,0.100880,0.100550,0.100550,21854340,1771291799999,2201862.842680,6960,11674903,1176333.070820,0
1771291800000,0.100550,0.100940,0.100450,0.100720,23082271,1771292699999,2325318.213160,8717,11615327,1169988.458440,0
1771292700000,0.100720,0.100780,0.100060,0.100160,51678888,1771293599999,5187534.104880,12808,19210567,1929513.647090,0
1771293600000,0.100150,0.101010,0.099520,0.100690,107008185,1771294499999,10717166.513620,25902,56692317,5677779.101110,0
1771294500000,0.100700,0.101020,0.100590,0.100760,40461519,1771295399999,4077792.562710,11412,21786931,2195576.515260,0
1771295400000,0.100750,0.100920,0.100590,0.100920,27671200,1771296299999,2788234.126700,8301,18959068,1910659.498890,0
1771296300000,0.100910,0.101300,0.100890,0.101100,94075915,1771297199999,9514993.625550,17196,60191895,6088192.181520,0
1771297200000,0.101100,0.101120,0.100450,0.100560,55453765,1771298099999,5586406.122770,13723,22651214,2281904.786320,0
1771298100000,0.100550,0.100910,0.100440,0.100680,45411453,1771298999999,4570406.192990,10483,21530172,2167228.192650,0
1771299000000,0.100680,0.100700,0.100420,0.100590,31018353,1771299899999,3119301.583260,8716,16423269,1651772.976630,0
1771299900000,0.100590,0.100640,0.100420,0.100460,14930549,1771300799999,1500787.652640,6285,6998674,703535.145950,0
1771300800000,0.100470,0.100560,0.099850,0.100460,77883121,1771301699999,7804577.251330,17050,44677882,4478337.125360,0
1771301700000,0.100470,0.100740,0.100270,0.100490,43120138,1771302599999,4336212.374330,10762,21193398,2131531.229400,0
1771302600000,0.100480,0.100480,0.099870,0.100230,47258265,1771303499999,4728509.795660,12348,23058670,2307221.484950,0
1771303500000,0.100240,0.100330,0.100090,0.100140,18540638,1771304399999,1857964.555940,6993,11332974,1135829.282100,0
1771304400000,0.100150,0.100240,0.099880,0.100140,36715791,1771305299999,3673406.972320,10087,21326406,2134070.382890,0
1771305300000,0.100130,0.100140,0.099460,0.099740,84801737,1771306199999,8456491.603830,16813,35406211,3529969.686610,0
1771306200000,0.099730,0.099730,0.098940,0.099520,94698183,1771307099999,9403593.073430,19351,30717316,3051746.036440,0
1771307100000,0.099520,0.099740,0.099380,0.099650,31023935,1771307999999,3088418.606550,9496,17499588,1742081.554840,0
1771308000000,0.099640,0.100050,0.099640,0.099860,41184668,1771308899999,4113892.752350,10354,23624101,2359523.675400,0
1771308900000,0.099860,0.100240,0.099720,0.100150,39938369,1771309799999,3993928.057460,9555,24840163,2485042.380050,0
1771309800000,0.100150,0.100150,0.099930,0.100000,23067895,1771310699999,2307530.230310,7621,10896885,1090009.876050,0
1771310700000,0.100000,0.100080,0.099880,0.100010,16185789,1771311599999,1618549.958810,5101,7385796,738556.177770,0
1771311600000,0.100010,0.100010,0.099600,0.099600,29312033,1771312499999,2924629.286310,9488,12026928,1200192.144810,0
1771312500000,0.099600,0.099900,0.099530,0.099710,24429168,1771313399999,2436495.703920,8401,15267624,1523088.611490,0
1771313400000,0.099720,0.100010,0.099600,0.099980,26413384,1771314299999,2637393.680260,9394,16160380,1613889.551040,0
1771314300000,0.099990,0.100010,0.099660,0.099720,29350304,1771315199999,2930112.199270,8263,10481942,1046165.263130,0
1771315200000,0.099720,0.100030,0.099700,0.099820,36617891,1771316099999,3657325.257040,10646,22968460,2294025.203720,0
1771316100000,0.099820,0.099870,0.099600,0.099710,13623281,1771316999999,1358805.263130,7083,4921466,490919.115960,0
1771317000000,0.099700,0.099810,0.099120,0.099180,52749560,1771317899999,5242209.270930,12649,20109877,1999030.407540,0
1771317900000,0.099190,0.099240,0.099010,0.099070,37872787,1771318799999,3753825.284150,10526,19761856,1958971.631290,0
1771318800000,0.099080,0.099180,0.098670,0.098770,78190138,1771319699999,7732142.042310,16878,30970528,3063063.481790,0
1771319700000,0.098770,0.099100,0.098650,0.098970,43760352,1771320599999,4327542.017340,12223,26513835,2622600.010600,0
1771320600000,0.098970,0.099120,0.098690,0.098860,39308121,1771321499999,3888002.322350,8867,18600887,1840185.684140,0
1771321500000,0.098870,0.099340,0.098860,0.099290,33011329,1771322399999,3273205.001370,8343,20165049,1999499.693270,0
1771322400000,0.099280,0.099470,0.099090,0.099170,34108824,1771323299999,3386867.568630,10844,17567477,1744697.288070,0
1771323300000,0.099170,0.099170,0.098420,0.098640,108739264,1771324199999,10732443.022600,18225,45676688,4509147.257730,0
1771324200000,0.098640,0.098880,0.098500,0.098810,42296760,1771325099999,4174747.060580,11829,20234421,1997263.415040,0
1771325100000,0.098810,0.098870,0.098580,0.098730,13685036,1771325999999,1350750.147910,7622,7402209,730674.935940,0
1771326000000,0.098740,0.099040,0.098580,0.098880,40486632,1771326899999,4001252.411520,11863,19689725,1946320.909430,0
1771326900000,0.098880,0.098970,0.098360,0.098700,46077160,1771327799999,4545730.609060,12331,18865662,1861812.126210,0
1771327800000,0.098710,0.098840,0.098440,0.098760,24105093,1771328699999,2378843.634910,8534,14163114,1397688.859240,0
1771328700000,0.098760,0.098910,0.098660,0.098830,24294929,1771329599999,2400417.236460,7753,13357653,1319768.941680,0
1771329600000,0.098840,0.099170,0.098720,0.098940,55313886,1771330499999,5473409.201580,13557,35690512,3532230.830020,0
1771330500000,0.098940,0.099450,0.098840,0.099400,42641654,1771331399999,4227373.209260,11951,23796013,2358380.034490,0
1771331400000,0.099400,0.099910,0.099300,0.099850,64425124,1771332299999,6420010.589890,14674,38585462,3845599.696720,0
1771332300000,0.099860,0.099920,0.099380,0.099600,66046675,1771333199999,6581234.419400,14079,26418370,2633324.767680,0
1771333200000,0.099600,0.100200,0.099330,0.100100,58295477,1771334099999,5819046.929230,16878,35842079,3578754.863140,0
1771334100000,0.100110,0.100560,0.099840,0.100170,58418798,1771334999999,5856365.535790,16865,33331127,3342537.564940,0
1771335000000,0.100180,0.100230,0.099820,0.099990,28358391,1771335899999,2836922.812170,10639,12086893,1209445.358410,0
1771335900000,0.100000,0.100860,0.099980,0.100500,71957796,1771336799999,7232481.070250,20066,40865159,4107137.421710,0
1771336800000,0.100490,0.100670,0.100070,0.100150,55997487,1771337699999,5617834.543430,18095,30985084,3109287.092390,0
1771337700000,0.100140,0.100330,0.099940,0.100170,35835560,1771338599999,3589591.221510,10154,14486088,1451342.096790,0
1771338600000,0.100170,0.101010,0.098630,0.099030,297411228,1771339499999,29671193.545800,59322,152547424,15221135.814250,0
1771339500000,0.099030,0.099320,0.098230,0.098990,235023984,1771340399999,23221903.764090,53850,117651830,11629274.445970,0
1771340400000,0.099000,0.100260,0.098930,0.099730,128125765,1771341299999,12767325.405460,38101,74718107,7447129.816190,0
1771341300000,0.099720,0.100460,0.099550,0.099830,110273423,1771342199999,11026652.710960,32092,59860428,5984268.008250,0
1771342200000,0.099820,0.100140,0.099420,0.100110,69288540,1771343099999,6919055.628890,23595,37364180,3731765.777090,0
1771343100000,0.100090,0.100620,0.099960,0.100450,71947985,1771343999999,7218509.012420,20940,33140715,3324907.699510,0
1771344000000,0.100450,0.103180,0.100360,0.102430,384833680,1771344899999,39310315.978850,62601,227748575,23276086.067160,0
1771344900000,0.102440,0.103530,0.101850,0.101870,238763085,1771345799999,24546552.395420,47248,113705123,11692614.072410,0
1771345800000,0.101880,0.103340,0.101760,0.102120,153977930,1771346699999,15795704.624260,37597,80726355,8280080.061510,0
1771346700000,0.102120,0.102470,0.101680,0.101940,103287056,1771347599999,10543514.820990,26197,55851566,5701529.842300,0
1771347600000,0.101930,0.102110,0.099960,0.100410,252069616,1771348499999,25429967.797470,41294,108271251,10915167.791670,0
1771348500000,0.100410,0.101140,0.100350,0.101090,107687025,1771349399999,10856662.054900,27474,58138868,5861327.821310,0
1771349400000,0.101100,0.101170,0.099820,0.099950,86749619,1771350299999,8700793.988520,22065,35823995,3593162.100680,0
1771350300000,0.099940,0.100380,0.099640,0.100200,82823684,1771351199999,8280124.450770,20983,46923659,4691566.839690,0
1771351200000,0.100210,0.100830,0.100120,0.100640,50073587,1771352099999,5031954.146780,16503,27990374,2812350.648670,0
1771352100000,0.100650,0.101800,0.100400,0.101620,96091860,1771352999999,9732951.807220,26552,50354955,5099905.514930,0
1771353000000,0.101620,0.102370,0.101340,0.101910,77872429,1771353899999,7930808.393190,21651,49015992,4993337.950800,0
1771353900000,0.101910,0.102160,0.101730,0.101760,51119271,1771354799999,5211984.241260,16177,27624991,2817344.612110,0
1771354800000,0.101750,0.101950,0.101610,0.101870,40102716,1771355699999,4080997.289160,16284,22418056,2281551.386610,0
1771355700000,0.101870,0.102100,0.101100,0.101240,57272966,1771356599999,5821809.845370,17611,24160457,2457589.639830,0
1771356600000,0.101250,0.101350,0.100820,0.101150,44601290,1771357499999,4508681.691680,14099,23676365,2393817.155300,0
1771357500000,0.101150,0.101390,0.100880,0.101030,28957945,1771358399999,2927653.839050,10927,15625279,1579768.473790,0
1771358400000,0.101030,0.101200,0.100670,0.100820,34992842,1771359299999,3531351.498990,12731,16876086,1703239.826080,0
1771359300000,0.100830,0.101060,0.100450,0.100710,36356813,1771360199999,3661803.119910,12139,16916986,1703972.860480,0
1771360200000,0.100700,0.101040,0.100240,0.100860,36079363,1771361099999,3629386.723180,13777,19847729,1996785.350590,0
1771361100000,0.100850,0.100980,0.100370,0.100510,21882089,1771361999999,2202423.582090,10124,10176948,1024318.854920,0
1771362000000,0.100510,0.101390,0.100490,0.101330,35698836,1771362899999,3603046.544450,13863,20078497,2025922.499490,0
1771362900000,0.101320,0.101360,0.100670,0.100760,42991306,1771363799999,4337626.172710,10738,20898635,2107615.593600,0
1771363800000,0.100760,0.100940,0.100560,0.100910,15871582,1771364699999,1598490.317640,6982,7737460,779366.861510,0
1771364700000,0.100900,0.101090,0.100810,0.101040,9907530,1771365599999,1000018.383950,5226,4984870,503178.200220,0
1771365600000,0.101040,0.101130,0.100590,0.100750,22879748,1771366499999,2308006.906150,7488,8229041,829944.872600,0
1771366500000,0.100760,0.100960,0.100620,0.100750,13513693,1771367399999,1361918.676140,5618,7040424,709532.216400,0
1771367400000,0.100760,0.100920,0.100670,0.100810,11083742,1771368299999,1117155.058230,5347,5472845,551566.529670,0
1771368300000,0.100800,0.100820,0.100430,0.100560,11837048,1771369199999,1190638.087860,5561,5290583,532127.446110,0
1771369200000,0.100560,0.100760,0.100420,0.100580,18724208,1771370099999,1883170.035390,8816,9504515,955956.958280,0
1771370100000,0.100590,0.100820,0.100460,0.100460,14949063,1771370999999,1504776.802710,6033,5991856,603226.905180,0
1771371000000,0.100460,0.100660,0.100330,0.100620,25127831,1771371899999,2526007.387340,6727,11534450,1159584.637110,0
1771371900000,0.100630,0.100770,0.100520,0.100610,13910589,1771372799999,1400163.397890,5585,6672757,671734.351640,0
1771372800000,0.100620,0.101240,0.100550,0.101150,52351336,1771373699999,5286077.718840,12413,28818143,2910495.226720,0
1771373700000,0.101150,0.101300,0.100640,0.100880,33039937,1771374599999,3337690.189420,8932,15248356,1540227.950500,0
1771374600000,0.100890,0.101170,0.100890,0.100950,13054900,1771375499999,1319342.728610,6794,6726976,679797.628280,0
1771375500000,0.100940,0.100940,0.100400,0.100460,31369548,1771376399999,3154799.564800,8673,11974735,1204189.179610,0
1771376400000,0.100470,0.100700,0.100240,0.100620,41906241,1771377299999,4210716.381170,11669,20113796,2021223.597750,0
1771377300000,0.100620,0.100780,0.100250,0.100250,28916807,1771378199999,2907474.768440,9020,11362129,1142618.151200,0
1771378200000,0.100240,0.100360,0.099880,0.100300,50582972,1771379099999,5063657.679930,12511,18403323,1842680.462640,0
1771379100000,0.100310,0.100340,0.099970,0.100100,15793512,1771379999999,1581898.683400,6886,5998341,600891.813230,0
1771380000000,0.100110,0.100590,0.100060,0.100320,28161394,1771380899999,2824880.776180,9771,17140176,1719395.618870,0
1771380900000,0.100320,0.100480,0.100190,0.100400,20764018,1771381799999,2083984.390780,6547,13995483,1404734.294090,0
1771381800000,0.100390,0.101160,0.100310,0.100950,42591895,1771382699999,4297890.263820,11453,23642659,2384848.710200,0
1771382700000,0.100940,0.100960,0.100670,0.100720,16159382,1771383599999,1628442.240860,5735,8168132,823060.765250,0
1771383600000,0.100720,0.100820,0.100500,0.100730,19340019,1771384499999,1947270.814590,7092,10294217,1036518.967490,0
1771384500000,0.100740,0.101030,0.100690,0.101000,20892544,1771385399999,2107280.546630,6904,11635078,1173700.470280,0
1771385400000,0.101000,0.101420,0.100950,0.101320,45924601,1771386299999,4649849.473340,10311,24814610,2512566.296070,0
1771386300000,0.101320,0.101350,0.101060,0.101180,19629014,1771387199999,1986460.601960,6176,9124101,923437.015460,0
1771387200000,0.101180,0.101210,0.100570,0.100590,26080600,1771388099999,2632020.609330,9495,11659731,1176622.600440,0
1771388100000,0.100590,0.100960,0.100560,0.100850,25897891,1771388999999,2610185.294470,7099,15646585,1576840.266390,0
1771389000000,0.100860,0.101050,0.100650,0.100730,20204745,1771389899999,2037632.800860,5779,9615154,969638.762780,0
1771389900000,0.100740,0.101020,0.100670,0.100920,18875602,1771390799999,1903653.070990,6201,11565691,1166357.640530,0
1771390800000,0.100930,0.100930,0.100600,0.100760,19006429,1771391699999,1915166.478560,6909,9508421,958030.924790,0
1771391700000,0.100760,0.100940,0.100670,0.100690,27450617,1771392599999,2767203.933270,7483,16761545,1689841.320590,0
1771392600000,0.100700,0.100960,0.100630,0.100950,16037582,1771393499999,1616529.782420,5568,8044835,810902.303030,0
1771393500000,0.100950,0.101160,0.100850,0.100980,31377144,1771394399999,3169031.110000,7137,13964618,1411110.754820,0
1771394400000,0.100980,0.101310,0.100940,0.101260,32252143,1771395299999,3262356.431170,8529,19904779,2013498.028730,0
1771395300000,0.101260,0.101290,0.100930,0.101130,31356419,1771396199999,3169494.145930,7136,16715561,1689796.945880,0
1771396200000,0.101130,0.101320,0.100960,0.101170,18985655,1771397099999,1919973.231300,6098,8069256,816195.224900,0
1771397100000,0.101180,0.101370,0.100960,0.100990,20255230,1771397999999,2050227.032370,7077,9263684,937799.357360,0
1771398000000,0.101000,0.101140,0.100790,0.100810,34751471,1771398899999,3508434.626480,8490,19066339,1925273.088840,0
1771398900000,0.100820,0.100900,0.100700,0.100840,16777938,1771399799999,1691318.412940,5161,9386865,946270.439960,0
1771399800000,0.100850,0.101360,0.100840,0.101290,33624481,1771400699999,3401252.003250,8551,23623528,2389452.799050,0
1771400700000,0.101290,0.101710,0.101240,0.101370,53164597,1771401599999,5396501.084660,12307,27426453,2784016.389860,0
1771401600000,0.101380,0.101600,0.101030,0.101320,103077632,1771402499999,10435805.625650,14701,73532065,7443520.654210,0
1771402500000,0.101320,0.101970,0.101260,0.101800,78490325,1771403399999,7977124.537570,17713,45243454,4598259.340090,0
1771403400000,0.101800,0.101930,0.101510,0.101560,26787050,1771404299999,2723524.810240,9563,12032800,1223591.637710,0
1771404300000,0.101570,0.101950,0.101530,0.101720,25468413,1771405199999,2590904.123440,8012,12157553,1236671.425870,0
1771405200000,0.101710,0.101740,0.101280,0.101460,51718724,1771406099999,5250189.695230,11310,25861507,2626227.915850,0
1771406100000,0.101470,0.101510,0.101130,0.101320,23912879,1771406999999,2422358.772890,7560,10419219,1055866.351470,0
1771407000000,0.101330,0.101540,0.101320,0.101520,15102106,1771407899999,1532523.182290,5413,8951279,908390.200470,0
1771407900000,0.101520,0.101540,0.101140,0.101180,19179120,1771408799999,1942566.290180,5624,7782706,788258.010640,0
1771408800000,0.101190,0.101480,0.101160,0.101330,25058871,1771409699999,2538697.746850,7787,15521426,1572556.591240,0
1771409700000,0.101320,0.101370,0.100900,0.100940,39726119,1771410599999,4016118.741600,9055,17334425,1752360.634970,0
1771410600000,0.100940,0.100950,0.100260,0.100380,63081773,1771411499999,6344210.834300,15302,25023304,2516796.996520,0
1771411500000,0.100390,0.100440,0.100170,0.100410,51062960,1771412399999,5123068.880440,12744,25547187,2563130.912090,0
1771412400000,0.100420,0.100520,0.099130,0.099880,138306835,1771413299999,13793531.408880,28929,59615746,5945223.104880,0
1771413300000,0.099890,0.100430,0.099830,0.100320,64862507,1771414199999,6495902.155860,15629,34920029,3498349.435310,0
1771414200000,0.100330,0.100460,0.100230,0.100430,24721037,1771415099999,2480718.983240,9065,14768442,1482095.759520,0
1771415100000,0.100440,0.100610,0.100000,0.100040,69085546,1771415999999,6921851.019370,9334,12065721,1210311.954140,0
1771416000000,0.100050,0.100350,0.099920,0.100030,49077861,1771416899999,4916165.481410,12322,24483975,2453106.705470,0
1771416900000,0.100040,0.100200,0.099900,0.100100,40451966,1771417799999,4047483.398410,10032,26406152,2642527.850620,0
1771417800000,0.100100,0.100420,0.099580,0.100360,67240681,1771418699999,6719870.044910,15230,30024617,3002758.032270,0
1771418700000,0.100370,0.100420,0.100200,0.100230,15220790,1771419599999,1526859.313800,6408,8386901,841418.387430,0
1771419600000,0.100240,0.100390,0.099970,0.100070,22133197,1771420499999,2216275.008050,9278,11537511,1155275.508410,0
1771420500000,0.100080,0.100260,0.099950,0.100150,17182735,1771421399999,1720001.411240,7227,8622870,863167.204680,0
1771421400000,0.100160,0.100190,0.099650,0.099790,65181889,1771422299999,6510360.598110,12789,28892973,2885729.222480,0
1771422300000,0.099800,0.099870,0.099410,0.099820,58270650,1771423199999,5804884.880300,16035,23805908,2372007.100570,0
1771423200000,0.099810,0.100050,0.099700,0.099860,29089715,1771424099999,2906046.872730,11064,13573772,1356015.899210,0
1771424100000,0.099850,0.100030,0.099550,0.099570,39183821,1771424999999,3911311.792870,10406,15261760,1523733.421210,0
1771425000000,0.099570,0.100190,0.099480,0.099900,126199053,1771425899999,12600040.716900,37613,62693713,6259705.137480,0
1771425900000,0.099910,0.100550,0.099330,0.100330,97261115,1771426799999,9722627.811950,27437,51958097,5194890.184230,0
1771426800000,0.100340,0.101140,0.100280,0.100640,110626918,1771427699999,11142528.937110,24804,57516936,5792847.326040,0
1771427700000,0.100640,0.100910,0.100380,0.100590,49529595,1771428599999,4984075.599550,15020,20518848,2065607.351400,0
1771428600000,0.100580,0.102270,0.100540,0.101900,155427003,1771429499999,15803382.529270,32549,84706078,8607107.241670,0
1771429500000,0.101900,0.101990,0.100810,0.101050,134341654,1771430399999,13630647.929000,26477,54301549,5511234.344780,0
1771430400000,0.101060,0.101140,0.099830,0.099960,143339897,1771431299999,14398936.380610,30594,62226325,6251269.896590,0
1771431300000,0.099960,0.100300,0.099830,0.100220,66642839,1771432199999,6668693.301100,16861,39409539,3943649.054780,0
1771432200000,0.100210,0.100240,0.099640,0.100070,53263340,1771433099999,5322279.639750,14650,31019120,3100130.333070,0
1771433100000,0.100060,0.100200,0.099780,0.100090,24276412,1771433999999,2427515.900890,9696,11557028,1155930.274170,0
1771434000000,0.100080,0.100770,0.099930,0.100150,77518539,1771434899999,7781847.480360,17354,40419345,4058630.822120,0
1771434900000,0.100150,0.100270,0.099760,0.099900,33449265,1771435799999,3343504.367850,10060,15538368,1552918.831840,0
1771435800000,0.099900,0.100030,0.099620,0.099710,29271455,1771436699999,2922184.526880,11055,13204970,1318318.853440,0
1771436700000,0.099710,0.099810,0.099450,0.099570,37659823,1771437599999,3750768.470530,11931,17368139,1730008.070730,0
1771437600000,0.099580,0.099850,0.099550,0.099850,34154561,1771438499999,3405051.788760,10865,18329510,1827287.544880,0
1771438500000,0.099850,0.099870,0.098470,0.099130,182976381,1771439399999,18120056.475720,30529,73479682,7277508.430250,0
1771439400000,0.099120,0.099570,0.098520,0.098600,87149250,1771440299999,8629528.812050,21090,40500961,4011912.971310,0
1771440300000,0.098600,0.099230,0.098560,0.098810,59318108,1771441199999,5869604.326780,18086,27495479,2720536.796250,0
1771441200000,0.098820,0.099450,0.098660,0.099060,50620252,1771442099999,5017249.250020,17312,30368359,3010243.466270,0
1771442100000,0.099050,0.099160,0.098290,0.098640,68789289,1771442999999,6790082.255020,20959,30405752,3002932.799750,0
1771443000000,0.098640,0.098710,0.097410,0.098230,222381986,1771443899999,21772136.104070,41218,88103605,8628551.374080,0
1771443900000,0.098230,0.098630,0.098140,0.098460,68999319,1771444799999,6789696.700320,18673,34589204,3403502.718250,0
1771444800000,0.098470,0.098830,0.098310,0.098650,65029435,1771445699999,6411348.475090,19124,32646558,3219943.526260,0
1771445700000,0.098650,0.098840,0.098400,0.098540,33675986,1771446599999,3320188.326440,12820,15318393,1510342.273460,0
1771446600000,0.098540,0.099090,0.098510,0.098770,37439704,1771447499999,3701997.222460,12532,16645017,1645897.792810,0
1771447500000,0.098770,0.099080,0.098350,0.098420,51972629,1771448399999,5125699.232740,13532,22059954,2175540.099100,0
1771448400000,0.098420,0.098560,0.098050,0.098320,48436208,1771449299999,4760495.289630,14384,25691753,2525169.130600,0
1771449300000,0.098330,0.098760,0.098280,0.098710,40104474,1771450199999,3951018.329550,9532,24092981,2373820.250180,0
1771450200000,0.098720,0.098960,0.098670,0.098840,23631678,1771451099999,2335430.287460,7294,12442468,1229661.619770,0
1771451100000,0.098850,0.098900,0.098040,0.098370,78473960,1771451999999,7717858.814500,10028,20082880,1976006.875840,0
1771452000000,0.098380,0.098510,0.097860,0.098060,51274725,1771452899999,5033082.834560,12851,22724581,2230816.783210,0
1771452900000,0.098060,0.098420,0.097970,0.098240,26241239,1771453799999,2575941.488250,8070,11199763,1099506.228260,0
1771453800000,0.098240,0.098590,0.098230,0.098480,31643308,1771454699999,3113767.056760,8617,13134648,1292644.809670,0
1771454700000,0.098490,0.098710,0.098340,0.098370,15796941,1771455599999,1556466.866040,6631,6976907,687485.521780,0
1771455600000,0.098380,0.098440,0.098000,0.098150,31857709,1771456499999,3127853.450860,10589,11081637,1088386.284470,0
1771456500000,0.098150,0.098300,0.098030,0.098120,19203748,1771457399999,1885075.767670,6647,9232945,906486.067220,0
1771457400000,0.098120,0.098470,0.098120,0.098360,15680341,1771458299999,1542053.914520,6378,7680628,755243.749200,0
1771458300000,0.098350,0.098560,0.098290,0.098490,16304065,1771459199999,1604988.668560,5505,9254746,911022.589890,0
1771459200000,0.098500,0.098610,0.098150,0.098220,28772192,1771460099999,2831851.652400,8173,14113887,1389265.732970,0
1771460100000,0.098220,0.098510,0.098090,0.098350,23840608,1771460999999,2343189.342810,7170,11314624,1112110.815870,0
1771461000000,0.098350,0.098500,0.098250,0.098330,23937411,1771461899999,2354590.719980,6775,9351678,920025.865570,0
1771461900000,0.098330,0.098420,0.098050,0.098110,21861197,1771462799999,2146562.617340,6147,12343124,1211744.955950,0
1771462800000,0.098120,0.098940,0.098120,0.098730,58598869,1771463699999,5778254.524640,12688,34661270,3418868.028150,0
1771463700000,0.098740,0.098770,0.098100,0.098230,34256923,1771464599999,3369345.961900,9717,10587145,1040984.182160,0
1771464600000,0.098230,0.098550,0.098100,0.098430,22333727,1771465499999,2197275.945440,8777,12904717,1269725.903420,0
1771465500000,0.098420,0.098790,0.098420,0.098780,12433430,1771466399999,1225822.303760,6385,6160341,607327.410090,0
1771466400000,0.098780,0.098870,0.098530,0.098560,25109444,1771467299999,2477936.297310,9357,8679380,856635.043260,0
1771467300000,0.098560,0.098680,0.098370,0.098530,32793149,1771468199999,3230710.381300,9584,9493958,935580.613040,0
1771468200000,0.098530,0.098550,0.097790,0.097990,70509064,1771469099999,6915036.103930,13949,28616597,2806307.625760,0
1771469100000,0.098000,0.098460,0.097970,0.098390,16970987,1771469999999,1666551.056260,6296,11377936,1117517.229990,0
1771470000000,0.098390,0.098420,0.098030,0.098240,18627755,1771470899999,1829968.011170,7452,6347951,623578.547620,0
1771470900000,0.098230,0.098570,0.098220,0.098570,18246372,1771471799999,1796197.808390,7505,8454592,832269.677530,0
1771471800000,0.098560,0.098590,0.098280,0.098390,14367080,1771472699999,1414438.585200,5701,7593207,747692.998620,0
1771472700000,0.098400,0.098680,0.098350,0.098560,18369411,1771473599999,1809961.858040,5815,10623391,1046579.407490,0
1771473600000,0.098550,0.098990,0.098530,0.098880,27712793,1771474499999,2739014.771980,9215,15928345,1574301.544780,0
1771474500000,0.098880,0.098940,0.098570,0.098660,14828334,1771475399999,1463716.729770,5870,4187011,413375.472320,0
1771475400000,0.098670,0.099230,0.098650,0.098790,57355075,1771476299999,5676702.897370,9440,22337168,2210931.193400,0
1771476300000,0.098800,0.098940,0.098660,0.098670,28075894,1771477199999,2774644.389650,7142,14866042,1469292.207190,0
1771477200000,0.098680,0.098830,0.098410,0.098510,35122358,1771478099999,3460884.058390,10239,12537861,1235650.315550,0
1771478100000,0.098510,0.098680,0.096650,0.097180,288778349,1771478999999,28130687.128790,40798,111607203,10865743.197390,0
1771479000000,0.097190,0.097730,0.097130,0.097470,58008579,1771479899999,5653635.105230,13470,33097372,3225748.984140,0
1771479900000,0.097460,0.097700,0.097330,0.097440,35505532,1771480799999,3461736.028180,9565,17583346,1714355.518810,0
1771480800000,0.097440,0.098170,0.097370,0.098130,48198363,1771481699999,4719630.659210,13061,28110869,2752020.351320,0
1771481700000,0.098120,0.098470,0.098070,0.098390,52117920,1771482599999,5122624.942380,13343,31436765,3090196.898120,0
1771482600000,0.098400,0.098740,0.098240,0.098240,56330411,1771483499999,5547406.842480,13166,25970612,2558031.780980,0
1771483500000,0.098250,0.098530,0.098190,0.098430,18887190,1771484399999,1858107.718450,7244,10436326,1026737.533860,0
1771484400000,0.098430,0.098470,0.098110,0.098260,24208786,1771485299999,2378651.398720,9564,14405195,1415426.610780,0
1771485300000,0.098260,0.098580,0.098220,0.098390,40013585,1771486199999,3937438.171830,9622,19812448,1949732.291040,0
1771486200000,0.098390,0.098750,0.098320,0.098450,63068183,1771487099999,6215741.585960,11655,45920197,4526410.474890,0
1771487100000,0.098450,0.098480,0.098140,0.098290,31467194,1771487999999,3092887.849090,8872,14992343,1473447.013480,0
1771488000000,0.098290,0.098330,0.097940,0.098020,32065328,1771488899999,3146484.488520,10652,13728674,1347209.074530,0
1771488900000,0.098020,0.098100,0.097710,0.097830,41733043,1771489799999,4086340.251950,10785,18874613,1848647.846060,0
1771489800000,0.097830,0.097830,0.097070,0.097380,95488562,1771490699999,9294386.333330,16963,52633139,5121596.193790,0
1771490700000,0.097380,0.097540,0.097260,0.097420,41111397,1771491599999,4003950.955320,9919,14015823,1365098.406200,0
1771491600000,0.097420,0.097560,0.097090,0.097460,42106976,1771492499999,4101552.058080,13945,19909923,1939608.088890,0
1771492500000,0.097460,0.098050,0.097340,0.097850,71091523,1771493399999,6953245.052210,12537,46912262,4588491.855030,0
1771493400000,0.097840,0.097880,0.097570,0.097780,33674965,1771494299999,3290944.260590,7943,12823335,1253242.609440,0
1771494300000,0.097780,0.097800,0.097220,0.097430,34916717,1771495199999,3400410.367210,10605,15024126,1463344.916560,0
1771495200000,0.097430,0.097710,0.097140,0.097550,37999501,1771496099999,3703180.454920,12979,21704992,2115419.968480,0
1771496100000,0.097550,0.097840,0.097520,0.097720,18682708,1771496999999,1825397.170880,7180,9495497,927737.575230,0
1771497000000,0.097730,0.097900,0.097610,0.097830,18414029,1771497899999,1800601.106000,7374,10272570,1004511.934320,0
1771497900000,0.097840,0.097940,0.097540,0.097700,27467018,1771498799999,2684527.402850,6731,13193075,1289315.420120,0
1771498800000,0.097700,0.097710,0.097520,0.097650,26533086,1771499699999,2590135.952970,7401,11960555,1167505.047830,0
1771499700000,0.097660,0.097880,0.097620,0.097810,23458073,1771500599999,2293654.732360,6608,12449419,1217280.036270,0
1771500600000,0.097810,0.097980,0.097610,0.097800,30088597,1771501499999,2941812.583110,8930,16785961,1641143.217460,0
1771501500000,0.097790,0.097890,0.097410,0.097640,84330377,1771502399999,8232146.551350,11945,33168798,3237344.466300,0
1771502400000,0.097640,0.097760,0.097360,0.097560,44238719,1771503299999,4316638.199650,12259,20660673,2016178.868170,0
1771503300000,0.097560,0.097740,0.097380,0.097680,34455707,1771504199999,3362938.735720,9407,16818641,1641588.110180,0
1771504200000,0.097670,0.097810,0.097460,0.097600,33701788,1771505099999,3291536.501840,8395,12934351,1263296.485440,0
1771505100000,0.097600,0.097640,0.097410,0.097460,20992497,1771505999999,2046835.722570,5817,11613652,1132446.709430,0
1771506000000,0.097470,0.097580,0.096850,0.097400,83029335,1771506899999,8069308.506940,16806,35423849,3444183.564400,0
1771506900000,0.097410,0.097570,0.097070,0.097120,54706220,1771507799999,5326309.542160,13068,26748523,2604482.147880,0
1771507800000,0.097120,0.097480,0.096340,0.096600,129672524,1771508699999,12555100.633640,23328,52165995,5052178.305700,0
1771508700000,0.096610,0.097040,0.096370,0.096920,73381449,1771509599999,7100383.590800,18635,40101091,3880657.211790,0
1771509600000,0.096920,0.097210,0.096900,0.097100,81568293,1771510499999,7916327.842450,14443,33637165,3264181.804830,0
1771510500000,0.097100,0.097140,0.096530,0.097050,52218234,1771511399999,5057612.148180,11916,26125807,2530191.287900,0
1771511400000,0.097050,0.097850,0.096670,0.097630,171371232,1771512299999,16685372.019090,33326,100709261,9810631.116960,0
1771512300000,0.097640,0.098290,0.097330,0.097900,153566017,1771513199999,15033125.170640,27909,94882269,9288265.626600,0
1771513200000,0.097900,0.098240,0.096900,0.097040,84021920,1771514099999,8196629.374750,24632,33593187,3278029.819500,0
1771514100000,0.097030,0.097390,0.096460,0.096730,114719411,1771514999999,11122359.491360,23805,52966811,5136130.552770,0
1771515000000,0.096730,0.097320,0.096480,0.097180,48774726,1771515899999,4726196.976890,16869,25204569,2442733.786050,0
1771515900000,0.097180,0.097340,0.096520,0.096800,49052169,1771516799999,4751962.614250,13250,26374910,2555430.866290,0
1771516800000,0.096800,0.096800,0.095450,0.096280,204956183,1771517699999,19666248.238540,33880,88874772,8527155.437980,0
1771517700000,0.096290,0.097010,0.096130,0.096350,105420111,1771518599999,10189542.209300,20560,64155040,6203783.141480,0
1771518600000,0.096350,0.097230,0.096350,0.096850,62075924,1771519499999,6018930.698250,18187,28942336,2805927.935340,0
1771519500000,0.096850,0.097030,0.096410,0.096750,54274274,1771520399999,5249176.970940,15948,28185131,2726980.716540,0
1771520400000,0.096760,0.097450,0.096610,0.097340,54979535,1771521299999,5333171.239120,17196,30035984,2913940.477960,0
1771521300000,0.097340,0.098160,0.097220,0.097310,114489978,1771522199999,11193544.478130,28002,58062868,5675995.959830,0
1771522200000,0.097310,0.097440,0.096950,0.097200,50523626,1771523099999,4911536.466630,15137,26666328,2592776.402170,0
1771523100000,0.097210,0.097340,0.096430,0.096760,57090125,1771523999999,5524946.964690,17848,29088459,2814917.009370,0
1771524000000,0.096760,0.097580,0.096690,0.097550,56568695,1771524899999,5491522.144040,18493,26512979,2574307.767400,0
1771524900000,0.097540,0.098020,0.097140,0.097850,73662845,1771525799999,7195358.382570,18718,35698646,3487142.380650,0
1771525800000,0.097840,0.098120,0.097540,0.098080,44703024,1771526699999,4372531.198790,15013,23114103,2261345.767530,0
1771526700000,0.098070,0.098250,0.097930,0.098170,43706628,1771527599999,4287419.141510,14510,23644915,2319707.992030,0
1771527600000,0.098170,0.098430,0.097810,0.097870,53553217,1771528499999,5252730.742560,16607,28787746,2824558.691910,0
1771528500000,0.097880,0.097890,0.097420,0.097510,56284619,1771529399999,5498486.925720,10934,37950098,3708898.546370,0
1771529400000,0.097520,0.097610,0.097190,0.097430,40268610,1771530299999,3922033.569400,12057,25186131,2453485.068250,0
1771530300000,0.097430,0.098150,0.097330,0.098060,49576258,1771531199999,4850384.930180,11674,32125224,3142144.700750,0
1771531200000,0.098050,0.098060,0.097510,0.097560,34922679,1771532099999,3413676.469330,11771,16902728,1652225.178430,0
1771532100000,0.097570,0.097640,0.097290,0.097600,30415737,1771532999999,2965241.908750,8582,17461716,1702330.573250,0
1771533000000,0.097600,0.097900,0.097560,0.097690,32917197,1771533899999,3217805.263390,8616,14691073,1436064.183570,0
1771533900000,0.097690,0.098180,0.097690,0.097790,26866257,1771534799999,2630801.054760,7908,15069795,1475695.635930,0
1771534800000,0.097800,0.097960,0.097710,0.097760,17864104,1771535699999,1748095.191210,7500,8984003,879208.869350,0
1771535700000,0.097760,0.098120,0.097720,0.098010,23206639,1771536599999,2272795.861220,6100,13064590,1279406.369640,0
1771536600000,0.098010,0.098130,0.097840,0.097840,16488121,1771537499999,1615507.894580,6074,6494892,636500.626700,0
1771537500000,0.097850,0.098000,0.097620,0.097700,14261545,1771538399999,1395387.555510,5280,7208526,705438.559630,0
1771538400000,0.097700,0.098320,0.097630,0.098090,38571195,1771539299999,3779732.654330,10247,23746385,2327397.921810,0
1771539300000,0.098090,0.098110,0.097700,0.097770,27686229,1771540199999,2710546.392830,6977,12595548,1233141.148710,0
1771540200000,0.097760,0.097800,0.097500,0.097790,20252075,1771541099999,1977426.025450,6425,10485410,1023920.251510,0
1771541100000,0.097790,0.098130,0.097650,0.098020,42178654,1771541999999,4132361.207060,9033,28837489,2825593.980540,0
1771542000000,0.098010,0.098130,0.097770,0.097890,16269410,1771542899999,1593327.810550,7859,8034013,786786.581620,0
1771542900000,0.097890,0.098190,0.097890,0.098180,16149918,1771543799999,1583945.255640,5163,9111664,893613.924770,0
1771543800000,0.098180,0.098270,0.098100,0.098220,13240152,1771544699999,1299816.958930,5042,5764100,565931.591430,0
1771544700000,0.098220,0.098340,0.098170,0.098310,14452206,1771545599999,1420253.464320,5462,8798145,864686.077750,0
1771545600000,0.098310,0.098570,0.098120,0.098560,31111054,1771546499999,3057916.236220,8849,18291936,1798333.279690,0
1771546500000,0.098570,0.099110,0.098360,0.098980,73674681,1771547399999,7275834.489120,14896,43201484,4266486.195430,0
1771547400000,0.098980,0.099000,0.098670,0.098720,33307044,1771548299999,3291648.803050,9457,18068849,1785637.492210,0
1771548300000,0.098720,0.098820,0.098600,0.098640,13570489,1771549199999,1339443.752130,5475,5645486,557267.569330,0
1771549200000,0.098650,0.098980,0.098620,0.098940,21764326,1771550099999,2150708.662740,7332,12557051,1240819.660270,0
1771550100000,0.098930,0.099030,0.098650,0.098790,23675905,1771550999999,2340070.239140,7019,11451410,1131995.390100,0
1771551000000,0.098790,0.099110,0.098740,0.098960,25990019,1771551899999,2572245.068610,7704,11686664,1156503.717580,0
1771551900000,0.098960,0.098970,0.098610,0.098770,24107812,1771552799999,2380171.357630,7777,13402419,1323021.127810,0
1771552800000,0.098780,0.099080,0.098700,0.098890,49067522,1771553699999,4853456.119600,7701,33314395,3294716.115340,0
1771553700000,0.098900,0.098970,0.098780,0.098860,16973591,1771554599999,1678484.539100,6130,9085307,898468.893700,0
1771554600000,0.098870,0.099440,0.098860,0.099330,45778530,1771555499999,4541993.663760,10945,25705301,2550255.063530,0
1771555500000,0.099340,0.099340,0.099020,0.099050,23397035,1771556399999,2319620.494420,7779,9622644,954127.074280,0
1771556400000,0.099050,0.099190,0.098900,0.098970,21297686,1771557299999,2108847.013640,7122,10612148,1050944.682140,0
1771557300000,0.098970,0.099290,0.098880,0.099150,23634897,1771558199999,2341613.822610,6783,13323476,1320284.380650,0
1771558200000,0.099150,0.099190,0.098760,0.098790,26265334,1771559099999,2598489.665200,8557,10781111,1066782.877760,0
1771559100000,0.098790,0.098800,0.098470,0.098680,30571896,1771559999999,3015699.215030,8118,14348105,1415380.843940,0
1771560000000,0.098690,0.098830,0.098450,0.098700,40802215,1771560899999,4025901.526010,10249,21447941,2116640.689320,0
1771560900000,0.098710,0.098830,0.098140,0.098350,56809633,1771561799999,5589605.357010,13198,24639273,2423704.490580,0
1771561800000,0.098350,0.098750,0.098190,0.098680,18151212,1771562699999,1787855.265410,6946,8720460,858993.465890,0
1771562700000,0.098670,0.098700,0.098470,0.098610,33822006,1771563599999,3334363.550220,7120,22592506,2227333.359180,0
1771563600000,0.098620,0.098710,0.098450,0.098560,21835975,1771564499999,2152580.779070,7607,9061843,893363.366260,0
1771564500000,0.098560,0.098750,0.098340,0.098680,24668202,1771565399999,2431040.381910,7976,10999731,1083941.887440,0
1771565400000,0.098670,0.099770,0.098670,0.099430,115650332,1771566299999,11494134.697570,22624,59103494,5873027.864680,0
1771566300000,0.099430,0.099530,0.098950,0.098980,43535058,1771567199999,4320617.961780,12657,17994229,1786178.239640,0
1771567200000,0.098980,0.099090,0.098790,0.098880,39660840,1771568099999,3924380.156880,10140,20772437,2055694.288640,0
1771568100000,0.098890,0.099150,0.098640,0.098700,45020034,1771568999999,4451855.581100,9460,25554032,2528087.140440,0
1771569000000,0.098710,0.098850,0.098550,0.098650,34113549,1771569899999,3366564.145140,8776,13509002,1333368.192870,0
1771569900000,0.098650,0.098950,0.098630,0.098870,21711995,1771570799999,2145973.949370,5968,13549375,1339356.854090,0
1771570800000,0.098880,0.098880,0.098580,0.098630,24602798,1771571699999,2427900.657180,6699,14138653,1395168.444590,0
1771571700000,0.098630,0.098810,0.098600,0.098730,26474175,1771572599999,2613227.572130,7061,18124482,1789038.029040,0
1771572600000,0.098720,0.098780,0.098570,0.098630,16089078,1771573499999,1587706.522140,6567,7079749,698710.024760,0
1771573500000,0.098630,0.098810,0.098360,0.098540,25481010,1771574399999,2511183.475580,7424,8915200,878899.935810,0
1771574400000,0.098530,0.098880,0.098510,0.098740,19723089,1771575299999,1946489.922770,7180,9552088,942825.357060,0
1771575300000,0.098750,0.098950,0.098650,0.098740,18309656,1771576199999,1809062.413390,6180,7804103,771206.427750,0
1771576200000,0.098730,0.098840,0.098540,0.098630,17303703,1771577099999,1707101.129780,6451,9236515,911243.210680,0
1771577100000,0.098630,0.098740,0.098170,0.098510,94332817,1771577999999,9282306.489110,11802,31582118,3108801.550410,0
1771578000000,0.098500,0.099180,0.098420,0.099070,84064323,1771578899999,8315223.953920,17206,47149487,4664635.268630,0
1771578900000,0.099060,0.099180,0.099000,0.099060,36642779,1771579799999,3630870.700050,9584,18225517,1806025.988390,0
1771579800000,0.099060,0.099300,0.099000,0.099140,39742308,1771580699999,3940289.682990,8699,24658929,2444910.332960,0
1771580700000,0.099140,0.099250,0.099060,0.099120,14241973,1771581599999,1411924.279980,5488,8068700,799941.090930,0
1771581600000,0.099110,0.099380,0.098970,0.099030,51232094,1771582499999,5081240.593150,11340,24857543,2465639.527710,0
1771582500000,0.099030,0.099290,0.098960,0.099260,34725155,1771583399999,3441679.062380,8132,20934881,2074707.798830,0
1771583400000,0.099260,0.099380,0.099070,0.099110,20911321,1771584299999,2075953.996070,6752,10606017,1053127.489840,0
1771584300000,0.099110,0.099170,0.098910,0.099100,39115297,1771585199999,3874079.102980,8760,21088579,2088625.876990,0
1771585200000,0.099100,0.099140,0.098740,0.098810,47466386,1771586099999,4694688.307680,10890,18948378,1874557.298590,0
1771586100000,0.098820,0.098930,0.098670,0.098860,33240135,1771586999999,3284271.892810,8067,19915631,1967805.086470,0
1771587000000,0.098860,0.098930,0.098400,0.098420,41013903,1771587899999,4044275.259860,8458,19098403,1883089.138950,0
1771587900000,0.098420,0.098610,0.098250,0.098420,40896702,1771588799999,4025982.891070,9280,19176254,1887842.787410,0
1771588800000,0.098420,0.098660,0.098270,0.098610,42794265,1771589699999,4215571.837720,10149,27167619,2676485.332530,0
1771589700000,0.098610,0.098860,0.098360,0.098400,102049879,1771590599999,10068119.301670,15967,61772374,6096536.817980,0
1771590600000,0.098400,0.098470,0.098220,0.098300,24860624,1771591499999,2444643.646290,7781,8752475,860739.283160,0
1771591500000,0.098300,0.098670,0.098140,0.098350,33162517,1771592399999,3262704.044910,8189,15782442,1553461.461410,0
1771592400000,0.098350,0.098350,0.097310,0.097930,173219449,1771593299999,16934031.039550,25980,52596607,5142240.784700,0
1771593300000,0.097930,0.098050,0.097120,0.097570,140165293,1771594199999,13662179.408840,17091,82911816,8077595.701780,0
1771594200000,0.097570,0.097570,0.095560,0.095860,259841511,1771595099999,25027999.751780,49551,102834862,9903583.146400,0
1771595100000,0.095860,0.096460,0.095840,0.096210,123833291,1771595999999,11907532.113890,23600,62765133,6034118.428260,0
1771596000000,0.096220,0.096790,0.096140,0.096670,93163309,1771596899999,8989701.727330,17657,55598240,5364375.828970,0
1771596900000,0.096670,0.097450,0.096550,0.097250,75588964,1771597799999,7328261.710130,16853,36458104,3534408.698350,0
1771597800000,0.097240,0.098470,0.097050,0.097820,164722831,1771598699999,16128620.026020,36049,80355684,7868393.850360,0
1771598700000,0.097830,0.098210,0.097600,0.097830,76899643,1771599599999,7523273.195120,18754,39353133,3850621.673530,0
1771599600000,0.097840,0.100560,0.097830,0.098100,471670100,1771600499999,46837526.570530,87687,227806125,22641235.930240,0
1771600500000,0.098100,0.099800,0.098010,0.099800,148061730,1771601399999,14654961.761290,40302,82848224,8203610.346010,0
1771601400000,0.099800,0.099930,0.098620,0.099030,139893345,1771602299999,13884426.973670,37852,81354040,8075173.498240,0
1771602300000,0.099030,0.100260,0.098850,0.100260,153169342,1771603199999,15268173.804560,30319,90555664,9027453.292980,0
1771603200000,0.100260,0.102240,0.100090,0.101840,383906714,1771604099999,38892137.287890,70746,213708929,21644656.961840,0
1771604100000,0.101850,0.102360,0.100860,0.100980,224777062,1771604999999,22833947.475530,49499,106470239,10815883.058150,0
1771605000000,0.100980,0.100980,0.099930,0.100210,118778040,1771605899999,11932526.512260,32383,57869983,5815423.688230,0
1771605900000,0.100210,0.101360,0.100010,0.101130,88628457,1771606799999,8920079.855050,26525,48613623,4893677.529600,0
1771606800000,0.101130,0.101150,0.098920,0.099040,176167435,1771607699999,17603842.425000,37866,67564335,6755729.490770,0
1771607700000,0.099030,0.099580,0.098600,0.099430,223827515,1771608599999,22188558.116970,41464,133846355,13270838.308470,0
1771608600000,0.099430,0.100360,0.099230,0.100140,82848613,1771609499999,8270657.610110,28399,33924593,3386836.209440,0
1771609500000,0.100140,0.101440,0.100020,0.101260,135523292,1771610399999,13667509.018160,37837,79365355,8003710.859430,0
1771610400000,0.101250,0.101320,0.100720,0.100800,77309310,1771611299999,7807987.029220,25213,43152229,4358831.028590,0
1771611300000,0.100800,0.101250,0.100550,0.101190,56727127,1771612199999,5722223.514950,20988,29460873,2972355.331220,0
1771612200000,0.101190,0.101920,0.100710,0.101280,110237583,1771613099999,11164934.918600,39974,51763712,5243637.180730,0
1771613100000,0.101280,0.101960,0.100990,0.101430,69856494,1771613999999,7085575.060790,23853,36789935,3733359.932130,0
1771614000000,0.101430,0.101700,0.100600,0.100680,50721272,1771614899999,5124821.288330,19754,23652570,2390621.720450,0
1771614900000,0.100690,0.100900,0.100290,0.100460,56240195,1771615799999,5658322.045790,15479,25474229,2562519.590010,0
1771615800000,0.100460,0.100790,0.100070,0.100190,34151879,1771616699999,3432060.278190,13364,16054639,1613580.250800,0
1771616700000,0.100190,0.100300,0.099960,0.100200,34204438,1771617599999,3424451.265090,11527,17533851,1755969.594830,0
1771617600000,0.100190,0.101140,0.100120,0.101120,57034658,1771618499999,5746971.771970,17158,38006523,3828767.947200,0
1771618500000,0.101110,0.101110,0.100290,0.100370,36958108,1771619399999,3716744.994950,12241,19899398,2000865.709270,0
1771619400000,0.100360,0.100830,0.100140,0.100770,21151737,1771620299999,2126360.621750,11001,10874078,1092861.603300,0
1771620300000,0.100780,0.100800,0.100410,0.100640,17911557,1771621199999,1801867.986110,9412,7646651,769255.137370,0
1771621200000,0.100640,0.100800,0.100440,0.100580,27015113,1771622099999,2718635.342890,10787,15899434,1600083.017770,0
1771622100000,0.100570,0.100610,0.100390,0.100570,13307532,1771622999999,1337137.301860,6499,4995520,501982.827030,0
1771623000000,0.100560,0.100570,0.100380,0.100430,13886434,1771623899999,1395019.120940,6866,4951660,497471.930220,0
1771623900000,0.100430,0.100470,0.100190,0.100250,18014959,1771624799999,1807380.206030,6663,6556938,657781.928380,0
1771624800000,0.100250,0.100290,0.099610,0.099840,62547254,1771625699999,6249764.935140,15136,23930783,2391697.565040,0
1771625700000,0.099840,0.100470,0.099780,0.100280,46445204,1771626599999,4649471.003210,12944,29471063,2950614.755640,0
1771626600000,0.100280,0.100480,0.099920,0.099980,21133289,1771627499999,2118095.088420,9199,10782491,1080619.029230,0
1771627500000,0.099990,0.100350,0.099880,0.100320,17483071,1771628399999,1751917.608030,7762,10251138,1027257.126200,0
1771628400000,0.100310,0.100550,0.100110,0.100170,22604215,1771629299999,2268144.990850,10296,11257027,1129549.160820,0
1771629300000,0.100170,0.100330,0.100040,0.100290,17860227,1771630199999,1789027.559160,6142,10843492,1086113.872820,0
1771630200000,0.100280,0.100290,0.099910,0.099950,25535428,1771631099999,2555024.992610,8865,10903435,1091016.854310,0
1771631100000,0.099950,0.100170,0.099950,0.100040,21192294,1771631999999,2120758.114950,7485,10400762,1040781.430310,0
1771632000000,0.100040,0.100260,0.099810,0.099990,52389741,1771632899999,5240858.693560,11620,28923392,2894461.698670,0
1771632900000,0.100000,0.100060,0.099730,0.099950,24312721,1771633799999,2428796.593080,7586,13630824,1361660.226390,0
1771633800000,0.099940,0.099940,0.098970,0.099300,105753151,1771634699999,10520168.847620,15795,30554681,3041512.717320,0
1771634700000,0.099300,0.099350,0.099100,0.099310,54416456,1771635599999,5398482.633640,10955,21981222,2180671.234080,0
1771635600000,0.099320,0.099940,0.099300,0.099940,29311639,1771636499999,2921472.351860,9857,16460310,1640687.163300,0
1771636500000,0.099930,0.099990,0.099610,0.099720,26631615,1771637399999,2657269.206290,7834,10104097,1008182.951230,0
1771637400000,0.099720,0.100280,0.099670,0.100080,43597317,1771638299999,4360506.755350,8512,31493165,3150208.064700,0
1771638300000,0.100080,0.100160,0.099970,0.100060,15949345,1771639199999,1595628.373210,6373,7317535,732078.075130,0
1771639200000,0.100070,0.100080,0.099680,0.099740,19806607,1771640099999,1976841.855620,7616,8647733,863193.135540,0
1771640100000,0.099740,0.100210,0.099700,0.100070,22560370,1771640999999,2256222.527840,7841,12958418,1295988.240590,0
1771641000000,0.100070,0.100230,0.099990,0.100230,16924919,1771641899999,1694456.049650,6376,9507821,951932.929910,0
1771641900000,0.100230,0.100250,0.099990,0.100070,13436173,1771642799999,1344925.021400,5575,7396385,740481.985450,0
1771642800000,0.100080,0.100100,0.099450,0.099680,67890153,1771643699999,6767052.528210,12764,22517252,2243700.887300,0
1771643700000,0.099680,0.099950,0.099630,0.099930,21553035,1771644599999,2151802.654110,5317,11611097,1159152.031030,0
1771644600000,0.099930,0.100050,0.099570,0.099780,32323163,1771645499999,3226308.287930,6948,12108348,1208875.719180,0
1771645500000,0.099780,0.099900,0.099690,0.099900,12431471,1771646399999,1240237.697190,4458,7797172,777941.369830,0
1771646400000,0.099890,0.099950,0.099810,0.099890,14042109,1771647299999,1402469.025760,5802,7878682,786944.466260,0
1771647300000,0.099890,0.099950,0.099700,0.099850,10884503,1771648199999,1086701.517980,4747,6178680,616818.305310,0
1771648200000,0.099850,0.100030,0.099790,0.099810,14260238,1771649099999,1424905.285890,5456,7453938,744943.248560,0
1771649100000,0.099810,0.099880,0.099720,0.099810,11815459,1771649999999,1179104.540840,5447,6164817,615226.567270,0
1771650000000,0.099810,0.100010,0.099800,0.099910,32305777,1771650899999,3228488.112630,6877,16886438,1687575.647670,0
1771650900000,0.099910,0.100060,0.099890,0.099930,16594867,1771651799999,1659020.470150,4657,8280925,827933.514010,0
1771651800000,0.099930,0.100080,0.099880,0.100020,12036784,1771652699999,1203460.062210,4268,6746149,674485.781270,0
1771652700000,0.100020,0.100060,0.099850,0.099930,9478304,1771653599999,947296.892100,3759,4313439,431145.614300,0
1771653600000,0.099920,0.100000,0.099820,0.100000,15536730,1771654499999,1551934.083190,5376,7209422,720166.371200,0
1771654500000,0.100000,0.100020,0.099870,0.099910,10306390,1771655399999,1030118.446420,4091,5159595,515725.552460,0
1771655400000,0.099910,0.099920,0.099600,0.099740,39378992,1771656299999,3926316.129470,6193,16067447,1601996.634530,0
1771656300000,0.099740,0.099880,0.099730,0.099850,18793146,1771657199999,1875665.360220,4160,8156096,813999.855310,0
1771657200000,0.099850,0.099990,0.099710,0.099920,11078580,1771658099999,1106355.090780,5109,5976364,596846.983340,0
1771658100000,0.099930,0.100030,0.099900,0.100020,18291223,1771658999999,1828640.063880,3657,9057589,905543.635590,0
1771659000000,0.100030,0.100170,0.099880,0.100000,35805076,1771659899999,3581852.997830,7640,17423875,1743181.306050,0
1771659900000,0.100010,0.100080,0.099940,0.100040,6813197,1771660799999,681278.487710,3772,3557415,355735.679030,0
1771660800000,0.100040,0.100090,0.099850,0.100000,15789895,1771661699999,1578430.482110,5604,7125407,712418.843740,0
1771661700000,0.100010,0.100090,0.099950,0.100010,25237733,1771662599999,2524617.537930,5259,9271993,927472.480450,0
1771662600000,0.100020,0.100100,0.099860,0.100040,19724647,1771663499999,1971883.826410,5287,8581022,857950.596690,0
1771663500000,0.100050,0.100390,0.099930,0.100340,50137361,1771664399999,5021569.604200,8702,24231430,2427507.613840,0
1771664400000,0.100340,0.100400,0.100110,0.100130,36432120,1771665299999,3651716.150730,8109,14772533,1480813.405180,0
1771665300000,0.100120,0.100870,0.100100,0.100810,57361495,1771666199999,5769029.512680,12781,32358941,3255113.827040,0
1771666200000,0.100800,0.100940,0.100480,0.100600,31550456,1771667099999,3177224.044280,9376,14368007,1447256.477290,0
1771667100000,0.100600,0.100630,0.100270,0.100280,30597565,1771667999999,3072728.948910,7335,10327150,1037294.827930,0
1771668000000,0.100270,0.100350,0.100170,0.100290,28459050,1771668899999,2853693.751430,6805,10822673,1085272.182590,0
1771668900000,0.100290,0.100410,0.100250,0.100350,17717105,1771669799999,1777457.332360,5117,8547044,857562.364810,0
1771669800000,0.100350,0.100460,0.100190,0.100220,19369974,1771670699999,1943526.556120,5880,9351004,938293.731860,0
1771670700000,0.100220,0.100220,0.099910,0.100080,28574242,1771671599999,2858493.065270,7027,11831086,1183566.471230,0
1771671600000,0.100080,0.100180,0.099900,0.100060,41721921,1771672499999,4173770.443880,8945,23737514,2374935.911960,0
1771672500000,0.100050,0.100310,0.099920,0.099990,29761083,1771673399999,2978867.573710,7652,14288353,1430151.436160,0
1771673400000,0.099990,0.100010,0.099720,0.099890,51545449,1771674299999,5147737.581360,8754,25684457,2565724.652280,0
1771674300000,0.099890,0.100070,0.099850,0.099980,11914143,1771675199999,1191108.002000,4424,5978491,597714.644170,0
1771675200000,0.099990,0.100170,0.099830,0.099950,27756242,1771676099999,2774780.743320,8224,12911292,1291034.528820,0
1771676100000,0.099950,0.100030,0.099790,0.099840,19463328,1771676999999,1944358.222450,5780,9693429,968438.397570,0
1771677000000,0.099830,0.099930,0.099610,0.099900,39594639,1771677899999,3949201.109990,8386,20700085,2065034.267140,0
1771677900000,0.099900,0.100120,0.099850,0.100100,24325945,1771678799999,2433005.434960,6462,14100482,1410376.970900,0
1771678800000,0.100110,0.100230,0.100000,0.100090,21400012,1771679699999,2143151.860470,5945,8208874,822020.242490,0
1771679700000,0.100090,0.100150,0.099940,0.100050,13827197,1771680599999,1383085.174740,4651,6789753,679130.774300,0
1771680600000,0.100060,0.100180,0.099960,0.100000,10823918,1771681499999,1083090.209490,4347,5493675,549710.541880,0
1771681500000,0.100010,0.100440,0.099990,0.100440,21903172,1771682399999,2195504.661150,5463,11821794,1185130.343370,0
1771682400000,0.100430,0.100440,0.100130,0.100180,29160111,1771683299999,2923372.551990,8721,14302565,1433881.422540,0
1771683300000,0.100170,0.100750,0.100010,0.100410,91207484,1771684199999,9160570.472570,16684,49963051,5016899.516210,0
1771684200000,0.100400,0.100700,0.100310,0.100480,49501858,1771685099999,4977839.250750,11528,24909491,2504735.745360,0
1771685100000,0.100490,0.100720,0.100340,0.100440,60104925,1771685999999,6041107.015870,8673,18781624,1887894.843420,0
1771686000000,0.100430,0.100490,0.100160,0.100190,34841059,1771686899999,3494149.712790,9496,18743936,1879773.770130,0
1771686900000,0.100180,0.100410,0.100050,0.100100,25599689,1771687799999,2566138.259470,7562,11843126,1187201.926640,0
1771687800000,0.100090,0.100240,0.099910,0.100150,81487931,1771688699999,8157989.289840,10562,60464932,6054077.270200,0
1771688700000,0.100140,0.100190,0.099940,0.099960,22965177,1771689599999,2297949.994960,6277,10545333,1055281.767240,0
1771689600000,0.099960,0.100000,0.099310,0.099640,99066202,1771690499999,9866695.081290,19386,43481753,4330368.708400,0
1771690500000,0.099640,0.099860,0.099320,0.099800,45916759,1771691399999,4574959.298010,11335,26875819,2678280.055260,0
1771691400000,0.099790,0.099830,0.099530,0.099740,27067357,1771692299999,2698609.715030,7168,13198850,1315909.707110,0
1771692300000,0.099740,0.099750,0.099560,0.099590,16649109,1771693199999,1659075.356490,4965,7887680,785992.003130,0
1771693200000,0.099590,0.099590,0.098720,0.099380,109660556,1771694099999,10881608.912650,16699,41749065,4143678.529570,0
1771694100000,0.099390,0.099420,0.099150,0.099250,28253156,1771694999999,2805168.145390,6609,12030665,1194577.152230,0
1771695000000,0.099260,0.099660,0.099180,0.099520,29921397,1771695899999,2974600.257610,7382,15457697,1537369.896870,0
1771695900000,0.099520,0.099600,0.099320,0.099390,14209743,1771696799999,1413324.823270,4998,6154330,612249.225580,0
1771696800000,0.099390,0.099720,0.099360,0.099570,15407509,1771697699999,1534643.415460,6815,9603112,956472.661680,0
1771697700000,0.099580,0.099740,0.099470,0.099520,11635027,1771698599999,1159172.634390,4941,5041726,502273.552740,0
1771698600000,0.099530,0.099750,0.099480,0.099700,16906078,1771699499999,1684482.717110,5943,9048361,901602.698450,0
1771699500000,0.099690,0.099930,0.099630,0.099780,27121681,1771700399999,2707193.883790,6925,15087300,1505851.199010,0
1771700400000,0.099790,0.099830,0.099440,0.099470,25738211,1771701299999,2562402.453970,7587,11313095,1126147.822310,0
1771701300000,0.099470,0.099540,0.099330,0.099510,14667699,1771702199999,1458561.325210,4222,7070058,703114.955330,0
1771702200000,0.099510,0.099620,0.099420,0.099520,10110016,1771703099999,1006253.043370,4188,5947774,591975.137970,0
1771703100000,0.099520,0.099540,0.099320,0.099410,9072087,1771703999999,901890.351370,3216,4362209,433635.261830,0
1771704000000,0.099410,0.099470,0.099200,0.099270,17178655,1771704899999,1706074.477500,5392,5713848,567656.749640,0
1771704900000,0.099280,0.099530,0.099270,0.099450,12202268,1771705799999,1213231.793960,4203,6853204,681303.140090,0
1771705800000,0.099450,0.099460,0.099100,0.099190,26315648,1771706699999,2611275.773840,6430,12152364,1205531.190510,0
1771706700000,0.099190,0.099240,0.098740,0.098800,52351183,1771707599999,5183202.789420,8714,17207537,1704112.367220,0
1771707600000,0.098800,0.098950,0.098560,0.098830,46715685,1771708499999,4615924.660940,10483,19639689,1941394.251640,0
1771708500000,0.098830,0.099130,0.098800,0.099080,21031050,1771709399999,2082329.084730,5459,13578313,1344413.971760,0
1771709400000,0.099090,0.099280,0.099050,0.099160,14643292,1771710299999,1452193.557690,3825,5609297,556433.094550,0
1771710300000,0.099150,0.099330,0.099130,0.099330,11733388,1771711199999,1164439.724190,3691,5737690,569512.299600,0
1771711200000,0.099320,0.099510,0.098950,0.099100,36340088,1771712099999,3609093.024050,8634,18228706,1810468.478230,0
1771712100000,0.099090,0.099380,0.099070,0.099300,12701876,1771712999999,1260972.235500,4598,5662692,562181.168630,0
1771713000000,0.099310,0.099320,0.099000,0.099130,17725401,1771713899999,1757382.653090,5238,7808869,774002.684430,0
1771713900000,0.099140,0.099240,0.099050,0.099120,14638331,1771714799999,1451415.503530,5091,5633695,558638.894510,0
1771714800000,0.099120,0.099180,0.098610,0.098680,38173470,1771715699999,3776933.568690,10611,13612765,1346837.884390,0
1771715700000,0.098680,0.098840,0.098410,0.098810,67567576,1771716599999,6663084.576200,11496,28453661,2805724.490710,0
1771716600000,0.098800,0.098810,0.098630,0.098670,14441294,1771717499999,1425589.225830,4405,5105194,503930.259980,0
1771717500000,0.098660,0.098660,0.098340,0.098360,37819937,1771718399999,3725323.884350,6812,9754352,960620.734530,0
1771718400000,0.098360,0.098490,0.098170,0.098290,52547568,1771719299999,5167212.719060,12168,25400023,2497743.805200,0
1771719300000,0.098290,0.098360,0.097690,0.097830,70368272,1771720199999,6894504.144160,13948,26486848,2594483.807710,0
1771720200000,0.097840,0.097960,0.097570,0.097600,41578824,1771721099999,4066328.019050,8919,18571899,1816618.884950,0
1771721100000,0.097610,0.097870,0.097560,0.097850,23834578,1771721999999,2329291.336630,7070,12445373,1216324.229280,0
1771722000000,0.097840,0.097960,0.097780,0.097850,31705378,1771722899999,3103373.546820,6673,15645976,1531692.607230,0
1771722900000,0.097850,0.098030,0.097650,0.097990,22967409,1771723799999,2248560.934180,6034,12177598,1192352.923780,0
1771723800000,0.097990,0.098150,0.097870,0.098070,28649507,1771724699999,2808118.755110,5619,11897221,1166337.563160,0
1771724700000,0.098070,0.098180,0.098000,0.098080,14330440,1771725599999,1405821.993110,4424,7578665,743545.077420,0
1771725600000,0.098080,0.098140,0.097820,0.098010,20271329,1771726499999,1986062.453910,7934,9047487,886554.668790,0
1771726500000,0.098010,0.098080,0.097410,0.097470,34913042,1771727399999,3410031.639480,8316,10868416,1061713.578320,0
1771727400000,0.097470,0.097650,0.097170,0.097260,54295641,1771728299999,5284913.390370,10973,23479577,2285774.395970,0
1771728300000,0.097260,0.097360,0.097050,0.097210,26535921,1771729199999,2580192.556550,7304,8275662,804861.993510,0
1771729200000,0.097210,0.097420,0.097160,0.097270,31854479,1771730099999,3100496.176860,8376,14291466,1390961.810260,0
1771730100000,0.097270,0.097310,0.096670,0.097110,76048906,1771730999999,7372862.663630,15316,31622992,3066065.905820,0
1771731000000,0.097110,0.097320,0.097030,0.097240,21884638,1771731899999,2127447.206840,5659,9045366,879232.930480,0
1771731900000,0.097240,0.097510,0.097210,0.097380,40009212,1771732799999,3896380.860070,6589,26441597,2575004.010110,0
1771732800000,0.097370,0.097400,0.097230,0.097300,23209832,1771733699999,2258761.115270,7817,10875106,1058354.985080,0
1771733700000,0.097290,0.097390,0.097140,0.097320,21093356,1771734599999,2051711.090160,6686,11301636,1099345.477170,0
1771734600000,0.097330,0.097470,0.097240,0.097350,20420918,1771735499999,1988483.198690,4850,13955442,1358988.551830,0
1771735500000,0.097360,0.097390,0.097300,0.097320,7264329,1771736399999,707167.462880,2636,3235088,314951.849890,0
1771736400000,0.097330,0.097340,0.096840,0.097080,47589404,1771737299999,4620281.352120,10546,13263964,1287843.688510,0
1771737300000,0.097080,0.097180,0.096990,0.097120,22668163,1771738199999,2200428.641250,7261,13668546,1326830.394860,0
1771738200000,0.097120,0.097170,0.096990,0.097060,13185122,1771739099999,1279879.170220,4101,4887488,474424.461540,0
1771739100000,0.097060,0.097090,0.096850,0.096970,33673650,1771739999999,3265828.784640,6957,11732895,1137881.205720,0
1771740000000,0.096970,0.097090,0.096850,0.096920,34328580,1771740899999,3329005.776090,20305,16455043,1595772.473570,0
1771740900000,0.096920,0.097280,0.096890,0.097080,40057529,1771741799999,3889010.598130,6829,20767743,2016155.745920,0
1771741800000,0.097080,0.097320,0.097030,0.097210,65075327,1771742699999,6325834.977090,5618,19979870,1942532.021180,0
1771742700000,0.097210,0.097280,0.097160,0.097220,18519841,1771743599999,1800667.375790,3872,6565226,638353.609450,0
1771743600000,0.097220,0.097390,0.097120,0.097360,21241781,1771744499999,2066167.488020,5808,10058465,978327.167890,0
1771744500000,0.097360,0.097410,0.097170,0.097350,14873007,1771745399999,1447162.740650,5286,5751854,559700.914760,0
1771745400000,0.097360,0.097420,0.097220,0.097300,26768233,1771746299999,2605218.499520,4898,9766668,950543.277160,0
1771746300000,0.097300,0.097330,0.097190,0.097240,13401720,1771747199999,1303462.394600,3922,5616770,546315.961230,0
1771747200000,0.097250,0.097280,0.097170,0.097270,18278572,1771748099999,1777064.230520,5604,9018064,876768.424630,0
1771748100000,0.097260,0.097280,0.097050,0.097090,18219190,1771748999999,1769624.379340,4553,8489298,824514.190520,0
1771749000000,0.097090,0.097170,0.097000,0.097120,20128896,1771749899999,1954291.102730,4651,12434680,1207327.030620,0
1771749900000,0.097130,0.097160,0.097010,0.097070,10900062,1771750799999,1058207.907370,2871,4798783,465877.635730,0
1771750800000,0.097080,0.097160,0.097010,0.097100,12511885,1771751699999,1214918.290000,4806,6356101,617194.458220,0
1771751700000,0.097110,0.097230,0.097080,0.097140,10675000,1771752599999,1037159.486590,4391,5484247,532880.235940,0
1771752600000,0.097140,0.097260,0.097100,0.097240,12495038,1771753499999,1214400.364010,3648,7749256,753181.335420,0
1771753500000,0.097250,0.097310,0.097210,0.097230,13945295,1771754399999,1356177.721930,3154,7510444,730422.669840,0
1771754400000,0.097230,0.097440,0.097140,0.097330,20957087,1771755299999,2039815.688460,5814,10724486,1043950.138950,0
1771755300000,0.097320,0.097380,0.097180,0.097240,12707132,1771756199999,1236038.457640,3983,6040710,587617.468660,0
1771756200000,0.097240,0.097340,0.097150,0.097270,13786470,1771757099999,1340716.374720,3695,8925752,868048.841300,0
1771757100000,0.097280,0.097360,0.097250,0.097350,9670423,1771757999999,940981.348190,2810,5942829,578266.219390,0
1771758000000,0.097360,0.097610,0.097290,0.097470,29216359,1771758899999,2847632.691050,7822,16902561,1647382.816380,0
1771758900000,0.097470,0.097500,0.097320,0.097400,13520222,1771759799999,1317187.524160,4588,7912376,770917.850870,0
1771759800000,0.097400,0.097480,0.097200,0.097250,16879978,1771760699999,1643378.384460,5120,4971871,483963.001160,0
1771760700000,0.097260,0.097360,0.097230,0.097300,12949810,1771761599999,1260055.805630,3123,9032895,878935.403760,0
1771761600000,0.097310,0.097350,0.096570,0.096660,78337997,1771762499999,7586688.408860,14128,29513061,2858424.456760,0
1771762500000,0.096660,0.096820,0.096270,0.096750,75958225,1771763399999,7337628.675530,12938,34906368,3374415.008450,0
1771763400000,0.096750,0.096750,0.096270,0.096420,46408993,1771764299999,4478695.061540,9928,15490173,1494895.473360,0
1771764300000,0.096430,0.096640,0.096310,0.096540,31004164,1771765199999,2991579.644380,6935,19907542,1920732.488060,0
1771765200000,0.096540,0.096710,0.096340,0.096570,21923092,1771766099999,2116788.030980,7744,11514909,1111974.847160,0
1771766100000,0.096570,0.096750,0.096540,0.096660,23677081,1771766999999,2288327.102130,5428,13058722,1262199.929790,0
1771767000000,0.096660,0.096840,0.095840,0.095980,119759048,1771767899999,11530714.249050,19903,45009363,4338029.418180,0
1771767900000,0.095980,0.096120,0.095690,0.096080,104286191,1771768799999,9996597.190470,16988,44304541,4248040.782640,0
1771768800000,0.096080,0.096090,0.095510,0.095940,69411205,1771769699999,6651960.030090,14475,29528578,2830493.209990,0
1771769700000,0.095940,0.096010,0.095570,0.095890,76716133,1771770599999,7347227.447880,11527,48091006,4605799.043030,0
1771770600000,0.095880,0.096090,0.095600,0.095610,37091544,1771771499999,3557723.977470,9312,17032890,1634274.412970,0
1771771500000,0.095620,0.095870,0.095010,0.095760,127188698,1771772399999,12135105.864720,21308,54645935,5214411.011780,0
1771772400000,0.095770,0.095770,0.095270,0.095310,85185075,1771773299999,8129480.892560,13024,19833540,1893220.694280,0
1771773300000,0.095310,0.095650,0.095140,0.095640,50151159,1771774199999,4784997.511270,11328,27969641,2669319.087700,0
1771774200000,0.095640,0.096050,0.095560,0.095940,103020938,1771775099999,9876058.268420,11870,43207261,4140343.083020,0
1771775100000,0.095940,0.095970,0.095680,0.095700,25743296,1771775999999,2466949.445650,6156,11587020,1110462.540300,0
1771776000000,0.095700,0.095780,0.095330,0.095380,41331416,1771776899999,3949062.689330,9839,17170845,1640723.012330,0
1771776900000,0.095380,0.095570,0.095340,0.095360,34017249,1771777799999,3246631.377540,6911,17515492,1671608.348330,0
1771777800000,0.095360,0.095600,0.095350,0.095560,17008914,1771778699999,1624647.683590,4888,8739026,834701.273920,0
1771778700000,0.095560,0.095850,0.095530,0.095810,19861250,1771779599999,1900892.902700,5780,12420179,1188742.749050,0
1771779600000,0.095810,0.095810,0.095300,0.095330,38624414,1771780499999,3690878.479670,7871,14035230,1341446.299380,0
1771780500000,0.095330,0.095440,0.095180,0.095340,26053894,1771781399999,2483989.818710,6782,13876429,1323261.397780,0
1771781400000,0.095350,0.095460,0.094620,0.095040,116391922,1771782299999,11051187.519850,18941,46119508,4381146.047060,0
1771782300000,0.095050,0.095100,0.094690,0.094910,49392835,1771783199999,4687999.128740,9811,17275266,1639278.526020,0
1771783200000,0.094910,0.095040,0.094630,0.095020,53894449,1771784099999,5111251.691930,11537,28912790,2742423.511530,0
1771784100000,0.095030,0.095200,0.094890,0.095010,23007986,1771784999999,2187054.056570,6745,10645224,1011937.425230,0
1771785000000,0.095020,0.095190,0.094950,0.095150,14643427,1771785899999,1392066.746600,5075,7681840,730403.639900,0
1771785900000,0.095140,0.095280,0.095130,0.095180,15615185,1771786799999,1486472.028650,4385,8747645,832755.471240,0
1771786800000,0.095180,0.095240,0.094870,0.094900,21763776,1771787699999,2068554.716540,6308,8552446,813015.190430,0
1771787700000,0.094910,0.095050,0.094880,0.094960,15958606,1771788599999,1515169.844670,4712,9112165,865216.921760,0
1771788600000,0.094950,0.095190,0.094870,0.095100,19234607,1771789499999,1828871.445810,4822,8528040,810918.696150,0
1771789500000,0.095100,0.095100,0.094930,0.095020,12220991,1771790399999,1161269.129550,3717,4972036,472424.110100,0
1771790400000,0.095030,0.095030,0.094750,0.094780,20050666,1771791299999,1902535.045160,6368,8293445,786994.918900,0
1771791300000,0.094790,0.094950,0.094750,0.094930,16674807,1771792199999,1581721.545800,4473,9915492,940576.662010,0
1771792200000,0.094930,0.094940,0.094820,0.094860,12741877,1771793099999,1208905.395080,4520,5841652,554206.752930,0
1771793100000,0.094870,0.095030,0.094520,0.094750,43119251,1771793999999,4084794.349060,7412,16270100,1541816.811200,0
1771794000000,0.094740,0.094990,0.094740,0.094890,18540572,1771794899999,1759666.920500,6208,8674214,823183.893870,0
1771794900000,0.094890,0.095000,0.094740,0.094790,12539314,1771795799999,1190216.734360,4038,5112931,485316.061640,0
1771795800000,0.094780,0.095490,0.094750,0.095270,62557944,1771796699999,5956446.059040,9057,47350619,4509629.428890,0
1771796700000,0.095270,0.095370,0.095220,0.095340,27152657,1771797599999,2587243.489380,5506,14476979,1379544.461060,0
1771797600000,0.095350,0.095460,0.095150,0.095280,28867586,1771798499999,2752165.406860,6962,12222103,1165414.782650,0
1771798500000,0.095280,0.095830,0.095280,0.095560,33831724,1771799399999,3234351.234890,8030,17792965,1700712.674080,0
1771799400000,0.095550,0.095910,0.095420,0.095780,28032732,1771800299999,2680836.203470,8067,16739293,1600856.361210,0
1771800300000,0.095790,0.095890,0.095640,0.095650,22931799,1771801199999,2196437.663880,8070,8609693,824663.964040,0
1771801200000,0.095650,0.095790,0.095360,0.095370,35394573,1771802099999,3383759.266300,11023,17267621,1650903.583640,0
1771802100000,0.095370,0.095460,0.095120,0.095360,35113789,1771802999999,3346904.029000,8284,18921198,1803598.243860,0
1771803000000,0.095350,0.095370,0.095070,0.095110,21206546,1771803899999,2019689.780570,6055,6938641,660750.640960,0
1771803900000,0.095120,0.095620,0.095120,0.095520,27879527,1771804799999,2657769.760210,6448,17527508,1670932.557240,0
1771804800000,0.095520,0.095720,0.095420,0.095610,37787260,1771805699999,3611528.748770,8629,20903192,1997627.026270,0
1771805700000,0.095610,0.095620,0.095110,0.095240,37620159,1771806599999,3587752.532170,8132,12497305,1191717.308890,0
1771806600000,0.095250,0.095260,0.094810,0.094900,45786930,1771807499999,4348656.867420,9599,22364213,2123951.400430,0
1771807500000,0.094900,0.095050,0.094330,0.094420,83212504,1771808399999,7872946.737180,15306,34568677,3271833.130500,0
1771808400000,0.094430,0.094470,0.091640,0.092240,705081231,1771809299999,65415661.406570,107487,290255651,26922719.533120,0
1771809300000,0.092230,0.092300,0.091360,0.091950,314724828,1771810199999,28897835.154860,66060,162893513,14960476.714710,0
1771810200000,0.091940,0.092890,0.091780,0.092660,138751046,1771811099999,12811518.318040,37464,78713341,7269301.611040,0
1771811100000,0.092660,0.092820,0.091630,0.092050,212571949,1771811999999,19603380.960210,49957,94025790,8672417.615120,0
1771812000000,0.092040,0.092950,0.091910,0.092580,107988264,1771812899999,9982270.486830,30372,59240926,5476121.829120,0
1771812900000,0.092590,0.092750,0.092200,0.092470,57624832,1771813799999,5328636.428220,16138,30016344,2775959.783000,0
1771813800000,0.092480,0.092710,0.092340,0.092590,48968107,1771814699999,4530611.379930,14021,23887277,2210012.980940,0
1771814700000,0.092590,0.092740,0.092410,0.092580,64679665,1771815599999,5990370.563740,12838,32930457,3050131.632300,0
1771815600000,0.092580,0.093190,0.092580,0.092940,59638895,1771816499999,5542401.342940,15049,30193445,2805487.529350,0
1771816500000,0.092940,0.093030,0.092640,0.092760,54502113,1771817399999,5060968.957060,12981,26857129,2494034.099250,0
1771817400000,0.092760,0.093030,0.092670,0.092950,52373944,1771818299999,4863337.073150,11667,24348174,2260957.867280,0
1771818300000,0.092940,0.093030,0.092640,0.092710,32641838,1771819199999,3030746.781170,8264,12680213,1177524.288990,0
1771819200000,0.092710,0.092860,0.092520,0.092710,46436495,1771820099999,4304346.131660,11900,23642635,2191784.473540,0
1771820100000,0.092710,0.092710,0.092290,0.092370,36826731,1771820999999,3404927.727720,8873,15636092,1445536.855330,0
1771821000000,0.092370,0.092550,0.092240,0.092240,25717963,1771821899999,2376454.507650,7616,12378895,1144002.294960,0
1771821900000,0.092240,0.092470,0.092240,0.092430,18996656,1771822799999,1755046.722990,4810,10321677,953529.986230,0
1771822800000,0.092430,0.092680,0.092250,0.092510,41570901,1771823699999,3843249.889510,10379,21465294,1984620.576290,0
1771823700000,0.092500,0.092800,0.092360,0.092600,36443601,1771824599999,3374645.380560,8675,18822704,1742975.082040,0
1771824600000,0.092610,0.092920,0.092570,0.092850,29321790,1771825499999,2719383.702050,7745,15483363,1436069.417610,0
1771825500000,0.092850,0.092940,0.092670,0.092730,17871997,1771826399999,1658365.725740,4786,9539973,885260.267370,0
1771826400000,0.092730,0.094390,0.092660,0.094190,138630873,1771827299999,12983200.813390,24097,84260454,7894755.211640,0
1771827300000,0.094180,0.094330,0.093830,0.093930,61872317,1771828199999,5818193.624730,15443,24864918,2337796.251190,0
1771828200000,0.093930,0.094530,0.093840,0.094310,79428639,1771829099999,7482809.819010,17425,48443404,4564525.030310,0
1771829100000,0.094300,0.094640,0.094280,0.094560,51642387,1771829999999,4878747.469310,12404,30194110,2852826.650300,0
1771830000000,0.094560,0.094840,0.094510,0.094790,58431910,1771830899999,5531267.149380,14300,28391758,2687674.474760,0
1771830900000,0.094790,0.094870,0.094510,0.094670,49122840,1771831799999,4652072.946040,12610,22347630,2116421.432520,0
1771831800000,0.094670,0.095250,0.094450,0.095120,72424942,1771832699999,6873645.666190,15918,38141158,3620656.761060,0
1771832700000,0.095110,0.095130,0.094800,0.094820,40006764,1771833599999,3797761.330500,9485,17675990,1677968.549420,0
1771833600000,0.094820,0.094940,0.094690,0.094930,46826534,1771834499999,4439065.454440,13852,20275047,1922162.974080,0
1771834500000,0.094940,0.095040,0.094570,0.094650,44313596,1771835399999,4200053.546490,11170,19154279,1816135.478920,0
1771835400000,0.094660,0.094770,0.094450,0.094480,47537519,1771836299999,4497417.943600,10172,19716704,1865829.817110,0
1771836300000,0.094490,0.094780,0.094350,0.094730,38318547,1771837199999,3621468.269300,9840,23678901,2238194.456560,0
1771837200000,0.094730,0.094940,0.094710,0.094740,40128903,1771838099999,3805453.472170,11665,23058373,2186616.294240,0
1771838100000,0.094730,0.094970,0.094620,0.094900,24162765,1771838999999,2289594.074920,7514,14171241,1342896.570640,0
1771839000000,0.094910,0.096350,0.094830,0.096130,149685325,1771839899999,14349803.699910,31628,93230981,8937779.087150,0
1771839900000,0.096140,0.096680,0.096140,0.096530,83564015,1771840799999,8055079.004540,18161,46671582,4498782.427560,0
1771840800000,0.096520,0.096990,0.096360,0.096470,72981362,1771841699999,7050657.332940,19213,40185609,3882755.887660,0
1771841700000,0.096480,0.096710,0.096400,0.096530,40395113,1771842599999,3900411.877320,11482,20790284,2007611.120120,0
1771842600000,0.096530,0.096560,0.096100,0.096170,65149571,1771843499999,6274766.115380,12672,23170862,2231207.954340,0
1771843500000,0.096170,0.096440,0.096030,0.096280,37988510,1771844399999,3655211.296900,9275,20764104,1998274.946130,0
1771844400000,0.096280,0.096690,0.096280,0.096510,51467434,1771845299999,4965368.209810,12152,29137396,2811066.501470,0
1771845300000,0.096510,0.097080,0.096450,0.096740,89731467,1771846199999,8688463.035920,14940,51339601,4971836.498070,0
1771846200000,0.096740,0.096780,0.096500,0.096620,40790179,1771847099999,3941394.778940,10449,17911318,1730643.200030,0
1771847100000,0.096620,0.096790,0.096440,0.096670,42313450,1771847999999,4087894.122240,9498,18737932,1810321.048460,0
1771848000000,0.096670,0.096950,0.096550,0.096730,33231450,1771848899999,3214557.435340,8973,15568645,1506201.260640,0
1771848900000,0.096730,0.096860,0.096610,0.096740,36722625,1771849799999,3551504.930830,9144,20287302,1962130.602280,0
1771849800000,0.096730,0.097520,0.096360,0.097340,183429015,1771850699999,17783134.718470,24693,77688535,7539907.959560,0
1771850700000,0.097330,0.097570,0.097010,0.097140,57716532,1771851599999,5611543.450310,12303,27874652,2710421.793660,0
1771851600000,0.097140,0.097300,0.097040,0.097130,26492902,1771852499999,2573723.431750,9463,14511648,1409857.623410,0
1771852500000,0.097130,0.097160,0.096800,0.096990,87541194,1771853399999,8487320.334580,10358,59994459,5816969.055870,0
1771853400000,0.096990,0.097430,0.096900,0.097420,54513074,1771854299999,5295309.919590,16495,28829741,2800637.959410,0
1771854300000,0.097420,0.097530,0.096680,0.096780,74119453,1771855199999,7197027.708410,14187,30023538,2915677.829450,0
1771855200000,0.096780,0.097010,0.096720,0.096820,40001607,1771856099999,3875110.415700,10579,17692946,1713924.815030,0
1771856100000,0.096820,0.096820,0.096030,0.096210,108451838,1771856999999,10445815.034860,18049,51906310,5000751.254860,0
1771857000000,0.096210,0.096680,0.095450,0.096150,194033602,1771857899999,18643586.826290,38573,92901407,8929569.806780,0
1771857900000,0.096150,0.096930,0.095920,0.096130,162271077,1771858799999,15653536.077510,32953,65200137,6286834.518370,0
1771858800000,0.096120,0.096440,0.095710,0.095960,89341129,1771859699999,8578674.404380,25599,47278495,4539475.826550,0
1771859700000,0.095960,0.096390,0.095570,0.095630,68158606,1771860599999,6533596.205140,21133,33221888,3185854.511680,0
1771860600000,0.095630,0.095920,0.095270,0.095570,70133859,1771861499999,6703645.933510,18367,30715562,2936708.325850,0
1771861500000,0.095580,0.095700,0.094860,0.094910,110377636,1771862399999,10499677.164010,19694,49631242,4722118.609520,0
1771862400000,0.094910,0.094920,0.093890,0.094250,197713738,1771863299999,18661800.128460,33086,76013546,7176684.199920,0
1771863300000,0.094260,0.095370,0.094210,0.095270,89195015,1771864199999,8465928.321370,21876,48378147,4592160.922750,0
1771864200000,0.095270,0.095350,0.094570,0.094600,139657929,1771865099999,13261116.183500,20935,35320085,3354528.995330,0
1771865100000,0.094610,0.094690,0.094300,0.094480,62680342,1771865999999,5921657.212080,14019,28392191,2682368.898740,0
1771866000000,0.094480,0.094880,0.094270,0.094350,54070691,1771866899999,5115580.110860,15342,23946858,2266208.377050,0
1771866900000,0.094360,0.094640,0.093790,0.093830,93366355,1771867799999,8790215.858490,22284,41658342,3923161.479410,0
1771867800000,0.093830,0.093910,0.092770,0.093290,149323558,1771868699999,13944431.346210,30609,63444506,5926941.183050,0
1771868700000,0.093280,0.093850,0.092720,0.093840,94880156,1771869599999,8851593.430120,23595,48806327,4554425.969970,0
1771869600000,0.093840,0.094390,0.093580,0.093980,148852989,1771870499999,13985915.360540,24174,98272500,9232566.602030,0
1771870500000,0.093980,0.094000,0.093510,0.093690,57787098,1771871399999,5416629.543010,15136,19891134,1864330.933250,0
1771871400000,0.093700,0.094300,0.093520,0.093940,40126126,1771872299999,3770658.599050,13877,20870058,1961109.023150,0
1771872300000,0.093930,0.093950,0.093240,0.093380,64218864,1771873199999,6003408.582640,11672,20050353,1875298.389630,0
1771873200000,0.093390,0.093490,0.092930,0.093170,96159808,1771874099999,8958529.938080,18967,36828076,3431715.258040,0
1771874100000,0.093160,0.093250,0.092410,0.092730,79028787,1771874999999,7334555.325870,16472,31050039,2882034.005730,0
1771875000000,0.092740,0.092990,0.092480,0.092860,55096956,1771875899999,5111225.819960,14217,29965619,2780080.705820,0
1771875900000,0.092860,0.093000,0.092540,0.092800,39452804,1771876799999,3660032.695490,12520,20617978,1912741.419430,0
1771876800000,0.092810,0.093250,0.092700,0.092790,48743265,1771877699999,4529993.954990,14007,26327242,2446951.770380,0
1771877700000,0.092780,0.092940,0.092520,0.092660,51538673,1771878599999,4780695.616960,14106,30918530,2868234.659200,0
1771878600000,0.092660,0.093200,0.092640,0.092860,43358991,1771879499999,4027572.231420,13342,27138131,2520744.424090,0
1771879500000,0.092870,0.093360,0.092840,0.093190,34009238,1771880399999,3166306.893560,11932,20217622,1882105.400420,0
1771880400000,0.093180,0.093390,0.092910,0.093130,46325217,1771881299999,4317583.969860,13804,24426062,2276888.989990,0
1771881300000,0.093130,0.093310,0.092900,0.093060,61201867,1771882199999,5697003.421740,9729,19273483,1793745.113270,0
1771882200000,0.093050,0.093460,0.092880,0.093230,41491458,1771883099999,3862722.475810,8100,17758942,1654425.884660,0
1771883100000,0.093240,0.093410,0.093190,0.093250,19096754,1771883999999,1781757.352620,6205,9264943,864407.249030,0
1771884000000,0.093260,0.093490,0.093080,0.093270,55138257,1771884899999,5142388.353420,14071,28350289,2643965.592410,0
1771884900000,0.093270,0.093490,0.093200,0.093470,28923641,1771885799999,2699861.569000,7672,16621370,1551610.089630,0
1771885800000,0.093460,0.093500,0.093310,0.093380,22099764,1771886699999,2064215.332470,6254,12945220,1209115.662460,0
1771886700000,0.093380,0.093440,0.093000,0.093000,17919210,1771887599999,1670477.823420,5988,6536524,609407.313690,0
1771887600000,0.093010,0.093370,0.093000,0.093200,33195533,1771888499999,3094684.583090,11217,16589994,1546482.161410,0
1771888500000,0.093190,0.093250,0.092860,0.092940,30313009,1771889399999,2821625.374830,7540,10966072,1021160.063530,0
1771889400000,0.092950,0.093070,0.092550,0.092650,47282579,1771890299999,4386386.104220,9394,20963357,1945104.496150,0
1771890300000,0.092650,0.092760,0.092450,0.092630,34362218,1771891199999,3181823.577530,8528,20217442,1872297.496370,0
1771891200000,0.092630,0.093210,0.092630,0.093100,56306483,1771892099999,5237506.398570,13482,38701356,3600003.787520,0
1771892100000,0.093110,0.093250,0.092970,0.093170,42537802,1771892999999,3960627.769510,8530,22889697,2130974.654650,0
1771893000000,0.093170,0.093320,0.092950,0.093190,33009188,1771893899999,3074388.292090,7692,17410156,1621468.226650,0
1771893900000,0.093190,0.093340,0.093110,0.093160,32403940,1771894799999,3020508.352350,6279,16286102,1518066.585190,0
1771894800000,0.093160,0.093170,0.092240,0.092400,104801843,1771895699999,9699511.895100,18429,42834942,3965130.910590,0
1771895700000,0.092410,0.093270,0.090910,0.093110,365883793,1771896599999,33634013.241180,65344,160058327,14728470.901650,0
1771896600000,0.093120,0.093570,0.092540,0.092860,90143590,1771897499999,8388507.667100,21620,48158812,4482738.075920,0
1771897500000,0.092870,0.093020,0.092400,0.092700,52473734,1771898399999,4867787.104590,13052,27685461,2568478.119720,0
1771898400000,0.092690,0.092820,0.092250,0.092420,50070990,1771899299999,4630993.417290,16949,24343413,2252024.416840,0
1771899300000,0.092430,0.092770,0.092110,0.092710,36325233,1771900199999,3358257.259340,12646,22326863,2064258.956680,0
1771900200000,0.092720,0.093220,0.092540,0.092610,42818828,1771901099999,3976491.556330,11062,25742817,2390551.901410,0
1771901100000,0.092610,0.092630,0.092350,0.092540,32819522,1771901999999,3035880.965690,9367,19068300,1764024.860770,0
1771902000000,0.092540,0.092550,0.091850,0.092040,76958127,1771902899999,7092502.373660,20324,36782954,3390477.457390,0
1771902900000,0.092040,0.092310,0.091820,0.092020,32642776,1771903799999,3006610.384590,12179,17441226,1606559.245920,0
1771903800000,0.092010,0.092230,0.091870,0.091980,31242227,1771904699999,2875762.903990,11488,16318257,1502211.607690,0
1771904700000,0.091970,0.092230,0.091690,0.092060,43803573,1771905599999,4025992.980760,12385,19815190,1821630.896800,0
1771905600000,0.092060,0.092150,0.091380,0.091400,80158671,1771906499999,7357744.995990,17411,36868325,3386642.437500,0
1771906500000,0.091410,0.092030,0.091180,0.091580,108145849,1771907399999,9897377.636540,21820,48575550,4446184.020960,0
1771907400000,0.091570,0.091570,0.091010,0.091280,58526886,1771908299999,5341332.380780,12794,25846045,2359073.266610,0
1771908300000,0.091270,0.091460,0.091130,0.091400,50133981,1771909199999,4577983.001330,10113,26263787,2398345.900020,0
1771909200000,0.091390,0.091660,0.091100,0.091490,75170431,1771910099999,6873290.007500,14355,30619541,2799613.800860,0
1771910100000,0.091490,0.091500,0.090570,0.090810,128801776,1771910999999,11710236.488890,20993,50054994,4549768.172060,0
1771911000000,0.090810,0.091350,0.090710,0.091110,48863893,1771911899999,4449403.595160,12472,26942754,2453747.770450,0
1771911900000,0.091110,0.091350,0.091030,0.091200,30199202,1771912799999,2754386.986560,7505,15100574,1377561.082620,0
1771912800000,0.091210,0.091320,0.090940,0.091010,35997511,1771913699999,3279218.352100,11574,17991781,1639073.891560,0
1771913700000,0.091010,0.091370,0.091010,0.091270,34858453,1771914599999,3180518.179260,8896,17816129,1625574.237740,0
1771914600000,0.091270,0.091390,0.091140,0.091230,24841191,1771915499999,2267068.323560,7192,13510659,1233059.875360,0
1771915500000,0.091240,0.091250,0.090770,0.090960,44516938,1771916399999,4051196.778710,9895,20249835,1842947.540810,0
1771916400000,0.090970,0.091390,0.090770,0.091310,46561535,1771917299999,4242289.607420,12184,19426594,1770397.772700,0
1771917300000,0.091310,0.091380,0.091020,0.091360,29809725,1771918199999,2718906.157420,9187,15645816,1427039.698470,0
1771918200000,0.091360,0.091410,0.091030,0.091130,33840862,1771919099999,3087866.772050,8254,17523415,1599056.096810,0
1771919100000,0.091140,0.091220,0.090990,0.091200,21293436,1771919999999,1939770.532740,6909,11349830,1034044.853980,0
1771920000000,0.091190,0.091240,0.090910,0.091050,46879639,1771920899999,4268339.141580,12187,21070762,1918457.807220,0
1771920900000,0.091050,0.091420,0.091000,0.091320,85675074,1771921799999,7818097.919890,13109,34617094,3158789.895170,0
1771921800000,0.091330,0.091540,0.091230,0.091440,42795738,1771922699999,3911316.299720,9900,24589938,2247304.089360,0
1771922700000,0.091450,0.091640,0.091440,0.091510,31345807,1771923599999,2869788.554110,6509,18698901,1711907.579200,0
1771923600000,0.091510,0.091620,0.091290,0.091360,34276638,1771924499999,3134028.111690,8470,16367734,1496620.625560,0
1771924500000,0.091360,0.091390,0.091080,0.091180,34193533,1771925399999,3118863.801390,7018,17479255,1594374.113160,0
1771925400000,0.091180,0.091260,0.090670,0.091110,68391881,1771926299999,6220819.138260,13113,27117528,2466922.303260,0
1771926300000,0.091110,0.091200,0.090800,0.091180,35154557,1771927199999,3199087.780340,8293,14259507,1298183.875430,0
1771927200000,0.091180,0.091270,0.090980,0.091140,21449286,1771928099999,1954258.574060,7111,12489388,1137951.715940,0
1771928100000,0.091140,0.091380,0.091030,0.091140,36507622,1771928999999,3329606.511440,8442,19998012,1824011.644910,0
1771929000000,0.091140,0.091330,0.091080,0.091290,21968184,1771929899999,2003479.469520,6955,11739555,1070671.898340,0
1771929900000,0.091290,0.091580,0.091190,0.091390,25263267,1771930799999,2308683.306250,7356,16060818,1467691.284070,0
1771930800000,0.091390,0.091510,0.091180,0.091200,23402069,1771931699999,2137113.153810,7547,10332571,943883.732930,0
1771931700000,0.091200,0.091320,0.090950,0.091000,48791768,1771932599999,4444242.250530,8741,17237474,1570197.354650,0
1771932600000,0.090990,0.091150,0.090810,0.091040,31788593,1771933499999,2892127.686040,8392,17943132,1632579.624000,0
1771933500000,0.091040,0.091240,0.091020,0.091240,26269923,1771934399999,2393715.766210,5008,15349092,1398662.036940,0
1771934400000,0.091240,0.091430,0.091100,0.091260,28763415,1771935299999,2624590.487220,8022,17727341,1617593.617970,0
1771935300000,0.091270,0.091290,0.091060,0.091240,22621399,1771936199999,2062440.233860,6173,11251215,1025827.552480,0
1771936200000,0.091230,0.091350,0.090950,0.091060,42414619,1771937099999,3867019.987470,7878,22870399,2085313.411840,0
1771937100000,0.091060,0.091260,0.090980,0.091090,26396079,1771937999999,2404540.280840,6900,12083882,1100724.797930,0
1771938000000,0.091090,0.091200,0.090960,0.091110,24568495,1771938899999,2237814.404090,8717,13713861,1249172.848350,0
1771938900000,0.091110,0.091120,0.090760,0.090780,35984108,1771939799999,3270914.759000,8679,15530369,1411842.044420,0
1771939800000,0.090780,0.091050,0.090000,0.090790,199691275,1771940699999,18093846.209290,28128,90944720,8249628.133590,0
1771940700000,0.090790,0.090950,0.090570,0.090790,50041106,1771941599999,4541372.390390,10109,26365218,2393235.537910,0
1771941600000,0.090780,0.090910,0.090490,0.090590,39540477,1771942499999,3585550.798130,11573,19539167,1772363.056710,0
1771942500000,0.090600,0.090750,0.090260,0.090580,40027483,1771943399999,3623610.994650,11024,18430114,1668958.836980,0
1771943400000,0.090580,0.091500,0.089870,0.091260,219995361,1771944299999,19960261.562020,42793,114236656,10369441.124130,0
1771944300000,0.091250,0.092030,0.091200,0.091320,195462629,1771945199999,17906298.958680,36197,101989662,9344428.620090,0
1771945200000,0.091320,0.091930,0.091100,0.091910,89862648,1771946099999,8219342.613460,25479,49187201,4499258.501560,0
1771946100000,0.091900,0.092540,0.091840,0.092240,165220312,1771946999999,15232697.205310,31853,94047386,8671348.091090,0
1771947000000,0.092230,0.092360,0.091700,0.091810,56687087,1771947899999,5216522.275440,16118,24560218,2260490.625480,0
1771947900000,0.091820,0.092000,0.091570,0.091720,51055175,1771948799999,4684699.274190,13363,27750293,2546529.879730,0
1771948800000,0.091720,0.092680,0.091680,0.092290,104859151,1771949699999,9677184.707950,25579,57285945,5286866.785510,0
1771949700000,0.092290,0.092460,0.091820,0.091960,53113684,1771950599999,4894091.950360,15025,21455075,1977963.151490,0
1771950600000,0.091960,0.092180,0.091420,0.091870,72656880,1771951499999,6668385.497420,18008,31884147,2927145.790260,0
1771951500000,0.091880,0.092140,0.091330,0.092030,67988024,1771952399999,6232708.143130,15427,38588821,3539011.446610,0
1771952400000,0.092020,0.092320,0.091940,0.092020,71212260,1771953299999,6558489.602470,20796,34998968,3223628.011430,0
1771953300000,0.092010,0.092010,0.091620,0.091710,58182559,1771954199999,5341743.766370,13231,31247406,2869077.794290,0
1771954200000,0.091720,0.091750,0.091370,0.091580,34929671,1771955099999,3198862.520630,9950,16077656,1472710.011320,0
1771955100000,0.091580,0.091770,0.091470,0.091630,35745382,1771955999999,3273981.860240,8707,18900428,1731484.848010,0
1771956000000,0.091620,0.092250,0.091540,0.091550,114895136,1771956899999,10564169.245960,19035,73839145,6793337.832950,0
1771956900000,0.091560,0.092050,0.091470,0.091900,40126212,1771957799999,3684164.121600,10114,23418618,2149753.207760,0
1771957800000,0.091900,0.092140,0.091750,0.091980,32208580,1771958699999,2961922.886260,9721,16820419,1546891.913550,0
1771958700000,0.091970,0.092170,0.091910,0.092020,23209318,1771959599999,2136767.233310,8061,12174345,1120891.020510,0
1771959600000,0.092030,0.092280,0.091780,0.091820,39240614,1771960499999,3611538.566610,12158,20301067,1868804.688620,0
1771960500000,0.091820,0.091900,0.091640,0.091710,23383122,1771961399999,2145922.921470,7627,11402067,1046526.409620,0
1771961400000,0.091710,0.092090,0.091660,0.092030,24732124,1771962299999,2273067.166580,6959,14874398,1366817.167690,0
1771962300000,0.092030,0.092120,0.091900,0.091970,18549438,1771963199999,1706804.639890,6426,10626359,977806.893450,0
1771963200000,0.091970,0.092210,0.091850,0.091900,48405407,1771964099999,4454640.783830,9573,16043562,1476371.690760,0
1771964100000,0.091910,0.092180,0.091900,0.092130,27079688,1771964999999,2492194.307080,7111,14194585,1306614.628670,0
1771965000000,0.092130,0.092310,0.091940,0.092300,20278625,1771965899999,1869184.145210,7605,11971566,1103474.481360,0
1771965900000,0.092300,0.092360,0.092090,0.092160,21702422,1771966799999,2000951.632320,6998,12777130,1177982.476040,0
1771966800000,0.092150,0.092170,0.091660,0.091860,39874958,1771967699999,3661579.393480,10145,19811769,1819295.703430,0
1771967700000,0.091860,0.091870,0.091510,0.091710,33222434,1771968599999,3047017.929370,8325,16431957,1506945.035010,0
1771968600000,0.091700,0.091850,0.091620,0.091770,19676859,1771969499999,1805323.369090,5650,10513445,964660.018280,0
1771969500000,0.091780,0.091930,0.091610,0.091770,23756709,1771970399999,2180786.672710,5075,12118725,1112631.940760,0
1771970400000,0.091780,0.092270,0.091690,0.092160,43544508,1771971299999,4007899.496700,9971,26317112,2422306.317910,0
1771971300000,0.092160,0.092170,0.091930,0.092010,17611292,1771972199999,1621030.254320,5120,8469729,779646.531070,0
1771972200000,0.092010,0.092090,0.091850,0.091950,16383861,1771973099999,1506808.929160,5674,6741169,619997.157930,0
1771973100000,0.091950,0.092060,0.091760,0.091960,16205878,1771973999999,1489605.173110,5402,7473645,687033.208150,0
1771974000000,0.091960,0.091970,0.091270,0.091560,48239167,1771974899999,4414858.806590,11392,21205860,1940653.081430,0
1771974900000,0.091560,0.091630,0.091370,0.091590,32503585,1771975799999,2973852.016440,6506,16671942,1525378.160700,0
1771975800000,0.091600,0.091690,0.091460,0.091470,29047921,1771976699999,2660259.498520,5587,14111682,1292460.762060,0
1771976700000,0.091460,0.091500,0.091280,0.091330,22360092,1771977599999,2043037.309410,5072,9686840,885110.869460,0
1771977600000,0.091320,0.091420,0.091140,0.091210,40142320,1771978499999,3664711.083590,10532,20795217,1898514.309480,0
1771978500000,0.091220,0.091310,0.090830,0.090920,53089073,1771979399999,4833641.262720,10362,19083108,1737911.940190,0
1771979400000,0.090920,0.091340,0.090910,0.091310,39137950,1771980299999,3566529.842800,8632,22112218,2015042.042080,0
1771980300000,0.091310,0.091360,0.091090,0.091120,22184539,1771981199999,2024309.367690,6255,10741544,980139.350350,0
1771981200000,0.091120,0.093980,0.091070,0.093830,286288610,1771982099999,26577543.629380,45873,170949801,15854321.878510,0
1771982100000,0.093820,0.094940,0.093310,0.094210,249545021,1771982999999,23511152.071500,53409,123651145,11651284.283360,0
1771983000000,0.094220,0.094410,0.093750,0.093790,116046284,1771983899999,10919811.926580,26356,57664496,5427386.095950,0
1771983900000,0.093790,0.094150,0.093740,0.093820,54195028,1771984799999,5089583.421590,14200,27480645,2580546.645670,0
1771984800000,0.093820,0.094630,0.093820,0.094280,119032094,1771985699999,11220949.939850,28568,68001514,6410846.764460,0
1771985700000,0.094290,0.094660,0.094000,0.094530,55907364,1771986599999,5272423.349940,15487,26496390,2499131.679780,0
1771986600000,0.094520,0.094640,0.093990,0.094100,47495198,1771987499999,4476440.150090,13393,21003654,1979312.418830,0
1771987500000,0.094100,0.094190,0.093050,0.093510,132200192,1771988399999,12379655.951010,18130,36378719,3409224.227880,0
1771988400000,0.093520,0.093680,0.093160,0.093310,64057895,1771989299999,5981808.456600,15060,27685676,2585476.720460,0
1771989300000,0.093320,0.093360,0.092590,0.092820,90991369,1771990199999,8451887.164800,17104,42393285,3936539.950430,0
1771990200000,0.092830,0.093010,0.092690,0.092890,56619593,1771991099999,5258447.468970,13342,27237702,2529977.184170,0
1771991100000,0.092890,0.092950,0.092620,0.092710,36994909,1771991999999,3431478.380550,9874,17334352,1608022.161500,0
1771992000000,0.092710,0.092730,0.091730,0.092400,118587032,1771992899999,10929719.639000,22753,51692943,4762215.118720,0
1771992900000,0.092400,0.092600,0.092200,0.092540,41886005,1771993799999,3872286.546970,11026,24787878,2291876.333730,0
1771993800000,0.092540,0.092850,0.092460,0.092850,32505339,1771994699999,3011327.702820,8031,23318124,2160519.164620,0
1771994700000,0.092850,0.092910,0.092570,0.092580,25905936,1771995599999,2402200.527540,7034,9152411,848618.638440,0
1771995600000,0.092580,0.092630,0.092370,0.092420,28781959,1771996499999,2661776.730570,8918,10475700,969046.440130,0
1771996500000,0.092420,0.092440,0.091940,0.091980,38188839,1771997399999,3518121.628720,10234,17119740,1577006.169390,0
1771997400000,0.091980,0.092050,0.091300,0.091730,93364554,1771998299999,8554043.600790,20342,44646737,4090790.516800,0
1771998300000,0.091730,0.092010,0.091640,0.091940,37137641,1771999199999,3411916.438940,9269,20809569,1911850.862990,0
1771999200000,0.091940,0.092120,0.091930,0.092070,24634263,1772000099999,2267112.791380,8017,13458023,1238580.724740,0
1772000100000,0.092060,0.092390,0.091970,0.092280,29592401,1772000999999,2728862.231410,7229,15983154,1473992.928660,0
1772001000000,0.092280,0.092470,0.092210,0.092300,17187124,1772001899999,1587013.329490,5577,9381530,866360.867150,0
1772001900000,0.092290,0.092320,0.092010,0.092250,36031503,1772002799999,3320920.649340,7586,19705563,1816068.282240,0
1772002800000,0.092240,0.092590,0.092220,0.092450,21262720,1772003699999,1964857.908810,7296,10574675,977286.030000,0
1772003700000,0.092440,0.092750,0.092370,0.092640,26510077,1772004599999,2454900.912000,6834,14664053,1358045.765600,0
1772004600000,0.092640,0.092890,0.092500,0.092550,31339467,1772005499999,2905204.793110,7085,16011735,1484495.523480,0
1772005500000,0.092540,0.092790,0.092500,0.092780,15714988,1772006399999,1455442.446000,4181,6965656,645154.967810,0
1772006400000,0.092780,0.092800,0.092530,0.092600,23973671,1772007299999,2221697.868040,8460,9054668,839043.191180,0
1772007300000,0.092600,0.093120,0.092440,0.092990,109374485,1772008199999,10146827.693230,13469,58992393,5473921.828850,0
1772008200000,0.092990,0.093390,0.092870,0.093290,58500286,1772009099999,5445774.499860,11758,31902325,2970423.915760,0
1772009100000,0.093300,0.093500,0.093200,0.093410,41215786,1772009999999,3847847.380050,9644,18323093,1710542.562930,0
1772010000000,0.093410,0.093830,0.093280,0.093590,59052639,1772010899999,5523665.699640,13705,34824247,3257456.816550,0
1772010900000,0.093590,0.093750,0.093430,0.093570,36177458,1772011799999,3386049.451620,9018,18154253,1699203.167170,0
1772011800000,0.093570,0.093580,0.093150,0.093310,52150490,1772012699999,4866032.466480,10114,28487697,2657663.201540,0
1772012700000,0.093300,0.093500,0.093280,0.093440,27312363,1772013599999,2551037.678330,7164,16941817,1582502.940840,0
1772013600000,0.093430,0.093780,0.093320,0.093490,67087349,1772014499999,6276455.906290,13251,39480158,3694282.663250,0
1772014500000,0.093490,0.093730,0.093390,0.093490,37487617,1772015399999,3504917.259340,9121,20626340,1928564.538900,0
1772015400000,0.093490,0.093710,0.093450,0.093650,35832125,1772016299999,3352347.271600,7952,18326467,1714832.139800,0
1772016300000,0.093650,0.093880,0.093490,0.093620,31904158,1772017199999,2989656.252690,7473,16070988,1505827.263520,0
1772017200000,0.093630,0.093760,0.093380,0.093570,37926570,1772018099999,3548102.743030,11459,17254783,1614529.641160,0
1772018100000,0.093560,0.094240,0.093540,0.093930,54642606,1772018999999,5136535.893090,10669,33366294,3135861.815310,0
1772019000000,0.093930,0.094220,0.093880,0.094080,27627516,1772019899999,2597529.601950,8867,14160313,1331621.527380,0
1772019900000,0.094090,0.094130,0.093960,0.094030,19101710,1772020799999,1796062.976090,6619,10344247,972676.944260,0
1772020800000,0.094020,0.094190,0.093970,0.094140,33241185,1772021699999,3127440.094840,11377,16439984,1546786.392530,0
1772021700000,0.094150,0.095130,0.094020,0.094950,135548377,1772022599999,12838737.532660,21693,72911791,6906691.992840,0
1772022600000,0.094960,0.095390,0.094930,0.095250,85430903,1772023499999,8128731.522760,17777,45553467,4335515.330550,0
1772023500000,0.095240,0.096040,0.095180,0.095720,140831474,1772024399999,13476214.611280,27248,72664538,6954458.455600,0
1772024400000,0.095720,0.096060,0.095620,0.095930,88350365,1772025299999,8468753.841250,23276,49703412,4764064.326590,0
1772025300000,0.095930,0.096680,0.095660,0.096510,99398865,1772026199999,9561319.170470,23157,55465585,5335419.505350,0
1772026200000,0.096510,0.097020,0.096300,0.096800,99362514,1772027099999,9606082.278850,21930,55508656,5368138.936070,0
1772027100000,0.096800,0.097420,0.096760,0.096960,185220318,1772027999999,17989508.815070,25391,115285860,11201303.035170,0
1772028000000,0.096970,0.097930,0.096950,0.097900,103699640,1772028899999,10110328.333680,25709,61138376,5961893.300990,0
1772028900000,0.097890,0.098560,0.097780,0.098330,148355180,1772029799999,14556389.165360,28475,81796830,8027135.353840,0
1772029800000,0.098320,0.098880,0.097910,0.098670,250819126,1772030699999,24686789.443830,51313,118333646,11646075.359690,0
1772030700000,0.098660,0.100960,0.098660,0.100830,406302398,1772031599999,40668239.339400,79756,208870740,20899437.591520,0
1772031600000,0.100820,0.102030,0.100240,0.101150,407256945,1772032499999,41187246.906380,95982,203483681,20575823.849430,0
1772032500000,0.101140,0.102690,0.100840,0.101080,310322870,1772033399999,31572452.585270,69088,149460300,15214523.017680,0
1772033400000,0.101080,0.102200,0.100610,0.101910,217908172,1772034299999,22094729.291320,55623,116938172,11859407.675720,0
1772034300000,0.101910,0.102160,0.101240,0.101540,149644976,1772035199999,15224998.389720,39473,57964698,5899214.352850,0
1772035200000,0.101550,0.101920,0.100780,0.101180,214565851,1772036099999,21733699.109960,43759,111528977,11298721.273700,0
1772036100000,0.101190,0.102000,0.101110,0.101420,154964040,1772036999999,15746288.389920,38097,69764612,7089061.024980,0
1772037000000,0.101430,0.102270,0.101210,0.102190,189392110,1772037899999,19260780.896270,38461,103615538,10535280.143940,0
1772037900000,0.102190,0.102820,0.102130,0.102650,144551465,1772038799999,14820468.365520,34550,80428665,8246127.801480,0
1772038800000,0.102650,0.103310,0.102410,0.102810,193332561,1772039699999,19876968.737820,45876,101850534,10474965.018890,0
1772039700000,0.102800,0.103160,0.102550,0.102800,92898209,1772040599999,9551416.885270,29037,45582368,4686417.464570,0
1772040600000,0.102800,0.103460,0.102580,0.102890,139571727,1772041499999,14375471.062370,34639,68167844,7022917.999140,0
1772041500000,0.102890,0.103260,0.102630,0.102790,77600931,1772042399999,7985513.278680,20711,36584995,3765218.563170,0
1772042400000,0.102790,0.103160,0.102190,0.102900,132609952,1772043299999,13613358.326690,31542,56935169,5845426.909380,0
1772043300000,0.102900,0.103680,0.102770,0.103500,93307025,1772044199999,9628539.614020,25469,50997410,5264445.323460,0
1772044200000,0.103510,0.103920,0.103180,0.103730,83190470,1772045099999,8620230.142740,25295,48705950,5047119.930190,0
1772045100000,0.103740,0.103950,0.103500,0.103560,55478448,1772045999999,5753228.409330,17183,22362345,2320174.253050,0
1772046000000,0.103560,0.103690,0.103210,0.103500,98347329,1772046899999,10174884.766910,26166,38054756,3937961.836980,0
1772046900000,0.103490,0.104300,0.103420,0.103690,96679627,1772047799999,10043015.851960,23774,51213384,5320822.481910,0
1772047800000,0.103700,0.103780,0.103290,0.103380,48770349,1772048699999,5048582.541950,16674,18557267,1921056.101740,0
1772048700000,0.103370,0.104220,0.103290,0.104030,53978578,1772049599999,5598079.741680,17903,29739735,3084318.511730,0
1772049600000,0.104040,0.104580,0.103710,0.103800,103450763,1772050499999,10775725.752400,30604,52530285,5473532.667590,0
1772050500000,0.103790,0.104030,0.103430,0.103430,56238254,1772051399999,5836538.663750,15941,20966336,2176951.647610,0
1772051400000,0.103430,0.104440,0.103310,0.104200,71161530,1772052299999,7399896.010070,18309,33370044,3471563.816970,0
1772052300000,0.104210,0.104420,0.103850,0.104010,51011492,1772053199999,5310816.836830,20221,25209180,2624768.653740,0
1772053200000,0.104000,0.104730,0.103980,0.104360,49686233,1772054099999,5185364.476590,20149,26142155,2728836.426200,0
1772054100000,0.104370,0.104520,0.103870,0.103930,55787320,1772054999999,5811069.769180,16784,22459193,2339805.957690,0
1772055000000,0.103930,0.106170,0.103840,0.105160,270070173,1772055899999,28374063.306330,64078,140414351,14749744.512520,0
1772055900000,0.105150,0.105720,0.104810,0.105290,96858241,1772056799999,10192420.112850,29070,51715930,5441684.370870,0
1772056800000,0.105290,0.105840,0.105170,0.105620,72783414,1772057699999,7682715.140790,24788,32708542,3452682.426370,0
1772057700000,0.105620,0.105720,0.104380,0.104510,78069525,1772058599999,8193659.059050,19605,30204307,3169343.000420,0
1772058600000,0.104500,0.104540,0.102620,0.102700,215932596,1772059499999,22363700.238460,38108,61728096,6393803.125320,0
1772059500000,0.102690,0.103180,0.102170,0.102910,126341233,1772060399999,12973209.455850,30647,50409013,5177377.091620,0
1772060400000,0.102910,0.103400,0.102640,0.103020,86629363,1772061299999,8926766.133710,24396,37967735,3912333.184780,0
1772061300000,0.103020,0.103020,0.101590,0.101600,160216079,1772062199999,16349403.538370,32140,67498304,6886178.703610,0
1772062200000,0.101600,0.101620,0.099450,0.099580,265201231,1772063099999,26670439.146940,49679,106742154,10737750.778610,0
1772063100000,0.099590,0.100920,0.099440,0.100910,176124897,1772063999999,17639619.542430,36796,104321620,10442895.106940,0
1772064000000,0.100910,0.101070,0.100290,0.100830,91342707,1772064899999,9198261.943970,31494,43585941,4389359.642160,0
1772064900000,0.100830,0.101560,0.100770,0.100790,89658328,1772065799999,9072543.482570,23752,57168573,5785845.681640,0
1772065800000,0.100780,0.100990,0.099780,0.100440,115231714,1772066699999,11567576.056710,30609,52306916,5254004.667560,0
1772066700000,0.100440,0.100620,0.099930,0.100440,70142127,1772067599999,7028892.479880,23737,33733860,3380355.924540,0
1772067600000,0.100450,0.101260,0.100260,0.101100,64300988,1772068499999,6484473.823890,23889,39854394,4019508.638000,0
1772068500000,0.101100,0.101160,0.100860,0.100960,41846548,1772069399999,4227946.815220,13155,17782251,1796704.678210,0
1772069400000,0.100950,0.101190,0.100420,0.100750,37449524,1772070299999,3775034.295790,14323,18190484,1833927.282290,0
1772070300000,0.100750,0.100940,0.100450,0.100580,28897307,1772071199999,2909112.837190,12385,14317092,1441403.700620,0
1772071200000,0.100580,0.100660,0.099820,0.100200,89674197,1772072099999,8975895.280390,26025,48652227,4869972.933670,0
1772072100000,0.100200,0.100940,0.100170,0.100330,50492161,1772072999999,5077005.772450,16006,26510660,2665485.923160,0
1772073000000,0.100340,0.100960,0.100340,0.100850,37308303,1772073899999,3755653.573630,13953,23002500,2315314.565200,0
1772073900000,0.100850,0.101580,0.100800,0.101350,54298910,1772074799999,5494550.887520,14473,31872959,3226097.881530,0
1772074800000,0.101340,0.101430,0.100920,0.101030,47035004,1772075699999,4759506.406210,15035,20707566,2094999.008550,0
1772075700000,0.101030,0.101080,0.100790,0.100790,34738924,1772076599999,3505780.010370,9774,16770953,1692558.703700,0
1772076600000,0.100790,0.101110,0.100640,0.100960,36916946,1772077499999,3725225.819380,11949,21401719,2159586.798910,0
1772077500000,0.100960,0.101110,0.100750,0.100750,16899882,1772078399999,1705792.711060,7915,8905584,898931.335590,0
1772078400000,0.100760,0.101410,0.100580,0.101120,48735024,1772079299999,4923571.973940,16703,29661734,2996782.942680,0
1772079300000,0.101130,0.101300,0.100760,0.100800,43881276,1772080199999,4432812.246460,13798,19576210,1977790.688460,0
1772080200000,0.100810,0.101650,0.100750,0.101200,72214847,1772081099999,7311618.771090,21452,37433774,3790607.605730,0
1772081100000,0.101190,0.101280,0.101010,0.101100,33731962,1772081999999,3411511.663660,11349,15517749,1569485.065770,0
1772082000000,0.101110,0.101110,0.099670,0.100010,130552722,1772082899999,13095196.629590,26533,63037013,6324125.567350,0
1772082900000,0.100000,0.100360,0.099580,0.100240,82814318,1772083799999,8276737.862680,21223,47269755,4724937.902460,0
1772083800000,0.100230,0.100320,0.099960,0.100210,47555798,1772084699999,4763066.677970,12939,22397189,2243190.455220,0
1772084700000,0.100210,0.100330,0.100040,0.100140,24064701,1772085599999,2411598.782960,8472,7919700,793682.935850,0
1772085600000,0.100140,0.100470,0.099820,0.100210,50553859,1772086499999,5063604.196200,12751,25546328,2559018.612870,0
1772086500000,0.100210,0.100340,0.099920,0.099950,27349335,1772087399999,2738526.248100,8566,12652341,1267114.918420,0
1772087400000,0.099950,0.100130,0.099790,0.100020,29828410,1772088299999,2981620.202430,9933,13299797,1329627.267950,0
1772088300000,0.100020,0.100110,0.099850,0.099960,29261445,1772089199999,2926560.164940,8422,18686432,1869026.304550,0
1772089200000,0.099960,0.100180,0.099850,0.099890,37581502,1772090099999,3757545.014470,11204,15377563,1537750.368410,0
1772090100000,0.099890,0.100040,0.099650,0.099950,23099726,1772090999999,2307095.998360,9394,10772434,1075984.687880,0
1772091000000,0.099940,0.100020,0.099520,0.099540,41678825,1772091899999,4156615.152350,11777,17568386,1752394.926800,0
1772091900000,0.099540,0.099680,0.099230,0.099520,91002276,1772092799999,9047481.530010,14917,32799803,3261255.556250,0
1772092800000,0.099530,0.099890,0.099490,0.099810,55866966,1772093699999,5569363.129470,13279,26004678,2592521.601910,0
1772093700000,0.099810,0.100300,0.099700,0.099840,56220820,1772094599999,5618904.815070,13094,34816029,3479747.822840,0
1772094600000,0.099850,0.100040,0.099520,0.099580,63821749,1772095499999,6366186.756480,11578,27896751,2782660.664670,0
1772095500000,0.099580,0.099840,0.099510,0.099530,25994157,1772096399999,2590937.000440,8763,14368878,1432229.229800,0
1772096400000,0.099530,0.100570,0.099440,0.100250,80902025,1772097299999,8092102.829550,16159,53360191,5338890.052180,0
1772097300000,0.100250,0.100300,0.099760,0.099850,45660229,1772098199999,4566442.377260,10900,24494828,2449622.896560,0
1772098200000,0.099850,0.100400,0.099790,0.100310,56931852,1772099099999,5705260.536320,12260,35692067,3576933.005220,0
1772099100000,0.100320,0.100390,0.100080,0.100180,39237180,1772099999999,3932066.312150,9388,19691973,1973417.803350,0
1772100000000,0.100180,0.100190,0.099670,0.099710,62622466,1772100899999,6258926.896020,13530,29664847,2965222.305140,0
1772100900000,0.099710,0.099760,0.099520,0.099520,53376940,1772101799999,5319222.784480,10581,24141169,2406198.869270,0
1772101800000,0.099530,0.099540,0.099030,0.099260,94140339,1772102699999,9345019.722590,15450,38802266,3852509.207690,0
1772102700000,0.099260,0.099350,0.098680,0.098890,69498481,1772103599999,6875786.868810,13956,29177916,2886629.047730,0
1772103600000,0.098890,0.099000,0.098440,0.098640,79832537,1772104499999,7878345.613870,14674,24900855,2457824.216670,0
1772104500000,0.098640,0.098740,0.098310,0.098480,75446009,1772105399999,7426806.398330,12039,47952283,4720337.270210,0
1772105400000,0.098490,0.098660,0.098400,0.098480,33343431,1772106299999,3285797.345620,8560,17467615,1721492.101440,0
1772106300000,0.098480,0.098550,0.098220,0.098450,45799014,1772107199999,4505076.453630,9925,26376982,2594952.411260,0
1772107200000,0.098460,0.098810,0.098400,0.098790,43779894,1772108099999,4317805.942280,12289,26861906,2649402.995700,0
1772108100000,0.098780,0.098900,0.098590,0.098900,34794855,1772108999999,3437658.057440,9927,19635967,1940041.652040,0
1772109000000,0.098910,0.099320,0.098850,0.099020,47742646,1772109899999,4731022.075810,11542,28699208,2844220.050540,0
1772109900000,0.099020,0.099440,0.098970,0.099340,37140843,1772110799999,3685973.957560,9632,24371958,2418731.613750,0
1772110800000,0.099340,0.099340,0.098880,0.098920,44782740,1772111699999,4436912.253730,11288,20451716,2026562.895100,0
1772111700000,0.098930,0.099420,0.098860,0.099370,38307365,1772112599999,3796691.427810,9450,23648416,2343647.065590,0
1772112600000,0.099370,0.099370,0.099090,0.099210,31153587,1772113499999,3091444.644830,8574,16756982,1663055.933140,0
1772113500000,0.099210,0.099400,0.098780,0.098920,39282819,1772114399999,3891110.941570,9407,18017149,1784929.661410,0
1772114400000,0.098930,0.099330,0.098520,0.099020,78385667,1772115299999,7749917.243400,16947,44871524,4438350.615180,0
1772115300000,0.099020,0.099110,0.098730,0.098890,39131413,1772116199999,3871569.066960,9485,17986642,1779511.189360,0
1772116200000,0.098890,0.099440,0.098290,0.098790,144772039,1772117099999,14316603.252620,37613,69842965,6907297.349720,0
1772117100000,0.098790,0.099040,0.098020,0.098810,176791588,1772117999999,17398372.739430,37498,79743196,7847972.910690,0
1772118000000,0.098810,0.098910,0.098250,0.098510,65295494,1772118899999,6441622.089330,25536,36378889,3588838.072430,0
1772118900000,0.098520,0.098550,0.097370,0.097710,267029879,1772119799999,26114104.993430,47298,139708207,13661989.754390,0
1772119800000,0.097700,0.098880,0.097380,0.098630,156062387,1772120699999,15310846.608710,36150,87810886,8615009.081200,0
1772120700000,0.098620,0.099010,0.098260,0.098550,103415429,1772121599999,10190508.007000,27828,55097914,5428946.076820,0
1772121600000,0.098560,0.098740,0.097930,0.098100,75150786,1772122499999,7388864.972350,24928,32919734,3236257.443390,0
1772122500000,0.098100,0.098680,0.097990,0.098320,46548349,1772123399999,4575748.017300,16975,22277976,2189547.978220,0
1772123400000,0.098310,0.098330,0.097110,0.097410,135966714,1772124299999,13258546.810670,30075,70596776,6884034.596770,0
1772124300000,0.097410,0.097450,0.095570,0.095720,344161232,1772125199999,33156799.292970,55316,137526191,13236583.924720,0
1772125200000,0.095710,0.096620,0.095590,0.096380,117885369,1772126099999,11347684.931070,29395,65860511,6339468.718770,0
1772126100000,0.096380,0.096750,0.096280,0.096440,66797762,1772126999999,6446537.614620,17942,40789368,3937118.309840,0
1772127000000,0.096450,0.096660,0.095850,0.095970,63116483,1772127899999,6072770.806800,16567,20240707,1949000.296860,0
1772127900000,0.095980,0.096050,0.095630,0.095780,40838678,1772128799999,3913245.060390,11952,21516846,2061679.998130,0
1772128800000,0.095770,0.096090,0.095350,0.095750,97231074,1772129699999,9300020.256520,22217,46006529,4401956.738760,0
1772129700000,0.095750,0.096130,0.095600,0.095700,89884662,1772130599999,8617996.532450,17208,47875252,4591176.379610,0
1772130600000,0.095700,0.096680,0.095650,0.096090,107418972,1772131499999,10338561.419270,21668,59584658,5736538.304150,0
1772131500000,0.096090,0.096170,0.095860,0.096050,32875337,1772132399999,3155800.266970,9512,14950286,1435097.208390,0
1772132400000,0.096050,0.097680,0.096010,0.096680,157907473,1772133299999,15288902.060470,26939,91103777,8817429.517910,0
1772133300000,0.096670,0.097320,0.096640,0.097060,65672764,1772134199999,6368990.441850,14612,32612466,3162623.972130,0
1772134200000,0.097050,0.097270,0.096810,0.096970,42793318,1772135099999,4152698.833400,10675,16907484,1640957.230470,0
1772135100000,0.096960,0.097530,0.096960,0.097270,62890830,1772135999999,6117042.511840,12014,34284962,3334376.867330,0
1772136000000,0.097280,0.097580,0.097060,0.097080,65471565,1772136899999,6373583.001630,11352,30681523,2985694.874550,0
1772136900000,0.097080,0.097350,0.096810,0.096850,27891126,1772137799999,2707884.363220,8199,9096423,883145.897550,0
1772137800000,0.096860,0.096930,0.096600,0.096840,44429117,1772138699999,4298875.230240,8865,24468617,2367872.128680,0
1772138700000,0.096850,0.096900,0.096660,0.096720,17662770,1772139599999,1709264.668050,6259,5094178,492984.656110,0
1772139600000,0.096720,0.096870,0.096390,0.096630,40171859,1772140499999,3880298.559530,8681,16650359,1608226.077450,0
1772140500000,0.096620,0.096670,0.096400,0.096600,25788754,1772141399999,2489349.576300,7038,12374054,1194577.514650,0
1772141400000,0.096590,0.096750,0.096490,0.096670,16593759,1772142299999,1602656.053150,5455,8906702,860270.154270,0
1772142300000,0.096670,0.096740,0.096570,0.096660,13448421,1772143199999,1300021.116040,4846,7016745,678292.955820,0
1772143200000,0.096650,0.096720,0.096550,0.096650,24940444,1772144099999,2410300.489840,6917,9617894,929542.194110,0
1772144100000,0.096650,0.096660,0.096460,0.096610,10466330,1772144999999,1010433.354150,4453,5231889,505098.199190,0
1772145000000,0.096610,0.096980,0.096540,0.096960,33330120,1772145899999,3224455.310430,7967,19731353,1909068.473200,0
1772145900000,0.096960,0.097110,0.096740,0.096880,25759113,1772146799999,2497074.093260,6680,14940596,1448717.059360,0
1772146800000,0.096870,0.096920,0.096540,0.096790,30372001,1772147699999,2935737.683970,11041,16024386,1548637.861030,0
1772147700000,0.096780,0.097030,0.096660,0.096960,17405386,1772148599999,1686464.684960,6185,11012826,1067277.046970,0
1772148600000,0.096970,0.097140,0.096870,0.096940,15906989,1772149499999,1542786.739920,7185,8731867,846931.415790,0
1772149500000,0.096950,0.097070,0.096860,0.096940,16964944,1772150399999,1645215.438990,5673,8450951,819612.990810,0
1772150400000,0.096950,0.096990,0.096560,0.096670,39845229,1772151299999,3856527.557360,10345,17922414,1734406.560360,0
1772151300000,0.096680,0.096710,0.096390,0.096580,23331669,1772152199999,2252523.145560,8087,10897559,1051991.082620,0
1772152200000,0.096570,0.096640,0.096200,0.096390,30805117,1772153099999,2969635.940290,9054,14782709,1425130.830350,0
1772153100000,0.096380,0.096670,0.096170,0.096630,38987358,1772153999999,3762764.468630,9151,27550915,2659396.911960,0
1772154000000,0.096630,0.096820,0.096360,0.096600,38171833,1772154899999,3687325.264710,10452,17960575,1735013.652220,0
1772154900000,0.096600,0.096880,0.096560,0.096730,70748701,1772155799999,6842027.938650,9568,19160818,1853158.613670,0
1772155800000,0.096720,0.097050,0.096640,0.096800,61853809,1772156699999,5993369.210820,13808,31526277,3054943.567870,0
1772156700000,0.096800,0.097120,0.096750,0.097070,32789466,1772157599999,3179050.128940,8936,18436847,1787681.823850,0
1772157600000,0.097080,0.097400,0.097010,0.097280,31652109,1772158499999,3078146.386900,9540,19472330,1893761.911060,0
1772158500000,0.097290,0.097540,0.097100,0.097140,33290313,1772159399999,3239527.603740,9982,16913832,1646216.457460,0
1772159400000,0.097150,0.097550,0.097130,0.097400,28339359,1772160299999,2760621.909570,7929,17109087,1666674.437190,0
1772160300000,0.097400,0.097640,0.097150,0.097150,27767812,1772161199999,2704558.133570,8763,12440576,1211990.103540,0
1772161200000,0.097160,0.097270,0.096650,0.096790,40720814,1772162099999,3944929.677230,10163,13041135,1263028.540340,0
1772162100000,0.096780,0.096930,0.096570,0.096710,21419268,1772162999999,2072006.367040,6341,8631032,834973.636510,0
1772163000000,0.096700,0.097050,0.096640,0.097050,26147265,1772163899999,2532092.121860,7737,16295874,1578281.488270,0
1772163900000,0.097040,0.097620,0.096900,0.097470,52175947,1772164799999,5074557.984230,12380,31402888,3053983.691620,0
1772164800000,0.097480,0.099050,0.097430,0.098540,271954955,1772165699999,26754769.837480,53500,181406933,17847848.347830,0
1772165700000,0.098540,0.099070,0.098470,0.098890,109658163,1772166599999,10835018.090490,21019,57635094,5695408.430790,0
1772166600000,0.098890,0.098930,0.098280,0.098340,72884781,1772167499999,7184779.163120,16310,24513994,2416203.919570,0
1772167500000,0.098350,0.098700,0.098180,0.098390,47638224,1772168399999,4687775.745900,12304,24060042,2368073.921700,0
1772168400000,0.098390,0.098840,0.098380,0.098630,36854504,1772169299999,3633544.947510,13348,19529324,1925552.560720,0
1772169300000,0.098630,0.098850,0.098340,0.098550,27072529,1772170199999,2669989.620720,9836,11884295,1172353.981520,0
1772170200000,0.098550,0.098970,0.098540,0.098820,26526338,1772171099999,2621374.777330,9725,13987724,1382355.612680,0
1772171100000,0.098820,0.098850,0.098410,0.098500,23226603,1772171999999,2290372.253120,7200,11464755,1130618.662030,0
1772172000000,0.098500,0.098750,0.098460,0.098720,24467140,1772172899999,2413005.698600,8835,12128611,1196046.802840,0
1772172900000,0.098730,0.098810,0.097940,0.098150,55111732,1772173799999,5415718.930460,13916,20738429,2037962.517360,0
1772173800000,0.098160,0.098650,0.098150,0.098650,29585103,1772174699999,2912053.662000,7941,16625855,1636390.077520,0
1772174700000,0.098650,0.099020,0.098640,0.098820,40744247,1772175599999,4028410.197650,8819,22261307,2201062.090240,0
1772175600000,0.098820,0.098920,0.098360,0.098520,45587636,1772176499999,4495699.749040,10546,21487393,2118918.663740,0
1772176500000,0.098530,0.098530,0.098090,0.098160,33867699,1772177399999,3329435.788800,8289,16886578,1660059.204270,0
1772177400000,0.098160,0.098350,0.097720,0.098030,46352079,1772178299999,4542369.776630,9977,21930865,2149552.309520,0
1772178300000,0.098030,0.098480,0.097970,0.098370,28827033,1772179199999,2833070.634280,10001,16723530,1643689.693080,0
1772179200000,0.098360,0.098580,0.098240,0.098300,46282374,1772180099999,4555871.470030,12802,26781519,2636431.223890,0
1772180100000,0.098300,0.098310,0.098060,0.098250,28493429,1772180999999,2797751.503240,7243,12496877,1227127.999980,0
1772181000000,0.098260,0.098480,0.097930,0.098190,29437140,1772181899999,2888674.333160,7985,15264557,1497953.779450,0
1772181900000,0.098200,0.098400,0.098120,0.098210,30651505,1772182799999,3011536.418900,7980,17035127,1673848.005050,0
1772182800000,0.098210,0.098520,0.098210,0.098420,33545656,1772183699999,3300410.416660,10175,15241638,1499587.466240,0
1772183700000,0.098410,0.098500,0.097840,0.098010,44576424,1772184599999,4375292.429350,10921,20035710,1966099.759110,0
1772184600000,0.098010,0.098170,0.097610,0.097660,47564979,1772185499999,4654080.196070,12626,23470444,2296837.494100,0
1772185500000,0.097660,0.097660,0.096980,0.097320,111097992,1772186399999,10806943.697190,20694,53901684,5242558.079850,0
1772186400000,0.097330,0.097440,0.096290,0.096360,109565375,1772187299999,10603903.392700,27356,51305625,4966278.574650,0
1772187300000,0.096370,0.096890,0.096270,0.096640,69961037,1772188199999,6760514.205140,18785,34976374,3379753.913420,0
1772188200000,0.096640,0.096920,0.096550,0.096660,36441196,1772189099999,3525353.548100,10768,22534375,2180009.684750,0
1772189100000,0.096660,0.096680,0.095860,0.095990,90414752,1772189999999,8700993.630460,17982,38080260,3663588.071710,0
1772190000000,0.095980,0.096440,0.095950,0.096290,73147596,1772190899999,7038647.392650,14981,36183299,3481271.884350,0
1772190900000,0.096290,0.096360,0.095710,0.095830,69848258,1772191799999,6704210.469870,18968,33601480,3225637.408210,0
1772191800000,0.095830,0.095880,0.094550,0.094780,191654251,1772192699999,18239904.099770,32177,74418112,7084846.027690,0
1772192700000,0.094780,0.095190,0.094740,0.094960,85965290,1772193599999,8164782.333960,17819,53180321,5051195.611260,0
1772193600000,0.094960,0.095210,0.094680,0.095040,73021746,1772194499999,6934594.382930,17410,37867328,3596819.618250,0
1772194500000,0.095040,0.095320,0.094760,0.095110,58339704,1772195399999,5547490.987860,14025,31318135,2978656.270780,0
1772195400000,0.095120,0.095250,0.094790,0.094940,61109577,1772196299999,5808484.355090,12686,30732674,2921892.936540,0
1772196300000,0.094930,0.095160,0.094550,0.095120,110801823,1772197199999,10514015.170940,16189,41715626,3960269.403160,0
1772197200000,0.095120,0.095540,0.094960,0.095070,112965059,1772198099999,10765760.928570,17101,64378222,6134720.004770,0
1772198100000,0.095080,0.095180,0.094650,0.094740,38908417,1772198999999,3693260.042900,11695,18611669,1766592.530110,0
1772199000000,0.094740,0.094740,0.093500,0.094490,308078826,1772199899999,29019407.449920,45755,136321603,12844375.132420,0
1772199900000,0.094500,0.095220,0.094470,0.094720,111333114,1772200799999,10563848.107200,18349,62154479,5896308.437250,0
1772200800000,0.094710,0.094860,0.094500,0.094670,47500917,1772201699999,4495204.490770,13389,23286277,2203967.939370,0
1772201700000,0.094660,0.094670,0.094110,0.094230,43864959,1772202599999,4137181.264420,13873,21206438,1999717.147140,0
1772202600000,0.094240,0.094790,0.094120,0.094280,111707347,1772203499999,10550605.396210,30950,55771556,5268068.117010,0
1772203500000,0.094290,0.094590,0.093720,0.093880,121005051,1772204399999,11384203.475460,26269,63097146,5936081.490650,0
1772204400000,0.093880,0.094400,0.093740,0.093820,141288684,1772205299999,13297802.156950,29193,95883956,9027693.432300,0
1772205300000,0.093810,0.094170,0.093550,0.094060,68902162,1772206199999,6470314.956810,21415,30861096,2898182.644800,0
1772206200000,0.094070,0.094100,0.093600,0.093920,37869903,1772207099999,3552824.916740,14772,19379179,1818102.112290,0
1772207100000,0.093930,0.094270,0.093800,0.093960,47857420,1772207999999,4500845.257180,14222,25833864,2429995.819410,0
1772208000000,0.093960,0.094010,0.093280,0.093510,107555133,1772208899999,10061974.784500,23883,47078271,4404688.741550,0
1772208900000,0.093500,0.094350,0.093400,0.094060,140363861,1772209799999,13177477.652440,23161,94417346,8863096.693430,0
1772209800000,0.094060,0.094190,0.093680,0.093830,49106686,1772210699999,4613245.051490,13887,23251678,2184043.212070,0
1772210700000,0.093820,0.093970,0.093480,0.093590,68495527,1772211599999,6417235.618520,16059,33905764,3176965.027870,0
1772211600000,0.093590,0.093790,0.093240,0.093400,66675791,1772212499999,6236964.884550,15059,29467763,2756978.658950,0
1772212500000,0.093410,0.093470,0.093070,0.093190,88244301,1772213399999,8225761.662270,18817,37050778,3453823.798020,0
1772213400000,0.093180,0.093570,0.092940,0.093390,79666534,1772214299999,7431548.564100,18723,41242755,3848834.677760,0
1772214300000,0.093390,0.093880,0.093230,0.093670,74822531,1772215199999,7007533.459680,14695,32408632,3034217.394450,0
1772215200000,0.093660,0.093700,0.093260,0.093380,35424459,1772216099999,3312169.649700,12078,13953728,1304454.795290,0
1772216100000,0.093380,0.093620,0.093190,0.093550,29803034,1772216999999,2782080.544880,8867,16465403,1537299.300910,0
1772217000000,0.093560,0.093840,0.093520,0.093570,29025677,1772217899999,2718849.140580,9096,15387726,1441334.687040,0
1772217900000,0.093580,0.093610,0.093300,0.093360,35296931,1772218799999,3296605.003990,10208,17420583,1627057.532750,0
1772218800000,0.093360,0.093400,0.092830,0.093060,50355624,1772219699999,4686434.116090,13898,25581080,2380693.694970,0
1772219700000,0.093060,0.093320,0.092970,0.093060,32010729,1772220599999,2982024.479520,9971,16539564,1540872.806200,0
1772220600000,0.093070,0.093170,0.092670,0.092760,30439813,1772221499999,2829321.094210,8749,10621971,987641.207440,0
1772221500000,0.092760,0.093010,0.092660,0.092950,32244052,1772222399999,2995077.770250,9296,16441436,1527208.335850,0
1772222400000,0.092940,0.093280,0.092880,0.093220,39023944,1772223299999,3634415.913590,13114,20641417,1922451.009650,0
1772223300000,0.093230,0.093350,0.093160,0.093190,25279869,1772224199999,2357520.050130,7848,11298824,1053755.203860,0
1772224200000,0.093200,0.093250,0.093090,0.093130,18862088,1772225099999,1757508.857020,6733,9257976,862644.966510,0
1772225100000,0.093140,0.093330,0.093110,0.093180,23762933,1772225999999,2214779.453930,8920,11673202,1088063.651060,0
1772226000000,0.093190,0.093420,0.093030,0.093210,31289321,1772226899999,2917834.993470,10248,14378963,1341142.910780,0
1772226900000,0.093200,0.093320,0.093090,0.093250,39248600,1772227799999,3657980.927170,8867,22663641,2112282.562760,0
1772227800000,0.093250,0.093290,0.092920,0.093050,22772325,1772228699999,2119274.419590,6497,8360686,778008.112270,0
1772228700000,0.093040,0.093120,0.092850,0.093040,17869504,1772229599999,1661982.484310,5871,7490477,696667.379180,0
1772229600000,0.093040,0.093100,0.092800,0.092930,21142503,1772230499999,1965052.616340,6858,11037592,1025925.095520,0
1772230500000,0.092930,0.093080,0.092390,0.092640,57618967,1772231399999,5340439.692610,10980,25545092,2368595.278020,0
1772231400000,0.092640,0.093120,0.091830,0.093070,141715214,1772232299999,13095089.914470,24746,65593199,6065304.385600,0
1772232300000,0.093060,0.093200,0.092930,0.093060,31359394,1772233199999,2918198.582440,8379,17460695,1624979.620400,0
1772233200000,0.093060,0.093290,0.092850,0.092920,75896314,1772234099999,7066298.885160,14252,35726321,3326788.152330,0
1772234100000,0.092920,0.093230,0.092860,0.093200,30313116,1772234999999,2821596.536280,7691,19266274,1793445.401510,0
1772235000000,0.093210,0.093300,0.093110,0.093160,26002780,1772235899999,2423975.333030,6061,15137944,1411296.877020,0
1772235900000,0.093160,0.093370,0.093100,0.093310,20420801,1772236799999,1904546.608500,5035,10794986,1006871.858210,0
1772236800000,0.093310,0.093590,0.093230,0.093560,44419794,1772237699999,4149723.137890,9630,26800144,2503656.758260,0
1772237700000,0.093560,0.093590,0.093320,0.093360,38627982,1772238599999,3611112.722660,7559,17887629,1672278.465620,0
1772238600000,0.093350,0.093670,0.093230,0.093640,17702911,1772239499999,1654557.564720,5493,10568432,987867.901370,0
1772239500000,0.093630,0.093660,0.093340,0.093430,30941532,1772240399999,2893160.780280,6768,15382996,1438390.336630,0
1772240400000,0.093420,0.093640,0.093400,0.093510,22537154,1772241299999,2108100.710760,7175,12047613,1126932.374880,0
1772241300000,0.093520,0.093540,0.093260,0.093350,49760405,1772242199999,4648435.509370,8852,32893303,3072612.988060,0
1772242200000,0.093350,0.093390,0.093140,0.093230,22842203,1772243099999,2130020.866300,7184,9191665,857170.661840,0
1772243100000,0.093230,0.093400,0.093190,0.093260,12648049,1772243999999,1180174.224160,4023,7902845,737416.485640,0
1772244000000,0.093250,0.093550,0.093200,0.093400,26136367,1772244899999,2439238.107210,6481,12235429,1142274.812100,0
1772244900000,0.093410,0.093670,0.093410,0.093570,23032092,1772245799999,2154630.037590,5588,14413387,1348249.497940,0
1772245800000,0.093580,0.093680,0.093520,0.093600,18000052,1772246699999,1684870.486320,4342,10325866,966646.984250,0
1772246700000,0.093600,0.093720,0.093550,0.093650,17751058,1772247599999,1661814.117210,4499,10702034,1001975.092720,0
1772247600000,0.093660,0.093660,0.093520,0.093520,11095153,1772248499999,1038257.408420,5176,4992476,467211.614100,0
1772248500000,0.093530,0.093620,0.093400,0.093440,16136202,1772249399999,1509184.131740,5002,7632099,713851.906960,0
1772249400000,0.093440,0.093460,0.093070,0.093130,44175408,1772250299999,4119206.992420,8593,16719851,1558721.041930,0
1772250300000,0.093130,0.093280,0.093050,0.093170,22852581,1772251199999,2129062.562650,4964,12873922,1199470.355220,0
1772251200000,0.093170,0.093300,0.093080,0.093240,20509575,1772252099999,1911874.507610,6752,8891375,828892.641040,0
1772252100000,0.093240,0.093360,0.093070,0.093090,20063932,1772252999999,1870508.680140,5894,9481114,883947.025580,0
1772253000000,0.093100,0.093140,0.092660,0.093090,53237225,1772253899999,4946978.067870,11810,28953046,2691059.055350,0
1772253900000,0.093090,0.093180,0.093000,0.093040,9835349,1772254799999,915388.300270,3792,5326852,495799.233400,0
1772254800000,0.093050,0.093120,0.093000,0.093080,18909506,1772255699999,1759810.914890,5449,11336929,1055096.809340,0
1772255700000,0.093070,0.093100,0.092810,0.092810,13921893,1772256599999,1294379.818880,4798,6007480,558570.303750,0
1772256600000,0.092810,0.092840,0.092410,0.092500,59386804,1772257499999,5496199.540090,10417,22645933,2096272.478610,0
1772257500000,0.092500,0.092550,0.092360,0.092530,28723018,1772258399999,2655461.651100,6222,14317383,1323690.456900,0
1772258400000,0.092520,0.092600,0.092110,0.092190,57360665,1772259299999,5296674.256250,10730,22269250,2056699.526620,0
1772259300000,0.092200,0.092230,0.089570,0.090630,606315575,1772260199999,55075768.162320,84706,236396480,21481559.583840,0
1772260200000,0.090630,0.090740,0.088880,0.090110,476100193,1772261099999,42676577.772280,93688,221916401,19892229.008910,0
1772261100000,0.090110,0.090140,0.088170,0.088600,413554633,1772261999999,36781033.581190,65555,177884622,15803506.120710,0
1772262000000,0.088610,0.089690,0.087960,0.089460,243794626,1772262899999,21698188.867000,62036,134189682,11948594.024360,0
1772262900000,0.089460,0.089700,0.088640,0.088820,126251756,1772263799999,11246424.952060,30686,58492213,5211335.475990,0
1772263800000,0.088820,0.090450,0.088730,0.089910,232994947,1772264699999,20908830.743430,47547,128273163,11513645.053750,0
1772264700000,0.089900,0.089920,0.089250,0.089270,93252757,1772265599999,8347941.287390,19331,41599526,3725084.345080,0
1772265600000,0.089260,0.089420,0.088820,0.089100,122096462,1772266499999,10881502.967800,24588,55893053,4981198.237600,0
1772266500000,0.089110,0.089380,0.088810,0.088910,99820576,1772267399999,8893083.995460,20254,41582730,3705036.976700,0
1772267400000,0.088920,0.089050,0.088500,0.088670,77789180,1772268299999,6904553.285080,16933,28109445,2495538.033370,0
1772268300000,0.088670,0.088860,0.088360,0.088550,63387220,1772269199999,5613927.946200,15067,23802749,2108505.581990,0
1772269200000,0.088540,0.088930,0.088160,0.088730,99819434,1772270099999,8838356.318080,23638,48999145,4339732.313580,0
1772270100000,0.088730,0.089150,0.088530,0.088880,73778545,1772270999999,6554052.506570,19443,36476332,3240864.604570,0
1772271000000,0.088880,0.088880,0.088100,0.088190,87928035,1772271899999,7773519.360010,17500,35602651,3147576.048860,0
1772271900000,0.088200,0.088440,0.087590,0.088340,148680657,1772272799999,13101889.782230,22713,64257866,5667752.812780,0
1772272800000,0.088340,0.088340,0.087660,0.087920,104851337,1772273699999,9219420.160270,21323,43735503,3844442.020730,0
1772273700000,0.087910,0.088610,0.087800,0.088540,99529712,1772274599999,8791375.338100,19990,59290022,5237979.295440,0
1772274600000,0.088530,0.089180,0.088480,0.088800,84144517,1772275499999,7482324.168170,18333,47842147,4254422.713700,0
1772275500000,0.088800,0.088860,0.088110,0.088490,124004369,1772276399999,10970414.832530,16286,35301215,3124036.245130,0
1772276400000,0.088480,0.088910,0.088430,0.088820,71394934,1772277299999,6332619.244280,16891,39122739,3469965.644460,0
1772277300000,0.088820,0.089100,0.088750,0.088980,53021339,1772278199999,4715628.579670,12735,23459275,2086491.046600,0
1772278200000,0.088980,0.089170,0.088630,0.088780,66300440,1772279099999,5893842.517820,12245,29682026,2639969.813870,0
1772279100000,0.088790,0.089100,0.088520,0.088680,109284003,1772279999999,9715215.164050,13146,46982547,4175466.030700,0
1772280000000,0.088680,0.089180,0.088660,0.088980,83957257,1772280899999,7466779.799650,14345,56766156,5049537.038840,0
1772280900000,0.088980,0.089260,0.088870,0.088980,36227150,1772281799999,3227232.715810,9785,18628956,1659684.365760,0
1772281800000,0.088990,0.089070,0.088480,0.088840,96868913,1772282699999,8605507.368600,12010,30459365,2708248.662840,0
1772282700000,0.088850,0.088870,0.088480,0.088790,43354264,1772283599999,3843781.366150,11409,19702758,1746569.356070,0
1772283600000,0.088790,0.089150,0.088760,0.089150,32592569,1772284499999,2898933.809700,9875,17203506,1530343.774540,0
1772284500000,0.089140,0.089420,0.088860,0.088940,55549311,1772285399999,4953314.525910,10621,31003137,2764364.372430,0
1772285400000,0.088930,0.089170,0.088830,0.089170,32078137,1772286299999,2853846.589880,9413,16836049,1497952.357540,0
1772286300000,0.089160,0.092040,0.089160,0.091440,590935334,1772287199999,53624068.367750,84050,325869264,29560969.147560,0
1772287200000,0.091430,0.091880,0.090560,0.090800,181457778,1772288099999,16540695.974920,44126,79213291,7219362.730710,0
1772288100000,0.090800,0.091170,0.090640,0.091090,76486575,1772288999999,6950316.981400,18507,37471162,3405862.650610,0
1772289000000,0.091080,0.091600,0.090610,0.091310,169633462,1772289899999,15440221.826440,26816,96233383,8754837.907540,0
1772289900000,0.091310,0.091440,0.090000,0.090220,141501499,1772290799999,12810080.101610,28985,57192565,5178762.957630,0
1772290800000,0.090210,0.090580,0.089710,0.089770,109529699,1772291699999,9871346.527250,22015,40985424,3696474.537490,0
1772291700000,0.089770,0.091070,0.089770,0.090860,81941449,1772292599999,7414675.992920,19415,54389185,4921700.511460,0
1772292600000,0.090860,0.091000,0.090540,0.090610,57102374,1772293499999,5181922.298680,14722,29299773,2658898.967020,0
1772293500000,0.090620,0.090810,0.090500,0.090740,28095773,1772294399999,2546432.840050,7598,14202334,1287469.639880,0
1772294400000,0.090740,0.090940,0.090400,0.090760,59603338,1772295299999,5405764.933230,13321,29290658,2657389.435050,0
1772295300000,0.090760,0.090760,0.090380,0.090650,44236746,1772296199999,4004630.961610,10058,21852849,1978405.941540,0
1772296200000,0.090650,0.091120,0.090310,0.091010,59346793,1772297099999,5382228.489560,13697,33335648,3023272.296710,0
1772297100000,0.091020,0.091070,0.090570,0.090820,40597138,1772297999999,3686853.818260,10226,19584841,1778846.608720,0
1772298000000,0.090820,0.090900,0.090490,0.090680,45613090,1772298899999,4137010.575020,9708,26603285,2412919.659580,0
1772298900000,0.090680,0.090720,0.090270,0.090500,86247765,1772299799999,7803661.239050,10132,20523865,1856930.828580,0
1772299800000,0.090500,0.090600,0.090100,0.090260,42274724,1772300699999,3819684.877660,9666,16356348,1477843.186300,0
1772300700000,0.090260,0.091230,0.090200,0.091030,55785667,1772301599999,5062736.896280,13616,31221857,2834036.335520,0
1772301600000,0.091040,0.091180,0.090870,0.090960,54115770,1772302499999,4925701.196840,12585,31069994,2828208.176390,0
1772302500000,0.090950,0.091000,0.090720,0.090740,31180954,1772303399999,2832576.192270,7317,11060291,1004673.749820,0
1772303400000,0.090740,0.092180,0.090740,0.091760,132966882,1772304299999,12186157.439240,24945,78720070,7214358.696290,0
1772304300000,0.091750,0.092800,0.091740,0.092080,124678198,1772305199999,11496848.874810,24259,67427587,6217333.349070,0
1772305200000,0.092070,0.092160,0.091530,0.091720,65529676,1772306099999,6019618.717370,18273,34780718,3194977.803140,0
1772306100000,0.091730,0.091960,0.091430,0.091810,96091012,1772306999999,8803219.679530,13067,63201505,5788774.727620,0
1772307000000,0.091810,0.093390,0.091770,0.092810,190226656,1772307899999,17640792.309830,33672,94068706,8726557.305520,0
1772307900000,0.092810,0.093170,0.092530,0.092780,113128415,1772308799999,10511965.952450,18038,53182948,4941546.424950,0
1772308800000,0.092790,0.093440,0.092550,0.093350,85727663,1772309699999,7959548.523460,18607,51964922,4824189.281830,0
1772309700000,0.093350,0.094120,0.093050,0.093780,134674585,1772310599999,12620323.839060,27201,72138795,6762160.777430,0
1772310600000,0.093790,0.093980,0.093280,0.093800,75276622,1772311499999,7051328.524790,18126,38002551,3560710.766050,0
1772311500000,0.093800,0.094580,0.093720,0.094240,95421284,1772312399999,8992055.639080,22326,49778626,4691378.189190,0
1772312400000,0.094240,0.094360,0.093380,0.093790,88839020,1772313299999,8330781.878140,23838,40200135,3770434.322800,0
1772313300000,0.093800,0.093840,0.093360,0.093580,49775577,1772314199999,4662003.133650,12623,21193207,1985298.383890,0
1772314200000,0.093590,0.094200,0.093500,0.093840,79696779,1772315099999,7476512.846170,18685,30805935,2889407.809380,0
1772315100000,0.093840,0.094100,0.093650,0.093820,42356618,1772315999999,3976740.204610,11788,24580604,2308009.531230,0
1772316000000,0.093820,0.094300,0.093820,0.094050,40400966,1772316899999,3800260.175240,15071,20438958,1922582.534750,0
1772316900000,0.094050,0.094340,0.093940,0.094130,28896263,1772317799999,2720322.952410,9962,11968263,1126749.605640,0
1772317800000,0.094130,0.094970,0.093970,0.094170,91681283,1772318699999,8663844.485300,23342,40002563,3780363.183760,0
1772318700000,0.094160,0.094460,0.093850,0.093850,33304838,1772319599999,3135343.530500,12530,16797134,1581589.159110,0
1772319600000,0.093860,0.094160,0.093840,0.094000,32086271,1772320499999,3016880.605330,11950,19850820,1866545.375000,0
1772320500000,0.094000,0.094130,0.093770,0.093820,25498350,1772321399999,2394298.322670,8750,10780884,1012551.365720,0
1772321400000,0.093820,0.094030,0.093730,0.093920,26466840,1772322299999,2484435.820000,7971,14876981,1396675.851850,0
1772322300000,0.093910,0.094140,0.093900,0.094000,26612557,1772323199999,2502187.587370,7038,11563831,1087182.204050,0
