open_time,open,high,low,close,volume,close_time,quote_volume,count,taker_buy_volume,taker_buy_quote_volume,ignore
1772323200000,0.093990,0.094220,0.093810,0.093950,45505022,1772324099999,4278123.004740,11490,17910819,1684275.521400,0
1772324100000,0.093950,0.093960,0.093590,0.093610,32730282,1772324999999,3067768.994690,9111,12267465,1149806.612210,0
1772325000000,0.093600,0.093900,0.093470,0.093660,43866069,1772325899999,4109040.703190,10082,18798853,1761253.398150,0
1772325900000,0.093660,0.093920,0.093580,0.093880,34002876,1772326799999,3188332.528870,9242,18941215,1776297.604760,0
1772326800000,0.093870,0.093900,0.093160,0.093190,145177543,1772327699999,13585951.559190,17643,53987639,5050510.290010,0
1772327700000,0.093190,0.093840,0.093030,0.093810,91352175,1772328599999,8530974.110930,17619,59943839,5597982.180110,0
1772328600000,0.093800,0.094640,0.093670,0.094400,74952495,1772329499999,7063998.407570,18492,45703213,4307198.613760,0
1772329500000,0.094410,0.096140,0.094370,0.095440,204746390,1772330399999,19507719.686530,39629,124780451,11888917.954920,0
1772330400000,0.095440,0.097860,0.095440,0.097350,353533893,1772331299999,34273130.977520,66724,193871030,18792952.878130,0
1772331300000,0.097340,0.097680,0.096410,0.096750,131732061,1772332199999,12766683.534170,32228,59717617,5789812.847270,0
1772332200000,0.096750,0.097530,0.096720,0.097280,98364386,1772333099999,9555964.982770,24115,47516077,4615719.938450,0
1772333100000,0.097280,0.097490,0.096740,0.096990,106608062,1772333999999,10347382.076420,20680,48092404,4667010.868600,0
1772334000000,0.096980,0.097240,0.096200,0.096470,99256701,1772334899999,9598247.827890,21393,39111249,3785682.255150,0
1772334900000,0.096470,0.096730,0.096160,0.096530,82701678,1772335799999,7974891.025640,18155,47081388,4540288.260660,0
1772335800000,0.096520,0.096760,0.096370,0.096540,42603007,1772336699999,4112368.072010,11375,22615009,2182855.126070,0
1772336700000,0.096540,0.096630,0.095830,0.096040,78975933,1772337599999,7594599.169810,16541,33372293,3210985.380240,0
1772337600000,0.096040,0.096500,0.096040,0.096310,66194926,1772338499999,6377411.076990,16561,37149637,3578905.135250,0
1772338500000,0.096310,0.096430,0.095640,0.096070,82515199,1772339399999,7914699.147050,20087,35769571,3431161.556030,0
1772339400000,0.096070,0.096390,0.095970,0.096220,55567143,1772340299999,5345911.255430,11972,26768200,2575027.409210,0
1772340300000,0.096220,0.096380,0.096140,0.096190,18191235,1772341199999,1750656.348630,6380,10861810,1045328.572370,0
1772341200000,0.096200,0.096550,0.096040,0.096060,31582637,1772342099999,3041264.486230,10262,15174744,1461578.206240,0
1772342100000,0.096060,0.096370,0.096030,0.096170,19732776,1772342999999,1898188.179000,8169,11548996,1110968.374860,0
1772343000000,0.096170,0.096200,0.095920,0.095930,20283485,1772343899999,1948534.651640,7677,8626095,828801.737470,0
1772343900000,0.095930,0.096030,0.095780,0.095900,24241550,1772344799999,2325164.210320,8032,8632185,828014.950720,0
1772344800000,0.095910,0.095960,0.094700,0.095030,154724921,1772345699999,14730435.705110,27182,62115740,5913149.761260,0
1772345700000,0.095040,0.095230,0.094840,0.095010,58494146,1772346599999,5557080.211740,11625,28366636,2694982.533650,0
1772346600000,0.095000,0.095110,0.094370,0.094660,95775787,1772347499999,9065790.109080,17141,42528678,4025992.731450,0
1772347500000,0.094660,0.094900,0.094430,0.094740,49609513,1772348399999,4694786.074420,10939,21231273,2009865.449210,0
1772348400000,0.094740,0.094810,0.094360,0.094630,40431483,1772349299999,3824637.245000,12004,19013250,1798594.810460,0
1772349300000,0.094630,0.094780,0.094440,0.094600,19931144,1772350199999,1885718.160580,7191,11618973,1099436.259880,0
1772350200000,0.094590,0.094940,0.094270,0.094810,57201524,1772351099999,5416138.247030,12599,35532825,3364246.883470,0
1772351100000,0.094810,0.094970,0.094780,0.094800,25272938,1772351999999,2397626.626410,6601,10749096,1019931.250390,0
1772352000000,0.094810,0.094850,0.094360,0.094650,49070091,1772352899999,4640884.167610,13641,20654028,1953428.327720,0
1772352900000,0.094660,0.094740,0.094380,0.094560,29740371,1772353799999,2812657.035890,8911,14616420,1382165.382210,0
1772353800000,0.094560,0.094620,0.094220,0.094500,45861700,1772354699999,4330373.866170,10239,26332969,2486772.408940,0
1772354700000,0.094510,0.094560,0.093270,0.093590,158102863,1772355599999,14823117.161170,26908,60981129,5713573.433700,0
1772355600000,0.093580,0.094040,0.093250,0.093930,78149893,1772356499999,7326757.599360,17566,41954399,3934457.641580,0
1772356500000,0.093930,0.094400,0.093890,0.094130,51689066,1772357399999,4868278.321510,13635,29690381,2796047.833850,0
1772357400000,0.094130,0.094160,0.093590,0.093650,49032704,1772358299999,4598773.900400,12391,20303911,1904486.557450,0
1772358300000,0.093650,0.093690,0.093300,0.093440,37292021,1772359199999,3486636.869860,10495,17529114,1639056.087240,0
1772359200000,0.093450,0.093800,0.093110,0.093750,79780729,1772360099999,7456941.576030,18633,47767895,4466890.846460,0
1772360100000,0.093750,0.093750,0.093440,0.093540,31572836,1772360999999,2954191.505540,8630,16879015,1579265.536350,0
1772361000000,0.093540,0.093980,0.093470,0.093570,36401582,1772361899999,3410338.356470,9743,19085766,1788492.904010,0
1772361900000,0.093570,0.093740,0.093450,0.093630,17157704,1772362799999,1606121.847400,6443,9271675,867997.851440,0
1772362800000,0.093640,0.093670,0.093330,0.093370,25077241,1772363699999,2344749.841780,8272,9644749,901973.434100,0
1772363700000,0.093370,0.093700,0.093370,0.093590,59888869,1772364599999,5602676.143990,11455,41615180,3893114.175530,0
1772364600000,0.093600,0.093820,0.093370,0.093480,51963384,1772365499999,4864215.185280,9482,33284533,3116589.323730,0
1772365500000,0.093490,0.093630,0.093420,0.093470,19158713,1772366399999,1791469.701720,5756,7878429,736790.693870,0
1772366400000,0.093470,0.093600,0.093400,0.093480,24238175,1772367299999,2266522.285490,7864,11814653,1104849.496200,0
1772367300000,0.093470,0.093730,0.093410,0.093430,22963992,1772368199999,2148141.739980,6474,12259746,1146997.331250,0
1772368200000,0.093420,0.093520,0.093130,0.093420,51541645,1772369099999,4809338.260310,9471,23165021,2162139.054610,0
1772369100000,0.093420,0.093420,0.092740,0.092920,90575852,1772369999999,8421506.989430,13836,33655535,3129968.326330,0
1772370000000,0.092910,0.093080,0.092700,0.092960,47751414,1772370899999,4435495.778160,10268,20957251,1946896.544210,0
1772370900000,0.092970,0.093070,0.092430,0.092740,65530240,1772371799999,6073179.863200,13616,28469238,2638769.959440,0
1772371800000,0.092740,0.092800,0.092550,0.092700,36805762,1772372699999,3410970.199460,8400,18358032,1701487.201920,0
1772372700000,0.092700,0.094920,0.092670,0.094280,307904725,1772373599999,28984372.965040,49436,156156559,14684689.312120,0
1772373600000,0.094270,0.095490,0.094060,0.094780,180101411,1772374499999,17066356.100150,41487,111752466,10591839.617010,0
1772374500000,0.094780,0.094970,0.093940,0.094140,78925011,1772375399999,7449318.037630,21374,30889766,2915724.876880,0
1772375400000,0.094140,0.094560,0.093650,0.093830,60934506,1772376299999,5730233.543780,17822,24509945,2305778.783690,0
1772376300000,0.093840,0.094240,0.093710,0.094000,35524178,1772377199999,3337979.718920,12562,19344983,1818116.856510,0
1772377200000,0.093990,0.094340,0.093880,0.094250,36253618,1772378099999,3412983.239350,14004,19756975,1860024.584880,0
1772378100000,0.094240,0.094610,0.094060,0.094220,47516158,1772378999999,4481980.281640,14452,21300508,2009362.941980,0
1772379000000,0.094210,0.094490,0.094130,0.094360,41144482,1772379899999,3880009.051880,10047,22800335,2150071.719660,0
1772379900000,0.094360,0.094450,0.093740,0.093820,49795515,1772380799999,4684700.996220,11680,19191430,1806317.868840,0
1772380800000,0.093830,0.094310,0.093500,0.093950,78841616,1772381699999,7405778.287560,18327,39399881,3701680.779320,0
1772381700000,0.093960,0.094440,0.093670,0.094350,48219944,1772382599999,4535376.417030,12014,26179166,2462338.598580,0
1772382600000,0.094360,0.094480,0.094060,0.094070,34054829,1772383499999,3210678.775620,9990,17694765,1668250.952670,0
1772383500000,0.094070,0.094100,0.091900,0.092850,339361786,1772384399999,31492093.827900,53969,144915073,13453847.772930,0
1772384400000,0.092850,0.092890,0.092370,0.092700,78591770,1772385299999,7284391.664520,22611,39683745,3678081.509110,0
1772385300000,0.092710,0.092750,0.091580,0.092310,178345985,1772386199999,16408477.796570,28097,67397517,6203706.850400,0
1772386200000,0.092300,0.092790,0.092070,0.092530,95954744,1772387099999,8875953.469040,14338,73093211,6762484.022570,0
1772387100000,0.092520,0.092650,0.092230,0.092290,46340210,1772387999999,4284294.448030,12220,23648833,2187037.631700,0
1772388000000,0.092290,0.093560,0.092260,0.093060,116519743,1772388899999,10838486.481340,26254,71979973,6693220.872560,0
1772388900000,0.093050,0.093400,0.092840,0.092900,47538356,1772389799999,4422641.102980,11485,24612002,2290597.778280,0
1772389800000,0.092890,0.093040,0.092610,0.092990,28108182,1772390699999,2609605.646750,8227,15404789,1430558.953720,0
1772390700000,0.092990,0.093090,0.092660,0.092730,25601798,1772391599999,2377572.755910,6290,9431104,875837.869500,0
1772391600000,0.092740,0.092760,0.092190,0.092220,44282212,1772392499999,4096580.025620,11138,18202856,1684101.249740,0
1772392500000,0.092230,0.092340,0.091970,0.092040,38686617,1772393399999,3564731.881970,9058,16608505,1530463.393080,0
1772393400000,0.092030,0.092330,0.091690,0.091820,49140166,1772394299999,4521059.825350,11825,25791296,2373167.628280,0
1772394300000,0.091820,0.092030,0.091220,0.091740,170896910,1772395199999,15658835.685070,15366,80702829,7399621.730680,0
1772395200000,0.091730,0.091860,0.090840,0.091020,110611685,1772396099999,10093242.979350,21840,48008686,4380316.367840,0
1772396100000,0.091020,0.091240,0.090850,0.090980,60082000,1772396999999,5471509.943660,14670,33931672,3090599.392430,0
1772397000000,0.090980,0.091150,0.090490,0.090640,117727845,1772397899999,10689003.893580,21407,53466049,4855265.884210,0
1772397900000,0.090630,0.091060,0.090500,0.090830,102687248,1772398799999,9330297.573700,14141,44047169,4000527.278230,0
1772398800000,0.090830,0.091490,0.090780,0.091420,60563302,1772399699999,5521081.264330,14527,36579387,3335342.536750,0
1772399700000,0.091410,0.091970,0.091370,0.091840,46603682,1772400599999,4271870.944440,11900,27018069,2476248.318320,0
1772400600000,0.091830,0.092160,0.091590,0.091760,83301624,1772401499999,7653036.495470,13361,48764547,4482091.997610,0
1772401500000,0.091770,0.092030,0.091740,0.091930,21467293,1772402399999,1972421.910400,7350,12069785,1109017.081970,0
1772402400000,0.091920,0.093450,0.091810,0.092700,121651683,1772403299999,11277884.660860,21745,67163508,6226965.004100,0
1772403300000,0.092710,0.093270,0.092350,0.092420,129286837,1772404199999,12012629.953240,18613,54893897,5096293.948740,0
1772404200000,0.092420,0.092700,0.091740,0.092380,77603897,1772405099999,7153628.747160,18456,34869269,3215363.448320,0
1772405100000,0.092380,0.092420,0.091730,0.091820,34746998,1772405999999,3196739.566800,11337,12938730,1190582.176470,0
1772406000000,0.091820,0.092950,0.091610,0.092330,99766461,1772406899999,9217001.680340,27805,44913630,4147144.256930,0
1772406900000,0.092320,0.092420,0.092010,0.092070,48504642,1772407799999,4473545.992160,12231,30046646,2771158.224730,0
1772407800000,0.092060,0.092270,0.091920,0.092030,32983958,1772408699999,3036472.150390,10158,16626886,1530861.346170,0
1772408700000,0.092030,0.092160,0.091760,0.091860,29445684,1772409599999,2706439.169040,7868,15534064,1427706.331750,0
1772409600000,0.091860,0.092490,0.091790,0.092210,63204472,1772410499999,5822066.464250,16250,35833767,3300227.986540,0
1772410500000,0.092210,0.092400,0.091910,0.092190,35836023,1772411399999,3301006.032450,11299,20227248,1863507.491240,0
1772411400000,0.092180,0.093080,0.092180,0.092990,31852037,1772412299999,2946921.265920,10945,20293204,1878205.355300,0
1772412300000,0.093000,0.093400,0.092710,0.092990,76132739,1772413199999,7079218.096740,17892,38116632,3543897.933120,0
1772413200000,0.092990,0.094450,0.092880,0.093890,145711024,1772414099999,13649913.071160,47487,83278615,7802270.190420,0
1772414100000,0.093880,0.094060,0.093170,0.093300,63441709,1772414999999,5935212.838610,16514,32928450,3081293.043280,0
1772415000000,0.093300,0.093630,0.093300,0.093410,31309259,1772415899999,2925910.821000,11252,15671476,1464630.640740,0
1772415900000,0.093410,0.093520,0.093110,0.093260,23801472,1772416799999,2221728.292160,9373,11607889,1083563.617110,0
1772416800000,0.093270,0.093630,0.092460,0.092820,79599750,1772417699999,7400906.867500,19707,35271192,3278949.850660,0
1772417700000,0.092820,0.093200,0.092540,0.092860,82744655,1772418599999,7683543.190440,15506,33658294,3125932.960000,0
1772418600000,0.092850,0.093150,0.092750,0.092840,38510460,1772419499999,3579473.424330,9864,14995194,1393967.083920,0
1772419500000,0.092840,0.093010,0.092520,0.092670,26185685,1772420399999,2428209.559600,8163,12285855,1139650.902300,0
1772420400000,0.092660,0.093200,0.092350,0.093060,59015370,1772421299999,5474424.965260,14482,33858604,3141866.457160,0
1772421300000,0.093060,0.093430,0.093010,0.093270,46751340,1772422199999,4358260.229820,13356,23913679,2229421.541020,0
1772422200000,0.093270,0.093420,0.093090,0.093250,33378007,1772423099999,3112999.607150,9867,16243213,1514731.065490,0
1772423100000,0.093240,0.093530,0.093160,0.093230,21869183,1772423999999,2040871.066250,6936,10978388,1024701.925830,0
1772424000000,0.093230,0.093280,0.092970,0.093070,22192792,1772424899999,2066449.358790,7587,9919100,923609.990680,0
1772424900000,0.093060,0.093370,0.092880,0.093370,47166629,1772425799999,4392603.233000,11608,32183773,2997893.138040,0
1772425800000,0.093370,0.093500,0.093130,0.093180,27952061,1772426699999,2608835.009870,7864,12392164,1156510.916210,0
1772426700000,0.093180,0.093200,0.092970,0.093150,24537472,1772427599999,2283488.306930,5923,11388206,1059841.438070,0
1772427600000,0.093140,0.093180,0.092670,0.092790,30896388,1772428499999,2868578.774100,9200,12849122,1192845.782210,0
1772428500000,0.092790,0.093110,0.092770,0.092990,20549225,1772429399999,1909724.116840,6010,10080189,936871.350540,0
1772429400000,0.092980,0.093490,0.092950,0.093430,24240050,1772430299999,2258978.193510,7543,15157198,1412693.642980,0
1772430300000,0.093420,0.093430,0.092900,0.092970,25101075,1772431199999,2340110.490230,6802,13655922,1273470.823810,0
1772431200000,0.092970,0.092980,0.092620,0.092740,35199338,1772432099999,3266294.163080,8455,14731424,1367277.396230,0
1772432100000,0.092740,0.092800,0.091540,0.092160,130152111,1772432999999,11979486.928730,22220,55669602,5123044.608500,0
1772433000000,0.092150,0.092320,0.092020,0.092210,43852113,1772433899999,4042810.652010,9761,22572207,2081187.295090,0
1772433900000,0.092210,0.092250,0.091730,0.091970,31511415,1772434799999,2898183.545490,9420,14401552,1324533.586210,0
1772434800000,0.091960,0.092040,0.091100,0.091390,92802880,1772435699999,8489813.492270,19298,40737523,3728666.367240,0
1772435700000,0.091390,0.091700,0.091120,0.091590,42607086,1772436599999,3894712.588490,12485,25408511,2323142.004920,0
1772436600000,0.091590,0.091910,0.091500,0.091880,27198206,1772437499999,2494841.064890,8932,17027345,1562149.054180,0
1772437500000,0.091880,0.091890,0.091630,0.091690,17148225,1772438399999,1573238.095610,5567,6534188,599447.567720,0
1772438400000,0.091690,0.091890,0.091260,0.091880,76792967,1772439299999,7033022.843440,16132,40992454,3755171.568780,0
1772439300000,0.091880,0.091940,0.091300,0.091420,39959514,1772440199999,3660360.233710,12303,22590687,2069575.950980,0
1772440200000,0.091410,0.091920,0.091400,0.091820,25462474,1772441099999,2333816.927280,9637,13293178,1218292.828070,0
1772441100000,0.091820,0.092370,0.091710,0.092280,43998526,1772441999999,4054963.736180,11023,26886123,2478105.585440,0
1772442000000,0.092270,0.092700,0.092170,0.092510,59481254,1772442899999,5496913.327580,15243,31088839,2873259.554930,0
1772442900000,0.092500,0.092930,0.092440,0.092470,54403018,1772443799999,5040253.910950,14778,24915814,2309016.027970,0
1772443800000,0.092470,0.092670,0.092290,0.092420,34197072,1772444699999,3161362.808700,10494,14854053,1373260.427410,0
1772444700000,0.092410,0.092440,0.092000,0.092000,38121849,1772445599999,3516527.992170,8177,16602616,1531559.823820,0
1772445600000,0.092000,0.092260,0.091680,0.091740,52268309,1772446499999,4806966.982240,12879,26435306,2431570.170530,0
1772446500000,0.091740,0.092060,0.091540,0.091890,101405733,1772447399999,9301505.787620,10088,65822693,6038549.053970,0
1772447400000,0.091880,0.091960,0.091550,0.091790,34004069,1772448299999,3120887.540260,9664,18695018,1715697.350900,0
1772448300000,0.091780,0.091860,0.091630,0.091850,29125042,1772449199999,2672575.464700,7632,11449446,1050705.092560,0
1772449200000,0.091850,0.091860,0.091380,0.091590,100928946,1772450099999,9241874.273690,12321,24054241,2203591.771760,0
1772450100000,0.091600,0.092000,0.091520,0.091700,29597498,1772450999999,2714846.135670,9063,15337822,1406913.146960,0
1772451000000,0.091690,0.091970,0.091600,0.091840,26957712,1772451899999,2475488.764890,7580,16426467,1508397.617730,0
1772451900000,0.091850,0.092150,0.091720,0.091800,30081367,1772452799999,2765363.747890,7598,20216960,1858857.602900,0
1772452800000,0.091790,0.091990,0.091660,0.091840,20584432,1772453699999,1890580.216670,7332,12667988,1163541.915140,0
1772453700000,0.091830,0.091840,0.091340,0.091500,30734763,1772454599999,2812649.728620,8558,15375301,1407029.310880,0
1772454600000,0.091490,0.091580,0.091140,0.091370,59941985,1772455499999,5476432.329580,10626,20054978,1833204.404290,0
1772455500000,0.091370,0.091490,0.091250,0.091360,22666754,1772456399999,2071177.265330,6914,13519383,1235404.808470,0
1772456400000,0.091360,0.091400,0.090970,0.091210,44612255,1772457299999,4067787.864820,13503,19105234,1742664.330430,0
1772457300000,0.091200,0.091640,0.091040,0.091160,47659836,1772458199999,4353501.008270,12701,23285843,2127164.968380,0
1772458200000,0.091160,0.091450,0.091000,0.091140,43200068,1772459099999,3940080.402930,11578,18926448,1726502.016680,0
1772459100000,0.091150,0.091200,0.090720,0.090890,66673729,1772459999999,6063146.095950,12561,27867624,2535150.320210,0
1772460000000,0.090900,0.091360,0.090740,0.091280,53532511,1772460899999,4876712.828380,12718,29130241,2654271.414460,0
1772460900000,0.091280,0.091490,0.090870,0.091190,63818572,1772461799999,5820696.085910,13641,26322300,2401804.007700,0
1772461800000,0.091190,0.092970,0.091160,0.092880,293322887,1772462699999,27073582.319380,55790,149456009,13791516.763650,0
1772462700000,0.092870,0.093840,0.092610,0.093540,195558644,1772463599999,18245830.428690,44539,96454770,8998903.124010,0
1772463600000,0.093530,0.095730,0.093270,0.095670,301239243,1772464499999,28504248.572400,65854,176171354,16671252.308170,0
1772464500000,0.095660,0.096450,0.095460,0.095730,315043662,1772465399999,30202345.795890,55278,153003706,14670927.583950,0
1772465400000,0.095720,0.096600,0.094900,0.096500,242645750,1772466299999,23242820.612130,48818,124150593,11900201.770460,0
1772466300000,0.096500,0.096600,0.095100,0.095630,401064211,1772467199999,38432190.441700,43517,178584770,17106401.192620,0
1772467200000,0.095630,0.097140,0.095390,0.097030,186914625,1772468099999,18003544.130450,46003,105054131,10118018.005410,0
1772468100000,0.097040,0.097660,0.096530,0.096630,234837632,1772468999999,22792168.844860,42979,120388039,11686360.024020,0
1772469000000,0.096630,0.097280,0.095520,0.097210,161732997,1772469899999,15566643.493740,39808,84519079,8136544.404520,0
1772469900000,0.097200,0.097740,0.096170,0.096190,172757790,1772470799999,16743681.459940,36242,80474233,7796811.161630,0
1772470800000,0.096180,0.096450,0.095770,0.095910,77713227,1772471699999,7470276.774620,22565,34596849,3327271.999800,0
1772471700000,0.095910,0.096090,0.095280,0.095760,110561326,1772472599999,10574350.261110,23030,52927206,5064275.873010,0
1772472600000,0.095750,0.095960,0.094260,0.094460,132541250,1772473499999,12603036.803620,30471,54087558,5149967.604750,0
1772473500000,0.094460,0.095500,0.094290,0.095380,114891175,1772474399999,10899634.120640,23945,72317587,6857445.481570,0
1772474400000,0.095370,0.095730,0.094550,0.095720,66798847,1772475299999,6357873.331860,20770,38636305,3677503.266840,0
1772475300000,0.095720,0.095730,0.095360,0.095450,42545067,1772476199999,4065308.202160,15014,22702409,2169186.650110,0
1772476200000,0.095440,0.095720,0.095150,0.095610,39424314,1772477099999,3763902.646780,14806,22194052,2118885.864870,0
1772477100000,0.095620,0.096040,0.095210,0.095450,49540836,1772477999999,4734959.527180,15942,23718216,2267264.092450,0
1772478000000,0.095450,0.095510,0.094830,0.095140,75165127,1772478899999,7154814.994020,21074,34912924,3323257.988920,0
1772478900000,0.095140,0.095690,0.095090,0.095310,42480382,1772479799999,4052853.321580,14787,17648462,1682916.699600,0
1772479800000,0.095320,0.095810,0.095190,0.095240,49375022,1772480699999,4714534.617220,14869,26471492,2528223.751520,0
1772480700000,0.095230,0.095600,0.095210,0.095490,34720128,1772481599999,3312463.541850,10973,19243988,1835889.194500,0
1772481600000,0.095490,0.095940,0.094690,0.094970,88758459,1772482499999,8456381.447430,23684,45107066,4297406.830560,0
1772482500000,0.094960,0.095240,0.094810,0.095010,40825585,1772483399999,3878069.733120,14851,22107047,2099988.267130,0
1772483400000,0.095010,0.095150,0.094850,0.095050,30595619,1772484299999,2906634.214600,10862,14989036,1423984.660500,0
1772484300000,0.095040,0.095250,0.094570,0.094590,55055131,1772485199999,5226626.390470,15474,25580072,2428889.536760,0
1772485200000,0.094590,0.094640,0.093930,0.094350,74875294,1772486099999,7063044.027440,19397,37589059,3546334.897810,0
1772486100000,0.094340,0.094360,0.093890,0.094240,62250891,1772486999999,5857810.555360,12424,21295562,2004496.469470,0
1772487000000,0.094240,0.094390,0.094150,0.094300,33521695,1772487899999,3159500.927770,10445,16728654,1576679.679320,0
1772487900000,0.094300,0.094410,0.094010,0.094090,32423372,1772488799999,3054022.706310,10013,13334869,1256168.623130,0
1772488800000,0.094090,0.094680,0.093990,0.094380,90190419,1772489699999,8502495.982420,17731,48088274,4532763.435910,0
1772489700000,0.094380,0.094880,0.094160,0.094780,39348385,1772490599999,3720833.376100,9826,23672100,2238853.539510,0
1772490600000,0.094790,0.095000,0.094660,0.094900,40317712,1772491499999,3823485.334120,10509,18194782,1725499.269770,0
1772491500000,0.094910,0.094920,0.094530,0.094750,18843029,1772492399999,1785058.810520,7567,8492016,804363.723250,0
1772492400000,0.094760,0.094810,0.094180,0.094250,38655064,1772493299999,3650329.542380,13380,19732758,1863386.885250,0
1772493300000,0.094250,0.094380,0.093450,0.093580,66002972,1772494199999,6197201.493280,13888,24956398,2344037.530180,0
1772494200000,0.093580,0.093610,0.093240,0.093400,55697401,1772495099999,5202645.284970,14457,22210427,2074661.850120,0
1772495100000,0.093400,0.093630,0.093320,0.093510,31616422,1772495999999,2956267.723020,7812,17912716,1675019.506310,0
1772496000000,0.093520,0.093680,0.093240,0.093410,54196038,1772496899999,5067982.452400,13167,29283163,2738155.586630,0
1772496900000,0.093410,0.093580,0.093010,0.093100,41124671,1772497799999,3833861.637790,11658,16196602,1510058.191380,0
1772497800000,0.093100,0.093710,0.092590,0.093620,81712425,1772498699999,7615576.962670,16205,34909583,3256799.673060,0
1772498700000,0.093620,0.093710,0.093130,0.093450,31194927,1772499599999,2912224.038470,9105,14053178,1312342.147160,0
1772499600000,0.093450,0.093800,0.093210,0.093620,49496929,1772500499999,4632011.443660,12772,27935558,2614676.417590,0
1772500500000,0.093630,0.093650,0.093050,0.093140,37847150,1772501399999,3531327.041930,12918,18962518,1769186.498660,0
1772501400000,0.093140,0.093430,0.092770,0.093340,38541986,1772502299999,3589933.182570,13221,17828017,1660799.984500,0
1772502300000,0.093350,0.093360,0.092790,0.092830,26922749,1772503199999,2506728.368990,9563,11628794,1083103.765550,0
1772503200000,0.092830,0.092860,0.092220,0.092610,102375043,1772504099999,9476563.237400,23965,50070850,4635818.891130,0
1772504100000,0.092620,0.092730,0.092090,0.092530,110613272,1772504999999,10219830.521270,17431,34644602,3202291.944100,0
1772505000000,0.092520,0.092810,0.092500,0.092660,32753942,1772505899999,3035734.582690,10030,15263607,1414706.278400,0
1772505900000,0.092660,0.092920,0.092530,0.092560,23949145,1772506799999,2219942.978330,7770,12947199,1200242.660700,0
1772506800000,0.092560,0.092630,0.092060,0.092360,58002822,1772507699999,5352250.965480,12665,30242661,2790238.546070,0
1772507700000,0.092350,0.092410,0.092020,0.092310,31718862,1772508599999,2924114.008540,8903,15887003,1464770.077800,0
1772508600000,0.092320,0.092720,0.092230,0.092650,46293993,1772509499999,4285504.499020,9532,28173962,2608392.896670,0
1772509500000,0.092650,0.092700,0.092460,0.092520,33577823,1772510399999,3108249.380270,7890,18246232,1689117.507590,0
1772510400000,0.092510,0.092580,0.091970,0.092080,64101483,1772511299999,5912032.677800,14121,19276918,1778974.977020,0
1772511300000,0.092090,0.092370,0.092080,0.092120,35815590,1772512199999,3301301.885850,8738,17464009,1609823.451130,0
1772512200000,0.092120,0.092210,0.091790,0.091910,51084831,1772513099999,4698173.951100,10885,17974127,1653526.139900,0
1772513100000,0.091920,0.091930,0.091530,0.091680,75219078,1772513999999,6895327.621930,12460,32894211,3015733.689310,0
1772514000000,0.091680,0.092050,0.091440,0.092030,56913677,1772514899999,5220691.809590,14835,30319213,2782046.044210,0
1772514900000,0.092040,0.092370,0.091990,0.092010,69102359,1772515799999,6368329.091930,16671,33013187,3042608.756870,0
1772515800000,0.092010,0.092050,0.091500,0.091590,41498201,1772516699999,3805014.538960,11389,18949430,1737254.728600,0
1772516700000,0.091590,0.091670,0.091160,0.091610,70334939,1772517599999,6426104.415180,14693,34430884,3146634.070620,0
1772517600000,0.091600,0.091760,0.091440,0.091580,51766167,1772518499999,4741181.627050,12445,28863565,2643914.810850,0
1772518500000,0.091580,0.091590,0.091290,0.091400,38975473,1772519399999,3563014.717360,11346,16393317,1498646.343290,0
1772519400000,0.091410,0.091560,0.091260,0.091460,36240510,1772520299999,3313505.542020,10052,18401506,1682444.318560,0
1772520300000,0.091470,0.091720,0.091240,0.091620,49442343,1772521199999,4525187.096270,10679,29320540,2683597.195830,0
1772521200000,0.091630,0.091830,0.091410,0.091720,53040822,1772522099999,4857761.258630,12847,27336838,2503318.007010,0
1772522100000,0.091730,0.091960,0.091720,0.091910,61393385,1772522999999,5638398.798530,13334,36967982,3395275.166710,0
1772523000000,0.091920,0.092010,0.091220,0.091340,128234692,1772523899999,11761363.123220,20258,56675926,5196205.718110,0
1772523900000,0.091330,0.091410,0.091050,0.091290,59266759,1772524799999,5407920.144330,10782,31929965,2914313.003090,0
1772524800000,0.091300,0.091520,0.090880,0.090990,65556803,1772525699999,5980775.964890,14979,24718492,2257224.467950,0
1772525700000,0.091000,0.091240,0.090730,0.090900,82241902,1772526599999,7480972.840160,17048,35431461,3224307.721070,0
1772526600000,0.090910,0.090940,0.089670,0.090040,189448719,1772527499999,17111358.536070,32285,78457704,7091821.157220,0
1772527500000,0.090040,0.090170,0.089640,0.089880,155170589,1772528399999,13948867.915260,26551,76023045,6835077.237420,0
1772528400000,0.089890,0.090440,0.089790,0.090350,123687973,1772529299999,11155210.424060,24088,73840711,6659806.347280,0
1772529300000,0.090350,0.090480,0.089690,0.089760,83599931,1772530199999,7525259.635520,19364,35037740,3154331.838270,0
1772530200000,0.089750,0.089980,0.089430,0.089730,88725934,1772531099999,7958326.520680,19332,47885207,4295785.015200,0
1772531100000,0.089720,0.089740,0.089430,0.089600,51511175,1772531999999,4613939.207730,13286,27108468,2428415.626150,0
1772532000000,0.089610,0.089680,0.089190,0.089350,72040214,1772532899999,6440839.429810,17241,36179172,3234966.468470,0
1772532900000,0.089360,0.089580,0.089210,0.089380,50453099,1772533799999,4511309.054980,12377,26001781,2325351.409170,0
1772533800000,0.089380,0.089590,0.089160,0.089550,62062828,1772534699999,5546793.018220,11968,38750102,3463589.996890,0
1772534700000,0.089550,0.090030,0.089530,0.089790,98068297,1772535599999,8806394.033700,16730,57533592,5166370.474880,0
1772535600000,0.089800,0.090040,0.089740,0.089860,55109259,1772536499999,4953414.706100,15345,29615726,2662037.886940,0
1772536500000,0.089850,0.089920,0.089550,0.089770,47985426,1772537399999,4305350.823150,12493,22293101,2000384.717520,0
1772537400000,0.089770,0.090110,0.089670,0.090000,47357469,1772538299999,4259032.878030,11599,24733491,2224502.212890,0
1772538300000,0.090000,0.090080,0.089830,0.090000,40376747,1772539199999,3633620.701380,8680,21406335,1926566.518270,0
1772539200000,0.090000,0.091040,0.089750,0.090730,191219278,1772540099999,17256012.750220,26899,116751199,10538672.688230,0
1772540100000,0.090730,0.090770,0.090360,0.090510,62991634,1772540999999,5700452.558990,14216,26751591,2421095.990640,0
1772541000000,0.090500,0.090520,0.089960,0.090150,60837791,1772541899999,5485647.796480,14548,24877892,2242819.718680,0
1772541900000,0.090150,0.090430,0.090110,0.090350,40899815,1772542799999,3690561.193250,9944,20832077,1879829.797490,0
1772542800000,0.090350,0.090400,0.089670,0.089680,84062418,1772543699999,7558351.721870,16926,33726369,3032568.886560,0
1772543700000,0.089670,0.090010,0.089670,0.089970,39012105,1772544599999,3506847.198450,9625,19407507,1744804.394250,0
1772544600000,0.089980,0.090030,0.089610,0.089910,53450687,1772545499999,4803664.580950,11000,23669323,2127163.432470,0
1772545500000,0.089920,0.089920,0.089550,0.089790,60118071,1772546399999,5395338.104790,14082,27123039,2434312.644780,0
1772546400000,0.089800,0.090290,0.089610,0.089960,73303305,1772547299999,6595487.482180,18003,40082431,3606720.414440,0
1772547300000,0.089970,0.090490,0.089820,0.090210,63945840,1772548199999,5764856.519430,15515,30578240,2757256.791350,0
1772548200000,0.090210,0.090950,0.088800,0.089180,297513486,1772549099999,26712149.138590,57169,137770360,12371389.091030,0
1772549100000,0.089170,0.089810,0.088550,0.089290,194137431,1772549999999,17311624.238870,44663,87427090,7798888.882580,0
1772550000000,0.089280,0.089620,0.088970,0.089400,143918874,1772550899999,12848910.262570,38092,59252577,5290138.373190,0
1772550900000,0.089410,0.089580,0.088680,0.089160,109454702,1772551799999,9757518.678040,27088,49249066,4390208.102560,0
1772551800000,0.089160,0.090610,0.089150,0.089930,178594495,1772552699999,16076020.335900,37618,80733370,7266822.221780,0
1772552700000,0.089940,0.090320,0.089880,0.090140,91313049,1772553599999,8223070.753420,22808,44433630,4000896.672430,0
1772553600000,0.090140,0.091520,0.089870,0.091220,200587188,1772554499999,18218828.064980,40847,110055354,9998949.085230,0
1772554500000,0.091220,0.092350,0.090980,0.091810,166640843,1772555399999,15290574.311740,36372,76615824,7030858.039210,0
1772555400000,0.091810,0.091810,0.089600,0.090360,301295140,1772556299999,27286451.827630,48421,127501347,11549535.324830,0
1772556300000,0.090360,0.091320,0.090240,0.090830,160276230,1772557199999,14560676.043420,32689,89570785,8138605.097620,0
1772557200000,0.090830,0.090940,0.089690,0.090120,133549844,1772558099999,12050644.533180,31792,66858108,6035618.033270,0
1772558100000,0.090120,0.090310,0.089760,0.090050,79230113,1772558999999,7134009.190360,21945,37154312,3345615.316700,0
1772559000000,0.090050,0.090090,0.089380,0.089900,83887980,1772559899999,7525674.639200,21525,44777204,4016545.355540,0
1772559900000,0.089900,0.090410,0.089720,0.090070,75733802,1772560799999,6825505.153310,18323,32022126,2886344.187050,0
1772560800000,0.090080,0.090230,0.089210,0.089410,96476032,1772561699999,8644751.234380,21281,43097134,3862995.505900,0
1772561700000,0.089410,0.090340,0.089410,0.090020,96001137,1772562599999,8641648.592510,21050,56516137,5086020.037230,0
1772562600000,0.090030,0.090580,0.089950,0.090050,69239751,1772563499999,6249650.224520,19535,35456241,3200627.681270,0
1772563500000,0.090050,0.090060,0.089580,0.089720,76092924,1772564399999,6834913.887290,16322,43661929,3922195.737090,0
1772564400000,0.089720,0.089760,0.089030,0.089310,112699493,1772565299999,10077411.976680,22236,50784672,4542037.286430,0
1772565300000,0.089310,0.089890,0.089160,0.089640,59613745,1772566199999,5341300.945420,17095,30874824,2765922.225600,0
1772566200000,0.089650,0.089890,0.089130,0.089510,113252373,1772567099999,10138565.288820,22877,54380154,4871111.292610,0
1772567100000,0.089520,0.089630,0.089200,0.089340,49870193,1772567999999,4459844.164760,13430,29563667,2643492.653010,0
1772568000000,0.089350,0.089410,0.089000,0.089030,62774984,1772568899999,5599139.454010,14729,27673359,2468839.463690,0
1772568900000,0.089020,0.089250,0.088920,0.089090,47051886,1772569799999,4192452.207430,12267,23161775,2063839.770590,0
1772569800000,0.089100,0.089420,0.088920,0.089200,36229112,1772570699999,3228665.392760,11500,20715318,1846075.745160,0
1772570700000,0.089200,0.089250,0.088760,0.089050,62245665,1772571599999,5538041.449950,14377,26902448,2393628.760010,0
1772571600000,0.089040,0.089060,0.088250,0.088820,110238329,1772572499999,9775203.288350,20276,40153783,3563266.045330,0
1772572500000,0.088830,0.088930,0.088500,0.088710,54690070,1772573399999,4852343.840270,11708,25626063,2273604.426800,0
1772573400000,0.088720,0.089120,0.088650,0.089090,37980264,1772574299999,3375921.964050,10323,19797111,1759799.737400,0
1772574300000,0.089100,0.089390,0.089020,0.089320,33206690,1772575199999,2963098.924460,7741,14955067,1334367.433080,0
1772575200000,0.089320,0.090190,0.089310,0.089890,74047064,1772576099999,6655255.344920,17824,41135071,3697241.044140,0
1772576100000,0.089890,0.090180,0.089670,0.090090,46019649,1772576999999,4139064.560740,10198,25756668,2316889.394770,0
1772577000000,0.090090,0.090580,0.090010,0.090380,65661897,1772577899999,5933719.047690,13429,33244906,3004461.779870,0
1772577900000,0.090380,0.090430,0.089950,0.090120,34325399,1772578799999,3095483.218940,9066,12723502,1147494.562390,0
1772578800000,0.090120,0.090830,0.089960,0.090400,79605880,1772579699999,7197820.760960,17211,46367185,4192563.613240,0
1772579700000,0.090400,0.090450,0.090030,0.090120,35537112,1772580599999,3205930.096400,10247,15936398,1437744.729180,0
1772580600000,0.090110,0.090150,0.089850,0.090100,39370562,1772581499999,3544899.797290,8938,19486947,1754691.047980,0
1772581500000,0.090100,0.090180,0.089820,0.089910,35415423,1772582399999,3188658.738550,7026,14950306,1345875.410990,0
1772582400000,0.089910,0.090070,0.089750,0.089840,49705050,1772583299999,4468618.221850,12407,27712459,2491691.379880,0
1772583300000,0.089840,0.090150,0.089740,0.089930,35708381,1772584199999,3212781.300730,9580,18611647,1674526.204070,0
1772584200000,0.089930,0.089960,0.089210,0.089330,69591536,1772585099999,6227380.829590,14305,33462237,2994418.745170,0
1772585100000,0.089330,0.090000,0.089320,0.089780,45259836,1772585999999,4060560.405300,10650,26493749,2376267.468950,0
1772586000000,0.089780,0.090010,0.089460,0.089660,51557306,1772586899999,4627159.693110,13925,26020800,2334971.975400,0
1772586900000,0.089650,0.090000,0.089490,0.089850,30917176,1772587799999,2772751.373870,10531,19619393,1759855.462190,0
1772587800000,0.089840,0.090600,0.089750,0.090330,85432371,1772588699999,7707205.340410,19995,52764263,4759254.985010,0
1772588700000,0.090340,0.090350,0.089780,0.089840,47111865,1772589599999,4239755.616710,12394,19563645,1760271.090350,0
1772589600000,0.089830,0.089890,0.089440,0.089660,73596507,1772590499999,6593708.363780,16699,37949682,3399829.528430,0
1772590500000,0.089660,0.089910,0.089480,0.089580,35482666,1772591399999,3181751.352060,9988,16224328,1454820.145240,0
1772591400000,0.089580,0.089880,0.089500,0.089730,24951377,1772592299999,2237433.497770,9081,13082326,1173106.633360,0
1772592300000,0.089730,0.090130,0.089600,0.089890,43564584,1772593199999,3918011.990740,10019,15927928,1432220.162630,0
1772593200000,0.089890,0.090100,0.089480,0.089930,40327542,1772594099999,3618968.016720,11870,20184621,1811254.946700,0
1772594100000,0.089930,0.090040,0.089410,0.089510,54263670,1772594999999,4868636.214060,10973,21107618,1894921.637850,0
1772595000000,0.089500,0.089530,0.088520,0.088910,186850545,1772595899999,16620840.935230,29200,87042873,7746515.768160,0
1772595900000,0.088910,0.089390,0.088710,0.089330,49137703,1772596799999,4377254.757690,13272,29815053,2656225.957420,0
1772596800000,0.089330,0.089800,0.089020,0.089530,67579090,1772597699999,6045529.985390,16093,38428221,3437988.442560,0
1772597700000,0.089530,0.089590,0.088940,0.089050,58563269,1772598599999,5224499.233470,14160,28510482,2543757.846800,0
1772598600000,0.089040,0.089270,0.088880,0.089250,33193284,1772599499999,2955989.242700,11202,19625971,1747849.172660,0
1772599500000,0.089250,0.089370,0.089130,0.089240,29437272,1772600399999,2627300.545000,7982,16880105,1506540.182260,0
1772600400000,0.089250,0.089290,0.088930,0.089010,34676452,1772601299999,3088809.193000,10431,14802149,1318423.422810,0
1772601300000,0.089010,0.089140,0.088680,0.088790,56418199,1772602199999,5018624.023610,11988,29777180,2649746.965190,0
1772602200000,0.088800,0.089610,0.088660,0.089400,63109498,1772603099999,5621745.384720,14029,30123113,2684901.080860,0
1772603100000,0.089400,0.089460,0.089110,0.089200,40709001,1772603999999,3633353.675930,10354,18774726,1675804.094580,0
1772604000000,0.089200,0.089200,0.088680,0.088810,61805524,1772604899999,5494446.695890,14329,28052428,2494342.262360,0
1772604900000,0.088820,0.088890,0.088660,0.088820,47797278,1772605799999,4243146.028710,10275,21329583,1893773.872420,0
1772605800000,0.088830,0.089750,0.088770,0.089440,103457210,1772606699999,9241097.556100,19194,46826144,4181930.461340,0
1772606700000,0.089450,0.089480,0.089080,0.089160,42299025,1772607599999,3772999.517540,10002,18651772,1663691.776990,0
1772607600000,0.089160,0.089310,0.088830,0.088870,48844738,1772608499999,4348666.446170,11215,25468713,2267402.202590,0
1772608500000,0.088860,0.089440,0.088800,0.089430,46567194,1772609399999,4148334.380350,10486,28112153,2504348.424550,0
1772609400000,0.089420,0.089640,0.089300,0.089600,73748230,1772610299999,6600019.941510,14916,38525365,3448063.614350,0
1772610300000,0.089590,0.090520,0.089430,0.090080,217400331,1772611199999,19574836.109380,31068,112868890,10160317.761860,0
1772611200000,0.090080,0.090450,0.089870,0.090150,129267484,1772612099999,11657161.326940,24685,65688869,5924480.098160,0
1772612100000,0.090160,0.090170,0.089630,0.089750,72637018,1772612999999,6530865.191310,15794,28459332,2558835.671170,0
1772613000000,0.089750,0.090760,0.089680,0.090710,107253663,1772613899999,9682103.135090,19058,54956452,4961638.392480,0
1772613900000,0.090700,0.092540,0.090700,0.092250,325024005,1772614799999,29811475.836720,53029,149247183,13686946.289900,0
1772614800000,0.092250,0.092940,0.091890,0.092410,251038949,1772615699999,23187586.471990,42731,108364595,10015287.445650,0
1772615700000,0.092420,0.093390,0.092380,0.092890,209624463,1772616599999,19473058.523030,38175,102081243,9482741.647910,0
1772616600000,0.092900,0.093380,0.092260,0.093130,207513092,1772617499999,19276578.202260,38406,102885549,9560149.652160,0
1772617500000,0.093130,0.093410,0.092110,0.092520,214578414,1772618399999,19871021.595250,32259,105531414,9768459.079570,0
1772618400000,0.092510,0.093260,0.092440,0.093020,129383073,1772619299999,12007948.763860,30469,77861777,7226748.965600,0
1772619300000,0.093010,0.093080,0.092460,0.092740,99180082,1772620199999,9200068.029290,20786,46962039,4357061.311970,0
1772620200000,0.092740,0.092970,0.092580,0.092790,66907261,1772621099999,6207876.372550,16711,33478775,3106366.514860,0
1772621100000,0.092800,0.093210,0.092490,0.093000,206221122,1772621999999,19143164.317890,23636,106930336,9925566.470800,0
1772622000000,0.093000,0.093100,0.092660,0.092970,52817512,1772622899999,4906295.028020,16458,27562375,2560176.961780,0
1772622900000,0.092980,0.093060,0.092570,0.092640,33564217,1772623799999,3116307.542520,10939,15721047,1460271.855100,0
1772623800000,0.092640,0.092780,0.091800,0.092140,163722199,1772624699999,15094191.209370,27146,60471000,5576403.194700,0
1772624700000,0.092140,0.092410,0.092000,0.092240,41468756,1772625599999,3823773.042250,11832,22090985,2037188.146020,0
1772625600000,0.092240,0.092630,0.092230,0.092490,73116078,1772626499999,6757895.329440,17080,37508205,3466685.123430,0
1772626500000,0.092490,0.092500,0.091600,0.091620,75245720,1772627399999,6924922.417870,17476,36234689,3336061.337970,0
1772627400000,0.091610,0.092180,0.091440,0.092020,86938330,1772628299999,7976075.458910,17552,44170872,4053889.516940,0
1772628300000,0.092020,0.092500,0.091920,0.092390,72866176,1772629199999,6717171.776210,14102,48797523,4497663.098750,0
1772629200000,0.092390,0.093270,0.092310,0.092810,124990935,1772630099999,11606925.507840,22128,69592447,6460331.498590,0
1772630100000,0.092820,0.093140,0.092600,0.093000,63533643,1772630999999,5900337.309220,14656,32420006,3010615.185130,0
1772631000000,0.093000,0.093230,0.092720,0.093030,58129229,1772631899999,5406087.792160,13960,34730413,3230431.864480,0
1772631900000,0.093020,0.094140,0.092980,0.094020,173428781,1772632799999,16234118.271660,25297,117842027,11031664.631920,0
1772632800000,0.094030,0.094420,0.093800,0.094080,159849843,1772633699999,15035229.543780,32764,89703848,8438121.326380,0
1772633700000,0.094090,0.094840,0.093840,0.094650,155709755,1772634599999,14698911.415250,30396,81479071,7690865.624210,0
1772634600000,0.094650,0.096050,0.094530,0.094800,401932590,1772635499999,38303166.289880,84270,193743409,18467136.565380,0
1772635500000,0.094810,0.095390,0.094350,0.095190,189121706,1772636399999,17945367.650710,48202,83414224,7915731.535160,0
1772636400000,0.095200,0.096600,0.095160,0.095900,311828464,1772637299999,29953690.857160,68455,157591897,15138368.880870,0
1772637300000,0.095900,0.097190,0.095790,0.097120,210203204,1772638199999,20257566.215790,50953,111179517,10720542.062920,0
1772638200000,0.097120,0.097600,0.096610,0.097260,216958161,1772639099999,21052376.445330,52989,108140831,10496099.904600,0
1772639100000,0.097270,0.099160,0.097180,0.098990,348728401,1772639999999,34287284.836490,71698,185327354,18224461.676080,0
1772640000000,0.099000,0.100000,0.098350,0.098620,363649853,1772640899999,36062934.395450,84049,182142075,18065413.226330,0
1772640900000,0.098620,0.098830,0.097420,0.098130,284046605,1772641799999,27854581.259940,66799,135903095,13325077.102370,0
1772641800000,0.098120,0.098810,0.097970,0.098440,111301304,1772642699999,10959248.003120,35615,58963325,5805580.109300,0
1772642700000,0.098430,0.099870,0.098300,0.099580,177607648,1772643599999,17624244.564700,43175,101404485,10061309.439100,0
1772643600000,0.099590,0.102070,0.099460,0.101700,344384732,1772644499999,34682946.661580,78996,181278955,18258987.575950,0
1772644500000,0.101710,0.102390,0.100230,0.100530,290844709,1772645399999,29382923.958430,70582,138483322,13988372.864770,0
1772645400000,0.100520,0.103360,0.100520,0.102340,345941848,1772646299999,35378741.397950,89063,180795902,18476379.290890,0
1772646300000,0.102340,0.102830,0.101530,0.101770,211732802,1772647199999,21639075.105220,52128,105249092,10757424.305840,0
1772647200000,0.101780,0.102370,0.101150,0.101810,188456500,1772648099999,19181615.845910,50374,98167806,9995672.539810,0
1772648100000,0.101810,0.102440,0.101670,0.101790,144251662,1772648999999,14720004.351070,35471,66749066,6811757.333390,0
1772649000000,0.101790,0.101930,0.101180,0.101860,134134440,1772649899999,13613227.917820,31651,57744283,5861117.325840,0
1772649900000,0.101850,0.102150,0.101560,0.102130,89912838,1772650799999,9160508.902310,25934,46985074,4788155.627610,0
1772650800000,0.102120,0.103000,0.101840,0.102730,143651508,1772651699999,14722728.410310,39950,78534064,8049474.706400,0
1772651700000,0.102740,0.104270,0.102620,0.103490,283839625,1772652599999,29398964.931200,63599,140191334,14523026.628640,0
1772652600000,0.103490,0.103870,0.102810,0.103550,131753288,1772653499999,13610726.659970,38159,66270897,6846409.619920,0
1772653500000,0.103550,0.103660,0.102630,0.102700,122788234,1772654399999,12660495.836350,27942,60675854,6255613.897060,0
1772654400000,0.102700,0.103280,0.102520,0.102770,102537533,1772655299999,10550096.806740,31088,53974773,5553719.093210,0
1772655300000,0.102770,0.103490,0.102410,0.102670,79974146,1772656199999,8235862.949050,27489,37233664,3834687.190660,0
1772656200000,0.102670,0.103240,0.102510,0.102710,86859933,1772657099999,8929937.220120,24659,37752827,3881984.837080,0
1772657100000,0.102710,0.103100,0.101910,0.102170,129834934,1772657999999,13303075.893830,33969,52991856,5433111.525470,0
1772658000000,0.102170,0.102680,0.102060,0.102120,116452994,1772658899999,11913476.019900,34320,49732045,5088244.308780,0
1772658900000,0.102110,0.102320,0.101740,0.101950,85919892,1772659799999,8765528.278530,25853,40300706,4111537.549780,0
1772659800000,0.101940,0.102440,0.101640,0.101760,82592877,1772660699999,8421484.295880,24758,38838657,3961757.770340,0
1772660700000,0.101760,0.102330,0.101740,0.102170,48143384,1772661599999,4911858.797880,17943,23983143,2446905.159270,0
1772661600000,0.102170,0.103020,0.102140,0.102680,80815827,1772662499999,8293494.905780,24440,43943437,4509764.493150,0
1772662500000,0.102670,0.102790,0.102090,0.102090,49597279,1772663399999,5084132.267650,18923,22141640,2270188.179720,0
1772663400000,0.102090,0.102200,0.098180,0.099880,461814036,1772664299999,46159578.753950,66849,154128162,15402290.891280,0
1772664300000,0.099880,0.099890,0.099010,0.099160,148772304,1772665199999,14790769.512580,31753,79259645,7877448.853200,0
1772665200000,0.099160,0.099630,0.098860,0.099600,131664897,1772666099999,13076473.375410,30522,74031068,7353198.344130,0
1772666100000,0.099590,0.099870,0.098830,0.099200,196149386,1772666999999,19486828.106830,33160,90017509,8942977.084390,0
1772667000000,0.099200,0.099500,0.098840,0.099400,95350312,1772667899999,9458143.280140,23362,49224415,4883009.185620,0
1772667900000,0.099400,0.099510,0.098890,0.098900,54766667,1772668799999,5429821.419800,16408,26787386,2655638.683630,0
1772668800000,0.098890,0.099200,0.098120,0.098340,124728570,1772669699999,12288875.898630,28929,57715269,5686501.566310,0
1772669700000,0.098330,0.098720,0.097780,0.097940,151152805,1772670599999,14849479.055850,31618,68229618,6709662.669420,0
1772670600000,0.097940,0.098380,0.097690,0.098310,98323358,1772671499999,9639659.321100,28259,46268129,4538197.824770,0
1772671500000,0.098300,0.098600,0.097940,0.098120,63163833,1772672399999,6209215.750420,21577,32618706,3206327.758760,0
1772672400000,0.098110,0.098810,0.097760,0.098410,93695576,1772673299999,9208221.430260,27610,50164110,4933002.778920,0
1772673300000,0.098400,0.098570,0.097590,0.097820,71142173,1772674199999,6970075.053500,21728,31321621,3069997.493570,0
1772674200000,0.097810,0.097820,0.096910,0.097080,121139994,1772675099999,11786704.631700,26547,59203513,5758077.886150,0
1772675100000,0.097070,0.097120,0.096490,0.096860,133467523,1772675999999,12917891.575670,28444,57870599,5602086.828570,0
1772676000000,0.096850,0.097280,0.096690,0.096850,107351007,1772676899999,10404675.736260,26735,57909969,5613640.557470,0
1772676900000,0.096840,0.096990,0.096640,0.096690,43364703,1772677799999,4199084.993140,10847,21327740,2065637.666660,0
1772677800000,0.096680,0.096690,0.096120,0.096230,63341458,1772678699999,6100901.240960,16881,29283224,2820333.347250,0
1772678700000,0.096220,0.096480,0.096200,0.096390,40682427,1772679599999,3920213.422870,12502,18898655,1821162.521110,0
1772679600000,0.096390,0.096420,0.096060,0.096310,64422916,1772680499999,6203031.424160,16380,31729984,3055247.089940,0
1772680500000,0.096310,0.096350,0.095960,0.096170,61307183,1772681399999,5898328.953290,14852,26928920,2590994.009670,0
1772681400000,0.096170,0.096240,0.095860,0.095940,75552086,1772682299999,7256003.711890,16858,33639055,3231108.772270,0
1772682300000,0.095940,0.096420,0.095900,0.096150,49828518,1772683199999,4793608.416660,12258,32451783,3122517.308950,0
1772683200000,0.096160,0.096650,0.096060,0.096590,81847509,1772684099999,7891586.373680,17988,50791585,4897956.803320,0
1772684100000,0.096600,0.097240,0.096340,0.097150,126432617,1772684999999,12251119.227220,20141,84788396,8217582.824100,0
1772685000000,0.097160,0.097240,0.096600,0.097040,85266684,1772685899999,8258785.307700,20451,37134900,3597149.184840,0
1772685900000,0.097050,0.097280,0.096600,0.096700,62221467,1772686799999,6028424.869580,17192,28485889,2760751.409990,0
1772686800000,0.096700,0.097030,0.096520,0.096830,39145157,1772687699999,3790306.072660,14280,17388906,1683936.746000,0
1772687700000,0.096830,0.096840,0.096010,0.096260,70834037,1772688599999,6824200.647540,18567,23977443,2308992.373050,0
1772688600000,0.096260,0.096300,0.095930,0.096120,52042510,1772689499999,5001538.089270,13998,23757697,2283462.400870,0
1772689500000,0.096120,0.096240,0.095930,0.096000,30635538,1772690399999,2942324.709220,9229,12002234,1152826.762350,0
1772690400000,0.096010,0.096010,0.095410,0.095540,182785219,1772691299999,17483728.869950,29054,84300381,8062635.856830,0
1772691300000,0.095540,0.096350,0.095460,0.096240,81199080,1772692199999,7797753.188480,17034,48533268,4660737.377680,0
1772692200000,0.096250,0.096290,0.095970,0.095990,32551833,1772693099999,3128549.598270,10964,16825428,1617094.967780,0
1772693100000,0.096000,0.096500,0.095950,0.096460,60718869,1772693999999,5845591.147720,15445,34705000,3341373.740890,0
1772694000000,0.096460,0.096620,0.096180,0.096510,63081541,1772694899999,6082723.651340,16210,33286687,3209866.356120,0
1772694900000,0.096520,0.096590,0.096220,0.096240,36078686,1772695799999,3479316.086700,9512,13872613,1338156.141020,0
1772695800000,0.096240,0.096340,0.095920,0.095990,49686285,1772696699999,4774790.803650,10879,14950134,1437007.816730,0
1772696700000,0.096000,0.096010,0.095150,0.095640,134152092,1772697599999,12812388.261400,21000,54617592,5214691.755610,0
1772697600000,0.095650,0.095780,0.095450,0.095550,60041361,1772698499999,5740279.448910,15880,27064676,2587814.190740,0
1772698500000,0.095550,0.095790,0.095290,0.095450,48418106,1772699399999,4629297.178570,13465,22065314,2110158.826230,0
1772699400000,0.095440,0.095840,0.095260,0.095650,52776283,1772700299999,5043995.349940,16018,26976439,2578135.780670,0
1772700300000,0.095660,0.095760,0.095340,0.095690,80202119,1772701199999,7665645.270770,14715,49080779,4691726.964430,0
1772701200000,0.095700,0.096530,0.095630,0.096320,109498576,1772702099999,10531679.759360,25373,51468552,4949034.610720,0
1772702100000,0.096330,0.096380,0.095820,0.095900,114310437,1772702999999,10981444.470980,23654,53470790,5137467.268130,0
1772703000000,0.095900,0.096370,0.095840,0.096110,59869403,1772703899999,5752363.321340,17826,31342130,3011307.370590,0
1772703900000,0.096120,0.096330,0.096010,0.096210,41091441,1772704799999,3951073.632330,12060,22991604,2210789.046090,0
1772704800000,0.096220,0.096330,0.096050,0.096200,35830058,1772705699999,3446863.180460,12502,19885381,1913089.683310,0
1772705700000,0.096200,0.097360,0.095980,0.097180,192842331,1772706599999,18656501.760370,28675,106335392,10290556.959510,0
1772706600000,0.097190,0.097940,0.096950,0.097280,186677464,1772707499999,18205532.513110,35561,103831444,10126879.535340,0
1772707500000,0.097280,0.097900,0.097210,0.097620,105105639,1772708399999,10253103.525950,24478,56708546,5533167.994770,0
1772708400000,0.097630,0.097830,0.097250,0.097450,97412606,1772709299999,9501328.279660,29623,45477481,4436290.248370,0
1772709300000,0.097450,0.097550,0.097140,0.097260,80689604,1772710199999,7853690.179600,15266,26663684,2595297.235820,0
1772710200000,0.097260,0.097270,0.095640,0.095860,270264650,1772711099999,26026651.267080,35492,116984368,11257889.793790,0
1772711100000,0.095860,0.096200,0.095830,0.095840,100852871,1772711999999,9682037.758950,15961,47320610,4544177.002450,0
1772712000000,0.095840,0.095980,0.095460,0.095820,95111430,1772712899999,9109054.500140,20608,45785948,4385717.036890,0
1772712900000,0.095810,0.096180,0.095400,0.096030,86652444,1772713799999,8308231.910000,22802,49699650,4766660.277820,0
1772713800000,0.096040,0.096150,0.095520,0.096020,53162452,1772714699999,5097604.560870,15547,26935193,2582326.168670,0
1772714700000,0.096030,0.096410,0.096000,0.096190,63338228,1772715599999,6095683.667170,16294,34530180,3323434.655200,0
1772715600000,0.096200,0.096240,0.095620,0.095830,56127480,1772716499999,5380708.584980,18552,26099847,2501998.824970,0
1772716500000,0.095820,0.096020,0.095270,0.095560,76319738,1772717399999,7295780.936740,17737,33742990,3226615.124560,0
1772717400000,0.095560,0.095570,0.094420,0.094860,252097115,1772718299999,23897608.708570,35873,101243734,9600613.256030,0
1772718300000,0.094860,0.095210,0.094830,0.095070,99069218,1772719199999,9415262.503400,17693,56463754,5365980.796030,0
1772719200000,0.095070,0.095380,0.094920,0.095280,84644760,1772720099999,8055291.480910,18865,42923340,4085180.233200,0
1772720100000,0.095290,0.095300,0.094660,0.094990,61116766,1772720999999,5802159.477030,15393,28460255,2702863.515540,0
1772721000000,0.095000,0.095710,0.094150,0.094360,216027209,1772721899999,20502883.688680,52995,106662527,10130199.627780,0
1772721900000,0.094370,0.095620,0.094270,0.095380,125126033,1772722799999,11872694.466980,38673,70300260,6670199.064990,0
1772722800000,0.095390,0.095590,0.094110,0.094600,149938202,1772723699999,14196654.557510,39736,76005791,7197111.476300,0
1772723700000,0.094610,0.094740,0.094130,0.094240,125805105,1772724599999,11878508.392330,32522,66872966,6315003.183920,0
1772724600000,0.094250,0.094620,0.093770,0.094200,137757491,1772725499999,12976022.824420,32787,59560582,5614396.726440,0
1772725500000,0.094210,0.094450,0.093920,0.094230,71388230,1772726399999,6725410.562170,19096,34060398,3209361.695330,0
1772726400000,0.094240,0.094240,0.092680,0.093300,262151956,1772727299999,24471307.555780,46389,123605078,11535087.314000,0
1772727300000,0.093310,0.093690,0.093170,0.093510,95961707,1772728199999,8962759.489590,23201,56612595,5287842.927850,0
1772728200000,0.093510,0.094120,0.093430,0.093830,94699621,1772729099999,8891792.922340,20298,48034753,4509809.435370,0
1772729100000,0.093830,0.093970,0.093700,0.093830,55326427,1772729999999,5191345.458580,12553,19749463,1853422.762380,0
1772730000000,0.093840,0.094250,0.093300,0.093510,112015161,1772730899999,10501136.164180,24338,45073358,4225787.593230,0
1772730900000,0.093510,0.093560,0.093140,0.093190,54014933,1772731799999,5039712.009120,15516,24881494,2321388.180870,0
1772731800000,0.093190,0.093290,0.092770,0.093060,92021541,1772732699999,8559976.254050,21444,49683896,4623556.343320,0
1772732700000,0.093060,0.093280,0.092860,0.093030,55089718,1772733599999,5125596.325620,16384,32984007,3068991.354290,0
1772733600000,0.093030,0.093450,0.092860,0.093280,60336277,1772734499999,5622007.104720,17696,36908288,3439910.939530,0
1772734500000,0.093290,0.093510,0.093020,0.093070,49434512,1772735399999,4611243.812150,13556,28644956,2672347.421800,0
1772735400000,0.093070,0.093580,0.093050,0.093480,40724956,1772736299999,3802558.399030,13304,23144102,2160906.423400,0
1772736300000,0.093480,0.093870,0.093400,0.093670,89347334,1772737199999,8365660.670390,14312,48919876,4580305.519280,0
1772737200000,0.093680,0.094270,0.093650,0.094230,78000935,1772738099999,7332195.317340,17878,44135818,4149318.095920,0
1772738100000,0.094220,0.094500,0.093990,0.094040,58892181,1772738999999,5547431.760070,14032,28046279,2642911.759350,0
1772739000000,0.094030,0.094180,0.093720,0.093970,35271100,1772739899999,3313748.632880,11547,16262468,1528193.884150,0
1772739900000,0.093980,0.094200,0.093730,0.093870,28383967,1772740799999,2666623.972230,9409,13297281,1249190.827620,0
1772740800000,0.093860,0.094590,0.093810,0.094520,71629263,1772741699999,6756097.033710,16147,36824598,3472051.403780,0
1772741700000,0.094520,0.094750,0.094170,0.094260,67168878,1772742599999,6351854.232780,14302,31714860,3000300.128400,0
1772742600000,0.094260,0.094640,0.094240,0.094390,36366084,1772743499999,3433162.192410,10262,17610863,1662498.936440,0
1772743500000,0.094390,0.094440,0.094170,0.094320,37202217,1772744399999,3509460.765930,9725,21164089,1996545.803850,0
1772744400000,0.094310,0.094500,0.094230,0.094380,29912710,1772745299999,2822575.041740,8423,12952559,1222362.638050,0
1772745300000,0.094380,0.094650,0.094310,0.094520,38839269,1772746199999,3669255.357710,8162,21703868,2050448.693790,0
1772746200000,0.094510,0.094570,0.093710,0.093970,81107583,1772747099999,7622893.288860,12474,26219302,2464372.731970,0
1772747100000,0.093960,0.094090,0.093630,0.093870,45176739,1772747999999,4238294.506300,9076,17841836,1674128.408930,0
1772748000000,0.093870,0.094030,0.093480,0.093650,58601902,1772748899999,5496056.302120,11988,30513416,2862478.608180,0
1772748900000,0.093650,0.093770,0.093570,0.093680,25116262,1772749799999,2352875.520880,6823,13970761,1308850.022970,0
1772749800000,0.093690,0.093990,0.093680,0.093950,19646186,1772750699999,1843957.674130,6983,11500328,1079389.694250,0
1772750700000,0.093940,0.094040,0.093710,0.093760,27445583,1772751599999,2577026.637840,7395,14817694,1391498.107970,0
1772751600000,0.093760,0.093890,0.093720,0.093800,28782445,1772752499999,2699432.002320,8299,17135421,1607070.174650,0
1772752500000,0.093800,0.093870,0.093650,0.093750,20277500,1772753399999,1901113.841740,5814,10842102,1016477.737330,0
1772753400000,0.093750,0.093750,0.093460,0.093560,29416639,1772754299999,2752451.027530,6950,14300864,1338145.029120,0
1772754300000,0.093550,0.093570,0.093370,0.093530,24388017,1772755199999,2279989.637410,6395,10985143,1027083.630690,0
1772755200000,0.093530,0.093710,0.093410,0.093690,42090839,1772756099999,3938806.711640,8700,27409224,2565174.920920,0
1772756100000,0.093690,0.093720,0.093480,0.093670,31358523,1772756999999,2935669.238620,7245,18226139,1706298.898920,0
1772757000000,0.093660,0.093760,0.093540,0.093720,17991748,1772757899999,1685286.410120,6429,9256359,867071.800680,0
1772757900000,0.093720,0.093830,0.093530,0.093660,27664400,1772758799999,2592384.997860,7732,12082768,1132307.105640,0
1772758800000,0.093670,0.093730,0.093330,0.093380,45959649,1772759699999,4298487.283720,9781,22260369,2081858.908470,0
1772759700000,0.093370,0.093510,0.093090,0.093270,54383019,1772760599999,5073264.256510,10386,25472510,2376806.937790,0
1772760600000,0.093270,0.094270,0.093260,0.094150,92551811,1772761499999,8696891.676660,19430,50255619,4722625.492220,0
1772761500000,0.094160,0.094270,0.093950,0.093990,63459277,1772762399999,5971577.145770,12489,31591940,2973171.525670,0
1772762400000,0.093990,0.094010,0.093670,0.093830,63175833,1772763299999,5926634.677070,13830,28289030,2654326.385880,0
1772763300000,0.093830,0.093870,0.093470,0.093670,51858521,1772764199999,4857588.674330,12788,23963524,2244383.558790,0
1772764200000,0.093670,0.093790,0.093550,0.093740,27872419,1772765099999,2610720.963220,9095,13611438,1274911.664440,0
1772765100000,0.093730,0.093760,0.093430,0.093560,30434329,1772765999999,2847566.334230,7852,11627221,1087729.127720,0
1772766000000,0.093560,0.093990,0.093550,0.093680,40457621,1772766899999,3794291.955420,10152,20550128,1927749.691540,0
1772766900000,0.093680,0.093910,0.093500,0.093760,28345836,1772767799999,2654903.226560,7811,17355433,1625530.338730,0
1772767800000,0.093760,0.093830,0.093590,0.093730,17768222,1772768699999,1664878.764920,6620,8327360,780304.462540,0
1772768700000,0.093720,0.093880,0.093630,0.093850,11840931,1772769599999,1110040.955620,5368,6800194,637523.854390,0
1772769600000,0.093840,0.093860,0.093390,0.093430,32666249,1772770499999,3057779.999000,9349,11048102,1034366.005890,0
1772770500000,0.093420,0.093620,0.093370,0.093520,21029207,1772771399999,1965479.803930,6455,10430423,974828.162820,0
1772771400000,0.093520,0.093730,0.092930,0.093260,73312617,1772772299999,6831718.151970,15325,34501918,3214758.176880,0
1772772300000,0.093250,0.093440,0.093200,0.093400,24569810,1772773199999,2292814.093450,6677,15000289,1399919.507320,0
1772773200000,0.093410,0.093570,0.093290,0.093520,30168121,1772774099999,2818525.771190,10235,13908811,1299525.919660,0
1772774100000,0.093520,0.093690,0.093130,0.093250,32416849,1772774999999,3028413.866740,8489,17365320,1622553.507590,0
1772775000000,0.093240,0.093470,0.093130,0.093240,45832100,1772775899999,4275395.048910,10536,27592248,2574019.982350,0
1772775900000,0.093240,0.093680,0.093120,0.093540,41057160,1772776799999,3834339.182800,9416,25053160,2340136.736100,0
1772776800000,0.093550,0.093720,0.093390,0.093490,37166654,1772777699999,3477814.662710,9969,19351417,1810611.750130,0
1772777700000,0.093480,0.093560,0.093360,0.093460,18393631,1772778599999,1719219.236070,6423,10527533,984012.560280,0
1772778600000,0.093460,0.093600,0.093320,0.093550,27277183,1772779499999,2549048.497780,7426,12376776,1156605.159370,0
1772779500000,0.093550,0.093720,0.093280,0.093330,38479456,1772780399999,3594996.915570,8547,15254999,1425198.306260,0
1772780400000,0.093330,0.093550,0.093280,0.093440,37338698,1772781299999,3489596.972370,9419,25363212,2370581.846590,0
1772781300000,0.093440,0.094100,0.093380,0.094020,57726120,1772782199999,5416374.461910,12046,35903239,3368883.504990,0
1772782200000,0.094030,0.094300,0.093930,0.094060,114393761,1772783099999,10766841.406590,18693,61023125,5742700.455570,0
1772783100000,0.094050,0.094060,0.093810,0.093920,46643552,1772783999999,4380914.638840,11298,20772334,1950986.791690,0
1772784000000,0.093920,0.093930,0.093500,0.093530,42996133,1772784899999,4026892.482590,10830,19447046,1821286.498430,0
1772784900000,0.093530,0.093600,0.093240,0.093290,53907795,1772785799999,5036473.352990,10916,20240798,1891802.258290,0
1772785800000,0.093300,0.093390,0.092830,0.093120,151168387,1772786699999,14074572.628270,18298,52804322,4917293.062160,0
1772786700000,0.093120,0.093250,0.093020,0.093180,35247813,1772787599999,3282483.442900,8674,23801224,2216564.629860,0
1772787600000,0.093190,0.093220,0.092650,0.092870,74475140,1772788499999,6921290.122400,13407,29237421,2717867.253290,0
1772788500000,0.092860,0.092900,0.092340,0.092550,102234288,1772789399999,9465201.571300,18914,43065435,3987443.465110,0
1772789400000,0.092550,0.092850,0.092470,0.092830,68476770,1772790299999,6342137.583000,16129,32749985,3033345.194200,0
1772790300000,0.092830,0.093240,0.092720,0.093170,59598612,1772791199999,5540590.388540,12544,33285265,3094676.341630,0
1772791200000,0.093170,0.093650,0.093090,0.093590,55345869,1772792099999,5170422.075750,13376,32439892,3030994.428760,0
1772792100000,0.093580,0.093710,0.093480,0.093650,42047652,1772792999999,3935029.515300,11338,24670385,2308826.918330,0
1772793000000,0.093640,0.093760,0.093530,0.093690,65858221,1772793899999,6168321.456540,11861,33597976,3147185.751610,0
1772793900000,0.093680,0.093700,0.093450,0.093460,34535405,1772794799999,3231656.753050,7764,14091480,1318435.378300,0
1772794800000,0.093460,0.093640,0.093260,0.093520,46994237,1772795699999,4389024.257520,12064,25730986,2403177.932710,0
1772795700000,0.093520,0.093560,0.093320,0.093460,24261234,1772796599999,2267012.292240,6801,12841277,1199925.246460,0
1772796600000,0.093460,0.093500,0.093010,0.093090,37313934,1772797499999,3481177.892590,9449,16357637,1526568.265230,0
1772797500000,0.093080,0.093120,0.092890,0.093040,34492562,1772798399999,3208316.277170,8480,19585277,1821732.032700,0
1772798400000,0.093030,0.093090,0.092650,0.092920,72964283,1772799299999,6775418.047820,16569,41914448,3892493.632540,0
1772799300000,0.092920,0.093450,0.092900,0.093290,55674922,1772800199999,5190769.108700,12511,30954384,2886204.053210,0
1772800200000,0.093290,0.093370,0.092650,0.092750,57110833,1772801099999,5305630.149050,13800,28144884,2614670.835740,0
1772801100000,0.092750,0.093180,0.092640,0.093010,45654904,1772801999999,4243676.493780,11375,22271280,2070245.030690,0
1772802000000,0.093020,0.093020,0.092850,0.092910,31877496,1772802899999,2962344.764440,10549,16747018,1556313.143230,0
1772802900000,0.092910,0.093360,0.092780,0.093000,53402411,1772803799999,4968960.813090,13260,24914363,2318471.184730,0
1772803800000,0.092990,0.093500,0.091000,0.092800,367721853,1772804699999,34010848.215270,54620,159134909,14751696.224670,0
1772804700000,0.092800,0.092800,0.091370,0.091530,217605401,1772805599999,20004758.073210,41619,83540935,7678315.087320,0
1772805600000,0.091520,0.091630,0.090480,0.090850,338826548,1772806499999,30847809.881080,60793,140990714,12838019.110360,0
1772806500000,0.090850,0.091140,0.090720,0.090930,110805698,1772807399999,10077223.707300,25794,58988852,5365197.487220,0
1772807400000,0.090940,0.091190,0.089950,0.090550,230005172,1772808299999,20794386.562240,59481,100098102,9055656.352030,0
1772808300000,0.090550,0.090750,0.089940,0.090250,124913067,1772809199999,11268103.216380,40031,56307224,5080119.737320,0
1772809200000,0.090260,0.090770,0.090180,0.090610,122177803,1772810099999,11056393.861580,36613,67520471,6111065.442860,0
1772810100000,0.090600,0.090950,0.090410,0.090500,116576819,1772810999999,10573329.405910,27812,61100735,5541843.904670,0
1772811000000,0.090490,0.090940,0.090280,0.090340,75168334,1772811899999,6810118.485980,23570,35315049,3199861.352570,0
1772811900000,0.090350,0.090350,0.089910,0.090180,125262763,1772812799999,11288541.217300,23733,68227082,6149824.666340,0
1772812800000,0.090180,0.090670,0.090110,0.090240,129474440,1772813699999,11699770.623490,22829,74056784,6694097.229170,0
1772813700000,0.090240,0.090660,0.090180,0.090630,84192732,1772814599999,7610507.916410,17313,43913029,3968017.706720,0
1772814600000,0.090640,0.091310,0.090450,0.090890,172355536,1772815499999,15678344.515180,22232,82142467,7477262.555040,0
1772815500000,0.090900,0.091150,0.090550,0.090730,106121638,1772816399999,9645814.060180,17402,59282157,5390479.384070,0
1772816400000,0.090740,0.091040,0.090570,0.090600,45289814,1772817299999,4109791.013640,13430,18158733,1648520.723500,0
1772817300000,0.090600,0.090910,0.090300,0.090600,101039367,1772818199999,9144982.188950,17515,32023610,2899221.289240,0
1772818200000,0.090600,0.090690,0.089930,0.090090,111752064,1772819099999,10076875.721530,22204,52792813,4760883.934470,0
1772819100000,0.090100,0.090310,0.090060,0.090220,56942058,1772819999999,5134314.756290,11300,36905776,3327565.524630,0
1772820000000,0.090230,0.090740,0.090150,0.090610,44350351,1772820899999,4014778.489440,15513,23489363,2126501.113570,0
1772820900000,0.090600,0.090650,0.090250,0.090400,35873884,1772821799999,3244671.254390,11000,18233803,1649193.371260,0
1772821800000,0.090400,0.090710,0.090350,0.090600,43108062,1772822699999,3904922.057050,10615,21558617,1953152.607950,0
1772822700000,0.090600,0.090720,0.090450,0.090590,40678360,1772823599999,3685981.908960,9372,24517549,2221826.872410,0
1772823600000,0.090600,0.091010,0.090560,0.090950,38839649,1772824499999,3527476.065190,11046,22412916,2035316.383710,0
1772824500000,0.090960,0.091100,0.090590,0.090670,38616617,1772825399999,3507352.268990,10755,19120630,1736940.014500,0
1772825400000,0.090670,0.090850,0.090630,0.090640,26883953,1772826299999,2439629.565480,7927,12229565,1109764.967520,0
1772826300000,0.090650,0.090840,0.090560,0.090800,20597285,1772827199999,1868199.887630,7035,11447936,1038361.130870,0
1772827200000,0.090800,0.090900,0.090600,0.090730,29226261,1772828099999,2652496.076500,9726,13485669,1223761.888850,0
1772828100000,0.090730,0.090790,0.090510,0.090530,26203013,1772828999999,2375311.502840,9197,10827753,981725.300040,0
1772829000000,0.090530,0.090950,0.090500,0.090920,40467029,1772829899999,3670486.477070,10555,23224544,2106580.376800,0
1772829900000,0.090930,0.091080,0.090890,0.090990,27076890,1772830799999,2463735.568810,8200,12587842,1145292.309080,0
1772830800000,0.090980,0.091020,0.090840,0.090930,24661285,1772831699999,2241834.804040,7567,10725041,974977.766300,0
1772831700000,0.090940,0.091060,0.090700,0.090780,31999561,1772832599999,2908567.148360,7090,13315699,1210553.647730,0
1772832600000,0.090790,0.090970,0.090770,0.090960,15998837,1772833499999,1453410.967480,4801,9211707,836874.905650,0
1772833500000,0.090960,0.091100,0.090910,0.091060,23841936,1772834399999,2170143.615650,5305,13064096,1189159.401310,0
1772834400000,0.091060,0.091100,0.090930,0.090980,25762860,1772835299999,2345224.204300,6610,13572719,1235477.607920,0
1772835300000,0.090980,0.091270,0.090960,0.091220,23160085,1772836199999,2111113.053940,6674,14651920,1335571.331170,0
1772836200000,0.091220,0.091550,0.091180,0.091440,72411105,1772837099999,6618901.150450,10493,39694387,3627758.183580,0
1772837100000,0.091440,0.091540,0.091190,0.091210,34360271,1772837999999,3139395.939340,7038,15659925,1431039.413560,0
1772838000000,0.091210,0.091260,0.091070,0.091190,29812663,1772838899999,2717089.323410,8236,16972990,1546891.135890,0
1772838900000,0.091180,0.091320,0.091160,0.091310,21996040,1772839799999,2007269.683920,4804,12832333,1171106.143720,0
1772839800000,0.091320,0.091320,0.091150,0.091270,41931138,1772840699999,3825421.682010,6076,25554671,2331466.862590,0
1772840700000,0.091270,0.091330,0.091150,0.091230,67646000,1772841599999,6173593.059880,6458,28627318,2612429.437410,0
1772841600000,0.091220,0.091500,0.091150,0.091310,43878969,1772842499999,4006038.133820,7539,18687341,1706404.709970,0
1772842500000,0.091320,0.091450,0.091240,0.091350,22445633,1772843399999,2050144.233260,6094,12285305,1121976.396460,0
1772843400000,0.091350,0.091460,0.091300,0.091300,14606740,1772844299999,1334889.227690,4847,7779598,710998.162240,0
1772844300000,0.091310,0.091410,0.091290,0.091330,11716426,1772845199999,1070137.295890,4347,5978229,546034.970290,0
1772845200000,0.091330,0.091590,0.091330,0.091390,47062931,1772846099999,4305287.366230,7816,31514627,2882583.375510,0
1772846100000,0.091390,0.091520,0.091360,0.091360,17018619,1772846999999,1556023.335590,4970,6619370,605289.638190,0
1772847000000,0.091370,0.091470,0.091210,0.091460,16574677,1772847899999,1513466.810790,5502,7344268,670746.452010,0
1772847900000,0.091470,0.091680,0.091420,0.091470,33785588,1772848799999,3093023.102120,5911,14877200,1362163.890900,0
1772848800000,0.091480,0.091510,0.091290,0.091390,19769886,1772849699999,1806737.472590,6107,7905934,722509.190700,0
1772849700000,0.091390,0.091420,0.091170,0.091210,48296999,1772850599999,4409292.250210,7639,24488602,2235714.000940,0
1772850600000,0.091210,0.091290,0.091090,0.091250,26885894,1772851499999,2451265.348750,5930,16033782,1461884.851980,0
1772851500000,0.091260,0.091600,0.091250,0.091560,34342613,1772852399999,3139133.880410,6564,18765752,1715697.981920,0
1772852400000,0.091560,0.092030,0.091490,0.091990,65427530,1772853299999,6002327.501830,11360,36962954,3391769.995130,0
1772853300000,0.091980,0.092080,0.091270,0.091340,111887053,1772854199999,10251787.019300,14951,34601004,3175617.143990,0
1772854200000,0.091350,0.091490,0.091060,0.091260,112907595,1772855099999,10306273.094900,12065,71917226,6565288.082490,0
1772855100000,0.091260,0.091320,0.090970,0.091020,40670895,1772855999999,3704578.258390,7282,16774617,1527928.764600,0
1772856000000,0.091030,0.091220,0.090630,0.090940,85912909,1772856899999,7806697.676810,17078,37209824,3382094.988830,0
1772856900000,0.090950,0.091170,0.090870,0.091000,32587326,1772857799999,2965702.309440,8987,19963339,1816974.621870,0
1772857800000,0.090990,0.091030,0.090770,0.090920,31722449,1772858699999,2884967.591370,6656,10887381,990082.466460,0
1772858700000,0.090920,0.090930,0.090780,0.090800,22245252,1772859599999,2021265.808600,5994,12246805,1112858.864100,0
1772859600000,0.090790,0.090920,0.090670,0.090790,22860182,1772860499999,2075740.845290,7534,10189093,925194.925870,0
1772860500000,0.090800,0.090830,0.090490,0.090580,46606037,1772861399999,4225468.133580,7980,15888826,1441054.008260,0
1772861400000,0.090590,0.090710,0.090410,0.090710,34722687,1772862299999,3143313.109430,7816,18873055,1708703.612670,0
1772862300000,0.090710,0.090730,0.090610,0.090640,12617180,1772863199999,1144024.012300,4207,5485339,497357.070980,0
1772863200000,0.090640,0.090670,0.090520,0.090580,24073723,1772864099999,2181112.709140,6513,13276622,1202910.647580,0
1772864100000,0.090570,0.090620,0.090430,0.090600,20987701,1772864999999,1900301.965910,5983,11002230,996276.977580,0
1772865000000,0.090590,0.090780,0.090560,0.090770,23989701,1772865899999,2175106.766070,5947,11858502,1075347.549640,0
1772865900000,0.090770,0.090840,0.090420,0.090530,31817141,1772866799999,2882541.547120,6979,14769656,1338346.631960,0
1772866800000,0.090530,0.090630,0.090330,0.090560,42699919,1772867699999,3862710.440130,9978,21710023,1964324.779490,0
1772867700000,0.090560,0.090700,0.090470,0.090510,21991355,1772868599999,1992330.265000,5567,14339207,1299190.742230,0
1772868600000,0.090520,0.090600,0.090400,0.090530,17064148,1772869499999,1544312.323880,4571,5622741,508892.194530,0
1772869500000,0.090530,0.090580,0.090480,0.090530,19485086,1772870399999,1764047.040540,4735,8638096,782080.445780,0
1772870400000,0.090530,0.090580,0.090480,0.090550,14719555,1772871299999,1332558.818210,5063,8578982,776683.835710,0
1772871300000,0.090550,0.090680,0.090500,0.090640,40699906,1772872199999,3687528.877570,8238,22013285,1994532.351080,0
1772872200000,0.090630,0.090800,0.090620,0.090730,21606528,1772873099999,1960154.528770,6130,11416239,1035607.147040,0
1772873100000,0.090720,0.090750,0.090340,0.090350,29689904,1772873999999,2688643.322640,6692,9016237,816469.070150,0
1772874000000,0.090360,0.090370,0.089950,0.090240,112120334,1772874899999,10103414.455260,16665,37142241,3347316.319520,0
1772874900000,0.090240,0.090550,0.090230,0.090290,54863873,1772875799999,4961565.310370,10912,33185725,3001459.729270,0
1772875800000,0.090290,0.090390,0.090230,0.090280,23700197,1772876699999,2140412.259740,6047,9703463,876340.062560,0
1772876700000,0.090280,0.090410,0.090230,0.090300,19087886,1772877599999,1723748.270380,5730,8485424,766343.186830,0
1772877600000,0.090310,0.090490,0.090290,0.090460,28858981,1772878499999,2608018.436900,7548,17843868,1612600.284610,0
1772878500000,0.090450,0.090470,0.090290,0.090390,15016510,1772879399999,1357167.578900,5090,6189060,559386.892260,0
1772879400000,0.090380,0.090400,0.090240,0.090340,12584749,1772880299999,1136810.511000,4929,5255534,474720.823760,0
1772880300000,0.090330,0.090420,0.090310,0.090320,7881413,1772881199999,712101.977140,3720,4619619,417403.165420,0
1772881200000,0.090310,0.090750,0.090050,0.090740,55356191,1772882099999,4999434.214960,11938,29130213,2631541.978010,0
1772882100000,0.090740,0.090780,0.090380,0.090420,53256521,1772882999999,4823541.947740,11812,24680253,2235589.645400,0
1772883000000,0.090430,0.090540,0.090310,0.090530,21293211,1772883899999,1924790.431490,6297,11702218,1057909.418610,0
1772883900000,0.090520,0.090620,0.090440,0.090540,25305439,1772884799999,2291193.330900,5167,12201546,1104835.614750,0
1772884800000,0.090540,0.090550,0.090360,0.090430,16432279,1772885699999,1486609.919160,6638,7635250,690767.684300,0
1772885700000,0.090430,0.090560,0.090330,0.090540,23943543,1772886599999,2164869.049260,6325,12448414,1125559.152790,0
1772886600000,0.090550,0.090610,0.090460,0.090510,18166568,1772887499999,1644649.477670,5072,8320055,753212.762940,0
1772887500000,0.090510,0.090560,0.090270,0.090320,23852603,1772888399999,2155637.725420,5370,8528905,770797.441930,0
1772888400000,0.090330,0.090410,0.090200,0.090340,17812858,1772889299999,1608772.757550,6379,10340160,933980.433130,0
1772889300000,0.090340,0.090500,0.090310,0.090430,24210014,1772890199999,2188934.232420,4868,13202243,1193720.284380,0
1772890200000,0.090430,0.090550,0.090100,0.090180,45976397,1772891099999,4152569.785290,7887,24376448,2202549.790800,0
1772891100000,0.090180,0.090300,0.090150,0.090240,16179113,1772891999999,1459582.959380,4934,8322050,750780.322080,0
1772892000000,0.090240,0.090250,0.089340,0.089680,243579010,1772892899999,21850180.814290,34237,88894073,7972661.230880,0
1772892900000,0.089670,0.089840,0.089580,0.089790,45724910,1772893799999,4102456.580320,9579,26622051,2388878.137580,0
1772893800000,0.089780,0.090370,0.089680,0.090020,81160297,1772894699999,7304210.617320,14616,37459224,3371809.586990,0
1772894700000,0.090020,0.090140,0.089970,0.090020,33356221,1772895599999,3004117.554010,7906,20288220,1827309.639660,0
1772895600000,0.090010,0.090090,0.089900,0.090070,28451377,1772896499999,2560816.476940,8184,14717473,1324753.242480,0
1772896500000,0.090060,0.090140,0.089870,0.089950,19843677,1772897399999,1785623.377170,5990,9801150,881935.952170,0
1772897400000,0.089950,0.090020,0.089550,0.089700,54347252,1772898299999,4877627.423240,10984,19822569,1779250.761200,0
1772898300000,0.089700,0.090000,0.089650,0.089960,20871427,1772899199999,1875641.194840,5867,11853081,1065119.661450,0
1772899200000,0.089950,0.090130,0.089860,0.090070,26168061,1772900099999,2355030.968560,8100,14381331,1294385.789470,0
1772900100000,0.090080,0.090160,0.089970,0.089990,24790994,1772900999999,2232513.417860,6508,13964868,1257514.096170,0
1772901000000,0.089990,0.090090,0.089930,0.090090,17189860,1772901899999,1546839.614070,4591,10458041,941054.860960,0
1772901900000,0.090090,0.090110,0.090030,0.090110,12204763,1772902799999,1099388.181520,3590,6604422,594936.890030,0
1772902800000,0.090100,0.090340,0.090090,0.090280,39598651,1772903699999,3574431.165020,7960,25773899,2326656.210550,0
1772903700000,0.090280,0.090580,0.090260,0.090520,34743161,1772904599999,3142199.529400,7132,19945571,1803834.914580,0
1772904600000,0.090510,0.090530,0.090450,0.090520,12212760,1772905499999,1105062.037750,4024,6518277,589838.749980,0
1772905500000,0.090520,0.090560,0.090350,0.090390,17140812,1772906399999,1551057.428760,4166,7263816,657366.816630,0
1772906400000,0.090390,0.090410,0.089500,0.089920,117964782,1772907299999,10603324.297730,16914,42897298,3855075.389760,0
1772907300000,0.089920,0.090060,0.089750,0.090040,27810907,1772908199999,2501026.455860,6717,14364227,1291976.807360,0
1772908200000,0.090050,0.090100,0.089860,0.090090,22078397,1772909099999,1986911.658960,5409,10044762,904116.643960,0
1772909100000,0.090090,0.090120,0.090020,0.090070,10371335,1772909999999,934222.370160,3452,6277654,565483.091440,0
1772910000000,0.090080,0.090080,0.089890,0.089890,14906048,1772910899999,1341183.169710,5247,6829453,614536.705850,0
1772910900000,0.089900,0.089990,0.089580,0.089680,46038462,1772911799999,4132549.934260,10338,19154389,1719345.639560,0
1772911800000,0.089680,0.089920,0.089600,0.089840,30031184,1772912699999,2696684.739590,6965,17944277,1611305.630430,0
1772912700000,0.089830,0.089860,0.089110,0.089530,113524982,1772913599999,10155534.746010,16634,42754845,3826700.836710,0
1772913600000,0.089530,0.089930,0.089520,0.089790,39474831,1772914499999,3543564.273070,9874,20570498,1846598.184600,0
1772914500000,0.089780,0.089930,0.089690,0.089910,17201243,1772915399999,1544911.362580,5120,10561045,948563.096950,0
1772915400000,0.089910,0.090100,0.089840,0.090010,25806420,1772916299999,2322051.177930,6061,16564984,1490489.714080,0
1772916300000,0.090010,0.090060,0.089970,0.090000,11806677,1772917199999,1062772.366730,4073,6349307,571566.547850,0
1772917200000,0.090010,0.090120,0.089920,0.090000,18183192,1772918099999,1636954.749010,5935,10332512,930169.204590,0
1772918100000,0.090000,0.090140,0.089980,0.090060,8824875,1772918999999,794700.661180,3720,4270849,384595.849080,0
1772919000000,0.090060,0.090070,0.089830,0.089880,14457134,1772919899999,1300310.679790,5148,5322222,478593.524010,0
1772919900000,0.089890,0.089960,0.089740,0.089930,19007936,1772920799999,1707897.423240,4684,8330469,748597.787670,0
1772920800000,0.089930,0.089990,0.089770,0.089790,14277616,1772921699999,1283828.584880,4522,4252294,382363.903240,0
1772921700000,0.089790,0.089840,0.089560,0.089710,22410602,1772922599999,2010363.380560,5110,12208501,1095276.309100,0
1772922600000,0.089710,0.089820,0.089340,0.089710,33143247,1772923499999,2969234.955210,8333,16891878,1513737.640340,0
1772923500000,0.089720,0.089790,0.089600,0.089700,16019243,1772924399999,1437145.184050,5555,8272703,742152.944550,0
1772924400000,0.089700,0.089910,0.089650,0.089760,16380876,1772925299999,1470939.549180,6018,7710537,692340.666930,0
1772925300000,0.089750,0.089930,0.089720,0.089830,13308958,1772926199999,1195369.385270,3978,7878200,707604.955650,0
1772926200000,0.089840,0.089930,0.089830,0.089910,16457402,1772927099999,1479209.866450,4177,6821002,613110.121790,0
1772927100000,0.089900,0.089980,0.089830,0.089870,15237635,1772927999999,1369814.640010,4437,8392904,754587.146410,0
1772928000000,0.089880,0.090140,0.089850,0.089980,32089891,1772928899999,2888650.951200,7936,19556699,1760418.776470,0
1772928900000,0.089970,0.090050,0.089760,0.089790,26841035,1772929799999,2413748.398110,5943,13941442,1253975.952170,0
1772929800000,0.089800,0.089850,0.089660,0.089800,21126242,1772930699999,1896028.791410,5720,11962774,1073685.403300,0
1772930700000,0.089800,0.089900,0.089670,0.089860,17895433,1772931599999,1606403.127690,5058,10236019,918879.509690,0
1772931600000,0.089860,0.090020,0.089780,0.089970,20633517,1772932499999,1854879.760860,6214,10091827,907333.675140,0
1772932500000,0.089960,0.090050,0.089830,0.089830,17573453,1772933399999,1580701.400340,4273,5760328,518120.978430,0
1772933400000,0.089840,0.089900,0.089710,0.089890,20716218,1772934299999,1859851.291570,5758,10960044,984017.719690,0
1772934300000,0.089890,0.090010,0.089850,0.089960,15073045,1772935199999,1355757.564170,4088,9796659,881183.281690,0
1772935200000,0.089960,0.089980,0.089800,0.089920,17190379,1772936099999,1545349.597280,5235,7809910,701980.164700,0
1772936100000,0.089920,0.090030,0.089750,0.089760,21862566,1772936999999,1965604.042690,5261,10078383,906265.396360,0
1772937000000,0.089760,0.089970,0.089550,0.089930,38407918,1772937899999,3446099.667030,9320,17559856,1575796.921400,0
1772937900000,0.089940,0.089940,0.088620,0.089200,249391494,1772938799999,22222523.522820,32589,80719169,7196315.961750,0
1772938800000,0.089200,0.089240,0.088920,0.089140,54645386,1772939699999,4869032.672950,14723,25267580,2251496.374840,0
1772939700000,0.089130,0.089440,0.089130,0.089360,37325202,1772940599999,3333729.710170,8879,22373131,1998115.458280,0
1772940600000,0.089360,0.089400,0.089150,0.089230,28598521,1772941499999,2552840.669730,6721,10392056,927654.273120,0
1772941500000,0.089230,0.089340,0.089170,0.089290,13727250,1772942399999,1225139.176290,4279,6812517,608003.058460,0
1772942400000,0.089280,0.089520,0.089260,0.089440,30990506,1772943299999,2771137.671950,7569,17772725,1589074.341970,0
1772943300000,0.089450,0.089550,0.089370,0.089460,16146436,1772944199999,1444593.947440,4572,6638704,593972.845760,0
1772944200000,0.089460,0.089490,0.089150,0.089210,22480156,1772945099999,2007130.633830,6158,7039307,628607.091430,0
1772945100000,0.089220,0.089230,0.088660,0.088910,64762872,1772945999999,5758336.704290,13166,23166959,2059985.489600,0
1772946000000,0.088910,0.089360,0.088900,0.089360,38732741,1772946899999,3454811.263250,8865,21894930,1952935.508900,0
1772946900000,0.089360,0.089660,0.089290,0.089590,35393484,1772947799999,3168440.963860,7608,17783220,1592176.327100,0
1772947800000,0.089590,0.089620,0.089350,0.089470,30020773,1772948699999,2686952.429540,6876,12758821,1141885.493950,0
1772948700000,0.089480,0.089550,0.089330,0.089360,19540576,1772949599999,1748430.585290,5080,8067334,721992.282580,0
1772949600000,0.089360,0.089410,0.089140,0.089160,21123807,1772950499999,1886030.813020,5607,8123783,725335.289360,0
1772950500000,0.089160,0.089230,0.089100,0.089130,14035000,1772951399999,1251403.345620,4358,6609022,589328.845380,0
1772951400000,0.089140,0.089210,0.089090,0.089110,21350483,1772952299999,1903432.921200,4742,7232817,644860.658230,0
1772952300000,0.089110,0.089180,0.088960,0.089030,40682328,1772953199999,3623515.616550,6855,16141327,1437793.693180,0
1772953200000,0.089040,0.089450,0.088960,0.089400,51472818,1772954099999,4595730.121110,10133,28677169,2560572.364730,0
1772954100000,0.089400,0.089530,0.089170,0.089240,27974049,1772954999999,2499122.728570,6244,13655155,1220006.558580,0
1772955000000,0.089240,0.089310,0.089070,0.089220,41397067,1772955899999,3692279.434320,7251,22691868,2024137.288450,0
1772955900000,0.089220,0.089290,0.089150,0.089260,17920365,1772956799999,1598741.285060,4723,9148537,816186.405650,0
1772956800000,0.089270,0.089300,0.089110,0.089110,33199378,1772957699999,2962122.720350,6653,16824651,1501255.801620,0
1772957700000,0.089110,0.089150,0.088910,0.089000,37479069,1772958599999,3335993.054030,6684,20090559,1788361.502140,0
1772958600000,0.089010,0.089410,0.088870,0.089350,38707119,1772959499999,3450572.468800,7684,19872649,1772055.043740,0
1772959500000,0.089350,0.089390,0.089110,0.089340,39017699,1772960399999,3482791.347270,7286,21036475,1877876.557260,0
1772960400000,0.089330,0.089730,0.089180,0.089630,41820633,1772961299999,3739259.222400,8456,21869083,1955747.603380,0
1772961300000,0.089630,0.090080,0.089620,0.089910,120382746,1772962199999,10819244.910960,15787,72446869,6510651.774570,0
1772962200000,0.089910,0.089930,0.089660,0.089770,33663508,1772963099999,3022023.601390,7223,15014434,1347943.544780,0
1772963100000,0.089780,0.089930,0.089760,0.089870,27926741,1772963999999,2509363.117370,5455,12626181,1134560.918090,0
1772964000000,0.089870,0.090320,0.089860,0.090280,46279720,1772964899999,4170769.048280,10175,29992133,2702974.507360,0
1772964900000,0.090270,0.091270,0.090110,0.090950,155132179,1772965799999,14084620.248490,23930,83830227,7609776.167980,0
1772965800000,0.090940,0.090940,0.090550,0.090660,62110059,1772966699999,5634334.514350,14407,30205236,2740075.542300,0
1772966700000,0.090650,0.090660,0.090350,0.090460,49636589,1772967599999,4492696.177250,8971,22504476,2037054.832480,0
1772967600000,0.090460,0.090460,0.089390,0.089490,132284199,1772968499999,11874798.448780,24654,52174116,4682671.756400,0
1772968500000,0.089490,0.089760,0.089460,0.089620,41066099,1772969399999,3681179.628370,10366,24847202,2227536.883400,0
1772969400000,0.089630,0.089840,0.089050,0.089170,81656996,1772970299999,7296147.147610,15986,36558032,3267856.649580,0
1772970300000,0.089180,0.089370,0.089080,0.089300,44804140,1772971199999,3996812.917200,9676,21011023,1874617.371420,0
1772971200000,0.089300,0.089450,0.088270,0.088490,193316457,1772972099999,17148826.853510,30014,69208405,6143123.611560,0
1772972100000,0.088480,0.089350,0.087950,0.089150,219933726,1772972999999,19488170.871950,30270,104795563,9300532.086550,0
1772973000000,0.089140,0.089340,0.088990,0.089050,49835441,1772973899999,4440085.396430,12096,21536699,1918866.865440,0
1772973900000,0.089060,0.089060,0.088760,0.088880,69721251,1772974799999,6197118.054160,11402,30883720,2745322.202310,0
1772974800000,0.088890,0.089030,0.088230,0.088280,73631678,1772975699999,6523523.253600,16052,34270030,3036786.726340,0
1772975700000,0.088280,0.088600,0.087730,0.088450,148279175,1772976599999,13080151.112610,27821,63701820,5623035.257290,0
1772976600000,0.088450,0.088460,0.087950,0.088320,77890411,1772977499999,6872469.886600,17963,37845367,3339158.418160,0
1772977500000,0.088320,0.088760,0.088260,0.088630,82767295,1772978399999,7326436.945830,17157,51192642,4531655.536920,0
1772978400000,0.088620,0.089160,0.088550,0.088940,94590682,1772979299999,8408479.155350,15614,45029722,4002914.078210,0
1772979300000,0.088940,0.089190,0.088690,0.088730,52802996,1772980199999,4697594.579260,12123,21432014,1907403.184480,0
1772980200000,0.088740,0.088980,0.088570,0.088690,49448343,1772981099999,4389828.063410,11470,21339851,1894807.227660,0
1772981100000,0.088690,0.089150,0.088620,0.089040,34744575,1772981999999,3089512.091510,9125,18008054,1601091.998710,0
1772982000000,0.089040,0.089120,0.088670,0.088820,40238965,1772982899999,3575932.309410,11158,17975937,1597321.395140,0
1772982900000,0.088830,0.088850,0.088470,0.088550,51459516,1772983799999,4563179.311820,9299,15429064,1368336.351610,0
1772983800000,0.088560,0.088720,0.088480,0.088610,31177440,1772984699999,2762895.412960,7577,13168161,1166958.636910,0
1772984700000,0.088600,0.088730,0.088460,0.088640,29831864,1772985599999,2643107.043750,7609,12595970,1116104.180960,0
1772985600000,0.088650,0.088810,0.088550,0.088560,39728895,1772986499999,3523089.146440,8727,17573829,1558438.401210,0
1772986500000,0.088570,0.088690,0.088430,0.088640,39274656,1772987399999,3478246.371950,7295,16264383,1440294.778190,0
1772987400000,0.088640,0.088650,0.088240,0.088570,41284103,1772988299999,3650858.006510,10178,15746985,1392436.224720,0
1772988300000,0.088570,0.088570,0.088200,0.088460,35298411,1772989199999,3119316.485420,8809,14370934,1269912.759370,0
1772989200000,0.088460,0.089050,0.088450,0.088860,61357482,1772990099999,5449018.953990,13883,36374567,3231024.105000,0
1772990100000,0.088850,0.088880,0.088630,0.088670,18656734,1772990999999,1655956.023560,5813,7962857,706768.088640,0
1772991000000,0.088670,0.088800,0.088480,0.088590,28281766,1772991899999,2506070.844070,6346,10129986,897817.142490,0
1772991900000,0.088590,0.088640,0.088440,0.088560,18194314,1772992799999,1611105.776720,5485,7051791,624459.550400,0
1772992800000,0.088570,0.088620,0.088360,0.088420,22518236,1772993699999,1992160.103600,6018,9510553,841495.854020,0
1772993700000,0.088420,0.088540,0.088130,0.088440,41130490,1772994599999,3632350.685880,9385,17432333,1539956.188690,0
1772994600000,0.088430,0.088570,0.088310,0.088360,21683424,1772995499999,1917503.815410,6178,8938704,790433.586210,0
1772995500000,0.088360,0.088530,0.088310,0.088460,16635878,1772996399999,1470912.085250,5289,7421872,656227.068170,0
1772996400000,0.088450,0.088930,0.088340,0.088770,39864988,1772997299999,3533610.329250,10746,24318515,2155899.385060,0
1772997300000,0.088770,0.089490,0.088740,0.089410,79635804,1772998199999,7105620.277020,16813,46629764,4160378.085900,0
1772998200000,0.089410,0.089670,0.089250,0.089390,72388802,1772999099999,6476349.628260,13351,44084348,3944272.924850,0
1772999100000,0.089400,0.089540,0.089140,0.089270,42216875,1772999999999,3769077.683240,7852,23635880,2110305.135230,0
1773000000000,0.089280,0.089380,0.089110,0.089180,49065629,1773000899999,4379739.695980,9507,28530538,2547171.375500,0
1773000900000,0.089180,0.089470,0.089120,0.089180,27477129,1773001799999,2453268.995040,6863,12494859,1115599.041230,0
1773001800000,0.089190,0.090060,0.089180,0.089750,77637007,1773002699999,6968103.866520,16175,39608280,3553721.861580,0
1773002700000,0.089740,0.089890,0.089550,0.089640,37711877,1773003599999,3382525.418800,8651,17587193,1577609.309450,0
1773003600000,0.089640,0.089790,0.089020,0.089140,61541932,1773004499999,5498054.274720,12539,22406769,2002302.111300,0
1773004500000,0.089150,0.089400,0.089120,0.089300,32371899,1773005399999,2889725.347560,7240,18574439,1658291.377890,0
1773005400000,0.089300,0.089470,0.089260,0.089400,23747136,1773006299999,2122015.360890,5855,11573637,1034167.195840,0
1773006300000,0.089400,0.089520,0.089280,0.089500,17912310,1773007199999,1601566.699080,5158,9159550,819033.700830,0
1773007200000,0.089490,0.089490,0.086530,0.088180,583157489,1773008099999,51072298.160870,86081,226909274,19876040.705870,0
1773008100000,0.088190,0.089160,0.087700,0.088920,179264614,1773008999999,15855840.032970,34537,93312387,8254810.694720,0
1773009000000,0.088910,0.089560,0.088530,0.089210,127471004,1773009899999,11348261.980140,28949,67242175,5987717.428850,0
1773009900000,0.089200,0.089600,0.089140,0.089390,90212440,1773010799999,8061463.474590,20602,40281540,3598676.469520,0
1773010800000,0.089390,0.089800,0.089130,0.089340,91479499,1773011699999,8186035.995610,24587,43805735,3920298.240000,0
1773011700000,0.089350,0.089680,0.089180,0.089600,54548958,1773012599999,4878198.784470,15184,25682744,2297038.737690,0
1773012600000,0.089600,0.089690,0.089030,0.089060,62574433,1773013499999,5587371.647520,14862,37226019,3323524.117160,0
1773013500000,0.089060,0.089280,0.088830,0.089070,66077655,1773014399999,5885949.073470,15487,32640755,2908174.263840,0
1773014400000,0.089080,0.089940,0.089010,0.089750,88432633,1773015299999,7918076.616520,21326,41552045,3719441.324520,0
1773015300000,0.089740,0.089920,0.089030,0.089610,65801031,1773016199999,5888720.448080,19452,34347677,3073934.294190,0
1773016200000,0.089610,0.090470,0.089570,0.089910,111130719,1773017099999,10010732.449440,28680,59273617,5340081.524660,0
1773017100000,0.089900,0.090080,0.089630,0.089750,50411650,1773017999999,4529488.103400,14988,26763799,2404774.876970,0
1773018000000,0.089750,0.089840,0.089290,0.089460,50289859,1773018899999,4500232.968240,18869,24093975,2156364.248920,0
1773018900000,0.089470,0.089950,0.089360,0.089700,46894192,1773019799999,4204415.705940,16044,24960989,2237779.041400,0
1773019800000,0.089690,0.090060,0.089390,0.089790,47879740,1773020699999,4299344.818670,16180,27015070,2425845.222850,0
1773020700000,0.089780,0.089860,0.089230,0.089310,43612442,1773021599999,3904937.168460,12222,23011176,2060237.667000,0
1773021600000,0.089310,0.089560,0.089040,0.089330,53276843,1773022499999,4757215.994070,16600,30327017,2707869.575850,0
1773022500000,0.089320,0.089320,0.089010,0.089080,42998819,1773023399999,3833911.567710,11518,16964347,1512387.502390,0
1773023400000,0.089080,0.089980,0.088940,0.089890,79595103,1773024299999,7133152.641110,17731,38848936,3483087.735920,0
1773024300000,0.089890,0.089980,0.089690,0.089690,35809280,1773025199999,3216962.177670,10853,19955023,1792748.135910,0
1773025200000,0.089690,0.091600,0.089600,0.091440,228623735,1773026099999,20761727.123260,42148,129462369,11751683.723060,0
1773026100000,0.091450,0.091650,0.090360,0.090490,156587040,1773026999999,14237967.587250,32948,74056948,6732639.282580,0
1773027000000,0.090500,0.090820,0.090300,0.090310,85026004,1773027899999,7701986.711290,17485,37837966,3427105.028980,0
1773027900000,0.090320,0.090580,0.090180,0.090320,51032559,1773028799999,4611883.740400,12650,25768145,2328978.960860,0
1773028800000,0.090320,0.090600,0.090150,0.090230,39941847,1773029699999,3610888.157830,11991,22772852,2058696.936760,0
1773029700000,0.090230,0.090860,0.090170,0.090780,54715749,1773030599999,4954611.410800,12247,30710292,2781116.588010,0
1773030600000,0.090780,0.090840,0.090550,0.090730,43689248,1773031499999,3962555.752790,10110,23403499,2122718.974170,0
1773031500000,0.090740,0.090800,0.090270,0.090300,37550069,1773032399999,3399100.205700,9234,16085122,1456517.383550,0
1773032400000,0.090310,0.090510,0.090240,0.090350,29724590,1773033299999,2686593.833460,7913,13783378,1245838.934920,0
1773033300000,0.090340,0.090820,0.090070,0.090290,76640342,1773034199999,6930955.486520,14713,34674742,3138136.508710,0
1773034200000,0.090290,0.091450,0.090190,0.091260,135062245,1773035099999,12268357.347350,22688,78631187,7142973.886780,0
1773035100000,0.091260,0.091770,0.091000,0.091410,179355425,1773035999999,16392136.198610,28532,91749930,8385291.118880,0
1773036000000,0.091410,0.091650,0.091170,0.091200,107395679,1773036899999,9815146.874880,16838,39008740,3564521.509450,0
1773036900000,0.091210,0.091400,0.090900,0.090950,39391656,1773037799999,3586598.470580,11080,17763665,1617710.400470,0
1773037800000,0.090950,0.091070,0.090410,0.090520,54178136,1773038699999,4913209.918060,11682,26904316,2439526.300200,0
1773038700000,0.090520,0.090550,0.090230,0.090360,43173619,1773039599999,3902709.065150,9252,20521325,1855432.085240,0
1773039600000,0.090370,0.090420,0.089760,0.089850,92358302,1773040499999,8313638.722260,19322,43237236,3891617.866830,0
1773040500000,0.089840,0.090010,0.089230,0.089920,85622474,1773041399999,7676976.382430,18765,40640738,3644357.474990,0
1773041400000,0.089930,0.090070,0.089730,0.089980,66473312,1773042299999,5976094.279520,13659,34103406,3066235.138130,0
1773042300000,0.089970,0.090150,0.089690,0.089940,44960983,1773043199999,4043754.601880,11282,27367444,2461790.269930,0
1773043200000,0.089950,0.090300,0.089840,0.090150,75210291,1773044099999,6772756.876640,15379,40134092,3614502.311900,0
1773044100000,0.090140,0.090590,0.089880,0.090500,49613492,1773044999999,4481611.090340,14101,27942621,2524036.608220,0
1773045000000,0.090490,0.090620,0.090150,0.090300,61471624,1773045899999,5558601.275720,13941,33744098,3051782.303610,0
1773045900000,0.090300,0.090540,0.090250,0.090450,37806678,1773046799999,3418157.961110,9763,18854674,1704593.351920,0
1773046800000,0.090460,0.090550,0.089970,0.090350,55260647,1773047699999,4986571.102150,13140,28364159,2560449.315490,0
1773047700000,0.090350,0.090560,0.090250,0.090520,55909676,1773048599999,5055282.718080,11945,28892364,2613118.194320,0
1773048600000,0.090510,0.091380,0.090300,0.090930,138321795,1773049499999,12587495.573910,26454,70313200,6398394.801490,0
1773049500000,0.090940,0.091030,0.090250,0.090350,68256665,1773050399999,6187869.168690,15750,32248096,2923320.093370,0
1773050400000,0.090360,0.090690,0.090250,0.090670,51986287,1773051299999,4705648.535880,13353,30928442,2799541.367400,0
1773051300000,0.090660,0.090740,0.090390,0.090420,27917650,1773052199999,2528632.695840,9482,14050230,1272673.166520,0
1773052200000,0.090420,0.090480,0.089910,0.090090,72205586,1773053099999,6515926.169300,13770,32157703,2902027.654190,0
1773053100000,0.090100,0.090190,0.089880,0.090060,48365325,1773053999999,4355092.126770,10458,18339105,1651586.497800,0
1773054000000,0.090070,0.090320,0.090020,0.090200,27723844,1773054899999,2501212.543570,8378,17940343,1618580.542750,0
1773054900000,0.090200,0.090230,0.089700,0.089930,56277741,1773055799999,5057538.708400,11967,31204273,2804190.646410,0
1773055800000,0.089930,0.090500,0.089930,0.090430,31570323,1773056699999,2851027.197830,8582,18611632,1680307.007140,0
1773056700000,0.090420,0.090470,0.090270,0.090320,17631671,1773057599999,1593622.399620,6086,8993538,812920.563410,0
1773057600000,0.090330,0.090620,0.090310,0.090510,32119631,1773058499999,2905591.056430,9794,18586764,1681477.184800,0
1773058500000,0.090510,0.090800,0.090480,0.090800,50116697,1773059399999,4543064.487290,10776,26883881,2436853.252640,0
1773059400000,0.090800,0.091090,0.090570,0.090860,65017401,1773060299999,5909554.505590,14611,31304140,2844814.512280,0
1773060300000,0.090860,0.090910,0.090610,0.090810,36053396,1773061199999,3272031.505560,9181,12610105,1144488.057840,0
1773061200000,0.090810,0.091360,0.090750,0.091120,52318522,1773062099999,4763099.724830,13859,29703882,2703886.938290,0
1773062100000,0.091110,0.091670,0.090900,0.091460,91478453,1773062999999,8350689.869060,18742,39971572,3649176.035450,0
1773063000000,0.091470,0.092240,0.091310,0.092190,182268080,1773063899999,16720180.018330,36546,98324592,9022526.824770,0
1773063900000,0.092180,0.092410,0.091700,0.091860,163888690,1773064799999,15085520.584020,32692,66793173,6148777.906110,0
1773064800000,0.091860,0.092260,0.090630,0.091160,244001672,1773065699999,22275032.814380,36043,86198149,7876562.788930,0
1773065700000,0.091160,0.092120,0.091140,0.091540,123600215,1773066599999,11336405.709330,27481,73684895,6758081.283380,0
1773066600000,0.091530,0.092040,0.091490,0.091800,85228499,1773067499999,7820595.225670,24402,47774235,4383821.704200,0
1773067500000,0.091810,0.091910,0.091440,0.091520,53577006,1773068399999,4912656.843240,15957,22478326,2061124.952110,0
1773068400000,0.091530,0.091800,0.091240,0.091530,68206261,1773069299999,6242542.722510,18475,31256965,2861551.649220,0
1773069300000,0.091530,0.091620,0.091170,0.091240,46568161,1773070199999,4254475.913550,11260,21176072,1935020.698370,0
1773070200000,0.091240,0.091360,0.090530,0.090910,138559508,1773071099999,12587169.353300,19502,75969926,6900249.138340,0
1773071100000,0.090900,0.091300,0.090830,0.091060,46290173,1773071999999,4216972.946770,10280,28133767,2563284.028740,0
1773072000000,0.091060,0.091480,0.090970,0.091200,39313810,1773072899999,3586178.124100,12773,22410654,2044445.389990,0
1773072900000,0.091190,0.091510,0.091030,0.091370,47356922,1773073799999,4322077.974380,11071,26923379,2457345.976040,0
1773073800000,0.091370,0.091420,0.090680,0.091140,80177974,1773074699999,7306894.174850,16407,31945562,2911060.565140,0
1773074700000,0.091150,0.091610,0.090880,0.091150,49774489,1773075599999,4539418.652280,12585,24905661,2271065.371760,0
1773075600000,0.091150,0.091540,0.091100,0.091490,37158982,1773076499999,3394701.548080,12868,22426670,2048741.746070,0
1773076500000,0.091490,0.091710,0.091120,0.091340,58457593,1773077399999,5341998.714630,13042,33574517,3068209.968830,0
1773077400000,0.091340,0.091590,0.090910,0.090990,79441631,1773078299999,7248358.457460,15742,41457992,3782274.176270,0
1773078300000,0.090990,0.091540,0.090990,0.091340,41350941,1773079199999,3774085.082320,10402,24821972,2265199.135180,0
1773079200000,0.091340,0.091360,0.090950,0.091260,52825995,1773080099999,4814557.090240,12607,24483620,2231480.889960,0
1773080100000,0.091260,0.091670,0.091160,0.091460,39139397,1773080999999,3578664.492390,9858,19870582,1816596.928070,0
1773081000000,0.091460,0.091660,0.091200,0.091200,42302768,1773081899999,3868433.748260,9509,18387981,1681804.192490,0
1773081900000,0.091200,0.091220,0.090740,0.090830,42683432,1773082799999,3881798.216930,8891,13519858,1229463.980560,0
1773082800000,0.090830,0.091020,0.090610,0.090650,44991075,1773083699999,4085673.136830,10534,21666601,1967786.657620,0
1773083700000,0.090650,0.092480,0.090610,0.092460,157004046,1773084599999,14401163.553640,31052,84416855,7743453.277750,0
1773084600000,0.092450,0.092820,0.091530,0.091640,206242983,1773085499999,19014521.662300,36151,113385928,10465617.419690,0
1773085500000,0.091630,0.091660,0.091070,0.091220,81781473,1773086399999,7468162.554700,19527,31307948,2859242.385100,0
1773086400000,0.091220,0.091400,0.090950,0.091170,100882029,1773087299999,9194421.688640,16266,56989095,5195066.723040,0
1773087300000,0.091170,0.091260,0.090990,0.091160,24349268,1773088199999,2219555.502130,7019,11510106,1049289.707380,0
1773088200000,0.091160,0.091160,0.090740,0.090910,34804969,1773089099999,3163700.788820,9111,12177859,1107328.151780,0
1773089100000,0.090910,0.091320,0.090740,0.091190,26369348,1773089999999,2398766.090750,7426,13197065,1200622.410420,0
1773090000000,0.091190,0.091760,0.091160,0.091590,36857758,1773090899999,3371979.533950,9188,22098427,2021742.512570,0
1773090900000,0.091590,0.091600,0.091260,0.091320,19850388,1773091799999,1814659.807200,6136,7292233,666628.155230,0
1773091800000,0.091330,0.091410,0.091020,0.091360,20947306,1773092699999,1911590.557190,7664,8531264,778601.577980,0
1773092700000,0.091360,0.091590,0.091310,0.091430,17405367,1773093599999,1592031.311690,6014,9261883,847244.113300,0
1773093600000,0.091430,0.091520,0.090930,0.091130,41173640,1773094499999,3752342.166140,12507,20048765,1826974.713750,0
1773094500000,0.091130,0.091210,0.090990,0.091160,73127001,1773095399999,6663690.914570,6504,15300810,1394138.382680,0
1773095400000,0.091150,0.091170,0.090370,0.090820,134791871,1773096299999,12219679.801270,15005,82493179,7476154.888080,0
1773096300000,0.090820,0.090890,0.090410,0.090650,57776610,1773097199999,5239646.137000,10145,25367800,2300212.485630,0
1773097200000,0.090650,0.090880,0.090510,0.090820,38379200,1773098099999,3481052.322890,8624,18671575,1693527.197460,0
1773098100000,0.090820,0.090820,0.090470,0.090510,30731175,1773098999999,2784416.141030,5584,10708553,970154.716360,0
1773099000000,0.090500,0.090630,0.090420,0.090520,22236639,1773099899999,2013095.638930,6200,10717934,970337.237040,0
1773099900000,0.090520,0.090520,0.090100,0.090420,58786138,1773100799999,5306816.674080,10583,18593564,1678607.919640,0
1773100800000,0.090420,0.090490,0.090270,0.090290,30163903,1773101699999,2726168.801180,7740,15565123,1406814.153250,0
1773101700000,0.090290,0.091080,0.090290,0.091070,58084126,1773102599999,5269292.897870,10691,35821886,3248628.386780,0
1773102600000,0.091070,0.091350,0.090900,0.091310,40540497,1773103499999,3696124.606840,9839,18495347,1686407.566420,0
1773103500000,0.091310,0.091390,0.090980,0.090990,47892836,1773104399999,4365633.620200,9435,17454343,1591008.756500,0
1773104400000,0.090990,0.091230,0.090870,0.091100,33145232,1773105299999,3018486.054260,9483,20051709,1826649.492450,0
1773105300000,0.091100,0.091190,0.090790,0.090880,28213027,1773106199999,2565629.848000,8602,11009247,1001222.192930,0
1773106200000,0.090870,0.090980,0.090430,0.090610,42008612,1773107099999,3807721.901150,10212,16865684,1528443.504350,0
1773107100000,0.090610,0.091220,0.090580,0.090950,55628211,1773107999999,5056930.384300,10857,28512568,2592483.026880,0
1773108000000,0.090950,0.091070,0.090620,0.090820,35705340,1773108899999,3242026.606650,10628,14344209,1302193.995290,0
1773108900000,0.090810,0.090980,0.090700,0.090930,25647786,1773109799999,2329424.488630,7137,13870255,1259701.993790,0
1773109800000,0.090930,0.092190,0.090910,0.091980,202142487,1773110699999,18515144.410390,31259,105497527,9662390.067860,0
1773110700000,0.091990,0.092340,0.091720,0.091930,134084140,1773111599999,12339541.260060,21343,70963548,6531294.780550,0
1773111600000,0.091930,0.092150,0.091640,0.092000,81261570,1773112499999,7465664.949190,16568,44077920,4050982.585260,0
1773112500000,0.092000,0.092110,0.091850,0.091960,34806618,1773113399999,3201429.350380,8979,20134547,1851999.749940,0
1773113400000,0.091970,0.091970,0.091400,0.091540,57497939,1773114299999,5270817.611680,10924,20762054,1903749.861030,0
1773114300000,0.091530,0.091530,0.090930,0.091150,103727891,1773115199999,9454354.945700,16456,53263106,4854422.223720,0
1773115200000,0.091150,0.091590,0.091080,0.091560,48460868,1773116099999,4426827.612210,12395,25362882,2316713.522850,0
1773116100000,0.091560,0.091850,0.091440,0.091760,43087099,1773116999999,3951107.304580,9714,22622954,2074652.400710,0
1773117000000,0.091760,0.091980,0.091690,0.091760,44931342,1773117899999,4127072.486890,9171,20787496,1909689.628950,0
1773117900000,0.091770,0.092040,0.091590,0.091820,41226442,1773118799999,3784570.926540,8502,20527862,1884534.556630,0
1773118800000,0.091820,0.092250,0.091680,0.092020,67659315,1773119699999,6229407.544140,12931,43257384,3984022.956950,0
1773119700000,0.092020,0.092270,0.091960,0.091970,56402703,1773120599999,5193341.120990,9938,21032828,1936666.121280,0
1773120600000,0.091980,0.092100,0.091620,0.091780,52255404,1773121499999,4799405.387110,9897,25661337,2357743.152370,0
1773121500000,0.091790,0.091860,0.091700,0.091750,19065210,1773122399999,1749789.695090,5486,9965179,914583.416430,0
1773122400000,0.091750,0.091800,0.091590,0.091630,22623378,1773123299999,2074220.785170,6573,10836388,993591.159400,0
1773123300000,0.091630,0.091790,0.091330,0.091750,39217923,1773124199999,3588619.585510,9060,19547703,1789073.515060,0
1773124200000,0.091750,0.091810,0.091480,0.091500,31114615,1773125099999,2851950.802100,8249,12620432,1157069.316570,0
1773125100000,0.091490,0.091710,0.091370,0.091560,20007991,1773125999999,1831774.136450,5927,11890976,1088565.587110,0
1773126000000,0.091560,0.091880,0.091350,0.091520,64968660,1773126899999,5951327.798190,14836,36920839,3382571.923570,0
1773126900000,0.091520,0.092220,0.091480,0.092030,83065399,1773127799999,7635455.114720,14299,44862379,4123061.005810,0
1773127800000,0.092030,0.092430,0.091970,0.092300,57960449,1773128699999,5341147.897490,11868,31767635,2927534.148180,0
1773128700000,0.092310,0.092380,0.092130,0.092270,45684389,1773129599999,4214776.369560,9274,22637370,2088587.337600,0
1773129600000,0.092270,0.092910,0.092180,0.092840,133864294,1773130499999,12386704.218410,25286,75583637,6995480.014250,0
1773130500000,0.092840,0.092980,0.092530,0.092740,83322352,1773131399999,7729495.234600,16489,38884721,3607412.436010,0
1773131400000,0.092750,0.094260,0.092670,0.093820,277795730,1773132299999,25963813.609380,31894,170598797,15943914.740580,0
1773132300000,0.093810,0.093890,0.093180,0.093490,145112502,1773133199999,13571244.050370,21751,65744669,6147720.196270,0
1773133200000,0.093490,0.093870,0.093490,0.093750,113009291,1773134099999,10585209.871600,18799,68215275,6389454.447980,0
1773134100000,0.093750,0.094760,0.093650,0.094690,168970545,1773134999999,15931101.288890,26317,104885104,9891637.930010,0
1773135000000,0.094690,0.095520,0.094580,0.095110,213374201,1773135899999,20295224.724420,34240,104368428,9929327.634880,0
1773135900000,0.095110,0.095290,0.094900,0.095160,109183325,1773136799999,10385177.601480,17896,48279273,4591871.620130,0
1773136800000,0.095160,0.095300,0.094660,0.094830,98537226,1773137699999,9355504.159470,21623,47540397,4514083.404960,0
1773137700000,0.094830,0.094840,0.094410,0.094620,108583809,1773138599999,10271535.633720,19192,37009229,3500512.912700,0
1773138600000,0.094610,0.095030,0.094590,0.094920,115126252,1773139499999,10925500.118860,19858,67872072,6441414.378990,0
1773139500000,0.094910,0.095880,0.094870,0.095430,142664570,1773140399999,13617287.786110,23411,78784101,7519193.874790,0
1773140400000,0.095430,0.095720,0.095020,0.095150,111641634,1773141299999,10641372.008830,23039,47405596,4517317.789230,0
1773141300000,0.095150,0.095290,0.094640,0.094780,95575542,1773142199999,9079253.038430,17808,44001567,4180303.112650,0
1773142200000,0.094780,0.094820,0.094100,0.094370,190890574,1773143099999,18028250.930180,22694,94833064,8956609.581600,0
1773143100000,0.094370,0.094600,0.094250,0.094460,70625097,1773143999999,6668446.836350,12273,42192840,3984070.503390,0
1773144000000,0.094460,0.094630,0.094280,0.094610,84457891,1773144899999,7978499.839980,20077,42320825,3998437.283730,0
1773144900000,0.094620,0.094770,0.094240,0.094390,67084337,1773145799999,6337658.658940,15594,37817579,3572963.122300,0
1773145800000,0.094400,0.095010,0.094230,0.094850,71853854,1773146699999,6803096.849000,15952,39759116,3764342.641620,0
1773146700000,0.094860,0.095010,0.094710,0.094930,41607980,1773147599999,3946448.112110,10691,24425345,2316818.009290,0
1773147600000,0.094930,0.096520,0.094880,0.096260,294405081,1773148499999,28257387.970560,43986,169192969,16237917.619880,0
1773148500000,0.096270,0.097040,0.096250,0.096580,160986125,1773149399999,15554437.200990,29844,86015708,8309833.187600,0
1773149400000,0.096590,0.096740,0.094500,0.095160,461821961,1773150299999,44020756.181010,69488,244237111,23270140.049120,0
1773150300000,0.095160,0.096530,0.095080,0.096040,268563971,1773151199999,25765949.104670,47057,137466978,13190199.118050,0
1773151200000,0.096040,0.096780,0.095280,0.095400,382423568,1773152099999,36720653.949110,68651,173422604,16658653.887420,0
1773152100000,0.095410,0.095940,0.094850,0.095660,251351834,1773152999999,23980922.125130,44637,133416423,12729921.538430,0
1773153000000,0.095670,0.097920,0.095610,0.097850,344335115,1773153899999,33435862.556810,58453,209071673,20296739.779780,0
1773153900000,0.097840,0.099610,0.097700,0.099290,481514073,1773154799999,47532195.967890,92568,259806349,25655660.060850,0
1773154800000,0.099290,0.099710,0.098290,0.098370,327886087,1773155699999,32398641.035350,68882,163972562,16205861.446380,0
1773155700000,0.098380,0.098570,0.097580,0.098410,196464906,1773156599999,19252269.034710,45787,95843434,9393589.458120,0
1773156600000,0.098410,0.099190,0.098120,0.098990,235714515,1773157499999,23247689.168650,50681,125333787,12363317.362860,0
1773157500000,0.098980,0.099280,0.098440,0.099080,174929790,1773158399999,17288596.636370,41056,84939341,8395559.562590,0
1773158400000,0.099080,0.099600,0.098590,0.098930,187277116,1773159299999,18565690.987710,50210,94661362,9386059.441620,0
1773159300000,0.098930,0.100430,0.098920,0.099400,328441944,1773160199999,32794213.383090,61291,166495525,16623222.034070,0
1773160200000,0.099410,0.099970,0.099260,0.099860,101758689,1773161099999,10132291.798920,31565,53780382,5356365.170690,0
1773161100000,0.099870,0.100030,0.099210,0.099780,91251225,1773161999999,9097135.774610,27197,48873393,4872597.575980,0
1773162000000,0.099780,0.099990,0.099380,0.099660,86446999,1773162899999,8613335.686550,26827,39571872,3942785.566500,0
1773162900000,0.099670,0.099980,0.098800,0.098890,198072409,1773163799999,19666842.477960,34566,104233866,10347260.332220,0
1773163800000,0.098880,0.099390,0.098030,0.098150,311234193,1773164699999,30684797.953920,52136,162547162,16029346.620740,0
1773164700000,0.098150,0.098450,0.097810,0.098200,242665920,1773165599999,23812050.355390,32061,147138617,14436843.637290,0
1773165600000,0.098200,0.098230,0.096210,0.096250,292394715,1773166499999,28409792.857390,48401,124563964,12108093.176020,0
1773166500000,0.096250,0.096680,0.095020,0.095740,422323712,1773167399999,40428726.440820,71592,197448917,18916006.763710,0
1773167400000,0.095750,0.095990,0.095270,0.095610,123805504,1773168299999,11841821.243520,35397,59043720,5648183.914880,0
1773168300000,0.095610,0.095980,0.095150,0.095400,115924589,1773169199999,11083582.590940,27675,64553951,6174455.864490,0
1773169200000,0.095400,0.095470,0.094760,0.095150,138020861,1773170099999,13130790.128450,32978,58146764,5531864.001660,0
1773170100000,0.095150,0.095320,0.094420,0.094470,144697697,1773170999999,13726628.773960,27064,63385322,6011266.764060,0
1773171000000,0.094470,0.095190,0.094260,0.094780,113540618,1773171899999,10750781.239450,24894,58903882,5578948.885380,0
1773171900000,0.094790,0.094860,0.094460,0.094720,51968930,1773172799999,4920614.746680,14134,27273132,2582509.735930,0
1773172800000,0.094720,0.095020,0.094490,0.094590,92225310,1773173699999,8736040.300200,18341,47498453,4499445.526560,0
1773173700000,0.094600,0.094840,0.094410,0.094660,71509331,1773174599999,6767149.015500,12963,40022132,3788467.313800,0
1773174600000,0.094670,0.094860,0.094510,0.094720,59147563,1773175499999,5602205.098480,13724,30404960,2879589.017840,0
1773175500000,0.094710,0.095040,0.094630,0.094910,44258944,1773176399999,4197242.512750,10177,24788026,2350828.230780,0
1773176400000,0.094910,0.095280,0.094640,0.094860,59208193,1773177299999,5626069.635450,14386,31220752,2966674.073300,0
1773177300000,0.094870,0.095070,0.094700,0.094910,36530841,1773178199999,3468135.991070,9238,18503736,1756517.030650,0
1773178200000,0.094900,0.095010,0.094120,0.094480,138007364,1773179099999,13043050.789180,20907,45409468,4292320.699290,0
1773179100000,0.094470,0.094480,0.093740,0.094370,87395038,1773179999999,8225514.009840,18688,40071244,3772959.769210,0
1773180000000,0.094370,0.094610,0.094040,0.094160,123409700,1773180899999,11635930.992860,18320,47974823,4522366.241500,0
1773180900000,0.094150,0.094830,0.093970,0.094550,49828445,1773181799999,4703171.990230,11145,27610918,2606965.027880,0
1773181800000,0.094540,0.094540,0.094260,0.094380,31828425,1773182699999,3003529.073120,8633,14200053,1339932.646310,0
1773182700000,0.094380,0.094500,0.094250,0.094280,29019188,1773183599999,2738824.212580,6799,14567345,1375033.549970,0
1773183600000,0.094280,0.094490,0.094280,0.094350,39503858,1773184499999,3728291.261250,10038,20251301,1911223.116230,0
1773184500000,0.094340,0.094680,0.094320,0.094490,46502345,1773185399999,4394090.658830,9823,24183665,2285273.820810,0
1773185400000,0.094480,0.094720,0.094450,0.094590,39432817,1773186299999,3729767.700980,9577,23686665,2240401.574760,0
1773186300000,0.094590,0.094590,0.094360,0.094460,41696939,1773187199999,3939744.572580,8764,17457219,1649413.546760,0
1773187200000,0.094460,0.094610,0.094280,0.094470,81064210,1773188099999,7655144.746880,15439,42552605,4018772.096100,0
1773188100000,0.094470,0.094810,0.094320,0.094560,72073934,1773188999999,6814886.666330,15235,37702188,3565208.037980,0
1773189000000,0.094570,0.094590,0.094010,0.094090,79232741,1773189899999,7464035.772480,15611,29389130,2769174.242040,0
1773189900000,0.094090,0.094570,0.094070,0.094370,47492552,1773190799999,4481426.439320,11377,24313202,2294441.870370,0
1773190800000,0.094370,0.094410,0.093940,0.094060,62118449,1773191699999,5848021.958850,15198,22758200,2142610.956820,0
1773191700000,0.094070,0.094080,0.093530,0.093690,84871920,1773192599999,7955944.966630,16804,37801688,3543844.632530,0
1773192600000,0.093680,0.093680,0.093220,0.093490,89224713,1773193499999,8335472.643730,16805,38923769,3636525.312630,0
1773193500000,0.093490,0.093730,0.093430,0.093560,43618721,1773194399999,4081116.858160,8546,23598851,2208095.942300,0
1773194400000,0.093560,0.093620,0.093180,0.093230,50480063,1773195299999,4715879.530810,12282,22430169,2095603.180010,0
1773195300000,0.093230,0.093360,0.093000,0.093050,92888417,1773196199999,8648613.588390,12521,38094524,3546871.398260,0
1773196200000,0.093050,0.093070,0.092320,0.092580,210530327,1773197099999,19524980.616580,21610,74541258,6914692.629190,0
1773197100000,0.092590,0.092960,0.092460,0.092940,71188870,1773197999999,6597592.766900,11217,42274522,3918846.610010,0
1773198000000,0.092940,0.093150,0.092620,0.092710,60326052,1773198899999,5599177.906660,14112,25673297,2383201.848330,0
1773198900000,0.092720,0.092750,0.092360,0.092500,65295149,1773199799999,6040320.508450,10472,21110096,1953461.735010,0
1773199800000,0.092490,0.092730,0.092480,0.092630,44693512,1773200699999,4141144.241320,8608,27626325,2559778.390580,0
1773200700000,0.092630,0.092680,0.092490,0.092550,54790712,1773201599999,5072710.446670,8251,27580602,2553311.523860,0
1773201600000,0.092550,0.092560,0.092150,0.092400,94920693,1773202499999,8762286.012630,15227,39954932,3687783.942350,0
1773202500000,0.092400,0.093080,0.092250,0.092990,145985031,1773203399999,13539839.603390,16951,90181615,8362864.485530,0
1773203400000,0.092990,0.093090,0.092570,0.092820,121070858,1773204299999,11235346.678880,17379,68252192,6333037.384680,0
1773204300000,0.092810,0.093180,0.092750,0.093050,67374897,1773205199999,6265526.130770,15410,35654792,3315872.113170,0
1773205200000,0.093050,0.093120,0.092610,0.092620,48662353,1773206099999,4518407.134190,13072,18957045,1760716.214930,0
1773206100000,0.092630,0.092670,0.092310,0.092390,51384034,1773206999999,4750754.764920,11449,21138679,1954503.893440,0
1773207000000,0.092390,0.092460,0.091350,0.091640,184034067,1773207899999,16913474.847100,26735,61919904,5693503.034850,0
1773207900000,0.091640,0.091740,0.091470,0.091610,71584846,1773208799999,6558623.402000,14224,39875016,3653690.996850,0
1773208800000,0.091610,0.091880,0.091410,0.091660,80527789,1773209699999,7380751.480300,16171,35255441,3231660.718930,0
1773209700000,0.091650,0.091920,0.091540,0.091880,55183872,1773210599999,5064009.849260,11328,36360469,3336860.004470,0
1773210600000,0.091890,0.092180,0.091810,0.091900,50754732,1773211499999,4670767.467840,11619,29097002,2677953.525040,0
1773211500000,0.091900,0.092230,0.091700,0.091980,48743182,1773212399999,4479968.966420,10538,26227285,2411268.011210,0
1773212400000,0.091980,0.092320,0.091850,0.092210,65003909,1773213299999,5990510.989740,21692,34442784,3174536.286870,0
1773213300000,0.092220,0.092260,0.092060,0.092130,43423878,1773214199999,4001847.218860,9372,23195021,2137661.083460,0
1773214200000,0.092130,0.092150,0.091410,0.091710,114267436,1773215099999,10477123.632630,17294,49672615,4554405.570140,0
1773215100000,0.091710,0.091960,0.091680,0.091890,39128208,1773215999999,3592602.861700,8523,18612076,1709074.294690,0
1773216000000,0.091890,0.092020,0.091810,0.091950,54029889,1773216899999,4967416.178690,11488,30227678,2779240.177830,0
1773216900000,0.091950,0.092000,0.091710,0.091720,60822004,1773217799999,5586616.343340,10366,30422280,2794167.855650,0
1773217800000,0.091710,0.092340,0.091650,0.092020,80742272,1773218699999,7432055.463840,13895,39949280,3676842.974770,0
1773218700000,0.092020,0.092080,0.091850,0.092020,28414456,1773219599999,2612979.967060,8452,14483465,1332048.352710,0
1773219600000,0.092020,0.092030,0.091750,0.091760,23108096,1773220499999,2123036.918090,8107,9279725,852540.205340,0
1773220500000,0.091760,0.092050,0.091700,0.091880,30512871,1773221399999,2803867.926390,6448,17827880,1638157.891230,0
1773221400000,0.091870,0.092090,0.091740,0.091860,34442441,1773222299999,3164902.736450,7825,16046014,1474685.756220,0
1773222300000,0.091860,0.091990,0.091470,0.091630,75897138,1773223199999,6960932.819710,10900,34896720,3200400.188930,0
1773223200000,0.091630,0.091850,0.091540,0.091840,41595671,1773224099999,3814392.630860,10719,20763611,1904102.321030,0
1773224100000,0.091850,0.091900,0.091700,0.091770,25698076,1773224999999,2359209.637810,6526,10768194,988504.430860,0
1773225000000,0.091770,0.092190,0.091750,0.092140,59016129,1773225899999,5429225.635550,9667,34632235,3185862.176900,0
1773225900000,0.092140,0.092210,0.092010,0.092170,32020325,1773226799999,2949554.949340,6517,17159881,1580666.003890,0
1773226800000,0.092170,0.092250,0.091980,0.092240,30142618,1773227699999,2776459.008020,10812,14953302,1377410.196190,0
1773227700000,0.092250,0.092350,0.091830,0.091980,56081098,1773228599999,5163277.410290,9456,19475168,1794151.479870,0
1773228600000,0.091990,0.092170,0.091750,0.091880,42064017,1773229499999,3868903.964480,8548,17650454,1624091.615640,0
1773229500000,0.091890,0.092060,0.091820,0.091900,48142766,1773230399999,4425420.577480,9461,20309776,1867175.923820,0
1773230400000,0.091900,0.092130,0.091660,0.092050,69040847,1773231299999,6343129.770780,11951,31378486,2883776.809800,0
1773231300000,0.092040,0.092820,0.092030,0.092750,118854610,1773232199999,10994704.051760,17665,67554795,6248408.050120,0
1773232200000,0.092760,0.093440,0.092250,0.092390,214803943,1773233099999,19928772.521750,32091,99375840,9221130.858260,0
1773233100000,0.092400,0.092650,0.092260,0.092420,54949778,1773233999999,5078908.601090,10660,29444009,2722064.502940,0
1773234000000,0.092420,0.093920,0.092360,0.093490,207529154,1773234899999,19357742.454660,24186,131151665,12241754.019760,0
1773234900000,0.093480,0.094020,0.093190,0.093400,293636504,1773235799999,27470757.319290,38605,173471317,16232565.576680,0
1773235800000,0.093410,0.094770,0.093410,0.093570,326755225,1773236699999,30782102.875680,56491,159083174,14986636.043070,0
1773236700000,0.093580,0.093850,0.092550,0.093060,304142197,1773237599999,28304050.100440,48363,131742637,12259641.010210,0
1773237600000,0.093060,0.093600,0.092610,0.092960,147216301,1773238499999,13711378.123700,38678,73029079,6803025.850970,0
1773238500000,0.092960,0.093820,0.092910,0.093620,122344085,1773239399999,11426448.602700,28939,63517826,5933298.536910,0
1773239400000,0.093620,0.094010,0.093200,0.093910,104868194,1773240299999,9827155.406580,27142,51262835,4804039.754340,0
1773240300000,0.093910,0.094210,0.093280,0.093410,90841067,1773241199999,8509414.850090,21181,34924673,3272850.422950,0
1773241200000,0.093410,0.093500,0.092200,0.092390,187754902,1773242099999,17405608.093200,32682,80501893,7463457.823140,0
1773242100000,0.092390,0.092650,0.092180,0.092220,110238177,1773242999999,10181662.950250,20251,53297700,4923780.396600,0
1773243000000,0.092230,0.092240,0.091050,0.091840,278584884,1773243899999,25533658.461460,39007,122221883,11207005.249600,0
1773243900000,0.091850,0.092450,0.091760,0.092310,102610733,1773244799999,9452410.192950,20841,57872583,5329758.599250,0
1773244800000,0.092310,0.092640,0.092170,0.092620,79693298,1773245699999,7367259.820620,22050,45277807,4186102.475010,0
1773245700000,0.092620,0.092960,0.092400,0.092530,95041375,1773246599999,8805774.641660,18198,40358004,3738434.167940,0
1773246600000,0.092530,0.093010,0.092470,0.092940,79942969,1773247499999,7414866.280550,18374,36076592,3346868.661710,0
1773247500000,0.092950,0.093090,0.092660,0.092940,67537223,1773248399999,6273798.248300,14829,30668438,2848878.143650,0
1773248400000,0.092940,0.093680,0.092940,0.093380,97571872,1773249299999,9112934.242070,20739,48091705,4490358.705590,0
1773249300000,0.093380,0.094150,0.093360,0.093810,94355367,1773250199999,8852317.608930,20384,52616199,4936250.852620,0
1773250200000,0.093810,0.093950,0.092650,0.093580,163287023,1773251099999,15237485.222130,32193,78334729,7309935.348100,0
1773251100000,0.093580,0.093900,0.093400,0.093610,84404520,1773251999999,7904290.220790,18310,45811924,4290343.041470,0
1773252000000,0.093610,0.094000,0.093610,0.093930,44672810,1773252899999,4189963.602710,14512,22750486,2133872.317560,0
1773252900000,0.093920,0.094370,0.093840,0.094120,90142686,1773253799999,8481853.418130,15274,45267574,4260442.076730,0
1773253800000,0.094110,0.094290,0.093830,0.093950,64437320,1773254699999,6058799.125490,12763,25338364,2383019.797520,0
1773254700000,0.093950,0.094560,0.093880,0.094310,49365276,1773255599999,4654479.348050,11404,25780691,2430574.995260,0
1773255600000,0.094310,0.094510,0.094110,0.094300,66948571,1773256499999,6315231.809460,13560,40565624,3826669.698450,0
1773256500000,0.094310,0.094310,0.093920,0.093970,43188055,1773257399999,4061956.206240,8834,18205399,1711970.009940,0
1773257400000,0.093960,0.094110,0.093740,0.093850,28375992,1773258299999,2665054.684230,8941,12966991,1218057.356720,0
1773258300000,0.093860,0.093870,0.093680,0.093780,21493834,1773259199999,2015335.137340,7246,11813778,1107735.588630,0
1773259200000,0.093780,0.093810,0.093460,0.093550,32414933,1773260099999,3033930.902510,9483,13971293,1307799.349960,0
1773260100000,0.093550,0.093700,0.093310,0.093420,25157078,1773260999999,2351687.143750,6767,12258863,1146096.732580,0
1773261000000,0.093420,0.093520,0.093310,0.093480,16279320,1773261899999,1521176.204230,5415,9006761,841600.583530,0
1773261900000,0.093480,0.093730,0.093230,0.093600,34448779,1773262799999,3220806.870410,7270,18198985,1701907.552760,0
1773262800000,0.093600,0.093820,0.093570,0.093670,47600728,1773263699999,4460561.699380,9109,26100341,2445621.949330,0
1773263700000,0.093670,0.093730,0.093450,0.093490,13280541,1773264599999,1243274.633810,4176,6099119,571082.756030,0
1773264600000,0.093490,0.093720,0.093480,0.093610,13191665,1773265499999,1234990.132640,4742,6992190,654602.450140,0
1773265500000,0.093610,0.093800,0.093590,0.093650,18846171,1773266399999,1766000.899840,5439,11050542,1035492.699610,0
1773266400000,0.093650,0.094190,0.093610,0.093960,48122576,1773267299999,4516395.922150,12579,24736492,2321373.612230,0
1773267300000,0.093960,0.093980,0.093540,0.093630,37280824,1773268199999,3494294.439080,8878,16758555,1570542.259780,0
1773268200000,0.093620,0.093720,0.093410,0.093490,23867510,1773269099999,2232858.423560,7681,12859640,1203085.701370,0
1773269100000,0.093480,0.093690,0.093290,0.093410,27762216,1773269999999,2595101.579830,7295,9092431,850123.871800,0
1773270000000,0.093410,0.093740,0.093400,0.093480,27255950,1773270899999,2550683.024330,8029,15249446,1427172.278020,0
1773270900000,0.093470,0.093470,0.093030,0.093190,39883907,1773271799999,3717594.188980,8965,19328877,1801535.491350,0
1773271800000,0.093180,0.093330,0.093050,0.093090,26932006,1773272699999,2509201.965880,7519,11496860,1071182.091140,0
1773272700000,0.093100,0.093120,0.092720,0.092830,64074254,1773273599999,5950747.287900,10829,24009843,2229528.108380,0
1773273600000,0.092830,0.092990,0.092680,0.092850,43114461,1773274499999,4002666.064780,10781,25074980,2327614.795390,0
1773274500000,0.092860,0.092940,0.092320,0.092640,58858474,1773275399999,5451947.091430,12218,25686613,2380840.826480,0
1773275400000,0.092640,0.092890,0.092510,0.092810,29395952,1773276299999,2724789.971400,8596,17453407,1617887.715510,0
1773276300000,0.092810,0.092860,0.092630,0.092670,24038561,1773277199999,2229492.839140,6386,10409163,965423.511310,0
1773277200000,0.092670,0.092680,0.092080,0.092390,69009191,1773278099999,6371684.162810,15163,31734764,2930201.042720,0
1773278100000,0.092390,0.092500,0.092330,0.092390,19227188,1773278999999,1776934.334600,6883,9735426,899743.799050,0
1773279000000,0.092390,0.092500,0.092110,0.092470,28836505,1773279899999,2660747.136200,8294,14825877,1368163.758540,0
1773279900000,0.092470,0.092500,0.092140,0.092290,30422258,1773280799999,2807206.885170,6940,12917451,1191990.106700,0
1773280800000,0.092290,0.092500,0.092150,0.092400,33180509,1773281699999,3064291.596860,9378,18735604,1730341.068460,0
1773281700000,0.092390,0.092420,0.091910,0.092080,59983304,1773282599999,5526709.476590,10416,23032461,2122644.913510,0
1773282600000,0.092080,0.092230,0.091840,0.092010,64925838,1773283499999,5972887.395720,12432,31208726,2871370.317390,0
1773283500000,0.092020,0.092060,0.091730,0.091830,54173522,1773284399999,4977002.290750,10839,24478079,2248819.610640,0
1773284400000,0.091830,0.091980,0.091780,0.091920,34510508,1773285299999,3171025.764810,9092,17885625,1643543.915630,0
1773285300000,0.091920,0.092240,0.091830,0.092200,50222706,1773286199999,4624559.189200,8482,29976576,2760263.906210,0
1773286200000,0.092210,0.092500,0.092130,0.092310,55238522,1773287099999,5101460.905870,9595,28470677,2629204.983960,0
1773287100000,0.092300,0.092300,0.091810,0.092080,52532108,1773287999999,4834310.594500,9617,18232202,1677186.168040,0
1773288000000,0.092080,0.092300,0.092080,0.092160,38843990,1773288899999,3582382.595300,9329,17394231,1604247.781160,0
1773288900000,0.092150,0.092310,0.092100,0.092100,18725708,1773289799999,1726722.294800,5806,10358146,955193.369210,0
1773289800000,0.092100,0.092150,0.091940,0.092100,33387621,1773290699999,3073922.936000,6860,17448664,1606356.334900,0
1773290700000,0.092100,0.092160,0.091870,0.091920,24603781,1773291599999,2262925.795710,5158,8541305,785721.594390,0
1773291600000,0.091920,0.092160,0.091850,0.091870,24846740,1773292499999,2285611.679340,8115,10499314,965956.026790,0
1773292500000,0.091870,0.092070,0.091810,0.091910,25327444,1773293399999,2328021.609950,6908,12356297,1135775.911750,0
1773293400000,0.091910,0.092150,0.091900,0.092100,25747087,1773294299999,2369091.198740,6590,12176186,1120291.652310,0
1773294300000,0.092100,0.092110,0.091900,0.091970,17545509,1773295199999,1613819.449330,5016,7335737,674769.976450,0
1773295200000,0.091970,0.092000,0.091720,0.091860,40433376,1773296099999,3713277.651510,9693,18474621,1696568.787180,0
1773296100000,0.091850,0.092010,0.091790,0.091960,29252858,1773296999999,2688117.401660,7645,15864452,1457825.927210,0
1773297000000,0.091970,0.092090,0.091880,0.092080,21839504,1773297899999,2008605.198150,5698,13852702,1274155.188060,0
1773297900000,0.092070,0.092110,0.091970,0.091980,24434546,1773298799999,2248993.290410,4787,11029948,1015196.714010,0
1773298800000,0.091980,0.092060,0.091800,0.091910,42694258,1773299699999,3924719.520740,8778,18966913,1743997.697060,0
1773299700000,0.091920,0.092410,0.091900,0.092320,49573258,1773300599999,4570329.071610,9200,30153951,2779694.162520,0
1773300600000,0.092320,0.092750,0.092300,0.092560,89620937,1773301499999,8299188.980220,14026,50154990,4644302.985100,0
1773301500000,0.092550,0.092930,0.092520,0.092830,82068156,1773302399999,7610950.427630,11484,42339892,3925710.848570,0
1773302400000,0.092830,0.093030,0.092460,0.092590,74474191,1773303299999,6907543.743580,14421,37000802,3432376.077300,0
1773303300000,0.092590,0.093230,0.092550,0.092880,89449188,1773304199999,8317982.083070,15448,41076987,3818620.479230,0
1773304200000,0.092880,0.093040,0.092650,0.092860,45631657,1773305099999,4237398.736260,9402,21514726,1998022.953710,0
1773305100000,0.092860,0.092900,0.092710,0.092850,40399788,1773305999999,3749046.600320,7129,23762919,2205087.937110,0
1773306000000,0.092850,0.092970,0.092570,0.092620,50221811,1773306899999,4657761.690590,9626,18441921,1710672.500850,0
1773306900000,0.092620,0.092620,0.092330,0.092400,66062319,1773307799999,6108212.926280,9922,28949320,2676873.161950,0
1773307800000,0.092410,0.093470,0.092370,0.093360,68725323,1773308699999,6380502.268740,12696,44480199,4129328.648630,0
1773308700000,0.093360,0.093570,0.092750,0.093020,68178539,1773309599999,6348754.907590,14631,29641667,2759096.759320,0
1773309600000,0.093020,0.093340,0.092870,0.093200,55895140,1773310499999,5203544.385610,11552,32238172,3001801.109690,0
1773310500000,0.093210,0.093690,0.093170,0.093540,72831358,1773311399999,6811097.719790,13052,43760867,4092406.433730,0
1773311400000,0.093550,0.094360,0.093490,0.094130,100716571,1773312299999,9459751.682370,20235,52927667,4971562.821490,0
1773312300000,0.094140,0.094460,0.094040,0.094260,94364994,1773313199999,8893690.390760,16513,44595078,4203227.641850,0
1773313200000,0.094260,0.094450,0.094040,0.094340,69278815,1773314099999,6528076.637050,15218,34285564,3230811.893460,0
1773314100000,0.094350,0.094570,0.094110,0.094360,62440881,1773314999999,5893999.584000,12304,28018298,2644613.532640,0
1773315000000,0.094360,0.095100,0.094350,0.095030,99555789,1773315899999,9434477.942230,18375,52064940,4933951.626400,0
1773315900000,0.095030,0.095170,0.094330,0.094630,110277388,1773316799999,10442720.935360,18944,53547333,5070939.571410,0
1773316800000,0.094630,0.095230,0.094520,0.095030,141525348,1773317699999,13433797.403190,23986,67048815,6363444.658610,0
1773317700000,0.095030,0.095800,0.094870,0.095630,210934127,1773318599999,20143398.367310,29721,114438079,10926679.302170,0
1773318600000,0.095630,0.095780,0.095290,0.095310,81399260,1773319499999,7775873.534730,16925,35593837,3400132.557480,0
1773319500000,0.095310,0.095600,0.094600,0.095080,162066798,1773320399999,15409875.100730,23847,67404626,6411218.536490,0
1773320400000,0.095080,0.095230,0.094740,0.094780,69814577,1773321299999,6629969.620270,16278,33160033,3149962.141080,0
1773321300000,0.094780,0.094860,0.093930,0.094440,177431530,1773322199999,16751617.816820,28413,81658152,7709512.953040,0
1773322200000,0.094440,0.095580,0.094130,0.094810,219672709,1773323099999,20844975.802670,44877,112962109,10725904.536380,0
1773323100000,0.094800,0.095010,0.094090,0.094840,183311341,1773323999999,17328894.145570,37454,94040163,8893890.553890,0
1773324000000,0.094840,0.095600,0.094820,0.095230,161430735,1773324899999,15367949.019970,39563,97541931,9286025.088710,0
1773324900000,0.095240,0.095780,0.094350,0.094450,170764552,1773325799999,16207869.488100,37439,83889117,7972297.772790,0
1773325800000,0.094460,0.094520,0.093440,0.093800,216784342,1773326699999,20353581.229160,44438,102501362,9622897.016390,0
1773326700000,0.093800,0.094190,0.093220,0.093650,161103383,1773327599999,15081033.866560,35368,82251056,7700105.703050,0
1773327600000,0.093650,0.094150,0.093080,0.093800,136456328,1773328499999,12788859.113880,34220,64934365,6085482.569920,0
1773328500000,0.093800,0.094720,0.093530,0.094290,130662241,1773329399999,12301276.731050,29338,68930423,6487710.065700,0
1773329400000,0.094290,0.094550,0.093880,0.094210,99127280,1773330299999,9338639.692300,28962,45305745,4269180.949390,0
1773330300000,0.094200,0.094430,0.093820,0.094050,78399045,1773331199999,7380460.882530,19114,34057707,3206547.702870,0
1773331200000,0.094050,0.094330,0.093260,0.093620,128945546,1773332099999,12081347.452650,27680,57963325,5432822.257650,0
1773332100000,0.093620,0.094550,0.093570,0.093820,120255105,1773332999999,11324753.637330,24294,50580719,4760318.342470,0
1773333000000,0.093810,0.094780,0.093750,0.094620,85458889,1773333899999,8071436.917040,22105,45070847,4255178.677590,0
1773333900000,0.094620,0.094850,0.094310,0.094680,56253196,1773334799999,5322716.111790,15802,29496821,2791499.149240,0
1773334800000,0.094680,0.094880,0.094440,0.094630,43555080,1773335699999,4123908.886530,14595,21335491,2020236.483880,0
1773335700000,0.094620,0.094690,0.094110,0.094240,104694874,1773336599999,9883535.395870,17795,61796104,5833838.055450,0
1773336600000,0.094230,0.094730,0.094210,0.094590,54243388,1773337499999,5126152.620930,12775,26588914,2512894.045900,0
1773337500000,0.094600,0.094750,0.094070,0.094310,58534191,1773338399999,5526343.672660,14996,30913499,2917672.493550,0
1773338400000,0.094310,0.094470,0.094090,0.094180,46822178,1773339299999,4412213.988650,13323,21751108,2049497.490040,0
1773339300000,0.094190,0.094390,0.093790,0.094080,44783382,1773340199999,4211825.607640,12464,23131715,2175589.476060,0
1773340200000,0.094070,0.094260,0.093860,0.093920,31818623,1773341099999,2993933.810070,9470,16006545,1506350.448890,0
1773341100000,0.093910,0.094030,0.093720,0.093780,34816646,1773341999999,3268617.843350,9249,19501764,1830889.144380,0
1773342000000,0.093780,0.094130,0.093640,0.093960,38174879,1773342899999,3585120.065830,13714,22146740,2079784.164640,0
1773342900000,0.093960,0.094480,0.093960,0.094350,51681944,1773343799999,4872389.863690,12735,24853288,2343062.694020,0
1773343800000,0.094350,0.094680,0.094200,0.094330,58468288,1773344699999,5521490.192490,13805,23361107,2206997.730140,0
1773344700000,0.094330,0.094530,0.094170,0.094380,36369423,1773345599999,3432138.165820,11247,18417435,1738136.420710,0
1773345600000,0.094380,0.094560,0.094290,0.094380,27015480,1773346499999,2551116.224470,9524,13362418,1262018.543380,0
1773346500000,0.094370,0.094420,0.094090,0.094100,24458261,1773347399999,2305251.412100,7018,11128331,1048966.395470,0
1773347400000,0.094100,0.094300,0.093990,0.094250,39024979,1773348299999,3674660.798390,7451,25499453,2401072.341900,0
1773348300000,0.094250,0.094290,0.094020,0.094070,21525002,1773349199999,2026708.646660,5419,9357035,880992.882590,0
1773349200000,0.094070,0.094460,0.094070,0.094310,20478272,1773350099999,1930932.478760,5704,8314967,784007.245640,0
1773350100000,0.094320,0.094350,0.094040,0.094160,19012499,1773350999999,1790963.376200,4303,7132065,671730.607660,0
1773351000000,0.094170,0.094230,0.094060,0.094180,16181945,1773351899999,1523301.553750,3933,8522928,802340.861060,0
1773351900000,0.094180,0.094720,0.094160,0.094640,28309296,1773352799999,2674513.117980,6778,14627705,1382127.118170,0
1773352800000,0.094640,0.094820,0.094540,0.094810,41593914,1773353699999,3939671.105550,10531,21198804,2008040.750040,0
1773353700000,0.094810,0.094820,0.094460,0.094600,31042432,1773354599999,2936918.541050,6657,13939000,1318593.833620,0
1773354600000,0.094600,0.094600,0.094400,0.094410,19649604,1773355499999,1857124.161130,5613,9475454,895599.370460,0
1773355500000,0.094410,0.094460,0.094210,0.094360,34188589,1773356399999,3224560.123790,6954,17790355,1677951.746930,0
1773356400000,0.094360,0.095300,0.094350,0.095070,126338320,1773357299999,11998509.720000,19906,79955805,7592553.740430,0
1773357300000,0.095070,0.095280,0.094790,0.094940,66965011,1773358199999,6365890.584460,13199,31871177,3029873.335470,0
1773358200000,0.094940,0.094970,0.094560,0.094730,37038518,1773359099999,3509817.309540,7962,14325137,1357743.510620,0
1773359100000,0.094730,0.094850,0.094590,0.094690,26758345,1773359999999,2534980.930050,6219,11510471,1090598.847660,0
1773360000000,0.094690,0.095410,0.094490,0.095400,74562579,1773360899999,7077603.461600,17503,38163290,3622770.815490,0
1773360900000,0.095400,0.097420,0.095380,0.096880,405971962,1773361799999,39190495.607440,70794,219243222,21164367.350860,0
1773361800000,0.096890,0.098040,0.096740,0.096790,264796870,1773362699999,25818789.923180,57597,133683859,13037078.617790,0
1773362700000,0.096790,0.096980,0.096330,0.096780,182576824,1773363599999,17636196.496670,33325,97392306,9408136.127760,0
1773363600000,0.096780,0.097110,0.096580,0.096800,95017492,1773364499999,9202227.042050,23856,47346942,4585973.512330,0
1773364500000,0.096800,0.097090,0.096520,0.096770,68298066,1773365399999,6609139.409570,18716,35395724,3425419.720360,0
1773365400000,0.096770,0.097050,0.096220,0.096970,77486172,1773366299999,7485823.354340,21877,34846964,3367571.223890,0
1773366300000,0.096970,0.097160,0.096910,0.097040,54669881,1773367199999,5303551.019120,13405,30565144,2965192.905900,0
1773367200000,0.097040,0.097150,0.096510,0.096660,97182153,1773368099999,9399785.698340,16142,38689238,3743945.668970,0
1773368100000,0.096660,0.096720,0.096050,0.096250,110335251,1773368999999,10623396.538420,16770,35717168,3438893.646180,0
1773369000000,0.096260,0.096290,0.095680,0.095890,132722132,1773369899999,12739635.896900,21409,65175523,6257498.248300,0
1773369900000,0.095900,0.096080,0.095660,0.095920,66346482,1773370799999,6360712.817960,16587,27754762,2661193.676040,0
1773370800000,0.095920,0.096360,0.095880,0.096160,69670555,1773371699999,6695478.732120,14760,44001126,4229042.289220,0
1773371700000,0.096150,0.096390,0.095960,0.096080,45223570,1773372599999,4352270.799400,10603,25941294,2497140.042470,0
1773372600000,0.096080,0.096300,0.095910,0.096090,31215572,1773373499999,2998764.558750,9626,11800863,1133898.049160,0
1773373500000,0.096090,0.096940,0.096050,0.096720,74002842,1773374399999,7143775.049170,14263,44678281,4313107.215780,0
1773374400000,0.096720,0.096780,0.096380,0.096420,60039856,1773375299999,5799295.263980,13583,24984753,2413487.733040,0
1773375300000,0.096410,0.096480,0.096200,0.096260,38008680,1773376199999,3661763.452280,8791,20555982,1980435.011050,0
1773376200000,0.096260,0.096470,0.096110,0.096420,44392837,1773377099999,4275535.547800,8211,29008399,2794452.657050,0
1773377100000,0.096410,0.096530,0.096120,0.096180,42759512,1773377999999,4116509.965980,6034,9718444,935927.094520,0
1773378000000,0.096180,0.096190,0.095710,0.095850,94580783,1773378899999,9073229.071520,14867,47684793,4575746.974560,0
1773378900000,0.095850,0.096340,0.095850,0.096300,71987081,1773379799999,6922225.884300,10525,33846189,3254455.056550,0
1773379800000,0.096290,0.096840,0.096220,0.096680,77143230,1773380699999,7456600.147800,12938,46422469,4487424.288680,0
1773380700000,0.096680,0.096760,0.096440,0.096460,34991420,1773381599999,3379307.507150,8723,17347876,1675491.345320,0
1773381600000,0.096460,0.096700,0.096340,0.096380,45559902,1773382499999,4395830.823300,11597,21449279,2069664.865490,0
1773382500000,0.096380,0.096600,0.096030,0.096120,36619282,1773383399999,3528003.680470,10044,17691850,1704832.905110,0
1773383400000,0.096110,0.096510,0.096030,0.096410,51885932,1773384299999,4994950.861200,11733,32512540,3129842.198460,0
1773384300000,0.096410,0.096730,0.096200,0.096570,43938707,1773385199999,4240380.450220,9887,25751218,2484950.158570,0
1773385200000,0.096570,0.096700,0.096340,0.096460,55791105,1773386099999,5382700.689600,15107,30438633,2936490.183060,0
1773386100000,0.096470,0.096650,0.096380,0.096540,35956693,1773386999999,3469195.036440,7905,18194680,1755558.129820,0
1773387000000,0.096540,0.096650,0.096210,0.096410,55079369,1773387899999,5309750.350130,11146,30073363,2899060.303890,0
1773387900000,0.096420,0.096600,0.096270,0.096450,38200486,1773388799999,3682898.818750,10062,16899124,1629254.782530,0
1773388800000,0.096450,0.096510,0.096020,0.096180,53209020,1773389699999,5123348.408830,13416,25015543,2408912.481350,0
1773389700000,0.096180,0.096510,0.096130,0.096440,43932687,1773390599999,4233635.405570,10241,20816292,2005932.179240,0
1773390600000,0.096440,0.097680,0.096440,0.097470,197517514,1773391499999,19202792.948010,33426,119898802,11661684.116930,0
1773391500000,0.097480,0.097570,0.096960,0.097290,88141895,1773392399999,8573102.244040,15593,34962933,3400752.793130,0
1773392400000,0.097290,0.097660,0.097270,0.097510,59999097,1773393299999,5850594.676280,16186,31989940,3119170.155180,0
1773393300000,0.097510,0.097780,0.097140,0.097660,60744161,1773394199999,5925279.096850,14995,32704658,3190630.744860,0
1773394200000,0.097670,0.098620,0.097640,0.098460,128191003,1773395099999,12580947.045720,25557,85274940,8369639.431320,0
1773395100000,0.098460,0.099130,0.098420,0.098570,206090296,1773395999999,20348513.514490,34397,116332141,11488259.028880,0
1773396000000,0.098570,0.099200,0.098510,0.098630,120348799,1773396899999,11894003.448230,27128,71985059,7114581.122320,0
1773396900000,0.098640,0.099130,0.098440,0.098630,99006740,1773397799999,9773860.285620,21892,54386692,5370292.826210,0
1773397800000,0.098630,0.099090,0.098610,0.098960,81247302,1773398699999,8034904.689970,22336,37464567,3704471.277880,0
1773398700000,0.098960,0.099500,0.098860,0.098970,83195298,1773399599999,8252919.729510,23164,45206553,4485924.066100,0
1773399600000,0.098970,0.099780,0.098920,0.099550,131719760,1773400499999,13092539.558160,32184,69736756,6932684.754710,0
1773400500000,0.099550,0.099880,0.099220,0.099680,131309696,1773401399999,13078582.918720,26602,76778709,7648677.157480,0
1773401400000,0.099690,0.099960,0.099520,0.099840,114952127,1773402299999,11465704.323860,24819,57371164,5724439.668970,0
1773402300000,0.099840,0.100380,0.099380,0.100000,202976121,1773403199999,20285304.422760,41511,107896588,10783248.532980,0
1773403200000,0.100000,0.100940,0.099350,0.099630,245569210,1773404099999,24616772.995240,52289,121418709,12177420.727210,0
1773404100000,0.099640,0.100460,0.099470,0.100100,127751676,1773404999999,12770212.197900,30163,72117562,7210106.189030,0
1773405000000,0.100100,0.101380,0.100050,0.100880,197412190,1773405899999,19918159.106050,54649,109518223,11048525.814500,0
1773405900000,0.100880,0.101990,0.100470,0.100650,225453809,1773406799999,22833133.165670,53993,101139404,10249710.701340,0
1773406800000,0.100650,0.100850,0.099840,0.099860,174394633,1773407699999,17503559.448040,40176,68184438,6846852.703630,0
1773407700000,0.099860,0.101030,0.099520,0.100140,256171816,1773408599999,25694210.842030,55451,141564671,14201893.381540,0
1773408600000,0.100140,0.100860,0.100070,0.100670,144635364,1773409499999,14533226.636010,39638,75301160,7566552.406480,0
1773409500000,0.100680,0.101160,0.100080,0.100340,168553932,1773410399999,16957583.742250,37059,87642159,8823753.331840,0
1773410400000,0.100340,0.100720,0.099760,0.100190,121332737,1773411299999,12152642.027090,39042,62527936,6263263.750270,0
1773411300000,0.100190,0.100500,0.099780,0.099790,91126488,1773412199999,9124171.706990,32172,44282402,4435220.026690,0
1773412200000,0.099800,0.100080,0.098610,0.098680,282230853,1773413099999,28029672.854750,60046,108210148,10751888.278920,0
1773413100000,0.098680,0.098710,0.097290,0.097760,445527804,1773413999999,43646214.106020,85053,202007713,19786698.416970,0
1773414000000,0.097760,0.098620,0.097530,0.098550,213843156,1773414899999,20975084.686240,48050,115352802,11315154.372800,0
1773414900000,0.098560,0.098890,0.098220,0.098350,124937480,1773415799999,12308650.101430,27229,53115694,5234440.705990,0
1773415800000,0.098350,0.098700,0.097660,0.098080,174445068,1773416699999,17115893.227070,34695,85473594,8386599.209570,0
1773416700000,0.098080,0.098700,0.097590,0.097930,154458789,1773417599999,15161904.431370,32389,84586340,8301134.091030,0
1773417600000,0.097930,0.098440,0.097740,0.098310,155078597,1773418499999,15219980.359330,42833,86562275,8496357.317570,0
1773418500000,0.098320,0.098360,0.097340,0.097710,201382324,1773419399999,19704099.362630,39364,115594701,11314420.200290,0
1773419400000,0.097700,0.098190,0.097670,0.098120,79497735,1773420299999,7791571.714510,24325,46011708,4509239.269590,0
1773420300000,0.098120,0.098320,0.097650,0.097690,81688580,1773421199999,8008696.063120,18659,35204501,3452776.641370,0
1773421200000,0.097690,0.097720,0.097300,0.097530,86091823,1773422099999,8395252.370740,21888,40359000,3936085.262330,0
1773422100000,0.097520,0.097690,0.096670,0.096890,176128160,1773422999999,17109140.661980,34104,86361560,8392686.356100,0
1773423000000,0.096880,0.096890,0.096160,0.096350,156600390,1773423899999,15112866.221740,32124,62251773,6009168.858640,0
1773423900000,0.096350,0.096390,0.095600,0.096070,190630838,1773424799999,18292751.760740,35514,94234466,9044859.991330,0
1773424800000,0.096070,0.096330,0.095910,0.096300,77579129,1773425699999,7457867.905140,20962,48011573,4616396.043560,0
1773425700000,0.096290,0.096360,0.095630,0.096220,82757075,1773426599999,7948608.751860,18734,50154486,4818710.926280,0
1773426600000,0.096220,0.096300,0.096020,0.096100,38858877,1773427499999,3737268.115100,12170,19674179,1892206.534610,0
1773427500000,0.096090,0.096120,0.095680,0.095810,37076873,1773428399999,3554948.507600,11103,19891732,1907344.653790,0
1773428400000,0.095810,0.095950,0.095310,0.095880,121210780,1773429299999,11591137.991420,19768,50687654,4850981.094020,0
1773429300000,0.095880,0.095980,0.095630,0.095660,39595320,1773430199999,3793467.262360,11347,21858332,2094522.561410,0
1773430200000,0.095670,0.095920,0.095670,0.095900,24812825,1773431099999,2377702.466250,9831,15218544,1458278.160870,0
1773431100000,0.095900,0.096160,0.095870,0.096000,50622529,1773431999999,4861682.139810,11258,31341325,3009647.329860,0
1773432000000,0.096000,0.096430,0.095880,0.096420,48982906,1773432899999,4708093.739610,11613,23549429,2264504.525710,0
1773432900000,0.096420,0.096490,0.096220,0.096300,46676088,1773433799999,4497036.533800,10042,15966619,1538565.982880,0
1773433800000,0.096310,0.096410,0.096260,0.096410,15002715,1773434699999,1445601.860760,5405,7876930,759043.770160,0
1773434700000,0.096410,0.096500,0.096280,0.096490,21261453,1773435599999,2049577.412990,6094,11462494,1105055.411080,0
1773435600000,0.096490,0.096760,0.096430,0.096640,39018926,1773436499999,3770002.051570,10616,21018445,2030769.711710,0
1773436500000,0.096630,0.096640,0.096140,0.096190,55658799,1773437399999,5363625.659400,9428,20906404,2014839.269140,0
1773437400000,0.096190,0.096360,0.095880,0.096140,34293763,1773438299999,3295855.365080,8942,15144295,1455698.282540,0
1773438300000,0.096140,0.096360,0.096120,0.096180,17983929,1773439199999,1731068.751620,6218,8894611,856124.889870,0
1773439200000,0.096180,0.096250,0.095380,0.095940,86610495,1773440099999,8296054.988910,17514,28567682,2736457.784210,0
1773440100000,0.095940,0.095940,0.095540,0.095640,29119498,1773440999999,2786766.569460,10451,15911977,1522677.172440,0
1773441000000,0.095630,0.095910,0.095450,0.095840,33779501,1773441899999,3233148.422390,12147,21327986,2041544.548440,0
1773441900000,0.095840,0.096160,0.095650,0.095920,34965961,1773442799999,3353529.139440,10560,20508137,1967130.974920,0
1773442800000,0.095920,0.095940,0.095740,0.095810,30015112,1773443699999,2876733.081840,10382,17077986,1636986.034210,0
1773443700000,0.095810,0.096040,0.095780,0.095940,26962367,1773444599999,2586077.996480,7975,15725427,1508323.396050,0
1773444600000,0.095950,0.095970,0.095790,0.095840,16535775,1773445499999,1585213.351040,6439,8235270,789547.070910,0
1773445500000,0.095840,0.095960,0.095800,0.095910,32576527,1773446399999,3123652.879910,6221,14980768,1436489.541050,0
1773446400000,0.095910,0.095970,0.095620,0.095790,46765431,1773447299999,4479045.005270,10536,22979599,2201215.239980,0
1773447300000,0.095800,0.095900,0.095240,0.095740,66155038,1773448199999,6325932.756480,11133,23063910,2206086.312310,0
1773448200000,0.095730,0.095980,0.095240,0.095340,50666532,1773449099999,4845727.798410,11341,21496344,2057077.889140,0
1773449100000,0.095340,0.095470,0.095090,0.095360,70677079,1773449999999,6734691.567100,13612,37011854,3527485.436950,0
1773450000000,0.095360,0.095650,0.095330,0.095510,50912954,1773450899999,4861950.809520,11074,25419444,2427515.898460,0
1773450900000,0.095510,0.095780,0.095500,0.095610,58380386,1773451799999,5584751.730010,7920,21824663,2087563.428120,0
1773451800000,0.095620,0.095800,0.095250,0.095610,60287774,1773452699999,5760131.518280,11368,28470733,2720415.969800,0
1773452700000,0.095610,0.095750,0.095600,0.095660,33911569,1773453599999,3244668.975880,6775,16549900,1583645.360900,0
1773453600000,0.095660,0.095680,0.095510,0.095610,40339436,1773454499999,3856076.435940,8153,22615205,2161848.120760,0
1773454500000,0.095620,0.095640,0.095470,0.095540,18476676,1773455399999,1765689.420770,4914,9373733,895885.461320,0
1773455400000,0.095540,0.095590,0.095380,0.095470,24256289,1773456299999,2315896.410450,5111,10018883,956810.561030,0
1773456300000,0.095480,0.095850,0.095440,0.095770,24867823,1773457199999,2380447.383310,5890,15384026,1472691.680460,0
1773457200000,0.095770,0.095940,0.095550,0.095870,49902216,1773458099999,4777977.609860,9883,29389974,2814254.461740,0
1773458100000,0.095870,0.096060,0.095730,0.095850,51582838,1773458999999,4947118.280460,8698,29149732,2795917.620870,0
1773459000000,0.095860,0.096170,0.095860,0.096140,56988126,1773459899999,5475296.678290,9361,36502143,3506847.996110,0
1773459900000,0.096140,0.096200,0.095850,0.095980,36615977,1773460799999,3515222.133730,6622,18016237,1729550.483810,0
1773460800000,0.095990,0.096050,0.095780,0.095880,33679620,1773461699999,3230339.779880,7727,14211358,1363488.834860,0
1773461700000,0.095880,0.095950,0.095660,0.095940,23541255,1773462599999,2254249.209440,5982,11794118,1129544.339820,0
1773462600000,0.095940,0.096320,0.095910,0.096280,37587569,1773463499999,3614286.007900,7727,21580150,2075019.176440,0
1773463500000,0.096280,0.096390,0.095540,0.095690,62978368,1773464399999,6043067.686730,11133,20854811,2002281.080410,0
1773464400000,0.095690,0.095710,0.095370,0.095520,48668028,1773465299999,4649636.577690,10153,25449767,2431633.985520,0
1773465300000,0.095520,0.095760,0.095430,0.095650,26468535,1773466199999,2530451.554760,5945,18134775,1733932.806170,0
1773466200000,0.095650,0.095660,0.095280,0.095570,35224087,1773467099999,3363213.908010,7626,15577153,1487433.730500,0
1773467100000,0.095570,0.095680,0.095510,0.095640,18035962,1773467999999,1724493.553850,5040,10567289,1010402.657200,0
1773468000000,0.095630,0.095630,0.095300,0.095360,33906182,1773468899999,3234327.425910,7554,12834679,1224158.904660,0
1773468900000,0.095360,0.095370,0.094670,0.094870,130539887,1773469799999,12395085.403500,17879,40900912,3883979.116990,0
1773469800000,0.094870,0.094880,0.094170,0.094440,197270378,1773470699999,18643611.413300,25955,79405702,7506069.098060,0
1773470700000,0.094440,0.094740,0.094380,0.094700,48233083,1773471599999,4564103.065250,10716,28877206,2732415.530710,0
1773471600000,0.094710,0.094880,0.094640,0.094840,28323900,1773472499999,2684363.918710,7795,15408726,1460495.250910,0
1773472500000,0.094840,0.094870,0.094620,0.094810,34840585,1773473399999,3300946.176060,6718,21484342,2035364.921900,0
1773473400000,0.094820,0.094880,0.094510,0.094560,35309750,1773474299999,3343361.579480,7085,17599885,1667044.010460,0
1773474300000,0.094570,0.094670,0.094470,0.094570,30984060,1773475199999,2931028.649520,5238,13128119,1241811.793820,0
1773475200000,0.094570,0.094780,0.094470,0.094700,46086129,1773476099999,4360048.193690,8898,24478094,2316306.923100,0
1773476100000,0.094690,0.094770,0.094340,0.094500,54949415,1773476999999,5193149.400610,7257,17592357,1663069.002100,0
1773477000000,0.094500,0.094580,0.094330,0.094380,31862241,1773477899999,3009107.656240,7404,15363345,1450997.543710,0
1773477900000,0.094390,0.094500,0.094340,0.094400,22436425,1773478799999,2118386.187280,5304,11493769,1085233.810130,0
1773478800000,0.094410,0.094580,0.094360,0.094450,51650286,1773479699999,4879371.589550,7974,35337078,3338569.506960,0
1773479700000,0.094450,0.094470,0.094260,0.094450,25122573,1773480599999,2370901.679670,6189,12745977,1203019.156180,0
1773480600000,0.094440,0.094500,0.094330,0.094420,24076748,1773481499999,2273336.287080,5041,9203566,868939.447350,0
1773481500000,0.094420,0.094440,0.094090,0.094190,76527711,1773482399999,7207878.864590,10140,24295202,2288543.802780,0
1773482400000,0.094190,0.094270,0.094030,0.094220,36573772,1773483299999,3443473.688450,7921,21290405,2004675.577760,0
1773483300000,0.094230,0.094230,0.094050,0.094170,30794129,1773484199999,2898327.660720,5530,21642186,2037021.075290,0
1773484200000,0.094180,0.094180,0.093940,0.094160,45568572,1773485099999,4285581.126830,7737,21851744,2055197.145480,0
1773485100000,0.094160,0.094390,0.094160,0.094350,31349792,1773485999999,2955746.490430,5971,19930080,1878994.013160,0
1773486000000,0.094350,0.094950,0.094350,0.094660,132281209,1773486899999,12527585.724810,14781,88463965,8378603.037530,0
1773486900000,0.094660,0.094920,0.094660,0.094900,36428694,1773487799999,3453532.932380,7643,20396684,1933765.760390,0
1773487800000,0.094900,0.095280,0.094830,0.095220,55867681,1773488699999,5310266.517680,8546,33173754,3152924.095370,0
1773488700000,0.095220,0.095470,0.095160,0.095200,62114205,1773489599999,5919039.338940,9414,32781515,3124067.685970,0
1773489600000,0.095200,0.095270,0.094960,0.094990,50780438,1773490499999,4829845.592620,10220,21425169,2038041.624930,0
1773490500000,0.094990,0.095120,0.094910,0.094910,26667711,1773491399999,2533812.942020,5112,13857808,1316771.891000,0
1773491400000,0.094920,0.095000,0.094680,0.094700,37712719,1773492299999,3575472.043420,6689,12713768,1205551.905740,0
1773492300000,0.094690,0.094990,0.094690,0.094900,57334770,1773493199999,5439000.867700,6774,20610150,1954939.287830,0
1773493200000,0.094910,0.095160,0.094820,0.095130,55463337,1773494099999,5269784.767260,8607,37027568,3517973.521450,0
1773494100000,0.095140,0.095420,0.095140,0.095320,37731551,1773494999999,3595060.229090,7226,16096061,1533485.366160,0
1773495000000,0.095330,0.095400,0.095240,0.095330,22074709,1773495899999,2104199.318390,4923,12116237,1154971.466020,0
1773495900000,0.095340,0.095340,0.095130,0.095190,31467540,1773496799999,2996368.144060,5148,13521659,1287649.339140,0
1773496800000,0.095200,0.095610,0.095190,0.095370,47672763,1773497699999,4549380.939830,9798,26327485,2512191.106180,0
1773497700000,0.095370,0.095530,0.095230,0.095450,59517889,1773498599999,5678910.488350,8060,39417243,3761029.731100,0
1773498600000,0.095450,0.095500,0.094380,0.094490,128198778,1773499499999,12153900.864520,15834,42066836,3990488.080310,0
1773499500000,0.094490,0.094680,0.094480,0.094510,53671971,1773500399999,5076287.372180,7902,29448071,2784701.064660,0
1773500400000,0.094520,0.094760,0.094490,0.094630,41228659,1773501299999,3900607.505670,7972,22104266,2091391.689390,0
1773501300000,0.094630,0.094750,0.094560,0.094680,37806067,1773502199999,3578928.271030,6541,13558438,1283614.481710,0
1773502200000,0.094680,0.094890,0.094490,0.094710,39526077,1773503099999,3743406.885420,7135,24263529,2298766.307770,0
1773503100000,0.094710,0.094980,0.094710,0.094870,41814009,1773503999999,3965849.934280,6331,27249538,2584348.762870,0
1773504000000,0.094870,0.094880,0.094640,0.094850,26952567,1773504899999,2554137.222650,7290,12595631,1193710.364040,0
1773504900000,0.094860,0.095300,0.094850,0.095140,42685077,1773505799999,4059584.421390,8461,25103274,2387565.632190,0
1773505800000,0.095140,0.095450,0.095140,0.095190,33884334,1773506699999,3229822.404490,6917,20375879,1942393.722090,0
1773506700000,0.095200,0.095340,0.095060,0.095260,30049417,1773507599999,2861328.766740,5338,17944174,1708854.416480,0
1773507600000,0.095260,0.095270,0.094990,0.095070,20869115,1773508499999,1984479.410460,4734,7726925,734732.644650,0
1773508500000,0.095070,0.095110,0.094960,0.094990,12968459,1773509399999,1232299.468660,3166,4893699,465027.820740,0
1773509400000,0.095000,0.095000,0.094740,0.094800,28756568,1773510299999,2726980.663800,4994,14487987,1373755.693910,0
1773510300000,0.094810,0.094820,0.094600,0.094630,16427623,1773511199999,1555524.258300,4010,9080592,859856.323620,0
1773511200000,0.094630,0.094630,0.094460,0.094530,28253952,1773512099999,2671788.497530,6523,10735932,1015246.431960,0
1773512100000,0.094530,0.094600,0.094290,0.094440,34191649,1773512999999,3229638.697430,6350,11552232,1091491.986430,0
1773513000000,0.094450,0.094670,0.094430,0.094580,19152024,1773513899999,1811246.703900,4539,10977996,1038189.381040,0
1773513900000,0.094580,0.094750,0.094570,0.094630,15178733,1773514799999,1436567.647560,3657,9868224,933960.659150,0
1773514800000,0.094630,0.094640,0.094510,0.094600,12714394,1773515699999,1202367.504070,4535,5956245,563279.144510,0
1773515700000,0.094610,0.094740,0.094560,0.094580,11959082,1773516599999,1131738.563450,3555,6465947,611994.353930,0
1773516600000,0.094580,0.094720,0.094510,0.094700,11073768,1773517499999,1047377.222080,2922,5822962,550835.730950,0
1773517500000,0.094710,0.094750,0.094650,0.094730,8495289,1773518399999,804571.171520,3099,4548647,430811.812650,0
1773518400000,0.094730,0.094740,0.094550,0.094610,26935402,1773519299999,2549483.811650,5887,14048509,1329805.940340,0
1773519300000,0.094610,0.094750,0.094560,0.094660,8678572,1773520199999,821499.747720,3261,5360115,507419.071180,0
1773520200000,0.094660,0.094890,0.094650,0.094860,19246816,1773521099999,1823804.857170,5545,10497233,994839.016070,0
1773521100000,0.094850,0.094980,0.094730,0.094740,16149896,1773521999999,1531622.100200,4525,7536567,714795.713970,0
1773522000000,0.094740,0.094810,0.094610,0.094670,23591051,1773522899999,2234454.490950,5765,15554912,1473546.283520,0
1773522900000,0.094680,0.094860,0.094670,0.094750,19046870,1773523799999,1805372.766930,4101,7840444,743139.734880,0
1773523800000,0.094760,0.094840,0.094710,0.094790,10797264,1773524699999,1023328.551970,3454,5073582,480849.528530,0
1773524700000,0.094790,0.095090,0.094770,0.095010,15889664,1773525599999,1509358.131370,4507,10886452,1034131.975790,0
1773525600000,0.095010,0.095120,0.094920,0.094920,14987671,1773526499999,1424023.606740,5020,6548530,622209.342920,0
1773526500000,0.094920,0.095050,0.094850,0.094990,13413467,1773527399999,1273703.951190,3501,7530290,715172.938330,0
1773527400000,0.095000,0.095200,0.094990,0.095130,19076024,1773528299999,1814831.872380,3470,8049499,765653.592330,0
1773528300000,0.095140,0.095150,0.095010,0.095090,9773676,1773529199999,929233.477300,2972,5414942,514819.596810,0
1773529200000,0.095090,0.095880,0.095090,0.095640,100381984,1773530099999,9593281.809380,22627,66307076,6334282.278120,0
1773530100000,0.095640,0.095690,0.095350,0.095530,35328154,1773530999999,3373265.651510,7615,19877015,1897705.441560,0
1773531000000,0.095530,0.096000,0.095530,0.095930,29864391,1773531899999,2860631.006250,6867,20202082,1935149.369540,0
1773531900000,0.095930,0.096150,0.095730,0.095990,52037491,1773532799999,4993884.892780,8709,30691944,2945401.521690,0
1773532800000,0.095990,0.096130,0.095710,0.095830,58607595,1773533699999,5620133.101370,10002,25809368,2475244.708110,0
1773533700000,0.095830,0.096050,0.095600,0.095760,62886407,1773534599999,6023547.681890,9097,36209813,3467923.291400,0
1773534600000,0.095750,0.095800,0.095450,0.095580,45029372,1773535499999,4303259.817330,7432,25506207,2437320.897820,0
1773535500000,0.095580,0.095580,0.095340,0.095520,33844142,1773536399999,3230777.822160,6133,18791932,1793902.267680,0
1773536400000,0.095520,0.095850,0.095440,0.095710,43711255,1773537299999,4182973.791820,10417,20579633,1969311.638240,0
1773537300000,0.095710,0.095930,0.095530,0.095660,43703115,1773538199999,4183400.308830,6903,15020271,1437984.776350,0
1773538200000,0.095660,0.095670,0.095410,0.095550,26930509,1773539099999,2572471.059280,6297,8645540,825750.542660,0
1773539100000,0.095550,0.095680,0.095430,0.095510,19470567,1773539999999,1860740.237350,5430,8396139,802452.530970,0
1773540000000,0.095510,0.096290,0.095510,0.096240,123528431,1773540899999,11870083.820050,19068,69430796,6672342.014780,0
1773540900000,0.096250,0.096550,0.096160,0.096380,73730773,1773541799999,7105570.227750,13877,30010442,2892433.107870,0
1773541800000,0.096390,0.097090,0.096190,0.097080,64835390,1773542699999,6262330.759830,13728,39798461,3845908.958160,0
1773542700000,0.097090,0.097390,0.096780,0.096840,140278450,1773543599999,13622084.519660,24672,66805151,6488562.041460,0
1773543600000,0.096850,0.097220,0.096770,0.096770,52953325,1773544499999,5137486.407520,15100,28207034,2737005.978370,0
1773544500000,0.096770,0.096780,0.095950,0.096070,97055836,1773545399999,9342734.856780,18367,34885760,3357619.769520,0
1773545400000,0.096080,0.096250,0.095920,0.096030,44759086,1773546299999,4301898.152730,9160,22007450,2115062.841700,0
1773546300000,0.096030,0.096060,0.095870,0.095950,33131980,1773547199999,3179717.477830,6198,10339086,992110.515840,0
1773547200000,0.095960,0.096240,0.095900,0.096060,37091402,1773548099999,3563092.640640,9431,18288903,1757018.530740,0
1773548100000,0.096060,0.096210,0.095710,0.095820,39573103,1773548999999,3796073.313480,9860,15645003,1501172.834210,0
1773549000000,0.095820,0.095940,0.095620,0.095800,41926002,1773549899999,4013680.065810,9041,23019937,2203822.585900,0
1773549900000,0.095800,0.095940,0.095620,0.095930,28411761,1773550799999,2720355.536830,6054,15324142,1467425.142360,0
1773550800000,0.095940,0.095950,0.095640,0.095690,25213056,1773551699999,2413856.796630,6416,9358565,896088.952410,0
1773551700000,0.095690,0.096300,0.095640,0.096050,57726931,1773552599999,5543809.185150,14998,33003783,3169209.988450,0
1773552600000,0.096050,0.096380,0.095860,0.096310,35957379,1773553499999,3456373.207320,11082,19970317,1919825.540140,0
1773553500000,0.096310,0.096450,0.095980,0.096030,43019776,1773554399999,4139876.402910,10063,22093244,2126875.067310,0
1773554400000,0.096030,0.096150,0.095930,0.095980,30689340,1773555299999,2947051.852820,8215,15475969,1486120.977480,0
1773555300000,0.095990,0.096060,0.095770,0.095900,34180017,1773556199999,3277271.016930,7525,19066968,1828177.745790,0
1773556200000,0.095900,0.095910,0.095470,0.095570,59642899,1773557099999,5703895.840110,10659,26500215,2534777.217560,0
1773557100000,0.095570,0.095750,0.095560,0.095660,27920201,1773557999999,2670816.066610,6309,12303623,1177101.821510,0
1773558000000,0.095670,0.095880,0.095480,0.095730,28817963,1773558899999,2757607.423800,9073,16204866,1551008.787070,0
1773558900000,0.095730,0.095820,0.095540,0.095600,19454675,1773559799999,1861042.048700,5158,9481758,906936.904470,0
1773559800000,0.095600,0.095610,0.095470,0.095490,17995128,1773560699999,1718947.288680,4982,7147332,682750.235080,0
1773560700000,0.095490,0.095680,0.095470,0.095560,16261616,1773561599999,1554045.634270,5371,8315750,794732.913790,0
1773561600000,0.095570,0.096340,0.095560,0.096010,90410880,1773562499999,8678211.221630,16305,55873972,5362478.377950,0
1773562500000,0.096010,0.096280,0.095970,0.096160,33392597,1773563399999,3211190.610700,8219,14770296,1420318.211250,0
1773563400000,0.096160,0.096270,0.096080,0.096240,14490564,1773564299999,1393701.635400,4907,8759156,842480.906590,0
1773564300000,0.096250,0.096470,0.096240,0.096400,30070133,1773565199999,2898075.426580,7926,17126344,1650669.465190,0
1773565200000,0.096410,0.096580,0.096110,0.096130,63448666,1773566099999,6109339.677380,16731,26662069,2567356.547430,0
1773566100000,0.096130,0.096500,0.096090,0.096270,31919829,1773566999999,3073631.219310,8271,18607856,1791790.885930,0
1773567000000,0.096270,0.096330,0.096180,0.096220,17141690,1773567899999,1650042.507850,5533,7600990,731718.283930,0
1773567900000,0.096230,0.096300,0.096070,0.096090,21366899,1773568799999,2054556.354170,5349,8096849,778530.907310,0
1773568800000,0.096090,0.096200,0.095880,0.096080,30276833,1773569699999,2907443.026150,9600,16091183,1545370.889850,0
1773569700000,0.096070,0.096320,0.096030,0.096120,21924425,1773570599999,2108696.589150,6057,13253123,1274725.661540,0
1773570600000,0.096130,0.096260,0.096020,0.096120,20115865,1773571499999,1934106.895930,5661,8519671,819247.429240,0
1773571500000,0.096130,0.096280,0.096130,0.096180,19915314,1773572399999,1915925.984230,4653,10473436,1007577.572280,0
1773572400000,0.096190,0.096190,0.096000,0.096040,22882066,1773573299999,2198440.968090,5721,8518098,818436.562350,0
1773573300000,0.096040,0.096200,0.096000,0.096100,16425783,1773574199999,1578383.423950,4027,7399334,711012.426710,0
1773574200000,0.096100,0.096170,0.096040,0.096150,10723023,1773575099999,1030507.928680,3482,5450928,523852.585220,0
1773575100000,0.096150,0.096520,0.096140,0.096340,39779032,1773575999999,3833270.404050,7434,25754278,2481514.613760,0
1773576000000,0.096350,0.096370,0.096030,0.096040,26037368,1773576899999,2503226.899700,7344,11289995,1085397.769400,0
1773576900000,0.096050,0.096280,0.095990,0.096280,19916020,1773577799999,1914133.915980,4842,8540059,820999.379350,0
1773577800000,0.096280,0.096430,0.096100,0.096110,25640516,1773578699999,2468180.346510,6425,10271689,988993.343390,0
1773578700000,0.096120,0.096440,0.096120,0.096320,24379579,1773579599999,2347791.149320,6122,13227436,1273921.587160,0
1773579600000,0.096320,0.096610,0.095060,0.095740,236369285,1773580499999,22606637.230930,27044,75691363,7247770.469820,0
1773580500000,0.095730,0.095730,0.095210,0.095470,136877642,1773581399999,13065970.554410,18734,56098588,5355272.478020,0
1773581400000,0.095460,0.095520,0.094640,0.095010,171304646,1773582299999,16273409.599410,24433,76913596,7304812.982370,0
1773582300000,0.095000,0.095280,0.094790,0.095260,50797745,1773583199999,4825000.488550,9924,26697938,2536214.120470,0
1773583200000,0.095260,0.095480,0.095170,0.095420,54542858,1773584099999,5198847.151690,11082,31271323,2980925.346550,0
1773584100000,0.095430,0.095430,0.095070,0.095210,29531429,1773584999999,2812582.999120,8341,12566949,1196889.586420,0
1773585000000,0.095210,0.095390,0.095040,0.095370,32932713,1773585899999,3136317.785320,8310,16417196,1563857.737430,0
1773585900000,0.095370,0.095560,0.095310,0.095530,27662434,1773586799999,2640218.741690,6853,16066855,1533473.286270,0
1773586800000,0.095530,0.095530,0.095090,0.095140,44484438,1773587699999,4237604.875090,10159,15461521,1472605.632720,0
1773587700000,0.095140,0.095230,0.094940,0.095000,26088004,1773588599999,2480897.617060,7012,10349712,984499.835220,0
1773588600000,0.095010,0.095120,0.094840,0.095110,29344039,1773589499999,2787894.596990,6983,15526775,1475586.066600,0
1773589500000,0.095110,0.095130,0.094910,0.094930,17262067,1773590399999,1640013.812850,4708,6160676,585294.547280,0
1773590400000,0.094930,0.095060,0.094760,0.094970,48068563,1773591299999,4562848.700180,10794,25576560,2427817.207720,0
1773591300000,0.094970,0.095020,0.094550,0.094650,51386767,1773592199999,4864587.815360,11791,19886231,1882706.969880,0
1773592200000,0.094650,0.094940,0.094400,0.094790,48928079,1773593099999,4628260.592980,10417,24170478,2287893.664940,0
1773593100000,0.094800,0.094860,0.094580,0.094650,17603202,1773593999999,1667334.194840,5466,7185261,680518.624720,0
1773594000000,0.094650,0.095040,0.094590,0.094950,26639278,1773594899999,2528594.682550,7803,15604231,1481141.846390,0
1773594900000,0.094950,0.095060,0.094860,0.094900,24118147,1773595799999,2290161.726640,5765,13573732,1288955.402240,0
1773595800000,0.094910,0.094970,0.094830,0.094880,10129918,1773596699999,961233.587670,3826,5911493,560978.458530,0
1773596700000,0.094890,0.095780,0.094870,0.095430,67459332,1773597599999,6436222.589370,14524,37952828,3620583.910830,0
1773597600000,0.095430,0.095540,0.095200,0.095260,30991064,1773598499999,2954932.319400,9194,15806228,1506713.411710,0
1773598500000,0.095260,0.095330,0.095110,0.095200,24682744,1773599399999,2349999.689850,5991,13797260,1313724.129400,0
1773599400000,0.095200,0.095390,0.095200,0.095230,20371000,1773600299999,1941026.880290,6379,9214854,878073.551210,0
1773600300000,0.095230,0.095270,0.094610,0.094720,42720161,1773601199999,4050329.991450,11671,15455262,1464975.135720,0
1773601200000,0.094720,0.095050,0.094650,0.095030,28574185,1773602099999,2708383.622990,8793,16927681,1604623.667850,0
1773602100000,0.095030,0.095280,0.094880,0.095170,17085413,1773602999999,1624095.453930,5671,8783434,835071.651390,0
1773603000000,0.095160,0.095280,0.095050,0.095070,16926981,1773603899999,1610890.193250,5043,10897468,1037125.223140,0
1773603900000,0.095060,0.095240,0.094980,0.095140,13593498,1773604799999,1292105.083220,4508,6071481,577211.771870,0
1773604800000,0.095140,0.095150,0.094990,0.095010,14907058,1773605699999,1417472.667250,5079,6205184,590031.341960,0
1773605700000,0.095010,0.095080,0.094900,0.094980,12067880,1773606599999,1146412.604730,4180,6766782,642857.244070,0
1773606600000,0.094990,0.095850,0.094990,0.095460,56445909,1773607499999,5393714.375240,15653,29687999,2837066.370080,0
1773607500000,0.095450,0.095530,0.095270,0.095300,19835470,1773608399999,1891236.860890,5359,8924536,850857.637930,0
1773608400000,0.095310,0.095370,0.094970,0.095010,23582813,1773609299999,2243827.046340,8432,9753198,928089.193890,0
1773609300000,0.095010,0.095430,0.095010,0.095240,25689878,1773610199999,2446826.270270,5939,10656738,1014839.107150,0
1773610200000,0.095230,0.096040,0.095230,0.095820,67767088,1773611099999,6489661.189670,14590,41246693,3950247.144350,0
1773611100000,0.095820,0.095960,0.095650,0.095820,20769794,1773611999999,1988495.601350,6307,11778578,1127649.849650,0
1773612000000,0.095820,0.096390,0.095380,0.095450,90280459,1773612899999,8656916.571850,25270,50333981,4827243.561410,0
1773612900000,0.095450,0.095750,0.095210,0.095720,44396741,1773613799999,4237864.177490,12455,27244051,2600873.017740,0
1773613800000,0.095730,0.097090,0.095710,0.096830,140153149,1773614699999,13525457.213180,31480,72959944,7041759.303880,0
1773614700000,0.096830,0.097620,0.096810,0.097300,141303305,1773615599999,13749983.800360,32183,80503124,7833836.154510,0
1773615600000,0.097300,0.098070,0.097300,0.097660,176923662,1773616499999,17286125.374000,38656,97783805,9555550.982020,0
1773616500000,0.097660,0.097830,0.096640,0.096850,160578605,1773617399999,15585654.860670,28625,80427152,7804541.843130,0
1773617400000,0.096840,0.097380,0.096580,0.097230,74495479,1773618299999,7224640.822150,18726,40261196,3904832.966370,0
1773618300000,0.097240,0.097490,0.097120,0.097340,48370403,1773619199999,4706686.481820,13580,22959629,2233970.692760,0
1773619200000,0.097340,0.098120,0.097340,0.097570,157479240,1773620099999,15411700.595850,27417,88802643,8692084.905380,0
1773620100000,0.097560,0.097980,0.097280,0.097300,45177553,1773620999999,4407582.151650,14283,17060765,1664552.311850,0
1773621000000,0.097300,0.097570,0.097190,0.097470,41646432,1773621899999,4055919.791950,12472,22067188,2149229.939890,0
1773621900000,0.097470,0.098180,0.097470,0.097930,75822054,1773622799999,7421735.632720,15964,41306411,4042868.427630,0
1773622800000,0.097930,0.098080,0.097250,0.097350,119957959,1773623699999,11709211.647790,23100,60181054,5873159.844150,0
1773623700000,0.097360,0.098140,0.097250,0.097860,68054590,1773624599999,6651170.126400,16746,33467709,3270936.016910,0
1773624600000,0.097870,0.097870,0.097340,0.097480,43768786,1773625499999,4269339.124390,14793,19249837,1877585.376660,0
1773625500000,0.097480,0.097880,0.097470,0.097590,38934573,1773626399999,3802146.544290,10683,17011363,1661508.825330,0
1773626400000,0.097590,0.097920,0.097490,0.097790,28366392,1773627299999,2773005.311000,10395,16015318,1565695.642610,0
1773627300000,0.097790,0.097860,0.097010,0.097200,101619884,1773628199999,9900581.132580,17413,41794834,4071354.167620,0
1773628200000,0.097190,0.097370,0.097010,0.097340,74560313,1773629099999,7243686.376910,12167,32230308,3131993.467560,0
1773629100000,0.097340,0.098440,0.097340,0.098080,168062261,1773629999999,16468382.133410,29463,89417990,8760582.527080,0
1773630000000,0.098080,0.098610,0.097760,0.098520,116292770,1773630899999,11421881.938510,24492,69065875,6784216.561930,0
1773630900000,0.098520,0.099590,0.098310,0.099320,217390326,1773631799999,21540473.021320,43986,136316748,13509043.698200,0
1773631800000,0.099320,0.101390,0.099320,0.100380,516845287,1773632699999,51995896.005670,91242,296714291,29841987.175640,0
1773632700000,0.100380,0.100590,0.099850,0.099950,138441641,1773633599999,13860494.271270,34569,74600867,7470557.739900,0
1773633600000,0.099960,0.100620,0.099960,0.100340,117485347,1773634499999,11783723.646930,28516,68708771,6891438.189970,0
1773634500000,0.100340,0.100650,0.099910,0.100000,97869390,1773635399999,9803309.944350,27509,46204610,4628537.810610,0
1773635400000,0.100000,0.100480,0.099750,0.100160,126341839,1773636299999,12647952.178200,31335,69448286,6953912.692070,0
1773636300000,0.100160,0.101120,0.100120,0.100670,210622255,1773637199999,21186719.022020,35828,96398958,9698247.782930,0
1773637200000,0.100680,0.101210,0.100470,0.100960,110213574,1773638099999,11104581.792400,29480,60824289,6130664.738060,0
1773638100000,0.100950,0.101240,0.100710,0.101130,85717543,1773638999999,8656417.492040,23284,40848284,4125501.755090,0
1773639000000,0.101140,0.101670,0.100670,0.101540,119378047,1773639899999,12085268.173570,25915,66444893,6728635.004490,0
1773639900000,0.101540,0.101780,0.101370,0.101540,88562441,1773640799999,8998223.754330,25704,50993594,5181190.104290,0
1773640800000,0.101550,0.101720,0.101160,0.101520,112478408,1773641699999,11406822.682560,29285,53201140,5396449.188070,0
1773641700000,0.101530,0.102550,0.101480,0.101630,259379621,1773642599999,26469710.395310,50517,153753650,15693981.127210,0
1773642600000,0.101630,0.102050,0.101530,0.101760,68155603,1773643499999,6939102.447370,20291,37598173,3828181.233260,0
1773643500000,0.101760,0.101940,0.101560,0.101640,48949568,1773644399999,4979803.098750,16971,23091799,2349193.115890,0
1773644400000,0.101650,0.102390,0.101600,0.102230,90350393,1773645299999,9225089.836490,23450,50297072,5134164.160350,0
1773645300000,0.102240,0.102680,0.101980,0.102120,126059838,1773646199999,12897954.003420,27112,64795820,6631051.834480,0
1773646200000,0.102120,0.102430,0.101990,0.102340,107897482,1773647099999,11029016.865440,29556,54392520,5560489.437700,0
1773647100000,0.102340,0.102480,0.101950,0.101990,78396687,1773647999999,8014634.992150,24807,38048376,3890606.502620,0
1773648000000,0.102000,0.102940,0.101990,0.102280,144287643,1773648899999,14794940.378290,39115,84959938,8712749.732850,0
1773648900000,0.102280,0.102310,0.101330,0.101340,155767071,1773649799999,15842680.523290,44798,70445300,7164937.819050,0
1773649800000,0.101330,0.101410,0.100560,0.100580,185947460,1773650699999,18770351.464120,45951,82996108,8377937.966240,0
1773650700000,0.100580,0.101000,0.100170,0.100330,225371574,1773651599999,22675905.116740,37513,112135960,11285907.498770,0
1773651600000,0.100340,0.100550,0.099720,0.100370,183937375,1773652499999,18423111.696060,31121,75922809,7605125.331300,0
1773652500000,0.100370,0.100920,0.100350,0.100770,127651915,1773653399999,12849702.079110,22727,63728806,6416206.671760,0
1773653400000,0.100770,0.100830,0.100550,0.100670,46181836,1773654299999,4649476.146490,13584,23789729,2395073.200210,0
1773654300000,0.100670,0.101350,0.100670,0.101070,92142829,1773655199999,9319844.814340,18152,46682215,4721209.951520,0
1773655200000,0.101070,0.101280,0.100850,0.100960,71592518,1773656099999,7236034.695800,16294,35396341,3578661.802270,0
1773656100000,0.100960,0.101010,0.100660,0.100730,63185124,1773656999999,6371758.130620,13836,23993649,2419802.756770,0
1773657000000,0.100730,0.100730,0.100190,0.100230,72561197,1773657899999,7286202.338280,16028,31816978,3195126.785410,0
1773657900000,0.100220,0.100710,0.100080,0.100650,142520004,1773658799999,14300303.484450,22683,78538162,7883029.818770,0
1773658800000,0.100650,0.100670,0.099930,0.100050,107437502,1773659699999,10777792.375570,20663,38958155,3909977.978750,0
1773659700000,0.100050,0.100140,0.099410,0.099430,151517115,1773660599999,15114028.324740,23908,61440614,6129380.226890,0
1773660600000,0.099430,0.099830,0.099350,0.099770,82287903,1773661499999,8196161.331230,15069,43611442,4344629.105720,0
1773661500000,0.099770,0.100230,0.099750,0.099940,106473235,1773662399999,10646682.322290,14939,62306073,6229872.597150,0
1773662400000,0.099940,0.100490,0.099810,0.100170,98700380,1773663299999,9878533.764380,20420,51387272,5144215.257740,0
1773663300000,0.100160,0.100310,0.099700,0.100200,88303935,1773664199999,8835321.063670,20249,50792368,5082779.918150,0
1773664200000,0.100190,0.100370,0.099890,0.100050,63814891,1773665099999,6390551.275460,17953,29387989,2943138.731960,0
1773665100000,0.100060,0.100220,0.099810,0.100040,33294669,1773665999999,3329726.996400,10642,16676197,1667815.121490,0
1773666000000,0.100050,0.100530,0.099910,0.100420,58573573,1773666899999,5869301.617820,15777,31079719,3114688.417100,0
1773666900000,0.100430,0.100690,0.100220,0.100320,88340728,1773667799999,8877204.354710,18360,50723668,5097866.804430,0
1773667800000,0.100320,0.101660,0.100130,0.100710,269758014,1773668699999,27262644.470830,49811,150485841,15209947.731550,0
1773668700000,0.100720,0.101190,0.099880,0.100500,200497418,1773669599999,20140547.301410,36899,94547854,9495499.062610,0
1773669600000,0.100500,0.101510,0.100300,0.101210,162761416,1773670499999,16440077.235140,34373,95804393,9677282.214860,0
1773670500000,0.101200,0.101870,0.100560,0.100590,185315374,1773671399999,18774102.793320,37117,71906576,7288762.284940,0
1773671400000,0.100590,0.101450,0.099870,0.100880,321045723,1773672299999,32341940.713500,62100,160409975,16157797.371970,0
1773672300000,0.100880,0.103500,0.100730,0.103090,395877159,1773673199999,40440878.562950,73829,243262855,24848612.299290,0
1773673200000,0.103090,0.103320,0.101770,0.101790,283918057,1773674099999,29067809.345790,55300,140206596,14359670.013950,0
1773674100000,0.101790,0.102180,0.101210,0.101610,148618495,1773674999999,15118837.820330,33352,79860152,8125376.727490,0
1773675000000,0.101610,0.101790,0.100520,0.100530,151902907,1773675899999,15342807.661710,31491,63404292,6406251.663080,0
1773675900000,0.100530,0.100790,0.099910,0.100040,136845034,1773676799999,13718480.595380,25731,58507866,5866967.435320,0
1773676800000,0.100030,0.100600,0.099810,0.099940,175068540,1773677699999,17536882.150270,31143,91534353,9171863.135890,0
1773677700000,0.099930,0.100500,0.099920,0.100430,84603943,1773678599999,8475573.850790,19167,51320217,5141646.854730,0
1773678600000,0.100420,0.100980,0.100110,0.100800,78475887,1773679499999,7899472.586190,21234,44190558,4448213.599080,0
1773679500000,0.100800,0.101330,0.100520,0.101100,83570280,1773680399999,8439300.094750,21999,41714835,4214237.767240,0
1773680400000,0.101110,0.101490,0.100920,0.101180,42877012,1773681299999,4339790.688900,19769,21925558,2219525.773970,0
1773681300000,0.101180,0.101370,0.100820,0.100890,42874610,1773682199999,4334859.964010,13435,16945155,1713463.220210,0
1773682200000,0.100890,0.101600,0.100890,0.101420,54234038,1773683099999,5494477.648770,17120,35882082,3635881.837360,0
1773683100000,0.101410,0.101680,0.101100,0.101380,38703905,1773683999999,3925698.782230,14804,19624168,1990841.038820,0
1773684000000,0.101380,0.102000,0.101180,0.101570,91777496,1773684899999,9327612.335020,22832,53033462,5391538.837540,0
1773684900000,0.101580,0.102370,0.101550,0.102000,63825382,1773685799999,6510289.046030,19313,30658494,3127903.756140,0
1773685800000,0.102000,0.102070,0.101540,0.101930,47375559,1773686699999,4824804.525700,15459,21786854,2219443.116960,0
1773686700000,0.101930,0.101930,0.101610,0.101730,25944984,1773687599999,2639884.181210,10456,12391919,1260780.614730,0
1773687600000,0.101720,0.102950,0.101420,0.102590,99391515,1773688499999,10159058.506140,26222,60659659,6199178.570320,0
1773688500000,0.102580,0.102790,0.102070,0.102340,47657010,1773689399999,4877701.881950,16070,24901135,2548825.666660,0
1773689400000,0.102330,0.102540,0.101930,0.102020,32652953,1773690299999,3337372.242310,10809,17677680,1806937.612410,0
1773690300000,0.102020,0.102070,0.101700,0.101940,42526409,1773691199999,4330097.405830,12069,19937542,2030226.328670,0
1773691200000,0.101940,0.102070,0.101670,0.101880,33711589,1773692099999,3435303.305450,10413,15149249,1543884.856830,0
1773692100000,0.101880,0.101970,0.101440,0.101680,39302634,1773692999999,3996652.400270,10852,15032594,1528406.500590,0
1773693000000,0.101680,0.102030,0.101480,0.101500,32617094,1773693899999,3318088.038010,9936,19318964,1965603.041380,0
1773693900000,0.101510,0.101840,0.101470,0.101510,35192384,1773694799999,3576636.350400,8215,18340783,1864214.879610,0
1773694800000,0.101510,0.101740,0.101180,0.101560,69612313,1773695699999,7060140.887630,17088,37323474,3785689.262890,0
1773695700000,0.101560,0.101720,0.101350,0.101540,32557875,1773696599999,3306223.268570,9488,18339753,1862509.104660,0
1773696600000,0.101540,0.102650,0.101400,0.102180,69673363,1773697499999,7119435.458990,18879,35884417,3667553.845670,0
1773697500000,0.102170,0.102380,0.101800,0.101940,32427045,1773698399999,3311765.371630,11957,15496227,1582632.021450,0
1773698400000,0.101930,0.103200,0.101930,0.102900,113586672,1773699299999,11674391.331270,30056,62249423,6396991.445810,0
1773699300000,0.102900,0.103080,0.102570,0.102760,55705570,1773700199999,5727871.357130,18905,25106357,2582075.016710,0
1773700200000,0.102750,0.103410,0.102730,0.103160,72867786,1773701099999,7510292.745050,18363,36268675,3738099.081500,0
1773701100000,0.103150,0.103330,0.102910,0.103190,55925049,1773701999999,5764309.722730,13310,32552901,3356065.506600,0
1773702000000,0.103190,0.103190,0.102190,0.102590,95102792,1773702899999,9756218.010220,22256,45909177,4709490.507380,0
1773702900000,0.102580,0.102830,0.102380,0.102810,36541167,1773703799999,3748841.075770,11051,18777126,1926247.956210,0
1773703800000,0.102800,0.103270,0.102680,0.103160,61831734,1773704699999,6365040.323840,14851,36747960,3783474.066150,0
1773704700000,0.103170,0.103700,0.102970,0.102990,94973601,1773705599999,9814322.095130,20892,46153204,4769856.651200,0
1773705600000,0.102980,0.103990,0.102460,0.103800,149952685,1773706499999,15473149.931840,34576,84518876,8726564.177020,0
1773706500000,0.103800,0.103930,0.102550,0.103050,140337517,1773707399999,14482026.736970,31119,65223394,6731462.691680,0
1773707400000,0.103060,0.103450,0.102870,0.102950,82612116,1773708299999,8523047.794940,22688,39896933,4116896.450720,0
1773708300000,0.102960,0.103170,0.102490,0.103170,53030235,1773709199999,5450439.347590,16480,24208795,2488617.314900,0
1773709200000,0.103170,0.103860,0.102530,0.103360,98246166,1773710099999,10152644.629340,31675,51666350,5339988.096660,0
1773710100000,0.103360,0.103610,0.102980,0.103550,84521929,1773710999999,8726683.512550,21086,49187853,5079669.147920,0
1773711000000,0.103550,0.103780,0.102820,0.103200,75104518,1773711899999,7759578.560840,24071,31397555,3245312.867540,0
1773711900000,0.103200,0.103280,0.102640,0.103160,51615111,1773712799999,5314897.670570,16150,21432909,2207381.431360,0
1773712800000,0.103160,0.103210,0.102160,0.102410,119598915,1773713699999,12258641.511760,24724,63644783,6521204.028710,0
1773713700000,0.102410,0.102670,0.102190,0.102450,60259363,1773714599999,6174675.238060,14687,26413760,2706270.162380,0
1773714600000,0.102440,0.104380,0.102420,0.104160,185296380,1773715499999,19215249.538390,35152,107911213,11181257.383180,0
1773715500000,0.104150,0.104450,0.103460,0.103480,90783853,1773716399999,9432578.849550,23164,46191140,4801065.301500,0
1773716400000,0.103470,0.103550,0.102500,0.102690,100459148,1773717299999,10343599.380620,25048,41164913,4239535.185290,0
1773717300000,0.102690,0.102750,0.102160,0.102590,117666125,1773718199999,12062005.623260,20615,53481430,5485832.983060,0
1773718200000,0.102590,0.102600,0.101090,0.101170,202629731,1773719099999,20608054.544380,36366,73635896,7487627.137120,0
1773719100000,0.101170,0.101280,0.100590,0.101200,198429018,1773719999999,20041670.464370,35606,98024049,9901069.252710,0
1773720000000,0.101200,0.101620,0.101040,0.101520,86904243,1773720899999,8812275.406930,21568,51930845,5266622.526250,0
1773720900000,0.101530,0.101580,0.100710,0.101100,65005222,1773721799999,6571160.041890,18982,29232250,2955574.192550,0
1773721800000,0.101090,0.101220,0.099860,0.100270,184875229,1773722699999,18562567.099420,32601,69368489,6966976.214330,0
1773722700000,0.100260,0.100620,0.100190,0.100480,61102103,1773723599999,6137651.831270,13349,36890912,3705500.524280,0
1773723600000,0.100480,0.100660,0.100100,0.100400,52777819,1773724499999,5301525.973640,17284,31148800,3129856.106840,0
1773724500000,0.100410,0.100710,0.100320,0.100470,47277338,1773725399999,4752969.678520,11842,21377697,2149553.256390,0
1773725400000,0.100470,0.100500,0.099460,0.099480,141040306,1773726299999,14083040.044640,22105,44746494,4469748.335160,0
1773726300000,0.099480,0.100240,0.099380,0.099940,110886208,1773727199999,11063073.013780,20533,57973104,5786993.870620,0
1773727200000,0.099930,0.100350,0.099540,0.100300,67337902,1773728099999,6733368.188800,17876,43373763,4339051.770590,0
1773728100000,0.100300,0.100540,0.100020,0.100110,43301797,1773728999999,4341312.902050,12989,23628842,2369050.061960,0
1773729000000,0.100110,0.100270,0.099720,0.099800,40775596,1773729899999,4078029.038250,11967,19619256,1962747.681960,0
1773729900000,0.099800,0.100110,0.099790,0.100020,26503423,1773730799999,2649223.425890,8813,14281309,1427438.735810,0
1773730800000,0.100020,0.100540,0.099960,0.100480,41043072,1773731699999,4115870.154800,11317,23547595,2361536.417790,0
1773731700000,0.100480,0.101080,0.100460,0.100740,88898395,1773732599999,8961723.951030,17608,38328514,3864753.904500,0
1773732600000,0.100740,0.100820,0.100500,0.100640,36482317,1773733499999,3672213.770890,10231,18769475,1889031.703950,0
1773733500000,0.100640,0.100710,0.100430,0.100480,29600058,1773734399999,2976106.196000,7230,13316835,1339081.967580,0
1773734400000,0.100480,0.100830,0.100410,0.100650,55781925,1773735299999,5612817.921160,14072,27626798,2780366.828770,0
1773735300000,0.100640,0.100960,0.100440,0.100920,29119016,1773736199999,2935140.657820,9945,17026556,1716269.699510,0
1773736200000,0.100930,0.101350,0.100920,0.101240,54590780,1773737099999,5521681.238270,14888,30116157,3046325.306520,0
1773737100000,0.101250,0.101400,0.100700,0.100810,50978942,1773737999999,5154974.851970,12321,21661800,2191762.312390,0
1773738000000,0.100810,0.100920,0.100270,0.100470,70673901,1773738899999,7104345.497970,16750,29310080,2946235.562560,0
1773738900000,0.100470,0.101250,0.100330,0.101010,67325798,1773739799999,6786761.660990,16285,33186520,3346116.589110,0
1773739800000,0.101020,0.101110,0.100660,0.100840,40463965,1773740699999,4082141.016530,10291,16412118,1655687.363120,0
1773740700000,0.100840,0.100990,0.100470,0.100690,36286437,1773741599999,3653651.527570,9310,14252476,1435076.097310,0
1773741600000,0.100700,0.100720,0.100080,0.100290,59629497,1773742499999,5979963.758430,16219,23938216,2400447.338100,0
1773742500000,0.100280,0.100520,0.099930,0.100340,66052873,1773743399999,6619377.653640,13673,29944042,3001739.819580,0
1773743400000,0.100340,0.100360,0.100020,0.100220,104815477,1773744299999,10503013.796990,11932,78486444,7864605.212760,0
1773744300000,0.100230,0.100240,0.100020,0.100140,30436731,1773745199999,3048591.323670,7554,16133766,1616039.345920,0
1773745200000,0.100150,0.100390,0.100040,0.100300,41999831,1773746099999,4211338.903080,11229,24058259,2412095.512560,0
1773746100000,0.100300,0.100470,0.100160,0.100330,46000492,1773746999999,4616279.532620,9446,22742448,2282361.141900,0
1773747000000,0.100330,0.100380,0.100050,0.100180,45627871,1773747899999,4572457.023330,9415,18458373,1849565.078370,0
1773747900000,0.100190,0.100320,0.099920,0.100090,39396541,1773748799999,3945435.568280,8892,16952463,1698238.451710,0
1773748800000,0.100090,0.100150,0.099810,0.099950,57537505,1773749699999,5754139.762770,13668,27112687,2711783.536180,0
1773749700000,0.099940,0.100170,0.099140,0.099370,152954915,1773750599999,15231570.295010,24553,58869827,5861217.078190,0
1773750600000,0.099370,0.099370,0.098670,0.099150,173607796,1773751499999,17183215.616480,27524,78780763,7797862.351440,0
1773751500000,0.099140,0.099140,0.098640,0.098760,72406836,1773752399999,7158062.679680,14720,33194707,3281274.842780,0
1773752400000,0.098760,0.099040,0.098730,0.098930,49667032,1773753299999,4912363.364920,12957,23375845,2311815.806250,0
1773753300000,0.098920,0.098970,0.098510,0.098750,86276900,1773754199999,8520765.192940,13414,36849330,3639264.844970,0
1773754200000,0.098760,0.099660,0.098700,0.098980,208063041,1773755099999,20657176.988070,35843,94279674,9358087.954360,0
1773755100000,0.098970,0.099140,0.098410,0.098880,160866710,1773755999999,15884961.222110,29898,66911806,6606874.753800,0
1773756000000,0.098890,0.099010,0.098260,0.098840,140270118,1773756899999,13837767.716370,26212,58510514,5774177.362670,0
1773756900000,0.098840,0.099180,0.098540,0.099080,53325386,1773757799999,5273268.800630,17246,24629191,2435904.566490,0
1773757800000,0.099090,0.099730,0.099080,0.099300,115873316,1773758699999,11516175.152120,23081,54091247,5375873.653170,0
1773758700000,0.099300,0.099760,0.099200,0.099640,62408703,1773759599999,6211329.544650,17382,31536315,3139029.158190,0
1773759600000,0.099650,0.100490,0.099300,0.099390,192440460,1773760499999,19242380.783030,40664,93190149,9317714.051390,0
1773760500000,0.099390,0.099740,0.099070,0.099190,59459174,1773761399999,5908263.263310,18748,22950980,2280478.948530,0
1773761400000,0.099180,0.099450,0.098750,0.099100,81690393,1773762299999,8092356.460770,22116,45807936,4538200.994120,0
1773762300000,0.099090,0.099750,0.099010,0.099600,60304401,1773763199999,5994780.744090,15219,32462587,3226735.367450,0
1773763200000,0.099610,0.099750,0.099350,0.099440,37826866,1773764099999,3766481.400760,16441,19765478,1968272.639740,0
1773764100000,0.099450,0.100330,0.099410,0.100090,87772352,1773764999999,8780446.550880,21203,44677825,4469268.638240,0
1773765000000,0.100080,0.100160,0.099580,0.099760,62537498,1773765899999,6239535.935580,17885,30415095,3033553.192680,0
1773765900000,0.099750,0.100040,0.099570,0.099860,21629459,1773766799999,2159561.224880,9305,12503930,1248468.532770,0
1773766800000,0.099860,0.100210,0.099530,0.099850,38121510,1773767699999,3810170.322130,12036,14236572,1422555.865820,0
1773767700000,0.099850,0.100200,0.099710,0.099930,33329294,1773768599999,3333073.332240,10120,14126411,1412804.204870,0
1773768600000,0.099920,0.100270,0.099790,0.100160,40054817,1773769499999,4008479.415130,9483,21640199,2165961.073390,0
1773769500000,0.100170,0.100630,0.100120,0.100590,50652886,1773770399999,5086867.323530,11792,26390356,2650598.859860,0
1773770400000,0.100580,0.100930,0.100450,0.100710,63225826,1773771299999,6364180.168800,21520,33216382,3343730.608460,0
1773771300000,0.100700,0.100790,0.100270,0.100350,38458446,1773772199999,3864895.083770,11938,11604458,1166488.951790,0
1773772200000,0.100350,0.100990,0.100340,0.100910,43161997,1773773099999,4346745.296470,10434,22433782,2258064.782620,0
1773773100000,0.100920,0.101080,0.100710,0.100920,29864091,1773773999999,3014653.686680,8998,16476692,1663470.583870,0
1773774000000,0.100920,0.101050,0.100800,0.100940,21690380,1773774899999,2189490.084550,8337,12112868,1222770.110900,0
1773774900000,0.100950,0.101050,0.100630,0.100720,27990460,1773775799999,2824045.018080,8157,11968715,1207757.249920,0
1773775800000,0.100730,0.100860,0.100480,0.100540,42374462,1773776699999,4263454.145640,9362,21895840,2202777.051660,0
1773776700000,0.100550,0.100560,0.100110,0.100200,52304578,1773777599999,5245055.401620,11481,24544900,2461377.274740,0
1773777600000,0.100200,0.100260,0.099870,0.100030,45578918,1773778499999,4563120.635040,9972,25010414,2503933.591000,0
1773778500000,0.100030,0.100620,0.100030,0.100530,21807441,1773779399999,2189052.290680,6277,11534781,1157402.357390,0
1773779400000,0.100530,0.100530,0.100220,0.100310,27189723,1773780299999,2728829.900770,5801,12958400,1300316.662040,0
1773780300000,0.100310,0.100540,0.100240,0.100520,12034352,1773781199999,1208246.749360,4037,6167969,619393.134120,0
1773781200000,0.100520,0.101150,0.100340,0.101010,45213769,1773782099999,4559841.309170,9726,29083129,2934252.792750,0
1773782100000,0.101000,0.101000,0.100750,0.100810,21069218,1773782999999,2125347.250800,6468,9379159,946152.655230,0
1773783000000,0.100810,0.101250,0.100700,0.101180,26293542,1773783899999,2655507.416590,8434,15447739,1559803.746640,0
1773783900000,0.101180,0.101250,0.100880,0.101130,15888963,1773784799999,1606117.882990,7098,7021792,709766.107990,0
1773784800000,0.101130,0.101710,0.100960,0.101140,50916627,1773785699999,5160461.408460,14176,26601925,2696708.316820,0
1773785700000,0.101130,0.101200,0.100980,0.101040,21968388,1773786599999,2220996.156490,6716,8423582,851738.375760,0
1773786600000,0.101030,0.101080,0.100310,0.100570,41634741,1773787499999,4188335.540700,11794,16871387,1696961.349540,0
1773787500000,0.100570,0.100960,0.100540,0.100830,28335204,1773788399999,2856472.382220,7177,14130455,1424292.981220,0
1773788400000,0.100820,0.101100,0.100740,0.100920,24606623,1773789299999,2482191.235450,8084,13155686,1327251.658990,0
1773789300000,0.100930,0.100930,0.100400,0.100540,28505496,1773790199999,2868503.934870,7818,14911222,1500733.569740,0
1773790200000,0.100530,0.100530,0.099970,0.100070,38645965,1773791099999,3871685.367190,10044,14246983,1427195.480090,0
1773791100000,0.100070,0.100370,0.100020,0.100120,54865300,1773791999999,5497408.882270,9610,33418186,3349263.531000,0
1773792000000,0.100120,0.100390,0.100070,0.100080,38173485,1773792899999,3825881.094500,12262,23011162,2306502.523090,0
1773792900000,0.100080,0.100170,0.099590,0.099900,82330002,1773793799999,8219760.400530,17261,37597926,3754597.347910,0
1773793800000,0.099890,0.099890,0.099640,0.099890,42111588,1773794699999,4200327.361920,11460,20278765,2022687.231720,0
1773794700000,0.099890,0.100200,0.099890,0.100080,33822835,1773795599999,3384351.502180,8604,17482890,1749341.091440,0
1773795600000,0.100080,0.100580,0.100070,0.100330,37586752,1773796499999,3772104.341600,11443,21791095,2187083.420840,0
1773796500000,0.100340,0.100490,0.100200,0.100410,17207209,1773797399999,1727308.397640,6402,8520521,855386.655880,0
1773797400000,0.100410,0.100830,0.100340,0.100720,42638727,1773798299999,4290601.837070,10540,24410149,2456726.800230,0
1773798300000,0.100720,0.100830,0.100250,0.100280,36468847,1773799199999,3665361.059980,9190,12443875,1250770.399140,0
1773799200000,0.100280,0.101010,0.100240,0.100990,43229444,1773800099999,4353816.196460,11299,25001869,2517889.094160,0
1773800100000,0.100990,0.101130,0.100730,0.100790,30108877,1773800999999,3040526.168180,8748,13774475,1391319.085990,0
1773801000000,0.100800,0.101360,0.100790,0.101000,37054371,1773801899999,3746068.236460,10742,19904882,2012482.677320,0
1773801900000,0.101000,0.101100,0.100820,0.100850,20889612,1773802799999,2108261.760190,6279,11146403,1124933.980480,0
1773802800000,0.100850,0.100980,0.100610,0.100740,31496670,1773803699999,3174309.964980,9728,16590551,1672370.106260,0
1773803700000,0.100750,0.101640,0.100700,0.101640,71251810,1773804599999,7218040.009730,14726,47760394,4838510.025310,0
1773804600000,0.101630,0.101830,0.101130,0.101190,80166800,1773805499999,8143621.925330,17207,40624646,4128150.057710,0
1773805500000,0.101190,0.101250,0.100840,0.101100,41635044,1773806399999,4204998.627510,10181,19477045,1967284.863560,0
1773806400000,0.101110,0.101200,0.100800,0.100810,31604832,1773807299999,3190246.039460,8882,13624317,1375169.270040,0
1773807300000,0.100810,0.100810,0.100250,0.100290,43710021,1773808199999,4391779.926220,10539,16808207,1688743.573710,0
1773808200000,0.100290,0.100300,0.099690,0.099990,105611980,1773809099999,10555546.403630,16415,44583356,4456040.682020,0
1773809100000,0.100000,0.100180,0.099930,0.100150,30717137,1773809999999,3073465.532310,7686,16971822,1698269.193000,0
1773810000000,0.100140,0.101080,0.100090,0.100860,90236804,1773810899999,9079464.333630,15929,44431266,4471482.523160,0
1773810900000,0.100870,0.100930,0.100500,0.100510,29043378,1773811799999,2925489.427470,9556,14377825,1448150.586750,0
1773811800000,0.100520,0.100730,0.100400,0.100460,37636803,1773812699999,3784760.545100,9031,20404480,2051924.803120,0
1773812700000,0.100460,0.100650,0.100010,0.100190,64665776,1773813599999,6484519.090140,12224,35265540,3536449.685400,0
1773813600000,0.100190,0.100580,0.100180,0.100520,31931759,1773814499999,3207743.482820,9125,15203914,1527434.659830,0
1773814500000,0.100530,0.100900,0.100370,0.100710,35118126,1773815399999,3536110.644030,9472,19286277,1942126.425030,0
1773815400000,0.100710,0.100820,0.100310,0.100450,19948183,1773816299999,2006101.208510,6990,9241468,929198.359750,0
1773816300000,0.100450,0.100560,0.100060,0.100080,27534360,1773817199999,2760254.094190,6272,10829675,1085866.255200,0
1773817200000,0.100080,0.100080,0.099410,0.099700,110956469,1773818099999,11069977.378290,15625,43735379,4364337.561710,0
1773818100000,0.099700,0.099750,0.099150,0.099260,91851721,1773818999999,9127820.705150,14218,39502122,3925393.906590,0
1773819000000,0.099250,0.099480,0.099160,0.099230,45658153,1773819899999,4534378.052750,11091,23571486,2341258.339290,0
1773819900000,0.099230,0.099540,0.099170,0.099490,34089713,1773820799999,3388708.002250,7578,18136822,1803081.317200,0
1773820800000,0.099490,0.100020,0.099450,0.099770,60276567,1773821699999,6012113.902880,12571,32233789,3215541.382490,0
1773821700000,0.099770,0.099880,0.099690,0.099780,24665740,1773822599999,2460958.903550,7516,13164902,1313501.862030,0
1773822600000,0.099780,0.099900,0.099550,0.099820,24471829,1773823499999,2440612.718510,7631,13545365,1350951.587550,0
1773823500000,0.099820,0.099830,0.099580,0.099720,22195321,1773824399999,2213301.875910,5600,9678308,965049.347430,0
1773824400000,0.099730,0.099830,0.099600,0.099670,27409389,1773825299999,2733896.650700,7841,11791699,1176108.422830,0
1773825300000,0.099670,0.099840,0.099650,0.099720,31568031,1773826199999,3148529.970910,6870,12662607,1262963.228220,0
1773826200000,0.099720,0.100060,0.099720,0.099940,31481194,1773827099999,3145196.837050,7599,17429271,1741420.665420,0
1773827100000,0.099940,0.099960,0.099620,0.099820,23775429,1773827999999,2371763.660870,6879,10438240,1041229.134800,0
1773828000000,0.099820,0.099970,0.099480,0.099700,35650480,1773828899999,3554108.880400,9823,14368341,1432730.388130,0
1773828900000,0.099710,0.099800,0.099530,0.099700,16646925,1773829799999,1658991.617270,5640,7378884,735498.931070,0
1773829800000,0.099700,0.099790,0.098950,0.099000,66628079,1773830699999,6614095.792810,13247,17636135,1751283.467890,0
1773830700000,0.098990,0.099230,0.098760,0.099110,71584407,1773831599999,7084752.293450,13506,36697440,3632337.150600,0
1773831600000,0.099110,0.099340,0.098620,0.099180,85381577,1773832499999,8446847.247480,21081,40956838,4053767.136060,0
1773832500000,0.099170,0.099300,0.098310,0.098410,94264300,1773833399999,9303122.268430,15594,27334900,2700514.522240,0
1773833400000,0.098410,0.098460,0.096620,0.097050,529457858,1773834299999,51531356.609280,92827,235608232,22922539.378260,0
1773834300000,0.097050,0.097100,0.096570,0.097040,156562444,1773835199999,15167127.653320,27790,77388822,7498290.795530,0
1773835200000,0.097040,0.097080,0.096540,0.096890,123732267,1773836099999,11976996.351460,27880,54451127,5271522.171010,0
1773836100000,0.096890,0.097010,0.096640,0.096710,91972159,1773836999999,8903779.186980,17500,49569087,4799449.323690,0
1773837000000,0.096720,0.096720,0.095650,0.095940,297747247,1773837899999,28598557.394280,49047,130155491,12504102.632820,0
1773837900000,0.095950,0.096130,0.095610,0.095870,98607047,1773838799999,9453735.883000,26296,50525327,4844133.567340,0
1773838800000,0.095880,0.096170,0.095330,0.096040,204556325,1773839699999,19613620.628230,33376,86394263,8286516.324640,0
1773839700000,0.096040,0.096190,0.095760,0.095870,84638586,1773840599999,8122975.025830,17830,38645600,3709352.988690,0
1773840600000,0.095880,0.096260,0.095540,0.095780,151338976,1773841499999,14511302.479540,30370,84937567,8145256.768010,0
1773841500000,0.095780,0.095990,0.095500,0.095720,101929337,1773842399999,9751665.355420,19263,44119460,4221836.688830,0
1773842400000,0.095730,0.095780,0.095060,0.095130,100291359,1773843299999,9572119.006450,25206,41523733,3964546.292820,0
1773843300000,0.095130,0.095340,0.094510,0.094670,185430864,1773844199999,17598726.372480,28988,66375098,6304347.448020,0
1773844200000,0.094670,0.094910,0.094260,0.094380,135996947,1773845099999,12863492.291180,27539,58702795,5555177.815570,0
1773845100000,0.094370,0.094750,0.094240,0.094460,103594370,1773845999999,9790829.050000,23699,53464758,5053908.236910,0
1773846000000,0.094460,0.094760,0.093800,0.094360,207018345,1773846899999,19532891.710020,40876,78917767,7449860.818530,0
1773846900000,0.094360,0.094500,0.094240,0.094400,73244681,1773847799999,6912105.284010,18184,38289874,3613577.552730,0
1773847800000,0.094400,0.094590,0.094200,0.094260,56564187,1773848699999,5338953.895700,13562,26426278,2494449.072260,0
1773848700000,0.094260,0.094480,0.094090,0.094300,51540705,1773849599999,4859901.656330,11913,22659611,2136739.973470,0
1773849600000,0.094290,0.094300,0.093920,0.093990,107744088,1773850499999,10139347.114170,33784,43067132,4053160.866880,0
1773850500000,0.093990,0.094040,0.093400,0.093560,156434780,1773851399999,14652983.930570,27997,63262584,5926878.853320,0
1773851400000,0.093560,0.093870,0.093460,0.093800,57030355,1773852299999,5344736.662230,17450,30858502,2892288.653330,0
1773852300000,0.093800,0.094100,0.093600,0.093780,95438777,1773853199999,8959165.930440,16716,54819587,5146762.754410,0
1773853200000,0.093780,0.093810,0.093200,0.093380,85889382,1773854099999,8025179.765280,19871,33650310,3144335.984120,0
1773854100000,0.093390,0.094080,0.093300,0.094050,92860624,1773854999999,8710487.314450,15836,47406045,4445592.259160,0
1773855000000,0.094050,0.094740,0.093890,0.094360,139459915,1773855899999,13157037.247680,25838,74326386,7011524.094410,0
1773855900000,0.094360,0.094490,0.094190,0.094300,46899952,1773856799999,4424988.164210,12897,21286550,2008276.062330,0
1773856800000,0.094300,0.095500,0.094280,0.095220,249950165,1773857699999,23758162.717070,43836,146937617,13967895.309420,0
1773857700000,0.095210,0.095220,0.094480,0.094910,94205468,1773858599999,8923696.108070,25875,44875246,4250809.447320,0
1773858600000,0.094910,0.095280,0.094680,0.094980,100142775,1773859499999,9508901.955800,26482,40470675,3843361.151160,0
1773859500000,0.094970,0.094970,0.094150,0.094440,82849584,1773860399999,7827451.882390,23336,34917508,3299870.690640,0
1773860400000,0.094440,0.095180,0.094440,0.095030,47994539,1773861299999,4553745.596670,17989,29122743,2763440.343280,0
1773861300000,0.095040,0.095310,0.094760,0.094930,40870989,1773862199999,3884879.434900,12646,19376052,1841706.085850,0
1773862200000,0.094940,0.095080,0.094630,0.094700,61059244,1773863099999,5792445.087760,11790,23253797,2206412.301310,0
1773863100000,0.094700,0.094700,0.094450,0.094590,40337563,1773863999999,3814509.655090,9666,18623748,1761361.823140,0
1773864000000,0.094600,0.094650,0.093880,0.094420,105440371,1773864899999,9934511.234080,19977,48284230,4549745.519440,0
1773864900000,0.094420,0.094600,0.094300,0.094490,28392562,1773865799999,2681603.948590,9224,18547544,1751899.487990,0
1773865800000,0.094500,0.094750,0.094460,0.094670,48571709,1773866699999,4595476.218480,8489,29228741,2765241.889440,0
1773866700000,0.094680,0.095180,0.094610,0.095080,64272028,1773867599999,6105745.251050,9509,32145993,3051907.062300,0
1773867600000,0.095080,0.095330,0.094940,0.095120,30093378,1773868499999,2861887.774380,8887,15110465,1437095.120200,0
1773868500000,0.095120,0.095440,0.095030,0.095300,40013591,1773869399999,3812467.670440,7960,23689993,2257278.785780,0
1773869400000,0.095310,0.095580,0.095190,0.095400,33981411,1773870299999,3241289.423580,8252,15935924,1520140.064170,0
1773870300000,0.095400,0.095420,0.095240,0.095300,18138493,1773871199999,1729192.818050,4757,7928080,755788.614070,0
1773871200000,0.095290,0.095290,0.094840,0.094940,38824832,1773872099999,3689727.000070,11343,18965348,1802520.137280,0
1773872100000,0.094940,0.095180,0.094900,0.095130,15614821,1773872999999,1483756.228120,5775,8499927,807798.748470,0
1773873000000,0.095140,0.095180,0.094920,0.095010,11062092,1773873899999,1051713.495120,4605,5280085,502114.082280,0
1773873900000,0.095010,0.095030,0.094840,0.094920,24069540,1773874799999,2284863.536270,5016,13872853,1317015.713330,0
1773874800000,0.094920,0.095090,0.094840,0.094840,20955203,1773875699999,1989717.885940,7143,9722200,923146.436230,0
1773875700000,0.094840,0.095010,0.094720,0.094970,21501390,1773876599999,2039980.955530,6205,12339296,1170903.306040,0
1773876600000,0.094970,0.095220,0.094930,0.094960,29549582,1773877499999,2809304.137550,7615,14769620,1404286.027480,0
1773877500000,0.094970,0.095230,0.094900,0.095200,27348941,1773878399999,2599905.359170,7124,15298353,1454449.164180,0
1773878400000,0.095200,0.095320,0.094990,0.095270,43900056,1773879299999,4177827.553010,12060,26280689,2501082.821450,0
1773879300000,0.095280,0.095440,0.095130,0.095400,28718240,1773880199999,2737179.195620,8360,16808764,1602238.315190,0
1773880200000,0.095400,0.095420,0.094950,0.094970,25873367,1773881099999,2461974.555870,8325,9899335,942295.677020,0
1773881100000,0.094960,0.095110,0.094930,0.095010,18620277,1773881999999,1769107.346970,6426,9150183,869423.678130,0
1773882000000,0.095000,0.095210,0.094870,0.095020,25351001,1773882899999,2408847.848840,9790,10867534,1032739.897200,0
1773882900000,0.095030,0.095060,0.094810,0.094980,16201371,1773883799999,1538084.801650,6054,7169219,680630.014920,0
1773883800000,0.094980,0.095160,0.094870,0.095080,20749185,1773884699999,1972073.851100,6912,13293739,1263462.413380,0
1773884700000,0.095080,0.095090,0.094820,0.094820,16917889,1773885599999,1606744.049210,5487,8491697,806427.783380,0
1773885600000,0.094830,0.094830,0.094390,0.094770,53931783,1773886499999,5102576.606630,12886,25364065,2400150.776240,0
1773886500000,0.094770,0.094930,0.094600,0.094700,24492319,1773887399999,2320975.208580,7553,11025381,1044984.668590,0
1773887400000,0.094700,0.094850,0.094640,0.094770,14330806,1773888299999,1357706.535460,5155,7408205,701878.322660,0
1773888300000,0.094760,0.094780,0.094450,0.094510,21601263,1773889199999,2042899.620830,5307,11884094,1123912.207420,0
1773889200000,0.094500,0.094950,0.094500,0.094940,38372626,1773890099999,3633816.670890,7714,24292552,2299941.082720,0
1773890100000,0.094930,0.096060,0.094900,0.095870,147774892,1773890999999,14127301.482540,24590,74986858,7167884.496020,0
1773891000000,0.095880,0.095960,0.095240,0.095360,48329556,1773891899999,4616807.570460,12036,17247651,1647406.378140,0
1773891900000,0.095350,0.095490,0.095280,0.095390,20085747,1773892799999,1915819.523130,6952,9785067,933505.037310,0
1773892800000,0.095400,0.095460,0.094980,0.095170,41138113,1773893699999,3916571.013250,12374,17467452,1663248.654980,0
1773893700000,0.095160,0.095240,0.094660,0.094750,61559214,1773894599999,5843784.281090,11549,23177733,2200248.154470,0
1773894600000,0.094740,0.094960,0.094670,0.094870,31450756,1773895499999,2982320.595820,7832,14571127,1381990.549640,0
1773895500000,0.094860,0.094920,0.094710,0.094740,16232587,1773896399999,1538958.625140,4858,8226661,779967.823000,0
1773896400000,0.094730,0.094930,0.094640,0.094710,33137199,1773897299999,3140930.241170,7076,16875997,1599975.274450,0
1773897300000,0.094720,0.094880,0.094250,0.094410,46143354,1773898199999,4361793.929820,8274,16554712,1565675.672570,0
1773898200000,0.094400,0.094560,0.094190,0.094450,47622857,1773899099999,4492828.217560,9763,20275999,1913466.746060,0
1773899100000,0.094450,0.094540,0.094320,0.094480,15576213,1773899999999,1471337.231640,5103,11108255,1049357.684730,0
1773900000000,0.094490,0.094740,0.094350,0.094650,34596272,1773900899999,3271284.534720,9924,18594763,1758180.839690,0
1773900900000,0.094650,0.094860,0.094450,0.094460,28819322,1773901799999,2729156.330670,8142,13653365,1293120.613780,0
1773901800000,0.094460,0.094610,0.094130,0.094610,38357552,1773902699999,3618327.266010,10112,18060476,1704201.661740,0
1773902700000,0.094610,0.094730,0.094460,0.094550,30332463,1773903599999,2868652.624020,8207,16527850,1563063.638530,0
1773903600000,0.094540,0.094710,0.094110,0.094250,112846198,1773904499999,10652033.719160,19935,53069746,5009457.715580,0
1773904500000,0.094250,0.094330,0.093130,0.093900,296585067,1773905399999,27802809.447380,35592,112063565,10506324.768380,0
1773905400000,0.093890,0.094810,0.093830,0.094380,103604464,1773906299999,9774111.013380,17984,53824640,5073998.623760,0
1773906300000,0.094380,0.094600,0.094180,0.094330,47154435,1773907199999,4449645.736990,11576,26465236,2497448.831130,0
1773907200000,0.094320,0.094610,0.094300,0.094370,51046935,1773908099999,4820903.224700,12894,23520388,2221561.573910,0
1773908100000,0.094370,0.094510,0.094150,0.094180,28084712,1773908999999,2648435.663490,8661,11449171,1080046.121000,0
1773909000000,0.094180,0.094590,0.094070,0.094320,54653164,1773909899999,5150952.655640,11593,31952527,3011487.466490,0
1773909900000,0.094310,0.094440,0.094080,0.094150,33559185,1773910799999,3163048.532670,8057,22260525,2098326.712590,0
1773910800000,0.094150,0.094430,0.094140,0.094390,37391061,1773911699999,3526660.758550,9337,19734898,1861252.420640,0
1773911700000,0.094390,0.095360,0.094330,0.094910,136005515,1773912599999,12907920.381960,20066,83521819,7927285.898950,0
1773912600000,0.094900,0.095080,0.094780,0.094910,44359087,1773913499999,4210794.391460,11992,17041748,1617922.580700,0
1773913500000,0.094910,0.095170,0.094890,0.095010,27835927,1773914399999,2645070.551970,10758,14674165,1394591.938900,0
1773914400000,0.095010,0.095090,0.094720,0.094810,30169204,1773915299999,2862132.394050,9012,13990182,1327218.367110,0
1773915300000,0.094810,0.094960,0.094720,0.094750,16683782,1773916199999,1582248.924340,6047,7206714,683532.971470,0
1773916200000,0.094740,0.094760,0.094210,0.094300,44645071,1773917099999,4218084.150040,8710,15280943,1443783.138590,0
1773917100000,0.094300,0.094340,0.094080,0.094150,48444029,1773917999999,4562953.120070,8878,18613055,1753503.001140,0
1773918000000,0.094150,0.094190,0.093880,0.093950,57119528,1773918899999,5370074.974250,11660,18140652,1705446.858060,0
1773918900000,0.093940,0.094220,0.093870,0.094120,69645192,1773919799999,6550427.561790,11129,31552951,2967877.939640,0
1773919800000,0.094110,0.094210,0.093710,0.093890,77921706,1773920699999,7316619.751760,10784,34181746,3209373.000060,0
1773920700000,0.093890,0.094020,0.093840,0.093960,29653393,1773921599999,2785572.768690,6298,14977781,1407110.480140,0
1773921600000,0.093950,0.093950,0.093660,0.093850,78173953,1773922499999,7332857.279400,16128,36752251,3448035.839750,0
1773922500000,0.093850,0.093880,0.093420,0.093590,64818122,1773923399999,6069746.538410,10736,30817046,2885746.550830,0
1773923400000,0.093590,0.093640,0.093360,0.093460,56164232,1773924299999,5251075.543370,11605,29623921,2769832.395030,0
1773924300000,0.093460,0.093460,0.092440,0.092500,220065649,1773925199999,20426165.746250,29029,88118975,8179162.598880,0
1773925200000,0.092490,0.092760,0.092080,0.092190,139037394,1773926099999,12853816.692310,27149,67850456,6275400.758640,0
1773926100000,0.092190,0.092930,0.092150,0.092660,93870461,1773926999999,8688616.728520,17788,35839813,3316789.995960,0
1773927000000,0.092650,0.093650,0.092350,0.093480,213066718,1773927899999,19839805.823570,36110,125960718,11733910.478490,0
1773927900000,0.093480,0.093620,0.093100,0.093320,96476629,1773928799999,9003048.017980,21615,44341100,4138027.371170,0
1773928800000,0.093330,0.093740,0.092960,0.093010,76080363,1773929699999,7092427.666180,22222,31515997,2938227.884770,0
1773929700000,0.093010,0.093120,0.092470,0.092550,62515223,1773930599999,5799637.765890,16158,27526472,2553667.536590,0
1773930600000,0.092550,0.093110,0.092500,0.092970,66606339,1773931499999,6181941.159410,16619,44574832,4137631.168620,0
1773931500000,0.092960,0.093370,0.092940,0.093020,47166483,1773932399999,4392831.950970,13456,23622440,2200507.608010,0
1773932400000,0.093020,0.093440,0.092860,0.093080,52969516,1773933299999,4934740.564340,14467,22707329,2115464.418500,0
1773933300000,0.093070,0.093210,0.092280,0.092330,69483852,1773934199999,6434534.793800,17172,27054789,2505216.769190,0
1773934200000,0.092320,0.092600,0.092280,0.092390,59010495,1773935099999,5454204.762740,15337,28926030,2673700.091730,0
1773935100000,0.092390,0.093010,0.092230,0.092830,69930345,1773935999999,6479829.819040,17644,38296416,3548759.447750,0
1773936000000,0.092820,0.092850,0.092330,0.092440,52944122,1773936899999,4902200.534320,13578,18762479,1737173.026960,0
1773936900000,0.092430,0.092530,0.092140,0.092280,85306214,1773937799999,7875061.813840,14189,48009488,4432537.773830,0
1773937800000,0.092290,0.092640,0.092040,0.092450,61101085,1773938699999,5639518.329240,12520,29319707,2706662.526310,0
1773938700000,0.092460,0.092500,0.092130,0.092350,25465203,1773939599999,2350070.794900,8303,12535453,1156937.050280,0
1773939600000,0.092340,0.092340,0.091710,0.091880,91346236,1773940499999,8399225.272290,17934,37202090,3420167.394060,0
1773940500000,0.091890,0.092730,0.091770,0.092570,64475365,1773941399999,5951483.435260,15015,34529625,3186337.984840,0
1773941400000,0.092560,0.092640,0.092220,0.092350,32037634,1773942299999,2960626.327000,9521,13903665,1285027.651240,0
1773942300000,0.092340,0.092970,0.092300,0.092840,34624071,1773943199999,3209976.896170,10746,20431348,1894413.253810,0
1773943200000,0.092850,0.093030,0.092780,0.092930,23889551,1773944099999,2218822.957780,8767,10860046,1008819.625360,0
1773944100000,0.092930,0.092930,0.092550,0.092560,35726238,1773944999999,3311360.839770,8251,12104956,1121928.585240,0
1773945000000,0.092560,0.092620,0.092420,0.092480,18872506,1773945899999,1745904.713360,6092,9917006,917442.497590,0
1773945900000,0.092490,0.092810,0.092420,0.092720,16729679,1773946799999,1548436.444910,5743,10685004,989164.042270,0
1773946800000,0.092710,0.093840,0.092690,0.093530,108180528,1773947699999,10106819.260350,25060,50552044,4721596.863150,0
1773947700000,0.093530,0.093900,0.093370,0.093460,71497202,1773948599999,6695813.769880,18398,39892831,3736742.337020,0
1773948600000,0.093460,0.093530,0.093180,0.093480,28777918,1773949499999,2687275.362600,10029,11498415,1073737.698690,0
1773949500000,0.093480,0.093640,0.093220,0.093290,22617194,1773950399999,2111968.992930,7525,9914006,925762.710770,0
1773950400000,0.093280,0.093420,0.093190,0.093350,23449889,1773951299999,2187757.840850,6272,10540867,983633.807810,0
1773951300000,0.093350,0.093530,0.093290,0.093350,28685582,1773952199999,2679415.174650,6320,16459924,1537696.537200,0
1773952200000,0.093360,0.093750,0.093300,0.093500,23898513,1773953099999,2234551.269870,6418,12716564,1189066.203730,0
1773953100000,0.093510,0.093600,0.093440,0.093510,19269306,1773953999999,1801987.838000,4836,9986662,933936.497970,0
1773954000000,0.093510,0.093750,0.093500,0.093730,23518960,1773954899999,2202286.041320,6175,10381317,972091.006470,0
1773954900000,0.093740,0.093740,0.093530,0.093560,14990760,1773955799999,1403490.349760,4331,7784921,728844.134880,0
1773955800000,0.093570,0.093640,0.093420,0.093560,14850816,1773956699999,1388770.976030,4693,8087234,756282.148040,0
1773956700000,0.093560,0.093710,0.093470,0.093590,12539897,1773957599999,1173278.206010,4275,5998255,561255.797310,0
1773957600000,0.093590,0.093640,0.093310,0.093410,31791263,1773958499999,2970160.506120,8735,16240613,1517360.315770,0
1773958500000,0.093410,0.093520,0.093280,0.093480,22236198,1773959399999,2077568.204450,5041,10911481,1019518.939870,0
1773959400000,0.093480,0.093490,0.092940,0.093060,42736901,1773960299999,3979904.066270,10754,15388146,1433179.526100,0
1773960300000,0.093050,0.093250,0.093020,0.093250,14036843,1773961199999,1307447.210100,4784,6258691,583017.739250,0
1773961200000,0.093250,0.093670,0.093250,0.093650,34314000,1773962099999,3209646.751310,8812,23117003,2162233.452690,0
1773962100000,0.093660,0.093660,0.093300,0.093580,31989177,1773962999999,2989986.616380,6335,17807810,1664308.031770,0
1773963000000,0.093590,0.093670,0.093140,0.093300,30706125,1773963899999,2865922.918610,7036,15357798,1432954.422090,0
1773963900000,0.093290,0.093560,0.093260,0.093490,20479895,1773964799999,1912905.886590,4652,13932682,1301302.600910,0
1773964800000,0.093480,0.093760,0.093450,0.093730,20117060,1773965699999,1883110.459450,6979,12188332,1141018.244100,0
1773965700000,0.093730,0.093910,0.093480,0.093650,47039510,1773966599999,4408396.122460,7924,22640483,2122059.180450,0
1773966600000,0.093650,0.093910,0.093600,0.093790,28385370,1773967499999,2662054.011840,7185,15986681,1499155.016250,0
1773967500000,0.093800,0.093930,0.093760,0.093880,25709206,1773968399999,2412867.051580,5952,19055945,1788517.657500,0
1773968400000,0.093890,0.094400,0.093890,0.094210,85438817,1773969299999,8045667.522110,14299,49505877,4662520.980350,0
1773969300000,0.094220,0.094280,0.094010,0.094110,31770457,1773970199999,2991174.191370,7749,13823690,1301598.201980,0
1773970200000,0.094120,0.094620,0.094120,0.094390,83356867,1773971099999,7870734.633940,12010,37642555,3553869.390020,0
1773971100000,0.094400,0.094480,0.094170,0.094190,34237650,1773971999999,3230435.335940,7003,17044005,1608400.469680,0
1773972000000,0.094200,0.094280,0.094040,0.094050,32692873,1773972899999,3078273.446130,8887,16724314,1574805.359420,0
1773972900000,0.094040,0.094050,0.093660,0.093770,50893708,1773973799999,4776683.801300,9994,15417520,1447137.222450,0
1773973800000,0.093770,0.093940,0.093490,0.093920,42128209,1773974699999,3945301.034050,8229,19419227,1819169.472820,0
1773974700000,0.093920,0.094080,0.093790,0.093940,37878620,1773975599999,3556972.463450,6656,15084749,1416832.462810,0
1773975600000,0.093930,0.093980,0.093760,0.093920,25098723,1773976499999,2356818.874170,7585,12755697,1197876.090980,0
1773976500000,0.093920,0.094320,0.093910,0.094320,30053627,1773977399999,2830621.834610,7446,19917051,1876132.822990,0
1773977400000,0.094320,0.094480,0.093980,0.094040,36990580,1773978299999,3485406.812420,8864,17154727,1616979.141320,0
1773978300000,0.094050,0.094160,0.093960,0.094030,36137340,1773979199999,3398956.975060,7037,19015209,1788503.824750,0
1773979200000,0.094030,0.094270,0.093980,0.094150,38879848,1773980099999,3659540.193380,8677,23182797,2182165.210620,0
1773980100000,0.094150,0.094270,0.094090,0.094250,20350298,1773980999999,1916378.632900,5691,11540823,1086951.532120,0
1773981000000,0.094240,0.094250,0.093740,0.093820,44681934,1773981899999,4196401.890940,8815,15529171,1457821.546460,0
1773981900000,0.093810,0.094640,0.093750,0.094560,71525225,1773982799999,6747115.205730,9701,49056722,4625963.135510,0
1773982800000,0.094550,0.094940,0.094450,0.094920,63216380,1773983699999,5986666.330770,13756,35478543,3360626.102980,0
1773983700000,0.094930,0.095380,0.094710,0.094750,129149920,1773984599999,12283459.085120,17722,65998165,6278047.398020,0
1773984600000,0.094740,0.095180,0.094610,0.095050,41471726,1773985499999,3934035.296360,10619,22444263,2129260.128310,0
1773985500000,0.095050,0.095110,0.094650,0.094700,24360281,1773986399999,2310291.042610,6888,10049385,953110.906590,0
1773986400000,0.094700,0.094820,0.094560,0.094800,30805448,1773987299999,2916056.564730,8384,14142276,1338768.348370,0
1773987300000,0.094800,0.094820,0.094560,0.094640,27476606,1773988199999,2600284.267250,7373,9845525,931777.031270,0
1773988200000,0.094650,0.094700,0.094310,0.094520,28116887,1773989099999,2657274.040130,8156,12924330,1221565.025910,0
1773989100000,0.094510,0.094580,0.094270,0.094350,24263929,1773989999999,2290852.501720,6638,11226948,1060261.310030,0
1773990000000,0.094340,0.094340,0.093580,0.093740,101673563,1773990899999,9540993.018320,19293,49813441,4673875.272510,0
1773990900000,0.093740,0.094120,0.093660,0.093840,30634770,1773991799999,2876945.990230,8109,14660834,1376776.644720,0
1773991800000,0.093830,0.094330,0.093730,0.094280,59536072,1773992699999,5604388.638290,12163,32095222,3021409.525730,0
1773992700000,0.094280,0.094310,0.093930,0.094020,56750434,1773993599999,5340618.793830,8583,19394721,1826049.301300,0
1773993600000,0.094020,0.095070,0.094000,0.094790,93754914,1773994499999,8867667.046040,18303,45560960,4309170.528810,0
1773994500000,0.094790,0.094830,0.094520,0.094530,39631903,1773995399999,3752566.563620,10073,20336327,1925506.201090,0
1773995400000,0.094520,0.094640,0.094350,0.094440,29344992,1773996299999,2772289.094710,9364,14224891,1344048.568450,0
1773996300000,0.094430,0.094580,0.094370,0.094440,24440264,1773997199999,2308821.105000,6372,10157552,959572.016690,0
1773997200000,0.094430,0.094450,0.094030,0.094030,31308607,1773998099999,2948409.621010,9110,11839065,1114941.561810,0
1773998100000,0.094030,0.094050,0.093620,0.093830,72950339,1773998999999,6843662.531720,13472,25969365,2436556.610490,0
1773999000000,0.093820,0.094140,0.093760,0.094090,31275829,1773999899999,2939690.068330,7677,16390161,1540591.534390,0
1773999900000,0.094090,0.094100,0.093730,0.093860,27717209,1774000799999,2602050.439260,6924,15169698,1424089.487380,0
1774000800000,0.093860,0.093880,0.093540,0.093560,58717009,1774001699999,5499997.165970,9948,26527849,2485613.428850,0
1774001700000,0.093560,0.093830,0.093430,0.093750,62467207,1774002599999,5848902.583880,9542,38899000,3642702.912080,0
1774002600000,0.093750,0.094420,0.093740,0.094280,41331631,1774003499999,3891091.226910,8808,25480113,2398696.602290,0
1774003500000,0.094270,0.094430,0.094260,0.094340,31821740,1774004399999,3001801.613890,5126,16562126,1562531.441040,0
1774004400000,0.094330,0.094670,0.094290,0.094650,54546372,1774005299999,5152604.645860,9283,31831337,3006884.098190,0
1774005300000,0.094660,0.094710,0.094200,0.094210,44078784,1774006199999,4162581.611840,7743,11421060,1078404.831290,0
1774006200000,0.094210,0.094250,0.093810,0.093910,53851759,1774007099999,5062128.946710,9026,16890231,1587454.791710,0
1774007100000,0.093900,0.094030,0.093800,0.094020,25542530,1774007999999,2398006.265800,5548,12201979,1145751.532130,0
1774008000000,0.094020,0.094390,0.094020,0.094250,62978758,1774008899999,5935644.827660,10371,27723748,2613026.067320,0
1774008900000,0.094250,0.094260,0.093850,0.093910,32597960,1774009799999,3066068.769970,6562,11751483,1105473.516310,0
1774009800000,0.093900,0.093980,0.093600,0.093790,59613893,1774010699999,5591077.781430,9870,30480188,2859126.252480,0
1774010700000,0.093780,0.093830,0.093650,0.093780,33324321,1774011599999,3124147.302440,5544,18969859,1778379.941860,0
1774011600000,0.093790,0.094010,0.093610,0.093760,33719858,1774012499999,3164270.842910,9375,16436384,1542504.437870,0
1774012500000,0.093760,0.094210,0.093700,0.093960,32464658,1774013399999,3049789.206850,8002,19495759,1831319.348480,0
1774013400000,0.093960,0.094040,0.093120,0.093880,141480876,1774014299999,13227955.745560,27620,64447639,6028464.746240,0
1774014300000,0.093880,0.093970,0.093240,0.093370,63604898,1774015199999,5951882.847830,15882,28826234,2698177.665500,0
1774015200000,0.093360,0.093870,0.092990,0.093500,116079570,1774016099999,10848428.812410,23649,64010780,5983216.092130,0
1774016100000,0.093490,0.093930,0.093200,0.093740,109664789,1774016999999,10253072.971930,18161,64150140,5998983.883090,0
1774017000000,0.093730,0.094220,0.093710,0.093970,107029323,1774017899999,10063279.046750,16855,56288065,5291208.271270,0
1774017900000,0.093970,0.094110,0.093520,0.093680,53560476,1774018799999,5023420.050540,10377,25439454,2386458.158220,0
1774018800000,0.093680,0.094020,0.093460,0.093980,51477276,1774019699999,4824229.430240,13531,29365462,2752430.694990,0
1774019700000,0.093980,0.094310,0.093620,0.093860,60414658,1774020599999,5676750.120330,13578,33721512,3168104.852050,0
1774020600000,0.093850,0.094150,0.093820,0.094020,48583545,1774021499999,4568542.198170,9567,28678294,2697107.017080,0
1774021500000,0.094010,0.094220,0.093940,0.094170,22718009,1774022399999,2137553.771350,7808,12017027,1130737.729140,0
1774022400000,0.094170,0.094420,0.093730,0.093830,79371344,1774023299999,7469588.855860,13604,35077109,3304096.803770,0
1774023300000,0.093840,0.094040,0.093660,0.093890,30182620,1774024199999,2832643.316530,8900,15466410,1451866.482620,0
1774024200000,0.093900,0.093910,0.093530,0.093670,54467658,1774025099999,5104079.628810,9858,31953976,2994768.792430,0
1774025100000,0.093670,0.094000,0.093520,0.093870,24080828,1774025999999,2258316.218650,7361,15561771,1459405.080100,0
1774026000000,0.093880,0.094060,0.093650,0.093930,27767762,1774026899999,2607563.555160,10802,11464179,1076715.327130,0
1774026900000,0.093930,0.094050,0.093640,0.093670,24762726,1774027799999,2323134.680850,7796,7220976,677568.713610,0
1774027800000,0.093660,0.093770,0.093370,0.093570,40310155,1774028699999,3771630.014420,10243,19380383,1813700.568680,0
1774028700000,0.093580,0.094100,0.093540,0.093990,30652637,1774029599999,2874742.697600,8011,19076796,1789300.172940,0
1774029600000,0.093990,0.094200,0.093940,0.094090,43299345,1774030499999,4073087.749970,8827,23796603,2238342.859680,0
1774030500000,0.094090,0.094130,0.093600,0.093620,25212804,1774031399999,2365937.418690,9166,11199800,1050912.361260,0
1774031400000,0.093620,0.093640,0.093140,0.093420,77608682,1774032299999,7245569.204150,12034,39151191,3654619.597580,0
1774032300000,0.093430,0.093680,0.093390,0.093500,35891567,1774033199999,3357560.338490,8205,24683403,2309131.797220,0
1774033200000,0.093510,0.093670,0.093360,0.093510,18233625,1774034099999,1705236.875190,7931,8802062,823234.752760,0
1774034100000,0.093520,0.093600,0.093280,0.093470,43291544,1774034999999,4044739.019880,7707,29482725,2754382.815550,0
1774035000000,0.093480,0.093640,0.092740,0.093460,102949821,1774035899999,9577656.366070,13718,33709983,3138603.584410,0
1774035900000,0.093460,0.093720,0.093330,0.093670,46958633,1774036799999,4390580.701130,8825,21799225,2038617.624880,0
1774036800000,0.093670,0.093740,0.093520,0.093590,31367904,1774037699999,2937348.214400,7537,16923432,1584847.695910,0
1774037700000,0.093590,0.093620,0.093250,0.093430,34429992,1774038599999,3216172.071920,5645,10986190,1026189.163110,0
1774038600000,0.093440,0.093450,0.093150,0.093320,29516552,1774039499999,2753724.078380,5692,13396735,1250054.153550,0
1774039500000,0.093320,0.093690,0.093290,0.093680,23021036,1774040399999,2153783.065590,4875,16423237,1536411.103900,0
1774040400000,0.093680,0.093710,0.093380,0.093560,26459556,1774041299999,2474647.100900,6033,10657695,996825.490910,0
1774041300000,0.093560,0.094300,0.093540,0.094220,71882636,1774042199999,6762504.310550,11100,38335583,3605996.030610,0
1774042200000,0.094230,0.094440,0.093940,0.093980,36771003,1774043099999,3464295.700190,7773,15765285,1485563.941390,0
1774043100000,0.093990,0.094190,0.093980,0.094170,11193087,1774043999999,1053282.494990,4239,5961870,561045.815450,0
1774044000000,0.094170,0.094910,0.094170,0.094640,74428530,1774044899999,7045177.167970,16254,42664037,4039034.706910,0
1774044900000,0.094640,0.094720,0.094460,0.094480,16552875,1774045799999,1565112.207520,5255,8655639,818412.323860,0
1774045800000,0.094490,0.094490,0.094270,0.094350,39860415,1774046699999,3761578.346960,5711,16513209,1558306.659520,0
1774046700000,0.094350,0.094510,0.094260,0.094300,17209116,1774047599999,1624420.818600,4469,8662838,817731.099710,0
1774047600000,0.094310,0.094320,0.093920,0.093940,22256453,1774048499999,2093622.279060,7171,7641991,718822.959940,0
1774048500000,0.093940,0.094120,0.093850,0.093970,14885259,1774049399999,1399315.632260,4864,7625901,716937.721290,0
1774049400000,0.093980,0.094110,0.093930,0.094040,9638669,1774050299999,906235.235740,3425,6534205,614354.575730,0
1774050300000,0.094050,0.094220,0.094050,0.094130,15139159,1774051199999,1425189.340090,4175,7488686,705040.287130,0
1774051200000,0.094120,0.094170,0.093990,0.094030,14894597,1774052099999,1401274.557010,5251,7592884,714375.382840,0
1774052100000,0.094040,0.094330,0.093980,0.094250,21373608,1774052999999,2013207.494420,6036,11999436,1130244.131790,0
1774053000000,0.094250,0.094340,0.094120,0.094200,16097373,1774053899999,1516967.277720,4681,9445726,890154.922850,0
1774053900000,0.094190,0.094320,0.094140,0.094270,9653555,1774054799999,909751.158640,2830,4492899,423515.823170,0
1774054800000,0.094280,0.094540,0.094250,0.094250,58742398,1774055699999,5545396.567730,7793,30731576,2901190.977410,0
1774055700000,0.094260,0.094280,0.094100,0.094110,15419877,1774056599999,1452049.794730,4541,5960218,561264.467140,0
1774056600000,0.094100,0.094160,0.093910,0.093960,17263539,1774057499999,1623480.199720,4907,6471120,608655.136750,0
1774057500000,0.093950,0.094040,0.093870,0.093940,11303916,1774058399999,1062133.588490,3905,4687266,440493.214160,0
1774058400000,0.093940,0.094300,0.093930,0.094280,31649469,1774059299999,2979547.664350,8275,23682811,2229375.854440,0
1774059300000,0.094270,0.094530,0.094270,0.094460,32268000,1774060199999,3045944.450030,6317,13684374,1291730.246590,0
1774060200000,0.094460,0.094750,0.094400,0.094650,52091242,1774061099999,4926628.531240,7160,35113640,3321157.983160,0
1774061100000,0.094650,0.094790,0.094590,0.094680,42341276,1774061999999,4008666.120450,7045,17681860,1674073.842940,0
1774062000000,0.094680,0.094940,0.094550,0.094810,48084834,1774062899999,4555567.314340,8461,23545865,2231452.273500,0
1774062900000,0.094800,0.094830,0.094600,0.094740,20224677,1774063799999,1915564.355000,5377,8284490,784749.445700,0
1774063800000,0.094730,0.094820,0.094640,0.094730,9918916,1774064699999,939762.834950,4222,4748909,449945.845710,0
1774064700000,0.094730,0.094790,0.094650,0.094670,12442249,1774065599999,1178451.998560,3863,5317443,503644.058860,0
1774065600000,0.094670,0.094750,0.094530,0.094550,20605037,1774066499999,1950157.968520,6162,8824060,835308.969040,0
1774066500000,0.094550,0.094830,0.094520,0.094760,14790508,1774067399999,1400694.794500,4921,7545597,714613.520570,0
1774067400000,0.094750,0.094760,0.094500,0.094540,19659677,1774068299999,1859351.668750,5863,7627521,721430.379580,0
1774068300000,0.094530,0.094630,0.094480,0.094550,11293056,1774069199999,1067847.814870,3304,5573299,527021.582120,0
1774069200000,0.094550,0.094870,0.094540,0.094780,26832728,1774070099999,2542949.106210,6741,14469844,1371150.115170,0
1774070100000,0.094790,0.094890,0.094680,0.094750,16389551,1774070999999,1553578.272010,5268,7000413,663693.893900,0
1774071000000,0.094750,0.094890,0.094700,0.094730,15865120,1774071899999,1503899.648610,5245,7302851,692298.894300,0
1774071900000,0.094720,0.094760,0.094650,0.094660,12378858,1774072799999,1172385.145850,3587,6130609,580670.130600,0
1774072800000,0.094660,0.094870,0.094650,0.094740,16893804,1774073699999,1601245.082090,5401,5978301,566540.244780,0
1774073700000,0.094730,0.094850,0.094730,0.094850,11809635,1774074599999,1119441.939920,3779,5939985,563072.007570,0
1774074600000,0.094840,0.094900,0.094710,0.094730,43535514,1774075499999,4127558.031250,4855,15453557,1465378.714000,0
1774075500000,0.094720,0.094770,0.094210,0.094560,111139427,1774076399999,10503706.308890,7986,27204447,2572108.195690,0
1774076400000,0.094560,0.094660,0.094410,0.094460,50703209,1774077299999,4793322.239070,7423,12368757,1169170.483700,0
1774077300000,0.094460,0.094610,0.094430,0.094570,23462852,1774078199999,2218403.930480,4956,13190705,1247148.657220,0
1774078200000,0.094570,0.094630,0.094370,0.094400,25799348,1774079099999,2436849.731160,5385,9895415,934868.772820,0
1774079100000,0.094390,0.094400,0.094210,0.094320,40697028,1774079999999,3837471.858760,6478,17207143,1622698.745660,0
1774080000000,0.094320,0.094400,0.094270,0.094320,28035005,1774080899999,2645007.136770,5261,16384380,1545978.560000,0
1774080900000,0.094320,0.094400,0.094170,0.094190,42837109,1774081799999,4038029.416890,6509,13166103,1241599.492430,0
1774081800000,0.094180,0.094330,0.094150,0.094300,19199194,1774082699999,1809429.755750,4034,10464994,986395.248890,0
1774082700000,0.094310,0.094360,0.094250,0.094320,18315547,1774083599999,1727075.426850,3427,8715588,821851.020250,0
1774083600000,0.094310,0.094450,0.094310,0.094400,22961634,1774084499999,2166898.173100,5541,13151909,1241209.304320,0
1774084500000,0.094400,0.094450,0.094300,0.094320,7145494,1774085399999,674156.503670,3053,2006033,189289.210370,0
1774085400000,0.094320,0.094390,0.094240,0.094280,11690596,1774086299999,1102485.507630,3761,4314294,406858.450640,0
1774086300000,0.094290,0.094300,0.094180,0.094270,16250261,1774087199999,1531413.089340,3440,7925559,746979.338850,0
1774087200000,0.094270,0.094300,0.093930,0.094000,35907804,1774088099999,3378499.069170,6350,10430765,981544.420390,0
1774088100000,0.094000,0.094010,0.093880,0.093940,21531470,1774088999999,2022720.528690,4188,11166557,1049108.007350,0
1774089000000,0.093950,0.094030,0.093930,0.094010,11157358,1774089899999,1048557.872980,3230,5483747,515384.660610,0
1774089900000,0.094000,0.094000,0.093830,0.093920,17033208,1774090799999,1599142.553740,3771,6328518,594176.271940,0
1774090800000,0.093920,0.093950,0.093880,0.093880,12043483,1774091699999,1131066.759370,4203,6535860,613863.977340,0
1774091700000,0.093890,0.094000,0.093880,0.093950,8193780,1774092599999,769678.585280,3102,4291849,403156.960180,0
1774092600000,0.093940,0.094010,0.093750,0.094010,39156759,1774093499999,3674452.756420,5546,10122496,950536.192270,0
1774093500000,0.094010,0.094030,0.093890,0.093960,8471140,1774094399999,796005.758520,3180,3854234,362161.324560,0
1774094400000,0.093960,0.094010,0.093840,0.093990,15157596,1774095299999,1423825.559130,4874,8415535,790553.774700,0
1774095300000,0.093990,0.094100,0.093940,0.094020,15184274,1774096199999,1427474.615190,4204,7720317,725787.653140,0
1774096200000,0.094020,0.094030,0.093860,0.093970,11346175,1774097099999,1066065.504790,3855,5346729,502380.448280,0
1774097100000,0.093970,0.094010,0.093880,0.093920,9712933,1774097999999,912305.548600,3215,5259925,494075.530330,0
1774098000000,0.093920,0.093950,0.093830,0.093850,11506426,1774098899999,1080077.495030,3987,7005913,657656.145760,0
1774098900000,0.093850,0.093910,0.093620,0.093640,29674315,1774099799999,2782614.664880,6063,7269722,681999.259840,0
1774099800000,0.093640,0.093720,0.093460,0.093570,41281412,1774100699999,3863195.658520,8671,15864372,1484654.297770,0
1774100700000,0.093570,0.093690,0.093530,0.093630,38772250,1774101599999,3629391.129250,6206,14417666,1349685.534170,0
1774101600000,0.093630,0.094230,0.093630,0.094110,53302643,1774102499999,5005895.706500,11009,32432670,3045641.538490,0
1774102500000,0.094100,0.094160,0.093890,0.093920,37895391,1774103399999,3562471.605350,7448,15618921,1468711.236780,0
1774103400000,0.093920,0.094070,0.093760,0.093860,35217399,1774104299999,3307252.765560,6566,16965790,1593278.688030,0
1774104300000,0.093850,0.093890,0.093530,0.093640,41635396,1774105199999,3902496.570780,8234,21679280,2032541.770050,0
1774105200000,0.093630,0.093800,0.093580,0.093740,29139946,1774106099999,2730519.564070,7597,14437823,1353038.215590,0
1774106100000,0.093740,0.093920,0.093590,0.093910,23645144,1774106999999,2216549.375450,6829,12189302,1142822.680290,0
1774107000000,0.093920,0.094220,0.093900,0.094120,33886070,1774107899999,3188655.950750,7868,18458178,1736877.109840,0
1774107900000,0.094130,0.094600,0.094130,0.094580,94097749,1774108799999,8881845.129860,11332,60954884,5754107.137910,0
1774108800000,0.094590,0.094610,0.094380,0.094440,56609135,1774109699999,5349501.333950,10908,29831917,2819383.933590,0
1774109700000,0.094450,0.094460,0.094180,0.094230,36062536,1774110599999,3400877.861540,7228,14262407,1344974.141660,0
1774110600000,0.094240,0.094480,0.094220,0.094370,21821140,1774111499999,2058590.215530,5177,12731516,1201125.524820,0
1774111500000,0.094380,0.094450,0.094160,0.094240,18085393,1774112399999,1705978.538050,4672,6830512,644160.175000,0
1774112400000,0.094250,0.094300,0.093860,0.093890,42932018,1774113299999,4038190.194670,8598,14106684,1327267.816020,0
1774113300000,0.093890,0.094070,0.093830,0.094020,16053402,1774114199999,1508613.796270,4953,8840683,830920.536260,0
1774114200000,0.094020,0.094190,0.094020,0.094130,20864933,1774115099999,1963644.806850,4399,15295493,1439454.525530,0
1774115100000,0.094130,0.094140,0.093960,0.094010,13620162,1774115999999,1280914.459810,3159,3942354,370779.537330,0
1774116000000,0.094000,0.094030,0.093870,0.093950,17386426,1774116899999,1633173.498080,5101,5034851,473070.013300,0
1774116900000,0.093950,0.094110,0.093920,0.094010,12134180,1774117799999,1140693.017000,3681,8986783,844788.205310,0
1774117800000,0.094020,0.094210,0.094010,0.094160,11973703,1774118699999,1126968.635850,4341,7419167,698255.807830,0
1774118700000,0.094160,0.094160,0.094000,0.094020,5315991,1774119599999,500169.478140,2771,1758955,165487.365370,0
1774119600000,0.094020,0.094040,0.093940,0.093950,11411695,1774120499999,1072436.300360,3709,4313497,405392.203590,0
1774120500000,0.093960,0.094000,0.093890,0.093970,6293268,1774121399999,591180.099130,2737,3397452,319177.794870,0
1774121400000,0.093980,0.093980,0.093810,0.093910,15841271,1774122299999,1487228.806460,3758,6127820,575289.107700,0
1774122300000,0.093920,0.094090,0.093910,0.094020,10343572,1774123199999,972267.679330,3366,6899348,648510.324310,0
1774123200000,0.094010,0.094110,0.093950,0.094040,10761638,1774124099999,1011850.979880,3726,5716120,537443.250790,0
1774124100000,0.094040,0.094340,0.093950,0.094340,15762402,1774124999999,1484467.710190,4251,9374108,882924.163700,0
1774125000000,0.094340,0.094360,0.094220,0.094250,18807223,1774125899999,1773230.977570,4928,8641121,814737.260680,0
1774125900000,0.094250,0.094310,0.094240,0.094270,5268403,1774126799999,496696.623360,2404,2274347,214437.867970,0
1774126800000,0.094270,0.094300,0.094000,0.094070,18456865,1774127699999,1737441.987070,5336,7055299,664011.462270,0
1774127700000,0.094070,0.094170,0.094000,0.094120,9757763,1774128599999,918053.199920,2895,3856351,362832.630800,0
1774128600000,0.094130,0.094290,0.094120,0.094180,12025188,1774129499999,1133010.847060,3435,5553723,523243.242440,0
1774129500000,0.094190,0.094250,0.094040,0.094110,10079572,1774130399999,948931.357940,2999,3238363,304827.237440,0
1774130400000,0.094100,0.094120,0.093880,0.093970,38532612,1774131299999,3619814.825560,7625,13019514,1223157.939580,0
1774131300000,0.093970,0.094030,0.093950,0.094010,8070892,1774132199999,758635.212020,2673,4277885,402112.951360,0
1774132200000,0.094020,0.094170,0.093980,0.094030,6802777,1774133099999,640080.518030,3079,3804341,357958.288930,0
1774133100000,0.094030,0.094090,0.093940,0.093950,12035950,1774133999999,1131380.133320,3288,5448882,512211.428490,0
1774134000000,0.093950,0.093950,0.093700,0.093780,25550774,1774134899999,2397173.885420,6224,9229358,865788.820910,0
1774134900000,0.093780,0.093870,0.093700,0.093710,11531847,1774135799999,1081414.800170,3426,6172380,578880.709880,0
1774135800000,0.093710,0.093760,0.093590,0.093700,25538169,1774136699999,2392038.279510,5941,11566800,1083515.599720,0
1774136700000,0.093710,0.093760,0.090500,0.091290,882340302,1774137599999,80997661.837190,113507,399588475,36662116.220150,0
1774137600000,0.091290,0.091470,0.089900,0.090990,398505413,1774138499999,36082412.883360,79415,181091481,16408164.113060,0
1774138500000,0.090990,0.091630,0.090920,0.091560,98093362,1774139399999,8962026.006560,26628,50692155,4631135.325430,0
1774139400000,0.091570,0.091930,0.091440,0.091640,84862276,1774140299999,7782123.183820,20938,36821462,3377094.176970,0
1774140300000,0.091650,0.091800,0.091190,0.091390,54879292,1774141199999,5017900.724640,15346,23435280,2142976.493390,0
1774141200000,0.091400,0.091830,0.091140,0.091330,67954169,1774142099999,6215278.108610,17665,32246686,2950350.564690,0
1774142100000,0.091330,0.091560,0.091190,0.091280,54004050,1774142999999,4934824.728340,13262,25628543,2342453.095480,0
1774143000000,0.091290,0.091450,0.090980,0.091070,60899403,1774143899999,5553904.170110,11884,20522441,1872165.860970,0
1774143900000,0.091070,0.091480,0.091070,0.091410,65228790,1774144799999,5954616.314630,10478,29814053,2722108.982140,0
1774144800000,0.091410,0.091650,0.091410,0.091600,43564100,1774145699999,3988424.717420,11515,26847220,2457891.245700,0
1774145700000,0.091590,0.092330,0.091460,0.092210,58178941,1774146599999,5345662.153190,13972,36645712,3368516.219750,0
1774146600000,0.092200,0.092220,0.091830,0.091910,52702014,1774147499999,4845906.099850,11301,23758070,2184599.403940,0
1774147500000,0.091910,0.092110,0.091900,0.092000,29850773,1774148399999,2746385.842890,7958,15346700,1412080.754680,0
1774148400000,0.091990,0.092030,0.091680,0.091920,31983974,1774149299999,2937603.497930,8932,17922540,1646032.122630,0
1774149300000,0.091930,0.092860,0.091930,0.092560,114378460,1774150199999,10583746.583780,14838,79256101,7337163.988290,0
1774150200000,0.092560,0.092840,0.092340,0.092460,84709486,1774151099999,7839812.838700,16932,39062132,3615810.902280,0
1774151100000,0.092470,0.092470,0.092260,0.092280,31353640,1774151999999,2894746.319130,6618,13697564,1264627.180610,0
1774152000000,0.092280,0.092460,0.092210,0.092360,51776915,1774152899999,4781567.591110,9279,19747971,1823632.830160,0
1774152900000,0.092360,0.092610,0.092130,0.092230,34021280,1774153799999,3141525.223160,9201,18551780,1713255.105370,0
1774153800000,0.092240,0.092720,0.092200,0.092560,32812827,1774154699999,3035403.632410,9264,22023682,2037107.756950,0
1774154700000,0.092560,0.092780,0.092520,0.092620,37895886,1774155599999,3511358.371540,8120,17482106,1620131.757620,0
1774155600000,0.092610,0.092610,0.092410,0.092550,66289409,1774156499999,6131877.313250,7814,16723644,1546955.808550,0
1774156500000,0.092540,0.092600,0.092250,0.092280,27392544,1774157399999,2531991.397830,6264,9344618,863917.708150,0
1774157400000,0.092280,0.092400,0.092160,0.092180,42553845,1774158299999,3927720.537830,7487,28775593,2656276.795940,0
1774158300000,0.092170,0.092280,0.092090,0.092120,15621499,1774159199999,1439545.202280,4840,6069251,559331.726070,0
1774159200000,0.092130,0.092130,0.091740,0.091740,51413508,1774160099999,4726119.217790,10848,21521866,1978698.211430,0
1774160100000,0.091740,0.091950,0.091700,0.091930,50302274,1774160999999,4617747.298850,7467,22811315,2094228.777880,0
1774161000000,0.091940,0.092000,0.091770,0.091830,20284882,1774161899999,1863071.159860,4942,8484283,779317.092540,0
1774161900000,0.091820,0.091940,0.091750,0.091840,16469132,1774162799999,1512494.393500,4929,7411671,680670.211180,0
1774162800000,0.091840,0.091990,0.091720,0.091800,19770066,1774163699999,1815992.465810,6418,10554605,969595.844480,0
1774163700000,0.091800,0.091930,0.091800,0.091820,26777283,1774164599999,2460058.481920,4444,15771792,1449088.804660,0
1774164600000,0.091820,0.091850,0.091520,0.091610,48013765,1774165499999,4400985.780260,9780,18174028,1665938.335980,0
1774165500000,0.091620,0.091660,0.091270,0.091290,79240794,1774166399999,7245806.025280,11177,29971485,2740971.383150,0
1774166400000,0.091300,0.091350,0.090890,0.091120,99770469,1774167299999,9089021.939630,17036,43736038,3985090.220900,0
1774167300000,0.091130,0.091220,0.090670,0.090840,114338752,1774168199999,10395864.657630,18149,49523289,4504891.944200,0
1774168200000,0.090840,0.091140,0.090720,0.090950,75429787,1774169099999,6861724.664330,12152,45717018,4160205.680850,0
1774169100000,0.090950,0.091210,0.090920,0.091120,25341811,1774169999999,2307112.697420,6240,13234909,1204930.241740,0
1774170000000,0.091120,0.091480,0.091080,0.091440,35204357,1774170899999,3214703.763940,8289,20823144,1901285.462080,0
1774170900000,0.091430,0.091580,0.090970,0.091010,55756210,1774171799999,5088654.419080,9746,24575449,2243899.184060,0
1774171800000,0.091010,0.091300,0.091010,0.091250,27150246,1774172699999,2475177.863540,5714,18843546,1717768.323250,0
1774172700000,0.091250,0.091260,0.091130,0.091160,12593653,1774173599999,1148470.717020,4016,5702677,520062.704210,0
1774173600000,0.091160,0.091170,0.090930,0.091040,19854558,1774174499999,1807766.093160,6121,6797919,618973.159780,0
1774174500000,0.091050,0.091150,0.090920,0.091050,23470254,1774175399999,2136853.892840,5652,12145175,1105914.135530,0
1774175400000,0.091060,0.091110,0.090870,0.090960,24207769,1774176299999,2202000.485700,5989,9422480,857148.939450,0
1774176300000,0.090970,0.091010,0.090860,0.090950,14646707,1774177199999,1331913.382740,4867,6759279,614725.739460,0
1774177200000,0.090950,0.091140,0.090870,0.091050,19587068,1774178099999,1782538.781470,6505,12122587,1103308.966680,0
1774178100000,0.091050,0.091240,0.090830,0.090960,34538597,1774178999999,3143656.712730,7952,15112286,1375818.399050,0
1774179000000,0.090960,0.091210,0.090840,0.091070,34472052,1774179899999,3138146.593020,7759,18215234,1658508.435410,0
1774179900000,0.091070,0.091140,0.090890,0.091060,25762056,1774180799999,2345245.084520,6848,12409943,1129800.711370,0
1774180800000,0.091070,0.091350,0.091040,0.091200,28493835,1774181699999,2598594.358610,7935,17235298,1571791.709620,0
1774181700000,0.091210,0.091940,0.091180,0.091790,103853381,1774182599999,9511939.610470,14930,55462880,5079122.334000,0
1774182600000,0.091790,0.091800,0.091560,0.091560,35470838,1774183499999,3251193.809930,7896,18512069,1696767.976140,0
1774183500000,0.091550,0.091620,0.091220,0.091440,33246121,1774184399999,3039145.077400,7835,14297429,1306969.660330,0
1774184400000,0.091450,0.091910,0.091440,0.091610,40255483,1774185299999,3689566.243350,11418,20759266,1902741.789750,0
1774185300000,0.091620,0.091620,0.091360,0.091440,39488057,1774186199999,3611881.000850,6502,16474120,1506591.661390,0
1774186200000,0.091430,0.091570,0.091080,0.091230,44035804,1774187099999,4019818.201680,9080,14473985,1321425.708220,0
1774187100000,0.091230,0.091390,0.091130,0.091320,16972842,1774187999999,1548921.398420,5683,7752183,707563.369470,0
1774188000000,0.091320,0.091460,0.091070,0.091390,30592580,1774188899999,2792569.120630,8111,14953994,1364991.658510,0
1774188900000,0.091400,0.091680,0.091360,0.091550,26526030,1774189799999,2428034.606880,6221,14253453,1304818.787700,0
1774189800000,0.091560,0.091770,0.091460,0.091610,55119598,1774190699999,5049206.121360,8303,27526619,2522034.199860,0
1774190700000,0.091610,0.091610,0.091310,0.091360,35842445,1774191599999,3277284.416130,5679,14368080,1313501.381670,0
1774191600000,0.091360,0.091640,0.091360,0.091560,27037033,1774192499999,2475014.692810,7955,16765769,1534761.874620,0
1774192500000,0.091560,0.091650,0.091380,0.091430,16989616,1774193399999,1554388.874170,6619,6848679,626614.692040,0
1774193400000,0.091440,0.091470,0.091240,0.091350,17754005,1774194299999,1622179.321630,5730,8975705,820192.441160,0
1774194300000,0.091350,0.091630,0.091320,0.091570,25136859,1774195199999,2299877.769710,5498,13178108,1205816.388610,0
1774195200000,0.091580,0.091580,0.091390,0.091440,19497665,1774196099999,1783263.871410,6133,7721357,706164.946320,0
1774196100000,0.091450,0.091520,0.091330,0.091390,9694702,1774196999999,886280.513100,4663,4612546,421668.956230,0
1774197000000,0.091390,0.091520,0.091340,0.091480,19192295,1774197899999,1754410.657330,5220,10368519,947845.990670,0
1774197900000,0.091490,0.091730,0.091480,0.091560,17985613,1774198799999,1647739.945920,4604,10774831,987104.397300,0
1774198800000,0.091560,0.091570,0.091370,0.091510,24234278,1774199699999,2216888.153350,6555,11513591,1053356.786700,0
1774199700000,0.091520,0.091580,0.091390,0.091480,20248343,1774200599999,1852527.350240,6165,6711269,614075.756490,0
1774200600000,0.091490,0.091550,0.091330,0.091400,12905723,1774201499999,1180018.130750,5535,5917317,541065.632600,0
1774201500000,0.091400,0.091500,0.091350,0.091400,17578133,1774202399999,1607419.993280,5005,10486115,958885.529690,0
1774202400000,0.091400,0.091400,0.091140,0.091260,30532821,1774203299999,2786223.994800,6897,11155900,1017974.047600,0
1774203300000,0.091270,0.091270,0.091050,0.091120,30834242,1774204199999,2809917.185520,6183,10031930,914156.650210,0
1774204200000,0.091120,0.091270,0.090120,0.090550,217341532,1774205099999,19684960.576440,29109,74614311,6759375.214480,0
1774205100000,0.090550,0.090750,0.090450,0.090720,34640126,1774205999999,3139307.402180,7582,19326904,1751661.798570,0
1774206000000,0.090720,0.090730,0.090280,0.090380,41070487,1774206899999,3716449.050950,10971,19102084,1728644.240020,0
1774206900000,0.090370,0.090440,0.090170,0.090180,36316676,1774207799999,3279734.408620,8100,12139373,1096502.996020,0
1774207800000,0.090170,0.090620,0.090030,0.090550,61567460,1774208699999,5560633.190720,10794,34404975,3107778.455670,0
1774208700000,0.090540,0.090580,0.090310,0.090450,31987279,1774209599999,2892019.640530,6885,13138602,1187999.231450,0
1774209600000,0.090450,0.090730,0.090440,0.090520,26177531,1774210499999,2371075.777710,7337,13035996,1180711.729350,0
1774210500000,0.090510,0.090720,0.090440,0.090510,17994434,1774211399999,1629936.223750,5180,11006149,997159.098100,0
1774211400000,0.090510,0.090530,0.090250,0.090280,22018274,1774212299999,1989286.994110,5880,5164725,466670.595340,0
1774212300000,0.090280,0.090280,0.090030,0.090170,42267097,1774213199999,3811355.992720,7954,17689565,1595009.178340,0
1774213200000,0.090170,0.090260,0.089070,0.089590,243965163,1774214099999,21859807.912820,38087,92620814,8296788.772970,0
1774214100000,0.089590,0.089860,0.089120,0.089790,102190712,1774214999999,9140162.022390,21983,49629859,4439573.928490,0
1774215000000,0.089780,0.090110,0.089580,0.089910,42762857,1774215899999,3841713.616240,12084,19402800,1743371.340780,0
1774215900000,0.089910,0.089970,0.089660,0.089880,27752352,1774216799999,2492687.864550,7806,13660756,1226993.994380,0
1774216800000,0.089870,0.090020,0.089260,0.089650,128320873,1774217699999,11495818.289260,25549,77636034,6952124.076190,0
1774217700000,0.089650,0.090590,0.089580,0.090380,75538607,1774218599999,6809776.767960,18715,40713767,3670511.228140,0
1774218600000,0.090390,0.090510,0.090160,0.090220,58613197,1774219499999,5294635.673580,11815,21105482,1906390.202760,0
1774219500000,0.090220,0.090550,0.090220,0.090460,21154966,1774220399999,1912585.292210,7346,10360382,936580.888730,0
1774220400000,0.090470,0.090730,0.090280,0.090530,34278357,1774221299999,3102813.929800,10818,18578441,1682129.703720,0
1774221300000,0.090540,0.090560,0.090400,0.090400,22611803,1774222199999,2046459.771660,6416,9516203,861308.174110,0
1774222200000,0.090400,0.090490,0.090270,0.090380,19775040,1774223099999,1786797.216130,5695,8514527,769319.416720,0
1774223100000,0.090390,0.090390,0.089990,0.090080,32078262,1774223999999,2892112.042200,7935,10904630,983048.535910,0
1774224000000,0.090080,0.090520,0.090080,0.090310,46084660,1774224899999,4161005.982220,12208,23966079,2163954.604910,0
1774224900000,0.090310,0.090550,0.090170,0.090350,26362685,1774225799999,2382152.420820,8539,13863845,1252765.910770,0
1774225800000,0.090360,0.090410,0.089710,0.090210,47722445,1774226699999,4294848.183740,14798,22277174,2004958.144620,0
1774226700000,0.090220,0.090480,0.090140,0.090280,26644888,1774227599999,2406729.467200,9369,11329730,1023440.955730,0
1774227600000,0.090280,0.090630,0.090100,0.090430,37819311,1774228499999,3418729.494140,12404,18059259,1632622.464490,0
1774228500000,0.090430,0.090930,0.090420,0.090720,40125058,1774229399999,3639688.068870,11113,23269398,2110713.245480,0
1774229400000,0.090720,0.090910,0.090580,0.090730,23748840,1774230299999,2154783.030670,8600,11856669,1076109.298150,0
1774230300000,0.090740,0.090830,0.090440,0.090450,23452773,1774231199999,2125385.733700,8373,11753543,1065420.043920,0
1774231200000,0.090460,0.090700,0.090310,0.090350,28094725,1774232099999,2542598.463430,9142,14904918,1349088.209300,0
1774232100000,0.090350,0.091300,0.090300,0.091160,77257289,1774232999999,7032168.211750,13932,53318800,4855052.677110,0
1774233000000,0.091160,0.091200,0.090940,0.090940,48287728,1774233899999,4397859.515820,9369,18339708,1670353.405550,0
1774233900000,0.090940,0.091000,0.090790,0.090960,24425049,1774234799999,2220318.385550,6338,13324191,1211414.593980,0
1774234800000,0.090960,0.091430,0.090810,0.090820,60728870,1774235699999,5536073.359330,13609,28715369,2617770.317150,0
1774235700000,0.090830,0.090890,0.090680,0.090750,23732840,1774236599999,2153664.695640,6202,8399994,762417.921280,0
1774236600000,0.090760,0.090790,0.090610,0.090690,14446189,1774237499999,1310094.656180,5535,7052372,639604.357200,0
1774237500000,0.090690,0.090760,0.090570,0.090600,17124239,1774238399999,1552421.989770,4961,8300154,752513.157720,0
1774238400000,0.090590,0.090790,0.090580,0.090690,14425915,1774239299999,1308071.426450,5854,8477716,768769.068250,0
1774239300000,0.090690,0.090810,0.090610,0.090780,8705125,1774240199999,789806.159000,4494,5129440,465454.277110,0
1774240200000,0.090790,0.090910,0.090740,0.090740,12767372,1774241099999,1159588.300330,4755,5216558,473831.889030,0
1774241100000,0.090740,0.091100,0.090740,0.090990,25535175,1774241999999,2322661.078510,6510,11848535,1077557.144780,0
1774242000000,0.090990,0.091190,0.090920,0.091050,28776182,1774242899999,2620164.052220,9300,13311007,1212155.119920,0
1774242900000,0.091060,0.091110,0.090830,0.090850,17834595,1774243799999,1622046.566860,5939,7250800,659598.591380,0
1774243800000,0.090860,0.090870,0.090580,0.090660,27936719,1774244699999,2534166.483330,7679,11976230,1086257.906120,0
1774244700000,0.090660,0.091040,0.090600,0.090900,22449604,1774245599999,2037732.821890,7032,11987570,1088195.896220,0
1774245600000,0.090910,0.090910,0.090450,0.090570,33860153,1774246499999,3068587.165110,8784,15311155,1387572.470710,0
1774246500000,0.090570,0.090900,0.090570,0.090780,76126694,1774247399999,6910913.716230,8734,54660100,4962684.558140,0
1774247400000,0.090780,0.090810,0.090130,0.090210,80056129,1774248299999,7238863.135610,15156,32099028,2903226.422020,0
1774248300000,0.090220,0.090370,0.090010,0.090310,52824885,1774249199999,4765884.048940,12278,27955766,2522313.268980,0
1774249200000,0.090320,0.090350,0.089730,0.090130,96034953,1774250099999,8646803.316680,18732,38909190,3503481.485100,0
1774250100000,0.090130,0.090210,0.089690,0.089930,46953240,1774250999999,4221681.229420,11604,24436912,2196957.804720,0
1774251000000,0.089930,0.090650,0.089850,0.090600,60771852,1774251899999,5491472.341930,14190,34306348,3099938.318820,0
1774251900000,0.090600,0.090670,0.090330,0.090410,70033716,1774252799999,6338887.726230,11083,28516529,2581102.662950,0
1774252800000,0.090400,0.090780,0.090340,0.090680,41466842,1774253699999,3756232.004390,11152,19247925,1744062.417360,0
1774253700000,0.090680,0.090770,0.090440,0.090590,26206404,1774254599999,2373672.153940,7966,14805392,1340911.665800,0
1774254600000,0.090590,0.090710,0.090150,0.090220,41764541,1774255499999,3776323.825080,8478,13571659,1226876.555970,0
1774255500000,0.090230,0.090250,0.089760,0.089810,87281714,1774256399999,7855317.586390,11072,30371593,2733687.658950,0
1774256400000,0.089820,0.089840,0.089360,0.089560,150778296,1774257299999,13504806.803900,14932,56369976,5049172.145010,0
1774257300000,0.089570,0.089870,0.089530,0.089810,47458840,1774258199999,4256381.747210,8981,23630772,2119631.611270,0
1774258200000,0.089810,0.089810,0.089180,0.089540,99692621,1774259099999,8917349.521590,13295,37754675,3377856.206810,0
1774259100000,0.089550,0.089990,0.089540,0.089960,42012742,1774259999999,3771278.799740,7635,26860001,2411504.298610,0
1774260000000,0.089960,0.090360,0.089840,0.090180,87269066,1774260899999,7870840.586130,12164,35230662,3176109.539510,0
1774260900000,0.090190,0.090220,0.089780,0.089910,65347567,1774261799999,5878288.946700,9073,24007886,2160283.980860,0
1774261800000,0.089910,0.089930,0.089710,0.089840,20250847,1774262699999,1819028.199530,5680,9252839,831269.709370,0
1774262700000,0.089840,0.090050,0.089710,0.089920,30497051,1774263599999,2742172.788090,6611,15150433,1362307.072120,0
1774263600000,0.089930,0.095330,0.089930,0.094190,1295638796,1774264499999,121251713.554850,150602,689971754,64515304.808690,0
1774264500000,0.094190,0.095000,0.092280,0.093540,768851996,1774265399999,72099582.492300,88622,383227114,35983647.392660,0
1774265400000,0.093540,0.094170,0.093000,0.093230,253191503,1774266299999,23703113.008620,38264,105696442,9888932.192870,0
1774266300000,0.093240,0.093290,0.092340,0.092500,196165994,1774267199999,18188784.452050,35357,94535422,8765426.513170,0
1774267200000,0.092500,0.092990,0.091820,0.092600,269302115,1774268099999,24878839.607300,45112,128230793,11851492.936480,0
1774268100000,0.092600,0.092970,0.092370,0.092520,83033681,1774268999999,7688739.000430,22644,39704820,3676282.815570,0
1774269000000,0.092510,0.093240,0.092230,0.093140,122746117,1774269899999,11385168.956120,26237,70132273,6504429.148400,0
1774269900000,0.093140,0.093420,0.092980,0.093250,68085468,1774270799999,6344473.212810,17706,36124089,3366383.237680,0
1774270800000,0.093260,0.093550,0.092830,0.092910,70474199,1774271699999,6564904.301260,19991,30395653,2832787.045370,0
1774271700000,0.092920,0.093190,0.092920,0.093130,47266227,1774272599999,4399754.387840,12525,21536111,2004779.119060,0
1774272600000,0.093120,0.093980,0.092860,0.093730,139147749,1774273499999,13007254.178780,32573,78499609,7341187.055130,0
1774273500000,0.093720,0.094420,0.093610,0.094200,131704027,1774274399999,12390662.424540,28972,73551217,6920903.011050,0
1774274400000,0.094200,0.094670,0.093980,0.094100,143794527,1774275299999,13558722.647030,28543,86023021,8113106.295470,0
1774275300000,0.094100,0.094440,0.093910,0.094040,71788567,1774276199999,6761952.080870,17342,29572837,2785984.785870,0
1774276200000,0.094040,0.094450,0.093930,0.094210,48859630,1774277099999,4599483.854040,15491,25187246,2371463.859560,0
1774277100000,0.094220,0.094970,0.093990,0.094870,100304703,1774277999999,9469701.844270,17501,60655118,5727715.906950,0
1774278000000,0.094880,0.095740,0.094810,0.095230,180141302,1774278899999,17173414.539960,34558,98370021,9375733.653690,0
1774278900000,0.095220,0.095220,0.094760,0.094910,124823197,1774279799999,11854806.347570,23530,62235014,5911284.424160,0
1774279800000,0.094910,0.094950,0.094070,0.094220,103314021,1774280699999,9765915.165740,21754,46307895,4377437.276620,0
1774280700000,0.094210,0.094560,0.093630,0.093760,204230248,1774281599999,19182258.368770,30718,120760558,11342046.364850,0
1774281600000,0.093750,0.094260,0.093750,0.094100,114333497,1774282499999,10750311.870200,25867,58545508,5504025.059580,0
1774282500000,0.094100,0.094190,0.093110,0.093240,117562768,1774283399999,11003350.669470,22307,47547556,4450458.613510,0
1774283400000,0.093240,0.093580,0.093030,0.093440,66764714,1774284299999,6234045.918080,16191,34547111,3226304.081320,0
1774284300000,0.093440,0.094010,0.093360,0.093930,64881334,1774285199999,6085145.272130,14377,38650406,3624649.819950,0
1774285200000,0.093930,0.094500,0.093930,0.094100,57836561,1774286099999,5450551.077170,15506,28566662,2692255.617010,0
1774286100000,0.094110,0.094250,0.093720,0.094020,54726072,1774286999999,5142817.866620,13262,26444460,2485145.211840,0
1774287000000,0.094020,0.095040,0.093910,0.094740,71991953,1774287899999,6811749.440080,18481,39291480,3717292.130790,0
1774287900000,0.094740,0.095020,0.094620,0.094950,44239589,1774288799999,4196498.005280,10704,19704567,1868975.974120,0
1774288800000,0.094940,0.095190,0.094630,0.094830,64296073,1774289699999,6103722.414270,15137,31190580,2961318.939700,0
1774289700000,0.094820,0.095030,0.094750,0.094820,27755393,1774290599999,2633627.100270,9298,13122412,1245231.138560,0
1774290600000,0.094830,0.095220,0.094830,0.094980,37093336,1774291499999,3524281.550650,10935,19448525,1847485.311800,0
1774291500000,0.094980,0.095570,0.094970,0.095440,84737563,1774292399999,8071506.085630,15908,56623499,5392796.933880,0
1774292400000,0.095430,0.095770,0.095070,0.095290,68381825,1774293299999,6524518.609080,16866,32248677,3078117.389240,0
1774293300000,0.095290,0.095370,0.094880,0.094930,63908944,1774294199999,6075451.263480,11527,26924416,2559107.766870,0
1774294200000,0.094930,0.094970,0.094830,0.094930,29128647,1774295099999,2764192.193240,7118,14970975,1420762.160610,0
1774295100000,0.094930,0.095040,0.094740,0.094860,23359786,1774295999999,2216112.697790,7943,10930528,1037023.748560,0
1774296000000,0.094860,0.095420,0.094740,0.095410,45305681,1774296899999,4308409.823080,10663,26548820,2524922.125040,0
1774296900000,0.095410,0.095450,0.095200,0.095220,28524191,1774297799999,2719480.983950,6709,13920207,1327219.285440,0
1774297800000,0.095210,0.095290,0.095080,0.095170,31085337,1774298699999,2958023.018090,6695,13361028,1271261.672700,0
1774298700000,0.095180,0.095180,0.094910,0.094960,26305210,1774299599999,2499198.342540,5728,6321670,600566.525780,0
1774299600000,0.094960,0.095250,0.094930,0.095070,33809120,1774300499999,3214237.947860,8190,15459839,1469726.021490,0
1774300500000,0.095070,0.095170,0.094980,0.095050,23053491,1774301399999,2191653.637870,5810,13050061,1240634.181150,0
1774301400000,0.095040,0.095160,0.094960,0.095000,28045819,1774302299999,2666275.928530,6454,14796707,1406812.281800,0
1774302300000,0.095000,0.095080,0.094810,0.094930,18288436,1774303199999,1736383.847070,6384,7075509,671672.718250,0
1774303200000,0.094940,0.095030,0.094430,0.094630,42713342,1774304099999,4042255.309360,12025,20488111,1939010.647400,0
1774304100000,0.094630,0.094630,0.094340,0.094380,30963617,1774304999999,2925681.464330,7581,11197253,1058063.402540,0
1774305000000,0.094380,0.094380,0.094070,0.094220,34240260,1774305899999,3226414.351110,8268,13578591,1279396.988970,0
1774305900000,0.094220,0.094410,0.094130,0.094270,20129387,1774306799999,1897610.166740,5415,10084377,950670.762270,0
1774306800000,0.094260,0.094270,0.093030,0.093680,191935065,1774307699999,17981106.132530,18535,57002476,5344069.802410,0
1774307700000,0.093680,0.094070,0.093470,0.094010,72804668,1774308599999,6823893.559990,10607,50062156,4692058.604610,0
1774308600000,0.094010,0.094030,0.093790,0.093960,20533146,1774309499999,1928795.768230,6751,11387258,1069731.692830,0
1774309500000,0.093950,0.094320,0.093860,0.094080,36501648,1774310399999,3434757.234400,8324,21326002,2007143.197700,0
1774310400000,0.094080,0.094340,0.094020,0.094070,55979264,1774311299999,5271952.043810,11788,23072763,2173385.035330,0
1774311300000,0.094070,0.094090,0.093750,0.093820,33600515,1774312199999,3156100.620100,8923,12564964,1180190.921260,0
1774312200000,0.093820,0.093830,0.093070,0.093420,78696950,1774313099999,7356345.956920,15878,28570821,2670171.583860,0
1774313100000,0.093410,0.093850,0.093410,0.093600,45061275,1774313999999,4219687.216320,9311,21203013,1985384.133470,0
1774314000000,0.093590,0.093610,0.093260,0.093300,32457470,1774314899999,3033103.582140,10018,10371919,969293.055010,0
1774314900000,0.093310,0.093550,0.093200,0.093470,34392028,1774315799999,3211248.448560,8843,15980173,1492319.633460,0
1774315800000,0.093460,0.093460,0.092620,0.092830,136357804,1774316699999,12684689.866250,15913,33602285,3126338.624260,0
1774316700000,0.092830,0.093260,0.092730,0.093140,59064690,1774317599999,5491381.811700,11417,39987873,3716460.246320,0
1774317600000,0.093140,0.093850,0.093010,0.093370,60819102,1774318499999,5685692.327360,13528,30672808,2868066.688570,0
1774318500000,0.093380,0.093540,0.093240,0.093410,18701870,1774319399999,1746911.998080,7292,11140676,1040689.139120,0
1774319400000,0.093420,0.093660,0.093030,0.093270,40904374,1774320299999,3819360.575940,9063,21386299,1997933.026940,0
1774320300000,0.093280,0.093300,0.093030,0.093080,19570895,1774321199999,1823019.629280,6966,8333922,776210.147880,0
1774321200000,0.093080,0.093240,0.093020,0.093120,16712645,1774322099999,1556330.443110,7124,9711843,904440.534510,0
1774322100000,0.093130,0.093500,0.093120,0.093440,18446987,1774322999999,1720906.515690,6174,10618558,990552.069010,0
1774323000000,0.093450,0.093610,0.093290,0.093540,24556460,1774323899999,2294867.086140,6498,9762798,912306.285000,0
1774323900000,0.093550,0.093830,0.093500,0.093720,27323882,1774324799999,2559373.977540,6516,15561850,1457687.351700,0
1774324800000,0.093730,0.093870,0.093430,0.093520,31090825,1774325699999,2911437.219850,9230,16267121,1523741.144350,0
1774325700000,0.093520,0.093690,0.093440,0.093610,20057247,1774326599999,1876519.589590,4419,9880784,924424.892300,0
1774326600000,0.093610,0.093610,0.093250,0.093480,27369127,1774327499999,2556879.208390,7003,11980445,1119345.417870,0
1774327500000,0.093490,0.093680,0.093400,0.093560,14747702,1774328399999,1379401.555430,4715,8568524,801512.437760,0
1774328400000,0.093560,0.093560,0.093130,0.093270,32913102,1774329299999,3068850.441260,9847,15267206,1423494.468740,0
1774329300000,0.093260,0.093780,0.093260,0.093500,32363643,1774330199999,3027570.629550,8186,19322513,1807660.106340,0
1774330200000,0.093500,0.093680,0.093380,0.093600,22723628,1774331099999,2125334.070430,6028,11306011,1057766.048640,0
1774331100000,0.093610,0.093720,0.093510,0.093530,10536992,1774331999999,986199.940190,3958,5943843,556345.894350,0
1774332000000,0.093540,0.093560,0.093380,0.093480,20048556,1774332899999,1873429.362590,5695,9190123,858692.954870,0
1774332900000,0.093480,0.093610,0.093250,0.093460,17836996,1774333799999,1666101.607100,5891,9629282,899531.268970,0
1774333800000,0.093470,0.093750,0.093470,0.093580,38456301,1774334699999,3599975.858140,6153,14394201,1347530.483680,0
1774334700000,0.093570,0.093830,0.093470,0.093710,25521403,1774335599999,2390214.454450,5806,15986478,1497280.309660,0
1774335600000,0.093710,0.094780,0.093590,0.094550,113730802,1774336499999,10724126.369780,19497,65349188,6160406.739550,0
1774336500000,0.094550,0.094700,0.094400,0.094500,44171551,1774337399999,4175656.075290,10581,22624587,2138882.029270,0
1774337400000,0.094510,0.094890,0.094480,0.094670,55535044,1774338299999,5259049.299390,10675,29477110,2791967.310310,0
1774338300000,0.094660,0.095390,0.094600,0.095200,72818072,1774339199999,6919294.675080,13797,46229301,4392637.532340,0
1774339200000,0.095210,0.095590,0.095050,0.095440,82806673,1774340099999,7896654.832650,20054,47699170,4548619.718190,0
1774340100000,0.095450,0.095460,0.094990,0.095060,82223399,1774340999999,7824563.270600,13313,42598887,4054154.061280,0
1774341000000,0.095070,0.095310,0.094920,0.095280,59583016,1774341899999,5667454.889410,11134,38071637,3621616.400320,0
1774341900000,0.095280,0.095450,0.095030,0.095060,48819064,1774342799999,4648410.492770,11095,26573136,2530403.798520,0
1774342800000,0.095050,0.095100,0.094640,0.094650,57948749,1774343699999,5497606.610000,11849,27174938,2578433.231780,0
1774343700000,0.094650,0.094950,0.094640,0.094830,40796398,1774344599999,3866321.439450,7284,19590873,1856632.642890,0
1774344600000,0.094830,0.095250,0.094670,0.095210,70233009,1774345499999,6669979.037470,12088,37874206,3597648.766180,0
1774345500000,0.095210,0.095210,0.094890,0.095020,50400157,1774346399999,4790460.100260,8851,27159818,2581335.427120,0
1774346400000,0.095020,0.095030,0.094370,0.094490,142991307,1774347299999,13529113.136700,14339,46475677,4396609.394580,0
1774347300000,0.094490,0.094530,0.094010,0.094040,118061136,1774348199999,11127534.547910,12937,32530763,3066462.890790,0
1774348200000,0.094030,0.094160,0.093840,0.094070,76747600,1774349099999,7215125.880920,10808,49291298,4634756.707970,0
1774349100000,0.094070,0.094200,0.093940,0.094140,64996098,1774349999999,6114757.992860,8017,40305131,3792363.427930,0
1774350000000,0.094150,0.094230,0.093640,0.093850,73701839,1774350899999,6922793.383110,14463,34820306,3270710.401430,0
1774350900000,0.093840,0.094040,0.093480,0.093980,76777836,1774351799999,7197753.690190,9673,35105505,3292811.011460,0
1774351800000,0.093980,0.094420,0.093940,0.094340,64150936,1774352699999,6047386.490530,9798,38231859,3604344.331040,0
1774352700000,0.094340,0.094410,0.093850,0.094170,49379515,1774353599999,4648749.097470,8034,22985943,2163916.146900,0
1774353600000,0.094180,0.094240,0.093970,0.094120,26719003,1774354499999,2514380.478420,8171,13125399,1235079.957870,0
1774354500000,0.094120,0.094310,0.094060,0.094270,19448970,1774355399999,1832256.525950,5902,9148519,861858.292910,0
1774355400000,0.094270,0.094540,0.094110,0.094420,35826188,1774356299999,3378499.033710,8117,17650708,1664560.135210,0
1774356300000,0.094420,0.094470,0.094260,0.094290,19111421,1774357199999,1803479.850220,5899,9390710,886202.253720,0
1774357200000,0.094300,0.094420,0.093930,0.094210,44886873,1774358099999,4226019.823240,10489,21903036,2062037.396480,0
1774358100000,0.094220,0.094510,0.094030,0.094500,37682032,1774358999999,3553012.360650,8345,21530212,2030129.989660,0
1774359000000,0.094500,0.094620,0.093710,0.093800,99571606,1774359899999,9378672.401340,21043,47858786,4509261.345500,0
1774359900000,0.093800,0.094020,0.093410,0.093600,131902819,1774360799999,12355630.954790,21338,63971433,5993534.079850,0
1774360800000,0.093590,0.094230,0.093250,0.093480,139409283,1774361699999,13073685.533440,22435,82730277,7759868.496260,0
1774361700000,0.093470,0.093570,0.093150,0.093390,79638797,1774362599999,7435789.776490,16384,40645667,3794941.777190,0
1774362600000,0.093380,0.093530,0.093000,0.093140,67348887,1774363499999,6279222.410530,14264,24230759,2259765.649940,0
1774363500000,0.093140,0.093630,0.092600,0.093430,242526567,1774364399999,22593000.729630,32563,114445040,10669760.603920,0
1774364400000,0.093430,0.093660,0.093280,0.093500,43928274,1774365299999,4105585.688950,15959,21388677,1998842.610930,0
1774365300000,0.093510,0.093840,0.093370,0.093560,53132842,1774366199999,4976686.918320,12722,25421618,2381440.284800,0
1774366200000,0.093570,0.093910,0.093340,0.093590,35992431,1774367099999,3369304.113910,9929,16522934,1546875.268530,0
1774367100000,0.093590,0.093590,0.093270,0.093300,31072719,1774367999999,2903652.825590,8057,15159480,1416872.992130,0
1774368000000,0.093310,0.093600,0.093220,0.093550,29934013,1774368899999,2795667.500370,9456,13925760,1300849.770870,0
1774368900000,0.093560,0.093710,0.093300,0.093460,25592737,1774369799999,2393674.428040,8223,10921073,1021542.451350,0
1774369800000,0.093460,0.093550,0.093020,0.093420,66360612,1774370699999,6191393.775270,11725,31012892,2893199.388700,0
1774370700000,0.093420,0.093510,0.093190,0.093240,36027538,1774371599999,3364061.831520,7324,13147779,1227643.084140,0
1774371600000,0.093250,0.093330,0.092850,0.093240,71306609,1774372499999,6636059.283850,15095,38784843,3609384.197580,0
1774372500000,0.093230,0.093330,0.092960,0.092990,19434915,1774373399999,1810742.772240,6882,7286980,679006.753440,0
1774373400000,0.092980,0.093080,0.092360,0.092460,99517474,1774374299999,9226318.472900,16447,34367796,3186592.666860,0
1774374300000,0.092450,0.092710,0.092400,0.092570,63566420,1774375199999,5882977.074380,12682,34637465,3206081.147310,0
1774375200000,0.092580,0.092810,0.092510,0.092620,38667306,1774376099999,3582687.384850,11539,18777427,1739922.880960,0
1774376100000,0.092610,0.092750,0.092470,0.092660,27823517,1774376999999,2577148.900260,7664,14448545,1338388.482370,0
1774377000000,0.092660,0.093220,0.092650,0.092910,42692026,1774377899999,3968766.712520,9905,20678916,1922665.114430,0
1774377900000,0.092910,0.092970,0.092810,0.092890,15589255,1774378799999,1447998.973280,5012,6420775,596404.435030,0
1774378800000,0.092890,0.093250,0.092880,0.093250,33686949,1774379699999,3136182.671390,7445,11939185,1111474.462640,0
1774379700000,0.093250,0.093330,0.093080,0.093120,15669641,1774380599999,1460598.447210,4654,7044311,656700.909000,0
1774380600000,0.093110,0.093170,0.092970,0.093050,18422122,1774381499999,1714276.300380,4922,8688803,808527.980180,0
1774381500000,0.093040,0.093100,0.092890,0.093070,16938568,1774382399999,1575382.783000,4737,8980787,835339.242350,0
1774382400000,0.093070,0.093270,0.092990,0.093270,15360178,1774383299999,1430119.988980,5428,7896684,735279.804620,0
1774383300000,0.093270,0.094890,0.093190,0.094340,117003070,1774384199999,11011593.550340,23104,62457382,5877102.340260,0
1774384200000,0.094340,0.094840,0.094330,0.094550,62089843,1774385099999,5870300.016410,14654,33008965,3120466.452780,0
1774385100000,0.094560,0.094770,0.094350,0.094550,37987867,1774385999999,3591889.238130,10312,20294686,1918971.083790,0
1774386000000,0.094550,0.094780,0.094280,0.094320,45039452,1774386899999,4256347.610440,11557,14592632,1379547.898420,0
1774386900000,0.094310,0.094370,0.094040,0.094350,29288500,1774387799999,2758626.197930,6245,10650797,1003184.394400,0
1774387800000,0.094340,0.094640,0.094250,0.094500,24333958,1774388699999,2298112.347640,6736,10516125,993061.471820,0
1774388700000,0.094500,0.094630,0.094330,0.094530,14796042,1774389599999,1397721.715010,5204,7702231,727595.549970,0
1774389600000,0.094530,0.094820,0.094350,0.094680,30688728,1774390499999,2903156.081000,10383,16410530,1552771.694480,0
1774390500000,0.094670,0.094880,0.094550,0.094590,25951973,1774391399999,2457923.641730,7694,12968154,1228505.946450,0
1774391400000,0.094600,0.094700,0.094360,0.094480,35227105,1774392299999,3329619.282220,8136,18306424,1730409.407420,0
1774392300000,0.094480,0.094740,0.094440,0.094670,26562229,1774393199999,2512121.070990,6879,14447953,1366425.137330,0
1774393200000,0.094660,0.094960,0.094630,0.094920,49296093,1774394099999,4672418.734170,8898,25456615,2413302.312040,0
1774394100000,0.094920,0.095400,0.094900,0.095250,106854297,1774394999999,10168270.378700,16146,59822651,5693181.082720,0
1774395000000,0.095250,0.095300,0.094980,0.095000,32493509,1774395899999,3091078.019470,7980,14353094,1365639.809160,0
1774395900000,0.095010,0.095200,0.095010,0.095060,21524107,1774396799999,2046925.478460,5462,11267874,1071584.549460,0
1774396800000,0.095060,0.095450,0.095000,0.095300,65499823,1774397699999,6236912.846790,13177,33747603,3213822.891970,0
1774397700000,0.095310,0.095310,0.094920,0.094990,51556879,1774398599999,4900981.026880,8313,16506556,1569454.492730,0
1774398600000,0.094990,0.095380,0.094550,0.095260,85045600,1774399499999,8077379.944220,14344,48248957,4582476.581110,0
1774399500000,0.095260,0.095460,0.094960,0.094960,41281970,1774400399999,3930548.435970,8650,21568582,2054238.030450,0
1774400400000,0.094970,0.095200,0.094870,0.094950,49469261,1774401299999,4700056.146830,10513,26649681,2532119.094070,0
1774401300000,0.094940,0.094990,0.094790,0.094950,32831848,1774402199999,3115396.729560,7690,21458109,2036139.021910,0
1774402200000,0.094940,0.095350,0.094770,0.095180,53188386,1774403099999,5057149.762980,10166,25537562,2427715.449610,0
1774403100000,0.095180,0.095250,0.095060,0.095110,24770298,1774403999999,2357525.223170,5893,12038629,1145770.142440,0
1774404000000,0.095120,0.095200,0.094930,0.095020,32710492,1774404899999,3110565.296020,8978,18107110,1721908.550670,0
1774404900000,0.095010,0.095100,0.094850,0.094850,29250507,1774405799999,2778066.686310,6562,12688732,1205208.965940,0
1774405800000,0.094850,0.094900,0.094730,0.094880,29422528,1774406699999,2789591.479870,6496,14227268,1349052.795590,0
1774406700000,0.094880,0.094960,0.094660,0.094710,27255818,1774407599999,2583712.546640,5765,10932798,1036278.832100,0
1774407600000,0.094700,0.094710,0.094330,0.094480,65158628,1774408499999,6160222.786690,9574,32128916,3037731.211020,0
1774408500000,0.094470,0.094900,0.094390,0.094870,46570955,1774409399999,4407889.234710,7003,30242426,2863592.749520,0
1774409400000,0.094870,0.095280,0.094870,0.095080,88099511,1774410299999,8380265.634710,10372,36809298,3501697.889070,0
1774410300000,0.095080,0.095280,0.095020,0.095180,36262981,1774411199999,3450694.091720,7024,21948190,2088686.836620,0
1774411200000,0.095170,0.095300,0.095080,0.095220,28676089,1774412099999,2729955.967000,7681,15583984,1483645.760240,0
1774412100000,0.095210,0.095220,0.095030,0.095100,16670037,1774412999999,1585592.080400,4934,9372792,891499.877700,0
1774413000000,0.095100,0.095110,0.094940,0.095020,12876272,1774413899999,1223518.539310,3884,6064297,576266.670390,0
1774413900000,0.095010,0.095660,0.095010,0.095520,63066280,1774414799999,6015825.172370,8910,42599120,4063489.016650,0
1774414800000,0.095520,0.096950,0.095510,0.096570,300834352,1774415699999,28949760.478000,38957,197623405,19012611.956900,0
1774415700000,0.096560,0.096570,0.095880,0.096180,118872074,1774416599999,11424984.738310,16612,56065727,5388689.938390,0
1774416600000,0.096180,0.096460,0.096170,0.096330,41118067,1774417499999,3958971.727130,10063,22818847,2197195.457370,0
1774417500000,0.096330,0.096350,0.096160,0.096200,22266764,1774418399999,2143301.793280,6665,9846492,947833.446820,0
1774418400000,0.096200,0.096460,0.096170,0.096350,37584204,1774419299999,3619769.146110,9989,19599405,1887838.506210,0
1774419300000,0.096350,0.097600,0.096340,0.097380,215485824,1774420199999,20898193.897660,30150,135193448,13110893.316050,0
1774420200000,0.097380,0.097670,0.097130,0.097220,111807778,1774421099999,10889547.370530,18480,50324778,4901449.527910,0
1774421100000,0.097220,0.097390,0.096920,0.096940,72990776,1774421999999,7093467.281740,14348,32860920,3195016.768780,0
1774422000000,0.096940,0.097350,0.096710,0.097300,113173862,1774422899999,10978438.811630,17514,64455970,6255664.322070,0
1774422900000,0.097300,0.097490,0.096970,0.097030,42274206,1774423799999,4109339.301680,10974,19120693,1859169.477030,0
1774423800000,0.097020,0.097580,0.097010,0.097060,49991684,1774424699999,4865952.084840,13785,26311638,2560968.047480,0
1774424700000,0.097060,0.097080,0.096500,0.096770,109765775,1774425599999,10619521.000470,15408,50701425,4905153.684720,0
1774425600000,0.096770,0.097330,0.096770,0.097080,56595767,1774426499999,5496196.357360,13701,29919813,2905427.516260,0
1774426500000,0.097080,0.097350,0.096910,0.097120,67435959,1774427399999,6552445.524230,12568,44247941,4299938.623400,0
1774427400000,0.097120,0.097480,0.097020,0.097240,77523877,1774428299999,7540249.053140,16369,42650329,4149838.134260,0
1774428300000,0.097230,0.097260,0.096930,0.096950,56548832,1774429199999,5490743.446500,10364,27820126,2701300.743330,0
1774429200000,0.096940,0.096970,0.096650,0.096700,54096118,1774430099999,5235014.582120,12115,18964311,1835376.434370,0
1774430100000,0.096690,0.096870,0.096600,0.096820,58872469,1774430999999,5695975.657160,11089,32312157,3126258.561960,0
1774431000000,0.096820,0.096840,0.096520,0.096650,41536071,1774431899999,4013566.009760,9560,15485884,1496482.318220,0
1774431900000,0.096650,0.096870,0.096400,0.096820,69828768,1774432799999,6746257.541450,10647,45977802,4441509.153130,0
1774432800000,0.096820,0.097070,0.096780,0.097020,48317869,1774433699999,4682887.573050,9180,17752441,1721179.741640,0
1774433700000,0.097020,0.097090,0.096860,0.097070,24442641,1774434599999,2369921.905030,6961,12433656,1205605.547860,0
1774434600000,0.097070,0.097120,0.096850,0.096900,23483342,1774435499999,2278060.916880,7603,8810817,854738.564700,0
1774435500000,0.096890,0.097070,0.096880,0.096980,23940035,1774436399999,2321177.977690,6336,12009585,1164524.292630,0
1774436400000,0.096970,0.097070,0.096740,0.096910,37566576,1774437299999,3638174.276820,8876,20881081,2022189.571890,0
1774437300000,0.096910,0.097230,0.096900,0.097210,61360779,1774438199999,5957769.728540,11452,33663136,3268495.716040,0
1774438200000,0.097210,0.097460,0.097030,0.097150,82677224,1774439099999,8039755.309560,15367,41627763,4049356.972860,0
1774439100000,0.097160,0.097220,0.096770,0.096930,41702895,1774439999999,4042017.230040,10262,21929899,2125702.424260,0
1774440000000,0.096940,0.097330,0.096940,0.097170,40658848,1774440899999,3949591.431530,9592,23612015,2293402.888550,0
1774440900000,0.097160,0.097170,0.096450,0.096790,99269848,1774441799999,9607445.574470,19712,50391272,4877279.925110,0
1774441800000,0.096790,0.097240,0.096530,0.097030,67922736,1774442699999,6584456.910310,13797,41706469,4043418.002680,0
1774442700000,0.097020,0.097950,0.096980,0.097700,113112252,1774443599999,11029415.704750,18706,60292230,5879697.875360,0
1774443600000,0.097710,0.097810,0.097410,0.097630,68481080,1774444499999,6684520.161810,15800,35503558,3466318.343510,0
1774444500000,0.097630,0.097850,0.097340,0.097350,36151296,1774445399999,3527298.892510,9531,16024329,1564043.444120,0
1774445400000,0.097340,0.097760,0.097250,0.097330,63635947,1774446299999,6205123.242640,15659,33160479,3234546.384650,0
1774446300000,0.097330,0.097490,0.097130,0.097350,53067701,1774447199999,5164291.820070,12821,32425844,3155402.043840,0
1774447200000,0.097340,0.097610,0.096990,0.097420,103851308,1774448099999,10107730.251070,20914,47064270,4583118.865060,0
1774448100000,0.097420,0.097800,0.097350,0.097520,53714560,1774448999999,5240026.313210,16182,30169221,2943188.923270,0
1774449000000,0.097530,0.097600,0.097160,0.097230,39074159,1774449899999,3803384.656900,12986,15860931,1543990.461720,0
1774449900000,0.097230,0.097270,0.096850,0.096890,53102288,1774450799999,5152227.476520,11898,30178916,2927960.698450,0
1774450800000,0.096890,0.096940,0.095790,0.095940,192893099,1774451699999,18571281.125000,29620,85602445,8243730.107200,0
1774451700000,0.095940,0.096160,0.095520,0.095990,225871388,1774452599999,21661063.629870,31536,138921843,13325258.926480,0
1774452600000,0.095990,0.096090,0.095620,0.095830,58393639,1774453499999,5598832.551700,14972,21373022,2049565.667030,0
1774453500000,0.095840,0.096130,0.095810,0.095920,41081731,1774454399999,3942323.863320,10317,18951460,1818763.674540,0
1774454400000,0.095930,0.096170,0.095780,0.096070,52470788,1774455299999,5036531.376020,12034,23179025,2225933.991160,0
1774455300000,0.096070,0.097070,0.095950,0.096780,113818417,1774456199999,10995820.059300,22287,60824032,5877729.678030,0
1774456200000,0.096790,0.096960,0.096640,0.096840,48740333,1774457099999,4717847.498110,12703,24613449,2382676.004600,0
1774457100000,0.096850,0.096860,0.096490,0.096550,37187401,1774457999999,3594744.228080,8418,20046073,1937695.535820,0
1774458000000,0.096550,0.096770,0.096470,0.096530,27896914,1774458899999,2694780.013680,8604,14051099,1357408.339990,0
1774458900000,0.096530,0.096550,0.096230,0.096390,31514170,1774459799999,3037325.713140,8094,14983281,1444342.449170,0
1774459800000,0.096380,0.096480,0.096200,0.096440,33029743,1774460699999,3182524.596310,7663,21325880,2055114.768130,0
1774460700000,0.096440,0.096570,0.096050,0.096160,38822820,1774461599999,3738628.645290,9319,16515415,1591067.586380,0
1774461600000,0.096160,0.096220,0.095950,0.096120,34674748,1774462499999,3331590.685690,9297,20237747,1944546.109630,0
1774462500000,0.096110,0.096550,0.096110,0.096360,36868120,1774463399999,3552895.064390,8176,21610219,2082461.890630,0
1774463400000,0.096360,0.096440,0.096120,0.096220,24916440,1774464299999,2399197.380180,6422,10360595,997735.987030,0
1774464300000,0.096210,0.096370,0.095940,0.096140,25777533,1774465199999,2478286.084020,7472,11053040,1063069.318980,0
1774465200000,0.096150,0.096320,0.095970,0.096290,23826047,1774466099999,2290820.342380,8754,13246868,1273592.207190,0
1774466100000,0.096290,0.096410,0.096210,0.096300,12593983,1774466999999,1212794.648270,5182,7916379,762338.913200,0
1774467000000,0.096300,0.096480,0.096180,0.096320,29068358,1774467899999,2799464.333770,6806,16284471,1568239.340030,0
1774467900000,0.096330,0.096480,0.096210,0.096400,13419081,1774468799999,1292805.454050,5260,5937997,572081.746370,0
1774468800000,0.096410,0.096440,0.096070,0.096110,36507821,1774469699999,3512007.289200,6865,18119206,1742826.942880,0
1774469700000,0.096110,0.096200,0.095710,0.095790,43127785,1774470599999,4138627.857270,7848,17544489,1683219.021570,0
1774470600000,0.095790,0.096070,0.095690,0.096070,18589165,1774471499999,1781560.525680,5442,12855910,1232173.451790,0
1774471500000,0.096060,0.096210,0.096000,0.096170,11793718,1774472399999,1133641.169490,3786,6563413,630883.107970,0
1774472400000,0.096170,0.096460,0.096030,0.096360,35921730,1774473299999,3456942.052210,6766,25857455,2488313.099420,0
1774473300000,0.096360,0.096400,0.096040,0.096130,17846756,1774474199999,1717148.896480,4620,7265325,699036.363580,0
1774474200000,0.096130,0.096280,0.096010,0.096180,16808862,1774475099999,1616314.159450,3773,11687662,1123864.094330,0
1774475100000,0.096180,0.096210,0.096040,0.096090,15150757,1774475999999,1456649.843920,3774,10269202,987409.160750,0
1774476000000,0.096100,0.096290,0.096000,0.096100,31242959,1774476899999,3003394.630110,7420,19748506,1898375.433520,0
1774476900000,0.096110,0.096120,0.095880,0.095940,18163414,1774477799999,1743741.825860,4747,7109172,682445.061140,0
1774477800000,0.095940,0.096790,0.095930,0.096390,63374765,1774478699999,6108037.672540,13490,34793024,3353043.729770,0
1774478700000,0.096390,0.096450,0.096250,0.096340,15151162,1774479599999,1460043.436090,4908,7994937,770448.477110,0
1774479600000,0.096340,0.096370,0.096110,0.096120,13149756,1774480499999,1265597.750560,5010,4999764,481271.943450,0
1774480500000,0.096120,0.096210,0.095990,0.096100,14468636,1774481399999,1390119.043890,4787,6160519,591944.462240,0
1774481400000,0.096100,0.096110,0.095940,0.095960,17930148,1774482299999,1721443.685570,5488,6977065,669924.518020,0
1774482300000,0.095960,0.096150,0.095830,0.096130,33461672,1774483199999,3211593.386530,6039,18205516,1747547.167690,0
1774483200000,0.096130,0.096220,0.095900,0.096000,42732820,1774484099999,4105275.886180,7702,18687531,1795709.486080,0
1774484100000,0.096000,0.096180,0.095980,0.096060,17641999,1774484999999,1694852.528090,5498,8108540,779045.894560,0
1774485000000,0.096050,0.096130,0.095890,0.096030,16334915,1774485899999,1568547.785300,4784,7244109,695645.059370,0
1774485900000,0.096020,0.096110,0.095690,0.095840,26844109,1774486799999,2573299.445670,6717,10299531,987276.394980,0
1774486800000,0.095830,0.095950,0.095610,0.095690,34833463,1774487699999,3336608.325030,8306,15105398,1447277.386440,0
1774487700000,0.095690,0.095890,0.095440,0.095870,43011661,1774488599999,4113009.859090,9047,20125872,1925014.544870,0
1774488600000,0.095870,0.096010,0.095730,0.095770,24595340,1774489499999,2358557.869320,6060,12981413,1245136.855680,0
1774489500000,0.095760,0.095830,0.095550,0.095630,26084167,1774490399999,2494872.844000,5944,10184147,974180.422720,0
1774490400000,0.095630,0.095660,0.095290,0.095340,48831803,1774491299999,4660405.733250,9777,22805676,2176454.305290,0
1774491300000,0.095340,0.095360,0.094910,0.094940,109842909,1774492199999,10442210.899080,14320,42923638,4080259.463080,0
1774492200000,0.094950,0.094950,0.094480,0.094680,126512813,1774493099999,11982804.142100,18559,53603459,5076888.356730,0
1774493100000,0.094690,0.094900,0.094660,0.094810,35875789,1774493999999,3400137.034070,8251,20719184,1963696.480100,0
1774494000000,0.094810,0.094850,0.094530,0.094830,48650931,1774494899999,4605866.807160,9819,26568463,2515658.212250,0
1774494900000,0.094830,0.094830,0.094060,0.094250,109070759,1774495799999,10289406.194340,13356,31299741,2952378.111890,0
1774495800000,0.094250,0.094480,0.094220,0.094470,52184220,1774496699999,4922744.188380,8434,36835411,3474961.704090,0
1774496700000,0.094470,0.094640,0.094440,0.094540,26290478,1774497599999,2485554.591910,5739,13452370,1271918.982140,0
1774497600000,0.094530,0.094530,0.094290,0.094290,28645976,1774498499999,2704547.446920,6985,14300537,1350184.606160,0
1774498500000,0.094280,0.094520,0.094260,0.094510,29341479,1774499399999,2769255.378850,5600,16650940,1571549.108750,0
1774499400000,0.094520,0.094570,0.094320,0.094360,28113074,1774500299999,2655190.009880,5735,13134146,1240655.815630,0
1774500300000,0.094360,0.094470,0.094140,0.094220,21508695,1774501199999,2028354.601840,5333,6999446,660161.402760,0
1774501200000,0.094220,0.094240,0.093760,0.093810,90469504,1774502099999,8499052.067810,14315,32805202,3082260.940960,0
1774502100000,0.093810,0.093930,0.093630,0.093790,51504659,1774502999999,4830866.590900,9607,26555199,2491142.596120,0
1774503000000,0.093790,0.093930,0.093080,0.093180,150045243,1774503899999,14020116.740120,17521,63063775,5893076.418040,0
1774503900000,0.093180,0.093230,0.092600,0.092700,205731192,1774504799999,19101379.446880,23586,103498518,9608517.666220,0
1774504800000,0.092690,0.092760,0.092450,0.092720,113293122,1774505699999,10491101.074970,19745,45245349,4190260.338350,0
1774505700000,0.092710,0.092800,0.092190,0.092460,103935102,1774506599999,9617371.759880,14639,37030644,3426020.787440,0
1774506600000,0.092460,0.092550,0.092310,0.092450,36820314,1774507499999,3403239.602310,9409,18338754,1695074.817190,0
1774507500000,0.092440,0.092830,0.092300,0.092600,125964310,1774508399999,11663130.981000,12772,85251503,7894883.823560,0
1774508400000,0.092600,0.092810,0.092490,0.092490,45537390,1774509299999,4217343.421540,10833,17947032,1662242.248200,0
1774509300000,0.092500,0.092690,0.092270,0.092480,52226571,1774510199999,4830155.685430,10419,21516632,1990305.170920,0
1774510200000,0.092480,0.092670,0.092360,0.092560,39208703,1774511099999,3626542.145560,9096,16733111,1547876.877250,0
1774511100000,0.092570,0.092820,0.092560,0.092690,34773623,1774511999999,3224011.730480,7354,15099695,1399921.894380,0
1774512000000,0.092690,0.092710,0.092360,0.092380,45550155,1774512899999,4215426.406990,17958,19396025,1795006.148310,0
1774512900000,0.092380,0.092520,0.092070,0.092120,75966896,1774513799999,7008763.444290,14157,29919236,2760906.804510,0
1774513800000,0.092110,0.092320,0.092070,0.092100,55353691,1774514699999,5101972.526970,9860,28402298,2618033.990250,0
1774514700000,0.092110,0.092340,0.092080,0.092230,38506820,1774515599999,3551215.609850,8489,22317693,2058211.743860,0
1774515600000,0.092240,0.092300,0.092070,0.092110,42195454,1774516499999,3889280.755360,11823,17673900,1629202.100450,0
1774516500000,0.092110,0.092110,0.091750,0.091960,152543303,1774517399999,14022893.861100,14748,52122495,4789457.113860,0
1774517400000,0.091960,0.091970,0.091070,0.091570,249747249,1774518299999,22823024.458540,33421,113834614,10400827.506310,0
1774518300000,0.091570,0.091610,0.091400,0.091570,38408650,1774519199999,3515220.071060,9298,18007336,1648219.898250,0
1774519200000,0.091580,0.091610,0.091320,0.091360,50574748,1774520099999,4625802.447810,12584,19798700,1811007.145390,0
1774520100000,0.091370,0.091700,0.091370,0.091560,89233851,1774520999999,8171920.110710,10468,59761149,5472924.567700,0
1774521000000,0.091560,0.091640,0.091440,0.091600,35517303,1774521899999,3251697.737400,9296,15116846,1384095.683980,0
1774521900000,0.091610,0.091760,0.091590,0.091730,39553169,1774522799999,3627013.568820,8689,19567052,1794404.956470,0
1774522800000,0.091730,0.091740,0.091360,0.091610,72475481,1774523699999,6635636.485560,14776,28688322,2626781.019090,0
1774523700000,0.091620,0.091700,0.091280,0.091380,49654375,1774524599999,4539823.748180,12321,23187330,2120321.380780,0
1774524600000,0.091380,0.091490,0.091230,0.091300,38736183,1774525499999,3537952.148840,8651,17407880,1589863.819790,0
1774525500000,0.091310,0.091400,0.091240,0.091270,29628492,1774526399999,2705256.825380,6787,15335586,1400277.402190,0
1774526400000,0.091270,0.091320,0.091080,0.091250,59556063,1774527299999,5431148.283790,12580,30567315,2787629.393980,0
1774527300000,0.091260,0.091400,0.091190,0.091370,39235723,1774528199999,3582789.949970,7258,20855440,1904488.991270,0
1774528200000,0.091380,0.091510,0.091250,0.091440,34579719,1774529099999,3160862.188680,8356,17329275,1583902.855810,0
1774529100000,0.091440,0.091580,0.091410,0.091530,25941948,1774529999999,2373767.925320,6173,12970212,1186783.031730,0
1774530000000,0.091530,0.091770,0.091500,0.091720,48342718,1774530899999,4431470.044750,10246,26452340,2425019.045500,0
1774530900000,0.091720,0.091840,0.091370,0.091390,69528436,1774531799999,6369118.994420,10686,27668066,2535080.582980,0
1774531800000,0.091390,0.091730,0.091240,0.091730,68068487,1774532699999,6222674.183380,18664,38028923,3476954.311240,0
1774532700000,0.091740,0.092150,0.091500,0.091690,140763652,1774533599999,12929028.399140,23592,72734280,6682268.799060,0
1774533600000,0.091700,0.091870,0.091460,0.091620,46536915,1774534499999,4266370.602140,13045,27426663,2514769.670510,0
1774534500000,0.091620,0.091730,0.091420,0.091500,38578030,1774535399999,3532731.432880,9745,17897287,1639349.967450,0
1774535400000,0.091500,0.091850,0.091500,0.091540,35516349,1774536299999,3255917.227590,10793,17253615,1581777.163210,0
1774536300000,0.091540,0.091670,0.091230,0.091530,47503397,1774537199999,4344108.182360,12616,21216022,1940562.078270,0
1774537200000,0.091540,0.091550,0.090720,0.090810,124731603,1774538099999,11358737.677420,21256,45982420,4187830.612050,0
1774538100000,0.090810,0.091120,0.090380,0.091010,148849693,1774538999999,13513581.374360,19451,60155788,5464747.658010,0
1774539000000,0.091010,0.091020,0.090810,0.090970,65138292,1774539899999,5922321.167770,10860,37007692,3364879.721670,0
1774539900000,0.090980,0.091150,0.090860,0.090900,42534999,1774540799999,3872541.985630,9336,22174946,2018945.572060,0
1774540800000,0.090900,0.091120,0.090800,0.091100,42056409,1774541699999,3824054.494620,9741,22289724,2027003.514160,0
1774541700000,0.091090,0.091320,0.090910,0.091160,66304924,1774542599999,6044594.046910,12764,40338533,3677402.545260,0
1774542600000,0.091160,0.091270,0.091050,0.091170,37172979,1774543499999,3387990.770140,8687,17424504,1588216.499570,0
1774543500000,0.091180,0.091210,0.090880,0.090980,33893021,1774544399999,3086017.282210,6955,15058230,1371030.164460,0
1774544400000,0.090980,0.091370,0.090950,0.091270,28142216,1774545299999,2566460.622050,9234,15945598,1454102.373520,0
1774545300000,0.091280,0.091420,0.091200,0.091310,44442181,1774546199999,4058345.698790,7533,25428887,2321991.841790,0
1774546200000,0.091320,0.091500,0.091270,0.091280,36368865,1774547099999,3323117.094020,7050,15816818,1445357.891290,0
1774547100000,0.091280,0.091310,0.090680,0.090880,86159754,1774547999999,7837082.348840,13440,30630109,2786402.098590,0
1774548000000,0.090870,0.091090,0.090720,0.090920,75528602,1774548899999,6866906.395050,14394,34629597,3149283.388570,0
1774548900000,0.090920,0.090950,0.090520,0.090620,80231448,1774549799999,7278435.265650,12889,34390136,3120193.948460,0
1774549800000,0.090610,0.090840,0.090600,0.090830,29519939,1774550699999,2678230.925630,7458,17831538,1617783.409950,0
1774550700000,0.090830,0.091040,0.090790,0.090980,24273558,1774551599999,2207036.970710,6312,15499912,1409236.850980,0
1774551600000,0.090990,0.091030,0.090830,0.091000,36689699,1774552499999,3335644.636220,6800,19745224,1795010.697530,0
1774552500000,0.091010,0.091120,0.090880,0.090930,18977561,1774553399999,1726933.245600,4769,11589672,1054676.376210,0
1774553400000,0.090940,0.091230,0.090890,0.091150,24381062,1774554299999,2220032.831140,6100,13944722,1269605.561320,0
1774554300000,0.091150,0.091210,0.091010,0.091030,24248169,1774555199999,2209368.742000,5628,11080112,1009651.981050,0
1774555200000,0.091040,0.092640,0.090890,0.091950,309182394,1774556099999,28434202.285880,32275,163115701,14999611.203510,0
1774556100000,0.091950,0.092360,0.091820,0.092060,110158488,1774556999999,10139868.581050,20708,52844585,4864262.448100,0
1774557000000,0.092070,0.092270,0.091990,0.092040,21177165,1774557899999,1950353.551810,7059,10157127,935418.739870,0
1774557900000,0.092050,0.092050,0.091620,0.091710,27601213,1774558799999,2533718.057320,6522,12181554,1118002.528480,0
1774558800000,0.091710,0.092080,0.091630,0.092050,36691573,1774559699999,3369794.650650,8447,19816389,1819957.983180,0
1774559700000,0.092050,0.092490,0.091950,0.092460,48196211,1774560599999,4448364.839890,9577,26661871,2460222.386360,0
1774560600000,0.092470,0.092730,0.092280,0.092540,40425221,1774561499999,3739653.531730,10688,24143357,2233755.591310,0
1774561500000,0.092540,0.092560,0.092250,0.092250,27090348,1774562399999,2503552.847250,7200,9366427,865570.043300,0
1774562400000,0.092260,0.092430,0.092120,0.092340,22998154,1774563299999,2122248.410160,8633,13129573,1211593.187750,0
1774563300000,0.092340,0.092340,0.091840,0.092150,39625957,1774564199999,3649124.731190,8416,18661442,1718558.325900,0
1774564200000,0.092150,0.092190,0.091980,0.092000,28917736,1774565099999,2662824.788380,6183,15151007,1395116.806700,0
1774565100000,0.092000,0.092110,0.091910,0.092110,17049768,1774565999999,1568408.153820,4565,8860909,815148.133230,0
1774566000000,0.092110,0.092260,0.091860,0.091870,27995643,1774566899999,2577116.273070,6420,14629149,1346756.042160,0
1774566900000,0.091870,0.091990,0.091830,0.091960,52461377,1774567799999,4820815.806700,5930,30763304,2827079.409210,0
1774567800000,0.091970,0.091970,0.091790,0.091900,47967328,1774568699999,4407842.394020,5974,24684198,2268400.835530,0
1774568700000,0.091900,0.092080,0.091890,0.092010,18254582,1774569599999,1679235.199430,3961,12758473,1173627.927560,0
1774569600000,0.092000,0.092200,0.091810,0.092060,47695642,1774570499999,4389743.035630,9038,20595539,1895396.681130,0
1774570500000,0.092070,0.092110,0.091820,0.091860,15363202,1774571399999,1412738.252240,6239,7672504,705462.681140,0
1774571400000,0.091860,0.092120,0.091820,0.091870,35155700,1774572299999,3232152.077010,7267,15796605,1452336.943050,0
1774572300000,0.091860,0.092050,0.091720,0.092000,27630453,1774573199999,2537448.925000,6356,16497254,1515049.193440,0
1774573200000,0.092000,0.092200,0.091930,0.092160,31802708,1774574099999,2929037.815360,7937,20068793,1848365.729130,0
1774574100000,0.092170,0.092310,0.092100,0.092170,25275557,1774574999999,2330869.636980,5948,12521786,1154786.667720,0
1774575000000,0.092180,0.092270,0.092050,0.092110,27465892,1774575899999,2531137.022660,5057,12680541,1169126.679030,0
1774575900000,0.092120,0.092440,0.092110,0.092430,16696633,1774576799999,1539999.570560,5069,9568858,882766.132800,0
1774576800000,0.092440,0.092510,0.092290,0.092310,40276243,1774577699999,3722278.606120,7789,20424303,1888182.421870,0
1774577700000,0.092310,0.092470,0.092170,0.092460,13692858,1774578599999,1263816.453820,4708,8332297,769166.573640,0
1774578600000,0.092470,0.092670,0.092280,0.092370,25783621,1774579499999,2383765.048410,6769,11864380,1097013.189900,0
1774579500000,0.092370,0.092460,0.092280,0.092300,16560017,1774580399999,1529817.933230,4170,10991015,1015433.209530,0
1774580400000,0.092310,0.092380,0.091990,0.092100,36182176,1774581299999,3333273.382850,9004,16473769,1517798.565340,0
1774581300000,0.092110,0.092210,0.092060,0.092150,10925122,1774582199999,1006704.016340,3940,4431658,408386.585290,0
1774582200000,0.092160,0.092190,0.092040,0.092070,11187678,1774583099999,1030534.035460,3773,4763238,438739.197020,0
1774583100000,0.092060,0.092070,0.091850,0.091910,20995278,1774583999999,1930437.460830,4664,6278513,577376.735220,0
1774584000000,0.091910,0.091940,0.091310,0.091600,105060519,1774584899999,9620641.321810,16509,40424464,3701826.546600,0
1774584900000,0.091600,0.092010,0.091580,0.091990,30002304,1774585799999,2755588.008040,6630,18397495,1689510.755560,0
1774585800000,0.091990,0.092060,0.091830,0.092050,24814803,1774586699999,2281304.736010,5978,10594308,974065.882510,0
1774586700000,0.092050,0.092080,0.091820,0.091910,20798380,1774587599999,1911666.137280,3992,7811730,718294.635680,0
1774587600000,0.091900,0.092240,0.091820,0.092170,21167093,1774588499999,1947831.615190,6659,13139496,1209208.568950,0
1774588500000,0.092170,0.092300,0.091810,0.091920,24838635,1774589399999,2287419.953700,6410,10892947,1003666.421710,0
1774589400000,0.091930,0.092000,0.091800,0.091830,19854314,1774590299999,1824621.869370,4856,9463025,869677.999090,0
1774590300000,0.091840,0.091910,0.091750,0.091860,13937819,1774591199999,1279909.964690,3948,8332337,765223.715460,0
1774591200000,0.091870,0.092030,0.091830,0.091930,16622792,1774592099999,1528085.654660,5242,7509755,690441.165260,0
1774592100000,0.091920,0.092030,0.091750,0.091930,18029688,1774592999999,1656997.233390,5435,8281577,761342.807140,0
1774593000000,0.091930,0.092030,0.091890,0.091990,14971166,1774593899999,1376972.500570,4248,9440603,868280.566120,0
1774593900000,0.091990,0.091990,0.091850,0.091880,10731150,1774594799999,986447.320690,3400,5000040,459657.962940,0
1774594800000,0.091890,0.092180,0.091780,0.092070,24422531,1774595699999,2246473.780880,6355,13006190,1196615.275120,0
1774595700000,0.092070,0.092260,0.091980,0.092180,21352550,1774596599999,1967402.098200,4980,12138882,1118480.590690,0
1774596600000,0.092180,0.092220,0.091910,0.092030,20258965,1774597499999,1864691.899570,5836,9329884,858682.868860,0
1774597500000,0.092030,0.092200,0.092000,0.092170,20082835,1774598399999,1849942.325790,4500,8417355,775413.208600,0
1774598400000,0.092160,0.092370,0.092110,0.092220,34152568,1774599299999,3149956.410040,8026,20576001,1897727.548530,0
1774599300000,0.092220,0.092280,0.092010,0.092040,29205109,1774600199999,2690212.995180,6417,13356681,1230582.180320,0
1774600200000,0.092030,0.092160,0.091050,0.091460,155461461,1774601099999,14224136.448380,22478,73519112,6727844.226940,0
1774601100000,0.091460,0.092000,0.091410,0.091800,62908185,1774601999999,5771403.602400,10849,35119202,3223005.738210,0
1774602000000,0.091790,0.091800,0.090920,0.091200,75988302,1774602899999,6935233.687630,14039,32444994,2961730.474320,0
1774602900000,0.091200,0.091470,0.091190,0.091370,31074121,1774603799999,2838136.888220,7371,15208760,1389015.233420,0
1774603800000,0.091380,0.091380,0.091010,0.091050,24326377,1774604699999,2217033.497820,6294,9406628,857247.502570,0
1774604700000,0.091060,0.091150,0.090980,0.090990,20022847,1774605599999,1823316.622720,5508,9568756,871445.757120,0
1774605600000,0.090990,0.091010,0.090690,0.090840,66589901,1774606499999,6049359.221180,10794,25266238,2295428.168320,0
1774606500000,0.090840,0.091090,0.090800,0.091050,25066744,1774607399999,2279977.851210,6289,13214845,1202099.854190,0
1774607400000,0.091040,0.091080,0.089230,0.090090,397763447,1774608299999,35768476.211830,49575,166656993,14983115.167150,0
1774608300000,0.090090,0.090190,0.089290,0.089550,167081895,1774609199999,14984614.358230,27227,77469002,6948297.593400,0
1774609200000,0.089560,0.089940,0.089180,0.089920,121084616,1774610099999,10854059.379900,22350,60441218,5418855.384970,0
1774610100000,0.089930,0.090070,0.089860,0.089940,61402495,1774610999999,5524669.583850,10744,28521229,2566462.480190,0
1774611000000,0.089950,0.090110,0.089890,0.090100,51236367,1774611899999,4612436.473050,8250,21099249,1899577.619090,0
1774611900000,0.090100,0.090220,0.089930,0.090060,32615629,1774612799999,2937103.208570,7932,13838727,1246387.421150,0
1774612800000,0.090050,0.090060,0.089740,0.089880,45277738,1774613699999,4071051.511630,10778,22104991,1987636.980520,0
1774613700000,0.089880,0.090010,0.089770,0.089970,49809193,1774614599999,4477601.568300,7184,25130854,2259330.251170,0
1774614600000,0.089970,0.090290,0.089810,0.090260,52706205,1774615499999,4749296.884880,9446,32299036,2910953.890730,0
1774615500000,0.090260,0.090300,0.089930,0.090080,39823803,1774616399999,3589018.174590,7391,21099014,1901213.469340,0
1774616400000,0.090090,0.090170,0.089900,0.089960,32245893,1774617299999,2902135.700970,8143,15719179,1414731.315950,0
1774617300000,0.089970,0.090330,0.089940,0.090240,44901739,1774618199999,4048879.029670,8071,22217814,2003403.079050,0
1774618200000,0.090230,0.090310,0.089550,0.090170,109677220,1774619099999,9864557.897470,21634,56215596,5057270.624810,0
1774619100000,0.090170,0.090310,0.089600,0.089810,58139677,1774619999999,5229564.165140,13410,24151546,2172125.372100,0
1774620000000,0.089810,0.090130,0.089740,0.090040,48763399,1774620899999,4387881.911560,13649,26931429,2423525.500280,0
1774620900000,0.090040,0.090060,0.089260,0.089300,101925129,1774621799999,9122313.703770,16861,38316219,3430572.257060,0
1774621800000,0.089300,0.089690,0.089250,0.089640,61133474,1774622699999,5471798.263030,12631,33786464,3024149.252900,0
1774622700000,0.089650,0.089950,0.089530,0.089900,116050773,1774623599999,10415305.146230,12410,28197957,2532173.531730,0
1774623600000,0.089900,0.090110,0.089840,0.089860,71719794,1774624499999,6449635.943760,12870,27503201,2473690.179390,0
1774624500000,0.089870,0.090480,0.089640,0.090180,129436694,1774625399999,11658314.994590,18035,77120608,6944235.404310,0
1774625400000,0.090180,0.090900,0.090130,0.090590,135709847,1774626299999,12288064.222850,18975,77441472,7013668.175430,0
1774626300000,0.090590,0.090720,0.090200,0.090300,113184887,1774627199999,10235609.338330,11326,24198879,2189060.349140,0
1774627200000,0.090300,0.090340,0.089920,0.090100,66518624,1774628099999,5992833.871280,13968,32586794,2935586.973440,0
1774628100000,0.090100,0.090180,0.089830,0.089940,55720402,1774628999999,5015282.692200,9256,14614626,1315288.459290,0
1774629000000,0.089940,0.090320,0.089890,0.090270,27789475,1774629899999,2501589.250280,8570,17339406,1561182.364650,0
1774629900000,0.090260,0.090450,0.090010,0.090030,31374594,1774630799999,2831110.230810,8037,16532868,1492444.000070,0
1774630800000,0.090030,0.090470,0.089940,0.090220,35236820,1774631699999,3179032.702750,10237,19786554,1785342.946590,0
1774631700000,0.090230,0.090290,0.089890,0.089890,33903110,1774632599999,3051852.743340,7220,13564681,1221289.610910,0
1774632600000,0.089890,0.090020,0.089760,0.089760,64521547,1774633499999,5799458.430670,9162,28542637,2566234.246510,0
1774633500000,0.089760,0.089910,0.089690,0.089730,55378367,1774634399999,4972270.621860,8599,32212629,2892572.608000,0
1774634400000,0.089730,0.089890,0.089680,0.089740,24899531,1774635299999,2235498.563110,8122,16518387,1483092.626030,0
1774635300000,0.089750,0.089930,0.089420,0.089640,56553156,1774636199999,5070109.910970,10393,26501073,2376060.245400,0
1774636200000,0.089640,0.089940,0.089570,0.089810,30159909,1774637099999,2706877.113920,7465,17310447,1553693.307720,0
1774637100000,0.089810,0.090040,0.089800,0.089950,27768589,1774637999999,2497582.272040,5658,14204447,1277806.984130,0
1774638000000,0.089950,0.089950,0.089720,0.089890,49977359,1774638899999,4490388.554120,8454,20370388,1830216.402160,0
1774638900000,0.089890,0.090260,0.089860,0.090190,24132615,1774639799999,2174538.590440,6549,14614127,1316748.565840,0
1774639800000,0.090190,0.090330,0.090080,0.090120,22441641,1774640699999,2024884.275040,6672,13290454,1199288.152330,0
1774640700000,0.090120,0.090130,0.089920,0.090010,24913101,1774641599999,2243336.854230,6645,11754505,1058502.977220,0
1774641600000,0.090010,0.090200,0.089980,0.090040,22058338,1774642499999,1986939.884090,6230,10356339,932898.756400,0
1774642500000,0.090040,0.090100,0.089590,0.089710,27400719,1774643399999,2460269.238560,6807,9843244,884010.460280,0
1774643400000,0.089710,0.089830,0.089610,0.089740,15715128,1774644299999,1409429.502850,4967,8387496,752246.415020,0
1774644300000,0.089740,0.090070,0.089720,0.089990,17512185,1774645199999,1575207.182520,4302,7522058,676376.057930,0
1774645200000,0.090000,0.090260,0.089980,0.090210,19177259,1774646099999,1729493.558490,5280,9148426,824890.690570,0
1774646100000,0.090210,0.090250,0.090080,0.090130,15212431,1774646999999,1371335.246310,3949,8583880,773817.418170,0
1774647000000,0.090140,0.090210,0.090030,0.090150,17445890,1774647899999,1572593.409320,4263,9090719,819417.196260,0
1774647900000,0.090150,0.090160,0.089820,0.089890,13632769,1774648799999,1226795.304670,4488,4877614,438942.113140,0
1774648800000,0.089900,0.089980,0.089780,0.089840,25069680,1774649699999,2252821.081910,6548,11473841,1031073.385980,0
1774649700000,0.089850,0.089880,0.089720,0.089830,11601477,1774650599999,1041964.885190,3646,4458935,400475.819510,0
1774650600000,0.089840,0.089920,0.089750,0.089910,9298048,1774651499999,835333.819300,3565,4634431,416350.616040,0
1774651500000,0.089910,0.090030,0.089900,0.089940,13817943,1774652399999,1243157.268040,3930,5278782,474908.886720,0
1774652400000,0.089930,0.089940,0.089640,0.089790,19948813,1774653299999,1790493.749220,6161,7871336,706400.374710,0
1774653300000,0.089790,0.089950,0.089720,0.089920,10063781,1774654199999,903999.612730,3708,5168664,464244.253330,0
1774654200000,0.089910,0.090020,0.089850,0.090010,12399173,1774655099999,1115092.430310,3870,5277222,474639.991600,0
1774655100000,0.090010,0.090170,0.089970,0.090050,23605659,1774655999999,2125839.008650,5009,13163896,1185590.826150,0
1774656000000,0.090040,0.090130,0.090000,0.090010,27123910,1774656899999,2443135.737430,5610,11061254,996309.170390,0
1774656900000,0.090000,0.090150,0.090000,0.090140,15128216,1774657799999,1362666.633510,3675,6634804,597661.522200,0
1774657800000,0.090140,0.090260,0.090110,0.090220,23431167,1774658699999,2113556.582450,4790,14696195,1325581.293490,0
1774658700000,0.090220,0.090270,0.090130,0.090210,13310902,1774659599999,1200731.809160,3323,9292052,838249.251620,0
1774659600000,0.090210,0.090260,0.089830,0.089940,31196152,1774660499999,2810034.486400,6458,11205093,1009064.610460,0
1774660500000,0.089930,0.090240,0.089920,0.090110,16199172,1774661399999,1459223.146450,5121,9157776,825013.846990,0
1774661400000,0.090110,0.090200,0.089880,0.090100,26955644,1774662299999,2426716.292530,6229,12540344,1128999.257500,0
1774662300000,0.090100,0.090410,0.090100,0.090330,33144711,1774663199999,2993251.929470,5796,19139601,1728417.468420,0
1774663200000,0.090330,0.090630,0.090310,0.090340,37673274,1774664099999,3410010.207760,8876,22444309,2031923.668580,0
1774664100000,0.090350,0.090390,0.090130,0.090220,16270130,1774664999999,1468317.417420,4637,8073100,728412.738760,0
1774665000000,0.090210,0.090240,0.090020,0.090130,18964467,1774665899999,1708772.210820,4750,8353424,752702.660150,0
1774665900000,0.090130,0.090180,0.090060,0.090160,8005054,1774666799999,721485.626320,3050,4098584,369401.800050,0
1774666800000,0.090170,0.090200,0.089940,0.089940,30880859,1774667699999,2780174.386280,5844,11463398,1032067.409240,0
1774667700000,0.089950,0.090070,0.089930,0.090000,15054762,1774668599999,1355131.704360,3639,7351564,661770.709440,0
1774668600000,0.090000,0.090060,0.089890,0.089890,17505239,1774669499999,1575020.246780,3990,6761722,608437.256240,0
1774669500000,0.089890,0.089900,0.089750,0.089840,19287904,1774670399999,1732538.969320,4366,4974831,446855.972220,0
1774670400000,0.089840,0.089860,0.089620,0.089670,25157307,1774671299999,2256848.549290,6101,7401646,663951.912700,0
1774671300000,0.089680,0.090040,0.089650,0.090000,20914865,1774672199999,1880609.419260,5125,14330520,1288332.964930,0
1774672200000,0.089990,0.090000,0.089890,0.089960,12235445,1774673099999,1100419.881380,3729,5521751,496623.220900,0
1774673100000,0.089970,0.090040,0.089920,0.089980,17379720,1774673999999,1563924.431410,3662,6488302,583869.049740,0
1774674000000,0.089980,0.089990,0.089740,0.089840,30450044,1774674899999,2734599.095660,5375,7584220,681093.501460,0
1774674900000,0.089840,0.090100,0.089760,0.090070,19439976,1774675799999,1748871.463270,4567,8982766,808148.016340,0
1774675800000,0.090080,0.090170,0.090010,0.090170,16527830,1774676699999,1488942.633720,3783,9148770,824226.454860,0
1774676700000,0.090170,0.090270,0.090140,0.090260,30313783,1774677599999,2734344.373040,4952,13382149,1207157.297540,0
1774677600000,0.090260,0.090350,0.090170,0.090310,31432128,1774678499999,2837176.385930,6468,15939260,1438901.849640,0
1774678500000,0.090310,0.090680,0.090290,0.090440,41691240,1774679399999,3773049.112390,8375,23739261,2148408.068090,0
1774679400000,0.090450,0.090530,0.090290,0.090290,16077265,1774680299999,1454020.151420,3911,6566989,594000.018550,0
1774680300000,0.090290,0.090430,0.090270,0.090300,16033827,1774681199999,1448342.848730,3667,7143702,645223.394030,0
1774681200000,0.090290,0.090400,0.090270,0.090380,11781112,1774682099999,1064143.615670,4668,5891407,532205.956100,0
1774682100000,0.090390,0.090640,0.090370,0.090550,61657514,1774682999999,5583221.451390,6202,28252009,2558328.157360,0
1774683000000,0.090550,0.090880,0.090530,0.090850,32179821,1774683899999,2918506.305640,5986,21683706,1966736.991300,0
1774683900000,0.090860,0.091240,0.090760,0.091160,61213376,1774684799999,5568117.029240,9293,40812735,3712410.690410,0
1774684800000,0.091170,0.091380,0.090980,0.091010,52783287,1774685699999,4812080.443690,11162,28703681,2616968.243160,0
1774685700000,0.091010,0.091280,0.090980,0.091170,22660339,1774686599999,2065068.160900,5751,14685007,1338148.529460,0
1774686600000,0.091180,0.091240,0.091100,0.091130,17863105,1774687499999,1628487.706380,4935,9928122,905138.794670,0
1774687500000,0.091130,0.091160,0.090870,0.090950,33823426,1774688399999,3077370.488870,5931,12672844,1153123.670350,0
1774688400000,0.090950,0.090950,0.090770,0.090870,40638041,1774689299999,3692356.888300,7514,20573236,1869377.236500,0
1774689300000,0.090870,0.091110,0.090820,0.090990,20941937,1774690199999,1905458.846760,4944,13335961,1213536.550680,0
1774690200000,0.090990,0.091030,0.090840,0.090860,18202167,1774691099999,1654762.803190,4432,6737669,612529.232370,0
1774691100000,0.090850,0.091000,0.090850,0.090970,13149260,1774691999999,1195606.312430,3659,8206376,746206.675710,0
1774692000000,0.090960,0.092120,0.090950,0.091690,173714617,1774692899999,15923237.472310,22072,119120335,10918538.393390,0
1774692900000,0.091680,0.091730,0.091330,0.091420,51606030,1774693799999,4723930.956190,10672,24922677,2281649.500280,0
1774693800000,0.091420,0.091600,0.091100,0.091180,72391964,1774694699999,6610935.610910,8965,38052761,3475832.399500,0
1774694700000,0.091180,0.091220,0.090970,0.091090,37409879,1774695599999,3407806.747640,6280,16594206,1511890.632000,0
1774695600000,0.091080,0.091400,0.091080,0.091230,48515136,1774696499999,4427237.633840,8666,28429342,2594872.098960,0
1774696500000,0.091240,0.091250,0.091000,0.091110,27793243,1774697399999,2532840.877350,5374,7799282,710679.741590,0
1774697400000,0.091120,0.091210,0.091040,0.091180,16545757,1774698299999,1507794.617040,4878,9356895,852685.671390,0
1774698300000,0.091180,0.091470,0.091180,0.091330,34938494,1774699199999,3191232.411960,6611,12245463,1118356.076380,0
1774699200000,0.091330,0.091540,0.091110,0.091430,26800491,1774700099999,2446841.985600,8590,12618654,1152605.082030,0
1774700100000,0.091420,0.091700,0.091400,0.091480,33515957,1774700999999,3069298.916850,8409,17764583,1626725.936590,0
1774701000000,0.091480,0.091530,0.091150,0.091320,26366519,1774701899999,2407256.692980,7655,9165475,836908.085650,0
1774701900000,0.091320,0.091470,0.091300,0.091300,15897574,1774702799999,1452676.701760,5020,7577381,692371.277270,0
1774702800000,0.091310,0.091370,0.091190,0.091260,12402007,1774703699999,1131825.963800,5467,7322941,668305.980330,0
1774703700000,0.091260,0.091330,0.091130,0.091320,23944665,1774704599999,2184529.331780,6447,11690285,1066535.202080,0
1774704600000,0.091320,0.092810,0.091310,0.092450,228764538,1774705499999,21119369.769250,35284,123504560,11401775.464110,0
1774705500000,0.092460,0.092740,0.092190,0.092640,132514601,1774706399999,12252242.042270,21677,83129030,7685789.000820,0
1774706400000,0.092650,0.093120,0.092470,0.092970,132909038,1774707299999,12342443.368370,27670,73533473,6829400.619520,0
1774707300000,0.092960,0.093360,0.092700,0.093130,102910502,1774708199999,9574112.220840,21886,48747154,4535447.158850,0
1774708200000,0.093120,0.093870,0.093110,0.093720,175969214,1774709099999,16444365.272210,27413,94175353,8800312.965240,0
1774709100000,0.093720,0.094050,0.093270,0.093570,184464174,1774709999999,17287522.784430,30955,88930352,8334530.460950,0
1774710000000,0.093570,0.094020,0.093460,0.093910,114740552,1774710899999,10760604.703340,24464,63766126,5980378.016940,0
1774710900000,0.093910,0.095320,0.093890,0.094410,357710953,1774711799999,33876695.321670,59746,177234712,16777671.884840,0
1774711800000,0.094410,0.094760,0.094110,0.094270,72270934,1774712699999,6824130.885880,20471,32109150,3031603.385720,0
1774712700000,0.094270,0.094270,0.093810,0.094000,87690707,1774713599999,8246889.953040,18238,32125265,3021538.576940,0
1774713600000,0.094010,0.094260,0.093590,0.093720,175223140,1774714499999,16444993.406120,27114,72735064,6827471.605580,0
1774714500000,0.093720,0.093900,0.093580,0.093690,58466532,1774715399999,5478227.634250,13121,31778931,2977666.708540,0
1774715400000,0.093700,0.093800,0.092870,0.093100,181070650,1774716299999,16883979.337940,22454,50877497,4745915.257390,0
1774716300000,0.093110,0.093210,0.092800,0.092830,77137957,1774717199999,7173666.086220,13972,30028810,2793242.384670,0
1774717200000,0.092830,0.093220,0.092810,0.093110,54240600,1774718099999,5047089.060060,12787,35591965,3312400.042040,0
1774718100000,0.093120,0.093120,0.092670,0.092710,59279589,1774718999999,5503957.929360,11026,24852201,2307489.549210,0
1774719000000,0.092710,0.092800,0.092470,0.092500,59199127,1774719899999,5484940.334020,12811,23919355,2216688.924410,0
1774719900000,0.092490,0.092660,0.092320,0.092520,75273502,1774720799999,6959731.035170,12202,42561965,3935215.197900,0
1774720800000,0.092520,0.092760,0.092320,0.092750,51312554,1774721699999,4749492.334740,11288,27853359,2579192.362080,0
1774721700000,0.092750,0.092750,0.092430,0.092590,29504001,1774722599999,2731179.210070,6997,19445835,1799704.438910,0
1774722600000,0.092590,0.092690,0.092520,0.092610,14577462,1774723499999,1349783.815430,5316,7254314,671713.304530,0
1774723500000,0.092610,0.092630,0.092460,0.092560,13069931,1774724399999,1209825.727070,4182,4547343,420926.352660,0
1774724400000,0.092560,0.092700,0.091810,0.092010,120538372,1774725299999,11110934.024540,15244,31180891,2876882.285210,0
1774725300000,0.092010,0.092170,0.091910,0.092040,51458728,1774726199999,4738907.792590,7574,35015585,3224943.270360,0
1774726200000,0.092040,0.092280,0.092030,0.092220,17268747,1774727099999,1591765.311950,5167,10802491,995751.637650,0
1774727100000,0.092220,0.092280,0.092090,0.092230,11335975,1774727999999,1044852.828040,4052,5265793,485389.188110,0
1774728000000,0.092230,0.092420,0.092190,0.092300,36068143,1774728899999,3328936.573990,9464,20058562,1851499.609370,0
1774728900000,0.092310,0.092360,0.092110,0.092170,17359764,1774729799999,1601056.475660,6069,7695931,710028.608400,0
1774729800000,0.092170,0.092210,0.091950,0.091990,21970812,1774730699999,2022862.394200,6001,8332365,767348.887810,0
1774730700000,0.092000,0.092230,0.091990,0.092210,8316746,1774731599999,766410.767700,3173,5442313,501486.501010,0
1774731600000,0.092210,0.092270,0.092050,0.092090,19909819,1774732499999,1834738.526930,5387,8935340,823499.891060,0
1774732500000,0.092080,0.092190,0.091880,0.092050,20415438,1774733399999,1878618.454810,5585,9238728,850347.935700,0
1774733400000,0.092050,0.092130,0.091810,0.092110,21391023,1774734299999,1966715.670340,6048,11726396,1078038.810750,0
1774734300000,0.092100,0.092120,0.091510,0.091740,55774375,1774735199999,5115194.017710,12519,19463704,1785504.051690,0
1774735200000,0.091740,0.091810,0.091520,0.091530,35748166,1774736099999,3276896.028740,9027,15789389,1447311.959240,0
1774736100000,0.091520,0.091830,0.091370,0.091770,40804507,1774736999999,3737444.308170,8472,23642811,2165922.297730,0
1774737000000,0.091770,0.091790,0.091500,0.091520,16820012,1774737899999,1541358.147000,5007,6777123,621069.600150,0
1774737900000,0.091510,0.091670,0.091500,0.091630,15267290,1774738799999,1398578.950360,4549,8263585,756998.808770,0
1774738800000,0.091620,0.091620,0.090310,0.090720,318329655,1774739699999,28918765.589120,29182,162664575,14768938.885580,0
1774739700000,0.090720,0.091000,0.090590,0.090870,50364116,1774740599999,4572868.330120,11842,21589130,1960311.522540,0
1774740600000,0.090870,0.090980,0.090720,0.090760,35939092,1774741499999,3266173.076920,7565,15509706,1409815.463250,0
1774741500000,0.090760,0.090960,0.090660,0.090920,28439401,1774742399999,2582202.716200,6690,10852163,985372.591930,0
1774742400000,0.090920,0.090960,0.090690,0.090730,39967285,1774743299999,3629562.738210,8783,14054104,1276292.972240,0
1774743300000,0.090730,0.090810,0.090480,0.090610,46848785,1774744199999,4247516.504840,9557,21923659,1987947.779770,0
1774744200000,0.090610,0.090810,0.090560,0.090680,32544312,1774745099999,2951141.617930,7871,14277640,1294827.097270,0
1774745100000,0.090680,0.090900,0.090680,0.090840,23502298,1774745999999,2133713.829620,6499,13076794,1187305.566320,0
1774746000000,0.090830,0.091110,0.090690,0.090970,48883128,1774746899999,4445765.206000,10020,22244429,2022921.920420,0
1774746900000,0.090970,0.091220,0.090920,0.091170,38234977,1774747799999,3482769.905090,7727,21534009,1961765.759920,0
1774747800000,0.091170,0.091210,0.090810,0.090990,24378931,1774748699999,2218872.168070,5993,8983506,817465.991000,0
1774748700000,0.091000,0.091130,0.090880,0.091030,27364495,1774749599999,2491182.076240,5948,13130957,1195521.962380,0
1774749600000,0.091040,0.091060,0.090870,0.091030,20538033,1774750499999,1868201.610270,6187,10534192,958312.536630,0
1774750500000,0.091030,0.091100,0.090920,0.091070,15855643,1774751399999,1443090.866180,4635,7616495,693291.427660,0
1774751400000,0.091070,0.091260,0.090950,0.091200,26174938,1774752299999,2385635.662740,5629,14866191,1355063.548210,0
1774752300000,0.091200,0.091350,0.091090,0.091160,32548781,1774753199999,2969677.280250,6080,18801372,1715567.930470,0
1774753200000,0.091150,0.091160,0.091000,0.091030,53656364,1774754099999,4886477.817630,6902,12473895,1136074.714530,0
1774754100000,0.091030,0.091620,0.091000,0.091470,74329602,1774754999999,6796292.719660,12732,38998579,3565296.682910,0
1774755000000,0.091470,0.091520,0.091300,0.091320,27763658,1774755899999,2537923.104510,5070,11084657,1013471.753110,0
1774755900000,0.091320,0.091440,0.091270,0.091380,19850504,1774756799999,1813369.432060,4195,13994907,1278385.530630,0
1774756800000,0.091380,0.091390,0.091180,0.091210,16468533,1774757699999,1502787.212440,5204,5874088,535913.931860,0
1774757700000,0.091220,0.091220,0.090970,0.091150,23172899,1774758599999,2111375.204580,5550,11870965,1081765.221630,0
1774758600000,0.091150,0.091210,0.091070,0.091150,10454504,1774759499999,952861.167260,4067,6227280,567607.344130,0
1774759500000,0.091160,0.091190,0.090990,0.091010,20183726,1774760399999,1838041.562930,4077,6339898,577543.455290,0
1774760400000,0.091020,0.091030,0.090810,0.090820,31194417,1774761299999,2835240.741320,7269,12886234,1171177.970670,0
1774761300000,0.090820,0.091020,0.090640,0.090930,60995288,1774762199999,5540460.508240,9745,30688066,2787855.998110,0
1774762200000,0.090940,0.091020,0.090880,0.090940,21370349,1774763099999,1943883.231790,3667,8258092,751071.322540,0
1774763100000,0.090950,0.091110,0.090900,0.091000,27133016,1774763999999,2469507.829030,4817,14514082,1320932.044840,0
1774764000000,0.090990,0.091100,0.090880,0.091080,21482527,1774764899999,1954814.715210,5437,15568774,1416726.268420,0
1774764900000,0.091080,0.091120,0.090900,0.090980,16178179,1774765799999,1472458.329380,4209,8093764,736652.955460,0
1774765800000,0.090980,0.091130,0.090950,0.091110,15566505,1774766699999,1417187.524160,4168,9257994,842887.233710,0
1774766700000,0.091120,0.091420,0.091110,0.091310,76947828,1774767599999,7025999.192610,6458,66268619,6050626.471260,0
1774767600000,0.091310,0.091310,0.090930,0.090980,24464655,1774768499999,2228282.107320,6990,9146782,833228.007530,0
1774768500000,0.090980,0.091130,0.090940,0.091130,18284077,1774769399999,1664537.458210,4115,13358229,1216173.255340,0
1774769400000,0.091130,0.091190,0.091080,0.091110,11900409,1774770299999,1084723.340800,2842,5989751,545999.608820,0
1774770300000,0.091110,0.091290,0.091010,0.091140,18672355,1774771199999,1702179.697500,4066,10269441,936332.100920,0
1774771200000,0.091140,0.091230,0.091020,0.091130,65793578,1774772099999,5997220.920150,5954,10176163,927501.218410,0
1774772100000,0.091140,0.091230,0.091060,0.091210,15698005,1774772999999,1430977.148750,3426,9129267,832146.887090,0
1774773000000,0.091220,0.091330,0.091170,0.091180,14094169,1774773899999,1286130.985760,3484,7857986,717155.472600,0
1774773900000,0.091190,0.091210,0.091080,0.091090,7973658,1774774799999,726639.826730,2554,3853847,351237.570940,0
1774774800000,0.091080,0.091100,0.090850,0.091000,31312717,1774775699999,2848771.957960,6847,11850678,1078157.054900,0
1774775700000,0.091000,0.091100,0.090960,0.091020,8879028,1774776599999,808097.357220,2577,5583347,508163.628510,0
1774776600000,0.091030,0.091080,0.090730,0.090790,42990778,1774777499999,3905615.287290,7097,14871890,1351215.861470,0
1774777500000,0.090790,0.090920,0.090790,0.090870,17016148,1774778399999,1546111.557300,3668,12835704,1166273.069820,0
1774778400000,0.090880,0.090880,0.090690,0.090720,22887600,1774779299999,2076972.623840,5789,8779120,796637.496170,0
1774779300000,0.090720,0.090740,0.090430,0.090440,48403641,1774780199999,4384642.427530,8277,18086408,1638465.783010,0
1774780200000,0.090450,0.090620,0.090340,0.090550,35578165,1774781099999,3218884.955270,7402,14666778,1327277.280460,0
1774781100000,0.090560,0.090610,0.090520,0.090580,12602362,1774781999999,1141400.073140,3600,5763244,522020.814880,0
1774782000000,0.090590,0.091220,0.090560,0.090960,43021524,1774782899999,3912665.772970,9815,23859180,2169421.281200,0
1774782900000,0.090960,0.091060,0.090840,0.090980,15814953,1774783799999,1438591.259030,4987,8882666,808099.059380,0
1774783800000,0.090980,0.091150,0.090970,0.091050,26988964,1774784699999,2457639.488340,5542,14868374,1354098.802340,0
1774784700000,0.091060,0.091170,0.090900,0.090900,15142742,1774785599999,1378611.278110,4008,8236426,749994.770990,0
1774785600000,0.090910,0.090910,0.090720,0.090730,19205113,1774786499999,1744089.216830,5371,8435102,766059.140600,0
1774786500000,0.090720,0.090840,0.090680,0.090740,13109246,1774787399999,1189806.609110,4186,6347491,576139.141700,0
1774787400000,0.090740,0.090800,0.090540,0.090620,18906824,1774788299999,1713961.292450,5032,7328861,664573.908620,0
1774788300000,0.090610,0.090910,0.090580,0.090850,17885215,1774789199999,1624156.647740,4744,11607546,1054212.411250,0
1774789200000,0.090850,0.090880,0.090150,0.090300,157001164,1774790099999,14176980.738470,16886,53679399,4848447.730450,0
1774790100000,0.090300,0.090520,0.090190,0.090420,23897616,1774790999999,2160293.770420,7012,12586909,1138075.739200,0
1774791000000,0.090420,0.090530,0.090360,0.090420,15649432,1774791899999,1415650.542530,4423,6894397,623697.878070,0
1774791900000,0.090430,0.090470,0.090210,0.090280,18601049,1774792799999,1680415.979810,5409,7819018,706425.505100,0
1774792800000,0.090280,0.090750,0.090060,0.090470,64019272,1774793699999,5783349.733420,13149,30543544,2760428.786360,0
1774793700000,0.090480,0.090560,0.090200,0.090230,21281678,1774794599999,1924136.443010,5939,9083820,821474.890460,0
1774794600000,0.090240,0.090450,0.090220,0.090430,15844982,1774795499999,1432056.396590,5510,7244425,654705.827770,0
1774795500000,0.090430,0.090440,0.090240,0.090350,19369178,1774796399999,1749235.753850,5791,7113013,642373.884670,0
1774796400000,0.090360,0.090600,0.090320,0.090540,33478586,1774797299999,3029232.472900,9261,18220674,1648732.610290,0
1774797300000,0.090530,0.090680,0.089930,0.090110,114129168,1774798199999,10291916.732410,13784,34705228,3131047.873330,0
1774798200000,0.090110,0.090220,0.090020,0.090150,46732564,1774799099999,4210840.410680,9232,19281331,1737409.460640,0
1774799100000,0.090140,0.090220,0.090030,0.090110,27747611,1774799999999,2500724.046930,5353,9051506,815912.015740,0
1774800000000,0.090120,0.090280,0.090020,0.090110,23697290,1774800899999,2135617.361630,6736,11911924,1073565.985100,0
1774800900000,0.090120,0.090430,0.090090,0.090280,53046828,1774801799999,4789302.007600,8812,27123857,2448358.320310,0
1774801800000,0.090280,0.090290,0.090060,0.090120,23642330,1774802699999,2131506.940260,4913,5340942,481461.072560,0
1774802700000,0.090120,0.090210,0.090060,0.090110,13151957,1774803599999,1185300.878240,3655,5711872,514837.161130,0
1774803600000,0.090120,0.090350,0.090090,0.090170,17148301,1774804499999,1547252.654560,5499,8524648,769149.525000,0
1774804500000,0.090170,0.090180,0.089820,0.090040,65746689,1774805399999,5917272.499530,12177,31295453,2817223.137680,0
1774805400000,0.090040,0.090300,0.090020,0.090260,24196372,1774806299999,2180920.838710,6232,14803339,1334368.006500,0
1774806300000,0.090260,0.090350,0.090220,0.090330,14464736,1774807199999,1305959.582600,3409,9695059,875338.054710,0
1774807200000,0.090340,0.090370,0.090120,0.090360,14322844,1774808099999,1292702.100170,5399,7329667,661471.532780,0
1774808100000,0.090350,0.090490,0.090280,0.090440,17540765,1774808999999,1585961.055820,4695,11919217,1077752.379800,0
1774809000000,0.090440,0.090790,0.090420,0.090620,23681900,1774809899999,2146149.786330,5277,12739943,1154438.624110,0
1774809900000,0.090610,0.090620,0.090500,0.090530,9670640,1774810799999,875556.520930,3363,4007413,362829.465260,0
1774810800000,0.090540,0.090560,0.090380,0.090400,15104367,1774811699999,1366030.461770,4753,5522980,499513.549120,0
1774811700000,0.090400,0.090590,0.090360,0.090450,16417886,1774812599999,1485643.758190,3808,9122362,825400.085930,0
1774812600000,0.090450,0.090650,0.090430,0.090570,43387452,1774813499999,3928622.166130,5509,29348565,2657478.181600,0
1774813500000,0.090570,0.090640,0.090480,0.090570,27214420,1774814399999,2465275.640650,3631,5234312,474030.113010,0
1774814400000,0.090580,0.090860,0.090550,0.090750,16929352,1774815299999,1536271.252400,5443,9626461,873568.700920,0
1774815300000,0.090760,0.091460,0.090760,0.091180,63287957,1774816199999,5766019.896670,10676,38580520,3514569.335210,0
1774816200000,0.091180,0.091210,0.090990,0.091010,28933464,1774817099999,2635445.612910,6378,15312538,1394791.636970,0
1774817100000,0.091010,0.091060,0.090900,0.090970,13601913,1774817999999,1237356.942860,3937,4797715,436498.998050,0
1774818000000,0.090980,0.091200,0.090970,0.091100,28647981,1774818899999,2609570.459750,5415,12528675,1141250.120690,0
1774818900000,0.091100,0.091390,0.091100,0.091300,19467025,1774819799999,1776481.220310,4832,12169037,1110227.262950,0
1774819800000,0.091300,0.091540,0.091240,0.091360,20635465,1774820699999,1885741.691880,5892,11412154,1043020.258130,0
1774820700000,0.091370,0.091460,0.091280,0.091300,14171243,1774821599999,1294720.710930,4802,6766866,618287.087420,0
1774821600000,0.091300,0.091310,0.090460,0.090640,82150603,1774822499999,7458182.660090,17890,34278374,3110545.410060,0
1774822500000,0.090630,0.091030,0.090570,0.090730,34431441,1774823399999,3126683.188150,7492,20131791,1828868.695420,0
1774823400000,0.090730,0.090760,0.089370,0.089580,204011631,1774824299999,18320091.911180,27353,79883048,7175441.469060,0
1774824300000,0.089580,0.090190,0.087860,0.089920,659869899,1774825199999,58592452.357070,87926,307964103,27355833.018750,0
1774825200000,0.089920,0.090600,0.089780,0.090260,166844206,1774826099999,15047369.294290,33656,81891092,7387252.621840,0
1774826100000,0.090270,0.090660,0.090190,0.090350,89857659,1774826999999,8126150.064350,18015,52256224,4727132.642250,0
1774827000000,0.090350,0.090470,0.090070,0.090360,57021418,1774827899999,5147360.077660,11406,24112540,2176751.296240,0
1774827900000,0.090370,0.090730,0.090190,0.090400,65508778,1774828799999,5923380.070190,14564,29379546,2656910.618330,0
1774828800000,0.090410,0.090540,0.090200,0.090400,51385295,1774829699999,4645284.628970,12695,22051365,1993493.638030,0
1774829700000,0.090400,0.092150,0.090310,0.091390,255462825,1774830599999,23374185.566330,41619,123731146,11320611.007990,0
1774830600000,0.091390,0.091600,0.090780,0.090970,74645505,1774831499999,6801462.004460,17485,33646395,3065856.404490,0
1774831500000,0.090980,0.091350,0.090890,0.091230,43403546,1774832399999,3955400.745720,10899,20419075,1860643.530830,0
1774832400000,0.091230,0.091870,0.091220,0.091610,85828737,1774833299999,7863219.047730,18304,43788075,4011444.751850,0
1774833300000,0.091610,0.091780,0.091330,0.091490,77544070,1774834199999,7102836.618130,12635,54704716,5011844.172150,0
1774834200000,0.091490,0.091740,0.091320,0.091520,42413805,1774835099999,3881416.373200,10973,18609325,1703084.300020,0
1774835100000,0.091520,0.091770,0.091460,0.091520,34765369,1774835999999,3185108.373160,9012,15719932,1440105.880550,0
1774836000000,0.091530,0.091960,0.091460,0.091940,46142376,1774836899999,4231266.723780,12536,24520454,2249090.257050,0
1774836900000,0.091940,0.092040,0.091590,0.091640,32785669,1774837799999,3009027.999480,9516,15775730,1448456.883470,0
1774837800000,0.091650,0.092020,0.091460,0.091980,40140766,1774838699999,3679756.748810,9658,20744316,1902785.399060,0
1774838700000,0.091980,0.092860,0.091890,0.092450,218782962,1774839599999,20235157.074130,33458,110957087,10261973.412930,0
1774839600000,0.092440,0.092540,0.092050,0.092110,53902620,1774840499999,4975719.196380,13953,21448713,1980284.076890,0
1774840500000,0.092100,0.092330,0.092010,0.092310,36642987,1774841399999,3377684.504770,9770,20849944,1922516.934480,0
1774841400000,0.092310,0.092380,0.092090,0.092170,42098982,1774842299999,3881734.083970,8188,11796518,1088145.100800,0
1774842300000,0.092180,0.092620,0.092130,0.092420,61881130,1774843199999,5716609.176100,9484,27738240,2561651.924100,0
1774843200000,0.092420,0.092940,0.092420,0.092740,54162277,1774844099999,5022384.395130,14805,31890743,2956629.078500,0
1774844100000,0.092740,0.092960,0.092550,0.092750,99039564,1774844999999,9180947.289990,11844,67293609,6237175.770840,0
1774845000000,0.092760,0.092980,0.092600,0.092700,38124874,1774845899999,3537438.409180,9425,16693060,1548711.601940,0
1774845900000,0.092710,0.093080,0.092690,0.092890,38488111,1774846799999,3575873.894650,9369,21928462,2037299.713340,0
1774846800000,0.092900,0.093330,0.092890,0.093150,97235726,1774847699999,9055945.345610,16936,39105685,3642455.701880,0
1774847700000,0.093150,0.093480,0.093080,0.093450,60935533,1774848599999,5684986.205860,12002,32255648,3009159.787740,0
1774848600000,0.093460,0.093620,0.093150,0.093260,64765290,1774849499999,6049782.278740,13220,35243803,3292326.624540,0
1774849500000,0.093260,0.093350,0.092960,0.093010,77412818,1774850399999,7210451.815440,13734,34509220,3214914.051990,0
1774850400000,0.093020,0.093420,0.092750,0.092900,108070037,1774851299999,10053780.013530,19157,47583558,4427522.475760,0
1774851300000,0.092900,0.093050,0.092680,0.092960,63111255,1774852199999,5861937.830250,15735,33806696,3140053.271690,0
1774852200000,0.092960,0.093060,0.092630,0.092660,50302468,1774853099999,4668420.797210,10996,15866703,1472099.648880,0
1774853100000,0.092660,0.092720,0.092540,0.092550,57012922,1774853999999,5280907.103500,10432,28438737,2634374.909810,0
1774854000000,0.092550,0.092910,0.092480,0.092740,57095487,1774854899999,5289253.387640,12295,22919976,2123686.268740,0
1774854900000,0.092730,0.092860,0.092680,0.092830,20598740,1774855799999,1911142.059490,6669,8605684,798446.748840,0
1774855800000,0.092840,0.092940,0.092570,0.092670,31331627,1774856699999,2905380.894030,8805,10944592,1015304.401780,0
1774856700000,0.092670,0.093580,0.092630,0.093300,119244355,1774857599999,11120207.476600,19344,66762611,6225460.088950,0
1774857600000,0.093300,0.093430,0.093060,0.093400,74171995,1774858499999,6919182.268560,15946,40149402,3745461.312450,0
1774858500000,0.093400,0.093480,0.093280,0.093390,43797549,1774859399999,4089649.475760,8988,21689055,2025261.129440,0
1774859400000,0.093400,0.093910,0.093400,0.093460,66436261,1774860299999,6222890.612240,11736,40390621,3783612.515560,0
1774860300000,0.093470,0.093470,0.093140,0.093160,51103298,1774861199999,4767038.652700,8869,20237328,1888152.061600,0
1774861200000,0.093160,0.093210,0.092830,0.092900,44457089,1774862099999,4136276.896820,9762,17606023,1638391.046430,0
1774862100000,0.092890,0.092990,0.092690,0.092720,40201465,1774862999999,3732004.985960,8031,18189643,1688870.634860,0
1774863000000,0.092710,0.092770,0.092560,0.092630,36955573,1774863899999,3424964.209110,7419,16165956,1498235.135210,0
1774863900000,0.092630,0.092940,0.092620,0.092720,57574951,1774864799999,5341172.797020,6724,42892695,3979756.842770,0
1774864800000,0.092730,0.092840,0.092610,0.092790,31814422,1774865699999,2950707.255960,6838,15995235,1483675.851550,0
1774865700000,0.092800,0.092920,0.092710,0.092710,21590632,1774866599999,2004133.050650,4532,8990101,834583.912880,0
1774866600000,0.092710,0.092740,0.091850,0.092360,218140419,1774867499999,20130950.915560,15736,60448882,5581972.621710,0
1774867500000,0.092360,0.092840,0.092300,0.092720,102606089,1774868399999,9499253.089290,10276,73350690,6791946.908770,0
1774868400000,0.092720,0.092890,0.092660,0.092870,34667305,1774869299999,3215773.398380,7267,19268197,1787395.728070,0
1774869300000,0.092870,0.093590,0.092780,0.092980,121500829,1774870199999,11315553.326090,18832,62091387,5783602.200870,0
1774870200000,0.092980,0.093250,0.092900,0.093100,45706421,1774871099999,4253570.444470,12258,24301862,2261720.965330,0
1774871100000,0.093100,0.093140,0.092760,0.092870,51662133,1774871999999,4801399.316070,8768,26613755,2472860.822310,0
1774872000000,0.092870,0.093100,0.092870,0.092980,30667466,1774872899999,2851824.150490,9108,15067146,1401113.266580,0
1774872900000,0.092980,0.093010,0.092730,0.092830,43523397,1774873799999,4042817.090480,10256,16615619,1543499.274550,0
1774873800000,0.092830,0.093130,0.092810,0.092910,85358487,1774874699999,7935268.045010,10118,20125703,1871550.295810,0
1774874700000,0.092920,0.093050,0.092850,0.092880,17879038,1774875599999,1662154.315890,5636,7489876,696359.495960,0
1774875600000,0.092880,0.093100,0.092800,0.092960,31451307,1774876499999,2923808.685560,8608,17189608,1598059.822040,0
1774876500000,0.092970,0.093320,0.092910,0.092960,43373271,1774877399999,4038447.449080,10136,22723662,2115621.601740,0
1774877400000,0.092960,0.093200,0.092780,0.092840,63282515,1774878299999,5883964.464390,17116,31750474,2952676.826520,0
1774878300000,0.092840,0.092980,0.092650,0.092830,64022632,1774879199999,5940372.745440,15611,29902237,2775200.767210,0
1774879200000,0.092830,0.093260,0.092630,0.093120,97114226,1774880099999,9026789.383000,17254,48580635,4518608.028060,0
1774880100000,0.093120,0.093150,0.092640,0.092850,68330141,1774880999999,6342467.525660,14020,29586271,2746354.478770,0
1774881000000,0.092850,0.092920,0.092280,0.092400,112503965,1774881899999,10408024.525470,19465,55001130,5091062.111770,0
1774881900000,0.092400,0.093240,0.092290,0.092980,85304415,1774882799999,7914862.929970,18307,50312193,4668124.058420,0
1774882800000,0.092980,0.093070,0.092540,0.092560,50281012,1774883699999,4666123.730320,13212,23881736,2216328.931040,0
1774883700000,0.092550,0.092870,0.092410,0.092800,26752455,1774884599999,2477173.780660,7475,14279775,1322219.365610,0
1774884600000,0.092800,0.093210,0.092730,0.093180,63465776,1774885499999,5905604.169250,12941,28348281,2638012.295500,0
1774885500000,0.093180,0.093180,0.092830,0.092870,26069606,1774886399999,2424749.705330,8115,11829041,1100334.217440,0
1774886400000,0.092860,0.093020,0.092650,0.092920,38962028,1774887299999,3616876.551110,10560,22085908,2050524.681550,0
1774887300000,0.092930,0.092970,0.092650,0.092670,34527128,1774888199999,3203673.120070,8205,12593685,1168779.762650,0
1774888200000,0.092680,0.092860,0.092630,0.092640,24817279,1774889099999,2301143.954980,6765,14196024,1316306.814640,0
1774889100000,0.092640,0.092750,0.092450,0.092700,37371869,1774889999999,3459412.133660,7771,23225009,2149661.681020,0
1774890000000,0.092700,0.092830,0.092380,0.092430,29474669,1774890899999,2727668.141410,9389,10501059,972140.596850,0
1774890900000,0.092430,0.092460,0.091490,0.091790,179433512,1774891799999,16495338.173230,24237,78195677,7190516.568160,0
1774891800000,0.091790,0.091940,0.091620,0.091800,54903152,1774892699999,5038224.499510,12034,28710945,2635003.110030,0
1774892700000,0.091790,0.091850,0.091550,0.091600,36961454,1774893599999,3388108.127250,9122,14557975,1334720.309080,0
1774893600000,0.091610,0.091750,0.091160,0.091340,132709098,1774894499999,12138259.848700,17278,67923418,6218065.994390,0
1774894500000,0.091350,0.091410,0.090940,0.091140,175094599,1774895399999,15954784.497380,14538,85497511,7794336.890170,0
1774895400000,0.091140,0.091310,0.090980,0.091150,33802670,1774896299999,3081271.721650,9112,17712774,1614679.786170,0
1774896300000,0.091150,0.091190,0.090780,0.090960,47925923,1774897199999,4359028.462960,9843,16766483,1525125.378800,0
1774897200000,0.090960,0.091030,0.090680,0.090920,56210970,1774898099999,5106878.638730,13334,23951496,2176872.067410,0
1774898100000,0.090910,0.090930,0.090550,0.090630,42255544,1774898999999,3832610.505980,10659,24350717,2208680.234250,0
1774899000000,0.090630,0.090680,0.090410,0.090640,90725008,1774899899999,8215554.601940,11947,62442175,5654433.413410,0
1774899900000,0.090630,0.090980,0.090580,0.090880,45329578,1774900799999,4117916.977860,10239,21858925,1985623.684100,0
1774900800000,0.090870,0.091010,0.090790,0.091000,33329039,1774901699999,3029115.278560,8913,14067835,1278652.174400,0
1774901700000,0.091000,0.091070,0.090860,0.090990,21311435,1774902599999,1938919.292990,5642,9719368,884259.910380,0
1774902600000,0.090990,0.091060,0.090880,0.091020,15184212,1774903499999,1381275.982580,5252,7373666,670812.808810,0
1774903500000,0.091030,0.091050,0.090760,0.090780,28661354,1774904399999,2604936.601080,6341,10318668,937963.561640,0
1774904400000,0.090780,0.091090,0.090590,0.090980,95711177,1774905299999,8698297.573850,12197,27982343,2542316.928370,0
1774905300000,0.090980,0.091470,0.090960,0.091310,54154416,1774906199999,4939638.063880,10446,32647051,2978030.320160,0
1774906200000,0.091310,0.091480,0.091220,0.091410,31859506,1774907099999,2910353.357350,6994,15970685,1458979.402460,0
1774907100000,0.091420,0.091460,0.091210,0.091210,15723173,1774907999999,1436082.277050,5299,6527754,596277.006600,0
1774908000000,0.091210,0.091420,0.090820,0.091000,44656042,1774908899999,4067218.680530,12289,17764226,1618562.121840,0
1774908900000,0.090990,0.091310,0.090920,0.091190,21060752,1774909799999,1918859.254100,6736,10482077,955082.764800,0
1774909800000,0.091190,0.091200,0.091060,0.091100,14196327,1774910699999,1293768.586340,4766,7267565,662323.904420,0
1774910700000,0.091100,0.091150,0.090900,0.091010,15743096,1774911599999,1432792.045770,5076,7439659,677073.962140,0
1774911600000,0.091000,0.091010,0.090310,0.090650,102279400,1774912499999,9258811.506440,19672,38570050,3491286.020490,0
1774912500000,0.090650,0.090800,0.090580,0.090770,26669497,1774913399999,2418877.289440,6535,12648958,1147343.161960,0
1774913400000,0.090780,0.090870,0.090690,0.090800,21583835,1774914299999,1959556.166320,4997,10988863,997764.821460,0
1774914300000,0.090800,0.090800,0.090610,0.090780,20388320,1774915199999,1849272.208680,4540,9733536,882940.841010,0
1774915200000,0.090790,0.090820,0.090580,0.090720,46916886,1774916099999,4255733.419350,9800,18394748,1668790.663030,0
1774916100000,0.090720,0.090880,0.090450,0.090870,110725487,1774916999999,10029923.553410,11522,62370115,5649259.421310,0
1774917000000,0.090870,0.090930,0.090680,0.090910,45246074,1774917899999,4109281.189130,9537,21393174,1942962.712890,0
1774917900000,0.090920,0.091310,0.090860,0.091080,202957634,1774918799999,18487455.008670,23378,104219852,9494535.472670,0
1774918800000,0.091080,0.091340,0.090930,0.091270,34067910,1774919699999,3104828.887220,9823,16365605,1491611.376530,0
1774919700000,0.091260,0.092020,0.091210,0.091900,167752708,1774920599999,15387147.063180,18972,70728635,6485677.967080,0
1774920600000,0.091910,0.092750,0.091770,0.092130,230934034,1774921499999,21307972.178380,32047,117222448,10821295.659630,0
1774921500000,0.092130,0.092280,0.091960,0.092180,44311475,1774922399999,4083178.799030,9644,21112154,1945553.478440,0
1774922400000,0.092180,0.092220,0.091800,0.091850,49872864,1774923299999,4583484.227120,10734,19174609,1762295.748800,0
1774923300000,0.091860,0.092250,0.091860,0.092180,33993359,1774924199999,3131341.627410,7679,19960227,1838791.685130,0
1774924200000,0.092180,0.092320,0.092070,0.092160,24426110,1774925099999,2251788.785620,6254,12923887,1191494.901600,0
1774925100000,0.092160,0.092300,0.092010,0.092090,22797978,1774925999999,2101159.928310,5834,8875935,818099.108060,0
1774926000000,0.092100,0.092100,0.091810,0.091860,27031829,1774926899999,2484895.658110,7310,12464448,1145803.589780,0
1774926900000,0.091850,0.091890,0.091480,0.091670,44275967,1774927799999,4058779.786160,9319,22428690,2056297.115240,0
1774927800000,0.091680,0.091750,0.091440,0.091530,36846776,1774928699999,3373956.604570,7064,15398397,1410081.284740,0
1774928700000,0.091540,0.091700,0.091490,0.091630,26001053,1774929599999,2381813.193670,4817,14853779,1360711.279490,0
1774929600000,0.091640,0.091720,0.091510,0.091620,39193697,1774930499999,3591570.294840,8165,19300051,1768597.851490,0
1774930500000,0.091620,0.091900,0.091370,0.091490,46745021,1774931399999,4283854.191800,8677,17618536,1615644.410720,0
1774931400000,0.091490,0.091560,0.091390,0.091510,20226060,1774932299999,1850653.775290,4967,10969504,1003763.300840,0
1774932300000,0.091520,0.091650,0.091320,0.091350,38406278,1774933199999,3514677.074460,5442,8766648,802198.193970,0
1774933200000,0.091350,0.091360,0.091110,0.091170,46228573,1774934099999,4218061.913270,9504,19827704,1809348.765600,0
1774934100000,0.091180,0.091430,0.091100,0.091370,29332359,1774934999999,2677821.509940,6701,15795533,1442006.224560,0
1774935000000,0.091370,0.091460,0.091140,0.091220,23537252,1774935899999,2149281.212350,5857,10016789,914605.400770,0
1774935900000,0.091230,0.091460,0.091200,0.091350,17927051,1774936799999,1638074.222860,4699,8520069,778437.346670,0
1774936800000,0.091360,0.091390,0.091060,0.091180,30883086,1774937699999,2816164.515310,7658,12694486,1157440.874970,0
1774937700000,0.091180,0.091250,0.090940,0.091130,42197354,1774938599999,3843015.163060,7588,15736467,1433418.411210,0
1774938600000,0.091130,0.091390,0.091040,0.091340,22384671,1774939499999,2042022.056860,6468,14184612,1294020.373720,0
1774939500000,0.091340,0.091750,0.091340,0.091650,30887585,1774940399999,2827938.150650,6045,17883199,1637416.427180,0
1774940400000,0.091660,0.091730,0.091120,0.091290,31345663,1774941299999,2865938.421610,8156,12219040,1116975.396830,0
1774941300000,0.091290,0.091410,0.090970,0.091280,70666995,1774942199999,6442314.828150,10353,38951089,3551909.513680,0
1774942200000,0.091280,0.091420,0.091250,0.091380,20207605,1774943099999,1845966.880930,5311,9227935,843037.226030,0
1774943100000,0.091390,0.091500,0.091200,0.091230,26975527,1774943999999,2465318.907350,5081,12718461,1162759.112870,0
1774944000000,0.091240,0.091300,0.091010,0.091130,37934814,1774944899999,3459143.019250,8610,20907015,1906634.642710,0
1774944900000,0.091140,0.091470,0.091110,0.091370,22157403,1774945799999,2024256.657090,5798,7828521,714921.044740,0
1774945800000,0.091370,0.091370,0.090820,0.090930,52101384,1774946699999,4745025.421390,10351,24108940,2196386.250880,0
1774946700000,0.090920,0.091030,0.090620,0.090730,69628699,1774947599999,6323525.310700,11555,33555393,3048248.477000,0
1774947600000,0.090730,0.090910,0.090550,0.090680,51759059,1774948499999,4695452.198520,11672,23776322,2157379.783990,0
1774948500000,0.090690,0.090700,0.089730,0.090040,222722782,1774949399999,20079735.325100,25111,81196568,7318036.005640,0
1774949400000,0.090050,0.090050,0.089850,0.089960,76395958,1774950299999,6871002.061920,14977,38155214,3432081.305760,0
1774950300000,0.089970,0.090080,0.089290,0.089660,211396333,1774951199999,18952868.923470,25431,92656079,8310882.205730,0
1774951200000,0.089660,0.090190,0.089570,0.090110,132032020,1774952099999,11871810.184790,17670,88837719,7990984.590720,0
1774952100000,0.090110,0.090250,0.089940,0.090060,42836242,1774952999999,3858628.896850,9622,19326150,1740812.367240,0
1774953000000,0.090060,0.090130,0.089890,0.090060,39366110,1774953899999,3544010.902860,7708,16975814,1528579.235670,0
1774953900000,0.090050,0.090180,0.089930,0.090000,43534902,1774954799999,3919380.834500,6791,25938434,2335197.689610,0
1774954800000,0.090010,0.090480,0.089880,0.090260,100997571,1774955699999,9106157.970410,17037,52915287,4770872.984920,0
1774955700000,0.090260,0.090610,0.090180,0.090300,91080305,1774956599999,8236825.950960,14449,49450294,4472825.906420,0
1774956600000,0.090310,0.090530,0.090300,0.090490,24558322,1774957499999,2219521.476330,6748,9947728,899102.120910,0
1774957500000,0.090500,0.090500,0.090170,0.090280,23912644,1774958399999,2159272.057470,5554,11734507,1059666.647120,0
1774958400000,0.090280,0.090540,0.090190,0.090240,36173058,1774959299999,3268466.870960,10281,16158473,1460168.906470,0
1774959300000,0.090240,0.090640,0.090200,0.090560,42028152,1774960199999,3800524.062860,11009,23573062,2131810.965340,0
1774960200000,0.090560,0.090670,0.090420,0.090500,31678770,1774961099999,2867798.634510,7805,14585367,1320415.800250,0
1774961100000,0.090510,0.090530,0.090240,0.090250,38577024,1774961999999,3484182.357300,7056,15205882,1373624.285890,0
1774962000000,0.090250,0.090760,0.090240,0.090640,39775575,1774962899999,3600377.897460,8266,21021062,1902573.892030,0
1774962900000,0.090650,0.090810,0.090520,0.090740,28734143,1774963799999,2605307.281880,6844,13907197,1261089.934740,0
1774963800000,0.090740,0.091290,0.090700,0.090920,94705691,1774964699999,8620117.290220,19161,49623921,4516861.868160,0
1774964700000,0.090930,0.091560,0.090930,0.091150,89195442,1774965599999,8143537.392200,16818,46536190,4249501.184600,0
1774965600000,0.091160,0.091560,0.091030,0.091320,82791492,1774966499999,7554989.644590,17419,43309429,3952562.281080,0
1774966500000,0.091310,0.091870,0.091310,0.091790,89873197,1774967399999,8238559.373010,17966,51487981,4720118.043560,0
1774967400000,0.091780,0.091870,0.090990,0.091170,128931234,1774968299999,11770946.469250,15257,85354612,7791525.753120,0
1774968300000,0.091170,0.091190,0.090080,0.090410,173294035,1774969199999,15677345.335740,26067,72083285,6520427.141180,0
1774969200000,0.090400,0.091370,0.090350,0.091280,96506324,1774970099999,8767109.095840,20816,52904156,4808064.704090,0
1774970100000,0.091280,0.091330,0.090670,0.090810,57623954,1774970999999,5245208.944990,13061,23487924,2138347.842050,0
1774971000000,0.090810,0.090960,0.090530,0.090610,93195499,1774971899999,8458238.351650,11734,64323968,5838794.000260,0
1774971900000,0.090600,0.090730,0.090330,0.090370,34099024,1774972799999,3086026.816260,9022,17691473,1601422.899330,0
1774972800000,0.090370,0.090680,0.090280,0.090560,40084624,1774973699999,3626626.107950,10291,21120339,1911129.980950,0
1774973700000,0.090560,0.090830,0.090540,0.090750,25832096,1774974599999,2342637.278260,7342,17418768,1579653.968520,0
1774974600000,0.090750,0.092100,0.090250,0.091590,334248811,1774975499999,30565246.971480,38624,164631150,15074085.359730,0
1774975500000,0.091590,0.091760,0.091160,0.091490,142648238,1774976399999,13047266.996720,27771,59555685,5449349.250310,0
1774976400000,0.091480,0.092420,0.091380,0.092350,159541120,1774977299999,14653566.696740,26413,101799510,9351144.683000,0
1774977300000,0.092350,0.092650,0.092060,0.092130,185880613,1774978199999,17161896.023900,28970,91301277,8430994.033380,0
1774978200000,0.092140,0.092260,0.091340,0.091500,115566189,1774979099999,10597544.559740,19238,61134022,5604445.908970,0
1774979100000,0.091500,0.091550,0.091260,0.091500,48699314,1774979999999,4450955.812530,11566,19668066,1797681.605630,0
1774980000000,0.091510,0.092050,0.091500,0.091940,39941914,1774980899999,3667129.822700,10636,21545053,1977725.078910,0
1774980900000,0.091940,0.092210,0.091680,0.091900,43657875,1774981799999,4014324.244230,10520,27573677,2535668.941870,0
1774981800000,0.091900,0.092190,0.091820,0.092040,29239746,1774982699999,2690121.822930,7455,13713618,1261784.854660,0
1774982700000,0.092040,0.092290,0.091920,0.092280,26778152,1774983599999,2466066.125370,7269,15170432,1397227.850920,0
1774983600000,0.092280,0.092490,0.092180,0.092230,57487433,1774984499999,5307755.181670,11395,27831312,2570337.054200,0
1774984500000,0.092230,0.092280,0.091900,0.091960,24893080,1774985399999,2292312.869610,7888,13526478,1245754.722100,0
1774985400000,0.091960,0.092080,0.091820,0.092030,36116166,1774986299999,3322260.879920,8128,23552568,2166585.576620,0
1774986300000,0.092030,0.092150,0.091960,0.092110,22731113,1774987199999,2092798.972080,6567,13999749,1288942.957780,0
1774987200000,0.092100,0.092420,0.092070,0.092330,36867271,1774988099999,3400443.321880,9918,17885047,1649582.742430,0
1774988100000,0.092330,0.092400,0.092200,0.092300,17345996,1774988999999,1601280.738370,6248,9009545,831704.472830,0
1774989000000,0.092300,0.092410,0.092140,0.092190,23343875,1774989899999,2154037.573790,5792,9253976,853957.081110,0
1774989900000,0.092190,0.092680,0.092110,0.092670,79083547,1774990799999,7304954.610880,9097,61602056,5689145.980620,0
1774990800000,0.092670,0.092810,0.092120,0.092210,61877931,1774991699999,5719068.066940,11269,31350765,2898699.115630,0
1774991700000,0.092210,0.092380,0.092170,0.092340,23433435,1774992599999,2162396.346830,5565,13503680,1246148.975800,0
1774992600000,0.092340,0.092430,0.092270,0.092340,17859100,1774993499999,1649306.922400,5460,8514310,786358.449180,0
1774993500000,0.092350,0.092630,0.092260,0.092390,26839015,1774994399999,2480441.460810,7312,12735903,1177069.073940,0
1774994400000,0.092390,0.092430,0.091760,0.091960,136089511,1774995299999,12522643.357590,15364,44101384,4058806.043120,0
1774995300000,0.091950,0.092080,0.091730,0.091740,30319651,1774996199999,2785506.483370,6740,16112398,1480234.192510,0
1774996200000,0.091740,0.091800,0.091300,0.091730,72389774,1774997099999,6631014.604540,11028,36202386,3315983.678420,0
1774997100000,0.091720,0.091790,0.091470,0.091750,31210218,1774997999999,2861308.777730,5788,11772876,1079331.918500,0
1774998000000,0.091740,0.092070,0.091680,0.091880,23733304,1774998899999,2181187.240900,7683,12891064,1184872.600490,0
1774998900000,0.091880,0.092170,0.091810,0.092070,21195521,1774999799999,1950914.228890,6361,12719375,1170813.939040,0
1774999800000,0.092060,0.092260,0.092010,0.092110,28120481,1775000699999,2590456.742510,5706,11161678,1028618.069640,0
1775000700000,0.092110,0.092350,0.092030,0.092280,24313579,1775001599999,2241100.702560,6253,8035979,741030.788260,0
