open_time,open,high,low,close,volume,close_time,quote_volume,count,taker_buy_volume,taker_buy_quote_volume,ignore
1769904000000,10.1130,10.1780,10.1090,10.1730,331161,1769904899999,3361671.9280,11420,199197,2021745.5270,0
1769904900000,10.1730,10.1920,10.1530,10.1610,276032,1769905799999,2808518.6940,8281,110052,1119678.7450,0
1769905800000,10.1620,10.1770,10.1440,10.1560,168929,1769906699999,1715787.6690,6366,75168,763517.2520,0
1769906700000,10.1570,10.2010,10.1530,10.1760,136293,1769907599999,1387966.0240,5296,86132,877213.4430,0
1769907600000,10.1770,10.1820,10.1090,10.1350,236827,1769908499999,2400472.8510,8610,81948,830611.7530,0
1769908500000,10.1360,10.1730,10.0880,10.1660,186599,1769909399999,1888040.9320,6802,87720,888010.1200,0
1769909400000,10.1660,10.1700,10.1190,10.1300,156769,1769910299999,1589766.9120,5907,57663,584892.9280,0
1769910300000,10.1300,10.1740,10.1280,10.1670,87753,1769911199999,890946.2600,4418,50259,510250.1720,0
1769911200000,10.1680,10.2230,10.1590,10.2060,208320,1769912099999,2122504.0220,6797,126833,1292207.6550,0
1769912100000,10.2070,10.2140,10.1410,10.1650,163194,1769912999999,1661393.3140,5803,78570,800481.0630,0
1769913000000,10.1650,10.2110,10.1620,10.1990,78358,1769913899999,798463.5570,4267,41796,425978.6270,0
1769913900000,10.1980,10.2150,10.1940,10.2040,113660,1769914799999,1159747.2950,4235,56498,576443.9790,0
1769914800000,10.2040,10.2180,10.1840,10.1920,107881,1769915699999,1100160.9710,4628,57183,583207.3340,0
1769915700000,10.1930,10.2030,10.1800,10.1950,73278,1769916599999,746693.7750,3831,32215,328277.1670,0
1769916600000,10.1950,10.2050,10.1790,10.1910,64904,1769917499999,661493.9610,3420,30559,311465.9390,0
1769917500000,10.1920,10.2110,10.1900,10.2050,73687,1769918399999,751627.1420,3027,46325,472526.1050,0
1769918400000,10.2050,10.2390,10.1950,10.2220,106011,1769919299999,1082606.8160,4343,72569,741084.6180,0
1769919300000,10.2220,10.2330,10.2000,10.2100,84675,1769920199999,865052.4230,4354,32507,332097.8850,0
1769920200000,10.2100,10.2250,10.2000,10.2190,70212,1769921099999,716909.6880,3007,30755,314030.4100,0
1769921100000,10.2180,10.2240,10.2020,10.2040,44277,1769921999999,452322.8440,2243,22971,234689.4530,0
1769922000000,10.2050,10.2170,10.1790,10.1900,153681,1769922899999,1566614.4270,5399,58017,591478.7890,0
1769922900000,10.1890,10.2270,10.1780,10.2230,106194,1769923799999,1083572.1030,3819,75795,773477.3740,0
1769923800000,10.2230,10.2240,10.1580,10.1640,150849,1769924699999,1536835.8280,3826,40634,414162.4590,0
1769924700000,10.1640,10.1760,10.1590,10.1670,112771,1769925599999,1146599.9090,3546,50010,508498.3930,0
1769925600000,10.1670,10.2160,10.1670,10.2130,72056,1769926499999,734751.1560,3556,45740,466427.3910,0
1769926500000,10.2120,10.2210,10.1910,10.1910,83020,1769927399999,847500.5420,2747,39279,400951.1940,0
1769927400000,10.1920,10.2070,10.1400,10.1650,164584,1769928299999,1674217.5800,4478,54646,555851.9760,0
1769928300000,10.1640,10.1810,10.1560,10.1700,159903,1769929199999,1626054.9900,4737,88624,901202.2650,0
1769929200000,10.1700,10.1800,10.1340,10.1450,167786,1769930099999,1703910.7110,5651,71832,729640.6570,0
1769930100000,10.1450,10.1670,10.1310,10.1500,99793,1769930999999,1012404.1890,3987,42692,433176.0990,0
1769931000000,10.1500,10.2540,10.1420,10.2290,225380,1769931899999,2300288.6260,6024,157726,1609692.4640,0
1769931900000,10.2290,10.2290,10.1760,10.1840,125820,1769932799999,1283491.9690,3846,31968,326286.3660,0
1769932800000,10.1840,10.1910,10.1540,10.1550,150728,1769933699999,1533071.6960,5897,59878,609064.0340,0
1769933700000,10.1550,10.1600,10.1260,10.1480,288396,1769934599999,2925312.4170,6610,93065,943941.1990,0
1769934600000,10.1480,10.2150,10.1410,10.1950,155020,1769935499999,1578913.7620,4620,96312,980878.4720,0
1769935500000,10.1940,10.1940,10.1510,10.1610,136325,1769936399999,1385473.2780,4043,58054,589977.8640,0
1769936400000,10.1600,10.1740,10.1450,10.1480,79632,1769937299999,809003.3620,3784,37250,378446.5460,0
1769937300000,10.1490,10.1510,10.1170,10.1260,110167,1769938199999,1116785.5970,3497,32562,330114.1040,0
1769938200000,10.1260,10.1870,10.1240,10.1810,87934,1769939099999,893318.0600,3529,54501,553580.1530,0
1769939100000,10.1810,10.2080,10.1640,10.1930,111551,1769939999999,1136384.4080,3899,62416,635882.5840,0
1769940000000,10.1930,10.2000,10.1660,10.1950,87530,1769940899999,891536.6470,4084,45926,467813.4020,0
1769940900000,10.1940,10.1940,10.1640,10.1680,55989,1769941799999,569604.1670,2933,20692,210464.6540,0
1769941800000,10.1680,10.1760,10.0530,10.0580,307825,1769942699999,3111730.2450,9551,106020,1071560.0750,0
1769942700000,10.0580,10.0710,10.0090,10.0180,193786,1769943599999,1945622.7390,6556,86316,866955.1000,0
1769943600000,10.0190,10.0760,10.0180,10.0740,128072,1769944499999,1287123.1680,5654,87339,877681.8200,0
1769944500000,10.0740,10.0760,10.0490,10.0550,81568,1769945399999,820758.2900,3605,37699,379375.2310,0
1769945400000,10.0550,10.1620,10.0550,10.1430,186504,1769946299999,1887749.4540,7233,119331,1207677.4070,0
1769946300000,10.1420,10.1540,10.1160,10.1230,87102,1769947199999,882668.9670,3690,37081,375814.8370,0
1769947200000,10.1220,10.1280,10.0900,10.0960,58064,1769948099999,586845.7850,4113,23241,234903.4250,0
1769948100000,10.0960,10.0960,10.0200,10.0480,154050,1769948999999,1549510.1960,5990,57441,577666.6250,0
1769949000000,10.0470,10.1060,10.0460,10.0630,102848,1769949899999,1036501.8770,4904,44408,447514.7910,0
1769949900000,10.0640,10.0770,10.0300,10.0620,160787,1769950799999,1616070.2800,4993,61525,618263.9480,0
1769950800000,10.0620,10.1440,10.0620,10.1360,182614,1769951699999,1846894.3870,7128,112835,1141072.7930,0
1769951700000,10.1350,10.1430,10.0970,10.1090,173982,1769952599999,1761608.1720,5283,109196,1105780.3320,0
1769952600000,10.1090,10.1160,10.0760,10.0930,59548,1769953499999,601152.4830,4009,26466,267211.2650,0
1769953500000,10.0930,10.1030,10.0320,10.0650,145891,1769954399999,1467605.9320,6098,77463,779448.1570,0
1769954400000,10.0640,10.0890,10.0370,10.0420,116963,1769955299999,1176286.3430,6580,50595,508951.5470,0
1769955300000,10.0420,10.0460,9.9490,9.9620,347660,1769956199999,3475432.4560,11787,139915,1399092.8930,0
1769956200000,9.9610,10.0090,9.8790,9.9690,570358,1769957099999,5664851.0760,20353,293949,2919867.6740,0
1769957100000,9.9690,10.1030,9.9570,10.0310,353641,1769957999999,3548248.1920,15352,187963,1885814.8830,0
1769958000000,10.0300,10.0330,9.9130,9.9220,231330,1769958899999,2307251.0810,9926,101201,1009616.2310,0
1769958900000,9.9210,9.9260,9.7790,9.7880,561754,1769959799999,5529117.5160,19679,231130,2275341.6900,0
1769959800000,9.7870,9.8410,9.7260,9.7920,578643,1769960699999,5662319.0410,21584,287658,2816384.4370,0
1769960700000,9.7920,9.9190,9.7850,9.8540,368161,1769961599999,3627062.7260,14114,201716,1987398.6120,0
1769961600000,9.8540,9.9020,9.7990,9.8640,381886,1769962499999,3758631.9460,15319,202175,1990531.3600,0
1769962500000,9.8630,9.9320,9.7500,9.8790,393728,1769963399999,3877353.0250,15141,204789,2017347.2560,0
1769963400000,9.8780,9.9030,9.7960,9.8090,210812,1769964299999,2078214.7370,10704,91001,897317.4140,0
1769964300000,9.8100,9.8790,9.7930,9.8590,163856,1769965199999,1612106.2250,8553,96766,952356.4880,0
1769965200000,9.8590,9.8960,9.8350,9.8820,197295,1769966099999,1947943.2190,10300,84950,838730.1970,0
1769966100000,9.8820,9.8850,9.7890,9.8430,192476,1769966999999,1893118.4600,8608,99978,982880.8260,0
1769967000000,9.8420,9.8600,9.7930,9.8350,187448,1769967899999,1841071.0420,8161,109070,1071308.6110,0
1769967900000,9.8350,9.8990,9.8070,9.8940,138170,1769968799999,1361622.8390,6368,83876,826856.8970,0
1769968800000,9.8940,10.0590,9.8930,10.0470,515729,1769969699999,5151983.9310,19215,305776,3054603.4770,0
1769969700000,10.0470,10.0890,9.9830,10.0180,356421,1769970599999,3576141.8210,12374,154291,1548582.4050,0
1769970600000,10.0180,10.0200,9.9690,9.9730,137687,1769971499999,1376761.6810,6812,71515,715185.9520,0
1769971500000,9.9720,9.9870,9.9380,9.9850,150952,1769972399999,1503646.0170,6070,64444,642068.9790,0
1769972400000,9.9840,10.0090,9.9350,9.9470,145753,1769973299999,1452134.8870,6419,68466,682213.0680,0
1769973300000,9.9470,9.9640,9.9090,9.9460,135768,1769974199999,1348630.1540,5323,52411,520899.3590,0
1769974200000,9.9450,9.9670,9.9130,9.9210,114472,1769975099999,1137821.8760,4785,60114,597665.9840,0
1769975100000,9.9220,9.9220,9.8260,9.8810,249419,1769975999999,2462057.8130,9103,97843,965512.7340,0
1769976000000,9.8800,9.9090,9.8430,9.8630,163231,1769976899999,1611401.6960,8124,76824,758624.5630,0
1769976900000,9.8630,9.9060,9.8000,9.8070,199739,1769977799999,1967939.1210,7732,86389,851524.7690,0
1769977800000,9.8070,10.0240,9.8070,9.9690,334251,1769978699999,3321966.7980,12604,201165,1998564.6100,0
1769978700000,9.9700,9.9760,9.9050,9.9260,139157,1769979599999,1383063.4010,6265,57674,573299.2050,0
1769979600000,9.9250,9.9320,9.8370,9.8810,200698,1769980499999,1983265.0730,10245,95273,941447.2530,0
1769980500000,9.8800,9.9020,9.8480,9.8840,161349,1769981399999,1592930.4210,7621,77718,767235.0950,0
1769981400000,9.8850,9.9380,9.8650,9.8890,144293,1769982299999,1429120.6890,7696,60265,596944.9320,0
1769982300000,9.8890,9.9010,9.8170,9.8620,292676,1769983199999,2886767.3440,12677,119274,1176693.5780,0
1769983200000,9.8610,10.0460,9.8520,10.0070,417321,1769984099999,4149387.5010,15417,243949,2425906.3340,0
1769984100000,10.0080,10.0100,9.8920,9.9600,202167,1769984999999,2009342.6760,7874,85243,847485.1570,0
1769985000000,9.9590,10.0370,9.9580,9.9990,189020,1769985899999,1890492.4980,6554,86863,868952.6260,0
1769985900000,10.0000,10.0130,9.9590,9.9750,81300,1769986799999,811775.4550,4119,47684,476332.4060,0
1769986800000,9.9750,9.9820,9.6630,9.8720,1015218,1769987699999,9933238.4100,38443,436219,4271718.5870,0
1769987700000,9.8730,9.9520,9.7890,9.9330,589676,1769988599999,5827283.4650,26962,300706,2973699.8910,0
1769988600000,9.9300,10.0700,9.8940,9.9920,383522,1769989499999,3828939.8790,16114,193732,1934469.2460,0
1769989500000,9.9930,9.9930,9.8920,9.9090,282888,1769990399999,2808916.2680,10918,112689,1118453.8620,0
1769990400000,9.9090,10.0070,9.8360,9.9740,494718,1769991299999,4913911.9060,20456,279661,2779249.3020,0
1769991300000,9.9740,10.0760,9.9650,10.0490,337187,1769992199999,3383501.1630,16520,162628,1631971.7210,0
1769992200000,10.0500,10.0890,10.0190,10.0510,249824,1769993099999,2510933.8420,12885,132988,1336933.4400,0
1769993100000,10.0520,10.0730,9.9990,10.0120,150024,1769993999999,1506221.9870,8409,79207,795363.7240,0
1769994000000,10.0130,10.0870,9.9040,9.9090,331213,1769994899999,3311802.2070,14451,176970,1770724.0490,0
1769994900000,9.9090,10.1270,9.8790,10.1090,525134,1769995799999,5266452.2190,20598,279391,2802183.0990,0
1769995800000,10.1100,10.1120,10.0460,10.0860,156743,1769996699999,1580500.1090,9278,80223,808951.6560,0
1769996700000,10.0860,10.0950,10.0320,10.0580,124197,1769997599999,1250265.5160,7768,65352,658045.7990,0
1769997600000,10.0580,10.0720,9.9840,10.0050,191506,1769998499999,1919389.8660,9557,90902,911036.3460,0
1769998500000,10.0060,10.0830,9.9960,10.0180,225755,1769999399999,2263711.6380,8682,128882,1292577.4340,0
1769999400000,10.0190,10.0360,9.9390,9.9610,235347,1770000299999,2349278.8600,9429,97876,977252.0980,0
1770000300000,9.9610,9.9710,9.9060,9.9270,215201,1770001199999,2138536.6730,9668,107501,1068589.1790,0
1770001200000,9.9270,9.9370,9.7840,9.7940,273177,1770002099999,2694683.9350,13398,102859,1015401.2100,0
1770002100000,9.7940,9.7990,9.5600,9.6060,985346,1770002999999,9529687.9000,36420,422914,4093281.0180,0
1770003000000,9.6070,9.6620,9.5210,9.5720,837157,1770003899999,8019941.8800,34012,342941,3286658.4040,0
1770003900000,9.5720,9.8830,9.5690,9.8560,696000,1770004799999,6802819.3280,29924,385843,3768937.9270,0
1770004800000,9.8570,9.8720,9.7090,9.7310,471348,1770005699999,4614763.9740,13986,215501,2109902.4900,0
1770005700000,9.7300,9.9780,9.7180,9.9710,498855,1770006599999,4923972.7790,15727,305491,3016003.7920,0
1770006600000,9.9720,10.0010,9.9020,9.9040,230408,1770007499999,2292300.4370,10221,130579,1298872.9590,0
1770007500000,9.9050,9.9050,9.8210,9.8280,143034,1770008399999,1410359.2040,7317,60642,597859.4830,0
1770008400000,9.8280,9.8380,9.7150,9.7270,257217,1770009299999,2513515.2910,12113,111088,1085079.8290,0
1770009300000,9.7270,9.7340,9.6030,9.6280,367503,1770010199999,3553174.2680,16370,173921,1681710.7540,0
1770010200000,9.6290,9.6940,9.5850,9.6440,276873,1770011099999,2667652.8490,15980,145179,1399313.0910,0
1770011100000,9.6430,9.7280,9.6220,9.6700,283410,1770011999999,2739655.8680,16788,138292,1336968.6300,0
1770012000000,9.6690,9.7020,9.5720,9.6680,361222,1770012899999,3486611.0840,17942,187667,1811628.9010,0
1770012900000,9.6670,9.7680,9.6450,9.6890,265229,1770013799999,2576694.6870,16045,143941,1398440.2900,0
1770013800000,9.6880,9.9390,9.5310,9.8200,866316,1770014699999,8430436.4180,33428,434498,4231555.9950,0
1770014700000,9.8200,9.8890,9.7500,9.8150,365192,1770015599999,3579328.7150,20477,182085,1784575.3410,0
1770015600000,9.8160,9.9080,9.7820,9.8290,307922,1770016499999,3031754.5280,14626,163217,1606936.3050,0
1770016500000,9.8290,9.8810,9.7990,9.8240,126019,1770017399999,1238935.3350,8924,63492,624314.6910,0
1770017400000,9.8240,9.8970,9.8200,9.8880,234240,1770018299999,2310317.8220,12609,127120,1253791.1040,0
1770018300000,9.8880,9.9400,9.8620,9.8770,206267,1770019199999,2040576.0890,10317,103805,1026939.9120,0
1770019200000,9.8780,9.9620,9.8760,9.9300,226369,1770020099999,2245836.8350,13223,126845,1258471.2490,0
1770020100000,9.9310,9.9710,9.8950,9.9100,178484,1770020999999,1772317.6560,10643,94812,941647.8440,0
1770021000000,9.9110,9.9720,9.9110,9.9420,142943,1770021899999,1420434.7500,7191,74016,735450.0140,0
1770021900000,9.9420,9.9700,9.9280,9.9290,118492,1770022799999,1178574.0500,4773,60101,597977.2500,0
1770022800000,9.9300,9.9420,9.8630,9.8840,121497,1770023699999,1202748.0740,6701,57301,567286.0050,0
1770023700000,9.8840,9.9960,9.8630,9.9910,222642,1770024599999,2210081.5860,9290,142818,1417630.1240,0
1770024600000,9.9910,10.0430,9.9460,9.9740,318117,1770025499999,3176762.3680,12574,160662,1604399.1810,0
1770025500000,9.9730,10.0630,9.9690,10.0050,240725,1770026399999,2411538.2420,10500,112085,1122810.8920,0
1770026400000,10.0060,10.0330,9.9940,10.0110,108468,1770027299999,1086139.7710,6923,48641,487095.1730,0
1770027300000,10.0120,10.0190,9.9560,9.9850,204320,1770028199999,2039030.7840,7768,92830,926549.4530,0
1770028200000,9.9840,10.0110,9.9510,9.9680,110512,1770029099999,1102710.3250,5748,51600,514980.3460,0
1770029100000,9.9670,9.9770,9.9560,9.9690,61431,1770029999999,612269.8440,3473,32804,326985.4940,0
1770030000000,9.9690,10.0140,9.9640,10.0110,110165,1770030899999,1100566.7040,5529,66273,662138.2830,0
1770030900000,10.0100,10.0100,9.9810,10.0010,108004,1770031799999,1079144.0020,4446,49513,494721.5870,0
1770031800000,10.0020,10.0320,9.9950,10.0110,147670,1770032699999,1478888.1740,6397,78367,784847.7300,0
1770032700000,10.0110,10.0330,9.9630,9.9800,140049,1770033599999,1399730.1910,6364,63194,631689.5810,0
1770033600000,9.9790,10.0250,9.9780,10.0180,101589,1770034499999,1016010.1590,5030,59431,594353.2460,0
1770034500000,10.0170,10.0840,10.0100,10.0470,171489,1770035399999,1722698.6120,8467,101680,1021547.2540,0
1770035400000,10.0470,10.0580,10.0210,10.0420,100072,1770036299999,1004909.1950,5223,53320,535543.5580,0
1770036300000,10.0410,10.0830,10.0260,10.0650,92463,1770037199999,929588.9070,4931,58935,592622.4810,0
1770037200000,10.0640,10.0650,10.0250,10.0580,101060,1770038099999,1015034.1190,5523,49555,497753.4830,0
1770038100000,10.0570,10.1020,10.0350,10.0710,151816,1770038999999,1529548.1600,6539,83110,837522.3550,0
1770039000000,10.0700,10.1040,10.0540,10.0920,104436,1770039899999,1052751.2690,5809,58043,585143.4130,0
1770039900000,10.0920,10.1410,10.0770,10.1090,142571,1770040799999,1440695.8350,7155,85866,867876.1600,0
1770040800000,10.1090,10.1210,10.0200,10.0540,240108,1770041699999,2418235.8290,8753,84740,853296.4130,0
1770041700000,10.0540,10.1090,10.0140,10.0870,297039,1770042599999,2988810.3880,8526,153139,1541702.6460,0
1770042600000,10.0860,10.2370,10.0820,10.1790,917701,1770043499999,9333071.7220,26697,549036,5582473.9350,0
1770043500000,10.1790,10.2150,10.1290,10.1370,380147,1770044399999,3864807.0910,13138,174148,1771420.9290,0
1770044400000,10.1360,10.2290,10.1200,10.2140,366799,1770045299999,3727961.4590,14582,237819,2417128.7110,0
1770045300000,10.2130,10.2930,10.1920,10.2340,483938,1770046199999,4955615.3450,15795,275267,2819352.5990,0
1770046200000,10.2340,10.3170,10.2100,10.2670,394366,1770047099999,4047500.5400,13278,207538,2131379.9400,0
1770047100000,10.2660,10.2800,10.2140,10.2400,294388,1770047999999,3016676.9300,9687,110207,1129740.4220,0
1770048000000,10.2400,10.2520,10.2070,10.2360,206796,1770048899999,2116184.0850,9275,108614,1111588.3650,0
1770048900000,10.2360,10.2670,10.2160,10.2630,193643,1770049799999,1983108.1510,7493,114816,1175998.0950,0
1770049800000,10.2630,10.2630,10.2080,10.2250,145361,1770050699999,1487388.3460,6573,54783,560628.6890,0
1770050700000,10.2260,10.2270,10.1730,10.1850,203076,1770051599999,2070058.5380,6772,57666,587904.0850,0
1770051600000,10.1850,10.2210,10.1770,10.2000,118510,1770052499999,1209560.5910,5752,63196,645023.7790,0
1770052500000,10.2000,10.2190,10.1670,10.1750,157335,1770053399999,1604043.2090,6059,65080,663734.6600,0
1770053400000,10.1750,10.2000,10.1380,10.1510,216717,1770054299999,2203970.0460,6815,79632,810285.1620,0
1770054300000,10.1520,10.1720,10.1320,10.1580,115809,1770055199999,1175800.1280,4513,61970,629215.2240,0
1770055200000,10.1580,10.1620,10.1340,10.1430,98458,1770056099999,999242.9000,4507,49757,504955.7030,0
1770056100000,10.1430,10.1550,10.1290,10.1390,104688,1770056999999,1061699.6480,4682,61188,620563.0480,0
1770057000000,10.1390,10.2100,10.1380,10.1710,208642,1770057899999,2123413.5850,6242,111812,1138052.2010,0
1770057900000,10.1720,10.1830,10.1550,10.1640,128747,1770058799999,1308736.1450,4426,42294,429909.7350,0
1770058800000,10.1630,10.1760,10.1480,10.1610,85702,1770059699999,870950.6820,4560,41127,417974.4420,0
1770059700000,10.1600,10.1650,10.1420,10.1560,53042,1770060599999,538687.9720,3481,29382,298383.4810,0
1770060600000,10.1570,10.1570,10.1260,10.1480,90908,1770061499999,921743.8630,3860,34713,351942.0700,0
1770061500000,10.1480,10.1510,10.1160,10.1250,97983,1770062399999,992759.8860,4540,43112,436827.3370,0
1770062400000,10.1240,10.1510,10.0950,10.1240,177415,1770063299999,1795739.0820,7329,84242,852754.1780,0
1770063300000,10.1250,10.1480,10.1140,10.1280,63809,1770064199999,646457.5230,3761,33755,341942.3910,0
1770064200000,10.1280,10.1280,10.0840,10.0890,90762,1770065099999,916699.2850,5030,39091,394944.0080,0
1770065100000,10.0890,10.1160,10.0650,10.1010,112330,1770065999999,1133291.2040,5439,55536,560615.5600,0
1770066000000,10.1020,10.1660,10.0960,10.1460,122299,1770066899999,1239891.1470,6157,69346,703034.1190,0
1770066900000,10.1460,10.1550,10.1260,10.1320,56419,1770067799999,571917.1310,3056,19568,198344.7720,0
1770067800000,10.1330,10.1670,10.1290,10.1440,111446,1770068699999,1131161.5100,4611,50698,514613.9960,0
1770068700000,10.1450,10.1630,10.1410,10.1460,86172,1770069599999,874643.8520,3949,46023,467205.4810,0
1770069600000,10.1470,10.1860,10.1460,10.1670,96062,1770070499999,976999.7620,4142,58727,597312.2910,0
1770070500000,10.1670,10.1680,10.1410,10.1580,64969,1770071399999,659628.0440,2622,18740,190268.3590,0
1770071400000,10.1580,10.1820,10.1550,10.1710,43988,1770072299999,447359.8190,2444,27276,277396.7140,0
1770072300000,10.1720,10.1760,10.1540,10.1700,37579,1770073199999,382096.7250,2297,20754,211042.9010,0
1770073200000,10.1710,10.1740,10.1460,10.1540,103360,1770074099999,1049897.7400,4974,42294,429602.2320,0
1770074100000,10.1550,10.1590,10.1270,10.1320,80591,1770074999999,817351.3870,2910,31245,316922.3320,0
1770075000000,10.1330,10.1780,10.1280,10.1530,130362,1770075899999,1323927.9460,3606,87123,884907.9460,0
1770075900000,10.1530,10.1580,10.1320,10.1400,68705,1770076799999,696952.6320,2510,31288,317402.3980,0
1770076800000,10.1410,10.1520,10.0740,10.0990,140945,1770077699999,1424801.6990,5907,53093,536734.8890,0
1770077700000,10.0980,10.1280,10.0900,10.1230,102341,1770078599999,1034666.0880,4564,53144,537305.3080,0
1770078600000,10.1230,10.1230,10.0850,10.1130,110940,1770079499999,1121027.2050,4467,40414,408435.5650,0
1770079500000,10.1130,10.1420,10.0970,10.1370,76977,1770080399999,778953.8290,3572,37417,378713.1750,0
1770080400000,10.1380,10.1380,10.0930,10.1080,129618,1770081299999,1311589.9530,5062,47825,483900.5530,0
1770081300000,10.1070,10.1160,10.0640,10.1010,94105,1770082199999,949326.9660,4483,36973,373056.2540,0
1770082200000,10.1000,10.1040,10.0720,10.1010,86542,1770083099999,873155.4890,4822,35838,361654.9650,0
1770083100000,10.1000,10.1250,10.0920,10.1250,111350,1770083999999,1125688.4870,3885,63711,644152.1630,0
1770084000000,10.1250,10.1250,10.0260,10.0410,130012,1770084899999,1309266.4360,5282,42216,425302.9210,0
1770084900000,10.0420,10.0770,10.0360,10.0520,120018,1770085799999,1206951.9250,4985,57037,573743.2820,0
1770085800000,10.0510,10.0580,10.0100,10.0290,126000,1770086699999,1264334.1790,5534,59479,597031.5510,0
1770086700000,10.0290,10.0300,9.9670,9.9750,184134,1770087599999,1840278.2140,6963,74978,749584.9380,0
1770087600000,9.9760,10.0030,9.9370,9.9860,247628,1770088499999,2468152.6490,8917,98436,981380.8980,0
1770088500000,9.9860,10.0310,9.9480,10.0280,198952,1770089399999,1985689.3230,6511,104540,1044264.1130,0
1770089400000,10.0280,10.0990,10.0210,10.0930,151501,1770090299999,1525131.9160,6449,106916,1076297.2360,0
1770090300000,10.0920,10.1450,10.0780,10.1310,193986,1770091199999,1961473.5290,6513,117280,1186047.1660,0
1770091200000,10.1300,10.1500,10.0970,10.1480,178402,1770092099999,1805645.7790,5692,108323,1096555.1660,0
1770092100000,10.1490,10.1510,10.1040,10.1090,112042,1770092999999,1134887.6860,3527,34622,350868.1420,0
1770093000000,10.1090,10.2020,10.1080,10.1960,119278,1770093899999,1211946.8320,4361,81672,829931.6950,0
1770093900000,10.1960,10.1970,10.1560,10.1600,96759,1770094799999,984741.1670,3432,49581,504670.0790,0
1770094800000,10.1610,10.1690,10.0960,10.0970,129652,1770095699999,1313961.4250,4799,43779,444140.2970,0
1770095700000,10.0970,10.1170,10.0850,10.1070,89270,1770096599999,901658.7830,3897,46446,469186.0380,0
1770096600000,10.1080,10.1130,10.0970,10.1070,58427,1770097499999,590426.2070,3281,28566,288670.6920,0
1770097500000,10.1060,10.1180,10.0730,10.0780,71765,1770098399999,724771.7320,3423,30776,310931.1150,0
1770098400000,10.0790,10.0950,10.0320,10.0490,132845,1770099299999,1335985.5710,5340,60377,607083.8970,0
1770099300000,10.0490,10.1270,10.0380,10.1090,92846,1770100199999,935614.1440,4688,51138,515585.0050,0
1770100200000,10.1090,10.1210,10.0930,10.0990,51871,1770101099999,524221.3370,3212,20249,204682.1750,0
1770101100000,10.0990,10.1310,10.0940,10.1190,72460,1770101999999,732979.7620,3209,42896,433871.6970,0
1770102000000,10.1200,10.1600,10.0910,10.1290,142812,1770102899999,1446462.4330,5957,81428,824895.2760,0
1770102900000,10.1290,10.1410,10.1110,10.1240,83519,1770103799999,845671.2730,3903,37386,378604.5710,0
1770103800000,10.1250,10.1760,10.1200,10.1530,137870,1770104699999,1399205.0050,5561,70960,720174.0410,0
1770104700000,10.1520,10.1570,10.1340,10.1430,44385,1770105599999,450284.1750,2950,19906,201943.4880,0
1770105600000,10.1430,10.1470,10.0910,10.0930,149878,1770106499999,1516913.1560,6088,55918,566257.0340,0
1770106500000,10.0940,10.1720,10.0910,10.1540,140652,1770107399999,1425944.6800,4766,97351,987146.8110,0
1770107400000,10.1540,10.1630,10.1300,10.1570,158460,1770108299999,1607778.0800,4546,66950,679378.7150,0
1770108300000,10.1570,10.1570,10.0930,10.1000,127625,1770109199999,1291395.4810,3411,50360,509682.3560,0
1770109200000,10.1000,10.1280,10.0150,10.0240,301720,1770110099999,3039480.6240,9663,138950,1400879.3170,0
1770110100000,10.0240,10.0450,9.9690,9.9690,319033,1770110999999,3193118.4930,11049,142297,1424326.6340,0
1770111000000,9.9690,10.0570,9.9660,10.0410,259819,1770111899999,2601387.2720,7953,148393,1486030.7700,0
1770111900000,10.0420,10.0600,10.0340,10.0470,101580,1770112799999,1020611.8100,3957,56126,563944.0510,0
1770112800000,10.0480,10.0940,10.0370,10.0810,85468,1770113699999,860737.2470,4396,53989,543681.1720,0
1770113700000,10.0800,10.0830,10.0470,10.0650,70089,1770114599999,705183.1720,2908,26532,267004.3090,0
1770114600000,10.0650,10.0650,10.0220,10.0330,78171,1770115499999,784696.9550,3969,36140,362776.4250,0
1770115500000,10.0340,10.0530,10.0290,10.0500,59652,1770116399999,598977.7600,2932,33963,341038.1580,0
1770116400000,10.0500,10.0710,10.0430,10.0480,74211,1770117299999,746170.6030,4001,38322,385366.8450,0
1770117300000,10.0480,10.0740,10.0360,10.0620,73056,1770118199999,734910.9220,3176,29093,292669.4490,0
1770118200000,10.0620,10.0880,10.0530,10.0780,95145,1770119099999,958719.8800,4118,47047,474131.4760,0
1770119100000,10.0780,10.1110,10.0700,10.0730,104707,1770119999999,1056893.6720,3777,62941,635406.9340,0
1770120000000,10.0740,10.1360,10.0460,10.1100,121329,1770120899999,1224118.5960,5359,65694,663150.7980,0
1770120900000,10.1110,10.1510,10.0960,10.1420,95746,1770121799999,968804.2220,3914,57895,586107.6630,0
1770121800000,10.1420,10.1560,10.1320,10.1370,94375,1770122699999,957301.4780,4050,52101,528458.4850,0
1770122700000,10.1370,10.1650,10.1360,10.1380,92550,1770123599999,939516.3340,3615,47617,483414.4130,0
1770123600000,10.1380,10.1640,10.1260,10.1420,101447,1770124499999,1028771.5990,4411,45541,461886.2160,0
1770124500000,10.1430,10.1560,10.1170,10.1520,121720,1770125399999,1233945.6900,4016,65025,659325.3650,0
1770125400000,10.1520,10.1620,10.1320,10.1350,90715,1770126299999,920292.9920,3537,39528,401060.9400,0
1770126300000,10.1350,10.1630,10.1310,10.1410,116125,1770127199999,1178309.2270,3528,52818,535905.0730,0
1770127200000,10.1410,10.1520,10.1280,10.1400,122743,1770128099999,1244631.0150,4384,61749,626132.9020,0
1770128100000,10.1410,10.1590,10.1040,10.1430,213380,1770128999999,2161864.8500,6276,110912,1123649.3350,0
1770129000000,10.1420,10.1480,9.9970,10.0290,483087,1770129899999,4861549.0220,16274,179523,1807850.0360,0
1770129900000,10.0290,10.0640,9.9230,9.9270,378721,1770130799999,3781853.3150,15299,165044,1648893.0360,0
1770130800000,9.9270,10.0120,9.9060,9.9210,414172,1770131699999,4120914.8330,17208,216794,2157656.2630,0
1770131700000,9.9210,10.1370,9.9050,10.0800,679086,1770132599999,6821796.8400,21609,398153,3998233.3360,0
1770132600000,10.0800,10.1540,10.0250,10.0310,369088,1770133499999,3719743.6230,15948,163045,1643589.6450,0
1770133500000,10.0310,10.1670,10.0190,10.1510,424625,1770134399999,4296127.1130,13848,249820,2527737.6890,0
1770134400000,10.1510,10.1540,10.0450,10.0540,274807,1770135299999,2774512.5540,11501,113386,1144323.3020,0
1770135300000,10.0540,10.0630,9.9450,9.9490,595333,1770136199999,5958368.5630,14037,221053,2211242.4000,0
1770136200000,9.9490,9.9840,9.9120,9.9630,371205,1770137099999,3694334.1170,13877,173678,1728863.5280,0
1770137100000,9.9630,9.9760,9.9220,9.9470,275373,1770137999999,2739708.6310,10709,113713,1131489.5360,0
1770138000000,9.9470,9.9520,9.8380,9.8460,422282,1770138899999,4179953.3660,14181,112557,1114259.2450,0
1770138900000,9.8470,9.9140,9.8380,9.8930,287196,1770139799999,2834708.5580,12625,162251,1601581.4080,0
1770139800000,9.8930,9.8960,9.7710,9.7720,365233,1770140699999,3588307.7420,13764,129799,1274832.1850,0
1770140700000,9.7730,9.8500,9.7380,9.7450,406260,1770141599999,3976481.3620,14348,197968,1938644.0650,0
1770141600000,9.7450,9.7950,9.7040,9.7070,456898,1770142499999,4455252.2150,17088,193362,1886116.6600,0
1770142500000,9.7060,9.7200,9.5840,9.6030,846670,1770143399999,8165938.7980,25528,367707,3546853.0760,0
1770143400000,9.6020,9.6590,9.5730,9.5920,422578,1770144299999,4063704.4940,15527,227528,2188642.5440,0
1770144300000,9.5910,9.6110,9.5260,9.5560,541410,1770145199999,5175754.1460,18093,266977,2552071.6640,0
1770145200000,9.5550,9.8660,9.5350,9.8500,858509,1770146099999,8333102.9900,26853,486358,4723232.2300,0
1770146100000,9.8490,9.9410,9.8220,9.9000,606253,1770146999999,5985091.3370,20063,329013,3248577.9960,0
1770147000000,9.8990,10.0090,9.8930,9.9360,451325,1770147899999,4489805.0700,17291,272661,2712542.2490,0
1770147900000,9.9350,9.9740,9.8950,9.9560,311668,1770148799999,3095128.8890,12811,163862,1627825.5370,0
1770148800000,9.9550,9.9650,9.8450,9.8710,268717,1770149699999,2659056.9000,11911,125917,1246556.1170,0
1770149700000,9.8710,10.0970,9.8570,10.0600,477726,1770150599999,4776115.6900,17702,295410,2951811.8950,0
1770150600000,10.0610,10.3550,10.0590,10.1970,1441907,1770151499999,14721173.5270,33736,862911,8809313.8030,0
1770151500000,10.1970,10.2630,10.1670,10.2080,439548,1770152399999,4486085.4420,13874,208207,2125076.8870,0
1770152400000,10.2090,10.2660,10.1970,10.2140,470573,1770153299999,4814771.7430,14918,269492,2757673.8490,0
1770153300000,10.2150,10.2240,10.1460,10.1540,298149,1770154199999,3032312.2150,7637,109266,1111157.4070,0
1770154200000,10.1540,10.1790,10.1120,10.1190,225703,1770155099999,2288396.6430,6384,90740,920212.3330,0
1770155100000,10.1200,10.1330,10.0720,10.0900,179085,1770155999999,1808317.0330,6112,85396,862467.6070,0
1770156000000,10.0910,10.0950,10.0040,10.0290,199977,1770156899999,2009050.3870,7730,97465,978963.8050,0
1770156900000,10.0280,10.0560,9.9770,10.0330,178192,1770157799999,1785037.3600,6866,89917,901128.5980,0
1770157800000,10.0330,10.0610,10.0140,10.0200,108334,1770158699999,1087421.3240,4168,63973,642274.2310,0
1770158700000,10.0190,10.0200,9.9360,9.9650,138353,1770159599999,1378828.6760,5825,67604,673523.1750,0
1770159600000,9.9650,9.9720,9.8900,9.9690,261756,1770160499999,2599503.7970,11023,123171,1223702.6210,0
1770160500000,9.9700,9.9770,9.9160,9.9300,124425,1770161399999,1237290.1290,5804,51521,512350.3360,0
1770161400000,9.9300,9.9760,9.9190,9.9300,170313,1770162299999,1693748.0540,6136,91165,906955.9970,0
1770162300000,9.9310,9.9380,9.8750,9.9230,204278,1770163199999,2023606.7420,6898,93215,923360.0000,0
1770163200000,9.9240,9.9240,9.8810,9.8850,151498,1770164099999,1500820.6890,6853,68084,674511.7270,0
1770164100000,9.8860,9.9650,9.8850,9.9600,147890,1770164999999,1469208.3230,6202,76159,756281.9100,0
1770165000000,9.9590,10.0140,9.9510,9.9910,140147,1770165899999,1399341.8040,5577,76195,760803.1640,0
1770165900000,9.9920,10.0230,9.9750,9.9820,195322,1770166799999,1953564.9870,5243,83785,838087.8290,0
1770166800000,9.9830,10.1240,9.9800,10.1130,260181,1770167699999,2617557.6180,9168,151115,1520858.2740,0
1770167700000,10.1120,10.1190,10.0730,10.0810,113630,1770168599999,1147089.0930,5315,41524,419239.1280,0
1770168600000,10.0800,10.1120,10.0710,10.0920,116987,1770169499999,1181351.7590,5035,65491,661334.6960,0
1770169500000,10.0930,10.0940,10.0360,10.0540,103491,1770170399999,1040802.8200,4256,43546,437825.5990,0
1770170400000,10.0530,10.0760,10.0450,10.0580,120277,1770171299999,1209841.3940,5442,61891,622550.4130,0
1770171300000,10.0550,10.0810,10.0110,10.0210,110472,1770172199999,1110099.9070,4705,48188,484277.6240,0
1770172200000,10.0210,10.0210,9.9590,9.9970,154728,1770173099999,1546886.5900,5700,54439,544309.4970,0
1770173100000,9.9970,10.0120,9.9670,10.0040,77125,1770173999999,770676.6200,4309,37076,370581.9580,0
1770174000000,10.0040,10.1100,9.9940,10.0920,165382,1770174899999,1663299.9520,7960,100334,1009002.2810,0
1770174900000,10.0910,10.1000,10.0490,10.0560,68162,1770175799999,686424.3230,3615,29130,293361.2430,0
1770175800000,10.0550,10.1330,10.0530,10.0900,201081,1770176699999,2028390.3860,7571,101471,1023701.0370,0
1770176700000,10.0900,10.1160,10.0840,10.1020,74613,1770177599999,753579.6640,3245,45135,455883.1670,0
1770177600000,10.1020,10.1280,10.0800,10.1250,144927,1770178499999,1464822.1090,5722,89410,903661.9680,0
1770178500000,10.1250,10.1270,10.0870,10.1020,70867,1770179399999,716206.6240,2925,32959,333084.7680,0
1770179400000,10.1010,10.1090,10.0890,10.1010,39135,1770180299999,395295.3880,2662,20530,207365.7210,0
1770180300000,10.1010,10.1060,10.0840,10.1000,44533,1770181199999,449635.6110,2561,21045,212514.2090,0
1770181200000,10.0990,10.1140,10.0920,10.1080,59455,1770182099999,600524.5620,3427,25071,253265.5210,0
1770182100000,10.1080,10.1110,10.0710,10.0940,46458,1770182999999,468710.0640,2813,19354,195263.2330,0
1770183000000,10.0930,10.0930,10.0540,10.0600,50902,1770183899999,512873.1070,3133,17251,173795.6540,0
1770183900000,10.0600,10.0790,10.0110,10.0390,115528,1770184799999,1159908.3380,4554,44361,445609.3740,0
1770184800000,10.0390,10.1170,10.0220,10.1070,178591,1770185699999,1799460.1130,5813,119636,1205882.3720,0
1770185700000,10.1070,10.1110,10.0670,10.0770,82531,1770186599999,832155.9210,3512,39203,395326.3210,0
1770186600000,10.0780,10.1330,10.0680,10.1260,81330,1770187499999,821790.9770,4163,55237,558270.9730,0
1770187500000,10.1260,10.1490,10.1170,10.1260,106869,1770188399999,1082780.0320,3820,62769,636021.1870,0
1770188400000,10.1260,10.1300,10.0710,10.1260,149623,1770189299999,1511321.8790,5410,80501,813374.2040,0
1770189300000,10.1260,10.1310,10.0900,10.1120,147287,1770190199999,1488937.8210,5476,74081,748785.2190,0
1770190200000,10.1110,10.1450,10.1020,10.1290,188603,1770191099999,1908418.9560,5701,108420,1097021.3180,0
1770191100000,10.1300,10.1490,10.1040,10.1410,157181,1770191999999,1592643.9520,4426,83927,850551.5590,0
1770192000000,10.1420,10.1450,10.1030,10.1200,133482,1770192899999,1350942.8250,5226,77925,788792.1640,0
1770192900000,10.1200,10.1480,10.0840,10.0880,136526,1770193799999,1381153.0890,4479,52097,527509.7240,0
1770193800000,10.0870,10.1410,10.0810,10.1400,126439,1770194699999,1279112.8180,4946,66236,670113.3300,0
1770194700000,10.1410,10.1580,10.1280,10.1370,98454,1770195599999,998530.7220,3831,37878,384165.6530,0
1770195600000,10.1370,10.1420,10.0900,10.0900,110670,1770196499999,1119536.2850,4688,45610,461541.5550,0
1770196500000,10.0900,10.0980,10.0620,10.0790,75521,1770197399999,761169.1800,4185,36545,368342.1030,0
1770197400000,10.0790,10.0930,10.0450,10.0610,82782,1770198299999,833369.9370,4741,38658,389190.4570,0
1770198300000,10.0610,10.0850,10.0600,10.0650,50424,1770199199999,507781.2240,3203,21459,216116.3490,0
1770199200000,10.0660,10.0770,10.0280,10.0420,151527,1770200099999,1522309.5590,5505,41234,414373.3720,0
1770200100000,10.0430,10.0640,10.0360,10.0440,78989,1770200999999,793726.1870,3889,31314,314680.8920,0
1770201000000,10.0450,10.0600,10.0250,10.0350,64378,1770201899999,646474.6450,3744,26921,270355.9940,0
1770201900000,10.0360,10.0430,10.0280,10.0340,54077,1770202799999,542754.6460,2479,22325,224064.4450,0
1770202800000,10.0350,10.0370,9.9210,9.9380,448585,1770203699999,4468468.3700,13379,176597,1758703.2260,0
1770203700000,9.9380,10.0060,9.9300,9.9850,174228,1770204599999,1736378.7120,6443,114593,1142080.5250,0
1770204600000,9.9840,10.0580,9.9700,10.0090,193473,1770205499999,1936885.9720,6443,95979,960862.2710,0
1770205500000,10.0100,10.0300,10.0020,10.0180,73813,1770206399999,739539.3600,3750,36350,364164.6260,0
1770206400000,10.0190,10.0260,10.0040,10.0090,81270,1770207299999,813962.8670,4108,35772,358272.1390,0
1770207300000,10.0100,10.0310,9.9660,9.9710,128870,1770208199999,1287941.2080,5325,49914,498996.7090,0
1770208200000,9.9700,10.0030,9.9660,9.9910,76154,1770209099999,760433.0750,3534,43202,431384.1730,0
1770209100000,9.9920,10.0110,9.9810,10.0050,79080,1770209999999,790587.4180,3363,50802,507921.3650,0
1770210000000,10.0040,10.0140,9.9870,9.9990,69359,1770210899999,693796.1020,3906,31354,313662.2230,0
1770210900000,9.9990,10.0040,9.9570,9.9690,76502,1770211799999,763352.8820,4257,28133,280635.8930,0
1770211800000,9.9690,9.9850,9.9170,9.9270,191570,1770212699999,1905606.5940,8469,85550,851080.9610,0
1770212700000,9.9270,9.9410,9.8600,9.8630,233353,1770213599999,2309927.2600,9801,110087,1090255.5220,0
1770213600000,9.8630,9.9110,9.8520,9.8880,233310,1770214499999,2305064.6560,9792,102882,1016697.5430,0
1770214500000,9.8880,9.8960,9.8510,9.8690,134280,1770215399999,1325704.7730,6666,64166,633565.4560,0
1770215400000,9.8690,9.9330,9.7650,9.8510,718071,1770216299999,7071749.0680,27677,319180,3145251.3780,0
1770216300000,9.8500,9.9160,9.7170,9.7270,493647,1770217199999,4846109.9310,17861,226775,2228543.8970,0
1770217200000,9.7280,9.8540,9.6780,9.8140,647048,1770218099999,6321899.0500,26932,323770,3164776.5020,0
1770218100000,9.8140,9.8620,9.7510,9.7860,363560,1770218999999,3560398.1650,16263,166100,1626965.9110,0
1770219000000,9.7860,9.7950,9.6080,9.7220,609697,1770219899999,5907928.9960,23302,279949,2713393.8990,0
1770219900000,9.7230,9.7420,9.6640,9.7190,313021,1770220799999,3037594.3910,13831,155168,1505992.3220,0
1770220800000,9.7200,9.7720,9.6530,9.7180,521319,1770221699999,5063123.5010,18676,256299,2491089.4920,0
1770221700000,9.7180,9.7290,9.6100,9.7140,659248,1770222599999,6373044.7910,21567,314619,3042539.4980,0
1770222600000,9.7140,9.7210,9.5760,9.6020,430582,1770223499999,4142131.5490,15646,209371,2013222.6020,0
1770223500000,9.6010,9.7200,9.5870,9.6950,345945,1770224399999,3341291.4900,15559,189003,1824972.5990,0
1770224400000,9.6940,9.7530,9.6220,9.7220,399580,1770225299999,3867745.8740,16607,207678,2011131.2390,0
1770225300000,9.7230,9.7800,9.5930,9.5980,393786,1770226199999,3810113.9560,13680,191423,1854594.2790,0
1770226200000,9.5980,9.6900,9.5680,9.6600,469096,1770227099999,4516945.0220,19124,229683,2211671.1630,0
1770227100000,9.6590,9.7160,9.6120,9.6970,232243,1770227999999,2243157.3600,11407,125011,1207819.7450,0
1770228000000,9.6960,9.7000,9.5850,9.6100,419720,1770228899999,4048988.3610,16371,189607,1830105.8120,0
1770228900000,9.6090,9.7680,9.5660,9.7140,523596,1770229799999,5046117.5820,18509,267033,2575599.2640,0
1770229800000,9.7130,9.8870,9.6820,9.8700,683060,1770230699999,6687883.7490,24242,395643,3875113.1580,0
1770230700000,9.8700,9.8740,9.7580,9.7610,261731,1770231599999,2567403.0300,11147,100730,988397.4670,0
1770231600000,9.7600,9.8500,9.7570,9.7880,301374,1770232499999,2953692.1320,13330,165570,1623010.9510,0
1770232500000,9.7870,9.8220,9.7080,9.7340,279200,1770233399999,2724762.9600,9850,126545,1235624.8980,0
1770233400000,9.7330,9.8420,9.7250,9.8320,187105,1770234299999,1829502.3870,9076,112656,1101870.2460,0
1770234300000,9.8320,9.9520,9.8310,9.9330,483187,1770235199999,4782040.7140,16024,281468,2785947.6960,0
1770235200000,9.9330,9.9550,9.8410,9.8470,341607,1770236099999,3381454.3860,12314,151342,1498564.9330,0
1770236100000,9.8470,9.9040,9.8470,9.8670,152681,1770236999999,1508052.1010,6643,75068,741446.2750,0
1770237000000,9.8670,9.8710,9.8340,9.8400,135906,1770237899999,1338861.2980,6373,54327,535251.1670,0
1770237900000,9.8390,9.8540,9.8190,9.8340,116491,1770238799999,1145979.7480,4729,52516,516716.7940,0
1770238800000,9.8350,9.8650,9.7740,9.8010,313202,1770239699999,3073061.1840,10293,145409,1427288.2820,0
1770239700000,9.8000,9.8050,9.7320,9.7510,192940,1770240599999,1881707.4080,6622,86658,845210.1480,0
1770240600000,9.7510,9.7760,9.6630,9.6840,208958,1770241499999,2031850.9240,8181,76050,739352.1310,0
1770241500000,9.6850,9.7180,9.6200,9.7150,321070,1770242399999,3102552.5370,12192,157150,1518929.9710,0
1770242400000,9.7150,9.7200,9.5370,9.6170,497296,1770243299999,4773378.6770,18455,212038,2035669.0980,0
1770243300000,9.6170,9.8470,9.6160,9.8430,358880,1770244199999,3498882.1990,13141,202245,1971436.5640,0
1770244200000,9.8430,9.8450,9.6480,9.6810,352919,1770245099999,3438360.5760,10680,134835,1313110.7760,0
1770245100000,9.6810,9.7290,9.6170,9.6380,340524,1770245999999,3294900.1380,9939,115460,1117765.4320,0
1770246000000,9.6370,9.6690,9.6160,9.6620,214406,1770246899999,2068113.9970,9600,104909,1012115.6310,0
1770246900000,9.6620,9.7870,9.6450,9.7470,354504,1770247799999,3445103.0510,9954,185294,1800450.4100,0
1770247800000,9.7470,9.7830,9.7250,9.7410,171373,1770248699999,1670691.2800,7345,86527,843592.8480,0
1770248700000,9.7420,9.7640,9.7050,9.7110,118019,1770249599999,1149286.5740,5421,53614,522245.5220,0
1770249600000,9.7110,9.7220,9.6730,9.6750,116316,1770250499999,1128229.1150,6704,62945,610617.7320,0
1770250500000,9.6760,9.7610,9.6710,9.7540,152483,1770251399999,1480582.3830,6123,83124,807335.7540,0
1770251400000,9.7530,9.7530,9.6670,9.7240,140126,1770252299999,1359961.7000,6178,72365,702525.9280,0
1770252300000,9.7240,9.7650,9.7110,9.7300,181677,1770253199999,1770427.8100,5692,123310,1201714.7110,0
1770253200000,9.7300,9.8210,9.7250,9.7980,192710,1770254099999,1884209.3060,7929,108674,1062186.4450,0
1770254100000,9.7970,9.8320,9.6440,9.8080,359530,1770254999999,3497358.3040,14000,182908,1778521.8240,0
1770255000000,9.8090,9.8460,9.7060,9.7690,339843,1770255899999,3320130.3260,14760,164647,1609178.2840,0
1770255900000,9.7690,9.7770,9.7280,9.7370,127571,1770256799999,1244102.5740,6333,63502,619408.8380,0
1770256800000,9.7380,9.7580,9.6770,9.6800,183026,1770257699999,1778633.9430,10204,91048,884871.2430,0
1770257700000,9.6800,9.7500,9.6430,9.7360,226485,1770258599999,2198982.7080,12587,128649,1249198.5290,0
1770258600000,9.7370,9.8190,9.7290,9.7780,249370,1770259499999,2437866.8840,12001,140427,1372921.9160,0
1770259500000,9.7780,9.7800,9.6300,9.6500,277726,1770260399999,2689628.2880,11475,147305,1425830.2180,0
1770260400000,9.6490,9.7180,9.6210,9.6530,287081,1770261299999,2775785.8920,13722,152712,1476972.7160,0
1770261300000,9.6520,9.7090,9.5920,9.6490,228888,1770262199999,2208307.0540,12285,124396,1200504.3810,0
1770262200000,9.6480,9.6500,9.6000,9.6190,196693,1770263099999,1893603.6530,10187,105802,1018693.4480,0
1770263100000,9.6180,9.6280,9.5930,9.6170,143024,1770263999999,1374386.2680,7483,79920,768106.0230,0
1770264000000,9.6170,9.6590,9.5420,9.5760,489842,1770264899999,4704494.6200,16216,247202,2375270.3760,0
1770264900000,9.5760,9.6290,9.5310,9.5830,456966,1770265799999,4380643.1590,14762,265203,2543450.7750,0
1770265800000,9.5820,9.6360,9.5360,9.6290,397778,1770266699999,3808380.7280,12856,240974,2308080.1210,0
1770266700000,9.6280,9.6300,9.5610,9.5760,209762,1770267599999,2012776.9570,7824,121286,1164068.6500,0
1770267600000,9.5760,9.6220,9.5490,9.5890,179640,1770268499999,1721361.3490,7825,92044,882230.5220,0
1770268500000,9.5890,9.6140,9.4660,9.5050,613187,1770269399999,5831623.8120,18155,231120,2198342.6900,0
1770269400000,9.5040,9.6720,9.4750,9.6380,445877,1770270299999,4270964.3470,16171,251713,2412330.9730,0
1770270300000,9.6390,9.6490,9.5500,9.5580,217622,1770271199999,2087470.8530,10072,83967,805220.5020,0
1770271200000,9.5590,9.5750,9.4600,9.5040,376109,1770272099999,3576450.5480,13511,153357,1458151.2910,0
1770272100000,9.5040,9.5340,9.4590,9.4770,152344,1770272999999,1444925.4110,8247,70634,670139.9450,0
1770273000000,9.4760,9.5380,9.4750,9.5090,145577,1770273899999,1385508.6700,8330,80608,767140.9350,0
1770273900000,9.5090,9.5330,9.4440,9.4870,216034,1770274799999,2048494.4300,9509,88352,837846.0340,0
1770274800000,9.4860,9.6130,9.4780,9.5170,364312,1770275699999,3480323.0700,15426,196877,1881223.1130,0
1770275700000,9.5170,9.5960,9.5030,9.5720,159028,1770276599999,1519761.1840,9351,83270,795712.2440,0
1770276600000,9.5720,9.5890,9.5100,9.5410,253446,1770277499999,2421785.5190,9412,127356,1217509.2420,0
1770277500000,9.5420,9.5510,9.4790,9.4990,113299,1770278399999,1078255.5170,6023,50652,482123.0350,0
1770278400000,9.5000,9.5420,9.5000,9.5210,153821,1770279299999,1464423.0870,9129,72176,687235.2290,0
1770279300000,9.5210,9.5840,9.5020,9.5740,161860,1770280199999,1544854.5620,6984,85652,817687.6290,0
1770280200000,9.5730,9.6260,9.5710,9.5930,227179,1770281099999,2181293.9990,8323,108114,1038206.6920,0
1770281100000,9.5930,9.6110,9.5560,9.5590,111350,1770281999999,1066521.2340,6461,46774,448101.9210,0
1770282000000,9.5590,9.6650,9.5580,9.6350,331575,1770282899999,3189155.8620,13421,166140,1597993.6920,0
1770282900000,9.6350,9.6720,9.5940,9.6080,138717,1770283799999,1335657.3020,7959,62353,600505.7860,0
1770283800000,9.6080,9.6150,9.5490,9.5540,165059,1770284699999,1580746.4450,6479,76487,732585.2520,0
1770284700000,9.5540,9.5760,9.5420,9.5620,104592,1770285599999,1000073.7800,4526,59578,569652.2670,0
1770285600000,9.5620,9.5680,9.4860,9.5150,177525,1770286499999,1688889.7340,7414,70469,670303.1770,0
1770286500000,9.5160,9.5590,9.5100,9.5300,131964,1770287399999,1257857.4330,5634,68340,651393.9240,0
1770287400000,9.5290,9.5360,9.4690,9.4740,137977,1770288299999,1309863.6860,5561,76429,725434.5500,0
1770288300000,9.4750,9.4830,9.3190,9.3520,704432,1770289199999,6618243.2810,18723,269470,2531627.4140,0
1770289200000,9.3530,9.3920,9.3020,9.3110,312297,1770290099999,2921600.5670,11339,162427,1520266.4600,0
1770290100000,9.3110,9.3510,9.1750,9.1910,816204,1770290999999,7552500.8640,21973,354726,3284355.0200,0
1770291000000,9.1920,9.3660,9.1870,9.3280,530817,1770291899999,4919055.9490,20459,330345,3062028.4800,0
1770291900000,9.3290,9.3420,9.2350,9.2610,317342,1770292799999,2945819.7520,11858,124051,1151853.7750,0
1770292800000,9.2610,9.3130,9.2370,9.2450,331400,1770293699999,3071764.1440,13675,168079,1558647.7870,0
1770293700000,9.2460,9.2720,9.1440,9.2370,859928,1770294599999,7908771.6580,23429,485760,4467483.7640,0
1770294600000,9.2360,9.2780,9.1880,9.2120,410277,1770295499999,3783534.3750,17847,195629,1804602.1680,0
1770295500000,9.2110,9.2830,9.1900,9.2480,386046,1770296399999,3566012.8770,13715,209676,1937106.0170,0
1770296400000,9.2470,9.3180,9.2310,9.2530,354481,1770297299999,3286291.2280,11947,194279,1801305.9550,0
1770297300000,9.2540,9.2730,9.1990,9.2150,197179,1770298199999,1821565.9480,9582,90922,840026.9090,0
1770298200000,9.2150,9.2810,9.2110,9.2460,296266,1770299099999,2741142.7380,13843,168537,1559380.3880,0
1770299100000,9.2470,9.2670,9.2060,9.2230,190255,1770299999999,1757955.8050,8900,87093,804926.8150,0
1770300000000,9.2230,9.3370,9.2230,9.2590,531590,1770300899999,4937566.9830,17323,295711,2746888.1950,0
1770300900000,9.2600,9.3260,9.2260,9.3180,261041,1770301799999,2420985.3000,10398,145760,1352485.1300,0
1770301800000,9.3170,9.4460,9.2850,9.3690,748851,1770302699999,7010474.8840,28995,428186,4009372.0520,0
1770302700000,9.3700,9.4130,9.1670,9.1840,608320,1770303599999,5641158.3700,21600,236004,2190632.4800,0
1770303600000,9.1840,9.2160,8.8680,8.8980,2243536,1770304499999,20232943.3640,52994,1006020,9068533.1520,0
1770304500000,8.8980,9.0110,8.7430,8.7730,1816008,1770305399999,16089916.3570,49631,876156,7766889.9160,0
1770305400000,8.7720,8.9580,8.7120,8.9460,1708710,1770306299999,15072216.5630,52006,900218,7945964.0900,0
1770306300000,8.9450,9.0340,8.8390,8.8610,1029358,1770307199999,9189351.7270,32571,442179,3947434.3390,0
1770307200000,8.8620,8.9070,8.7950,8.8220,968754,1770308099999,8565082.2920,30114,506829,4481285.5520,0
1770308100000,8.8220,9.0350,8.8070,9.0080,975789,1770308999999,8727166.3600,32258,547483,4892963.6820,0
1770309000000,9.0090,9.0610,8.9120,8.9210,530348,1770309899999,4765282.3150,21632,283956,2552013.6320,0
1770309900000,8.9220,9.0800,8.8580,8.9910,707799,1770310799999,6349829.2570,24359,384651,3451714.4430,0
1770310800000,8.9910,9.0330,8.8160,8.8370,508129,1770311699999,4522537.4950,20464,239567,2132626.6790,0
1770311700000,8.8360,8.9700,8.7150,8.9490,913657,1770312599999,8085475.9640,31096,503636,4459141.4380,0
1770312600000,8.9480,8.9720,8.7950,8.9040,984030,1770313499999,8721939.8520,30022,505342,4479943.7700,0
1770313500000,8.9050,8.9460,8.8150,8.8240,463828,1770314399999,4118745.9300,19746,224474,1993900.6400,0
1770314400000,8.8240,8.9010,8.8140,8.8670,500276,1770315299999,4431248.9620,19999,285502,2529218.5420,0
1770315300000,8.8670,8.8870,8.7420,8.8050,777880,1770316199999,6844076.8310,24121,410951,3615694.6150,0
1770316200000,8.8050,8.8230,8.7180,8.7500,581940,1770317099999,5097607.2880,22239,276811,2425157.4720,0
1770317100000,8.7490,8.9210,8.7220,8.8950,558608,1770317999999,4928004.8030,22336,277375,2445966.1650,0
1770318000000,8.8950,8.9000,8.7590,8.7900,518407,1770318899999,4578650.5510,20159,244756,2161916.3490,0
1770318900000,8.7900,8.8420,8.7250,8.7740,365038,1770319799999,3203791.3430,15606,197337,1732146.0170,0
1770319800000,8.7740,8.8200,8.7380,8.7420,342824,1770320699999,3011086.7330,16278,157853,1386472.2260,0
1770320700000,8.7430,8.7580,8.6660,8.6920,429092,1770321599999,3733395.0290,16085,215376,1874050.5600,0
1770321600000,8.6910,8.7640,8.6510,8.6540,469801,1770322499999,4088854.4990,18686,231142,2012793.4920,0
1770322500000,8.6550,8.6630,8.3000,8.3920,2112989,1770323399999,17870800.2270,58882,927052,7834890.2140,0
1770323400000,8.3910,8.5680,8.3280,8.4830,1337634,1770324299999,11288764.7160,47853,700980,5915792.1990,0
1770324300000,8.4820,8.4980,8.2640,8.3680,1239358,1770325199999,10360020.4180,40826,600136,5015320.6160,0
1770325200000,8.3670,8.5730,8.3390,8.3480,1332977,1770326099999,11245890.8750,42060,659600,5568664.2140,0
1770326100000,8.3490,8.5160,8.2570,8.4760,1074928,1770326999999,9008748.2450,33054,562425,4713769.6580,0
1770327000000,8.4770,8.5190,8.3400,8.3720,552434,1770327899999,4656417.9040,24063,283347,2389093.7210,0
1770327900000,8.3720,8.4220,8.2970,8.3550,415752,1770328799999,3473934.7800,19703,242874,2029586.2720,0
1770328800000,8.3550,8.4570,8.2840,8.3930,688428,1770329699999,5767675.8220,25068,367771,3081582.9540,0
1770329700000,8.3930,8.4960,8.2380,8.4670,779968,1770330599999,6498797.2620,23058,412991,3441657.0830,0
1770330600000,8.4680,8.5310,8.3840,8.4430,448963,1770331499999,3789865.3610,16818,247729,2091837.4600,0
1770331500000,8.4430,8.5000,8.3730,8.3870,245478,1770332399999,2069872.8330,11052,113847,960274.5510,0
1770332400000,8.3870,8.5690,8.3800,8.5190,522491,1770333299999,4444915.9100,20954,284613,2420289.5310,0
1770333300000,8.5180,8.5410,8.4070,8.4530,299603,1770334199999,2536440.2640,13581,149928,1269425.1090,0
1770334200000,8.4530,8.4950,8.3180,8.3290,381492,1770335099999,3198190.5900,16365,183373,1537384.0650,0
1770335100000,8.3290,8.3640,8.2530,8.3050,503170,1770335999999,4176907.3330,16098,240007,1993486.2440,0
1770336000000,8.3040,8.3400,7.7000,7.7680,3107754,1770336899999,24981411.7210,73910,1324011,10646970.7190,0
1770336900000,7.7670,7.9960,7.5340,7.8480,5459287,1770337799999,42418418.2930,126134,2613869,20326672.5900,0
1770337800000,7.8480,8.2790,7.8290,8.2000,1806252,1770338699999,14585391.3550,53866,874650,7062092.4030,0
1770338700000,8.2000,8.3360,8.1420,8.2180,1162601,1770339599999,9594995.8560,29632,581433,4799806.0800,0
1770339600000,8.2180,8.3800,8.1760,8.2920,1032431,1770340499999,8559178.6890,32536,496080,4114027.7000,0
1770340500000,8.2930,8.3720,8.2730,8.2910,547706,1770341399999,4555683.4170,22342,291891,2428280.5040,0
1770341400000,8.2910,8.3750,8.2640,8.3510,489073,1770342299999,4067435.2780,19529,264846,2203154.5250,0
1770342300000,8.3510,8.4640,8.3290,8.4550,559522,1770343199999,4709043.1770,21499,311730,2624125.4840,0
1770343200000,8.4560,8.5160,8.3360,8.3520,557248,1770344099999,4701169.7110,24282,256608,2166525.6260,0
1770344100000,8.3510,8.3740,8.2490,8.2950,439223,1770344999999,3647001.6530,17366,207780,1725712.7730,0
1770345000000,8.2940,8.4000,8.2800,8.3590,421857,1770345899999,3522549.4690,17670,244008,2037412.5320,0
1770345900000,8.3590,8.3700,8.2700,8.3040,264427,1770346799999,2196487.6320,12341,127676,1060484.8020,0
1770346800000,8.3040,8.3470,8.2420,8.2490,336981,1770347699999,2792732.8400,15832,162102,1343964.9090,0
1770347700000,8.2490,8.3040,8.2230,8.2780,295004,1770348599999,2437751.6510,13633,151211,1249955.6220,0
1770348600000,8.2780,8.3280,8.2550,8.2670,246277,1770349499999,2041667.6990,11951,144335,1196655.2250,0
1770349500000,8.2680,8.2770,8.1930,8.2580,301392,1770350399999,2483006.7570,12897,168414,1387669.2600,0
1770350400000,8.2570,8.3020,8.2280,8.2860,323231,1770351299999,2669460.0360,12509,191231,1579760.5150,0
1770351300000,8.2850,8.3960,8.2820,8.3620,281797,1770352199999,2350856.9630,11557,172358,1437601.3260,0
1770352200000,8.3620,8.3810,8.3000,8.3270,219522,1770353099999,1829829.5190,10127,103126,859584.7770,0
1770353100000,8.3260,8.3840,8.3250,8.3650,199530,1770353999999,1668680.2560,9040,110747,926138.4970,0
1770354000000,8.3640,8.4750,8.3460,8.4610,358845,1770354899999,3019881.2470,14307,193189,1625942.0090,0
1770354900000,8.4600,8.4650,8.3900,8.4200,266487,1770355799999,2244616.6590,10210,112905,951019.2650,0
1770355800000,8.4200,8.5160,8.4140,8.5090,307783,1770356699999,2608347.6380,12750,183576,1555582.2190,0
1770356700000,8.5080,8.6190,8.4820,8.5980,545743,1770357599999,4671179.5130,16620,280724,2403541.6390,0
1770357600000,8.5980,8.6390,8.5690,8.5760,406665,1770358499999,3500680.4660,16012,180602,1554958.5670,0
1770358500000,8.5760,8.5810,8.4920,8.5170,330616,1770359399999,2823407.4540,11595,136706,1167332.4530,0
1770359400000,8.5160,8.5270,8.4210,8.4460,272481,1770360299999,2309700.1360,11819,128735,1091597.1170,0
1770360300000,8.4460,8.4720,8.4030,8.4170,299051,1770361199999,2522459.8430,12109,145229,1225132.1910,0
1770361200000,8.4160,8.4210,8.3330,8.3790,330335,1770362099999,2767355.6200,12230,149057,1248505.5310,0
1770362100000,8.3790,8.3910,8.3330,8.3890,322025,1770362999999,2692506.0480,11583,167406,1399987.8930,0
1770363000000,8.3890,8.4790,8.3790,8.4460,522909,1770363899999,4411986.6150,13380,320522,2704234.6290,0
1770363900000,8.4460,8.4640,8.3910,8.4110,288343,1770364799999,2429631.8430,9099,150136,1265455.6400,0
1770364800000,8.4110,8.4740,8.3800,8.4370,369067,1770365699999,3110166.1270,12729,187564,1580532.6040,0
1770365700000,8.4380,8.4410,8.3610,8.3800,405116,1770366599999,3404545.6000,13019,199538,1676897.2670,0
1770366600000,8.3800,8.4060,8.3240,8.3540,316167,1770367499999,2643617.1820,12214,159753,1335978.3910,0
1770367500000,8.3530,8.4130,8.3450,8.3790,236115,1770368399999,1978605.9050,9488,137687,1154017.7060,0
1770368400000,8.3780,8.4290,8.3720,8.4090,227465,1770369299999,1909312.6460,9958,110826,930222.1260,0
1770369300000,8.4090,8.5060,8.3770,8.5000,395137,1770370199999,3337870.3410,13597,239418,2023610.4970,0
1770370200000,8.4990,8.5960,8.4950,8.5670,343077,1770371099999,2932709.8330,12576,202852,1733805.9380,0
1770371100000,8.5670,8.6340,8.5470,8.5970,259118,1770371999999,2229240.5940,9848,149382,1285176.6160,0
1770372000000,8.5970,8.6300,8.5730,8.6150,381938,1770372899999,3285523.5650,12280,177757,1529290.2290,0
1770372900000,8.6160,8.6980,8.6160,8.6530,289584,1770373799999,2504904.0600,10658,157878,1365870.3250,0
1770373800000,8.6520,8.6890,8.6460,8.6830,229282,1770374699999,1987874.9590,9626,115352,1000115.8880,0
1770374700000,8.6820,8.6910,8.6370,8.6800,172162,1770375599999,1491897.0780,7359,90883,787631.2280,0
1770375600000,8.6790,8.6940,8.6500,8.6870,174179,1770376499999,1510309.2830,7443,94443,819003.0680,0
1770376500000,8.6870,8.7120,8.6660,8.6840,187131,1770377399999,1625397.7980,6806,109409,950349.7580,0
1770377400000,8.6840,8.7330,8.6740,8.6980,232904,1770378299999,2026352.1830,8355,119493,1039802.1290,0
1770378300000,8.6980,8.7280,8.6670,8.7050,229276,1770379199999,1994767.0410,7600,123810,1077382.4990,0
1770379200000,8.7050,8.7050,8.6370,8.6630,250068,1770380099999,2167156.8450,9461,93180,807610.5800,0
1770380100000,8.6630,8.7020,8.6370,8.6950,201788,1770380999999,1749722.2600,6851,116089,1006817.8580,0
1770381000000,8.6950,8.7050,8.6690,8.6850,153913,1770381899999,1336738.5030,6694,89713,779176.5960,0
1770381900000,8.6850,8.7120,8.6760,8.7040,155220,1770382799999,1349098.5240,5815,78532,682638.5920,0
1770382800000,8.7050,8.7830,8.6940,8.7750,339981,1770383699999,2970527.5620,11848,208852,1825219.1990,0
1770383700000,8.7740,8.8330,8.7310,8.7690,434195,1770384599999,3815264.1200,14440,224004,1969445.2830,0
1770384600000,8.7680,8.8310,8.7500,8.8120,380707,1770385499999,3349959.9330,11737,189801,1669867.5340,0
1770385500000,8.8120,8.8430,8.7930,8.7960,249074,1770386399999,2194745.4270,9645,103642,913514.6990,0
1770386400000,8.7970,8.8070,8.7350,8.7690,220763,1770387299999,1935922.2040,10495,95242,835097.4570,0
1770387300000,8.7690,8.7880,8.7260,8.7840,194422,1770388199999,1701650.0600,8294,98075,858610.5640,0
1770388200000,8.7840,8.9780,8.7770,8.9570,979204,1770389099999,8701499.8900,29055,538405,4786311.6390,0
1770389100000,8.9580,9.0220,8.9070,8.9690,476237,1770389999999,4269823.2100,15265,237548,2130342.9390,0
1770390000000,8.9700,8.9890,8.8910,8.8940,456887,1770390899999,4087129.0300,20972,195929,1753630.3890,0
1770390900000,8.8930,8.9830,8.8840,8.9510,338059,1770391799999,3020839.0580,15207,199817,1785688.1740,0
1770391800000,8.9520,9.0420,8.9420,9.0330,347399,1770392699999,3125662.5450,14123,185396,1667782.2000,0
1770392700000,9.0340,9.0610,9.0020,9.0300,326023,1770393599999,2943776.8930,10553,183123,1653662.0190,0
1770393600000,9.0290,9.1410,8.9940,9.1280,508444,1770394499999,4614534.9010,15588,303155,2752082.2890,0
1770394500000,9.1280,9.2340,9.1060,9.2110,575891,1770395399999,5281505.1350,17298,328839,3017407.9960,0
1770395400000,9.2100,9.2680,9.1900,9.2460,385127,1770396299999,3554517.4680,15301,203787,1880754.7980,0
1770396300000,9.2470,9.3120,9.2200,9.2510,338949,1770397199999,3140418.6180,14092,156700,1451794.7930,0
1770397200000,9.2500,9.3040,9.2150,9.2680,382948,1770398099999,3544975.6240,15903,180217,1668586.5640,0
1770398100000,9.2690,9.4020,9.2630,9.3850,444198,1770398999999,4149373.2010,15792,238467,2227888.9120,0
1770399000000,9.3850,9.4640,9.3330,9.4110,409696,1770399899999,3850562.2670,17269,223969,2105489.7590,0
1770399900000,9.4120,9.4430,9.3170,9.3370,330591,1770400799999,3100111.0560,13672,147651,1385745.5850,0
1770400800000,9.3380,9.3580,9.1430,9.2030,518320,1770401699999,4785860.6380,21025,195578,1805824.1370,0
1770401700000,9.2040,9.2110,9.1230,9.1680,317420,1770402599999,2909428.8200,15391,161078,1476724.0700,0
1770402600000,9.1690,9.2610,9.1350,9.2370,292316,1770403499999,2690163.4990,13787,154384,1422265.2550,0
1770403500000,9.2370,9.2720,9.2000,9.2210,219601,1770404399999,2028171.2920,10211,104615,966421.1290,0
1770404400000,9.2210,9.2480,9.1740,9.1900,212050,1770405299999,1954692.9980,10646,83265,767855.4360,0
1770405300000,9.1900,9.2390,9.1500,9.1980,261486,1770406199999,2404001.7040,10742,126870,1167157.6990,0
1770406200000,9.1970,9.2320,9.1800,9.2150,187937,1770407099999,1730636.9740,8608,102175,940970.5080,0
1770407100000,9.2150,9.2610,9.2090,9.2420,203432,1770407999999,1878846.6840,8942,111676,1031559.1730,0
1770408000000,9.2420,9.2520,9.1620,9.1730,172827,1770408899999,1591453.5430,8779,76803,707178.7560,0
1770408900000,9.1730,9.1910,9.1360,9.1850,185080,1770409799999,1695953.1720,8041,80375,736569.9690,0
1770409800000,9.1850,9.2920,9.1730,9.2120,404238,1770410699999,3731286.2850,14436,208879,1927855.6820,0
1770410700000,9.2130,9.2270,9.1470,9.1590,248541,1770411599999,2281180.9070,8634,115754,1062215.4540,0
1770411600000,9.1590,9.1870,9.1070,9.1510,285660,1770412499999,2613481.8230,10965,122495,1121148.1920,0
1770412500000,9.1510,9.2110,9.1380,9.1940,130911,1770413399999,1201020.7090,6535,82768,759334.1820,0
1770413400000,9.1940,9.1950,9.1460,9.1700,99964,1770414299999,916589.9100,5961,48204,442067.7810,0
1770414300000,9.1690,9.1880,9.1590,9.1840,81263,1770415199999,745540.2420,5089,41859,384066.1180,0
1770415200000,9.1840,9.2420,9.1800,9.2010,168991,1770416099999,1557317.0110,8306,94928,874682.4070,0
1770416100000,9.2020,9.2440,9.1880,9.2400,118202,1770416999999,1089047.9210,5618,63369,583955.1010,0
1770417000000,9.2400,9.3220,9.2300,9.2600,169943,1770417899999,1576458.9400,8149,91729,850868.6690,0
1770417900000,9.2600,9.3200,9.2560,9.3080,151212,1770418799999,1405733.9510,7103,104081,967254.4420,0
1770418800000,9.3080,9.3680,9.2770,9.2770,318165,1770419699999,2968284.1310,11689,139927,1305747.8890,0
1770419700000,9.2770,9.2790,9.2200,9.2530,220984,1770420599999,2043706.6440,9650,99800,923164.6450,0
1770420600000,9.2520,9.3080,9.2510,9.2760,151954,1770421499999,1410880.4160,6915,88768,824102.9900,0
1770421500000,9.2750,9.2930,9.2520,9.2680,105908,1770422399999,981670.5830,4909,39857,369488.8130,0
1770422400000,9.2680,9.2700,9.2060,9.2330,283424,1770423299999,2616535.1210,11684,133372,1231248.8810,0
1770423300000,9.2320,9.2390,9.1710,9.1740,290302,1770424199999,2672908.1670,10803,128766,1185972.9880,0
1770424200000,9.1740,9.1830,9.1400,9.1440,286797,1770425099999,2626839.5510,11543,122423,1121378.7840,0
1770425100000,9.1440,9.2360,9.1440,9.1910,185033,1770425999999,1700356.9610,9084,110813,1018405.3710,0
1770426000000,9.1900,9.1980,9.1240,9.1320,185111,1770426899999,1696270.9250,9521,77500,710277.4530,0
1770426900000,9.1310,9.2000,9.1250,9.1840,184092,1770427799999,1688012.4250,8591,116620,1069271.9400,0
1770427800000,9.1830,9.2300,9.1660,9.2000,110833,1770428699999,1020202.8440,6301,60458,556575.5410,0
1770428700000,9.2010,9.2580,9.1970,9.2370,123066,1770429599999,1136892.6790,6961,61663,569624.3470,0
1770429600000,9.2360,9.2470,9.2070,9.2160,116492,1770430499999,1074511.6410,7366,62974,580961.5870,0
1770430500000,9.2160,9.2550,9.1980,9.2440,102851,1770431399999,948773.2550,5620,52292,482594.7690,0
1770431400000,9.2440,9.2450,9.2130,9.2240,84292,1770432299999,777678.4770,5715,35613,328552.8480,0
1770432300000,9.2240,9.2240,9.1850,9.2150,73438,1770433199999,676005.7970,5076,36945,340187.2630,0
1770433200000,9.2150,9.3070,9.2040,9.2890,214215,1770434099999,1982151.6720,9204,118079,1092645.5710,0
1770434100000,9.2880,9.3060,9.2600,9.2910,101082,1770434999999,938100.9330,5595,48279,448142.8730,0
1770435000000,9.2910,9.3030,9.2640,9.2930,99811,1770435899999,926633.9300,5136,51144,474869.3530,0
1770435900000,9.2920,9.2920,9.2660,9.2810,96092,1770436799999,891673.7150,4716,45304,420340.9920,0
1770436800000,9.2810,9.3440,9.2710,9.3250,272545,1770437699999,2536694.5450,11090,125936,1172147.5940,0
1770437700000,9.3250,9.3650,9.2750,9.2810,187491,1770438599999,1748353.5000,8485,72566,676914.5390,0
1770438600000,9.2810,9.3160,9.2320,9.2380,148693,1770439499999,1379729.7420,6621,73809,685339.1690,0
1770439500000,9.2380,9.2560,9.2320,9.2530,50435,1770440399999,466231.3370,4145,29750,275027.9080,0
1770440400000,9.2520,9.2800,9.2480,9.2700,57216,1770441299999,529922.2530,4641,21790,201808.2690,0
1770441300000,9.2700,9.3150,9.2530,9.2610,188867,1770442199999,1753998.9390,7330,95381,885823.0830,0
1770442200000,9.2610,9.2950,9.2460,9.2680,97746,1770443099999,906055.5050,5557,44688,414271.5440,0
1770443100000,9.2680,9.2700,9.2270,9.2600,91928,1770443999999,850094.8740,4457,33707,311777.6280,0
1770444000000,9.2600,9.3090,9.2510,9.2820,164812,1770444899999,1529619.8250,6656,89199,827832.0860,0
1770444900000,9.2810,9.3250,9.2320,9.3060,259666,1770445799999,2410165.3600,8352,145035,1346632.3830,0
1770445800000,9.3050,9.3210,9.2550,9.2610,137584,1770446699999,1278546.9080,4719,48503,450982.9580,0
1770446700000,9.2610,9.2650,9.1060,9.1080,335660,1770447599999,3084591.6550,12705,117656,1081607.6920,0
1770447600000,9.1080,9.1450,8.9790,8.9800,667461,1770448499999,6050342.3250,23862,309296,2805961.9150,0
1770448500000,8.9810,9.0280,8.9020,9.0200,784635,1770449399999,7042744.7190,26260,423622,3803501.8100,0
1770449400000,9.0200,9.1020,8.9590,9.0630,517683,1770450299999,4669585.7940,16772,248568,2243865.0530,0
1770450300000,9.0640,9.0660,8.9890,8.9910,266361,1770451199999,2401290.9240,9021,88188,795231.7600,0
1770451200000,8.9900,9.0480,8.9550,9.0250,314491,1770452099999,2832867.7740,12085,169976,1531494.0680,0
1770452100000,9.0260,9.0550,8.9890,9.0280,157208,1770452999999,1419585.1330,7578,92843,838643.5530,0
1770453000000,9.0280,9.0750,9.0200,9.0330,139862,1770453899999,1265364.1960,6998,70171,635041.6370,0
1770453900000,9.0330,9.0760,9.0330,9.0540,67574,1770454799999,612220.7600,4608,32954,298574.6470,0
1770454800000,9.0540,9.0890,9.0380,9.0860,129233,1770455699999,1170842.4700,6535,68403,619824.4450,0
1770455700000,9.0860,9.0880,9.0310,9.0380,80159,1770456599999,726441.0190,4303,31776,288104.5830,0
1770456600000,9.0390,9.0520,8.9870,9.0000,148531,1770457499999,1338310.6390,6508,63982,576570.8480,0
1770457500000,9.0000,9.0080,8.9770,9.0010,106100,1770458399999,953965.8600,5138,57732,519114.3140,0
1770458400000,9.0010,9.0320,8.9770,8.9860,148485,1770459299999,1336412.6860,6574,68033,612574.9200,0
1770459300000,8.9860,8.9890,8.9670,8.9720,115099,1770460199999,1033227.7390,4871,48921,439206.6350,0
1770460200000,8.9720,8.9790,8.9290,8.9540,133037,1770461099999,1190904.4780,5739,62185,556675.9200,0
1770461100000,8.9540,8.9840,8.9410,8.9720,92444,1770461999999,828811.0760,4284,55011,493277.2230,0
1770462000000,8.9720,8.9840,8.9530,8.9550,121556,1770462899999,1090285.9270,5561,58566,525370.6940,0
1770462900000,8.9550,8.9800,8.9470,8.9540,76464,1770463799999,685118.7380,3948,32294,289346.3670,0
1770463800000,8.9530,8.9760,8.9400,8.9480,119486,1770464699999,1070237.1540,4696,47759,427948.2110,0
1770464700000,8.9490,8.9880,8.9490,8.9800,101014,1770465599999,905896.6440,4689,52509,470920.1650,0
1770465600000,8.9800,9.1280,8.9710,9.1110,368713,1770466499999,3336664.7110,13425,233253,2112032.5810,0
1770466500000,9.1110,9.2560,9.0940,9.1680,444376,1770467399999,4080885.4730,18588,241080,2214281.3990,0
1770467400000,9.1680,9.2350,9.1330,9.1440,278957,1770468299999,2562356.9010,12861,132027,1212906.7360,0
1770468300000,9.1440,9.1760,9.1320,9.1610,144927,1770469199999,1326459.0830,6770,82072,751173.2650,0
1770469200000,9.1610,9.1940,9.1020,9.1060,197589,1770470099999,1805734.8860,7615,65518,599275.3470,0
1770470100000,9.1070,9.1360,9.1070,9.1180,86178,1770470999999,785974.0470,4811,39182,357433.0580,0
1770471000000,9.1190,9.1250,9.0620,9.0800,150409,1770471899999,1367012.6650,6608,61149,555749.7180,0
1770471900000,9.0800,9.1190,9.0770,9.1180,85265,1770472799999,775862.6930,3970,49341,449005.0210,0
1770472800000,9.1190,9.1400,9.1070,9.1180,107918,1770473699999,983979.1690,5331,54036,492746.2060,0
1770473700000,9.1180,9.1480,9.0990,9.1290,50893,1770474599999,464344.5700,3509,29870,272640.1750,0
1770474600000,9.1290,9.1370,9.0450,9.0890,169324,1770475499999,1538165.4500,7068,74324,675134.7830,0
1770475500000,9.0900,9.0950,9.0260,9.0480,124364,1770476399999,1125761.5560,5982,51395,465322.4490,0
1770476400000,9.0490,9.1190,9.0330,9.1120,156973,1770477299999,1424240.7240,8912,85051,772048.9930,0
1770477300000,9.1130,9.1710,9.0890,9.1500,164155,1770478199999,1499537.1880,7965,93182,851461.4490,0
1770478200000,9.1500,9.2100,9.1440,9.1590,161114,1770479099999,1478919.9400,7652,87815,806145.9360,0
1770479100000,9.1590,9.1750,9.1390,9.1730,77866,1770479999999,713027.4830,3991,43107,394779.5750,0
1770480000000,9.1740,9.3610,9.1330,9.2920,3539348,1770480899999,32770833.2260,76365,1749590,16204229.8230,0
1770480900000,9.2920,9.3840,9.1830,9.2330,1492325,1770481799999,13863329.8870,39306,761910,7078635.5700,0
1770481800000,9.2330,9.2520,9.1940,9.2280,110609,1770482699999,1020820.3770,6554,53460,493544.3680,0
1770482700000,9.2270,9.2320,9.1860,9.2040,86899,1770483599999,799896.5580,4896,32562,299716.9620,0
1770483600000,9.2030,9.2180,9.1460,9.1590,129023,1770484499999,1184431.6060,6893,58072,533278.2080,0
1770484500000,9.1580,9.2250,9.1530,9.2230,121884,1770485399999,1120422.4880,5555,71967,661595.2300,0
1770485400000,9.2240,9.2710,9.1950,9.2500,103212,1770486299999,952738.2180,5556,47013,434028.6700,0
1770486300000,9.2500,9.2600,9.2170,9.2370,58031,1770487199999,536302.7900,3510,29494,272626.0610,0
1770487200000,9.2360,9.2640,9.2340,9.2400,100641,1770488099999,930661.9780,5037,55201,510418.5280,0
1770488100000,9.2410,9.3340,9.2410,9.3230,134558,1770488999999,1250810.7310,6483,82253,764756.5830,0
1770489000000,9.3240,9.3710,9.3070,9.3420,136172,1770489899999,1271404.0280,7980,74214,692856.1810,0
1770489900000,9.3420,9.3710,9.3230,9.3260,102187,1770490799999,954999.2430,5482,42370,396016.3760,0
1770490800000,9.3260,9.3280,9.2670,9.2770,124405,1770491699999,1156687.6200,6247,41651,387210.5650,0
1770491700000,9.2770,9.2910,9.2680,9.2700,76638,1770492599999,711013.8790,3890,31787,294948.2930,0
1770492600000,9.2700,9.2700,9.2330,9.2520,88065,1770493499999,814661.5050,4299,33754,312264.4920,0
1770493500000,9.2520,9.2670,9.2400,9.2530,63239,1770494399999,585233.6390,3580,27498,254513.7280,0
1770494400000,9.2530,9.2710,9.2350,9.2490,70716,1770495299999,654488.0890,4452,31768,294030.8120,0
1770495300000,9.2500,9.2690,9.2340,9.2590,57448,1770496199999,531286.9410,3303,22515,208301.4220,0
1770496200000,9.2590,9.2840,9.2450,9.2660,77500,1770497099999,718247.7070,3946,45450,421228.1210,0
1770497100000,9.2660,9.3190,9.2650,9.3130,135302,1770497999999,1258514.5790,4888,97289,904999.6000,0
1770498000000,9.3130,9.3230,9.2670,9.2790,102455,1770498899999,951771.5230,5175,46844,435290.9230,0
1770498900000,9.2790,9.2900,9.2620,9.2770,68255,1770499799999,633053.8070,3067,32341,299977.3240,0
1770499800000,9.2770,9.2850,9.2500,9.2500,76340,1770500699999,707401.3810,3356,24811,229988.1010,0
1770500700000,9.2490,9.2580,9.2360,9.2510,65718,1770501599999,607630.5060,2769,39516,365407.5480,0
1770501600000,9.2510,9.2920,9.2490,9.2710,99825,1770502499999,925370.0650,4014,63269,586523.4320,0
1770502500000,9.2720,9.2750,9.2410,9.2730,46369,1770503399999,429355.5850,2451,24345,225460.6490,0
1770503400000,9.2730,9.2750,9.2400,9.2510,27360,1770504299999,253286.9440,2171,13494,124916.7360,0
1770504300000,9.2510,9.2550,9.2340,9.2430,27689,1770505199999,255909.8360,2314,11984,110750.6180,0
1770505200000,9.2430,9.2500,9.1850,9.2160,143713,1770506099999,1324057.7660,6842,69502,640471.2600,0
1770506100000,9.2160,9.2250,9.1700,9.2000,95273,1770506999999,876002.7920,4767,46798,430290.4900,0
1770507000000,9.2000,9.2240,9.1970,9.2160,38840,1770507899999,357665.7050,2927,22602,208140.7790,0
1770507900000,9.2150,9.2390,9.2140,9.2190,43984,1770508799999,405840.8410,2663,20098,185401.0200,0
1770508800000,9.2200,9.2250,9.2030,9.2160,94527,1770509699999,870959.7260,4440,42102,387894.1360,0
1770509700000,9.2170,9.2180,9.1840,9.1890,95241,1770510599999,875531.7090,3436,60094,552324.4730,0
1770510600000,9.1880,9.2090,9.1760,9.1800,63346,1770511499999,582134.7480,3818,36376,334245.0060,0
1770511500000,9.1800,9.2080,9.1750,9.1950,46111,1770512399999,423765.9920,3075,20260,186199.5450,0
1770512400000,9.1950,9.2480,9.1910,9.2450,83755,1770513299999,772360.1660,4149,47293,436096.2980,0
1770513300000,9.2450,9.2450,9.1870,9.1910,52079,1770514199999,479937.8740,2758,15347,141507.4750,0
1770514200000,9.1910,9.2130,9.1830,9.1940,61268,1770515099999,563648.3300,3314,22433,206407.4800,0
1770515100000,9.1940,9.2100,9.1820,9.2060,59104,1770515999999,543651.1380,2884,29119,267883.4520,0
1770516000000,9.2050,9.2290,9.1900,9.2140,63231,1770516899999,582079.2830,3898,36120,332467.7390,0
1770516900000,9.2140,9.2470,9.1990,9.2030,68997,1770517799999,636366.5430,3532,38339,353660.6540,0
1770517800000,9.2020,9.2130,9.1640,9.1790,73848,1770518699999,677921.5400,3784,27830,255541.6620,0
1770518700000,9.1780,9.1900,9.1470,9.1710,71577,1770519599999,656321.0470,3522,29127,267188.6280,0
1770519600000,9.1710,9.1860,9.1480,9.1600,78549,1770520499999,719846.4740,4299,37727,345755.6210,0
1770520500000,9.1600,9.1770,9.1450,9.1680,53845,1770521399999,493370.1580,3312,28214,258522.9360,0
1770521400000,9.1670,9.1800,9.1490,9.1550,43979,1770522299999,403080.6690,2737,19548,179155.6700,0
1770522300000,9.1540,9.1600,9.1130,9.1250,101752,1770523199999,929145.2170,3895,32944,300766.9510,0
1770523200000,9.1240,9.1430,9.1090,9.1140,84987,1770524099999,775840.1670,3912,51062,466145.3900,0
1770524100000,9.1130,9.1420,9.0910,9.1370,114970,1770524999999,1047854.8160,3991,58891,536825.5540,0
1770525000000,9.1370,9.1440,9.1100,9.1250,46070,1770525899999,420554.6840,2376,27362,249800.7930,0
1770525900000,9.1260,9.1540,9.1180,9.1530,30295,1770526799999,276657.9140,1936,20332,185707.8970,0
1770526800000,9.1530,9.1690,9.1360,9.1670,69379,1770527699999,634744.2200,3378,38558,352831.7340,0
1770527700000,9.1680,9.1720,9.1390,9.1460,48506,1770528599999,444016.0160,2516,17651,161650.8600,0
1770528600000,9.1460,9.1460,9.1170,9.1170,49125,1770529499999,448495.3080,2482,18557,169423.9260,0
1770529500000,9.1170,9.1300,9.1120,9.1220,67647,1770530399999,616984.9150,2556,29456,268675.7990,0
1770530400000,9.1230,9.1410,9.1020,9.1390,59962,1770531299999,546774.8390,3312,34587,315357.9410,0
1770531300000,9.1390,9.1410,9.1220,9.1310,57760,1770532199999,527374.4280,3283,22268,203341.5590,0
1770532200000,9.1310,9.1320,9.1080,9.1180,36284,1770533099999,330940.6830,2271,13966,127367.1030,0
1770533100000,9.1190,9.1280,9.1000,9.1130,36053,1770533999999,328548.0510,2521,20017,182416.3070,0
1770534000000,9.1140,9.1270,9.0880,9.1100,86051,1770534899999,783668.1810,4663,36630,333669.3340,0
1770534900000,9.1110,9.1150,9.0710,9.1010,95450,1770535799999,867715.2920,3897,34633,314903.3960,0
1770535800000,9.1010,9.1380,9.0930,9.1050,105290,1770536699999,959966.5870,4206,57102,520744.7130,0
1770536700000,9.1050,9.1420,9.1050,9.1370,62266,1770537599999,568201.7640,3168,31122,283980.7750,0
1770537600000,9.1370,9.1710,9.1260,9.1360,125314,1770538499999,1146045.0450,5100,72111,659376.1430,0
1770538500000,9.1370,9.2220,9.1160,9.2070,219161,1770539399999,2011090.7400,8888,107305,984552.0310,0
1770539400000,9.2080,9.2860,9.1870,9.2210,244408,1770540299999,2260205.9180,10979,118108,1092381.1430,0
1770540300000,9.2220,9.2690,9.2120,9.2600,134451,1770541199999,1241961.5150,6205,58515,540571.6410,0
1770541200000,9.2600,9.2670,9.2060,9.2110,160929,1770542099999,1486443.5120,8407,46193,426828.8650,0
1770542100000,9.2120,9.2250,9.2020,9.2090,64177,1770542999999,591318.9960,3699,28393,261615.5910,0
1770543000000,9.2100,9.2270,9.1540,9.1560,142324,1770543899999,1306041.0210,5587,59480,545656.5820,0
1770543900000,9.1570,9.1870,9.1520,9.1680,72399,1770544799999,663956.1940,3637,33076,303354.9790,0
1770544800000,9.1690,9.2250,9.1690,9.1950,135908,1770545699999,1250765.3290,5443,77474,713116.2000,0
1770545700000,9.1950,9.2070,9.0990,9.1150,228456,1770546599999,2089399.8350,7346,71755,656352.7110,0
1770546600000,9.1160,9.1450,9.1070,9.1340,91237,1770547499999,832743.4160,4742,44538,406552.4600,0
1770547500000,9.1350,9.1540,9.1300,9.1400,51941,1770548399999,474849.4980,2920,23997,219390.5740,0
1770548400000,9.1400,9.1950,9.1320,9.1950,76929,1770549299999,705230.5070,4246,43834,401797.2930,0
1770549300000,9.1960,9.2380,9.1880,9.2070,157457,1770550199999,1450287.0670,6337,95667,881386.7520,0
1770550200000,9.2060,9.2750,9.2010,9.2440,192355,1770551099999,1778390.5590,8251,99209,917264.8020,0
1770551100000,9.2450,9.2670,9.2240,9.2640,154065,1770551999999,1424492.7720,6494,70076,648134.7970,0
1770552000000,9.2640,9.2750,9.2180,9.2190,156659,1770552899999,1447731.9940,6677,61351,567221.5420,0
1770552900000,9.2190,9.2500,9.2120,9.2400,111066,1770553799999,1024783.4220,4569,53039,489466.6080,0
1770553800000,9.2400,9.2490,9.2010,9.2110,90037,1770554699999,830575.9250,4922,39705,366375.5350,0
1770554700000,9.2110,9.2520,9.2040,9.2460,108410,1770555599999,1001222.2990,5320,57272,528953.7460,0
1770555600000,9.2460,9.2660,9.2000,9.2110,171015,1770556499999,1579081.0810,7217,82378,761034.3850,0
1770556500000,9.2110,9.2760,9.2060,9.2630,116511,1770557399999,1078231.5110,4773,67205,621992.2600,0
1770557400000,9.2630,9.2670,9.2290,9.2330,135411,1770558299999,1252048.5080,5581,56853,525695.5700,0
1770558300000,9.2330,9.2640,9.2330,9.2630,92674,1770559199999,857260.6600,3983,43411,401586.5890,0
1770559200000,9.2640,9.2830,9.2490,9.2570,115518,1770560099999,1069947.0070,4746,51071,473042.9070,0
1770560100000,9.2560,9.2610,9.2210,9.2460,96478,1770560999999,891499.5560,4138,35522,328286.4750,0
1770561000000,9.2470,9.2670,9.2310,9.2360,111138,1770561899999,1027724.5550,3884,48997,453005.2090,0
1770561900000,9.2360,9.2650,9.2330,9.2560,74078,1770562799999,685124.4430,3497,38885,359644.6490,0
1770562800000,9.2560,9.2740,9.2430,9.2530,89711,1770563699999,830588.4820,4669,39845,368996.7150,0
1770563700000,9.2530,9.2530,9.1440,9.1570,283716,1770564599999,2608819.0570,7812,104897,964050.7660,0
1770564600000,9.1580,9.1950,9.1470,9.1850,159044,1770565499999,1458737.5560,6569,90726,832326.7350,0
1770565500000,9.1860,9.1860,9.1450,9.1710,65684,1770566399999,601899.9840,3741,28590,262002.3840,0
1770566400000,9.1710,9.1870,9.1540,9.1660,115144,1770567299999,1056076.8810,5480,65103,597156.0490,0
1770567300000,9.1670,9.2010,9.1670,9.1800,79895,1770568199999,733913.7940,3971,42585,391228.4760,0
1770568200000,9.1810,9.1810,9.0940,9.1000,203570,1770569099999,1858037.2170,6496,80479,734327.4400,0
1770569100000,9.1000,9.1020,8.9940,9.0340,505487,1770569999999,4568973.9080,13976,222338,2009062.8570,0
1770570000000,9.0330,9.0850,9.0280,9.0720,210758,1770570899999,1910169.5660,7894,114108,1033965.1840,0
1770570900000,9.0710,9.1130,9.0530,9.0690,112066,1770571799999,1018492.0630,5522,56965,517721.9770,0
1770571800000,9.0690,9.1080,9.0690,9.0980,59427,1770572699999,540418.8530,3511,28589,259963.9100,0
1770572700000,9.0990,9.1050,9.0730,9.0940,78903,1770573599999,717001.8820,3031,39625,360037.8010,0
1770573600000,9.0950,9.1310,9.0940,9.1180,87830,1770574499999,800570.8160,4426,46506,423963.5690,0
1770574500000,9.1180,9.1390,9.1030,9.1180,52750,1770575399999,480992.2810,3340,24564,224014.1550,0
1770575400000,9.1180,9.2210,9.1170,9.1770,245276,1770576299999,2251414.2000,8083,132832,1219376.2540,0
1770576300000,9.1770,9.2000,9.1510,9.1510,137092,1770577199999,1257722.6230,4425,58276,534436.7570,0
1770577200000,9.1510,9.1780,9.1470,9.1600,75534,1770578099999,692201.3770,4251,33621,308122.7720,0
1770578100000,9.1600,9.1830,9.1600,9.1670,55866,1770578999999,512436.8990,3271,33954,311463.9590,0
1770579000000,9.1670,9.1910,9.1640,9.1890,55335,1770579899999,507907.2030,2858,39872,365981.5100,0
1770579900000,9.1890,9.2200,9.1730,9.2050,127932,1770580799999,1177222.1650,4411,78614,723469.4020,0
1770580800000,9.2060,9.2100,9.1460,9.1480,139513,1770581699999,1279001.8370,5303,56720,519955.8350,0
1770581700000,9.1470,9.1690,9.1290,9.1420,65033,1770582599999,595081.2810,3482,27693,253455.1810,0
1770582600000,9.1410,9.1510,9.1320,9.1330,72274,1770583499999,660577.7440,2813,41757,381675.2670,0
1770583500000,9.1340,9.1440,9.0840,9.0980,91164,1770584399999,830082.9020,3783,25799,234909.5920,0
1770584400000,9.0980,9.1190,9.0820,9.1090,93424,1770585299999,850187.2130,3917,50864,462937.1080,0
1770585300000,9.1100,9.1180,9.0970,9.0970,53783,1770586199999,489879.4720,2634,26808,244195.3900,0
1770586200000,9.0980,9.1020,9.0210,9.0270,193146,1770587099999,1746862.8240,5461,66721,603251.4870,0
1770587100000,9.0280,9.0530,9.0060,9.0440,141447,1770587999999,1278094.0300,4454,86421,780991.3820,0
1770588000000,9.0440,9.0680,9.0310,9.0460,148149,1770588899999,1340436.9680,4762,76259,689991.7690,0
1770588900000,9.0450,9.0740,9.0400,9.0580,83532,1770589799999,756565.9320,3407,50094,453772.8830,0
1770589800000,9.0580,9.0670,9.0340,9.0530,73015,1770590699999,660681.5060,3154,32263,291978.7360,0
1770590700000,9.0520,9.0870,9.0450,9.0780,62836,1770591599999,569438.5610,2306,28862,261642.2110,0
1770591600000,9.0780,9.2580,9.0770,9.1290,528485,1770592499999,4851494.0560,16484,298816,2742950.0750,0
1770592500000,9.1280,9.1440,9.0360,9.0660,245155,1770593399999,2228585.9560,10770,135595,1232758.7510,0
1770593400000,9.0650,9.0760,8.9990,9.0610,288560,1770594299999,2607633.2620,10647,140774,1272052.0140,0
1770594300000,9.0600,9.1270,9.0600,9.0740,159204,1770595199999,1447838.4870,6524,86540,786983.2590,0
1770595200000,9.0740,9.1240,9.0640,9.1200,179812,1770596099999,1635277.1630,8663,113696,1033859.7000,0
1770596100000,9.1210,9.1290,9.0660,9.0710,188905,1770596999999,1719558.5310,6154,52647,479284.1580,0
1770597000000,9.0710,9.0980,9.0390,9.0600,107601,1770597899999,975773.1570,5355,54144,491186.9180,0
1770597900000,9.0590,9.1040,9.0360,9.0960,72011,1770598799999,653730.8130,4328,49140,446132.6110,0
1770598800000,9.0960,9.1240,9.0710,9.0830,111165,1770599699999,1011016.5280,5617,66472,604629.2430,0
1770599700000,9.0840,9.1670,9.0690,9.1340,132644,1770600599999,1211606.0710,6128,72763,664765.2080,0
1770600600000,9.1350,9.1360,9.0200,9.0490,185955,1770601499999,1687458.6510,6944,80131,726986.4000,0
1770601500000,9.0480,9.0960,9.0310,9.0760,194108,1770602399999,1759949.1640,7311,104333,945873.2080,0
1770602400000,9.0750,9.0960,9.0560,9.0670,79333,1770603299999,719725.8210,5046,43923,398498.2180,0
1770603300000,9.0670,9.0830,9.0600,9.0730,43738,1770604199999,396712.3480,2998,25322,229696.9670,0
1770604200000,9.0730,9.1730,9.0690,9.1550,143074,1770605099999,1306874.1590,4897,79886,729683.9270,0
1770605100000,9.1550,9.1630,9.1060,9.1140,88133,1770605999999,805068.2080,3771,30187,275807.4220,0
1770606000000,9.1150,9.1330,9.1050,9.1100,54350,1770606899999,495568.5030,3487,28002,255328.7350,0
1770606900000,9.1110,9.1380,9.1080,9.1280,60476,1770607799999,551688.3630,3077,33663,307160.3240,0
1770607800000,9.1290,9.2000,9.1290,9.1810,147209,1770608699999,1348657.2710,5278,82949,760115.7370,0
1770608700000,9.1820,9.1930,9.1600,9.1820,92590,1770609599999,849499.4580,4222,40266,369363.4980,0
1770609600000,9.1820,9.1820,9.1250,9.1250,90399,1770610499999,827395.0190,4348,25537,233726.4640,0
1770610500000,9.1260,9.1540,9.1210,9.1380,77430,1770611399999,707302.9730,2842,29484,269372.0510,0
1770611400000,9.1380,9.1380,9.0910,9.1040,60779,1770612299999,553642.0120,2980,22006,200412.2870,0
1770612300000,9.1050,9.1240,9.1030,9.1170,51423,1770613199999,468621.1530,2426,33876,308754.3650,0
1770613200000,9.1170,9.1210,9.0920,9.0940,46952,1770614099999,427401.4520,3021,21123,192311.4600,0
1770614100000,9.0940,9.1210,9.0930,9.1190,66171,1770614999999,602685.7250,2842,45826,417347.5550,0
1770615000000,9.1200,9.1410,9.1100,9.1180,88913,1770615899999,811374.9770,3032,59153,539842.3130,0
1770615900000,9.1180,9.1350,9.1060,9.1280,56465,1770616799999,515016.5710,2392,26835,244843.6710,0
1770616800000,9.1280,9.1280,9.0700,9.0920,153189,1770617699999,1392399.9880,5385,50883,462385.3430,0
1770617700000,9.0920,9.0930,9.0200,9.0320,142580,1770618599999,1289168.0810,5459,66426,600715.5380,0
1770618600000,9.0320,9.0610,9.0180,9.0530,66645,1770619499999,602583.9590,3594,42007,379798.4910,0
1770619500000,9.0530,9.0650,9.0470,9.0560,39797,1770620399999,360328.0390,2566,20513,185728.8240,0
1770620400000,9.0550,9.0800,9.0380,9.0730,57951,1770621299999,524977.1990,4142,33416,302770.0020,0
1770621300000,9.0740,9.0790,9.0480,9.0570,57988,1770622199999,525561.9190,2563,24998,226578.3000,0
1770622200000,9.0570,9.0680,9.0210,9.0310,124880,1770623099999,1129121.9370,4169,61455,555849.6960,0
1770623100000,9.0310,9.0380,9.0140,9.0230,47834,1770623999999,431877.4300,2847,22936,207085.9730,0
1770624000000,9.0230,9.0360,9.0080,9.0130,125296,1770624899999,1130191.7530,5174,41942,378381.3590,0
1770624900000,9.0130,9.0160,8.9330,8.9390,299883,1770625799999,2690500.6290,7541,108355,972238.2000,0
1770625800000,8.9390,8.9390,8.8530,8.9230,373368,1770626699999,3320991.0980,11468,146062,1299676.9170,0
1770626700000,8.9230,8.9530,8.9150,8.9170,134722,1770627599999,1203450.9980,5048,72471,647475.2240,0
1770627600000,8.9160,8.9340,8.9040,8.9060,121857,1770628499999,1087062.7920,5398,53676,478808.4270,0
1770628500000,8.9050,8.9140,8.8780,8.8940,110924,1770629399999,986483.5770,4736,54555,485169.9640,0
1770629400000,8.8940,8.9040,8.8480,8.8620,204575,1770630299999,1815403.5950,6139,85346,757701.0020,0
1770630300000,8.8610,8.8800,8.8500,8.8700,129765,1770631199999,1150598.8880,4782,80964,718022.6850,0
1770631200000,8.8700,8.8920,8.8490,8.8600,120470,1770632099999,1068442.3820,5697,65515,581081.6550,0
1770632100000,8.8590,8.8630,8.7680,8.7780,299670,1770632999999,2638706.1630,8469,103697,913050.7510,0
1770633000000,8.7780,8.7800,8.7160,8.7330,270011,1770633899999,2361703.0690,10215,118992,1040686.3710,0
1770633900000,8.7330,8.7680,8.7180,8.7560,149928,1770634799999,1311058.3890,6566,99163,867187.1050,0
1770634800000,8.7560,8.8130,8.7560,8.7670,248209,1770635699999,2179910.3530,7638,124516,1093678.7750,0
1770635700000,8.7660,8.8010,8.7560,8.7880,83474,1770636599999,732618.2510,4079,43691,383583.0370,0
1770636600000,8.7880,8.8050,8.7670,8.7730,77681,1770637499999,682282.6270,3856,34058,299192.7090,0
1770637500000,8.7730,8.7840,8.7590,8.7840,87072,1770638399999,763571.4800,3438,39929,350150.2820,0
1770638400000,8.7840,8.8290,8.7750,8.8250,150020,1770639299999,1320184.6200,6033,86104,758060.7960,0
1770639300000,8.8250,8.8260,8.8080,8.8150,60112,1770640199999,530041.4000,3035,33218,292911.9000,0
1770640200000,8.8150,8.8570,8.8020,8.8410,104778,1770641099999,925287.8470,4216,65836,581442.0990,0
1770641100000,8.8420,8.8480,8.8160,8.8270,57330,1770641999999,506264.1910,2595,25306,223517.2880,0
1770642000000,8.8280,8.8680,8.8120,8.8610,73285,1770642899999,647983.7170,4512,41055,363165.9950,0
1770642900000,8.8610,8.8610,8.8280,8.8460,62115,1770643799999,549498.3500,2881,24486,216624.5630,0
1770643800000,8.8450,8.8450,8.8060,8.8210,89338,1770644699999,788206.7000,3551,38709,341601.7920,0
1770644700000,8.8200,8.8280,8.7680,8.7700,110045,1770645599999,968179.6810,4456,46635,410414.8980,0
1770645600000,8.7690,8.7940,8.7410,8.7650,141834,1770646499999,1242978.9980,5951,73825,647190.8560,0
1770646500000,8.7660,8.7990,8.7440,8.7840,127012,1770647399999,1114435.7740,5565,77097,676482.1320,0
1770647400000,8.7840,8.9290,8.7550,8.8710,498718,1770648299999,4403842.3870,17585,293084,2589006.7640,0
1770648300000,8.8700,8.9400,8.8640,8.9060,260260,1770649199999,2316944.8500,12690,126805,1128848.8290,0
1770649200000,8.9070,8.9970,8.9070,8.9300,317320,1770650099999,2842740.6950,12286,163077,1461015.0240,0
1770650100000,8.9310,8.9560,8.8590,8.8740,249321,1770650999999,2216706.2190,8126,104744,931547.2460,0
1770651000000,8.8740,8.9980,8.8680,8.9810,213737,1770651899999,1911792.2600,9382,131423,1175801.0710,0
1770651900000,8.9800,8.9990,8.9500,8.9940,169607,1770652799999,1522921.4970,6886,79378,712849.6260,0
1770652800000,8.9930,9.0000,8.9130,8.9240,172891,1770653699999,1548652.2730,7893,70549,632119.2740,0
1770653700000,8.9240,8.9870,8.9150,8.9800,131437,1770654599999,1176686.0130,5672,75342,674531.0260,0
1770654600000,8.9790,9.0770,8.9480,9.0640,275330,1770655499999,2481924.0960,8876,184955,1668261.9590,0
1770655500000,9.0640,9.1510,9.0530,9.0620,660573,1770656399999,6011429.2650,14773,330760,3012841.9890,0
1770656400000,9.0620,9.0910,8.9980,9.0090,276728,1770657299999,2502893.8600,9012,98317,889715.1720,0
1770657300000,9.0100,9.0350,8.9980,9.0190,118223,1770658199999,1066021.0720,4469,56958,513622.7020,0
1770658200000,9.0200,9.1800,9.0160,9.1620,619802,1770659099999,5654400.4650,13730,409600,3737081.2610,0
1770659100000,9.1610,9.1770,9.1220,9.1300,259851,1770659999999,2374974.4700,7570,91119,833241.3360,0
1770660000000,9.1290,9.1850,9.1170,9.1230,271244,1770660899999,2481055.9940,8846,152891,1398816.0010,0
1770660900000,9.1240,9.1290,9.0470,9.0720,276833,1770661799999,2514963.9400,7996,125861,1143840.7070,0
1770661800000,9.0720,9.1120,9.0560,9.0970,175575,1770662699999,1595415.7240,6324,103072,936630.1970,0
1770662700000,9.0970,9.1210,9.0720,9.0870,118487,1770663599999,1077625.5020,4412,62571,569339.3300,0
1770663600000,9.0870,9.0960,9.0610,9.0800,89541,1770664499999,812805.5990,5099,42426,385154.8520,0
1770664500000,9.0810,9.0940,9.0630,9.0840,87223,1770665399999,791876.2850,4358,47654,432694.9610,0
1770665400000,9.0830,9.1290,9.0800,9.1100,149008,1770666299999,1356977.6930,5427,82189,748519.3160,0
1770666300000,9.1090,9.1250,9.0860,9.1120,154786,1770667199999,1409751.2500,5223,72643,661831.5930,0
1770667200000,9.1110,9.1440,9.0820,9.1100,176329,1770668099999,1606323.0310,7108,78777,717576.7740,0
1770668100000,9.1090,9.1090,9.0440,9.0530,165288,1770668999999,1498559.2960,5712,60225,546001.4870,0
1770669000000,9.0530,9.0930,9.0400,9.0890,92014,1770669899999,834321.9990,4156,54912,498011.4090,0
1770669900000,9.0900,9.0980,9.0750,9.0850,78795,1770670799999,715986.7150,3811,37882,344257.3450,0
1770670800000,9.0850,9.0960,9.0540,9.0570,79149,1770671699999,717970.8910,4480,34752,315242.5400,0
1770671700000,9.0580,9.0690,9.0480,9.0570,82609,1770672599999,748334.9390,3166,44798,405885.3430,0
1770672600000,9.0580,9.0610,8.9840,9.0060,241256,1770673499999,2173605.4360,6401,102245,920815.9490,0
1770673500000,9.0060,9.0970,8.9870,9.0730,229713,1770674399999,2078090.6510,6449,168255,1521924.7420,0
1770674400000,9.0730,9.1110,9.0610,9.1100,159503,1770675299999,1449285.4460,4712,110110,1000422.4090,0
1770675300000,9.1090,9.1120,9.0700,9.0790,97048,1770676199999,882064.3970,3188,42348,384976.8010,0
1770676200000,9.0790,9.0880,9.0690,9.0790,51354,1770677099999,466175.9220,2377,25531,231784.7570,0
1770677100000,9.0790,9.0870,9.0620,9.0770,38344,1770677999999,347883.9830,2234,21383,194024.1380,0
1770678000000,9.0760,9.1070,9.0710,9.0840,76923,1770678899999,699182.9520,3701,44671,405968.7990,0
1770678900000,9.0850,9.0900,9.0490,9.0520,113167,1770679799999,1025738.5000,3818,36070,326940.2190,0
1770679800000,9.0530,9.0800,9.0500,9.0710,64610,1770680699999,585787.2460,2745,41302,374475.1810,0
1770680700000,9.0710,9.0710,9.0370,9.0460,64340,1770681599999,582368.9040,2687,21826,197535.2250,0
1770681600000,9.0460,9.0630,9.0270,9.0510,104396,1770682499999,944398.2220,4374,47276,427746.9160,0
1770682500000,9.0520,9.0540,9.0150,9.0260,89361,1770683399999,806730.2380,2934,41313,372899.0070,0
1770683400000,9.0250,9.0380,9.0030,9.0120,69519,1770684299999,627368.3860,3382,36966,333674.2280,0
1770684300000,9.0110,9.0290,9.0020,9.0100,68571,1770685199999,618107.8450,2836,28239,254520.1800,0
1770685200000,9.0100,9.0410,9.0030,9.0350,126082,1770686099999,1137917.7010,4241,71447,644906.1680,0
1770686100000,9.0350,9.0880,9.0280,9.0790,96827,1770686999999,877211.6880,3809,61824,560208.3310,0
1770687000000,9.0790,9.1090,9.0670,9.0930,104836,1770687899999,952424.8510,3552,57744,524657.3240,0
1770687900000,9.0940,9.1060,9.0820,9.0910,79343,1770688799999,721341.1210,3224,31039,282219.8990,0
1770688800000,9.0910,9.0930,9.0620,9.0640,90333,1770689699999,819851.8550,3486,36153,328058.5620,0
1770689700000,9.0650,9.0820,9.0420,9.0430,58131,1770690599999,526635.4670,2988,29169,264328.3430,0
1770690600000,9.0430,9.0500,9.0080,9.0140,102348,1770691499999,924169.7170,3860,28461,257020.9950,0
1770691500000,9.0130,9.0330,9.0060,9.0220,58302,1770692399999,525967.0440,2575,34659,312701.0170,0
1770692400000,9.0210,9.0300,8.9750,8.9910,125292,1770693299999,1126903.3060,4298,49682,447033.7420,0
1770693300000,8.9900,8.9960,8.9190,8.9210,242019,1770694199999,2164847.1110,6965,90886,812898.2190,0
1770694200000,8.9200,8.9200,8.8600,8.8980,292216,1770695099999,2598614.4500,8231,123496,1098553.7150,0
1770695100000,8.8970,8.9090,8.8890,8.9000,99642,1770695999999,886748.9070,3205,43256,384965.3770,0
1770696000000,8.8990,8.9550,8.8920,8.9540,212705,1770696899999,1898608.6360,5761,114930,1026240.8300,0
1770696900000,8.9530,8.9600,8.9260,8.9480,69388,1770697799999,620670.7200,3050,34005,304222.7990,0
1770697800000,8.9470,8.9590,8.9250,8.9410,82687,1770698699999,739411.9020,2924,43058,385046.8400,0
1770698700000,8.9400,8.9770,8.9380,8.9610,81214,1770699599999,727951.8770,2601,50905,456304.1990,0
1770699600000,8.9610,8.9820,8.9550,8.9810,70617,1770700499999,633285.3890,3182,38616,346340.5200,0
1770700500000,8.9800,8.9800,8.9290,8.9290,63270,1770701399999,566220.5570,2687,19658,176053.2910,0
1770701400000,8.9290,8.9570,8.9020,8.9080,105430,1770702299999,941334.6970,4709,45812,409239.6480,0
1770702300000,8.9070,8.9120,8.8710,8.8950,87685,1770703199999,779411.4380,4243,34360,305395.0570,0
1770703200000,8.8960,8.9130,8.8680,8.8710,325043,1770704099999,2887955.7010,6882,184451,1638447.9010,0
1770704100000,8.8720,8.8850,8.8300,8.8500,178557,1770704999999,1581081.6370,6016,86952,769992.9820,0
1770705000000,8.8490,8.8690,8.8190,8.8260,107588,1770705899999,951174.6130,4882,45496,402256.8530,0
1770705900000,8.8260,8.8310,8.7350,8.7720,491646,1770706799999,4311871.4230,12921,199350,1748100.9880,0
1770706800000,8.7720,8.8450,8.7640,8.8180,260693,1770707699999,2300122.6290,7740,133667,1179049.8120,0
1770707700000,8.8170,8.8220,8.7880,8.8190,111215,1770708599999,979128.9890,4133,55273,486708.6790,0
1770708600000,8.8190,8.8270,8.8060,8.8150,56532,1770709499999,498424.3660,2450,29686,261720.8080,0
1770709500000,8.8150,8.8290,8.8040,8.8190,108725,1770710399999,958306.9790,3776,57747,509025.2950,0
1770710400000,8.8190,8.8290,8.8040,8.8090,96204,1770711299999,848401.2990,4638,35486,313025.1990,0
1770711300000,8.8100,8.8470,8.7890,8.8380,94465,1770712199999,833067.6390,4573,46681,411768.6790,0
1770712200000,8.8390,8.8540,8.8150,8.8440,100306,1770713099999,886398.4350,4029,54473,481419.4820,0
1770713100000,8.8430,8.8640,8.8420,8.8550,113582,1770713999999,1005550.4760,3269,58501,517928.3450,0
1770714000000,8.8550,8.9030,8.8500,8.8770,131560,1770714899999,1168584.3410,5056,73169,650032.7340,0
1770714900000,8.8780,8.8850,8.8650,8.8730,87414,1770715799999,775733.8060,3375,37464,332483.3350,0
1770715800000,8.8730,8.8790,8.8580,8.8750,72923,1770716699999,646666.1000,3904,31172,276430.3260,0
1770716700000,8.8750,8.8830,8.8320,8.8560,105068,1770717599999,930025.9050,4252,40491,358457.9630,0
1770717600000,8.8570,8.8690,8.8360,8.8440,73878,1770718499999,653848.4270,3376,25742,227840.8150,0
1770718500000,8.8440,8.8610,8.8230,8.8450,80245,1770719399999,709260.8640,3269,26193,231621.7710,0
1770719400000,8.8450,8.8450,8.8160,8.8220,72786,1770720299999,642501.7280,3119,20469,180668.8130,0
1770720300000,8.8230,8.8320,8.8150,8.8200,57804,1770721199999,510001.6710,2892,28250,249254.1970,0
1770721200000,8.8200,8.8360,8.8090,8.8160,100872,1770722099999,889627.5750,4631,40241,354940.7230,0
1770722100000,8.8160,8.8290,8.8110,8.8270,59387,1770722999999,523902.0800,2741,24018,211903.2740,0
1770723000000,8.8280,8.8480,8.7870,8.8060,109779,1770723899999,968004.5220,4180,51996,458634.8850,0
1770723900000,8.8060,8.8150,8.7750,8.7810,212312,1770724799999,1866783.0810,5792,87534,769820.4880,0
1770724800000,8.7820,8.8220,8.7820,8.7980,130159,1770725699999,1146014.0970,5417,76365,672350.4390,0
1770725700000,8.7990,8.8090,8.7870,8.8030,86818,1770726599999,763918.1850,3035,49474,435398.4240,0
1770726600000,8.8040,8.8100,8.7680,8.7710,79448,1770727499999,698197.8290,3401,38106,334915.4380,0
1770727500000,8.7710,8.7750,8.7590,8.7670,69455,1770728399999,609053.6330,2914,37220,326401.7160,0
1770728400000,8.7670,8.7790,8.7440,8.7690,169907,1770729299999,1489243.0920,6074,85728,751552.5170,0
1770729300000,8.7690,8.7830,8.7570,8.7670,90939,1770730199999,797751.7960,3552,42601,373753.5000,0
1770730200000,8.7660,8.8190,8.7630,8.8070,168560,1770731099999,1483440.6670,5677,100573,885153.9990,0
1770731100000,8.8080,8.8160,8.7800,8.8010,81085,1770731999999,713488.3690,3650,40243,354169.1080,0
1770732000000,8.8010,8.8070,8.7820,8.8020,89058,1770732899999,783084.2870,3816,45080,396422.0820,0
1770732900000,8.8030,8.8680,8.7990,8.8300,229171,1770733799999,2025875.1150,7293,116192,1027180.1700,0
1770733800000,8.8300,8.8710,8.7000,8.7640,578453,1770734699999,5074500.6070,17735,235064,2063576.1540,0
1770734700000,8.7630,8.7870,8.7070,8.7600,270592,1770735599999,2368066.2000,10981,128322,1123200.0650,0
1770735600000,8.7600,8.8310,8.7330,8.7660,306386,1770736499999,2691187.8720,11187,161025,1414930.9410,0
1770736500000,8.7650,8.8260,8.7480,8.8060,206377,1770737399999,1813901.3580,8798,125944,1107357.3690,0
1770737400000,8.8060,8.8390,8.7930,8.8010,165650,1770738299999,1460974.5120,8141,94857,836843.7400,0
1770738300000,8.8020,8.8080,8.7620,8.7790,168630,1770739199999,1481213.1690,6943,81026,711843.4460,0
1770739200000,8.7790,8.8430,8.7300,8.8370,228673,1770740099999,2006934.3900,9445,138434,1215540.7510,0
1770740100000,8.8370,8.8450,8.7700,8.7790,173539,1770740999999,1528079.8540,7662,96610,850779.9000,0
1770741000000,8.7790,8.8180,8.7620,8.7960,141581,1770741899999,1244069.6500,6185,76996,676689.2360,0
1770741900000,8.7960,8.8060,8.7590,8.7730,88413,1770742799999,776089.0760,4758,48608,426621.4540,0
1770742800000,8.7730,8.7810,8.7440,8.7590,108046,1770743699999,946305.9200,5575,48252,422717.7500,0
1770743700000,8.7600,8.8250,8.7550,8.8030,153619,1770744599999,1352199.9110,5704,97772,860530.6150,0
1770744600000,8.8030,8.8470,8.7970,8.8180,180324,1770745499999,1591631.7450,6433,92908,820325.2930,0
1770745500000,8.8180,8.8310,8.7980,8.8180,107179,1770746399999,944649.2010,3739,47850,421777.9860,0
1770746400000,8.8180,8.8280,8.7760,8.7850,102147,1770747299999,899036.3120,5110,54185,477050.6090,0
1770747300000,8.7850,8.8030,8.7030,8.7200,291765,1770748199999,2551079.0340,7469,135257,1182769.6600,0
1770748200000,8.7200,8.7370,8.6890,8.7190,230643,1770749099999,2009635.5080,7446,108531,946099.9430,0
1770749100000,8.7200,8.7240,8.6640,8.7070,216374,1770749999999,1880348.5470,7109,108731,945237.0420,0
1770750000000,8.7070,8.7220,8.6860,8.7110,101745,1770750899999,885730.7750,5764,56178,489111.3580,0
1770750900000,8.7110,8.7150,8.6780,8.6970,138659,1770751799999,1205165.6280,4892,66983,582237.0620,0
1770751800000,8.6980,8.7620,8.6970,8.7420,169988,1770752699999,1484326.5270,5994,104322,910742.8570,0
1770752700000,8.7420,8.7520,8.7120,8.7200,79651,1770753599999,695338.0880,3444,30351,265058.7200,0
1770753600000,8.7190,8.7340,8.6950,8.6960,115944,1770754499999,1010736.7220,4704,54119,471862.8070,0
1770754500000,8.6960,8.7240,8.6950,8.7080,82267,1770755399999,716622.7900,3552,48213,419973.9200,0
1770755400000,8.7080,8.7310,8.6920,8.7290,112358,1770756299999,979225.8560,4203,53250,464123.3090,0
1770756300000,8.7290,8.7360,8.6970,8.7040,110408,1770757199999,962023.7310,4187,46630,406394.6530,0
1770757200000,8.7030,8.7310,8.7000,8.7110,115462,1770758099999,1006481.6620,4903,65149,567972.0680,0
1770758100000,8.7110,8.7260,8.6850,8.6850,94554,1770758999999,823328.4820,3326,35577,309965.1780,0
1770759000000,8.6850,8.6900,8.6530,8.6620,244457,1770759899999,2119236.1790,7039,106149,920261.9170,0
1770759900000,8.6620,8.6910,8.6590,8.6790,132096,1770760799999,1146349.5150,4029,79104,686523.0840,0
1770760800000,8.6800,8.7050,8.6800,8.6930,88553,1770761699999,769802.6010,4001,48699,423313.7540,0
1770761700000,8.6930,8.7340,8.6930,8.7300,78310,1770762599999,682482.9980,2614,51435,448227.7300,0
1770762600000,8.7290,8.7550,8.7270,8.7370,103481,1770763499999,904450.4510,3127,66266,579172.5770,0
1770763500000,8.7370,8.7470,8.7150,8.7210,61154,1770764399999,533819.1410,2841,25647,223942.9090,0
1770764400000,8.7210,8.7290,8.6990,8.7070,109202,1770765299999,951414.8190,4084,42202,367693.4480,0
1770765300000,8.7060,8.7240,8.6980,8.7130,77220,1770766199999,672654.8420,2695,46404,404218.9660,0
1770766200000,8.7130,8.7450,8.7110,8.7440,87174,1770767099999,760756.1010,2399,58784,512960.5980,0
1770767100000,8.7440,8.7470,8.7320,8.7440,44112,1770767999999,385560.8280,2170,21669,189427.1970,0
1770768000000,8.7440,8.7550,8.7240,8.7260,124601,1770768899999,1089450.5350,4905,51563,450890.1200,0
1770768900000,8.7260,8.7630,8.7250,8.7610,167808,1770769799999,1467551.7970,3772,117783,1030001.8880,0
1770769800000,8.7610,8.7700,8.7450,8.7500,76312,1770770699999,668291.6790,3038,34971,306266.4390,0
1770770700000,8.7500,8.7680,8.7430,8.7600,59238,1770771599999,518568.0810,2051,28899,253012.4640,0
1770771600000,8.7610,8.7750,8.7490,8.7590,63699,1770772499999,558081.8860,3162,31385,274979.1850,0
1770772500000,8.7590,8.7700,8.7380,8.7420,44341,1770773399999,388211.1190,2187,18837,164928.9270,0
1770773400000,8.7430,8.7760,8.7430,8.7730,49156,1770774299999,430552.9810,2214,30888,270594.7820,0
1770774300000,8.7730,8.7810,8.7580,8.7710,48803,1770775199999,427851.7490,1885,25861,226711.2880,0
1770775200000,8.7700,8.8030,8.7700,8.7770,83337,1770776099999,732469.2760,3100,47733,419533.2030,0
1770776100000,8.7780,8.8680,8.7780,8.8640,384266,1770776999999,3391458.1410,7213,217751,1921176.4950,0
1770777000000,8.8640,8.8810,8.8580,8.8730,141418,1770777899999,1254381.5500,4111,64999,576479.3240,0
1770777900000,8.8730,8.8730,8.8400,8.8420,156813,1770778799999,1388731.7380,3888,67250,595493.1050,0
1770778800000,8.8420,8.8520,8.8220,8.8240,134509,1770779699999,1188947.5450,4976,63607,562286.9540,0
1770779700000,8.8240,8.8430,8.7740,8.8270,225648,1770780599999,1986630.9770,6345,102802,905342.1170,0
1770780600000,8.8260,8.9600,8.8210,8.8950,418547,1770781499999,3726125.8380,8764,267812,2384165.6860,0
1770781500000,8.8960,8.8980,8.8600,8.8630,140234,1770782399999,1244807.7120,3494,50252,446133.2100,0
1770782400000,8.8630,8.8810,8.8200,8.8250,167280,1770783299999,1479965.4940,5505,59452,526318.7570,0
1770783300000,8.8250,8.8310,8.7730,8.7870,265910,1770784199999,2339669.1830,6521,91695,806611.0720,0
1770784200000,8.7880,8.7930,8.7240,8.7400,279143,1770785099999,2445087.7860,9490,117389,1028337.8430,0
1770785100000,8.7390,8.7610,8.7060,8.7290,169186,1770785999999,1477554.9170,5657,82625,721978.4350,0
1770786000000,8.7300,8.7630,8.7260,8.7290,122759,1770786899999,1073515.1080,4936,60178,526292.1760,0
1770786900000,8.7300,8.7480,8.7070,8.7150,94722,1770787799999,826404.1630,3813,39234,342263.6640,0
1770787800000,8.7150,8.7200,8.6680,8.6720,148279,1770788699999,1288725.8810,5267,58677,510059.8010,0
1770788700000,8.6720,8.6900,8.6610,8.6700,102128,1770789599999,886094.4910,3402,60214,522452.7710,0
1770789600000,8.6710,8.6880,8.5860,8.6000,371420,1770790499999,3206614.1620,10691,113745,982707.1660,0
1770790500000,8.6000,8.6460,8.5600,8.6450,411276,1770791399999,3534719.6320,11508,217244,1868029.1990,0
1770791400000,8.6440,8.6450,8.6030,8.6050,148462,1770792299999,1280471.9180,5371,59542,513724.8610,0
1770792300000,8.6040,8.6040,8.5420,8.5620,177541,1770793199999,1521284.2540,5478,52371,448642.3720,0
1770793200000,8.5620,8.6030,8.5550,8.5730,145001,1770794099999,1243184.4650,5896,69758,598265.0960,0
1770794100000,8.5730,8.5850,8.5510,8.5780,108646,1770794999999,931154.1030,3942,61279,525289.0940,0
1770795000000,8.5780,8.6140,8.5660,8.5910,146963,1770795899999,1262773.3930,4969,80102,688296.1350,0
1770795900000,8.5910,8.6050,8.5700,8.5730,74810,1770796799999,642466.3790,3088,28592,245583.6810,0
1770796800000,8.5740,8.5860,8.5310,8.5550,220972,1770797699999,1890923.1890,6688,73294,627455.8790,0
1770797700000,8.5550,8.5610,8.5350,8.5400,111362,1770798599999,951703.0570,4549,47281,404111.3590,0
1770798600000,8.5400,8.5660,8.5240,8.5540,135858,1770799499999,1160635.8730,4660,67228,574587.5980,0
1770799500000,8.5540,8.5580,8.5310,8.5420,63529,1770800399999,542875.5600,2943,24578,210044.8720,0
1770800400000,8.5420,8.5630,8.5290,8.5460,83472,1770801299999,713102.6520,3841,36746,314033.9440,0
1770801300000,8.5460,8.5530,8.5180,8.5530,71341,1770802199999,608888.5520,2948,26984,230356.8810,0
1770802200000,8.5530,8.5620,8.5150,8.5210,84381,1770803099999,720871.0760,3585,37007,316181.9060,0
1770803100000,8.5220,8.5270,8.5120,8.5220,87682,1770803999999,746997.6650,3153,47388,403742.6900,0
1770804000000,8.5210,8.5390,8.4940,8.5090,289556,1770804899999,2464321.2760,6876,155317,1321973.0890,0
1770804900000,8.5100,8.5300,8.4990,8.5270,139462,1770805799999,1186804.1770,3618,41805,355860.7330,0
1770805800000,8.5280,8.5290,8.4720,8.5040,166432,1770806699999,1413734.6990,5269,70364,597797.2320,0
1770806700000,8.5050,8.5270,8.4950,8.5180,179478,1770807599999,1526924.8120,4711,97654,830814.5120,0
1770807600000,8.5180,8.5530,8.5150,8.5250,131900,1770808499999,1126058.7970,5064,68069,581089.4130,0
1770808500000,8.5250,8.5870,8.5130,8.5740,193836,1770809399999,1658458.3010,4834,127872,1094090.1460,0
1770809400000,8.5740,8.5830,8.5540,8.5570,62926,1770810299999,539265.7120,3125,24854,213062.1830,0
1770810300000,8.5570,8.5880,8.5540,8.5780,70569,1770811199999,604843.8300,2545,35934,308029.5220,0
1770811200000,8.5780,8.6050,8.5520,8.5790,212665,1770812099999,1824128.8300,5428,91822,788044.7950,0
1770812100000,8.5790,8.6140,8.5730,8.5930,106231,1770812999999,912838.2250,3729,47536,408528.3140,0
1770813000000,8.5930,8.6030,8.5740,8.5800,74129,1770813899999,636752.1280,3336,34940,300159.7750,0
1770813900000,8.5800,8.5840,8.5660,8.5790,34740,1770814799999,297924.2240,2173,13775,118136.9750,0
1770814800000,8.5790,8.5970,8.5650,8.5800,88289,1770815699999,757626.6550,3906,46609,400007.0930,0
1770815700000,8.5800,8.5900,8.5540,8.5750,96488,1770816599999,827074.6970,3439,40596,348134.1150,0
1770816600000,8.5750,8.6720,8.5720,8.6060,421722,1770817499999,3634586.3620,11865,206025,1775741.5410,0
1770817500000,8.6060,8.6540,8.5770,8.6540,222431,1770818399999,1916385.4620,6585,101160,871749.0990,0
1770818400000,8.6540,8.8880,8.6490,8.8470,761966,1770819299999,6683223.8210,21019,457760,4012929.8100,0
1770819300000,8.8470,8.8560,8.7330,8.7430,522211,1770820199999,4596057.3120,12743,195983,1726849.5810,0
1770820200000,8.7440,8.7800,8.6060,8.6390,534401,1770821099999,4638975.7240,17575,209165,1816126.1900,0
1770821100000,8.6390,8.6560,8.5270,8.5450,448707,1770821999999,3852032.2860,15507,195587,1680505.2700,0
1770822000000,8.5450,8.5860,8.4290,8.4890,699471,1770822899999,5943049.6630,22302,319409,2715289.5420,0
1770822900000,8.4890,8.5420,8.4500,8.4860,408484,1770823799999,3469105.1030,18055,229277,1947686.1520,0
1770823800000,8.4860,8.5480,8.4730,8.5390,308385,1770824699999,2622144.8480,12939,156460,1330668.9570,0
1770824700000,8.5390,8.5490,8.4490,8.5120,321078,1770825599999,2727916.6280,11568,150077,1275790.1420,0
1770825600000,8.5120,8.6400,8.4970,8.6350,315935,1770826499999,2706851.9860,13790,206219,1767381.6680,0
1770826500000,8.6350,8.6670,8.5700,8.5760,220946,1770827399999,1904622.9340,9308,96325,830824.1010,0
1770827400000,8.5750,8.5900,8.5000,8.5160,441279,1770828299999,3768031.8420,10098,120565,1029722.9760,0
1770828300000,8.5170,8.5740,8.4790,8.5470,533121,1770829199999,4546969.0990,11829,270304,2304848.6420,0
1770829200000,8.5460,8.5660,8.5190,8.5490,242333,1770830099999,2069419.8790,10540,113655,970815.3260,0
1770830100000,8.5500,8.6580,8.5480,8.6580,274689,1770830999999,2365852.8320,9434,166788,1436072.8480,0
1770831000000,8.6570,8.6760,8.6290,8.6370,175616,1770831899999,1518982.4510,8083,87773,759367.5710,0
1770831900000,8.6370,8.6680,8.6090,8.6250,143567,1770832799999,1239723.7450,6174,70863,612248.7220,0
1770832800000,8.6260,8.6370,8.5760,8.6070,148976,1770833699999,1281709.6320,6836,56447,485653.0610,0
1770833700000,8.6070,8.7240,8.6060,8.7030,238884,1770834599999,2071400.3330,8853,161294,1398554.0200,0
1770834600000,8.7030,8.7210,8.6700,8.6970,167972,1770835499999,1459983.2360,6379,79627,692273.5890,0
1770835500000,8.6980,8.7390,8.6930,8.7080,187168,1770836399999,1631195.9630,6770,92630,807374.3880,0
1770836400000,8.7070,8.7610,8.6990,8.7380,280700,1770837299999,2449663.3350,9663,140681,1227950.0530,0
1770837300000,8.7380,8.7540,8.7040,8.7050,119747,1770838199999,1044984.9130,5413,48961,427406.1000,0
1770838200000,8.7040,8.7400,8.6780,8.7350,138387,1770839099999,1204846.9810,5017,64177,559004.7620,0
1770839100000,8.7340,8.7430,8.6910,8.6970,119627,1770839999999,1042396.0020,5133,37176,323987.0870,0
1770840000000,8.6960,8.6990,8.6560,8.6960,166238,1770840899999,1443418.8320,6101,68494,594813.1040,0
1770840900000,8.6950,8.7090,8.6360,8.6380,132335,1770841799999,1147453.6670,4913,47901,415400.5910,0
1770841800000,8.6380,8.6610,8.6290,8.6570,88334,1770842699999,763983.7700,3880,50276,434923.5450,0
1770842700000,8.6580,8.7110,8.6490,8.6930,146500,1770843599999,1272903.6890,4887,82417,716192.2680,0
1770843600000,8.6930,8.7190,8.6710,8.7080,135188,1770844499999,1176119.5070,5362,85276,741889.9310,0
1770844500000,8.7090,8.7940,8.6910,8.7810,248003,1770845399999,2168457.4540,7556,154548,1351845.8800,0
1770845400000,8.7810,8.8040,8.7400,8.7490,286177,1770846299999,2511931.9780,8392,120888,1061526.8830,0
1770846300000,8.7500,8.7640,8.7410,8.7420,90592,1770847199999,792963.2150,3831,41233,360954.0090,0
1770847200000,8.7420,8.7530,8.7220,8.7370,109198,1770848099999,954360.1920,5229,49266,430620.9180,0
1770848100000,8.7370,8.7450,8.6970,8.7100,107265,1770848999999,935305.5290,3939,35269,307568.1470,0
1770849000000,8.7100,8.7180,8.6870,8.6990,99395,1770849899999,865021.9190,4048,44780,389690.5020,0
1770849900000,8.6990,8.7040,8.6570,8.6680,87326,1770850799999,758170.4690,3240,32096,278654.4810,0
1770850800000,8.6680,8.6960,8.6360,8.6480,194565,1770851699999,1685182.9600,5911,99388,861191.8020,0
1770851700000,8.6470,8.6580,8.5810,8.6060,260929,1770852599999,2246814.8340,6488,103540,891645.6360,0
1770852600000,8.6060,8.6390,8.5840,8.6390,115797,1770853499999,997362.1110,5395,68757,592198.1400,0
1770853500000,8.6380,8.6450,8.6180,8.6290,87030,1770854399999,751101.8550,3539,53858,464847.6280,0
1770854400000,8.6300,8.6920,8.6290,8.6880,172573,1770855299999,1495019.8110,5915,107250,929081.7540,0
1770855300000,8.6880,8.7110,8.6790,8.6960,191594,1770856199999,1666312.9110,4851,90974,791152.4370,0
1770856200000,8.6960,8.7450,8.6860,8.7320,140757,1770857099999,1227435.5100,4812,83305,726675.1000,0
1770857100000,8.7320,8.7450,8.7080,8.7160,78547,1770857999999,685144.5710,3258,27760,242145.4150,0
1770858000000,8.7160,8.7420,8.7160,8.7340,77060,1770858899999,672717.9100,3891,38230,333745.1060,0
1770858900000,8.7340,8.7730,8.7240,8.7540,96565,1770859799999,844368.4830,4006,53721,469732.5010,0
1770859800000,8.7540,8.7830,8.7460,8.7540,121636,1770860699999,1066104.6800,4002,59055,517681.1220,0
1770860700000,8.7530,8.7540,8.7270,8.7290,80537,1770861599999,703819.8320,2824,23723,207320.1830,0
1770861600000,8.7280,8.7410,8.7000,8.7030,108234,1770862499999,943880.2000,4126,42879,374037.5830,0
1770862500000,8.7020,8.7140,8.6900,8.7100,109263,1770863399999,950878.8710,3333,42259,367864.3550,0
1770863400000,8.7100,8.7630,8.7070,8.7570,132172,1770864299999,1156003.6540,4202,87762,767534.5240,0
1770864300000,8.7570,8.7580,8.7140,8.7180,93917,1770865199999,820226.0670,3178,28759,251283.3620,0
1770865200000,8.7190,8.7450,8.7090,8.7370,109730,1770866099999,958037.6470,4194,69857,609888.5580,0
1770866100000,8.7380,8.7400,8.7060,8.7190,59329,1770866999999,517327.3920,2854,26184,228347.1590,0
1770867000000,8.7200,8.7470,8.7140,8.7370,69718,1770867899999,608816.2410,2959,39614,345953.6270,0
1770867900000,8.7380,8.7550,8.7330,8.7470,89658,1770868799999,784025.9890,2862,58720,513482.4430,0
1770868800000,8.7470,8.7570,8.7340,8.7450,95984,1770869699999,839613.2160,3955,56474,494051.4440,0
1770869700000,8.7450,8.7500,8.7180,8.7300,118605,1770870599999,1035655.6510,3506,62655,547091.4170,0
1770870600000,8.7300,8.7690,8.7170,8.7600,131479,1770871499999,1150609.4600,3982,89244,781019.2050,0
1770871500000,8.7600,8.7630,8.7330,8.7340,54731,1770872399999,478964.7100,2727,31847,278693.9610,0
1770872400000,8.7340,8.7520,8.6970,8.7000,86295,1770873299999,753290.1900,3701,30010,262041.5860,0
1770873300000,8.7010,8.7320,8.6810,8.7210,142755,1770874199999,1242977.4690,4443,86009,749115.6690,0
1770874200000,8.7200,8.7700,8.7150,8.7660,140196,1770875099999,1226784.9740,4856,89914,787007.4310,0
1770875100000,8.7670,8.7780,8.7560,8.7710,64106,1770875999999,562129.3180,2833,37627,329985.0070,0
1770876000000,8.7720,8.8130,8.7670,8.7970,121451,1770876899999,1067240.7910,4804,84987,746921.2140,0
1770876900000,8.7980,8.8400,8.7930,8.8330,169683,1770877799999,1496144.1470,5708,115943,1022302.3070,0
1770877800000,8.8330,8.8400,8.8200,8.8260,95034,1770878699999,839326.5170,4199,49781,439749.0690,0
1770878700000,8.8260,8.8350,8.8020,8.8120,65103,1770879599999,573825.7460,2982,24671,217518.2040,0
1770879600000,8.8120,8.8180,8.7770,8.7910,129543,1770880499999,1139057.3310,4248,40012,351790.6720,0
1770880500000,8.7910,8.8390,8.7810,8.8200,104177,1770881399999,917613.5720,3093,55019,485017.4470,0
1770881400000,8.8210,8.8240,8.8020,8.8030,71676,1770882299999,631758.0280,2458,27894,245839.0040,0
1770882300000,8.8020,8.8180,8.7990,8.8120,57970,1770883199999,510546.0800,2100,23061,203097.4200,0
1770883200000,8.8120,8.8330,8.8020,8.8270,119179,1770884099999,1051207.6920,4411,74185,654333.2440,0
1770884100000,8.8270,8.8280,8.7830,8.7860,89779,1770884999999,790530.6800,3054,36219,319037.3240,0
1770885000000,8.7870,8.8000,8.7770,8.7860,102634,1770885899999,902169.7740,3851,44711,393002.5500,0
1770885900000,8.7870,8.8150,8.7830,8.8010,97177,1770886799999,855286.4620,3104,63251,556722.7660,0
1770886800000,8.8010,8.8210,8.7860,8.8110,107448,1770887699999,945853.2250,4475,69067,608076.0460,0
1770887700000,8.8110,8.8400,8.8050,8.8340,116331,1770888599999,1026602.1690,3775,80061,706592.4730,0
1770888600000,8.8350,8.8770,8.8320,8.8620,187496,1770889499999,1660923.7540,5056,128354,1137030.3990,0
1770889500000,8.8620,8.8940,8.8520,8.8760,220730,1770890399999,1958542.9140,5743,107955,958060.9590,0
1770890400000,8.8760,8.9020,8.8750,8.8880,153804,1770891299999,1366782.3620,6373,91509,813202.4080,0
1770891300000,8.8870,8.8870,8.8630,8.8790,111529,1770892199999,989895.9610,3628,36926,327724.7440,0
1770892200000,8.8790,8.9170,8.8790,8.8910,138632,1770893099999,1233405.7960,4212,90924,809057.0110,0
1770893100000,8.8920,8.9500,8.8870,8.9460,226222,1770893999999,2019080.7280,5675,146570,1307898.5770,0
1770894000000,8.9470,8.9750,8.9090,8.9260,390542,1770894899999,3491867.4580,7450,169546,1517020.9930,0
1770894900000,8.9260,8.9590,8.9240,8.9480,133051,1770895799999,1189489.8140,4122,74321,664385.5290,0
1770895800000,8.9480,8.9620,8.9180,8.9260,100758,1770896699999,900595.3350,3273,37648,336553.4300,0
1770896700000,8.9260,8.9350,8.9020,8.9070,80245,1770897599999,715840.1390,3018,41092,366625.7050,0
1770897600000,8.9080,8.9190,8.8650,8.8820,203932,1770898499999,1813060.7040,5796,82819,736464.3700,0
1770898500000,8.8820,8.8830,8.8580,8.8690,114479,1770899399999,1015758.5100,3479,62170,551578.2930,0
1770899400000,8.8690,8.8720,8.8380,8.8420,169089,1770900299999,1496123.1990,4430,75329,666467.2370,0
1770900300000,8.8410,8.8550,8.8210,8.8400,169441,1770901199999,1497343.4770,4600,98295,868738.0750,0
1770901200000,8.8390,8.8510,8.8160,8.8420,152872,1770902099999,1350362.5780,5341,99109,875516.5350,0
1770902100000,8.8420,8.8520,8.8080,8.8200,186903,1770902999999,1650544.6220,5111,85072,751487.0350,0
1770903000000,8.8210,8.8800,8.8160,8.8790,225634,1770903899999,1998289.9180,6296,169759,1503360.2000,0
1770903900000,8.8790,8.9330,8.8670,8.9320,207133,1770904799999,1843145.0960,5263,144641,1287279.9080,0
1770904800000,8.9320,8.9340,8.8800,8.9070,178556,1770905699999,1589683.8100,6166,74710,665247.5310,0
1770905700000,8.9070,8.9510,8.8900,8.9380,192151,1770906599999,1715428.9270,5085,116886,1043721.5840,0
1770906600000,8.9380,8.9680,8.9170,8.9180,304535,1770907499999,2723650.3910,9765,142111,1271348.2120,0
1770907500000,8.9190,8.9510,8.9050,8.9150,258617,1770908399999,2308913.6060,7354,108530,969359.3560,0
1770908400000,8.9160,8.9410,8.8320,8.8760,429768,1770909299999,3815094.6220,10934,177282,1574494.5140,0
1770909300000,8.8760,8.9440,8.8650,8.9350,297862,1770910199999,2653608.5330,8612,190607,1698197.8600,0
1770910200000,8.9350,8.9480,8.8170,8.8390,386890,1770911099999,3429346.5120,8214,152746,1354177.0610,0
1770911100000,8.8400,8.8620,8.7920,8.8000,235852,1770911999999,2081339.1220,7404,112461,993077.8050,0
1770912000000,8.8000,8.8090,8.6830,8.6910,616375,1770912899999,5393299.1690,15543,250004,2187974.1240,0
1770912900000,8.6910,8.7180,8.6300,8.6470,606962,1770913799999,5263815.4610,15874,312468,2711089.7860,0
1770913800000,8.6470,8.7510,8.6100,8.7290,537573,1770914699999,4665876.3410,15998,308789,2681933.5210,0
1770914700000,8.7290,8.7460,8.6330,8.6670,357859,1770915599999,3107103.2160,9819,154080,1338062.9860,0
1770915600000,8.6670,8.7190,8.6460,8.6840,314447,1770916499999,2729741.5650,10134,174542,1515612.9160,0
1770916500000,8.6830,8.7430,8.6470,8.7110,386118,1770917399999,3360612.3720,8572,225872,1967394.1260,0
1770917400000,8.7120,8.7530,8.6890,8.7120,236795,1770918299999,2064602.7430,7741,118859,1036688.8090,0
1770918300000,8.7130,8.7210,8.6580,8.6700,203189,1770919199999,1765032.8660,6326,81747,710287.7260,0
1770919200000,8.6700,8.7210,8.6630,8.7070,270358,1770920099999,2351408.2270,7815,173891,1512358.6510,0
1770920100000,8.7070,8.7110,8.6470,8.6610,351550,1770920999999,3051255.5600,7119,122284,1061343.8760,0
1770921000000,8.6620,8.7140,8.6430,8.7030,187320,1770921899999,1626497.9870,6816,112511,977167.6700,0
1770921900000,8.7030,8.7580,8.7030,8.7310,208064,1770922799999,1817356.7320,6042,121007,1056824.4040,0
1770922800000,8.7310,8.7560,8.6970,8.7290,167538,1770923699999,1461812.5130,6523,67337,587656.3290,0
1770923700000,8.7300,8.8350,8.7270,8.8220,387439,1770924599999,3405771.3840,8066,266147,2338428.9890,0
1770924600000,8.8210,8.8610,8.8080,8.8140,272934,1770925499999,2410849.5530,7395,121021,1069090.8040,0
1770925500000,8.8150,8.8290,8.7620,8.7640,270794,1770926399999,2380670.6660,6560,82031,721405.6410,0
1770926400000,8.7650,8.7790,8.7190,8.7390,218711,1770927299999,1914000.3780,6444,87556,766320.4890,0
1770927300000,8.7400,8.7650,8.7260,8.7410,166597,1770928199999,1457197.3250,5388,97542,853272.1300,0
1770928200000,8.7410,8.7580,8.7220,8.7440,104027,1770929099999,909408.9490,5047,61006,533321.3860,0
1770929100000,8.7450,8.7480,8.6790,8.7000,161441,1770929999999,1405450.8810,5605,62115,540541.1010,0
1770930000000,8.7000,8.7390,8.7000,8.7370,138465,1770930899999,1207965.3920,5944,99729,869939.3720,0
1770930900000,8.7360,8.7550,8.7160,8.7290,111626,1770931799999,974827.3080,3786,57622,503338.2040,0
1770931800000,8.7300,8.7640,8.7210,8.7460,143353,1770932699999,1254056.4440,4044,77687,679652.0840,0
1770932700000,8.7460,8.7500,8.7280,8.7400,70998,1770933599999,620521.0580,2831,39884,348589.3460,0
1770933600000,8.7400,8.7430,8.7170,8.7300,104930,1770934499999,916149.3800,4386,43247,377661.9640,0
1770934500000,8.7300,8.7640,8.7060,8.7580,120581,1770935399999,1053267.4300,3508,77953,681136.1330,0
1770935400000,8.7590,8.7950,8.7550,8.7890,114384,1770936299999,1003473.4050,3720,77844,682996.8300,0
1770936300000,8.7900,8.8310,8.7890,8.8260,113389,1770937199999,999212.2640,4257,67276,592818.0440,0
1770937200000,8.8260,8.8650,8.8170,8.8580,278128,1770938099999,2460024.5080,7375,163210,1443625.4020,0
1770938100000,8.8570,8.8920,8.8420,8.8800,293571,1770938999999,2601413.7140,5206,95723,848927.3900,0
1770939000000,8.8800,8.8920,8.8680,8.8810,151887,1770939899999,1348862.1750,4809,79146,702924.1380,0
1770939900000,8.8810,8.9040,8.8750,8.9020,103037,1770940799999,916143.2940,3481,63617,565748.6080,0
1770940800000,8.9010,8.9350,8.8870,8.9050,180187,1770941699999,1605698.2410,6975,113751,1013798.5240,0
1770941700000,8.9050,8.9050,8.8710,8.8850,196744,1770942599999,1747727.4300,5625,60782,539967.2760,0
1770942600000,8.8850,8.8880,8.8310,8.8310,133194,1770943499999,1180163.1010,5095,57975,513761.8130,0
1770943500000,8.8310,8.8590,8.8210,8.8490,132293,1770944399999,1169554.0700,4984,57525,508639.7300,0
1770944400000,8.8480,8.9060,8.8420,8.9050,203426,1770945299999,1806570.7950,5670,142085,1262001.9640,0
1770945300000,8.9060,8.9120,8.8490,8.8650,291636,1770946199999,2588931.0560,5401,90038,799825.0080,0
1770946200000,8.8650,8.8910,8.8650,8.8740,87831,1770947099999,779648.6460,4066,39063,346768.8450,0
1770947100000,8.8750,8.8940,8.8510,8.8660,86800,1770947999999,770212.9720,3963,42417,376496.9620,0
1770948000000,8.8670,8.8780,8.8480,8.8530,116625,1770948899999,1033969.1730,4887,55549,492454.1510,0
1770948900000,8.8530,8.8620,8.8330,8.8430,127848,1770949799999,1131776.4830,4199,56417,499425.7700,0
1770949800000,8.8430,8.8510,8.8210,8.8390,142619,1770950699999,1259691.3270,3971,45035,397920.1310,0
1770950700000,8.8380,8.8830,8.8330,8.8640,184176,1770951599999,1632378.3230,4170,125586,1113110.9090,0
1770951600000,8.8640,8.8670,8.8170,8.8170,132225,1770952499999,1169483.3580,5010,32699,289257.2660,0
1770952500000,8.8180,8.8620,8.8140,8.8580,86712,1770953399999,765979.1330,3291,44136,389959.2550,0
1770953400000,8.8580,8.8960,8.8560,8.8570,161108,1770954299999,1429844.8560,5290,72839,646477.4960,0
1770954300000,8.8560,8.8600,8.8470,8.8560,56354,1770955199999,498897.0540,2990,21967,194476.8830,0
1770955200000,8.8550,8.8590,8.8230,8.8290,111833,1770956099999,988561.9800,4201,35369,312663.2910,0
1770956100000,8.8290,8.8510,8.8180,8.8330,80706,1770956999999,712943.5440,3010,40711,359646.9650,0
1770957000000,8.8330,8.8430,8.8220,8.8220,137459,1770957899999,1214617.5190,3427,86151,761310.3520,0
1770957900000,8.8220,8.8320,8.7970,8.8030,123917,1770958799999,1092576.5380,3369,34934,308096.9420,0
1770958800000,8.8030,8.8120,8.7710,8.7760,125041,1770959699999,1099285.3540,4378,37858,332783.1030,0
1770959700000,8.7770,8.8010,8.7720,8.7950,85286,1770960599999,749445.5720,3438,43494,382200.8820,0
1770960600000,8.7940,8.8350,8.7920,8.8220,56690,1770961499999,499857.2580,3252,28554,251768.4570,0
1770961500000,8.8210,8.8310,8.7820,8.7840,84361,1770962399999,743160.8290,3305,35023,308694.2920,0
1770962400000,8.7840,8.7990,8.7830,8.7840,51528,1770963299999,453023.7380,2842,27753,243993.6590,0
1770963300000,8.7840,8.7980,8.7370,8.7430,162755,1770964199999,1425134.2200,4586,48833,427767.1130,0
1770964200000,8.7430,8.7570,8.7310,8.7550,98194,1770965099999,858728.8650,3786,52855,462266.8820,0
1770965100000,8.7550,8.8100,8.7490,8.8040,174602,1770965999999,1533473.5220,4362,132690,1165302.5080,0
1770966000000,8.8040,8.8530,8.7990,8.8450,197157,1770966899999,1739261.7820,6086,130222,1148889.5180,0
1770966900000,8.8440,8.8650,8.8400,8.8630,124761,1770967799999,1104552.9320,4446,84762,750434.5440,0
1770967800000,8.8620,8.8620,8.8140,8.8140,131249,1770968699999,1159378.2420,3602,43626,385370.1400,0
1770968700000,8.8130,8.8390,8.8060,8.8290,47987,1770969599999,423385.7280,2794,26999,238182.2760,0
1770969600000,8.8290,8.8450,8.8090,8.8230,95379,1770970499999,841973.3350,3824,45689,403301.6940,0
1770970500000,8.8230,8.8560,8.8150,8.8420,108070,1770971399999,954548.0500,4043,50001,441771.0710,0
1770971400000,8.8420,8.8820,8.8340,8.8710,204220,1770972299999,1810245.5670,4656,147696,1309201.3110,0
1770972300000,8.8710,8.9120,8.8680,8.8960,124689,1770973199999,1108730.9130,4607,72929,648543.2970,0
1770973200000,8.8960,8.9040,8.8430,8.8490,166720,1770974099999,1479076.7720,5319,61141,542608.6700,0
1770974100000,8.8490,8.8800,8.8480,8.8760,117959,1770974999999,1045950.0840,3609,48900,433635.1880,0
1770975000000,8.8750,8.8890,8.8650,8.8670,88835,1770975899999,788536.8470,3187,36457,323655.1820,0
1770975900000,8.8670,8.8860,8.8670,8.8770,66704,1770976799999,592142.4050,2580,38780,344275.1320,0
1770976800000,8.8760,8.8830,8.8600,8.8800,69187,1770977699999,613775.6410,4240,26644,236402.9830,0
1770977700000,8.8790,8.9080,8.8760,8.8910,115122,1770978599999,1023365.2720,3712,73338,651952.8570,0
1770978600000,8.8900,8.9090,8.8800,8.8960,61663,1770979499999,548474.6410,3174,33413,297183.2440,0
1770979500000,8.8960,8.9010,8.8790,8.8880,82941,1770980399999,737348.3040,2932,32408,288116.7430,0
1770980400000,8.8880,8.8920,8.8660,8.8730,62501,1770981299999,554838.9330,3386,22025,195529.8510,0
1770981300000,8.8730,8.8840,8.8670,8.8720,60465,1770982199999,536629.5250,2705,25774,228753.1240,0
1770982200000,8.8720,8.8780,8.8430,8.8680,189669,1770983099999,1680143.4260,4207,95668,847683.4480,0
1770983100000,8.8680,8.8790,8.8540,8.8690,79298,1770983999999,703219.6290,2689,39215,347778.4160,0
1770984000000,8.8680,8.8680,8.8250,8.8340,178151,1770984899999,1575164.1900,4852,53260,470861.9330,0
1770984900000,8.8330,8.8600,8.8310,8.8560,61043,1770985799999,540024.8450,2693,40980,362572.3020,0
1770985800000,8.8550,8.8620,8.8450,8.8520,40018,1770986699999,354317.5010,2395,20457,181129.6700,0
1770986700000,8.8510,8.8650,8.8430,8.8500,52329,1770987599999,463293.9320,2421,29208,258605.5690,0
1770987600000,8.8500,8.8730,8.8390,8.8590,101857,1770988499999,902052.2940,3895,52978,469257.5830,0
1770988500000,8.8580,8.9250,8.8570,8.9080,346515,1770989399999,3085455.7540,5086,266527,2373613.8410,0
1770989400000,8.9070,8.9570,8.8860,8.9010,492161,1770990299999,4388652.8440,9898,288648,2575107.8200,0
1770990300000,8.9000,8.9370,8.8910,8.9200,173786,1770991199999,1549155.1490,4733,118522,1056622.9700,0
1770991200000,8.9190,8.9270,8.8740,8.8790,247578,1770992099999,2201841.9910,5238,53153,473167.2200,0
1770992100000,8.8780,8.9240,8.8780,8.9190,154203,1770992999999,1373109.2060,3767,83744,745773.5220,0
1770993000000,8.9190,9.0110,8.9080,8.9650,750518,1770993899999,6723538.4430,15911,451130,4044149.6970,0
1770993900000,8.9660,9.0300,8.9620,8.9840,580502,1770994799999,5221792.3960,14170,289933,2608824.8890,0
1770994800000,8.9850,9.1270,8.9840,9.1020,848129,1770995699999,7676616.7130,18371,568911,5151281.5530,0
1770995700000,9.1020,9.1920,9.0780,9.1810,712202,1770996599999,6501335.1500,17145,376297,3436775.5020,0
1770996600000,9.1810,9.2160,9.1300,9.1300,559687,1770997499999,5137783.9490,14654,236958,2176261.8850,0
1770997500000,9.1300,9.1380,9.0720,9.1010,408409,1770998399999,3720358.1380,10993,145417,1325129.3000,0
1770998400000,9.1010,9.1660,9.0880,9.1640,406188,1770999299999,3710859.4290,12656,243326,2223154.1780,0
1770999300000,9.1630,9.2140,9.1460,9.2030,273172,1771000199999,2506978.9380,8169,149313,1370952.0100,0
1771000200000,9.2030,9.2470,9.1920,9.2160,309056,1771001099999,2849544.1590,8911,161570,1490107.4980,0
1771001100000,9.2160,9.2170,9.1790,9.1870,190290,1771001999999,1750535.0200,5876,65185,599933.4100,0
1771002000000,9.1860,9.1890,9.1400,9.1760,204351,1771002899999,1872700.7360,7568,81561,747602.0950,0
1771002900000,9.1750,9.2060,9.1640,9.1810,138914,1771003799999,1275926.9390,5201,77903,715549.2260,0
1771003800000,9.1820,9.1930,9.1730,9.1790,98309,1771004699999,902772.0700,4467,54221,497924.1230,0
1771004700000,9.1790,9.1900,9.1590,9.1610,91229,1771005599999,836702.3440,3954,42190,386982.2730,0
1771005600000,9.1610,9.1650,9.1280,9.1340,225371,1771006499999,2060944.4050,7239,88679,811023.7680,0
1771006500000,9.1340,9.1730,9.1280,9.1500,127410,1771007399999,1165630.8770,4493,67902,621393.6570,0
1771007400000,9.1500,9.1960,9.1440,9.1860,142574,1771008299999,1308423.8490,5103,94599,868244.9830,0
1771008300000,9.1850,9.1970,9.1700,9.1770,113904,1771009199999,1046059.0270,4334,43956,403681.4780,0
1771009200000,9.1770,9.2040,9.1660,9.1940,99081,1771010099999,909904.4550,4714,63529,583493.7690,0
1771010100000,9.1940,9.2010,9.1680,9.1680,87365,1771010999999,802832.5790,3432,45675,419865.2050,0
1771011000000,9.1690,9.1810,9.1620,9.1690,89122,1771011899999,817386.2160,3644,36336,333277.5470,0
1771011900000,9.1700,9.1960,9.1700,9.1770,53593,1771012799999,492143.8320,2772,31037,285023.3020,0
1771012800000,9.1780,9.1840,9.1570,9.1570,96638,1771013699999,886557.2630,5154,44852,411544.0440,0
1771013700000,9.1580,9.1850,9.1480,9.1720,110401,1771014599999,1012193.7940,3490,46640,427598.4160,0
1771014600000,9.1710,9.1890,9.1640,9.1820,101221,1771015499999,928874.2920,3863,68432,628006.3750,0
1771015500000,9.1810,9.2100,9.1800,9.2030,173047,1771016399999,1591559.8470,3936,81685,751297.4930,0
1771016400000,9.2020,9.2410,9.1990,9.2360,233876,1771017299999,2156835.6420,5988,118760,1095401.8880,0
1771017300000,9.2350,9.2360,9.2100,9.2100,118633,1771018199999,1094149.9970,3423,38326,353523.8120,0
1771018200000,9.2100,9.2210,9.2010,9.2180,54695,1771019099999,503749.6460,2639,24817,228582.4630,0
1771019100000,9.2190,9.2220,9.2010,9.2170,61993,1771019999999,571033.8490,2559,38185,351747.6370,0
1771020000000,9.2180,9.2450,9.1980,9.1990,216017,1771020899999,1991707.1040,5692,104939,968015.1340,0
1771020900000,9.1980,9.2130,9.1970,9.2070,80473,1771021799999,740769.4050,3634,30533,281073.2150,0
1771021800000,9.2080,9.2090,9.1760,9.1910,106961,1771022699999,983278.6330,3630,33864,311292.8100,0
1771022700000,9.1920,9.1990,9.1750,9.1930,44712,1771023599999,410789.0310,3229,19384,178072.7140,0
1771023600000,9.1930,9.1950,9.1650,9.1660,69507,1771024499999,637587.9960,3948,25931,237870.9660,0
1771024500000,9.1670,9.1850,9.1560,9.1610,68875,1771025399999,631186.3150,3797,20375,186747.9890,0
1771025400000,9.1620,9.1660,9.1340,9.1390,98306,1771026299999,899292.3590,4219,28589,261516.2400,0
1771026300000,9.1400,9.1570,9.1370,9.1390,102565,1771027199999,938101.9680,3183,47807,437296.5170,0
1771027200000,9.1390,9.1550,9.1170,9.1360,139996,1771028099999,1278903.0230,4936,64014,584950.9570,0
1771028100000,9.1360,9.1500,9.1280,9.1500,86752,1771028999999,792793.2460,3329,56449,515886.5420,0
1771029000000,9.1500,9.1850,9.1480,9.1830,101646,1771029899999,931448.3840,3645,67709,620422.7870,0
1771029900000,9.1840,9.2060,9.1760,9.1840,120926,1771030799999,1111168.1810,3445,74873,687970.8980,0
1771030800000,9.1840,9.1860,9.1600,9.1850,81105,1771031699999,743788.8810,3349,42430,389102.3010,0
1771031700000,9.1840,9.1950,9.1660,9.1800,84404,1771032599999,774774.8630,2912,41081,377085.0500,0
1771032600000,9.1790,9.1790,9.1570,9.1650,71754,1771033499999,657805.2720,2643,20319,186250.4030,0
1771033500000,9.1650,9.1770,9.1650,9.1750,34841,1771034399999,319487.1750,1730,23294,213594.7500,0
1771034400000,9.1750,9.1860,9.1630,9.1860,63411,1771035299999,581740.1120,2564,42606,390870.0470,0
1771035300000,9.1850,9.1860,9.1630,9.1690,42462,1771036199999,389475.4940,2295,17198,157756.1280,0
1771036200000,9.1680,9.1820,9.1630,9.1790,62158,1771037099999,570230.9100,2602,27552,252760.3940,0
1771037100000,9.1780,9.1880,9.1770,9.1810,50890,1771037999999,467229.5130,2112,35939,329957.8560,0
1771038000000,9.1800,9.1930,9.1730,9.1910,33141,1771038899999,304341.1180,2555,17523,160917.4980,0
1771038900000,9.1910,9.2010,9.1730,9.1920,53548,1771039799999,492064.1120,2249,27495,252684.0560,0
1771039800000,9.1910,9.2170,9.1910,9.2010,55034,1771040699999,506472.2150,2538,31938,293906.6960,0
1771040700000,9.2010,9.2090,9.1890,9.2070,51022,1771041599999,469344.4200,1801,20151,185391.5040,0
1771041600000,9.2060,9.2060,9.1840,9.1890,36936,1771042499999,339682.0150,2353,16836,154822.1210,0
1771042500000,9.1890,9.1950,9.1800,9.1930,26421,1771043399999,242732.9550,1889,13510,124122.3430,0
1771043400000,9.1930,9.1930,9.1770,9.1860,52336,1771044299999,480709.4050,2185,25146,230959.1530,0
1771044300000,9.1860,9.1860,9.1680,9.1700,34854,1771045199999,319854.9840,1657,15959,146474.6020,0
1771045200000,9.1700,9.1700,9.1420,9.1670,80031,1771046099999,732812.0400,3237,39365,360511.9020,0
1771046100000,9.1660,9.1870,9.1640,9.1770,117077,1771046999999,1074614.7160,2676,57388,526736.1110,0
1771047000000,9.1780,9.1780,9.1640,9.1740,39085,1771047899999,358499.5480,2002,21041,192995.7890,0
1771047900000,9.1730,9.1820,9.1590,9.1600,61406,1771048799999,562969.5410,2104,21107,193558.9620,0
1771048800000,9.1610,9.1660,9.1320,9.1380,105957,1771049699999,969309.3530,3065,38623,353276.7140,0
1771049700000,9.1380,9.1520,9.1360,9.1500,97057,1771050599999,887650.8210,2258,56226,514189.9800,0
1771050600000,9.1500,9.1630,9.1420,9.1560,45238,1771051499999,414068.4530,1878,27740,253922.3920,0
1771051500000,9.1560,9.1720,9.1480,9.1710,43134,1771052399999,395090.4020,1670,25513,233721.2230,0
1771052400000,9.1710,9.2050,9.1670,9.2050,57639,1771053299999,529812.1190,2694,29767,273574.5410,0
1771053300000,9.2050,9.2070,9.1890,9.1930,57613,1771054199999,529879.2890,2157,22901,210591.4040,0
1771054200000,9.1930,9.1960,9.1750,9.1900,77187,1771055099999,709036.8330,2938,48170,442499.4570,0
1771055100000,9.1900,9.2030,9.1760,9.1890,90253,1771055999999,829280.6660,3472,48889,449185.8560,0
1771056000000,9.1900,9.2410,9.1860,9.2250,240569,1771056899999,2216711.9730,7031,130683,1204375.1240,0
1771056900000,9.2260,9.2370,9.2160,9.2260,81129,1771057799999,748652.5610,3542,40546,374161.5390,0
1771057800000,9.2270,9.2770,9.2250,9.2680,219762,1771058699999,2034510.9290,5410,133062,1232062.4230,0
1771058700000,9.2680,9.2760,9.2410,9.2590,139949,1771059599999,1295845.7340,4174,48527,449410.5890,0
1771059600000,9.2590,9.2660,9.2290,9.2340,108140,1771060499999,999842.8260,4217,43818,405121.6420,0
1771060500000,9.2350,9.2560,9.2280,9.2390,77496,1771061399999,716089.5110,2849,27623,255298.1210,0
1771061400000,9.2390,9.2510,9.2330,9.2430,59735,1771062299999,552023.0140,2393,26755,247270.0420,0
1771062300000,9.2440,9.2540,9.2430,9.2490,47697,1771063199999,441119.7670,2088,25180,232885.0900,0
1771063200000,9.2500,9.2500,9.2190,9.2300,91920,1771064099999,848241.7520,3187,33318,307512.9360,0
1771064100000,9.2310,9.2430,9.2200,9.2290,51025,1771064999999,470918.7890,2112,27441,253254.8490,0
1771065000000,9.2290,9.2370,9.2230,9.2320,40710,1771065899999,375769.7100,1791,23133,213542.0260,0
1771065900000,9.2330,9.2460,9.2280,9.2430,35283,1771066799999,325906.6620,1703,22111,204241.9780,0
1771066800000,9.2440,9.3070,9.2410,9.2940,232608,1771067699999,2159222.3160,5669,159158,1477532.6750,0
1771067700000,9.2930,9.3540,9.2840,9.3380,323719,1771068599999,3018582.2530,8378,208237,1941759.4880,0
1771068600000,9.3390,9.3460,9.3170,9.3360,185870,1771069499999,1733938.1860,5660,94483,881500.1570,0
1771069500000,9.3370,9.3830,9.3340,9.3680,233927,1771070399999,2190637.5430,6273,168020,1573296.8790,0
1771070400000,9.3670,9.3820,9.3620,9.3810,126602,1771071299999,1186743.5260,5433,76716,719188.3870,0
1771071300000,9.3820,9.3910,9.3680,9.3810,139675,1771072199999,1309979.6820,4229,75493,708085.3990,0
1771072200000,9.3820,9.3830,9.3320,9.3410,235740,1771073099999,2205808.2390,6125,98062,917717.1970,0
1771073100000,9.3420,9.3450,9.2990,9.3000,228566,1771073999999,2129379.4600,5849,88407,823689.5930,0
1771074000000,9.2990,9.3030,9.2610,9.2860,171277,1771074899999,1589658.7670,6450,81580,757256.1680,0
1771074900000,9.2850,9.2910,9.2480,9.2600,171722,1771075799999,1590441.1710,4871,82264,761976.9700,0
1771075800000,9.2590,9.3090,9.2490,9.2820,252537,1771076699999,2344199.5160,5678,171671,1593773.7130,0
1771076700000,9.2810,9.3060,9.2770,9.2870,94944,1771077599999,881940.0480,3583,41815,388513.0370,0
1771077600000,9.2880,9.3120,9.2790,9.3090,99667,1771078499999,926757.6280,4027,60619,563685.9480,0
1771078500000,9.3100,9.3280,9.2980,9.3110,72340,1771079399999,673732.1520,3108,34041,317093.2830,0
1771079400000,9.3110,9.3520,9.3100,9.3290,153029,1771080299999,1427694.3960,3756,86563,807483.8650,0
1771080300000,9.3300,9.3860,9.3220,9.3710,163031,1771081199999,1526289.8910,4394,106408,996131.9960,0
1771081200000,9.3700,9.3710,9.3290,9.3310,173357,1771082099999,1620978.4900,5980,67641,632588.5760,0
1771082100000,9.3300,9.3730,9.3270,9.3570,132248,1771082999999,1237108.6760,4330,56428,527837.1730,0
1771083000000,9.3560,9.3710,9.3490,9.3670,114324,1771083899999,1070127.7000,3412,52507,491547.7190,0
1771083900000,9.3670,9.3810,9.3490,9.3790,127655,1771084799999,1195496.5130,3873,62138,582136.9130,0
1771084800000,9.3790,9.3830,9.3590,9.3630,117680,1771085699999,1102595.2490,5096,61754,578710.3660,0
1771085700000,9.3630,9.3690,9.3360,9.3590,126359,1771086599999,1181585.6810,5039,50143,468972.1360,0
1771086600000,9.3580,9.4280,9.3380,9.4220,179212,1771087499999,1681543.1120,5793,116283,1091416.3180,0
1771087500000,9.4210,9.4540,9.4040,9.4340,196535,1771088399999,1852605.5220,4954,139048,1310755.1450,0
1771088400000,9.4330,9.4420,9.4100,9.4330,183258,1771089299999,1726800.2820,5610,79384,748171.2700,0
1771089300000,9.4330,9.4880,9.4320,9.4810,190117,1771090199999,1800224.9210,5249,130990,1240426.2110,0
1771090200000,9.4820,9.4910,9.4460,9.4750,135373,1771091099999,1281624.7840,4502,75670,716398.9360,0
1771091100000,9.4760,9.4820,9.4590,9.4660,83759,1771091999999,793338.4480,3607,34268,324570.2090,0
1771092000000,9.4660,9.4790,9.4540,9.4720,85111,1771092899999,805742.9260,4008,41950,397140.4930,0
1771092900000,9.4720,9.5010,9.4670,9.4820,114269,1771093799999,1083913.4360,3866,69882,663059.3740,0
1771093800000,9.4810,9.5310,9.4790,9.5190,146487,1771094699999,1393030.5940,4459,94630,899922.7170,0
1771094700000,9.5190,9.5580,9.5190,9.5580,204385,1771095599999,1950383.7700,4846,119723,1142335.2580,0
1771095600000,9.5580,9.5800,9.5110,9.5190,246964,1771096499999,2356970.8980,6308,70242,670998.9120,0
1771096500000,9.5190,9.5590,9.4890,9.5520,150165,1771097399999,1430146.3170,4756,63014,600361.2210,0
1771097400000,9.5520,9.5850,9.5440,9.5750,100978,1771098299999,966006.7130,3536,62092,593968.7720,0
1771098300000,9.5740,9.6270,9.5680,9.6250,176574,1771099199999,1696185.6330,5242,116271,1116913.7140,0
1771099200000,9.6260,9.6500,9.5650,9.5700,229037,1771100099999,2201311.6440,7631,99316,954959.0680,0
1771100100000,9.5690,9.5900,9.5330,9.5630,171010,1771100999999,1636529.7470,5035,70070,670643.3420,0
1771101000000,9.5620,9.5750,9.5350,9.5650,129784,1771101899999,1240209.3540,3910,36686,350580.4150,0
1771101900000,9.5660,9.5960,9.5630,9.5910,90707,1771102799999,868819.1930,3177,59468,569632.9150,0
1771102800000,9.5900,9.6370,9.5890,9.6260,170248,1771103699999,1637214.4500,6378,93152,895784.1030,0
1771103700000,9.6260,9.6470,9.6040,9.6070,201320,1771104599999,1937648.3290,4938,68342,658076.3300,0
1771104600000,9.6070,9.6180,9.5550,9.5990,248934,1771105499999,2386500.8180,6473,87242,836442.8970,0
1771105500000,9.5990,9.6420,9.5940,9.6420,104932,1771106399999,1009144.8420,3595,66941,643826.0440,0
1771106400000,9.6420,9.7090,9.6280,9.7070,201185,1771107299999,1945452.5900,5942,118820,1148562.1740,0
1771107300000,9.7070,9.7130,9.6510,9.6620,210687,1771108199999,2039031.0630,5185,74504,721373.8220,0
1771108200000,9.6620,9.6900,9.6570,9.6670,89373,1771109099999,864348.4210,3480,42958,415400.5860,0
1771109100000,9.6670,9.6860,9.6370,9.6370,62987,1771109999999,608262.2290,2632,14440,139529.7430,0
1771110000000,9.6360,9.6410,9.6020,9.6140,107976,1771110899999,1038561.3400,5292,39066,375744.1620,0
1771110900000,9.6140,9.6360,9.5730,9.5880,140249,1771111799999,1345933.2510,4591,51799,497157.7500,0
1771111800000,9.5870,9.6000,9.5610,9.5780,64956,1771112699999,622473.4060,3094,35600,341144.7730,0
1771112700000,9.5780,9.5940,9.5740,9.5900,62901,1771113599999,602842.5890,2481,38921,373029.4270,0
1771113600000,9.5900,9.6180,9.5620,9.5680,207769,1771114499999,1992202.9500,6840,102486,982727.8210,0
1771114500000,9.5670,9.5960,9.5630,9.5660,86066,1771115399999,824277.1110,4284,45721,437955.4600,0
1771115400000,9.5650,9.5820,9.5430,9.5480,128516,1771116299999,1228400.7040,4381,53584,512071.6010,0
1771116300000,9.5480,9.5770,9.5290,9.5750,77459,1771117199999,739916.1490,3756,38093,364071.8930,0
1771117200000,9.5740,9.6360,9.5680,9.6040,133188,1771118099999,1279647.1080,5575,60243,578745.6610,0
1771118100000,9.6040,9.6050,9.5210,9.5370,176599,1771118999999,1687456.6470,5561,67855,648350.7740,0
1771119000000,9.5370,9.5660,9.5170,9.5360,152757,1771119899999,1457883.4000,5480,81083,774018.9660,0
1771119900000,9.5360,9.5720,9.5280,9.5670,63990,1771120799999,611080.0530,3405,34978,334103.8810,0
1771120800000,9.5660,9.6220,9.5360,9.5470,181756,1771121699999,1740225.1900,6466,66207,634393.3720,0
1771121700000,9.5480,9.5640,9.5240,9.5360,77802,1771122599999,742232.1940,3540,32740,312328.5910,0
1771122600000,9.5360,9.5610,9.4870,9.5390,167732,1771123499999,1597814.1720,5192,74869,713482.3070,0
1771123500000,9.5390,9.5710,9.5250,9.5460,74458,1771124399999,710834.9930,3395,38497,367431.3670,0
1771124400000,9.5460,9.5900,9.5460,9.5550,92355,1771125299999,883613.9260,4142,55089,527091.5220,0
1771125300000,9.5550,9.5810,9.5460,9.5460,66624,1771126199999,637039.0830,2819,31344,299777.4540,0
1771126200000,9.5450,9.5560,9.4720,9.4980,335392,1771127099999,3186228.9530,9227,139824,1327954.3670,0
1771127100000,9.4990,9.5960,9.4990,9.5920,223296,1771127999999,2134364.2640,5913,168725,1612218.1370,0
1771128000000,9.5920,9.6950,9.5870,9.6880,314023,1771128899999,3030124.6970,11364,194858,1880155.2180,0
1771128900000,9.6880,9.7080,9.5780,9.5900,273673,1771129799999,2633883.8670,8453,79928,769744.9250,0
1771129800000,9.5900,9.6390,9.5840,9.6320,109760,1771130699999,1055817.7060,5095,62344,599648.7860,0
1771130700000,9.6330,9.6660,9.6010,9.6130,256881,1771131599999,2474511.3450,5601,96326,928343.5110,0
1771131600000,9.6120,9.6480,9.6100,9.6420,95854,1771132499999,922881.6980,4530,57745,555961.7910,0
1771132500000,9.6420,9.6750,9.6380,9.6680,126545,1771133399999,1222165.3340,4450,67329,650338.7460,0
1771133400000,9.6680,9.6930,9.6520,9.6920,115700,1771134299999,1119444.1190,4762,57369,555097.6370,0
1771134300000,9.6920,9.7120,9.6740,9.6810,108896,1771135199999,1055400.8680,4840,51548,499731.8220,0
1771135200000,9.6810,9.6920,9.6510,9.6600,92619,1771136099999,895439.1630,4776,29005,280504.6710,0
1771136100000,9.6590,9.6900,9.6480,9.6680,75831,1771136999999,733278.9800,3553,39430,381379.1210,0
1771137000000,9.6690,9.6890,9.6410,9.6410,79239,1771137899999,766106.0660,3532,28262,273290.7450,0
1771137900000,9.6410,9.6450,9.6040,9.6310,112903,1771138799999,1086439.1950,3801,35269,339415.6960,0
1771138800000,9.6310,9.6770,9.6270,9.6700,93268,1771139699999,900018.5810,3778,54636,527130.3400,0
1771139700000,9.6700,9.7030,9.6700,9.6770,110828,1771140599999,1073218.0210,4661,48747,472057.1530,0
1771140600000,9.6770,9.7450,9.6640,9.6680,244448,1771141499999,2372480.7330,6650,108063,1049499.4330,0
1771141500000,9.6680,9.6940,9.6530,9.6930,286583,1771142399999,2772947.0780,4180,221997,2148459.2000,0
1771142400000,9.6940,9.7020,9.6570,9.6700,169740,1771143299999,1643180.6620,7077,73766,714165.5550,0
1771143300000,9.6710,9.6930,9.6200,9.6240,150239,1771144199999,1451980.5920,4822,60301,583435.4360,0
1771144200000,9.6250,9.6330,9.5220,9.5520,327421,1771145099999,3129908.8370,9037,140167,1339990.3010,0
1771145100000,9.5510,9.5840,9.5390,9.5760,96955,1771145999999,927310.7030,4114,59645,570578.8610,0
1771146000000,9.5760,9.6450,9.5630,9.6290,142559,1771146899999,1370720.0740,4940,97633,938716.3470,0
1771146900000,9.6290,9.6370,9.6030,9.6140,73784,1771147799999,709390.2960,3263,30871,296873.5170,0
1771147800000,9.6150,9.6250,9.5750,9.5970,99997,1771148699999,960248.8750,3757,35449,340270.4690,0
1771148700000,9.5970,9.6010,9.5660,9.5840,84702,1771149599999,811653.0800,3299,31558,302475.7960,0
1771149600000,9.5840,9.5910,9.5300,9.5420,142871,1771150499999,1364796.8080,5266,61227,584851.3770,0
1771150500000,9.5410,9.5520,9.5110,9.5380,133287,1771151399999,1270551.0250,4717,75583,720671.7940,0
1771151400000,9.5380,9.5430,9.5050,9.5420,143074,1771152299999,1362254.6030,4400,52002,495333.1070,0
1771152300000,9.5420,9.5620,9.5320,9.5460,111041,1771153199999,1060236.5440,4080,68871,657557.4540,0
1771153200000,9.5460,9.5660,9.5400,9.5410,45628,1771154099999,435837.8310,3293,18340,175206.2370,0
1771154100000,9.5410,9.5570,9.5170,9.5290,69378,1771154999999,661368.9920,2708,28947,275997.6740,0
1771155000000,9.5290,9.5350,9.5150,9.5290,56142,1771155899999,534856.0550,2982,30786,293289.8400,0
1771155900000,9.5290,9.5350,9.5140,9.5260,61114,1771156799999,582024.9360,3107,22907,218171.3310,0
1771156800000,9.5260,9.5360,9.4830,9.4990,189965,1771157699999,1805308.0600,6144,86571,822803.6440,0
1771157700000,9.4990,9.5400,9.4860,9.5190,128057,1771158599999,1217556.6690,4133,78950,750807.2640,0
1771158600000,9.5180,9.5250,9.4660,9.4860,123042,1771159499999,1168150.8140,4181,47837,454365.2190,0
1771159500000,9.4860,9.4870,9.3190,9.3230,720658,1771160399999,6771075.9330,15632,268927,2526506.0220,0
1771160400000,9.3240,9.4020,9.3240,9.3990,424403,1771161299999,3977820.1450,12237,265794,2490544.2730,0
1771161300000,9.3990,9.4110,9.3450,9.3520,241896,1771162199999,2270398.3270,6920,100181,940654.5210,0
1771162200000,9.3530,9.3650,9.3100,9.3190,400171,1771163099999,3735146.4940,9595,186303,1738980.1240,0
1771163100000,9.3190,9.3410,9.2690,9.2930,324408,1771163999999,3015630.3840,8310,145630,1354197.4530,0
1771164000000,9.2920,9.3350,9.2870,9.3100,315024,1771164899999,2933159.6920,8721,193520,1801957.6450,0
1771164900000,9.3110,9.3340,9.3090,9.3210,163788,1771165799999,1526279.0910,4425,110992,1034310.8960,0
1771165800000,9.3220,9.3680,9.3180,9.3640,186280,1771166699999,1741091.6610,5649,118029,1103211.5330,0
1771166700000,9.3650,9.3700,9.3520,9.3670,57260,1771167599999,536109.4920,3009,26171,245036.1240,0
1771167600000,9.3670,9.3940,9.3580,9.3910,128823,1771168499999,1208122.9160,5050,79173,742650.7160,0
1771168500000,9.3910,9.3910,9.3580,9.3590,92564,1771169399999,867678.8920,3626,21872,205037.0450,0
1771169400000,9.3580,9.3840,9.3480,9.3830,96201,1771170299999,901008.0200,3579,51052,478233.8040,0
1771170300000,9.3830,9.3900,9.3650,9.3790,87653,1771171199999,822073.7790,2885,55081,516612.0850,0
1771171200000,9.3790,9.3790,9.3100,9.3540,331884,1771172099999,3100356.7660,7626,120462,1124955.1090,0
1771172100000,9.3530,9.3630,9.3310,9.3590,105757,1771172999999,988340.5130,4134,57583,538130.0090,0
1771173000000,9.3590,9.3610,9.3320,9.3450,97750,1771173899999,913482.5080,3203,49405,461799.4440,0
1771173900000,9.3440,9.3610,9.3390,9.3560,56885,1771174799999,531962.2890,2371,40629,379950.8320,0
1771174800000,9.3570,9.3710,9.3510,9.3590,75929,1771175699999,710900.2070,3695,40551,379670.3370,0
1771175700000,9.3590,9.3610,9.3110,9.3240,141065,1771176599999,1316984.8250,3801,41076,383463.4560,0
1771176600000,9.3240,9.3380,9.2950,9.2970,206223,1771177499999,1921416.4370,5365,72939,679753.9450,0
1771177500000,9.2970,9.2970,9.1760,9.2500,834398,1771178399999,7699383.5390,17914,380728,3512689.8360,0
1771178400000,9.2500,9.2690,9.2110,9.2480,308469,1771179299999,2850670.7000,9360,148430,1372096.7000,0
1771179300000,9.2470,9.2660,9.2260,9.2290,173714,1771180199999,1606139.8720,5047,80536,745071.3300,0
1771180200000,9.2280,9.2320,9.1890,9.2180,273434,1771181099999,2518133.8290,6970,117088,1078152.7420,0
1771181100000,9.2180,9.2210,9.1590,9.1880,206352,1771181999999,1895574.0660,6279,69856,641704.2630,0
1771182000000,9.1870,9.1960,9.1310,9.1630,408940,1771182899999,3744707.7710,10935,187177,1714197.8150,0
1771182900000,9.1630,9.2290,9.1570,9.2220,254323,1771183799999,2339199.8450,5817,177229,1630595.5040,0
1771183800000,9.2230,9.2240,9.1470,9.1620,261145,1771184699999,2395656.8140,5965,82813,759036.5560,0
1771184700000,9.1620,9.1880,9.1550,9.1790,114187,1771185599999,1047839.6240,4111,62002,569005.6990,0
1771185600000,9.1780,9.1890,9.1420,9.1840,235240,1771186499999,2156314.6400,7225,103767,951383.3990,0
1771186500000,9.1840,9.2010,9.1560,9.1980,136099,1771187399999,1249710.9190,3957,82603,758660.6720,0
1771187400000,9.1980,9.2300,9.1910,9.2120,145738,1771188299999,1342913.0240,4108,83948,773522.8280,0
1771188300000,9.2110,9.2200,9.1950,9.2160,72716,1771189199999,669601.9330,2527,31632,291280.4110,0
1771189200000,9.2170,9.2490,9.2130,9.2370,125746,1771190099999,1161288.4930,4023,84091,776558.8360,0
1771190100000,9.2370,9.2530,9.2270,9.2470,105074,1771190999999,971069.5810,3167,53582,495231.9690,0
1771191000000,9.2480,9.2780,9.2360,9.2360,137362,1771191899999,1271347.1730,3809,63262,585729.3680,0
1771191900000,9.2360,9.2480,9.2230,9.2350,86887,1771192799999,802435.9280,2776,25177,232529.3930,0
1771192800000,9.2350,9.2640,9.2210,9.2480,102846,1771193699999,950595.5250,4081,38646,357334.3750,0
1771193700000,9.2490,9.2810,9.2410,9.2680,71458,1771194599999,661629.3870,2269,43752,405108.9350,0
1771194600000,9.2680,9.2990,9.2630,9.2810,83360,1771195499999,774091.0560,2531,47611,442158.5220,0
1771195500000,9.2810,9.2900,9.2680,9.2780,68065,1771196399999,631606.4790,2537,30510,283107.4290,0
1771196400000,9.2780,9.2800,9.2010,9.2150,217608,1771197299999,2008006.6550,5952,76566,706168.1250,0
1771197300000,9.2160,9.2400,9.2060,9.2350,87542,1771198199999,807241.1500,3460,53329,491819.6070,0
1771198200000,9.2360,9.2720,9.2360,9.2580,115193,1771199099999,1065768.8500,3403,59488,550384.7550,0
1771199100000,9.2590,9.2880,9.2580,9.2780,109408,1771199999999,1015145.1360,2733,72230,670205.2750,0
1771200000000,9.2780,9.3330,9.2630,9.3090,230851,1771200899999,2146490.7480,6053,140491,1306383.8520,0
1771200900000,9.3100,9.3350,9.2710,9.2770,178765,1771201799999,1661267.1370,4598,63242,587732.3430,0
1771201800000,9.2770,9.3050,9.2570,9.2570,93092,1771202699999,864112.5660,3518,39716,368749.9330,0
1771202700000,9.2580,9.2930,9.2490,9.2780,53511,1771203599999,496223.9100,2842,21705,201289.8410,0
1771203600000,9.2790,9.3300,9.2760,9.2900,120719,1771204499999,1123014.1840,4080,67517,627931.3830,0
1771204500000,9.2900,9.2990,9.2320,9.2470,110010,1771205399999,1019079.9680,3416,32669,302372.7290,0
1771205400000,9.2480,9.2620,9.2070,9.2300,167484,1771206299999,1546217.4550,4702,55679,513897.4930,0
1771206300000,9.2290,9.2460,9.2240,9.2410,78006,1771207199999,720243.7440,2860,50651,467689.8870,0
1771207200000,9.2410,9.2640,9.2220,9.2550,109462,1771208099999,1012317.6010,4177,64991,601118.9700,0
1771208100000,9.2540,9.2580,9.2080,9.2110,71868,1771208999999,663355.3050,3081,28449,262689.3260,0
1771209000000,9.2120,9.2330,9.2060,9.2210,68910,1771209899999,635472.6690,3258,36472,336348.6740,0
1771209900000,9.2220,9.2310,9.2020,9.2090,70342,1771210799999,647985.4890,3073,31197,287385.5880,0
1771210800000,9.2090,9.2300,9.2080,9.2190,85200,1771211699999,785442.8580,3633,48041,442852.1710,0
1771211700000,9.2190,9.2330,9.2000,9.2080,106497,1771212599999,981678.2290,3084,47541,438299.6080,0
1771212600000,9.2080,9.2230,9.2050,9.2200,107027,1771213499999,985937.1270,2961,62324,574178.3250,0
1771213500000,9.2200,9.2370,9.2110,9.2340,60997,1771214399999,562772.3530,2117,37575,346692.5090,0
1771214400000,9.2330,9.2680,9.2260,9.2620,82313,1771215299999,761554.5290,3144,53767,497391.3420,0
1771215300000,9.2630,9.2940,9.2600,9.2870,75150,1771216199999,697354.5550,2444,52167,484073.8960,0
1771216200000,9.2860,9.2940,9.2620,9.2630,73763,1771217099999,684461.1500,2748,35248,327131.1500,0
1771217100000,9.2630,9.3110,9.2560,9.3100,109937,1771217999999,1021200.2120,3009,76432,710185.1620,0
1771218000000,9.3110,9.3270,9.2350,9.2370,195653,1771218899999,1815392.7310,4724,69937,649484.8090,0
1771218900000,9.2370,9.2390,9.1920,9.2050,130880,1771219799999,1206181.1660,3331,37710,347586.4960,0
1771219800000,9.2040,9.2150,9.1750,9.1930,141879,1771220699999,1304296.8310,3549,54565,501583.9580,0
1771220700000,9.1920,9.2080,9.1890,9.1980,55916,1771221599999,514351.8480,2030,37103,341297.3230,0
1771221600000,9.1980,9.2250,9.1960,9.2050,81796,1771222499999,753627.2340,3018,51069,470525.4060,0
1771222500000,9.2040,9.2190,9.1910,9.2160,56419,1771223399999,519428.2820,2456,29447,271158.1350,0
1771223400000,9.2150,9.2700,9.2110,9.2640,108413,1771224299999,1003182.2500,3643,63785,590134.2250,0
1771224300000,9.2640,9.2680,9.2430,9.2560,59545,1771225199999,551020.5980,2300,34658,320716.8230,0
1771225200000,9.2560,9.2760,9.2350,9.2750,83007,1771226099999,768327.8120,3452,48187,446184.4560,0
1771226100000,9.2760,9.2950,9.2590,9.2650,77507,1771226999999,718998.4140,3083,38858,360505.3110,0
1771227000000,9.2650,9.2790,9.2270,9.2370,126302,1771227899999,1168489.2310,3708,48532,448999.2550,0
1771227900000,9.2380,9.2610,9.2380,9.2540,59669,1771228799999,551953.7220,2340,39097,361649.9100,0
1771228800000,9.2540,9.2840,9.2510,9.2630,106008,1771229699999,982860.3320,4049,55051,510394.1380,0
1771229700000,9.2620,9.2970,9.2610,9.2920,95853,1771230599999,889669.8530,2852,49709,461393.5970,0
1771230600000,9.2920,9.2960,9.2670,9.2730,89837,1771231499999,833463.7740,2738,31251,290022.7670,0
1771231500000,9.2730,9.2900,9.2690,9.2740,59666,1771232399999,553623.1660,2531,33578,311595.5860,0
1771232400000,9.2730,9.3260,9.2690,9.2990,153306,1771233299999,1426118.4700,4749,96241,895342.6630,0
1771233300000,9.2990,9.3160,9.2890,9.3120,72163,1771234199999,671328.8640,2722,43233,402239.8420,0
1771234200000,9.3120,9.3410,9.2940,9.3300,153898,1771235099999,1434770.6040,4024,90167,840762.2650,0
1771235100000,9.3300,9.3390,9.3160,9.3240,73375,1771235999999,684137.3980,2531,31187,290835.5410,0
1771236000000,9.3230,9.3230,9.2950,9.2990,142824,1771236899999,1329077.3760,3475,57130,531635.4030,0
1771236900000,9.3000,9.3040,9.2620,9.2780,97476,1771237799999,904670.4200,2879,40999,380485.9370,0
1771237800000,9.2770,9.2900,9.2640,9.2780,69722,1771238699999,646757.3730,2514,31583,292997.9910,0
1771238700000,9.2780,9.2860,9.2590,9.2650,73654,1771239599999,682776.8460,2228,23818,220818.9020,0
1771239600000,9.2660,9.2820,9.1990,9.2150,180760,1771240499999,1669464.5480,5404,62160,574188.6400,0
1771240500000,9.2140,9.2430,9.1650,9.2390,287291,1771241399999,2642772.5500,6362,144326,1328486.4060,0
1771241400000,9.2380,9.2400,9.2210,9.2280,110414,1771242299999,1019143.3310,3349,64940,599414.5520,0
1771242300000,9.2270,9.2850,9.2270,9.2650,135946,1771243199999,1258558.6520,3200,92989,860912.3110,0
1771243200000,9.2650,9.2830,9.2610,9.2760,86490,1771244099999,802080.1960,3011,54575,506156.1180,0
1771244100000,9.2760,9.3580,9.2570,9.3430,284729,1771244999999,2652901.0420,6528,183513,1710412.0480,0
1771245000000,9.3430,9.3510,9.3150,9.3370,534127,1771245899999,4983768.0420,8094,167961,1567419.4780,0
1771245900000,9.3360,9.3800,9.3220,9.3640,254192,1771246799999,2379113.6900,6943,155864,1458739.6450,0
1771246800000,9.3640,9.4150,9.3400,9.3410,299409,1771247699999,2808374.1460,8361,135516,1271918.5460,0
1771247700000,9.3420,9.3650,9.2260,9.2490,407586,1771248599999,3788133.5700,8944,132888,1235260.4310,0
1771248600000,9.2480,9.2860,9.2080,9.2440,397034,1771249499999,3672204.1950,9695,208606,1929956.3010,0
1771249500000,9.2450,9.2500,9.1870,9.2040,266806,1771250399999,2457887.8430,6899,120892,1114172.3380,0
1771250400000,9.2040,9.2380,9.1940,9.2190,178521,1771251299999,1645726.3170,6731,92307,851247.8420,0
1771251300000,9.2190,9.2390,9.1540,9.1720,228868,1771252199999,2105059.9040,6631,99448,915404.4700,0
1771252200000,9.1720,9.2460,9.1660,9.2300,229323,1771253099999,2114455.5680,6584,125590,1157954.1730,0
1771253100000,9.2310,9.2660,9.2070,9.2210,185191,1771253999999,1709273.4520,5379,89951,830658.5210,0
1771254000000,9.2210,9.2570,9.2030,9.2070,166521,1771254899999,1538064.1960,6266,83526,771675.4250,0
1771254900000,9.2080,9.2160,9.1830,9.1920,165673,1771255799999,1524547.4920,5574,66610,613039.7180,0
1771255800000,9.1920,9.1920,9.0370,9.0830,1109578,1771256699999,10081911.6760,24470,390960,3550923.4190,0
1771256700000,9.0830,9.1020,9.0630,9.0790,237720,1771257599999,2158996.4130,7906,94554,859011.0350,0
1771257600000,9.0790,9.1320,9.0480,9.1040,610993,1771258499999,5553739.0090,12174,308363,2803635.5640,0
1771258500000,9.1030,9.1290,9.0730,9.1150,224904,1771259399999,2047090.3870,6888,107927,982326.6230,0
1771259400000,9.1140,9.1300,9.0750,9.1300,219602,1771260299999,1997700.0470,6390,91403,831731.6820,0
1771260300000,9.1310,9.1390,9.1170,9.1350,141502,1771261199999,1291577.0500,4766,73752,673183.2130,0
1771261200000,9.1340,9.1520,9.1140,9.1310,190176,1771262099999,1737138.4400,5642,100092,914638.3420,0
1771262100000,9.1310,9.1660,9.1050,9.1590,140712,1771262999999,1285346.2250,4350,79413,725905.6970,0
1771263000000,9.1580,9.1800,9.1480,9.1710,146039,1771263899999,1338208.6190,4817,87552,802197.6650,0
1771263900000,9.1700,9.1700,9.1430,9.1480,101998,1771264799999,933622.7310,3215,33023,302272.5130,0
1771264800000,9.1480,9.1720,9.1480,9.1600,97576,1771265699999,894068.0960,3734,48802,447172.7770,0
1771265700000,9.1600,9.1750,9.1390,9.1450,81087,1771266599999,742750.0730,3282,34502,316095.5530,0
1771266600000,9.1450,9.1500,9.1320,9.1370,87831,1771267499999,802825.1860,2738,40573,370849.0850,0
1771267500000,9.1380,9.1510,9.1200,9.1240,80413,1771268399999,734277.0520,2757,32569,297430.7040,0
1771268400000,9.1250,9.1420,9.1240,9.1400,60573,1771269299999,553166.5890,3214,33223,303419.1970,0
1771269300000,9.1400,9.1470,9.1100,9.1360,97712,1771270199999,892393.6220,2864,50722,463335.6610,0
1771270200000,9.1360,9.1630,9.1320,9.1530,134079,1771271099999,1226962.8250,3267,89628,820203.4040,0
1771271100000,9.1520,9.1550,9.1340,9.1390,61258,1771271999999,560173.5690,1900,22616,206809.0930,0
1771272000000,9.1390,9.1410,9.1100,9.1190,84766,1771272899999,773360.7350,3225,41837,381624.4410,0
1771272900000,9.1190,9.1690,9.1110,9.1690,129006,1771273799999,1178921.9650,3197,81157,741805.1470,0
1771273800000,9.1690,9.1860,9.1620,9.1750,135034,1771274699999,1238557.8500,3488,93211,854930.1590,0
1771274700000,9.1740,9.2150,9.1680,9.2010,167539,1771275599999,1540831.4800,4335,108383,996875.1170,0
1771275600000,9.2010,9.2270,9.1770,9.2270,170989,1771276499999,1572681.8290,4851,103259,950083.0900,0
1771276500000,9.2270,9.2420,9.2130,9.2210,123491,1771277399999,1139803.4790,3784,80062,738990.3010,0
1771277400000,9.2200,9.2390,9.2110,9.2310,72871,1771278299999,672112.1890,3124,31573,291220.2910,0
1771278300000,9.2300,9.2780,9.2200,9.2710,140095,1771279199999,1295915.7160,4065,97124,898763.0150,0
1771279200000,9.2700,9.3060,9.2620,9.2630,256061,1771280099999,2376622.8840,6034,159933,1484740.1600,0
1771280100000,9.2630,9.2760,9.2530,9.2750,161931,1771280999999,1500656.6800,3043,77739,720357.3010,0
1771281000000,9.2740,9.2860,9.2520,9.2820,204957,1771281899999,1899739.7130,3398,73767,683898.5810,0
1771281900000,9.2820,9.2820,9.2510,9.2610,85204,1771282799999,789465.2550,2555,27574,255467.4180,0
1771282800000,9.2610,9.2700,9.2510,9.2630,88703,1771283699999,821383.3150,4026,43571,403456.4390,0
1771283700000,9.2630,9.2790,9.2520,9.2530,54533,1771284599999,505188.1750,2496,25077,232326.9880,0
1771284600000,9.2540,9.2620,9.2450,9.2450,101484,1771285499999,938992.9370,2353,60718,561758.6560,0
1771285500000,9.2460,9.2730,9.2460,9.2550,67642,1771286399999,626432.8040,2373,41217,381665.4050,0
1771286400000,9.2550,9.2670,9.2450,9.2630,129967,1771287299999,1202971.4780,3876,48015,444479.9820,0
1771287300000,9.2620,9.2700,9.2440,9.2610,52789,1771288199999,488760.4690,2359,34504,319489.0600,0
1771288200000,9.2600,9.2640,9.2350,9.2410,74809,1771289099999,692000.9970,2552,37723,348951.7980,0
1771289100000,9.2400,9.2700,9.2340,9.2410,79730,1771289999999,737457.7330,2815,30055,278130.0540,0
1771290000000,9.2410,9.2730,9.2350,9.2520,117105,1771290899999,1083200.2240,3616,62955,582429.5160,0
1771290900000,9.2510,9.2570,9.2400,9.2450,45939,1771291799999,424964.5120,2195,19021,175942.7990,0
1771291800000,9.2450,9.2600,9.2380,9.2420,57676,1771292699999,533364.6940,2165,25374,234653.2020,0
1771292700000,9.2410,9.2490,9.2090,9.2200,87779,1771293599999,810018.3220,2881,43121,398043.2380,0
1771293600000,9.2190,9.2820,9.1770,9.2650,286318,1771294499999,2640387.6930,7170,154272,1423878.2070,0
1771294500000,9.2650,9.2820,9.2610,9.2750,67687,1771295399999,627493.0080,2725,46311,429338.2130,0
1771295400000,9.2740,9.2830,9.2610,9.2800,65824,1771296299999,610319.7590,2548,36539,338823.0410,0
1771296300000,9.2800,9.2930,9.2720,9.2760,67592,1771297199999,627602.3650,2550,39655,368197.8620,0
1771297200000,9.2760,9.2760,9.2370,9.2470,107269,1771298099999,992841.5760,3342,34023,314789.8880,0
1771298100000,9.2460,9.2540,9.2320,9.2440,60854,1771298999999,562571.1820,2272,18939,175073.2790,0
1771299000000,9.2430,9.2430,9.2210,9.2330,58031,1771299899999,535635.8050,2321,24068,222182.3460,0
1771299900000,9.2320,9.2340,9.2150,9.2170,64850,1771300799999,598160.3250,2282,22017,203068.9130,0
1771300800000,9.2160,9.2170,9.1920,9.2090,82461,1771301699999,759526.2660,2855,45396,418169.7340,0
1771301700000,9.2100,9.2440,9.1990,9.2350,83401,1771302599999,769590.3420,2524,56558,521950.7340,0
1771302600000,9.2340,9.2340,9.1830,9.2280,77201,1771303499999,710456.5400,3032,30130,277116.7940,0
1771303500000,9.2280,9.2400,9.2160,9.2240,51336,1771304399999,473753.3720,1974,27611,254840.2110,0
1771304400000,9.2240,9.2290,9.2040,9.2080,65882,1771305299999,607334.2820,2625,20638,190255.3210,0
1771305300000,9.2080,9.2100,9.1580,9.1650,156050,1771306199999,1431627.5320,4153,42466,389569.5910,0
1771306200000,9.1640,9.1750,9.1280,9.1630,170631,1771307099999,1560662.2880,5520,64145,586873.6020,0
1771307100000,9.1620,9.1750,9.1550,9.1610,64410,1771307999999,590183.0140,2861,37970,347922.6300,0
1771308000000,9.1620,9.1900,9.1590,9.1730,75555,1771308899999,693456.8590,2938,41296,379046.3040,0
1771308900000,9.1740,9.2000,9.1680,9.1940,41792,1771309799999,383622.1400,2173,21083,193529.5390,0
1771309800000,9.1940,9.2020,9.1800,9.2000,45207,1771310699999,415427.9700,1720,30833,283316.2460,0
1771310700000,9.2000,9.2040,9.1860,9.1930,37419,1771311599999,344102.1050,1675,19750,181626.5120,0
1771311600000,9.1920,9.1950,9.1750,9.1780,44208,1771312499999,406065.2030,2513,17290,158822.6620,0
1771312500000,9.1770,9.1870,9.1650,9.1690,51320,1771313399999,470758.4380,1970,18311,167985.4590,0
1771313400000,9.1690,9.2030,9.1620,9.2030,95927,1771314299999,881359.7510,2607,67599,621327.8020,0
1771314300000,9.2030,9.2130,9.1870,9.1940,115637,1771315199999,1064067.7490,2833,56487,519689.3800,0
1771315200000,9.1940,9.2150,9.1900,9.1980,75644,1771316099999,696195.5950,3725,37375,343972.6770,0
1771316100000,9.1980,9.2030,9.1820,9.1820,48691,1771316999999,447632.8380,2359,15800,145238.4950,0
1771317000000,9.1810,9.1950,9.1510,9.1670,127352,1771317899999,1167860.0170,3665,48558,445287.7540,0
1771317900000,9.1670,9.1710,9.1470,9.1500,60426,1771318799999,553303.0590,2701,25914,237337.8640,0
1771318800000,9.1500,9.1650,9.1230,9.1280,108487,1771319699999,991898.1520,4451,37214,340286.5850,0
1771319700000,9.1290,9.1390,9.1160,9.1250,82371,1771320599999,751881.2550,3320,42365,386702.8540,0
1771320600000,9.1250,9.1270,9.1030,9.1170,95810,1771321499999,873476.0500,3507,38164,347935.0160,0
1771321500000,9.1170,9.1340,9.1150,9.1290,69672,1771322399999,635690.1450,2818,42850,390949.5160,0
1771322400000,9.1290,9.1290,9.0980,9.1030,87004,1771323299999,793250.5970,3661,46169,421008.4310,0
1771323300000,9.1030,9.1030,9.0520,9.0590,238285,1771324199999,2160965.2860,6180,98734,895234.0050,0
1771324200000,9.0590,9.0790,9.0550,9.0690,109892,1771325099999,996436.9240,3762,52901,479712.6590,0
1771325100000,9.0700,9.0800,9.0650,9.0790,74483,1771325999999,675764.7810,2633,49645,450401.6130,0
1771326000000,9.0800,9.1090,9.0650,9.1070,102759,1771326899999,933934.4540,3883,62441,567608.0660,0
1771326900000,9.1070,9.1240,9.0900,9.1110,110969,1771327799999,1010204.4630,3053,65847,599437.8080,0
1771327800000,9.1110,9.1170,9.0920,9.1030,39886,1771328699999,363155.4330,2140,15933,145081.2300,0
1771328700000,9.1030,9.1150,9.0920,9.1070,56844,1771329599999,517560.7720,2673,25813,235037.9280,0
1771329600000,9.1080,9.1360,9.1010,9.1210,128778,1771330499999,1174489.0250,4309,88372,805993.4370,0
1771330500000,9.1210,9.1400,9.1120,9.1350,51124,1771331399999,466560.6730,2631,29888,272777.6720,0
1771331400000,9.1360,9.1780,9.1310,9.1610,182776,1771332299999,1673913.1280,4124,128608,1177818.0040,0
1771332300000,9.1620,9.1660,9.1290,9.1430,130307,1771333199999,1192016.0290,3397,45886,419843.0770,0
1771333200000,9.1420,9.1960,9.1220,9.1900,180163,1771334099999,1651072.1380,5308,120145,1101531.5060,0
1771334100000,9.1910,9.2230,9.1730,9.1860,175928,1771334999999,1617887.8790,4754,104222,958689.4630,0
1771335000000,9.1860,9.1860,9.1600,9.1680,78516,1771335899999,720194.2430,2878,32791,300778.9900,0
1771335900000,9.1680,9.2240,9.1630,9.1990,201968,1771336799999,1857608.7700,5392,117685,1082588.4060,0
1771336800000,9.1980,9.2260,9.1770,9.2010,129405,1771337699999,1190223.6660,5942,62268,572844.2730,0
1771337700000,9.2010,9.2070,9.1860,9.1870,67849,1771338599999,623972.0320,3268,35296,324654.7170,0
1771338600000,9.1870,9.2230,9.0560,9.0850,618166,1771339499999,5646439.1330,13956,221086,2022621.3190,0
1771339500000,9.0850,9.0850,9.0010,9.0350,607856,1771340399999,5494835.6070,15601,300192,2714227.1590,0
1771340400000,9.0350,9.0960,9.0130,9.0610,422126,1771341299999,3821102.6380,12926,226592,2052059.7260,0
1771341300000,9.0610,9.1070,9.0290,9.0470,227157,1771342199999,2062093.8610,8443,111329,1011146.5300,0
1771342200000,9.0480,9.0690,8.9980,9.0130,444906,1771343099999,4018115.6320,11934,169582,1531978.4040,0
1771343100000,9.0140,9.0850,9.0130,9.0770,264755,1771343999999,2395888.3180,7679,149739,1355508.3860,0
1771344000000,9.0780,9.1870,9.0730,9.1680,506324,1771344899999,4634411.6530,14243,326549,2988511.8990,0
1771344900000,9.1680,9.2150,9.1420,9.1460,304990,1771345799999,2800162.6360,8970,138138,1268947.1460,0
1771345800000,9.1460,9.2950,9.1420,9.2090,554009,1771346699999,5118824.2250,12953,346770,3205170.3890,0
1771346700000,9.2090,9.2140,9.1390,9.1430,211789,1771347599999,1943788.8000,7889,72599,666599.0420,0
1771347600000,9.1440,9.1680,9.0540,9.0820,383783,1771348499999,3495044.9170,10429,123703,1127284.3530,0
1771348500000,9.0820,9.1340,9.0790,9.1320,152811,1771349399999,1391490.5650,5886,97703,889734.2490,0
1771349400000,9.1330,9.1360,9.0530,9.0550,201874,1771350299999,1834409.9840,6548,91329,830104.6960,0
1771350300000,9.0540,9.0880,9.0330,9.0710,218816,1771351199999,1982096.7420,6606,120464,1091459.7070,0
1771351200000,9.0720,9.1070,9.0610,9.0970,126245,1771352099999,1146562.6720,4845,95048,863233.4940,0
1771352100000,9.0970,9.1930,9.0780,9.1860,403318,1771352999999,3685698.1190,7758,236681,2163826.5690,0
1771353000000,9.1860,9.2460,9.1630,9.2210,273739,1771353899999,2520949.2800,7373,164628,1516442.0330,0
1771353900000,9.2210,9.2520,9.2110,9.2230,169637,1771354799999,1565621.2960,5856,93250,860797.6450,0
1771354800000,9.2230,9.2470,9.2140,9.2390,120942,1771355699999,1115843.3390,6010,69161,638130.7710,0
1771355700000,9.2380,9.2460,9.1930,9.1980,149279,1771356599999,1376238.9290,5014,60965,562322.1270,0
1771356600000,9.1980,9.2040,9.1670,9.2010,137293,1771357499999,1261347.9000,4242,55032,505717.2240,0
1771357500000,9.2010,9.2200,9.1680,9.1740,98024,1771358399999,900414.4810,3565,46217,424666.2640,0
1771358400000,9.1740,9.1880,9.1540,9.1640,92221,1771359299999,845583.2470,4136,44051,403951.2220,0
1771359300000,9.1650,9.1730,9.1370,9.1630,108417,1771360199999,992353.2300,3677,52560,481255.7970,0
1771360200000,9.1620,9.1830,9.1260,9.1750,106635,1771361099999,975434.5920,4270,47752,437061.0710,0
1771361100000,9.1740,9.1790,9.1540,9.1560,65518,1771361999999,600422.6440,3009,36710,336442.5730,0
1771362000000,9.1570,9.1860,9.1490,9.1810,95526,1771362899999,875773.5830,4155,60750,557073.3960,0
1771362900000,9.1800,9.1900,9.1440,9.1480,69287,1771363799999,635011.3090,2570,32726,300019.4230,0
1771363800000,9.1480,9.1590,9.1360,9.1580,87213,1771364699999,797373.7170,2508,38665,353616.8790,0
1771364700000,9.1590,9.1720,9.1520,9.1670,42107,1771365599999,385753.1950,1536,32286,295793.6710,0
1771365600000,9.1660,9.1710,9.1490,9.1630,71883,1771366499999,658339.8180,2218,40214,368258.1310,0
1771366500000,9.1640,9.1720,9.1520,9.1690,51349,1771367399999,470551.2560,1673,36051,330383.9870,0
1771367400000,9.1690,9.1950,9.1640,9.1830,73141,1771368299999,671396.7620,2249,42166,387057.5050,0
1771368300000,9.1840,9.1850,9.1490,9.1540,35295,1771369199999,323587.3980,1850,16640,152586.2920,0
1771369200000,9.1540,9.1690,9.1330,9.1450,129509,1771370099999,1184675.1720,3356,42840,391881.0750,0
1771370100000,9.1450,9.1600,9.1370,9.1410,86218,1771370999999,788891.5890,2384,45409,415484.8490,0
1771371000000,9.1410,9.1450,9.1230,9.1440,115190,1771371899999,1052392.9080,2843,42731,390453.5720,0
1771371900000,9.1450,9.1470,9.1290,9.1360,87387,1771372799999,798514.7180,2303,44347,405239.8630,0
1771372800000,9.1360,9.1470,9.1260,9.1310,113331,1771373699999,1035471.7270,3921,55116,503633.7810,0
1771373700000,9.1310,9.1440,9.1150,9.1190,96553,1771374599999,881564.8260,2988,46301,422755.6560,0
1771374600000,9.1190,9.1440,9.1180,9.1240,55856,1771375499999,510080.5090,2288,35438,323655.5240,0
1771375500000,9.1240,9.1240,9.1020,9.1040,106045,1771376399999,966210.4590,3281,51966,473507.7660,0
1771376400000,9.1040,9.1140,9.0710,9.0880,120234,1771377299999,1093066.0800,4482,46679,424442.3750,0
1771377300000,9.0880,9.1070,9.0850,9.0910,108273,1771378199999,984887.7580,2976,66423,604261.2500,0
1771378200000,9.0900,9.0920,9.0610,9.0920,114611,1771379099999,1040309.1970,3789,52332,475138.9230,0
1771379100000,9.0910,9.1030,9.0820,9.0990,76462,1771379999999,695378.2680,2756,52335,475977.3490,0
1771380000000,9.1000,9.1620,9.0980,9.1420,159709,1771380899999,1459258.2160,4287,105965,968128.3350,0
1771380900000,9.1410,9.1490,9.1200,9.1230,60859,1771381799999,555903.5500,2532,25891,236497.3630,0
1771381800000,9.1220,9.1450,9.1120,9.1300,76993,1771382699999,702955.7300,3352,37208,339734.2270,0
1771382700000,9.1300,9.1330,9.1040,9.1070,90259,1771383599999,822796.0090,2481,21209,193356.8520,0
1771383600000,9.1070,9.1190,9.0920,9.1040,98381,1771384499999,895777.5950,2973,43675,397672.8300,0
1771384500000,9.1030,9.1240,9.1020,9.1190,62161,1771385399999,566447.4850,2363,43347,394980.6950,0
1771385400000,9.1190,9.1300,9.1100,9.1160,83863,1771386299999,764797.2440,2681,43089,393013.7430,0
1771386300000,9.1150,9.1190,9.1040,9.1050,70029,1771387199999,637963.0850,2078,22101,201337.2380,0
1771387200000,9.1050,9.1160,9.0900,9.0970,116138,1771388099999,1056714.4010,3997,52122,474319.3630,0
1771388100000,9.0970,9.1140,9.0820,9.0840,76450,1771388999999,695454.0710,2701,29677,270024.4270,0
1771389000000,9.0840,9.0910,9.0660,9.0700,111119,1771389899999,1009048.7320,3247,48966,444654.8910,0
1771389900000,9.0700,9.0870,9.0640,9.0720,71538,1771390799999,649011.5380,2991,49007,444623.6520,0
1771390800000,9.0710,9.0750,9.0460,9.0600,85375,1771391699999,773364.8450,3414,36571,331224.7420,0
1771391700000,9.0590,9.0810,9.0500,9.0530,93753,1771392599999,849983.4600,3100,40939,371261.0670,0
1771392600000,9.0540,9.0560,9.0390,9.0500,63281,1771393499999,572575.4610,2674,28828,260861.7470,0
1771393500000,9.0490,9.0670,9.0290,9.0330,143539,1771394399999,1299066.5250,3256,77299,699860.1710,0
1771394400000,9.0320,9.0600,9.0310,9.0540,116372,1771395299999,1052566.9610,3519,75749,685237.2470,0
1771395300000,9.0530,9.0660,9.0420,9.0660,62070,1771396199999,561984.4680,2540,35492,321411.6290,0
1771396200000,9.0650,9.0790,9.0590,9.0710,48991,1771397099999,444239.6790,2645,33608,304753.2830,0
1771397100000,9.0710,9.0860,9.0510,9.0560,53737,1771397999999,487353.9320,2322,25482,231201.1430,0
1771398000000,9.0560,9.0700,9.0520,9.0560,41618,1771398899999,377131.4380,2615,20810,188584.4180,0
1771398900000,9.0550,9.0680,9.0500,9.0680,41505,1771399799999,375974.7470,2051,22490,203747.0730,0
1771399800000,9.0680,9.1230,9.0670,9.1120,135105,1771400699999,1229167.0290,3923,86793,789476.3400,0
1771400700000,9.1120,9.1430,9.1030,9.1240,139177,1771401599999,1270702.4460,4050,73442,670598.5460,0
1771401600000,9.1240,9.1530,9.1220,9.1340,125966,1771402499999,1150986.4980,5186,57694,527229.8910,0
1771402500000,9.1340,9.2060,9.1320,9.1800,237865,1771403399999,2182158.6980,5671,118425,1086493.8690,0
1771403400000,9.1800,9.1890,9.1440,9.1460,128276,1771404299999,1175360.1580,3912,29176,267405.7590,0
1771404300000,9.1460,9.1570,9.1280,9.1350,126328,1771405199999,1154669.1490,3777,43669,399181.0720,0
1771405200000,9.1360,9.1410,9.1180,9.1260,61928,1771406099999,565310.4750,2881,33502,305854.3800,0
1771406100000,9.1260,9.1310,9.1180,9.1240,58399,1771406999999,532953.8150,2079,25153,229539.7280,0
1771407000000,9.1250,9.1410,9.1220,9.1320,49409,1771407899999,451265.5680,1753,34231,312643.1610,0
1771407900000,9.1320,9.1360,9.1100,9.1150,67827,1771408799999,618614.1230,1935,25019,228172.6840,0
1771408800000,9.1150,9.1440,9.1080,9.1360,88610,1771409699999,808224.0100,2828,47399,432485.6430,0
1771409700000,9.1370,9.1380,9.1100,9.1180,104136,1771410599999,950074.9800,2656,48468,442099.1920,0
1771410600000,9.1190,9.1190,9.0820,9.0860,108082,1771411499999,983264.3140,3589,36534,332386.1020,0
1771411500000,9.0860,9.0940,9.0780,9.0870,86249,1771412399999,783686.9660,3253,54792,497865.9020,0
1771412400000,9.0870,9.0980,8.9900,9.0440,356597,1771413299999,3219191.8370,8130,140431,1268807.9830,0
1771413300000,9.0440,9.0590,9.0360,9.0510,127950,1771414199999,1157621.8960,4789,82748,748692.1060,0
1771414200000,9.0520,9.0610,9.0370,9.0510,106370,1771415099999,962652.1720,3924,51903,469739.7330,0
1771415100000,9.0510,9.0650,9.0280,9.0340,73671,1771415999999,666705.1040,2907,43520,393913.5660,0
1771416000000,9.0350,9.0640,9.0320,9.0430,142257,1771416899999,1286621.2690,4678,63814,577217.7530,0
1771416900000,9.0440,9.0530,9.0290,9.0480,87272,1771417799999,789245.0930,2902,54686,494532.8280,0
1771417800000,9.0490,9.0530,9.0090,9.0500,213640,1771418699999,1929380.5520,4814,117349,1060229.8240,0
1771418700000,9.0500,9.0610,9.0370,9.0410,91005,1771419599999,823815.2330,2715,49570,448819.4440,0
1771419600000,9.0420,9.0530,9.0260,9.0470,97354,1771420499999,880357.0630,3734,41938,379202.2860,0
1771420500000,9.0480,9.0590,9.0310,9.0470,73091,1771421399999,661111.9420,2926,37980,343579.2320,0
1771421400000,9.0470,9.0490,9.0090,9.0160,138911,1771422299999,1254410.3930,4157,57153,516087.3210,0
1771422300000,9.0170,9.0210,8.9610,8.9860,313994,1771423199999,2821398.1420,7508,123994,1114145.4300,0
1771423200000,8.9860,9.0000,8.9740,8.9940,130244,1771424099999,1170792.3230,4498,67293,604977.6450,0
1771424100000,8.9940,9.0000,8.9670,8.9670,231899,1771424999999,2084095.7860,3975,150785,1355225.8860,0
1771425000000,8.9680,9.0210,8.9570,8.9920,328702,1771425899999,2955568.1750,12273,161613,1453444.5350,0
1771425900000,8.9920,9.0220,8.9340,9.0130,353739,1771426799999,3176089.0010,8738,169093,1519354.4700,0
1771426800000,9.0120,9.0760,9.0080,9.0600,349180,1771427699999,3157219.7900,7945,253877,2295056.1910,0
1771427700000,9.0600,9.0750,9.0450,9.0570,159193,1771428599999,1442560.0180,4748,77450,701930.0400,0
1771428600000,9.0570,9.2000,9.0550,9.1690,567154,1771429499999,5187663.7680,10644,379787,3472786.1850,0
1771429500000,9.1690,9.1730,9.1050,9.1110,284419,1771430399999,2600890.1900,6713,95574,874416.4390,0
1771430400000,9.1120,9.1170,9.0170,9.0290,366997,1771431299999,3324939.5240,9934,115388,1044943.5020,0
1771431300000,9.0290,9.0590,9.0180,9.0470,207049,1771432199999,1871488.2700,5992,135331,1223428.1770,0
1771432200000,9.0480,9.0550,9.0090,9.0370,155946,1771433099999,1408459.7550,5091,74583,673728.7090,0
1771433100000,9.0370,9.0440,9.0090,9.0280,98213,1771433999999,886274.9800,4389,49100,443113.1060,0
1771434000000,9.0280,9.1090,9.0270,9.0620,275376,1771434899999,2499224.5660,6632,162242,1472439.7760,0
1771434900000,9.0610,9.0730,9.0290,9.0300,132337,1771435799999,1197455.1850,4079,54060,489430.4460,0
1771435800000,9.0300,9.0450,9.0160,9.0210,91032,1771436699999,822044.6780,3364,42796,386471.6170,0
1771436700000,9.0220,9.0320,9.0100,9.0140,72072,1771437599999,650045.9620,3161,41003,369855.2060,0
1771437600000,9.0150,9.0260,8.9950,9.0020,104863,1771438499999,944554.7730,3981,49662,447429.8980,0
1771438500000,9.0010,9.0140,8.9080,8.9620,469711,1771439399999,4206102.3640,10149,203878,1826684.2270,0
1771439400000,8.9620,8.9780,8.9010,8.9080,372003,1771440299999,3323564.9050,8066,162256,1450061.5380,0
1771440300000,8.9090,8.9460,8.9050,8.9180,322242,1771441199999,2875552.1030,7155,196122,1750257.9700,0
1771441200000,8.9180,8.9490,8.9070,8.9180,166778,1771442099999,1489290.4560,5686,93515,835216.6600,0
1771442100000,8.9180,8.9320,8.8900,8.9020,257348,1771442999999,2292532.8490,6856,118661,1057228.5920,0
1771443000000,8.9010,8.9070,8.8140,8.8560,690330,1771443899999,6117345.9280,11920,247761,2194841.5420,0
1771443900000,8.8550,8.8810,8.8340,8.8740,360501,1771444799999,3192996.1960,8274,154424,1368242.7760,0
1771444800000,8.8740,8.8840,8.8550,8.8670,260795,1771445699999,2313415.9900,7796,131333,1165091.8950,0
1771445700000,8.8670,8.8720,8.8500,8.8540,119639,1771446599999,1060140.0630,5219,45253,400999.2130,0
1771446600000,8.8540,8.9040,8.8520,8.8940,168310,1771447499999,1495565.5660,5173,105433,936917.7830,0
1771447500000,8.8940,8.9130,8.8600,8.8690,169959,1771448399999,1509970.9710,4596,66810,593931.5360,0
1771448400000,8.8700,8.8790,8.8420,8.8550,149876,1771449299999,1327527.3140,4643,75249,666641.1820,0
1771449300000,8.8550,8.8980,8.8520,8.8970,82520,1771450199999,732383.8120,2585,61619,546933.6500,0
1771450200000,8.8960,8.8990,8.8770,8.8840,76974,1771451099999,684174.4590,2787,38545,342599.6630,0
1771451100000,8.8840,8.8860,8.8430,8.8470,190872,1771451999999,1690380.9880,3358,60760,538007.3450,0
1771452000000,8.8480,8.8500,8.7940,8.8170,245529,1771452899999,2166694.2510,5859,62312,549927.4820,0
1771452900000,8.8180,8.8310,8.8030,8.8160,102441,1771453799999,903355.9320,3239,43711,385401.3650,0
1771453800000,8.8160,8.8580,8.8160,8.8420,163965,1771454699999,1449593.7100,2916,123170,1089009.9410,0
1771454700000,8.8420,8.8610,8.8380,8.8440,57973,1771455599999,513110.1390,2221,35520,314447.0330,0
1771455600000,8.8450,8.8500,8.8300,8.8450,65916,1771456499999,582713.1020,3117,22425,198239.3490,0
1771456500000,8.8460,8.8500,8.8290,8.8330,57226,1771457399999,505829.8950,2218,31718,280373.8550,0
1771457400000,8.8340,8.8540,8.8340,8.8440,54369,1771458299999,480916.6370,2162,27021,239019.2150,0
1771458300000,8.8440,8.8560,8.8370,8.8520,44218,1771459199999,391170.0400,1977,16171,143072.6500,0
1771459200000,8.8530,8.8620,8.8380,8.8430,92347,1771460099999,817283.5680,3208,49172,435219.1770,0
1771460100000,8.8440,8.8620,8.8330,8.8450,49927,1771460999999,441700.2470,2391,24694,218460.6090,0
1771461000000,8.8450,8.8640,8.8380,8.8580,61824,1771461899999,547138.2320,2126,33209,293941.1570,0
1771461900000,8.8580,8.8630,8.8270,8.8340,81664,1771462799999,721982.0250,2585,29683,262462.8750,0
1771462800000,8.8340,8.8950,8.8340,8.8710,198430,1771463699999,1758969.2870,4817,120680,1069696.9810,0
1771463700000,8.8710,8.8740,8.8410,8.8610,76058,1771464599999,673849.9330,2557,25701,227739.2670,0
1771464600000,8.8620,8.8900,8.8490,8.8880,103952,1771465499999,922151.2000,3102,65685,582805.7150,0
1771465500000,8.8870,8.9060,8.8830,8.9060,104970,1771466399999,933727.2930,2440,69082,614503.6690,0
1771466400000,8.9060,8.9130,8.8940,8.9010,69813,1771467299999,621509.0200,2472,32467,289055.2390,0
1771467300000,8.9020,8.9160,8.8970,8.9160,49079,1771468199999,437187.5950,1821,21908,195191.3190,0
1771468200000,8.9160,8.9160,8.8630,8.8700,115940,1771469099999,1029926.7000,2758,22960,203974.2170,0
1771469100000,8.8700,8.8970,8.8670,8.8900,80633,1771469999999,715892.8080,2111,38600,342805.0930,0
1771470000000,8.8900,8.9050,8.8810,8.8870,92295,1771470899999,820611.6440,2703,44607,396628.8920,0
1771470900000,8.8870,8.9190,8.8850,8.9190,35836,1771471799999,319014.5680,1872,18494,164637.2050,0
1771471800000,8.9200,8.9200,8.8910,8.9010,113626,1771472699999,1011950.7380,2637,39622,352956.4490,0
1771472700000,8.9010,8.9130,8.8870,8.9070,105655,1771473599999,940129.0320,2445,33163,295212.3810,0
1771473600000,8.9080,8.9350,8.9050,8.9180,100209,1771474499999,894016.4780,2986,60655,541171.0750,0
1771474500000,8.9180,8.9200,8.9000,8.9030,60853,1771475399999,542197.9660,2294,12274,109350.1510,0
1771475400000,8.9030,8.9190,8.8980,8.8980,47422,1771476299999,422579.5440,2322,23099,205860.5360,0
1771476300000,8.8990,8.9090,8.8910,8.8920,39748,1771477199999,353709.8210,1854,12627,112389.7140,0
1771477200000,8.8930,8.8990,8.8730,8.8780,71770,1771478099999,637576.6400,2999,22531,200174.1470,0
1771478100000,8.8780,8.8900,8.8320,8.8430,134976,1771478999999,1195275.9270,3477,33369,295647.6050,0
1771479000000,8.8440,8.8620,8.8330,8.8510,68942,1771479899999,610223.4680,2343,35134,310988.3120,0
1771479900000,8.8510,8.8700,8.8420,8.8650,61020,1771480799999,540607.4510,2026,38894,344664.0150,0
1771480800000,8.8650,8.8990,8.8630,8.8930,88545,1771481699999,786628.6110,2720,56974,506159.3000,0
1771481700000,8.8940,8.9180,8.8840,8.9170,90263,1771482599999,803458.6790,2559,54380,484046.1550,0
1771482600000,8.9180,8.9260,8.8880,8.8950,109396,1771483499999,974301.3700,2640,44374,395419.9860,0
1771483500000,8.8960,8.9120,8.8910,8.9030,40731,1771484399999,362635.0340,1753,20920,186280.9630,0
1771484400000,8.9030,8.9040,8.8770,8.8920,93828,1771485299999,834190.1190,2752,37090,329805.2040,0
1771485300000,8.8920,8.9070,8.8880,8.9020,33102,1771486199999,294498.5340,1716,18901,168154.3210,0
1771486200000,8.9030,8.9190,8.8850,8.8940,86219,1771487099999,767668.9540,2926,40377,359612.1040,0
1771487100000,8.8950,8.9070,8.8860,8.8980,53154,1771487999999,472902.1220,2548,25862,230121.2160,0
1771488000000,8.8980,8.8980,8.8680,8.8700,117971,1771488899999,1047879.0970,4168,33197,294903.8150,0
1771488900000,8.8710,8.8790,8.8390,8.8420,107855,1771489799999,955172.2160,3458,38552,341607.8160,0
1771489800000,8.8420,8.8430,8.7970,8.8140,191195,1771490699999,1685434.9820,4549,60285,531491.1000,0
1771490700000,8.8140,8.8300,8.8050,8.8270,69162,1771491599999,610095.7570,2443,53806,474672.2910,0
1771491600000,8.8280,8.8410,8.8140,8.8220,150477,1771492499999,1328156.8310,4635,67985,600127.0980,0
1771492500000,8.8230,8.8650,8.8170,8.8530,97171,1771493399999,859204.4130,2982,62445,552213.0710,0
1771493400000,8.8540,8.8600,8.8390,8.8590,61206,1771494299999,541683.1670,2302,37616,332906.1310,0
1771494300000,8.8600,8.8610,8.8150,8.8240,108487,1771495199999,958455.8530,3182,38100,336692.2990,0
1771495200000,8.8240,8.8300,8.7970,8.8200,135165,1771496099999,1191499.2050,5191,64716,570614.9790,0
1771496100000,8.8200,8.8460,8.8190,8.8320,82338,1771496999999,727510.0020,2517,53156,469753.8270,0
1771497000000,8.8320,8.8480,8.8230,8.8370,95232,1771497899999,841460.8540,2530,62711,554072.6650,0
1771497900000,8.8370,8.8510,8.8130,8.8200,104574,1771498799999,923638.6070,2989,58062,512945.9580,0
1771498800000,8.8200,8.8290,8.8150,8.8280,105447,1771499699999,930245.8700,3036,43708,385601.8020,0
1771499700000,8.8290,8.8360,8.8140,8.8140,45380,1771500599999,400579.4300,2020,17328,152986.3230,0
1771500600000,8.8140,8.8180,8.7940,8.8040,112493,1771501499999,990414.5740,3060,41060,361500.0450,0
1771501500000,8.8040,8.8080,8.7780,8.7870,149559,1771502399999,1314515.1430,3910,52717,463408.1940,0
1771502400000,8.7870,8.7980,8.7720,8.7920,123436,1771503299999,1084418.6330,4999,74369,653406.5460,0
1771503300000,8.7910,8.8130,8.7810,8.8110,68127,1771504199999,599374.9640,3313,40849,359451.4690,0
1771504200000,8.8110,8.8150,8.7880,8.8000,97791,1771505099999,861085.1790,3855,52153,459287.5810,0
1771505100000,8.7990,8.8060,8.7860,8.7880,58565,1771505999999,515059.6320,3427,32045,281810.6570,0
1771506000000,8.7890,8.7940,8.7350,8.7670,303645,1771506899999,2659408.8760,7698,100150,877146.6720,0
1771506900000,8.7670,8.7750,8.7420,8.7450,144452,1771507799999,1265705.2280,4671,90497,793067.2040,0
1771507800000,8.7450,8.7650,8.6670,8.6810,401060,1771508699999,3492636.4730,9627,125057,1089491.9610,0
1771508700000,8.6800,8.7110,8.6530,8.6980,330779,1771509599999,2872434.3320,8020,197704,1717041.3160,0
1771509600000,8.6980,8.7180,8.6830,8.7100,268064,1771510499999,2332149.1250,6586,155019,1348830.7660,0
1771510500000,8.7100,8.7450,8.6860,8.7320,217630,1771511399999,1897661.9510,5123,142572,1243322.3920,0
1771511400000,8.7310,8.7720,8.6920,8.7570,402212,1771512299999,3512408.7370,13448,218550,1909311.8790,0
1771512300000,8.7570,8.8040,8.7370,8.7780,266739,1771513199999,2340449.9390,8467,146415,1284929.2130,0
1771513200000,8.7780,8.8110,8.7510,8.7830,563372,1771514099999,4945004.1140,10633,252550,2217131.1640,0
1771514100000,8.7830,8.8500,8.7830,8.8060,389639,1771514999999,3436845.7880,9442,226558,1999057.0200,0
1771515000000,8.8070,8.8510,8.7930,8.8440,204213,1771515899999,1802080.7350,6774,130813,1154481.1660,0
1771515900000,8.8450,8.8600,8.7980,8.8150,226915,1771516799999,2002057.2510,6041,111257,982071.9150,0
1771516800000,8.8140,8.8180,8.7330,8.7750,290733,1771517699999,2549205.4480,8661,120094,1053161.3950,0
1771517700000,8.7760,8.8230,8.7710,8.7840,178993,1771518599999,1574684.4760,5885,119763,1053643.6500,0
1771518600000,8.7850,8.9000,8.7850,8.8710,422573,1771519499999,3744493.9610,9105,251245,2225295.5600,0
1771519500000,8.8700,8.8770,8.8200,8.8340,328117,1771520399999,2900919.0400,8083,149770,1324093.6700,0
1771520400000,8.8340,8.8820,8.8220,8.8730,202958,1771521299999,1795434.1530,6696,122108,1080366.6960,0
1771521300000,8.8730,8.9370,8.8460,8.8480,352660,1771522199999,3136605.9340,9327,180170,1603594.1860,0
1771522200000,8.8490,8.8590,8.8180,8.8270,177393,1771523099999,1567634.3810,5295,88152,778934.2810,0
1771523100000,8.8270,8.8360,8.7700,8.7970,275736,1771523999999,2426436.2560,6412,133201,1172034.4480,0
1771524000000,8.7980,8.8460,8.7830,8.8370,196713,1771524899999,1734094.8130,6007,131336,1158010.3520,0
1771524900000,8.8370,8.8820,8.8110,8.8800,231520,1771525799999,2049225.6490,5775,145122,1285195.6880,0
1771525800000,8.8800,8.9020,8.8530,8.8950,176517,1771526699999,1566882.3600,5431,103837,922071.9240,0
1771526700000,8.8940,8.9090,8.8690,8.8890,146097,1771527599999,1298556.2810,5017,58429,519473.8530,0
1771527600000,8.8890,8.9120,8.8700,8.8810,161635,1771528499999,1436087.0780,6218,80417,714560.1010,0
1771528500000,8.8810,8.8910,8.8540,8.8590,107951,1771529399999,957625.4060,3859,42598,377935.1250,0
1771529400000,8.8600,8.8650,8.8240,8.8510,122070,1771530299999,1079632.9980,4195,53361,471938.4220,0
1771530300000,8.8510,8.8940,8.8380,8.8830,142719,1771531199999,1266298.6110,4210,102284,907431.6790,0
1771531200000,8.8820,8.9080,8.8680,8.8840,139381,1771532099999,1238389.0810,5247,84188,748086.5520,0
1771532100000,8.8840,8.8850,8.8610,8.8790,78185,1771532999999,693782.3640,3239,28791,255521.9000,0
1771533000000,8.8780,8.8930,8.8680,8.8800,70204,1771533899999,623490.9030,3139,39242,348568.8240,0
1771533900000,8.8800,8.9220,8.8800,8.8950,150715,1771534799999,1341309.6140,3822,84218,749669.8890,0
1771534800000,8.8940,8.9030,8.8840,8.8880,69168,1771535699999,615179.1290,3169,39401,350454.2950,0
1771535700000,8.8880,8.9030,8.8860,8.8990,65092,1771536599999,578901.1390,2524,45811,407421.6650,0
1771536600000,8.8980,8.9130,8.8910,8.9010,72181,1771537499999,642664.2790,2756,38574,343438.6830,0
1771537500000,8.9020,8.9100,8.8830,8.8900,101580,1771538399999,903798.4750,3110,48737,433700.5020,0
1771538400000,8.8910,8.9010,8.8770,8.8980,116226,1771539299999,1032897.2990,4489,54579,485161.1840,0
1771539300000,8.8970,8.8990,8.8680,8.8690,67023,1771540199999,595248.2680,2692,32434,288053.9370,0
1771540200000,8.8700,8.8710,8.8520,8.8710,88077,1771541099999,780444.2320,2726,33272,294813.2220,0
1771541100000,8.8700,8.8980,8.8630,8.8960,53633,1771541999999,476281.0220,2534,32813,291451.4670,0
1771542000000,8.8960,8.9160,8.8860,8.8950,84625,1771542899999,753276.6500,4112,52332,465826.8650,0
1771542900000,8.8960,8.9060,8.8920,8.9030,63996,1771543799999,569527.0670,2315,30920,275185.1250,0
1771543800000,8.9020,8.9130,8.8900,8.9050,77412,1771544699999,689137.0570,2656,42974,382575.4340,0
1771544700000,8.9050,8.9070,8.8890,8.8960,57154,1771545599999,508459.0770,2074,21650,192609.1750,0
1771545600000,8.8950,8.9120,8.8850,8.9100,99194,1771546499999,882230.9150,3625,51165,455068.7510,0
1771546500000,8.9110,8.9670,8.9070,8.9560,234199,1771547399999,2092607.8170,6089,155291,1387943.6500,0
1771547400000,8.9560,8.9640,8.9270,8.9310,151528,1771548299999,1354669.6540,4965,61491,549869.9310,0
1771548300000,8.9320,8.9470,8.9270,8.9350,44276,1771549199999,395724.7840,3073,25100,224344.8660,0
1771549200000,8.9350,8.9490,8.9270,8.9400,93766,1771550099999,838087.5730,3821,48752,435742.0600,0
1771550100000,8.9390,8.9390,8.9130,8.9190,132780,1771550999999,1185038.8200,3680,51227,457181.3890,0
1771551000000,8.9190,8.9380,8.9160,8.9350,83983,1771551899999,749764.4870,3556,54797,489240.0890,0
1771551900000,8.9340,8.9350,8.9110,8.9300,62442,1771552799999,557071.5670,2937,28850,257376.4890,0
1771552800000,8.9300,8.9500,8.9200,8.9330,64799,1771553699999,579156.5880,4050,32354,289213.1310,0
1771553700000,8.9330,8.9360,8.9160,8.9220,52761,1771554599999,470986.6170,2336,9418,84077.2860,0
1771554600000,8.9220,8.9440,8.9210,8.9420,35912,1771555499999,320784.0720,1795,24089,215179.8770,0
1771555500000,8.9420,8.9430,8.9190,8.9260,46321,1771556399999,413831.8250,2058,24398,218019.1700,0
1771556400000,8.9260,8.9380,8.9220,8.9260,48073,1771557299999,429284.9060,2114,22311,199244.9850,0
1771557300000,8.9260,8.9600,8.9220,8.9490,70775,1771558199999,633193.5460,2356,48524,434136.1110,0
1771558200000,8.9490,8.9540,8.9320,8.9370,88334,1771559099999,789876.4060,2606,50925,455355.0980,0
1771559100000,8.9370,8.9430,8.9340,8.9370,26758,1771559999999,239183.1240,1521,11271,100743.7520,0
1771560000000,8.9370,8.9420,8.9190,8.9350,86444,1771560899999,772003.0780,3206,42317,377955.9940,0
1771560900000,8.9360,8.9440,8.8760,8.8940,193314,1771561799999,1720433.0860,4359,66397,591042.7810,0
1771561800000,8.8930,8.9360,8.8840,8.9350,74737,1771562699999,666455.6270,2523,34680,309220.9740,0
1771562700000,8.9340,8.9360,8.9090,8.9190,60024,1771563599999,535504.6450,2359,30544,272440.0840,0
1771563600000,8.9190,8.9250,8.9010,8.9130,57257,1771564499999,510306.2310,2692,34314,305808.3960,0
1771564500000,8.9130,8.9370,8.9020,8.9340,64898,1771565399999,578798.7590,2729,44048,392796.3180,0
1771565400000,8.9340,9.0070,8.9340,9.0030,344219,1771566299999,3091550.1660,6916,222846,2001188.8880,0
1771566300000,9.0020,9.0320,8.9950,9.0000,271106,1771567199999,2442741.8290,5722,121787,1097586.6600,0
1771567200000,9.0000,9.0200,8.9930,9.0100,114090,1771568099999,1027609.5260,3927,62822,565950.9800,0
1771568100000,9.0100,9.0190,8.9930,9.0000,67866,1771568999999,611107.7140,2912,27114,244205.1630,0
1771569000000,8.9990,9.0260,8.9880,9.0210,154573,1771569899999,1393038.0590,3503,108090,974202.2070,0
1771569900000,9.0210,9.0810,9.0200,9.0770,263730,1771570799999,2389685.3400,5781,193094,1749609.5700,0
1771570800000,9.0770,9.1500,9.0770,9.1460,366651,1771571699999,3340985.3390,9340,276358,2518083.1160,0
1771571700000,9.1460,9.1780,9.1410,9.1610,288442,1771572599999,2641173.9640,8750,195108,1786567.8890,0
1771572600000,9.1610,9.2880,9.1590,9.2060,1061551,1771573499999,9798162.5600,24372,636371,5873817.6610,0
1771573500000,9.2060,9.2430,9.1580,9.1960,303615,1771574399999,2792263.1910,7576,148519,1366814.3750,0
1771574400000,9.1960,9.2490,9.1900,9.2310,364478,1771575299999,3361099.1310,9056,199775,1841935.8820,0
1771575300000,9.2300,9.2650,9.2230,9.2440,228010,1771576199999,2108362.0420,5728,95515,883226.0240,0
1771576200000,9.2430,9.2550,9.2330,9.2440,145494,1771577099999,1344900.4390,4624,59175,546994.4450,0
1771577100000,9.2430,9.2690,9.2180,9.2180,151751,1771577999999,1403730.9220,5047,74785,691963.3260,0
1771578000000,9.2180,9.3090,9.2170,9.3070,630307,1771578899999,5843127.3810,10819,444521,4120594.7020,0
1771578900000,9.3070,9.3290,9.2330,9.2340,342503,1771579799999,3185265.5500,7696,205134,1908852.0590,0
1771579800000,9.2340,9.2670,9.2270,9.2660,224662,1771580699999,2077323.6130,6175,127016,1174270.4190,0
1771580700000,9.2650,9.2880,9.2640,9.2830,91201,1771581599999,845900.5940,4038,48652,451262.4870,0
1771581600000,9.2820,9.3360,9.2780,9.3290,259172,1771582499999,2412668.3430,8684,168740,1570824.7970,0
1771582500000,9.3290,9.3610,9.3060,9.3170,277272,1771583399999,2588812.8120,8580,132939,1241543.5440,0
1771583400000,9.3170,9.3370,9.2530,9.2540,222524,1771584299999,2069080.8060,6888,59493,553547.3320,0
1771584300000,9.2550,9.2560,9.2180,9.2300,264207,1771585199999,2440000.2090,7524,72395,668635.1030,0
1771585200000,9.2310,9.2340,9.1520,9.1630,401057,1771586099999,3683503.0590,9022,131583,1208300.9580,0
1771586100000,9.1630,9.1730,9.1360,9.1540,256401,1771586999999,2347678.7660,5703,70750,647783.2590,0
1771587000000,9.1540,9.1630,9.0960,9.1020,231740,1771587899999,2115574.4110,6549,97252,888470.5300,0
1771587900000,9.1010,9.1290,9.0950,9.1110,183152,1771588799999,1669172.0400,5856,124336,1133236.9740,0
1771588800000,9.1110,9.1220,9.1050,9.1150,123912,1771589699999,1129319.8840,6261,70725,644636.8200,0
1771589700000,9.1150,9.1250,9.0800,9.0960,122141,1771590599999,1111969.5770,4854,49511,450762.6910,0
1771590600000,9.0960,9.1040,9.0860,9.0940,97982,1771591499999,891156.8710,3219,49913,453956.9710,0
1771591500000,9.0950,9.1240,9.0930,9.0980,126113,1771592399999,1148309.3710,3487,81598,743065.5910,0
1771592400000,9.0980,9.1230,9.0600,9.1010,244685,1771593299999,2223861.3950,6415,119326,1084429.3030,0
1771593300000,9.1020,9.1110,9.0360,9.0570,273020,1771594199999,2477156.5690,5738,84286,764995.9020,0
1771594200000,9.0580,9.0590,8.9220,8.9500,747187,1771595099999,6698470.8950,17289,281145,2519150.7250,0
1771595100000,8.9500,8.9980,8.9340,8.9720,318121,1771595999999,2852923.5680,8109,172831,1550255.5170,0
1771596000000,8.9720,9.0120,8.9660,9.0000,200486,1771596899999,1802725.9890,7456,123022,1106269.3970,0
1771596900000,9.0000,9.0200,8.9760,9.0000,232895,1771597799999,2095688.2710,6999,97603,878544.4670,0
1771597800000,8.9990,9.0600,8.9810,9.0350,324747,1771598699999,2930235.1030,11326,180838,1632149.1240,0
1771598700000,9.0350,9.0440,9.0070,9.0200,176645,1771599599999,1594384.4450,6414,67974,613600.0290,0
1771599600000,9.0210,9.1900,9.0160,9.0520,856740,1771600499999,7807105.1220,24530,459771,4189850.9310,0
1771600500000,9.0520,9.1610,9.0300,9.1510,419874,1771601399999,3823793.1360,13315,249026,2268446.1800,0
1771601400000,9.1510,9.1630,9.0670,9.0970,348926,1771602299999,3178810.5650,11775,144601,1317566.5760,0
1771602300000,9.0960,9.1750,9.0860,9.1730,323019,1771603199999,2949355.4680,8858,180097,1644752.4830,0
1771603200000,9.1730,9.2180,9.1640,9.1820,425594,1771604099999,3911775.4530,13421,222910,2048671.2760,0
1771604100000,9.1820,9.2430,9.1390,9.1410,387062,1771604999999,3557279.9340,11030,178675,1643284.0400,0
1771605000000,9.1400,9.1400,9.0960,9.1150,261754,1771605899999,2388039.4950,8232,75488,688662.2360,0
1771605900000,9.1150,9.1710,9.1030,9.1560,179872,1771606799999,1643620.1090,6088,107588,983413.8110,0
1771606800000,9.1560,9.1620,9.0230,9.0230,368834,1771607699999,3354454.1070,9597,115054,1046865.6730,0
1771607700000,9.0230,9.0350,8.9970,9.0200,352298,1771608599999,3176672.8190,9673,176343,1590116.7150,0
1771608600000,9.0200,9.0850,9.0080,9.0750,270059,1771609499999,2442347.1920,7558,148707,1345468.4960,0
1771609500000,9.0740,9.1540,9.0640,9.1480,433817,1771610399999,3951564.7690,11159,241358,2198692.0630,0
1771610400000,9.1470,9.1580,9.1100,9.1180,257742,1771611299999,2354213.9070,8208,103594,946561.9860,0
1771611300000,9.1180,9.1330,9.0890,9.1300,205667,1771612199999,1874188.0910,6177,96096,876001.2320,0
1771612200000,9.1290,9.1740,9.0850,9.1350,337217,1771613099999,3079735.2120,10447,163953,1497801.7360,0
1771613100000,9.1350,9.1640,9.1160,9.1350,200930,1771613999999,1835997.9010,6188,96970,886313.6420,0
1771614000000,9.1350,9.1510,9.1010,9.1050,150766,1771614899999,1374901.2350,5022,54394,496093.8060,0
1771614900000,9.1060,9.1310,9.0980,9.1120,121672,1771615799999,1109281.7830,3816,64487,587954.1330,0
1771615800000,9.1120,9.1530,9.1120,9.1260,100109,1771616699999,914340.3330,3690,56536,516425.5660,0
1771616700000,9.1270,9.1480,9.1120,9.1470,125315,1771617599999,1144190.6650,3751,74874,683771.6610,0
1771617600000,9.1460,9.1600,9.1300,9.1500,118464,1771618499999,1083359.7420,5944,57492,525791.2710,0
1771618500000,9.1490,9.1510,9.1080,9.1110,71566,1771619399999,653117.5930,3265,20653,188513.1940,0
1771619400000,9.1120,9.1360,9.0900,9.1350,97289,1771620299999,886409.5680,3958,38184,348002.5450,0
1771620300000,9.1350,9.1420,9.1150,9.1300,65806,1771621199999,600738.9560,2952,28149,256986.8470,0
1771621200000,9.1310,9.1500,9.1220,9.1400,99964,1771622099999,913232.4610,4301,57581,526052.0230,0
1771622100000,9.1390,9.1390,9.1120,9.1130,65123,1771622999999,594241.2970,2800,23374,213274.2510,0
1771623000000,9.1120,9.1450,9.1100,9.1420,96851,1771623899999,883900.1200,2988,54651,498867.9220,0
1771623900000,9.1410,9.1550,9.1340,9.1480,58065,1771624799999,531037.0880,2138,38162,349011.1950,0
1771624800000,9.1470,9.1520,9.1170,9.1250,88136,1771625699999,804992.2900,3962,33413,305198.4070,0
1771625700000,9.1250,9.1640,9.1160,9.1550,87220,1771626599999,797515.6660,3356,62865,574858.4600,0
1771626600000,9.1550,9.1660,9.1310,9.1370,79272,1771627499999,725160.1800,3063,26606,243485.0880,0
1771627500000,9.1380,9.1520,9.1330,9.1460,37160,1771628399999,339827.9320,2288,18735,171302.7450,0
1771628400000,9.1460,9.1590,9.1410,9.1410,49049,1771629299999,448806.3070,2707,32185,294496.1570,0
1771629300000,9.1420,9.1560,9.1310,9.1530,73588,1771630199999,673012.8090,2557,37789,345671.9200,0
1771630200000,9.1530,9.1640,9.1410,9.1460,77980,1771631099999,713766.3180,2462,50437,461722.1490,0
1771631100000,9.1460,9.1720,9.1390,9.1650,169666,1771631999999,1553334.7500,3479,96871,887011.3360,0
1771632000000,9.1640,9.1730,9.1540,9.1600,90753,1771632899999,831382.3530,3321,46756,428330.9890,0
1771632900000,9.1600,9.1690,9.1510,9.1530,65927,1771633799999,603979.3870,2243,26240,240406.5220,0
1771633800000,9.1520,9.1520,9.1240,9.1260,93318,1771634699999,852386.2420,2718,31989,292138.7250,0
1771634700000,9.1260,9.1340,9.1150,9.1330,58675,1771635599999,535355.2000,1992,29327,267587.1630,0
1771635600000,9.1330,9.1380,9.1240,9.1270,57081,1771636499999,521159.8180,3191,23315,212879.6800,0
1771636500000,9.1270,9.1320,9.1180,9.1210,42494,1771637399999,387744.6320,1719,17599,160590.5420,0
1771637400000,9.1200,9.1480,9.1170,9.1420,87713,1771638299999,801222.3050,2573,60098,549004.1990,0
1771638300000,9.1410,9.1560,9.1400,9.1510,60515,1771639199999,553455.3640,1956,35908,328393.7060,0
1771639200000,9.1510,9.1670,9.1430,9.1610,45759,1771640099999,418877.1410,2099,33129,303279.7860,0
1771640100000,9.1600,9.1850,9.1540,9.1840,89806,1771640999999,823535.4550,2326,61028,559695.6690,0
1771641000000,9.1840,9.1960,9.1750,9.1860,76644,1771641899999,703970.2090,2526,42316,388692.0840,0
1771641900000,9.1850,9.1900,9.1730,9.1840,44472,1771642799999,408347.2550,2053,20118,184733.5970,0
1771642800000,9.1840,9.1910,9.1390,9.1490,170709,1771643699999,1563084.4750,3992,64993,594923.2070,0
1771643700000,9.1490,9.1670,9.1440,9.1670,46951,1771644599999,429873.3640,1875,26508,242653.3540,0
1771644600000,9.1670,9.1700,9.1330,9.1420,85048,1771645499999,778335.5520,2638,39543,361931.4900,0
1771645500000,9.1420,9.1610,9.1360,9.1610,48666,1771646399999,445229.9020,1643,28828,263823.0420,0
1771646400000,9.1600,9.1610,9.1430,9.1500,78652,1771647299999,719744.8460,2335,43871,401460.1310,0
1771647300000,9.1510,9.1630,9.1440,9.1630,58809,1771648199999,538346.2030,1757,39419,360827.1750,0
1771648200000,9.1630,9.1700,9.1570,9.1570,37397,1771649099999,342652.5340,1843,22232,203712.0600,0
1771649100000,9.1580,9.1760,9.1550,9.1740,33101,1771649999999,303337.7740,1668,20331,186314.2170,0
1771650000000,9.1730,9.2030,9.1720,9.1910,80743,1771650899999,742036.4990,2942,54753,503186.6440,0
1771650900000,9.1910,9.2030,9.1820,9.1910,65081,1771651799999,598103.3970,2152,28887,265519.3280,0
1771651800000,9.1910,9.2030,9.1860,9.2000,83697,1771652699999,769499.2730,2269,52548,483105.9800,0
1771652700000,9.1990,9.2070,9.1900,9.1990,59645,1771653599999,548573.0130,1861,36449,335240.7330,0
1771653600000,9.1990,9.2030,9.1840,9.1910,69589,1771654499999,639644.4960,2724,32168,295702.1590,0
1771654500000,9.1900,9.1920,9.1720,9.1750,60353,1771655399999,554073.0850,2021,18219,167258.9440,0
1771655400000,9.1760,9.1760,9.1350,9.1420,166928,1771656299999,1526901.2920,3064,54487,498372.8610,0
1771656300000,9.1420,9.1500,9.1290,9.1450,92208,1771657199999,842641.3920,2023,45628,416997.4670,0
1771657200000,9.1450,9.1560,9.1300,9.1510,65341,1771658099999,597546.8120,2354,43165,394778.6370,0
1771658100000,9.1520,9.1570,9.1400,9.1440,53204,1771658999999,486634.4090,1368,28460,260354.6350,0
1771659000000,9.1440,9.1620,9.1370,9.1510,108154,1771659899999,989628.6370,2363,69917,639777.9770,0
1771659900000,9.1500,9.1520,9.1460,9.1490,26182,1771660799999,239546.2870,1399,12893,117962.2800,0
1771660800000,9.1500,9.1600,9.1460,9.1480,66106,1771661699999,605025.8170,2874,42862,392292.6620,0
1771661700000,9.1480,9.1630,9.1420,9.1420,58020,1771662599999,530845.8510,2100,32669,298930.6810,0
1771662600000,9.1430,9.1580,9.1360,9.1520,79130,1771663499999,723666.5110,2360,39176,358274.5370,0
1771663500000,9.1530,9.2140,9.1460,9.2060,168125,1771664399999,1545133.8590,3775,116058,1066386.5440,0
1771664400000,9.2050,9.2080,9.1910,9.1990,109134,1771665299999,1003939.9210,3630,64179,590404.4860,0
1771665300000,9.1980,9.2520,9.1980,9.2390,232739,1771666199999,2147977.2160,5389,164272,1515950.9630,0
1771666200000,9.2390,9.2470,9.2320,9.2440,94507,1771667099999,873231.6530,3242,48852,451414.4770,0
1771667100000,9.2430,9.2500,9.2240,9.2270,85319,1771667999999,787932.9840,2324,32353,298891.5580,0
1771668000000,9.2270,9.2560,9.2270,9.2490,69858,1771668899999,645725.5050,3570,38688,357654.2820,0
1771668900000,9.2480,9.2730,9.2480,9.2610,136404,1771669799999,1263473.8320,3303,84383,781642.7530,0
1771669800000,9.2610,9.2860,9.2590,9.2740,116113,1771670699999,1076492.2860,2963,78568,728398.5490,0
1771670700000,9.2730,9.2730,9.2510,9.2580,45934,1771671599999,425292.8030,1723,20368,188610.3730,0
1771671600000,9.2570,9.2770,9.2500,9.2670,129461,1771672499999,1199529.7250,3662,70663,654720.1580,0
1771672500000,9.2670,9.2940,9.2610,9.2800,145644,1771673399999,1351596.2240,3797,85878,796947.1160,0
1771673400000,9.2800,9.2830,9.2700,9.2740,113759,1771674299999,1055293.1410,2456,42195,391471.1150,0
1771674300000,9.2740,9.2780,9.2670,9.2720,67035,1771675199999,621543.3850,2025,24775,229719.8080,0
1771675200000,9.2720,9.2860,9.2590,9.2650,121534,1771676099999,1126747.8500,3498,60531,561303.1870,0
1771676100000,9.2640,9.2720,9.2580,9.2680,74449,1771676999999,689802.6200,2316,33046,306188.3500,0
1771677000000,9.2680,9.2690,9.2470,9.2550,65682,1771677899999,608011.1420,2464,28618,264923.9750,0
1771677900000,9.2550,9.2830,9.2550,9.2810,71168,1771678799999,659443.0820,2952,41187,381652.6410,0
1771678800000,9.2810,9.2940,9.2770,9.2860,92178,1771679699999,856094.1260,3111,43932,407987.3520,0
1771679700000,9.2860,9.3370,9.2740,9.3280,279864,1771680599999,2604368.3920,4776,220458,2051373.7860,0
1771680600000,9.3280,9.3330,9.3010,9.3090,129157,1771681499999,1203374.6650,3365,61329,571466.0300,0
1771681500000,9.3090,9.3480,9.3080,9.3450,100905,1771682399999,941550.6380,2794,68684,640931.6470,0
1771682400000,9.3440,9.3860,9.3240,9.3780,240976,1771683299999,2255672.1980,6633,148084,1386423.4100,0
1771683300000,9.3770,9.4490,9.3590,9.4150,566931,1771684199999,5338403.5860,11553,356845,3360049.5290,0
1771684200000,9.4150,9.4290,9.3930,9.4120,241040,1771685099999,2268314.1830,6224,108690,1022845.4560,0
1771685100000,9.4110,9.4150,9.3370,9.3500,292475,1771685999999,2740022.9680,5511,65799,616290.3020,0
1771686000000,9.3500,9.3690,9.3330,9.3400,168855,1771686899999,1578859.0560,4821,72845,681173.4240,0
1771686900000,9.3400,9.3560,9.2830,9.2910,183829,1771687799999,1712605.9910,3810,54484,507790.3190,0
1771687800000,9.2900,9.2990,9.2530,9.2870,333220,1771688699999,3090781.0080,6145,163054,1512720.4720,0
1771688700000,9.2870,9.2960,9.2730,9.2800,60314,1771689599999,559889.2460,2635,26181,243061.8630,0
1771689600000,9.2800,9.2870,9.2170,9.2380,391473,1771690499999,3620004.4290,7224,98487,910712.1380,0
1771690500000,9.2380,9.2450,9.1950,9.2180,203606,1771691399999,1877421.4790,4541,91517,844226.4260,0
1771691400000,9.2180,9.2410,9.2020,9.2400,118601,1771692299999,1093839.7440,3070,77144,711685.2900,0
1771692300000,9.2400,9.2400,9.2210,9.2210,81752,1771693199999,754570.3490,2149,49391,455900.3250,0
1771693200000,9.2210,9.2320,9.2060,9.2210,130912,1771694099999,1206950.2550,3371,62037,572077.5340,0
1771694100000,9.2210,9.2330,9.2050,9.2270,84636,1771694999999,780465.8240,2320,56492,521049.8850,0
1771695000000,9.2280,9.2710,9.2270,9.2650,110815,1771695899999,1025256.7910,3015,82410,762498.8620,0
1771695900000,9.2650,9.2760,9.2590,9.2620,78317,1771696799999,725783.8130,2145,46139,427605.9690,0
1771696800000,9.2620,9.2870,9.2600,9.2810,81173,1771697699999,753225.2380,2552,41365,383825.0870,0
1771697700000,9.2810,9.2970,9.2710,9.2720,86543,1771698599999,803456.6590,2453,39713,368737.3230,0
1771698600000,9.2730,9.2830,9.2630,9.2750,77232,1771699499999,716095.2780,2622,31989,296609.0830,0
1771699500000,9.2750,9.3050,9.2710,9.3000,108308,1771700399999,1006669.9770,2569,61862,574995.6000,0
1771700400000,9.3010,9.3040,9.2870,9.2960,106267,1771701299999,987878.2480,2952,42363,393854.7860,0
1771701300000,9.2970,9.3010,9.2850,9.2860,39014,1771702199999,362603.9260,1754,14386,133697.5440,0
1771702200000,9.2870,9.2920,9.2730,9.2750,57020,1771703099999,529354.0570,1870,17661,163958.7000,0
1771703100000,9.2750,9.2750,9.2500,9.2640,62962,1771703999999,583254.0760,1909,17806,164891.5240,0
1771704000000,9.2630,9.2640,9.2430,9.2440,69097,1771704899999,639478.4690,2630,20920,193587.3250,0
1771704900000,9.2440,9.2720,9.2440,9.2700,68942,1771705799999,638462.3820,1795,55292,512026.8990,0
1771705800000,9.2700,9.2700,9.2070,9.2080,179244,1771706699999,1654445.0190,3307,39481,364403.3170,0
1771706700000,9.2080,9.2100,9.1460,9.1520,415787,1771707599999,3818683.2870,7471,154556,1419467.6960,0
1771707600000,9.1520,9.1780,9.1350,9.1780,265147,1771708499999,2428582.2690,5614,138003,1264493.8490,0
1771708500000,9.1770,9.1950,9.1750,9.1900,75887,1771709399999,697084.7180,2172,49736,456830.4590,0
1771709400000,9.1910,9.1920,9.1790,9.1840,80904,1771710299999,743244.2730,2184,41701,383079.1190,0
1771710300000,9.1830,9.1930,9.1780,9.1910,33091,1771711199999,303883.0920,1604,15148,139122.8940,0
1771711200000,9.1900,9.1940,9.1640,9.1760,72083,1771712099999,661668.4960,2464,34396,315717.9950,0
1771712100000,9.1750,9.1870,9.1700,9.1800,49721,1771712999999,456317.2450,1492,20928,192051.8110,0
1771713000000,9.1800,9.1820,9.1590,9.1700,74581,1771713899999,683719.2200,2565,25546,234226.7520,0
1771713900000,9.1710,9.1750,9.1540,9.1590,26539,1771714799999,243213.2290,1712,12042,110352.6670,0
1771714800000,9.1580,9.1620,9.1020,9.1080,438966,1771715699999,4003719.9620,8058,153262,1397518.2420,0
1771715700000,9.1070,9.1240,9.1030,9.1210,103772,1771716599999,945931.7970,3336,54019,492441.2790,0
1771716600000,9.1200,9.1300,9.1150,9.1170,108197,1771717499999,986823.4460,2349,67939,619611.6990,0
1771717500000,9.1170,9.1220,9.1100,9.1100,55448,1771718399999,505459.5250,2435,25912,236211.2620,0
1771718400000,9.1110,9.1110,9.0610,9.0720,271100,1771719299999,2462857.9340,6756,98280,892676.7430,0
1771719300000,9.0720,9.0820,9.0360,9.0490,226310,1771720199999,2049674.0580,5799,115140,1043005.0820,0
1771720200000,9.0480,9.0550,9.0220,9.0240,119986,1771721099999,1084866.8310,4284,56215,508301.3660,0
1771721100000,9.0230,9.0590,9.0190,9.0580,96597,1771721999999,872474.5360,3600,46052,416127.8980,0
1771722000000,9.0580,9.0610,9.0470,9.0520,152210,1771722899999,1378104.0330,3507,77473,701443.3640,0
1771722900000,9.0530,9.0630,9.0420,9.0500,69857,1771723799999,632225.2110,2848,32528,294385.1590,0
1771723800000,9.0510,9.0540,9.0390,9.0520,56387,1771724699999,510100.0500,2477,26307,237975.2540,0
1771724700000,9.0520,9.0910,9.0430,9.0720,279050,1771725599999,2532758.8430,5022,182416,1655370.3810,0
1771725600000,9.0720,9.0970,9.0650,9.0840,120051,1771726499999,1090248.9970,4032,57595,523029.3760,0
1771726500000,9.0840,9.0870,9.0570,9.0570,65074,1771727399999,590307.5630,2178,19030,172614.3510,0
1771727400000,9.0560,9.0630,9.0280,9.0450,109489,1771728299999,990326.8390,3196,32419,293204.4700,0
1771728300000,9.0450,9.0500,9.0210,9.0290,79765,1771729199999,720842.9410,2463,20124,181857.2040,0
1771729200000,9.0290,9.0480,9.0240,9.0440,84898,1771730099999,767333.5300,3055,50381,455413.8060,0
1771730100000,9.0450,9.0490,9.0010,9.0270,163948,1771730999999,1478703.7300,3810,67246,606770.9510,0
1771731000000,9.0270,9.0350,9.0200,9.0280,58713,1771731899999,529987.9860,2107,36423,328769.3000,0
1771731900000,9.0290,9.0540,9.0260,9.0410,91341,1771732799999,825896.9920,2401,59422,537347.3730,0
1771732800000,9.0400,9.0590,9.0350,9.0510,94775,1771733699999,857476.8020,3288,58453,528848.0830,0
1771733700000,9.0510,9.0510,9.0310,9.0370,56514,1771734599999,510821.4730,2083,24778,223959.5470,0
1771734600000,9.0380,9.0500,9.0330,9.0380,44570,1771735499999,402965.2880,1880,25473,230320.1230,0
1771735500000,9.0390,9.0420,9.0330,9.0360,28344,1771736399999,256152.2960,1452,6558,59270.2940,0
1771736400000,9.0370,9.0410,8.9860,8.9970,216049,1771737299999,1946570.1260,6231,52465,472629.3270,0
1771737300000,8.9970,9.0110,8.9860,9.0050,54129,1771738199999,487203.6180,2560,15186,136676.7720,0
1771738200000,9.0060,9.0070,8.9920,8.9970,46217,1771739099999,415934.9650,2137,13868,124797.5330,0
1771739100000,8.9970,9.0040,8.9900,9.0020,65149,1771739999999,586113.4560,2394,32564,292999.9290,0
1771740000000,9.0020,9.0020,8.9530,8.9650,276050,1771740899999,2478429.7380,6645,90494,812448.2570,0
1771740900000,8.9650,8.9980,8.9600,8.9840,110737,1771741799999,994050.9360,3370,63392,569033.4280,0
1771741800000,8.9840,9.0020,8.9830,8.9980,73392,1771742699999,660160.7240,2537,44534,400585.8640,0
1771742700000,8.9980,9.0090,8.9920,9.0010,74211,1771743599999,667929.7480,2096,47350,426154.5820,0
1771743600000,9.0010,9.0140,8.9920,9.0130,142799,1771744499999,1285792.1760,3578,76000,684360.8000,0
1771744500000,9.0130,9.0150,8.9990,9.0040,47439,1771745399999,427246.0570,1945,25037,225485.3090,0
1771745400000,9.0040,9.0240,9.0030,9.0190,51707,1771746299999,466005.2290,1880,29994,270313.0140,0
1771746300000,9.0200,9.0260,9.0070,9.0070,77285,1771747199999,696817.5150,1978,37509,338203.9240,0
1771747200000,9.0070,9.0180,9.0000,9.0160,74337,1771748099999,669746.2700,3069,24981,225070.5510,0
1771748100000,9.0160,9.0160,8.9820,8.9910,139848,1771748999999,1257869.8780,3303,29335,263784.7360,0
1771749000000,8.9910,8.9970,8.9770,8.9880,46718,1771749899999,419861.6010,2066,21526,193465.6270,0
1771749900000,8.9890,8.9900,8.9720,8.9780,44619,1771750799999,400667.6550,1709,22207,199395.1920,0
1771750800000,8.9780,8.9850,8.9650,8.9790,74818,1771751699999,671411.3190,3095,26654,239238.5630,0
1771751700000,8.9800,8.9870,8.9710,8.9720,49995,1771752599999,448903.4310,2221,12623,113349.1090,0
1771752600000,8.9730,8.9860,8.9700,8.9810,47174,1771753499999,423489.1550,2137,19416,174315.9870,0
1771753500000,8.9810,8.9910,8.9770,8.9860,46286,1771754399999,415808.6710,1965,22886,205608.6460,0
1771754400000,8.9860,9.0550,8.9850,9.0490,243062,1771755299999,2194174.9370,4754,146722,1324325.6700,0
1771755300000,9.0490,9.0540,9.0250,9.0260,79960,1771756199999,722688.3590,2434,29235,264275.6190,0
1771756200000,9.0270,9.0380,9.0200,9.0240,84537,1771757099999,763234.9350,2285,43855,395950.4070,0
1771757100000,9.0250,9.0260,9.0140,9.0220,51338,1771757999999,463049.1720,1784,25127,226643.3640,0
1771758000000,9.0220,9.0290,9.0180,9.0190,62848,1771758899999,567074.5590,2553,33861,305538.2390,0
1771758900000,9.0190,9.0230,9.0030,9.0070,54530,1771759799999,491428.0620,1690,14803,133414.7870,0
1771759800000,9.0070,9.0160,8.9930,8.9990,75870,1771760699999,682934.0860,2543,30163,271497.4170,0
1771760700000,8.9990,9.0070,8.9940,9.0000,59067,1771761599999,531625.1260,1681,27426,246830.8960,0
1771761600000,9.0000,9.0050,8.9390,8.9500,272554,1771762499999,2442092.1070,7235,88159,790078.3700,0
1771762500000,8.9500,8.9610,8.9410,8.9580,123546,1771763399999,1106235.9540,3753,49848,446332.2490,0
1771763400000,8.9580,8.9610,8.9010,8.9220,283095,1771764299999,2526260.5010,6840,86961,776117.3190,0
1771764300000,8.9230,8.9340,8.9160,8.9250,76438,1771765199999,682314.4640,3871,40729,363558.4630,0
1771765200000,8.9260,8.9320,8.9010,8.9070,133266,1771766099999,1187863.4380,5266,52012,463628.9750,0
1771766100000,8.9070,8.9220,8.8810,8.9010,243218,1771766999999,2165224.7620,5891,102937,916652.1160,0
1771767000000,8.9010,8.9140,8.8650,8.8820,293046,1771767899999,2605516.7740,7534,141055,1254588.2370,0
1771767900000,8.8830,8.9000,8.8620,8.8990,190816,1771768799999,1694462.5590,4957,75204,667972.1410,0
1771768800000,8.8990,8.9030,8.8740,8.8880,272505,1771769699999,2422126.2720,5350,162978,1448794.3030,0
1771769700000,8.8880,8.8890,8.8520,8.8690,252039,1771770599999,2235120.5520,4705,109341,969769.9140,0
1771770600000,8.8700,8.8850,8.8580,8.8590,111061,1771771499999,985411.2530,3622,48871,433736.7990,0
1771771500000,8.8600,8.8680,8.8200,8.8590,258130,1771772399999,2283031.4070,7497,98002,867037.1720,0
1771772400000,8.8600,8.8670,8.8420,8.8490,130208,1771773299999,1152824.0720,4686,54784,485102.7770,0
1771773300000,8.8500,8.8510,8.8070,8.8400,235550,1771774199999,2078796.0380,6097,82414,727177.1470,0
1771774200000,8.8400,8.8840,8.8310,8.8820,231833,1771775099999,2054399.5750,4876,168595,1494091.2740,0
1771775100000,8.8820,8.8940,8.8770,8.8770,121009,1771775999999,1075437.7050,3066,63821,567161.4720,0
1771776000000,8.8770,8.8780,8.8400,8.8530,118282,1771776899999,1048229.4950,4747,51676,457925.5730,0
1771776900000,8.8530,8.8680,8.8480,8.8500,71914,1771777799999,636842.2070,2435,22476,199058.7380,0
1771777800000,8.8510,8.8610,8.8480,8.8560,58268,1771778699999,515869.6210,2032,27297,241652.9460,0
1771778700000,8.8560,8.8700,8.8540,8.8690,55023,1771779599999,487656.7530,2492,18838,166952.7080,0
1771779600000,8.8700,8.8730,8.8310,8.8310,101887,1771780499999,901852.6460,3636,41112,363899.2600,0
1771780500000,8.8320,8.8480,8.8260,8.8400,91422,1771781399999,807882.8120,2755,33247,293801.5420,0
1771781400000,8.8400,8.8450,8.7890,8.8050,470572,1771782299999,4143998.6280,7912,126217,1111532.0640,0
1771782300000,8.8050,8.8150,8.7930,8.8050,106238,1771783199999,935449.3890,3244,54498,479899.8770,0
1771783200000,8.8050,8.8190,8.7930,8.8130,111774,1771784099999,984197.2230,3555,40474,356518.3990,0
1771784100000,8.8140,8.8270,8.8030,8.8120,107753,1771784999999,949851.2130,2511,53660,472984.9290,0
1771785000000,8.8120,8.8180,8.8030,8.8100,44569,1771785899999,392706.9030,1962,18799,165629.8090,0
1771785900000,8.8100,8.8200,8.8070,8.8120,49607,1771786799999,437165.8170,2005,19609,172808.4730,0
1771786800000,8.8120,8.8210,8.7960,8.8020,68222,1771787699999,601211.0910,2734,30048,264860.3780,0
1771787700000,8.8030,8.8150,8.7920,8.7960,69534,1771788599999,612087.8900,2201,29762,262064.2700,0
1771788600000,8.7960,8.8210,8.7910,8.8190,51431,1771789499999,453059.5520,2077,31779,279983.1730,0
1771789500000,8.8190,8.8190,8.8120,8.8120,24610,1771790399999,216932.3100,1253,13898,122510.8020,0
1771790400000,8.8130,8.8140,8.7920,8.7930,94995,1771791299999,836460.5090,2987,45053,396744.2040,0
1771791300000,8.7940,8.8140,8.7920,8.8080,81377,1771792199999,716333.4210,2139,44766,394109.8690,0
1771792200000,8.8090,8.8090,8.7970,8.8010,60752,1771793099999,534780.9750,2108,32769,288453.8370,0
1771793100000,8.8020,8.8110,8.7840,8.7920,81173,1771793999999,713913.6520,2625,32470,285604.3850,0
1771794000000,8.7930,8.8080,8.7930,8.8020,53256,1771794899999,468790.8850,2218,22325,196516.3300,0
1771794900000,8.8010,8.8060,8.7850,8.7880,71330,1771795799999,627592.7540,2345,35329,310827.6680,0
1771795800000,8.7880,8.8180,8.7870,8.8180,96666,1771796699999,851117.3410,3079,53259,468971.5800,0
1771796700000,8.8170,8.8290,8.8160,8.8180,70549,1771797599999,622377.4460,2358,41404,365265.2390,0
1771797600000,8.8170,8.8220,8.8070,8.8100,59192,1771798499999,521792.2300,2684,21032,185419.3820,0
1771798500000,8.8100,8.8530,8.8100,8.8330,120728,1771799399999,1067055.0700,2640,77999,689398.0010,0
1771799400000,8.8330,8.8630,8.8300,8.8520,96607,1771800299999,854303.5400,2929,58534,517660.3760,0
1771800300000,8.8510,8.8620,8.8500,8.8560,52699,1771801199999,466739.0300,2164,24000,212570.0000,0
1771801200000,8.8560,8.8670,8.8410,8.8410,112277,1771802099999,994213.0020,4104,44010,389757.4520,0
1771802100000,8.8410,8.8490,8.8260,8.8480,64251,1771802999999,567855.1620,2551,25306,223662.4200,0
1771803000000,8.8480,8.8560,8.8420,8.8450,79143,1771803899999,700270.5130,2221,55503,491083.2840,0
1771803900000,8.8460,8.8850,8.8460,8.8740,121782,1771804799999,1079441.2790,2600,84657,750422.4180,0
1771804800000,8.8750,8.8900,8.8660,8.8840,160503,1771805699999,1425196.1690,4532,89755,796991.9850,0
1771805700000,8.8840,8.8850,8.8430,8.8470,170581,1771806599999,1511241.2080,3252,37659,333606.8000,0
1771806600000,8.8480,8.8480,8.8140,8.8270,124479,1771807499999,1098838.0780,3533,45833,404585.9560,0
1771807500000,8.8270,8.8330,8.7700,8.7790,221090,1771808399999,1946955.3810,5606,82516,727116.0290,0
1771808400000,8.7800,8.7810,8.4700,8.5100,2683844,1771809299999,23072067.8620,55847,950102,8162726.7740,0
1771809300000,8.5090,8.5100,8.3840,8.4210,1397037,1771810199999,11787886.5260,37370,584911,4934652.1860,0
1771810200000,8.4200,8.4770,8.3920,8.4370,512065,1771811099999,4317971.4460,18687,232615,1962452.6460,0
1771811100000,8.4380,8.4490,8.3310,8.3550,710043,1771811999999,5953317.7250,24507,320776,2690043.4630,0
1771812000000,8.3540,8.4040,8.3210,8.3820,511247,1771812899999,4275650.8950,14608,219103,1833655.3840,0
1771812900000,8.3830,8.4100,8.3680,8.4010,262465,1771813799999,2201670.9480,6997,144525,1212515.5140,0
1771813800000,8.4010,8.4270,8.3860,8.4120,279746,1771814699999,2352186.5080,6591,125671,1056770.3370,0
1771814700000,8.4120,8.4200,8.4000,8.4070,107770,1771815599999,906120.0360,4282,52999,445619.4380,0
1771815600000,8.4080,8.4550,8.4020,8.4280,241219,1771816499999,2033731.7730,7110,108875,918018.9960,0
1771816500000,8.4280,8.4310,8.3560,8.3690,192960,1771817399999,1617860.6070,5844,53696,450204.8850,0
1771817400000,8.3690,8.4170,8.3690,8.4150,199882,1771818299999,1676688.8440,7152,108282,908498.6660,0
1771818300000,8.4160,8.4300,8.4090,8.4110,132684,1771819199999,1117177.7040,4512,63017,530694.7420,0
1771819200000,8.4120,8.4190,8.3810,8.3990,277243,1771820099999,2329037.7340,7338,105676,887590.4650,0
1771820100000,8.3990,8.3990,8.3600,8.3600,159341,1771820999999,1333962.1180,4958,46123,386066.2260,0
1771821000000,8.3600,8.3680,8.3280,8.3500,191632,1771821899999,1599338.2650,5647,72377,604053.4390,0
1771821900000,8.3510,8.3640,8.3470,8.3560,65278,1771822799999,545486.9240,3029,32684,273134.3200,0
1771822800000,8.3570,8.4130,8.3470,8.3960,182934,1771823699999,1533765.4610,5856,110570,927252.1530,0
1771823700000,8.3970,8.4300,8.3880,8.4030,150408,1771824599999,1264888.2870,5009,71077,597870.9220,0
1771824600000,8.4040,8.4360,8.4040,8.4310,176447,1771825499999,1486135.5540,5711,110855,933708.1850,0
1771825500000,8.4310,8.4380,8.4090,8.4200,91239,1771826399999,768249.7220,4162,35107,295596.2000,0
1771826400000,8.4210,8.5290,8.4160,8.5240,347608,1771827299999,2946840.9280,8404,225176,1909555.6150,0
1771827300000,8.5240,8.5370,8.4940,8.4990,196747,1771828199999,1675262.9040,5351,82383,701662.9910,0
1771828200000,8.5000,8.5510,8.4950,8.5330,194031,1771829099999,1654003.1610,5387,98632,840787.7500,0
1771829100000,8.5330,8.5730,8.5320,8.5650,150653,1771829999999,1289994.5190,4014,85318,730400.6580,0
1771830000000,8.5650,8.5800,8.5510,8.5710,166797,1771830899999,1428847.7810,5873,71970,616519.9410,0
1771830900000,8.5710,8.5730,8.5470,8.5510,117865,1771831799999,1008537.3260,4025,43243,369998.0220,0
1771831800000,8.5510,8.6020,8.5410,8.5790,145062,1771832699999,1244196.5110,4850,88496,759262.8040,0
1771832700000,8.5790,8.5870,8.5550,8.5570,76016,1771833599999,651361.9740,2992,24482,209802.9920,0
1771833600000,8.5570,8.5570,8.5230,8.5410,230839,1771834499999,1971053.8530,7361,107921,921315.7630,0
1771834500000,8.5400,8.5470,8.5100,8.5180,119303,1771835399999,1017041.6400,4311,58520,498899.9420,0
1771835400000,8.5180,8.5260,8.5060,8.5130,107333,1771836299999,914043.1580,4306,57374,488538.1460,0
1771836300000,8.5130,8.5160,8.4970,8.5070,78147,1771837199999,664704.8170,3748,31596,268753.8390,0
1771837200000,8.5080,8.5690,8.5080,8.5580,149778,1771838099999,1279509.3530,4620,103513,884100.6250,0
1771838100000,8.5590,8.5850,8.5450,8.5780,149037,1771838999999,1275845.9160,3568,80126,686047.9660,0
1771839000000,8.5780,8.6950,8.5750,8.6730,517211,1771839899999,4478125.3710,10773,278513,2409438.4740,0
1771839900000,8.6730,8.7160,8.6730,8.6910,198471,1771840799999,1724877.4050,5894,87009,756377.8420,0
1771840800000,8.6910,8.7240,8.6680,8.6690,199744,1771841699999,1735454.4870,6977,74138,644338.4370,0
1771841700000,8.6700,8.7080,8.6650,8.6880,143882,1771842599999,1250422.5870,4312,83119,722451.8050,0
1771842600000,8.6890,8.6900,8.6660,8.6880,78716,1771843499999,683381.0140,3236,37380,324548.2230,0
1771843500000,8.6880,8.6890,8.6630,8.6750,105495,1771844399999,915049.0130,3568,52899,458864.3620,0
1771844400000,8.6760,8.6850,8.6650,8.6820,75001,1771845299999,650770.7600,3990,34322,297830.0000,0
1771845300000,8.6820,8.7120,8.6790,8.6800,134785,1771846199999,1171844.6960,3603,76771,667601.9640,0
1771846200000,8.6800,8.6830,8.6530,8.6590,104197,1771847099999,902983.7220,4369,32457,281252.1930,0
1771847100000,8.6600,8.6650,8.6330,8.6510,141133,1771847999999,1220229.9530,4677,47760,412911.8420,0
1771848000000,8.6510,8.6730,8.6460,8.6720,115753,1771848899999,1002117.8420,5208,71761,621339.9060,0
1771848900000,8.6720,8.6780,8.6580,8.6700,121239,1771849799999,1051002.8000,4454,53015,459643.9020,0
1771849800000,8.6690,8.7680,8.6480,8.7540,412355,1771850699999,3591423.9700,8637,272188,2371353.1100,0
1771850700000,8.7550,8.7750,8.7190,8.7330,251168,1771851599999,2198495.2270,5916,139375,1221027.1600,0
1771851600000,8.7330,8.7400,8.7220,8.7250,78995,1771852499999,689795.2410,4353,43460,379523.3340,0
1771852500000,8.7260,8.7300,8.6990,8.7150,114296,1771853399999,995655.7920,4342,56649,493485.3140,0
1771853400000,8.7150,8.7420,8.6970,8.7270,125988,1771854299999,1097932.1790,5522,66138,576454.5830,0
1771854300000,8.7270,8.7330,8.6810,8.6860,139132,1771855199999,1211269.7790,5110,58760,511657.5660,0
1771855200000,8.6850,8.6980,8.6770,8.6900,138456,1771856099999,1202954.2580,5820,69196,601217.6240,0
1771856100000,8.6890,8.6890,8.6160,8.6220,226117,1771856999999,1955014.2480,4699,86821,749960.5500,0
1771857000000,8.6210,8.6630,8.5780,8.6350,408625,1771857899999,3525504.9100,11875,232066,2003141.5740,0
1771857900000,8.6340,8.6790,8.6100,8.6350,279200,1771858799999,2414529.6050,9897,135733,1174203.1620,0
1771858800000,8.6350,8.6500,8.5800,8.6010,295150,1771859699999,2540324.6940,9979,128131,1103033.8720,0
1771859700000,8.6020,8.6480,8.5810,8.5880,238996,1771860599999,2056816.0990,7948,118075,1016319.4490,0
1771860600000,8.5890,8.6160,8.5790,8.5940,161002,1771861499999,1384198.1990,6185,86386,742834.4520,0
1771861500000,8.5950,8.6080,8.5470,8.5600,221572,1771862399999,1899508.2540,6489,96533,827769.5080,0
1771862400000,8.5600,8.5650,8.5120,8.5240,392487,1771863299999,3350544.6620,10643,208463,1779743.0880,0
1771863300000,8.5240,8.6120,8.5210,8.6010,358689,1771864199999,3073598.7970,9219,197003,1687798.3010,0
1771864200000,8.6000,8.6100,8.5620,8.5830,189417,1771865099999,1627023.2910,6249,98411,845270.0290,0
1771865100000,8.5830,8.5840,8.5410,8.5510,167465,1771865999999,1433635.8430,5687,66813,571997.1870,0
1771866000000,8.5520,8.5680,8.4920,8.4950,232954,1771866899999,1988635.9120,6647,87102,744146.4020,0
1771866900000,8.4960,8.5150,8.4040,8.4050,428147,1771867799999,3622000.8640,10242,161940,1370850.0190,0
1771867800000,8.4040,8.4250,8.3580,8.3870,464467,1771868699999,3900248.0470,11665,259593,2179894.2130,0
1771868700000,8.3870,8.4360,8.3300,8.4340,380528,1771869599999,3189556.8340,10651,185006,1551030.1390,0
1771869600000,8.4340,8.4670,8.4100,8.4360,276376,1771870499999,2331633.3640,9830,145631,1229036.4000,0
1771870500000,8.4370,8.4650,8.4060,8.4470,191596,1771871399999,1616527.5420,5889,101424,855782.7300,0
1771871400000,8.4480,8.5090,8.4310,8.4710,203176,1771872299999,1721302.1040,6936,108044,915498.9370,0
1771872300000,8.4710,8.4710,8.4020,8.4120,134440,1771873199999,1134022.8470,4545,40388,340704.2550,0
1771873200000,8.4130,8.4370,8.4080,8.4240,117336,1771874099999,988469.9820,5281,71901,605690.5890,0
1771874100000,8.4250,8.4290,8.3780,8.3870,147243,1771874999999,1237128.0420,4977,72983,613555.9150,0
1771875000000,8.3870,8.4080,8.3550,8.3880,143753,1771875899999,1205196.3290,5998,90768,761064.8500,0
1771875900000,8.3880,8.4030,8.3620,8.3640,138863,1771876799999,1163566.2850,4881,63437,531644.8430,0
1771876800000,8.3640,8.3710,8.2820,8.2870,503639,1771877699999,4193059.5790,10137,154453,1286705.1340,0
1771877700000,8.2860,8.3180,8.2640,8.2940,395448,1771878599999,3278007.2100,9358,202506,1679138.1820,0
1771878600000,8.2930,8.3380,8.2920,8.3270,182905,1771879499999,1521878.4720,6563,94343,784985.1000,0
1771879500000,8.3280,8.3500,8.3110,8.3410,241411,1771880399999,2011058.5890,5446,163139,1359080.2940,0
1771880400000,8.3400,8.3720,8.3330,8.3610,189626,1771881299999,1584056.1550,6631,89724,749576.5990,0
1771881300000,8.3610,8.3860,8.3460,8.3840,195372,1771882199999,1634909.3000,4662,113387,948852.8130,0
1771882200000,8.3840,8.4130,8.3550,8.3870,224266,1771883099999,1880301.7540,4775,131254,1100771.4880,0
1771883100000,8.3870,8.4140,8.3840,8.3970,78552,1771883999999,659804.4830,2926,42577,357590.8900,0
1771884000000,8.3970,8.4330,8.3900,8.4250,228500,1771884899999,1922372.7020,6445,121691,1023897.7930,0
1771884900000,8.4250,8.4480,8.4200,8.4280,118450,1771885799999,998794.2480,3635,65384,551388.0980,0
1771885800000,8.4280,8.4440,8.4150,8.4220,71157,1771886699999,599853.5420,2525,28082,236755.1020,0
1771886700000,8.4220,8.4330,8.3960,8.4040,48562,1771887599999,408586.2860,2736,20422,171895.3130,0
1771887600000,8.4040,8.4370,8.4020,8.4240,72559,1771888499999,610976.3840,3808,44575,375452.4220,0
1771888500000,8.4250,8.4270,8.3790,8.3820,63668,1771889399999,534825.6010,2671,16333,137195.2990,0
1771889400000,8.3830,8.3950,8.3500,8.3560,147379,1771890299999,1234505.8380,3320,57857,484975.5720,0
1771890300000,8.3570,8.3700,8.3520,8.3590,61047,1771891199999,510258.4650,2735,36692,306704.5150,0
1771891200000,8.3600,8.3920,8.3590,8.3890,136080,1771892099999,1140283.7250,4532,70821,593474.4320,0
1771892100000,8.3890,8.4010,8.3830,8.3960,121832,1771892999999,1022612.3670,3268,69200,580839.1050,0
1771893000000,8.3960,8.4310,8.3860,8.4200,158612,1771893899999,1333295.7660,3558,76995,647432.8010,0
1771893900000,8.4190,8.4320,8.4080,8.4130,64242,1771894799999,541089.9910,2790,28792,242514.4980,0
1771894800000,8.4130,8.4140,8.3120,8.3250,300686,1771895699999,2511908.5540,7016,83321,695818.3480,0
1771895700000,8.3240,8.4090,8.2060,8.3950,939480,1771896599999,7785794.4360,23646,476162,3948831.5870,0
1771896600000,8.3950,8.4370,8.3580,8.3810,231483,1771897499999,1945365.8020,7969,128636,1081532.9480,0
1771897500000,8.3820,8.3950,8.3440,8.3650,139345,1771898399999,1166410.9860,5302,75181,629522.0920,0
1771898400000,8.3650,8.3960,8.3450,8.3750,114163,1771899299999,955030.7670,5901,67569,565282.0480,0
1771899300000,8.3740,8.3900,8.3470,8.3880,62337,1771900199999,521730.4800,3958,29050,243182.1770,0
1771900200000,8.3870,8.4180,8.3600,8.3650,130336,1771901099999,1092266.9130,4116,44477,373035.3830,0
1771901100000,8.3650,8.3840,8.3570,8.3790,94104,1771901999999,787563.2620,3477,59278,496044.8100,0
1771902000000,8.3780,8.3780,8.3010,8.3200,192121,1771902899999,1601609.1220,7154,79277,660990.0340,0
1771902900000,8.3190,8.3280,8.2940,8.2990,96849,1771903799999,805101.7870,4235,36246,301248.9800,0
1771903800000,8.2980,8.3090,8.2860,8.2900,109039,1771904699999,904460.8590,4411,54825,454830.9280,0
1771904700000,8.2900,8.3120,8.2690,8.3020,129052,1771905599999,1069803.6560,4516,69711,577902.4710,0
1771905600000,8.3020,8.3150,8.2560,8.2560,218266,1771906499999,1808982.7120,7265,111014,920281.6510,0
1771906500000,8.2570,8.3150,8.2340,8.2960,305734,1771907399999,2528750.1020,8108,148506,1229165.3780,0
1771907400000,8.2950,8.2950,8.2530,8.2800,118773,1771908299999,982817.0580,3958,52192,431876.0200,0
1771908300000,8.2790,8.2880,8.2580,8.2670,79856,1771909199999,660519.0240,2665,33056,273580.3030,0
1771909200000,8.2670,8.3050,8.2510,8.2950,141842,1771910099999,1174881.7580,5237,75131,622464.7470,0
1771910100000,8.2950,8.2960,8.2010,8.2110,295538,1771910999999,2432755.3190,7459,109075,897742.9920,0
1771911000000,8.2110,8.2520,8.2040,8.2370,138950,1771911899999,1143185.4530,4629,73568,605592.0220,0
1771911900000,8.2370,8.2560,8.2320,8.2480,97879,1771912799999,807010.1320,3155,45038,371358.0330,0
1771912800000,8.2470,8.2650,8.2210,8.2430,103183,1771913699999,850464.4090,4578,49310,406505.6000,0
1771913700000,8.2430,8.2690,8.2410,8.2570,67326,1771914599999,555799.2330,3073,34988,288870.7510,0
1771914600000,8.2570,8.2750,8.2500,8.2660,117901,1771915499999,974335.7920,3399,62350,515385.2380,0
1771915500000,8.2660,8.2670,8.2240,8.2350,123144,1771916399999,1015409.3050,3846,35182,289971.4740,0
1771916400000,8.2350,8.2700,8.2140,8.2690,140035,1771917299999,1154297.2680,5343,76236,628553.5590,0
1771917300000,8.2690,8.2740,8.2390,8.2620,80643,1771918199999,665689.6580,3864,36947,305080.9370,0
1771918200000,8.2620,8.2720,8.2390,8.2450,75286,1771919099999,621645.3950,3476,33675,278114.3150,0
1771919100000,8.2450,8.2520,8.2290,8.2500,62311,1771919999999,513377.9360,2872,19819,163318.8910,0
1771920000000,8.2500,8.2590,8.2210,8.2470,144911,1771920899999,1194334.0760,5858,69221,570503.2170,0
1771920900000,8.2470,8.2920,8.2400,8.2910,113718,1771921799999,940204.7370,4278,75620,625329.7210,0
1771921800000,8.2910,8.3190,8.2860,8.3080,111277,1771922699999,923915.7430,4389,63429,526629.7170,0
1771922700000,8.3090,8.3170,8.2980,8.3010,57485,1771923599999,477579.2410,2980,27099,225163.5570,0
1771923600000,8.3020,8.3040,8.2800,8.2950,109022,1771924499999,904063.7110,4257,52128,432281.1150,0
1771924500000,8.2950,8.2960,8.2490,8.2560,74458,1771925399999,615433.3440,3261,40039,330919.6540,0
1771925400000,8.2560,8.2760,8.2250,8.2670,142008,1771926299999,1171372.7340,4743,81488,672170.1990,0
1771926300000,8.2670,8.2910,8.2570,8.2800,55096,1771927199999,455921.8070,3044,31541,260992.5400,0
1771927200000,8.2800,8.2830,8.2610,8.2700,63315,1771928099999,523744.2650,3368,32107,265579.6460,0
1771928100000,8.2700,8.2890,8.2600,8.2710,65814,1771928999999,544784.0110,2736,31407,260003.6560,0
1771929000000,8.2720,8.2780,8.2570,8.2690,79638,1771929899999,658433.3310,3086,38364,317175.9180,0
1771929900000,8.2690,8.2860,8.2560,8.2710,87404,1771930799999,723032.0770,2936,39869,329856.4730,0
1771930800000,8.2720,8.2810,8.2510,8.2550,70092,1771931699999,579148.7580,3523,23817,196796.2370,0
1771931700000,8.2540,8.3230,8.2520,8.3060,404916,1771932599999,3359268.1800,7333,250545,2078240.9020,0
1771932600000,8.3070,8.3100,8.2830,8.2940,206148,1771933499999,1710178.1500,4559,83250,690611.7290,0
1771933500000,8.2940,8.3120,8.2910,8.3090,83278,1771934399999,691234.9620,2588,39144,324967.6110,0
1771934400000,8.3090,8.3380,8.2950,8.3330,193887,1771935299999,1613469.6300,4882,128196,1066950.4640,0
1771935300000,8.3330,8.3530,8.3270,8.3480,201197,1771936199999,1677570.5070,4445,130609,1089020.9490,0
1771936200000,8.3470,8.3570,8.2990,8.3090,134432,1771937099999,1119071.2780,4370,46503,387264.9940,0
1771937100000,8.3080,8.3210,8.2940,8.2980,115306,1771937999999,957487.7760,3314,48543,403185.9940,0
1771938000000,8.2990,8.3100,8.2800,8.2930,102403,1771938899999,849200.0490,4542,48559,402723.8090,0
1771938900000,8.2940,8.2950,8.2450,8.2540,171300,1771939799999,1416643.0160,4758,69578,575503.0120,0
1771939800000,8.2530,8.2770,8.1880,8.2640,448714,1771940699999,3698778.6040,11110,213705,1762351.2270,0
1771940700000,8.2640,8.2760,8.2390,8.2490,161589,1771941599999,1333508.0240,4628,84187,694832.6670,0
1771941600000,8.2500,8.2670,8.2280,8.2350,130737,1771942499999,1078121.1690,5569,73405,605433.8650,0
1771942500000,8.2360,8.2420,8.2040,8.2210,159685,1771943399999,1313572.0500,5119,74432,612446.1570,0
1771943400000,8.2220,8.3040,8.1730,8.2880,621453,1771944299999,5117658.0090,16887,333847,2751009.7270,0
1771944300000,8.2880,8.3730,8.2820,8.3170,431947,1771945199999,3597493.2930,12639,220023,1832475.7470,0
1771945200000,8.3180,8.3470,8.2960,8.3410,165875,1771946099999,1380232.0270,9757,81732,680277.5990,0
1771946100000,8.3420,8.3670,8.3170,8.3540,273896,1771946999999,2284563.7720,10246,127329,1062187.7140,0
1771947000000,8.3530,8.3580,8.2980,8.3060,142510,1771947899999,1186919.2350,6032,48958,407767.3660,0
1771947900000,8.3060,8.3280,8.3000,8.3270,108779,1771948799999,904241.7580,4852,57221,475664.4620,0
1771948800000,8.3270,8.4120,8.3200,8.3920,327395,1771949699999,2742643.9880,10486,208218,1743985.4960,0
1771949700000,8.3910,8.4030,8.3530,8.3560,208111,1771950599999,1742439.7320,5768,91266,764424.9580,0
1771950600000,8.3570,8.3780,8.3160,8.3620,156440,1771951499999,1305099.4610,7097,73456,613111.6510,0
1771951500000,8.3610,8.3900,8.3170,8.3870,143146,1771952399999,1195319.7280,6026,65502,547361.8030,0
1771952400000,8.3860,8.4050,8.3760,8.3800,211984,1771953299999,1778607.6800,8582,114774,963097.9530,0
1771953300000,8.3800,8.3880,8.3610,8.3710,131958,1771954199999,1105493.2510,5575,84066,704272.6770,0
1771954200000,8.3720,8.3760,8.3520,8.3610,87491,1771955099999,731814.5780,3332,51578,431451.5840,0
1771955100000,8.3620,8.3870,8.3560,8.3800,133866,1771955999999,1120476.0130,3544,100639,842256.6480,0
1771956000000,8.3800,8.4350,8.3410,8.3430,281996,1771956899999,2366447.8510,7415,159667,1341337.4470,0
1771956900000,8.3430,8.3930,8.3360,8.3810,90985,1771957799999,761466.3010,4010,53692,449454.4340,0
1771957800000,8.3810,8.4070,8.3800,8.3900,75481,1771958699999,633667.8640,4173,41726,350278.5520,0
1771958700000,8.3890,8.4080,8.3870,8.3920,44503,1771959599999,373652.0310,3179,18013,151256.5660,0
1771959600000,8.3920,8.4180,8.3350,8.3380,259108,1771960499999,2169899.8470,7668,113212,948436.7220,0
1771960500000,8.3390,8.3480,8.3190,8.3280,120638,1771961399999,1005658.8710,4701,70686,589332.3900,0
1771961400000,8.3280,8.3590,8.3250,8.3540,57924,1771962299999,483188.4380,2612,36411,303737.9530,0
1771962300000,8.3530,8.3610,8.3390,8.3440,41579,1771963199999,347262.8500,2210,22167,185169.5520,0
1771963200000,8.3440,8.3660,8.3320,8.3460,82835,1771964099999,691695.2400,4027,45718,381869.3140,0
1771964100000,8.3460,8.3670,8.3460,8.3570,38983,1771964999999,325800.3100,2439,22474,187828.8400,0
1771965000000,8.3560,8.3730,8.3450,8.3630,46834,1771965899999,391520.5350,2735,26658,222882.9550,0
1771965900000,8.3630,8.3640,8.3400,8.3520,58915,1771966799999,492026.5090,2904,20809,173800.2470,0
1771966800000,8.3510,8.3520,8.2980,8.3230,146179,1771967699999,1215695.9990,4898,63711,529949.6320,0
1771967700000,8.3220,8.3240,8.2770,8.2910,166828,1771968599999,1383502.0040,4277,54174,449391.1040,0
1771968600000,8.2910,8.3080,8.2820,8.2950,65844,1771969499999,546175.8520,2693,33855,280847.0100,0
1771969500000,8.2950,8.3100,8.2820,8.3030,82086,1771970399999,681197.0780,2514,53247,441888.6520,0
1771970400000,8.3030,8.3450,8.2950,8.3380,133207,1771971299999,1109162.2020,4553,83197,692771.8730,0
1771971300000,8.3370,8.3380,8.3100,8.3180,45773,1771972199999,380983.7590,2008,16051,133616.9550,0
1771972200000,8.3180,8.3230,8.2990,8.3050,55753,1771973099999,463240.8560,2187,20703,172021.8780,0
1771973100000,8.3050,8.3150,8.2820,8.3090,54356,1771973999999,451181.1980,2481,23502,195121.6860,0
1771974000000,8.3100,8.3130,8.2480,8.2770,153974,1771974899999,1273262.3790,5148,52590,434826.1970,0
1771974900000,8.2770,8.2970,8.2720,8.2960,60796,1771975799999,503609.8000,2548,36806,304905.3880,0
1771975800000,8.2970,8.3150,8.2920,8.2990,80472,1771976699999,668011.7930,2582,46708,387767.1170,0
1771976700000,8.2990,8.3020,8.2780,8.2790,53985,1771977599999,447502.3880,1964,23912,198232.6090,0
1771977600000,8.2800,8.2830,8.2590,8.2610,98902,1771978499999,818183.0370,3966,49349,408273.0180,0
1771978500000,8.2600,8.2940,8.2580,8.2870,103926,1771979399999,859872.3160,2979,43636,361030.6930,0
1771979400000,8.2870,8.3260,8.2870,8.3210,131274,1771980299999,1089193.3010,3317,103297,856944.0010,0
1771980300000,8.3210,8.3290,8.3060,8.3180,52253,1771981199999,434757.9260,2425,19640,163412.8870,0
1771981200000,8.3180,8.5840,8.3110,8.5510,961323,1771982099999,8143652.4340,22531,626509,5303761.6770,0
1771982100000,8.5500,8.6980,8.5220,8.6260,1050295,1771982999999,9054075.4740,26889,641918,5534482.9170,0
1771983000000,8.6260,8.6750,8.6070,8.6150,424847,1771983899999,3671462.7190,12615,230263,1990116.7140,0
1771983900000,8.6150,8.6360,8.5990,8.6110,213058,1771984799999,1835891.3660,6763,107218,924046.5610,0
1771984800000,8.6100,8.6860,8.6060,8.6770,595540,1771985699999,5154604.4720,15950,371609,3217303.3680,0
1771985700000,8.6770,8.6850,8.6520,8.6780,183576,1771986599999,1591530.1920,6428,77064,668131.8230,0
1771986600000,8.6790,8.7060,8.6450,8.6540,215264,1771987499999,1866850.2410,6595,110504,958972.3190,0
1771987500000,8.6550,8.6720,8.6150,8.6230,240392,1771988399999,2078217.3530,7131,112008,968565.2670,0
1771988400000,8.6240,8.6410,8.5930,8.6000,174963,1771989299999,1506347.6740,6990,81610,702688.5520,0
1771989300000,8.6010,8.6030,8.5320,8.5420,238943,1771990199999,2044679.4290,8394,113653,972409.8300,0
1771990200000,8.5420,8.5580,8.5120,8.5220,172773,1771991099999,1473880.9430,6792,84155,718081.4900,0
1771991100000,8.5220,8.5390,8.5020,8.5090,132944,1771991999999,1132203.0800,4544,72036,613580.0430,0
1771992000000,8.5100,8.5300,8.4530,8.5110,249728,1771992899999,2120678.5580,7474,135470,1150700.9070,0
1771992900000,8.5110,8.5300,8.4890,8.5290,142142,1771993799999,1209989.3950,5319,68285,581407.2960,0
1771993800000,8.5300,8.5630,8.5240,8.5590,89081,1771994699999,761084.2710,3678,59281,506520.1800,0
1771994700000,8.5600,8.5630,8.5260,8.5300,151932,1771995599999,1297575.8450,3913,68042,581094.5840,0
1771995600000,8.5310,8.5350,8.5100,8.5260,125040,1771996499999,1065738.8500,4291,59091,503744.8690,0
1771996500000,8.5260,8.5260,8.4680,8.4770,106633,1771997399999,905760.4550,4023,36816,312767.5170,0
1771997400000,8.4770,8.4790,8.4090,8.4420,204411,1771998299999,1725199.9090,6712,91451,771791.1050,0
1771998300000,8.4420,8.4710,8.4320,8.4680,116473,1771999199999,985048.4680,4058,76984,651116.7970,0
1771999200000,8.4680,8.5250,8.4680,8.5150,188984,1772000099999,1606384.6870,5140,131106,1114308.4810,0
1772000100000,8.5140,8.5220,8.4760,8.5110,112491,1772000999999,956519.7230,4190,51979,442004.2710,0
1772001000000,8.5110,8.5340,8.5010,8.5240,66072,1772001899999,563107.4130,2794,45272,385861.2320,0
1772001900000,8.5250,8.5250,8.4840,8.4980,57303,1772002799999,487129.6650,2789,19583,166441.6250,0
1772002800000,8.4980,8.5650,8.4980,8.5510,252038,1772003699999,2151167.2170,6863,146103,1246802.5890,0
1772003700000,8.5500,8.5630,8.5320,8.5490,140951,1772004599999,1204786.5030,4001,63848,545743.5780,0
1772004600000,8.5500,8.5770,8.5410,8.5490,105535,1772005499999,903022.1300,3479,52959,453241.1630,0
1772005500000,8.5500,8.5740,8.5400,8.5710,78419,1772006399999,671271.8820,2834,46231,395774.1510,0
1772006400000,8.5700,8.5720,8.5360,8.5460,130780,1772007299999,1118557.7490,5245,46842,400711.4050,0
1772007300000,8.5460,8.5950,8.5410,8.5810,150774,1772008199999,1292563.0390,5560,89100,763513.0170,0
1772008200000,8.5810,8.6110,8.5670,8.6000,162905,1772009099999,1398782.8490,5750,75796,651127.2630,0
1772009100000,8.6010,8.6290,8.5960,8.6220,136152,1772009999999,1172637.8970,5808,71892,619304.8600,0
1772010000000,8.6220,8.6840,8.6160,8.6680,221617,1772010899999,1916362.1170,7263,141816,1226617.0470,0
1772010900000,8.6680,8.6990,8.6480,8.6840,200178,1772011799999,1736687.1620,5697,85718,743907.4070,0
1772011800000,8.6850,8.6940,8.6660,8.6730,166467,1772012699999,1444481.5610,5812,68536,594808.3640,0
1772012700000,8.6730,8.7470,8.6720,8.7320,256006,1772013599999,2229426.1350,7155,164515,1433001.4730,0
1772013600000,8.7320,8.7970,8.7320,8.7680,588278,1772014499999,5155584.8010,13851,369613,3239557.9460,0
1772014500000,8.7680,8.7850,8.7550,8.7660,276841,1772015399999,2427202.8780,6875,115170,1009778.5000,0
1772015400000,8.7650,8.7860,8.7560,8.7800,237477,1772016299999,2082751.1080,6305,112992,991046.5080,0
1772016300000,8.7790,8.8300,8.7690,8.7970,409997,1772017199999,3610802.4960,9739,253517,2232731.1550,0
1772017200000,8.7960,8.8120,8.7610,8.8060,335004,1772018099999,2945423.6260,10024,179988,1582728.5010,0
1772018100000,8.8050,8.9600,8.8000,8.9110,920811,1772018999999,8186846.8200,19653,593039,5272267.9010,0
1772019000000,8.9110,8.9550,8.8940,8.9550,476796,1772019899999,4255541.9960,12686,232363,2074476.6710,0
1772019900000,8.9560,8.9840,8.9300,8.9700,366486,1772020799999,3281866.6230,11013,206676,1851181.0840,0
1772020800000,8.9690,9.0540,8.9560,9.0390,889271,1772021699999,8008306.2730,21312,507270,4568584.1310,0
1772021700000,9.0390,9.1680,9.0140,9.1430,943241,1772022599999,8586557.7090,25624,512521,4666681.9010,0
1772022600000,9.1430,9.2410,9.1360,9.2010,969562,1772023499999,8917702.9300,25282,439287,4039791.1500,0
1772023500000,9.2010,9.3320,9.2010,9.3090,840278,1772024399999,7791964.2850,24166,479634,4447539.7790,0
1772024400000,9.3080,9.4370,9.3080,9.4190,1175664,1772025299999,11031061.9120,38901,624234,5856669.3680,0
1772025300000,9.4190,9.5090,9.4140,9.4830,839355,1772026199999,7945884.3940,26230,426003,4032981.3920,0
1772026200000,9.4830,9.4910,9.3930,9.4040,607105,1772027099999,5742023.6780,21727,252243,2386658.8090,0
1772027100000,9.4030,9.4690,9.3810,9.3940,722449,1772027999999,6809525.2010,23100,330401,3115418.1270,0
1772028000000,9.3950,9.4260,9.3220,9.3710,696914,1772028899999,6531881.9940,22881,295849,2773858.1080,0
1772028900000,9.3710,9.4180,9.3590,9.4040,322798,1772029799999,3032852.7470,13372,198501,1864876.8310,0
1772029800000,9.4040,9.4440,9.3810,9.4210,470209,1772030699999,4424209.7780,18644,228443,2150107.6250,0
1772030700000,9.4200,9.4950,9.4180,9.4760,530565,1772031599999,5019764.8920,23725,307471,2909481.8210,0
1772031600000,9.4750,9.5050,9.4530,9.4870,406345,1772032499999,3851643.5670,19652,222877,2112953.4570,0
1772032500000,9.4870,9.5080,9.4610,9.4730,326056,1772033399999,3091937.8470,13124,141655,1343784.8450,0
1772033400000,9.4730,9.5550,9.4570,9.5350,491058,1772034299999,4668633.6880,17911,302081,2872975.3840,0
1772034300000,9.5340,9.5960,9.5020,9.5290,451867,1772035199999,4312326.0600,16107,221836,2117924.2810,0
1772035200000,9.5290,9.6300,9.5290,9.6140,621201,1772036099999,5955346.5540,18677,374869,3593828.4870,0
1772036100000,9.6140,9.6620,9.6070,9.6510,428383,1772036999999,4127374.9760,14158,199046,1918032.0360,0
1772037000000,9.6510,9.7100,9.6340,9.6810,364749,1772037899999,3527107.9380,12916,184443,1783582.8320,0
1772037900000,9.6810,9.8140,9.6810,9.7920,768282,1772038799999,7502751.9030,22043,491955,4803974.2750,0
1772038800000,9.7920,9.8190,9.6830,9.7210,650492,1772039699999,6338113.3480,20816,294129,2866361.7440,0
1772039700000,9.7200,9.7560,9.6500,9.6600,519021,1772040599999,5029159.4510,15805,236599,2293314.0540,0
1772040600000,9.6600,9.6720,9.6150,9.6600,353658,1772041499999,3413137.1610,12871,181096,1747927.5860,0
1772041500000,9.6610,9.6960,9.6540,9.6650,225883,1772042399999,2185135.6990,7349,143373,1387058.1810,0
1772042400000,9.6650,9.6890,9.5810,9.6440,404086,1772043299999,3887185.7800,13110,188102,1809940.3770,0
1772043300000,9.6440,9.7390,9.6400,9.7180,333607,1772044199999,3230729.3640,10214,211760,2051299.3810,0
1772044200000,9.7190,9.7580,9.6780,9.7530,240141,1772045099999,2334960.0310,8823,131463,1278848.7800,0
1772045100000,9.7520,9.7720,9.7240,9.7370,211618,1772045999999,2062598.4360,7470,93002,906475.5340,0
1772046000000,9.7370,9.7380,9.6310,9.6630,316865,1772046899999,3069937.9130,11761,125990,1220182.4890,0
1772046900000,9.6630,9.7240,9.6510,9.7090,232515,1772047799999,2252520.1660,7892,135073,1308363.6580,0
1772047800000,9.7090,9.7270,9.6890,9.7080,135757,1772048699999,1317541.6090,6791,67385,653953.8670,0
1772048700000,9.7080,9.7750,9.7010,9.7470,193483,1772049599999,1885800.5920,7623,116035,1130895.9880,0
1772049600000,9.7480,9.7840,9.6820,9.6830,364088,1772050499999,3545047.5510,12315,154350,1504433.9910,0
1772050500000,9.6820,9.6900,9.6490,9.6500,250045,1772051399999,2418419.6050,8540,129166,1249390.5400,0
1772051400000,9.6490,9.7050,9.6460,9.6890,157980,1772052299999,1529786.1760,7692,102768,995134.6460,0
1772052300000,9.6900,9.7340,9.6800,9.6860,227190,1772053199999,2205071.1920,8455,132617,1287231.5360,0
1772053200000,9.6850,9.7040,9.6670,9.6710,96517,1772054099999,935085.8120,6237,59636,577834.2130,0
1772054100000,9.6710,9.6900,9.6540,9.6540,117499,1772054999999,1136562.5840,5768,65144,630256.9000,0
1772055000000,9.6530,9.8410,9.6380,9.7280,701550,1772055899999,6837032.1340,24202,393815,3838437.5640,0
1772055900000,9.7270,9.7550,9.6810,9.7050,302298,1772056799999,2937293.0950,11129,136868,1330234.9620,0
1772056800000,9.7050,9.7440,9.6990,9.7380,142124,1772057699999,1381806.8860,7910,74256,721989.2740,0
1772057700000,9.7380,9.7440,9.6680,9.6690,143775,1772058599999,1393990.6190,5302,55506,538224.9890,0
1772058600000,9.6690,9.6780,9.5680,9.6100,375652,1772059499999,3614000.1600,9935,159375,1533161.0730,0
1772059500000,9.6100,9.6190,9.5360,9.5880,273357,1772060399999,2616279.3990,8823,113365,1085467.2930,0
1772060400000,9.5870,9.6510,9.5530,9.6310,208194,1772061299999,2001948.3050,8357,115785,1113504.2540,0
1772061300000,9.6310,9.6310,9.5380,9.5470,225406,1772062199999,2156538.8490,7040,95393,912610.1490,0
1772062200000,9.5480,9.5560,9.4160,9.4280,501169,1772063099999,4748210.6550,13704,191885,1817668.4730,0
1772063100000,9.4290,9.5160,9.4230,9.5150,327270,1772063999999,3098494.1270,9646,216118,2046140.6690,0
1772064000000,9.5160,9.6070,9.4740,9.6010,509756,1772064899999,4864488.0700,15875,283598,2707156.7710,0
1772064900000,9.6010,9.6320,9.5780,9.5780,376430,1772065799999,3616077.9890,12092,166259,1597586.8270,0
1772065800000,9.5770,9.5890,9.4800,9.5280,363935,1772066699999,3472656.6430,12014,151361,1444242.3290,0
1772066700000,9.5280,9.5390,9.4950,9.5170,207755,1772067599999,1976872.3850,7148,102549,975789.5650,0
1772067600000,9.5180,9.5700,9.5010,9.5580,223508,1772068499999,2132365.9000,8557,133819,1276740.2390,0
1772068500000,9.5570,9.5650,9.5180,9.5230,186965,1772069399999,1782805.7740,6812,95325,909085.2970,0
1772069400000,9.5220,9.5640,9.4930,9.5160,191535,1772070299999,1825324.4130,6774,112462,1071994.0380,0
1772070300000,9.5170,9.5400,9.4960,9.5010,204866,1772071199999,1949813.3560,6194,87399,832192.9670,0
1772071200000,9.5010,9.5040,9.4270,9.4440,316831,1772072099999,2996640.3920,10182,140355,1327337.8020,0
1772072100000,9.4450,9.5140,9.4450,9.4500,191696,1772072999999,1816948.0130,6248,106159,1006605.5270,0
1772073000000,9.4500,9.5000,9.4500,9.4950,232033,1772073899999,2198114.4210,7393,133305,1262905.7700,0
1772073900000,9.4950,9.5170,9.4650,9.4780,208579,1772074799999,1978762.6440,5391,95591,907146.1310,0
1772074800000,9.4780,9.4950,9.4440,9.4510,177797,1772075699999,1683080.7880,6286,83265,788218.6530,0
1772075700000,9.4500,9.4540,9.4230,9.4330,106548,1772076599999,1005770.6370,3762,42648,402583.5250,0
1772076600000,9.4340,9.4720,9.4300,9.4620,131467,1772077499999,1242960.3440,4703,74017,699756.9290,0
1772077500000,9.4610,9.4790,9.4510,9.4510,74787,1772078399999,708027.5770,3259,46800,443086.8080,0
1772078400000,9.4500,9.5280,9.4400,9.4790,199481,1772079299999,1892465.7170,6624,115134,1092573.1590,0
1772079300000,9.4790,9.5090,9.4600,9.4870,166764,1772080199999,1582171.8300,5780,101020,958698.3150,0
1772080200000,9.4860,9.5600,9.4830,9.5190,207652,1772081099999,1976881.4530,6852,122541,1166739.1810,0
1772081100000,9.5180,9.5280,9.5000,9.5010,107270,1772081999999,1020605.4780,3978,49978,475553.2590,0
1772082000000,9.5020,9.5030,9.4150,9.4370,276142,1772082899999,2611447.1160,7989,98445,930740.8290,0
1772082900000,9.4360,9.4550,9.4110,9.4330,249037,1772083799999,2348711.1880,6857,149429,1409497.3610,0
1772083800000,9.4330,9.4530,9.4040,9.4300,206288,1772084699999,1945141.7820,5471,75512,712272.9340,0
1772084700000,9.4310,9.4510,9.4210,9.4290,91259,1772085599999,860872.5300,3869,39831,375794.0610,0
1772085600000,9.4290,9.4520,9.4050,9.4310,178668,1772086499999,1684049.2820,6550,90727,855392.1700,0
1772086500000,9.4300,9.4490,9.4170,9.4210,141220,1772087399999,1332500.7890,5121,79697,752061.1580,0
1772087400000,9.4210,9.4280,9.3960,9.3970,116432,1772088299999,1095626.8010,5211,47866,450443.5910,0
1772088300000,9.3970,9.4410,9.3410,9.3620,722703,1772089199999,6778544.4070,14395,286357,2686677.9210,0
1772089200000,9.3620,9.3870,9.3600,9.3720,151928,1772090099999,1424084.5320,5518,91019,853113.5940,0
1772090100000,9.3710,9.3820,9.3580,9.3670,104514,1772090999999,979130.9450,3392,58703,549945.5420,0
1772091000000,9.3660,9.3710,9.3310,9.3420,150586,1772091899999,1408265.2800,4713,72764,680617.9840,0
1772091900000,9.3410,9.3420,9.3150,9.3210,208146,1772092799999,1941386.2410,5316,66049,616105.7240,0
1772092800000,9.3210,9.3430,9.3130,9.3350,293196,1772093699999,2734579.9860,6710,155757,1452748.7160,0
1772093700000,9.3360,9.3790,9.3240,9.3450,245489,1772094599999,2295427.1800,6489,155145,1450777.3850,0
1772094600000,9.3460,9.3670,9.3140,9.3210,329423,1772095499999,3077898.5010,8459,159056,1486100.9490,0
1772095500000,9.3210,9.3440,9.3120,9.3220,115069,1772096399999,1073293.2010,3716,54321,506743.1870,0
1772096400000,9.3230,9.3990,9.3140,9.3800,210765,1772097299999,1972585.7190,6355,148224,1387353.3780,0
1772097300000,9.3800,9.3830,9.3190,9.3440,201594,1772098199999,1885387.6070,5340,101339,947632.0940,0
1772098200000,9.3440,9.3830,9.3330,9.3570,245949,1772099099999,2302212.2640,6136,84863,794674.2790,0
1772099100000,9.3570,9.4020,9.3360,9.3760,572699,1772099999999,5364973.6890,11285,367884,3446475.2850,0
1772100000000,9.3770,9.3950,9.3560,9.3620,186564,1772100899999,1748858.2790,6120,88957,834082.6230,0
1772100900000,9.3620,9.3670,9.3440,9.3500,126938,1772101799999,1187570.7850,3635,43324,405317.0230,0
1772101800000,9.3510,9.3590,9.3240,9.3390,109531,1772102699999,1023299.8780,3593,52071,486401.4000,0
1772102700000,9.3380,9.3400,9.2790,9.2920,255564,1772103599999,2376852.5080,5151,87300,811821.4060,0
1772103600000,9.2920,9.3030,9.2800,9.2850,114034,1772104499999,1059727.2720,4609,67230,624809.5400,0
1772104500000,9.2840,9.2860,9.2390,9.2470,247512,1772105399999,2291471.8180,5742,78162,723891.5360,0
1772105400000,9.2470,9.2600,9.2400,9.2480,97941,1772106299999,905998.1420,3879,41331,382364.0620,0
1772106300000,9.2480,9.2510,9.2300,9.2380,126131,1772107199999,1165488.1330,4219,55816,515793.6060,0
1772107200000,9.2380,9.2640,9.2310,9.2580,150243,1772108099999,1389577.5410,5282,90206,834412.1470,0
1772108100000,9.2570,9.2950,9.2520,9.2940,181475,1772108999999,1683168.7500,4477,127283,1180578.8340,0
1772109000000,9.2950,9.3610,9.2900,9.3340,178931,1772109899999,1668562.5330,4733,136568,1273265.4680,0
1772109900000,9.3340,9.3570,9.3220,9.3490,139125,1772110799999,1299627.6960,3781,86834,811246.1420,0
1772110800000,9.3490,9.3660,9.3210,9.3250,174111,1772111699999,1626022.8060,4379,60658,566715.0320,0
1772111700000,9.3250,9.3500,9.3120,9.3380,105481,1772112599999,983848.8890,3521,46257,431601.7920,0
1772112600000,9.3380,9.3430,9.3240,9.3400,100550,1772113499999,938424.7820,3920,47377,442174.1700,0
1772113500000,9.3410,9.3720,9.3150,9.3280,166069,1772114399999,1552059.7450,4394,83815,783742.7040,0
1772114400000,9.3290,9.3810,9.3130,9.3430,164312,1772115299999,1534929.7900,5385,79193,740156.3060,0
1772115300000,9.3430,9.3690,9.3150,9.3510,143205,1772116199999,1337653.9650,4144,68004,635328.9780,0
1772116200000,9.3510,9.3880,9.2990,9.3380,346348,1772117099999,3237794.1540,14599,163629,1530017.5030,0
1772117100000,9.3370,9.3380,9.2710,9.3180,505947,1772117999999,4706217.5370,15904,215832,2007829.8080,0
1772118000000,9.3170,9.3310,9.2650,9.2960,251241,1772118899999,2338595.1680,10371,122951,1144582.7740,0
1772118900000,9.2960,9.2970,9.2040,9.2370,650589,1772119799999,6010117.6700,16687,302206,2792439.4290,0
1772119800000,9.2360,9.3360,9.2100,9.3200,438772,1772120699999,4067102.7740,14152,249767,2316416.4430,0
1772120700000,9.3200,9.3480,9.2750,9.3010,247130,1772121599999,2300293.6750,8892,117984,1098571.2970,0
1772121600000,9.3020,9.3110,9.2400,9.2510,229380,1772122499999,2125966.5030,9011,78274,725456.3960,0
1772122500000,9.2500,9.3200,9.2460,9.2950,176138,1772123399999,1635190.6850,6404,110299,1024052.6620,0
1772123400000,9.2940,9.2960,9.1860,9.2160,374582,1772124299999,3453037.9900,9640,153916,1418787.7620,0
1772124300000,9.2160,9.2200,9.0890,9.1100,908155,1772125199999,8300321.9940,19674,402090,3673654.1930,0
1772125200000,9.1100,9.1870,9.1030,9.1330,376678,1772126099999,3445508.8810,12262,215072,1967120.6270,0
1772126100000,9.1330,9.1780,9.1280,9.1420,152424,1772126999999,1394014.2810,5555,85138,778840.1040,0
1772127000000,9.1420,9.1630,9.1110,9.1160,173473,1772127899999,1584950.2350,5552,82864,757529.5630,0
1772127900000,9.1150,9.1210,9.0880,9.1130,137881,1772128799999,1255890.1060,4555,72996,664934.1520,0
1772128800000,9.1130,9.1310,9.0870,9.1190,171389,1772129699999,1561011.2940,7094,85923,782841.3370,0
1772129700000,9.1190,9.1600,9.1160,9.1380,187645,1772130599999,1715405.9060,6111,118212,1080764.7780,0
1772130600000,9.1370,9.2270,9.1360,9.1990,250182,1772131499999,2299331.6490,7780,139679,1283595.2430,0
1772131500000,9.1990,9.2260,9.1940,9.2130,97205,1772132399999,895131.4660,3457,55637,512280.6820,0
1772132400000,9.2130,9.3400,9.2080,9.2780,429686,1772133299999,3987292.2450,11373,257211,2386079.2080,0
1772133300000,9.2790,9.3050,9.2670,9.2900,207446,1772134199999,1926502.1260,5043,108623,1008934.3980,0
1772134200000,9.2910,9.3150,9.2640,9.2760,162875,1772135099999,1513261.5940,4351,73177,680244.1860,0
1772135100000,9.2760,9.3130,9.2760,9.2980,134717,1772135999999,1252267.7530,4052,82901,770661.8390,0
1772136000000,9.2980,9.3350,9.2810,9.2810,166293,1772136899999,1547872.8670,4445,79908,743938.7370,0
1772136900000,9.2810,9.3070,9.2700,9.2730,126034,1772137799999,1170827.5080,3279,47043,437223.0420,0
1772137800000,9.2730,9.2760,9.2340,9.2480,153045,1772138699999,1415704.6470,4744,50954,471343.6730,0
1772138700000,9.2470,9.2530,9.2300,9.2450,77535,1772139599999,716621.4210,3638,46222,427254.9550,0
1772139600000,9.2460,9.2590,9.2290,9.2570,83303,1772140499999,770019.1690,4275,45723,422681.9810,0
1772140500000,9.2580,9.2670,9.2450,9.2670,66762,1772141399999,617919.7150,3295,39490,365536.7080,0
1772141400000,9.2660,9.2700,9.2420,9.2490,79225,1772142299999,733249.9640,3454,27550,255004.5930,0
1772142300000,9.2490,9.2560,9.2320,9.2410,93330,1772143199999,862657.0720,3436,37028,342271.5830,0
1772143200000,9.2420,9.2870,9.2350,9.2700,118880,1772144099999,1100854.5370,3383,82305,762148.3420,0
1772144100000,9.2710,9.2760,9.2580,9.2700,73400,1772144999999,680189.2870,2225,52554,486980.9050,0
1772145000000,9.2700,9.3150,9.2650,9.3130,110305,1772145899999,1025116.6240,2767,84198,782349.8590,0
1772145900000,9.3130,9.3250,9.3030,9.3200,70562,1772146799999,657328.6100,2307,49463,460789.7010,0
1772146800000,9.3200,9.3300,9.2980,9.3200,86792,1772147699999,808403.8180,3830,47271,440335.4360,0
1772147700000,9.3200,9.3290,9.3070,9.3210,73204,1772148599999,682219.9030,2498,29721,277014.5570,0
1772148600000,9.3220,9.3220,9.2950,9.2950,53105,1772149499999,494339.4170,2026,14159,131797.1940,0
1772149500000,9.2960,9.3040,9.2920,9.3020,45552,1772150399999,423582.5430,1954,20198,187812.9740,0
1772150400000,9.3020,9.3110,9.2760,9.2910,78622,1772151299999,730915.5300,3923,30562,284162.2320,0
1772151300000,9.2900,9.3010,9.2760,9.2910,88962,1772152199999,826372.7130,2821,58684,545165.8920,0
1772152200000,9.2910,9.2910,9.2510,9.2650,59062,1772153099999,547435.1520,2601,17476,161994.6370,0
1772153100000,9.2650,9.2810,9.2460,9.2810,85438,1772153999999,791509.8010,2862,34457,319277.4580,0
1772154000000,9.2810,9.2840,9.2410,9.2570,103277,1772154899999,956775.9070,4093,40824,378256.8120,0
1772154900000,9.2570,9.2910,9.2510,9.2680,73983,1772155799999,686057.1760,3093,40968,379907.5840,0
1772155800000,9.2670,9.2950,9.2560,9.2770,131544,1772156699999,1220696.8820,4984,69710,646970.0320,0
1772156700000,9.2780,9.3040,9.2720,9.3030,73687,1772157599999,684589.9360,3133,44614,414553.1150,0
1772157600000,9.3020,9.3360,9.2970,9.3130,105329,1772158499999,981595.2160,3142,69896,651407.8520,0
1772158500000,9.3130,9.3440,9.2990,9.3230,95982,1772159399999,894852.0950,3188,49158,458324.5100,0
1772159400000,9.3230,9.3720,9.3190,9.3540,159167,1772160299999,1488662.9250,4555,106284,994272.0620,0
1772160300000,9.3540,9.3800,9.3440,9.3440,120444,1772161199999,1127599.8410,3839,71186,666502.0710,0
1772161200000,9.3450,9.3500,9.3260,9.3450,98710,1772162099999,921715.2940,3781,40629,379401.7380,0
1772162100000,9.3450,9.3480,9.3170,9.3240,45788,1772162999999,427148.3990,1938,13274,123833.1200,0
1772163000000,9.3250,9.3790,9.3200,9.3640,114422,1772163899999,1070205.9910,3572,72199,675306.0160,0
1772163900000,9.3630,9.4250,9.3570,9.4060,187138,1772164799999,1758368.8410,4849,142936,1343205.3700,0
1772164800000,9.4070,9.4690,9.4050,9.4540,288139,1772165699999,2719335.0860,9331,191892,1810850.3120,0
1772165700000,9.4530,9.4810,9.4420,9.4470,186757,1772166599999,1766544.1410,6223,91837,868677.3750,0
1772166600000,9.4480,9.4530,9.3920,9.3930,164958,1772167499999,1552767.2980,4305,50676,477101.5240,0
1772167500000,9.3940,9.4180,9.3870,9.3960,111599,1772168399999,1049101.8630,3871,62813,590487.3080,0
1772168400000,9.3960,9.4160,9.3940,9.4040,96983,1772169299999,912117.7860,4189,62078,583834.6740,0
1772169300000,9.4040,9.4140,9.3770,9.3970,92107,1772170199999,865350.8390,3450,39559,371795.0070,0
1772170200000,9.3970,9.4240,9.3960,9.4160,79768,1772171099999,750553.1850,2593,53364,502017.4410,0
1772171100000,9.4160,9.4190,9.3970,9.4130,78596,1772171999999,739516.8400,2609,45743,430401.5250,0
1772172000000,9.4120,9.4340,9.4020,9.4270,115623,1772172899999,1089142.7170,4955,62174,585599.6880,0
1772172900000,9.4260,9.4360,9.3600,9.3880,376124,1772173799999,3533903.8390,9226,125030,1174525.3540,0
1772173800000,9.3880,9.4030,9.3730,9.4010,124875,1772174699999,1172726.0180,3528,74691,701563.6290,0
1772174700000,9.4000,9.4230,9.3960,9.4020,103838,1772175599999,977202.5280,2581,70755,665863.8000,0
1772175600000,9.4010,9.4120,9.3770,9.3970,82958,1772176499999,779544.5290,3352,40891,384249.8060,0
1772176500000,9.3970,9.3970,9.3670,9.3730,78231,1772177399999,734074.0100,2818,25946,243458.3900,0
1772177400000,9.3730,9.3780,9.3370,9.3580,119160,1772178299999,1115067.3130,3792,34710,324803.7910,0
1772178300000,9.3580,9.3910,9.3560,9.3820,82753,1772179199999,775837.0210,3202,61451,576045.3730,0
1772179200000,9.3810,9.4240,9.3800,9.4020,137093,1772180099999,1289157.3620,4973,92579,870594.0970,0
1772180100000,9.4020,9.4130,9.3850,9.4000,112087,1772180999999,1053719.9200,3137,61734,580384.9930,0
1772181000000,9.4010,9.4190,9.3570,9.3770,123581,1772181899999,1158700.4360,3912,44292,415483.8300,0
1772181900000,9.3770,9.3890,9.3620,9.3740,115603,1772182799999,1083894.2350,3345,64837,608013.1500,0
1772182800000,9.3740,9.3840,9.3600,9.3710,103826,1772183699999,973001.5370,3995,50224,470731.3090,0
1772183700000,9.3710,9.3870,9.3420,9.3600,112155,1772184599999,1050057.5430,3895,55594,520525.3040,0
1772184600000,9.3600,9.3690,9.2880,9.2890,183546,1772185499999,1711970.2670,5233,67234,627543.3170,0
1772185500000,9.2880,9.2910,9.2460,9.2700,219880,1772186399999,2038504.7270,6318,89042,825589.8240,0
1772186400000,9.2700,9.2760,9.1870,9.1950,279805,1772187299999,2583123.8280,8957,104416,964584.7140,0
1772187300000,9.1950,9.2260,9.1840,9.1900,226852,1772188199999,2087608.3650,6727,108426,998009.9660,0
1772188200000,9.1900,9.2240,9.1880,9.2020,107783,1772189099999,992167.1790,4124,60457,556606.0000,0
1772189100000,9.2010,9.2020,9.0740,9.0980,512814,1772189999999,4677631.2770,11406,143336,1307643.2560,0
1772190000000,9.0980,9.1230,9.0880,9.1030,245400,1772190899999,2234368.0520,6874,143535,1306963.7310,0
1772190900000,9.1030,9.1250,9.0640,9.0980,309261,1772191799999,2811781.0630,8084,172560,1568876.2100,0
1772191800000,9.0970,9.0980,8.9850,9.0060,479932,1772192699999,4337536.7290,14107,152084,1374527.4100,0
1772192700000,9.0060,9.0350,8.9850,9.0270,297122,1772193599999,2678234.1260,8380,168002,1514887.6340,0
1772193600000,9.0270,9.0310,8.9910,9.0240,340208,1772194499999,3065325.7370,9271,176487,1590415.5470,0
1772194500000,9.0240,9.0540,9.0090,9.0250,162763,1772195399999,1469600.6260,6183,97971,884628.5920,0
1772195400000,9.0260,9.0440,9.0080,9.0170,76120,1772196299999,686885.4660,4716,36707,331255.3840,0
1772196300000,9.0160,9.0200,8.9930,9.0150,212939,1772197199999,1917107.9870,7184,69744,628006.2410,0
1772197200000,9.0150,9.0460,9.0040,9.0280,188502,1772198099999,1701197.9710,7105,116092,1047797.0200,0
1772198100000,9.0290,9.0390,9.0050,9.0110,107950,1772198999999,973569.0620,5146,41755,376620.2270,0
1772199000000,9.0110,9.0110,8.9110,8.9710,703329,1772199899999,6298165.0950,20839,262405,2350006.1650,0
1772199900000,8.9710,9.0150,8.9650,8.9970,192038,1772200799999,1727085.8990,6880,125072,1124932.0920,0
1772200800000,8.9980,9.0070,8.9720,8.9840,115351,1772201699999,1036632.2140,5288,41639,374246.7740,0
1772201700000,8.9840,8.9840,8.9470,8.9620,112038,1772202599999,1004153.0200,5591,52842,473610.7860,0
1772202600000,8.9620,8.9970,8.9480,8.9570,259211,1772203499999,2326339.3640,11316,134989,1211657.0860,0
1772203500000,8.9570,8.9720,8.9320,8.9540,258720,1772204399999,2315728.9730,9720,146685,1313115.1060,0
1772204400000,8.9530,9.0220,8.9420,8.9890,257719,1772205299999,2316480.2330,9807,165920,1491691.8920,0
1772205300000,8.9900,9.0100,8.9660,9.0070,159863,1772206199999,1437656.1320,6243,78717,707990.8590,0
1772206200000,9.0070,9.0090,8.9730,8.9900,143388,1772207099999,1288806.5550,5149,70012,629294.5290,0
1772207100000,8.9910,9.0230,8.9860,9.0110,103266,1772207999999,929809.8250,4113,58046,522790.2930,0
1772208000000,9.0110,9.0110,8.9500,8.9790,229438,1772208899999,2059852.8820,8258,95860,860515.6970,0
1772208900000,8.9790,9.0130,8.9740,8.9830,113710,1772209799999,1022321.6820,5130,57357,515684.9440,0
1772209800000,8.9830,8.9920,8.9230,8.9340,190055,1772210699999,1702296.3720,5161,58971,528423.5160,0
1772210700000,8.9340,8.9430,8.8910,8.9060,267395,1772211599999,2382736.5620,8121,104128,928081.2970,0
1772211600000,8.9060,8.9390,8.8950,8.9050,190867,1772212499999,1701856.1410,6590,94436,842409.0630,0
1772212500000,8.9060,8.9160,8.8700,8.8780,237459,1772213399999,2109886.9830,7247,97088,862615.6920,0
1772213400000,8.8780,8.9120,8.8560,8.8970,213067,1772214299999,1893406.8920,7935,125690,1117095.9680,0
1772214300000,8.8980,8.9550,8.8930,8.9480,168503,1772215199999,1503826.0460,4959,116228,1037510.4490,0
1772215200000,8.9480,8.9670,8.9380,8.9420,104907,1772216099999,939003.6840,5109,63392,567472.0430,0
1772216100000,8.9430,8.9570,8.9300,8.9500,71571,1772216999999,640185.1640,2997,48015,429556.0800,0
1772217000000,8.9510,8.9830,8.9500,8.9690,120076,1772217899999,1076606.4940,4038,82976,744006.3430,0
1772217900000,8.9690,8.9700,8.9270,8.9320,92217,1772218799999,824668.1440,3289,29356,262552.1250,0
1772218800000,8.9310,8.9480,8.8970,8.9190,130772,1772219699999,1166785.7880,4572,60748,542068.6230,0
1772219700000,8.9190,8.9490,8.9040,8.9370,155953,1772220599999,1391848.6780,4076,88634,791482.9380,0
1772220600000,8.9370,8.9400,8.8490,8.8570,408284,1772221499999,3627450.4370,6561,93701,832232.5140,0
1772221500000,8.8570,8.9050,8.8520,8.8890,352950,1772222399999,3133471.4660,7298,215914,1917073.0880,0
1772222400000,8.8890,8.9020,8.8770,8.8980,155231,1772223299999,1380144.5320,6363,65072,578617.0160,0
1772223300000,8.8990,8.9060,8.8820,8.8840,128839,1772224199999,1145941.3280,4620,59634,530414.7480,0
1772224200000,8.8850,8.8980,8.8760,8.8880,68058,1772225099999,604776.4160,3597,23951,212828.8580,0
1772225100000,8.8890,8.9130,8.8840,8.8970,96656,1772225999999,859868.0950,4704,46697,415437.1730,0
1772226000000,8.8980,8.9380,8.8930,8.9250,134723,1772226899999,1201567.7690,4602,94535,843119.8900,0
1772226900000,8.9260,8.9320,8.9030,8.9030,87875,1772227799999,783710.9660,2693,33806,301484.6710,0
1772227800000,8.9040,8.9060,8.8840,8.8960,93650,1772228699999,832818.1560,2695,16569,147341.6490,0
1772228700000,8.8970,8.8970,8.8670,8.8850,84462,1772229599999,750271.5520,2809,25989,230797.6280,0
1772229600000,8.8850,8.9000,8.8750,8.8770,57572,1772230499999,511654.4810,2453,30343,269694.7620,0
1772230500000,8.8780,8.8960,8.8530,8.8600,121047,1772231399999,1073188.8640,3005,41608,369066.6940,0
1772231400000,8.8590,8.8800,8.7760,8.8720,461768,1772232299999,4076237.3590,11058,210971,1864094.1990,0
1772232300000,8.8730,8.8900,8.8700,8.8860,52323,1772233199999,464595.7010,2953,34092,302714.5470,0
1772233200000,8.8860,8.9220,8.8830,8.9040,133772,1772234099999,1191280.2500,4158,88502,788157.7020,0
1772234100000,8.9050,8.9470,8.8990,8.9370,140237,1772234999999,1251894.5600,3328,97091,866636.8380,0
1772235000000,8.9370,8.9610,8.9350,8.9500,76593,1772235899999,685428.1940,3083,48216,431496.8740,0
1772235900000,8.9500,8.9620,8.9450,8.9450,50133,1772236799999,448769.7130,2179,23539,210728.7860,0
1772236800000,8.9460,8.9710,8.9350,8.9650,100722,1772237699999,901750.6900,4528,50272,450144.9220,0
1772237700000,8.9660,8.9690,8.9400,8.9500,77749,1772238599999,696028.7720,2651,34795,311518.5220,0
1772238600000,8.9490,8.9670,8.9460,8.9640,42126,1772239499999,377283.9000,2023,22413,200738.2730,0
1772239500000,8.9650,8.9660,8.9410,8.9550,59659,1772240399999,534061.9880,2288,22436,200843.9690,0
1772240400000,8.9560,8.9650,8.9270,8.9320,57325,1772241299999,512845.5250,2792,17531,156877.2510,0
1772241300000,8.9330,8.9430,8.9090,8.9110,96244,1772242199999,859584.0220,2739,25048,223794.6960,0
1772242200000,8.9120,8.9140,8.8930,8.9110,85424,1772243099999,760640.5310,3244,33081,294577.6770,0
1772243100000,8.9110,8.9270,8.9030,8.9030,59412,1772243999999,529748.8270,2048,31268,278852.7660,0
1772244000000,8.9040,8.9200,8.9040,8.9080,42361,1772244899999,377506.7700,2938,16576,147703.3950,0
1772244900000,8.9080,8.9270,8.9060,8.9250,38898,1772245799999,346978.8490,2113,27627,246456.3110,0
1772245800000,8.9260,8.9340,8.9200,8.9270,37776,1772246699999,337198.6200,2071,21585,192676.7290,0
1772246700000,8.9280,8.9340,8.9200,8.9270,21487,1772247599999,191835.8440,1626,10605,94685.5000,0
1772247600000,8.9280,8.9280,8.9040,8.9100,64845,1772248499999,578129.7330,2797,18429,164304.0620,0
1772248500000,8.9100,8.9210,8.9010,8.9040,33691,1772249399999,300274.2010,1924,12608,112401.3160,0
1772249400000,8.9040,8.9070,8.8710,8.8780,85188,1772250299999,757055.7710,3143,22605,200943.4120,0
1772250300000,8.8780,8.8950,8.8750,8.8840,38681,1772251199999,343618.7250,2156,19501,173249.6510,0
1772251200000,8.8830,8.8860,8.8600,8.8710,78097,1772252099999,693000.7670,3238,24532,217710.0330,0
1772252100000,8.8710,8.8920,8.8670,8.8710,51688,1772252999999,458948.5840,2372,32177,285741.4060,0
1772253000000,8.8710,8.8810,8.8380,8.8750,109051,1772253899999,966204.0100,3689,51603,457391.5440,0
1772253900000,8.8740,8.8880,8.8720,8.8840,41542,1772254799999,368929.1820,2103,30105,267359.1130,0
1772254800000,8.8840,8.9010,8.8810,8.8950,73842,1772255699999,656627.3410,2318,48581,431990.1440,0
1772255700000,8.8940,8.8940,8.8740,8.8740,51067,1772256599999,453643.0430,2084,20130,178818.5910,0
1772256600000,8.8740,8.8740,8.8520,8.8640,94578,1772257499999,838284.6780,3581,32162,285089.8130,0
1772257500000,8.8630,8.8790,8.8590,8.8790,43228,1772258399999,383244.5230,2227,26129,231675.1170,0
1772258400000,8.8780,8.8780,8.8310,8.8360,100176,1772259299999,886971.5250,4007,23328,206458.9660,0
1772259300000,8.8360,8.8520,8.6730,8.7250,1245833,1772260199999,10923298.8110,29513,513018,4499157.5970,0
1772260200000,8.7250,8.7380,8.5580,8.6610,1095928,1772261099999,9457916.7460,36307,499625,4312721.2760,0
1772261100000,8.6610,8.6610,8.5090,8.5300,617911,1772261999999,5295033.4350,20602,276013,2366535.0790,0
1772262000000,8.5310,8.6370,8.4800,8.6200,655348,1772262899999,5611668.4790,20357,349572,2995727.1250,0
1772262900000,8.6210,8.6410,8.5400,8.5540,196574,1772263799999,1686757.3560,8521,72578,622517.8040,0
1772263800000,8.5550,8.7270,8.5510,8.7010,404945,1772264699999,3505788.4040,13354,259254,2243309.8480,0
1772264700000,8.7000,8.7020,8.6160,8.6170,194812,1772265599999,1686021.1710,6433,67121,580763.5030,0
1772265600000,8.6170,8.6240,8.5500,8.5510,269632,1772266499999,2315007.5460,9656,106204,912023.7570,0
1772266500000,8.5510,8.5660,8.5050,8.5200,281308,1772267399999,2401672.0590,9120,130547,1114785.2190,0
1772267400000,8.5200,8.5380,8.4960,8.5050,168879,1772268299999,1438252.6700,6912,83852,714223.3680,0
1772268300000,8.5050,8.5140,8.4720,8.4800,145381,1772269199999,1234043.2770,6915,50135,425747.1310,0
1772269200000,8.4790,8.5000,8.4260,8.4800,342343,1772270099999,2895781.2720,12409,132214,1118875.1710,0
1772270100000,8.4790,8.5000,8.4560,8.4880,175819,1772270999999,1490844.2800,8183,91304,774150.6850,0
1772271000000,8.4870,8.4890,8.4380,8.4480,131999,1772271899999,1117041.6190,5468,74107,627177.1420,0
1772271900000,8.4490,8.4790,8.4310,8.4760,137446,1772272799999,1162414.9850,5322,71602,605561.4580,0
1772272800000,8.4750,8.4750,8.4290,8.4610,150271,1772273699999,1270420.4300,7018,77157,652310.5750,0
1772273700000,8.4610,8.5120,8.4550,8.5000,183155,1772274599999,1555169.6510,7097,103471,878680.7840,0
1772274600000,8.4990,8.5530,8.4960,8.5190,150106,1772275499999,1280910.0940,6018,85835,732486.8020,0
1772275500000,8.5180,8.5220,8.4910,8.5030,106872,1772276399999,909015.7900,4399,39682,337572.2730,0
1772276400000,8.5020,8.5460,8.4960,8.5180,122260,1772277299999,1041628.5670,6464,66487,566521.9950,0
1772277300000,8.5170,8.5460,8.5010,8.5380,123796,1772278199999,1055525.5880,4954,71583,610376.9480,0
1772278200000,8.5380,8.5580,8.5130,8.5180,87578,1772279099999,747688.1010,5138,38072,325176.9360,0
1772279100000,8.5190,8.5270,8.4650,8.4670,140976,1772279999999,1198505.2350,5679,42178,358585.2920,0
1772280000000,8.4680,8.4970,8.4500,8.4800,183632,1772280899999,1556207.2730,7414,78482,665414.1230,0
1772280900000,8.4810,8.5110,8.4740,8.4910,158385,1772281799999,1344744.9490,5402,77203,655419.1930,0
1772281800000,8.4920,8.5100,8.4880,8.4920,97091,1772282699999,824966.0410,4279,49527,420800.0090,0
1772282700000,8.4930,8.5150,8.4830,8.5070,118111,1772283599999,1003322.5990,4540,60866,517097.6210,0
1772283600000,8.5070,8.5520,8.5010,8.5510,117809,1772284499999,1003823.4070,5668,71635,610408.7850,0
1772284500000,8.5510,8.5700,8.5170,8.5190,172698,1772285399999,1475399.9500,5253,76116,650599.9640,0
1772285400000,8.5190,8.5300,8.4830,8.5160,126674,1772286299999,1077161.4580,4963,54688,465033.0930,0
1772286300000,8.5170,8.7060,8.5160,8.6920,895658,1772287199999,7735788.8550,24402,494497,4270130.0310,0
1772287200000,8.6930,8.7410,8.6360,8.6590,473499,1772288099999,4113660.0550,16587,230684,2005170.9230,0
1772288100000,8.6580,8.6850,8.6230,8.6650,417517,1772288999999,3614586.9920,10477,193631,1676911.3270,0
1772289000000,8.6640,8.7060,8.6310,8.6760,220562,1772289899999,1912336.5720,8264,123913,1074926.0400,0
1772289900000,8.6760,8.6880,8.5840,8.6010,288520,1772290799999,2488629.9440,9639,109679,945577.1280,0
1772290800000,8.6010,8.6260,8.5440,8.5490,196947,1772291699999,1691648.4550,8016,78760,677077.9110,0
1772291700000,8.5490,8.6590,8.5490,8.6370,188218,1772292599999,1619374.5930,7371,123703,1064539.2250,0
1772292600000,8.6360,8.6570,8.6120,8.6350,149394,1772293499999,1289719.8120,6311,73803,637358.2450,0
1772293500000,8.6350,8.6410,8.6180,8.6270,53711,1772294399999,463493.0220,3221,24534,211729.1900,0
1772294400000,8.6270,8.6570,8.6050,8.6460,173319,1772295299999,1495068.4370,6151,93263,804517.0780,0
1772295300000,8.6460,8.6490,8.6110,8.6420,91193,1772296199999,787055.7510,3684,42726,368821.0720,0
1772296200000,8.6420,8.6810,8.6170,8.6760,141731,1772297099999,1226012.3180,5020,96133,832014.6720,0
1772297100000,8.6760,8.6860,8.6470,8.6750,82013,1772297999999,710672.3350,3823,45135,391201.6110,0
1772298000000,8.6750,8.6810,8.6390,8.6490,98667,1772298899999,854904.2590,4247,49375,428026.7170,0
1772298900000,8.6490,8.7070,8.6350,8.6900,285465,1772299799999,2476312.6060,6250,204737,1776683.3090,0
1772299800000,8.6900,8.7100,8.6360,8.6470,355556,1772300699999,3086546.9480,7077,143880,1249327.3020,0
1772300700000,8.6470,8.7430,8.6310,8.7260,170462,1772301599999,1481109.8300,5832,112006,973633.6680,0
1772301600000,8.7260,8.7450,8.7110,8.7260,152500,1772302499999,1330951.9740,5842,78027,680975.3470,0
1772302500000,8.7250,8.7460,8.7190,8.7330,85875,1772303399999,749626.0680,3503,46341,404542.4960,0
1772303400000,8.7330,8.8570,8.7330,8.8410,443399,1772304299999,3906645.5740,11776,271136,2387275.8050,0
1772304300000,8.8410,8.9560,8.8410,8.8960,525322,1772305199999,4676426.3590,13343,344909,3069761.6860,0
1772305200000,8.8950,8.9030,8.8200,8.8440,349859,1772306099999,3101762.7810,8776,119479,1059223.8590,0
1772306100000,8.8440,8.8690,8.8380,8.8540,116313,1772306999999,1029502.7200,4717,50254,444910.6720,0
1772307000000,8.8540,8.9900,8.8470,8.9410,528463,1772307899999,4722683.8890,13426,311205,2781000.3880,0
1772307900000,8.9410,8.9570,8.9060,8.9260,177113,1772308799999,1582846.0490,6416,83211,743783.0510,0
1772308800000,8.9270,9.0240,8.9140,9.0010,516711,1772309699999,4631281.0210,12012,319334,2862803.9000,0
1772309700000,9.0000,9.1230,8.9960,9.0890,773193,1772310599999,7015901.5200,19746,516318,4684222.3870,0
1772310600000,9.0880,9.1220,9.0580,9.1060,255568,1772311499999,2322542.4660,8821,129298,1175494.2460,0
1772311500000,9.1070,9.1700,9.1020,9.1440,368652,1772312399999,3370874.9820,12278,193663,1770715.7840,0
1772312400000,9.1450,9.1920,9.0870,9.1500,524634,1772313299999,4795794.1300,13439,242970,2222081.2840,0
1772313300000,9.1500,9.1600,9.1170,9.1210,274651,1772314199999,2509610.6460,7964,103499,945915.2780,0
1772314200000,9.1210,9.1850,9.1050,9.1270,333170,1772315099999,3042466.1980,9498,148952,1360983.7200,0
1772315100000,9.1270,9.1650,9.1180,9.1230,176957,1772315999999,1616490.3420,6488,95131,869226.1630,0
1772316000000,9.1230,9.1590,9.1230,9.1370,145071,1772316899999,1326165.3800,6613,68747,628483.3410,0
1772316900000,9.1370,9.2170,9.1300,9.1910,333460,1772317799999,3062372.2080,8312,220633,2026446.1540,0
1772317800000,9.1920,9.2680,9.1830,9.1930,278316,1772318699999,2567898.5680,9068,149355,1378048.1430,0
1772318700000,9.1930,9.2220,9.1790,9.2020,118702,1772319599999,1092217.9470,4954,53440,491749.9340,0
1772319600000,9.2020,9.2100,9.1660,9.1740,114396,1772320499999,1051700.8420,5231,57412,527997.7410,0
1772320500000,9.1730,9.1840,9.1390,9.1430,214116,1772321399999,1961003.1470,6124,67597,618952.9710,0
1772321400000,9.1420,9.1530,9.1230,9.1340,117124,1772322299999,1070292.9400,4487,62204,568478.7430,0
1772322300000,9.1340,9.1780,9.1340,9.1620,111799,1772323199999,1024173.3600,4207,71040,650724.8630,0
