open_time,open,high,low,close,volume,close_time,quote_volume,count,taker_buy_volume,taker_buy_quote_volume,ignore
1761955200000,17.233,17.242,17.127,17.153,184873.24,1761956099999,3175230.98444,7821,73438.62,1260803.82835,0
1761956100000,17.150,17.163,17.112,17.155,128450.17,1761956999999,2201650.54454,5693,71087.27,1218494.42606,0
1761957000000,17.155,17.155,17.092,17.111,100741.29,1761957899999,1724177.00383,5223,41261.67,706189.63161,0
1761957900000,17.110,17.177,17.109,17.143,104379.05,1761958799999,1788903.52275,4700,50691.98,868833.22992,0
1761958800000,17.142,17.211,17.132,17.157,112572.32,1761959699999,1934197.67974,5311,73473.62,1262431.81893,0
1761959700000,17.157,17.227,17.138,17.221,95944.50,1761960599999,1649233.67871,4810,58329.00,1002795.96937,0
1761960600000,17.221,17.245,17.169,17.192,89954.72,1761961499999,1547498.37813,4627,40837.03,702580.21249,0
1761961500000,17.191,17.192,17.113,17.113,45069.80,1761962399999,772785.76725,3640,18487.11,317096.14182,0
1761962400000,17.113,17.122,17.047,17.081,96185.48,1761963299999,1642920.00636,5222,46005.46,785779.76029,0
1761963300000,17.080,17.164,17.079,17.157,62841.47,1761964199999,1076583.27611,3949,42296.91,724598.03510,0
1761964200000,17.158,17.211,17.129,17.210,86885.92,1761965099999,1492286.92277,4618,50562.26,868594.85374,0
1761965100000,17.209,17.261,17.203,17.237,81473.42,1761965999999,1404479.35734,3958,43361.38,747454.96946,0
1761966000000,17.237,17.302,17.237,17.266,90653.71,1761966899999,1566126.48627,4874,48369.49,835593.86190,0
1761966900000,17.266,17.306,17.266,17.278,99701.76,1761967799999,1723522.97429,5279,52453.44,906781.14504,0
1761967800000,17.279,17.323,17.274,17.314,93269.65,1761968699999,1613068.41761,4141,35732.64,618120.32123,0
1761968700000,17.313,17.323,17.290,17.313,62494.88,1761969599999,1081538.38984,3231,26067.88,451124.89263,0
1761969600000,17.313,17.322,17.241,17.248,98742.71,1761970499999,1706542.11374,5679,43201.51,746670.05084,0
1761970500000,17.247,17.263,17.186,17.258,92378.00,1761971399999,1590680.16980,4186,49052.99,844744.78275,0
1761971400000,17.258,17.314,17.248,17.295,97405.91,1761972299999,1683750.57863,5209,41686.92,720580.87269,0
1761972300000,17.295,17.327,17.294,17.312,91830.82,1761973199999,1589968.61266,3768,43677.59,756226.40190,0
1761973200000,17.311,17.329,17.258,17.284,100530.94,1761974099999,1737327.42944,4559,57398.82,991776.59511,0
1761974100000,17.283,17.295,17.247,17.254,69654.70,1761974999999,1202989.27528,2662,39881.66,688816.59561,0
1761975000000,17.254,17.271,17.224,17.227,66646.64,1761975899999,1149612.08638,3555,31760.93,547914.70089,0
1761975900000,17.228,17.233,17.177,17.186,73257.08,1761976799999,1259762.66091,3337,32872.99,565308.56813,0
1761976800000,17.186,17.210,17.168,17.173,53910.30,1761977699999,926849.75410,3102,29511.21,507368.68114,0
1761977700000,17.173,17.180,17.139,17.178,91462.87,1761978599999,1569823.64400,3714,42228.21,724793.97182,0
1761978600000,17.177,17.237,17.128,17.143,118233.12,1761979499999,2031839.25177,4685,63099.82,1084383.83530,0
1761979500000,17.142,17.211,17.122,17.199,87265.18,1761980399999,1496553.13469,3796,40596.97,696131.65553,0
1761980400000,17.200,17.275,17.175,17.262,81047.07,1761981299999,1396682.48827,4291,44201.54,761734.89582,0
1761981300000,17.263,17.329,17.245,17.307,108686.46,1761982199999,1879082.82499,4618,62210.32,1075645.10581,0
1761982200000,17.307,17.320,17.248,17.277,125258.39,1761983099999,2165639.66747,5307,55560.83,960687.53861,0
1761983100000,17.278,17.332,17.251,17.319,122252.27,1761983999999,2115432.71636,4466,63189.40,1093751.42809,0
1761984000000,17.318,17.370,17.306,17.325,156169.32,1761984899999,2707419.68070,6756,94427.28,1637191.26216,0
1761984900000,17.325,17.336,17.279,17.313,134062.27,1761985799999,2319924.34388,5910,58846.41,1018181.08957,0
1761985800000,17.312,17.323,17.240,17.249,124534.41,1761986699999,2152465.82530,5442,49417.40,854136.27739,0
1761986700000,17.250,17.382,17.249,17.375,141996.76,1761987599999,2458390.21552,5100,99039.30,1714752.22549,0
1761987600000,17.376,17.428,17.343,17.390,219880.19,1761988499999,3821667.01808,7919,124818.37,2169457.65964,0
1761988500000,17.391,17.435,17.369,17.370,149872.02,1761989399999,2608262.46368,5018,84260.91,1466632.87066,0
1761989400000,17.370,17.379,17.290,17.298,123427.30,1761990299999,2140658.66898,5617,65395.19,1134426.63293,0
1761990300000,17.298,17.364,17.297,17.333,90468.03,1761991199999,1568994.42681,4273,50794.76,880809.05536,0
1761991200000,17.334,17.378,17.310,17.336,75759.46,1761992099999,1313337.19750,4672,39567.57,685941.21739,0
1761992100000,17.336,17.400,17.327,17.384,92502.13,1761992999999,1606994.39211,4196,42435.37,737181.52380,0
1761993000000,17.384,17.406,17.349,17.381,119088.21,1761993899999,2068943.46393,5290,47126.41,818937.63203,0
1761993900000,17.382,17.388,17.341,17.352,78029.42,1761994799999,1355355.45106,3506,35500.31,616557.82335,0
1761994800000,17.353,17.429,17.350,17.355,104999.61,1761995699999,1826139.68520,5406,55743.65,969581.36668,0
1761995700000,17.355,17.381,17.343,17.346,87572.88,1761996599999,1520000.87815,4005,47149.35,818398.57481,0
1761996600000,17.346,17.358,17.289,17.343,140631.38,1761997499999,2434723.19911,5386,68799.34,1190930.55371,0
1761997500000,17.343,17.357,17.312,17.341,49593.39,1761998399999,859658.11718,3281,30661.70,531476.82427,0
1761998400000,17.342,17.385,17.340,17.342,90393.08,1761999299999,1569009.71055,5035,54919.22,953262.00608,0
1761999300000,17.342,17.371,17.330,17.362,70281.86,1762000199999,1219455.83025,3714,39412.73,683856.68735,0
1762000200000,17.362,17.413,17.360,17.398,96550.45,1762001099999,1679188.66670,4849,57189.16,994653.89202,0
1762001100000,17.399,17.399,17.346,17.358,81506.90,1762001999999,1415704.34358,3776,33673.15,584866.10557,0
1762002000000,17.359,17.392,17.343,17.368,89323.21,1762002899999,1551600.74424,3829,53581.44,930675.51379,0
1762002900000,17.369,17.387,17.333,17.343,53925.52,1762003799999,935765.32388,3453,30561.40,530342.33781,0
1762003800000,17.343,17.375,17.190,17.240,227231.15,1762004699999,3923614.89994,8122,88752.73,1532905.34989,0
1762004700000,17.241,17.290,17.210,17.274,116316.59,1762005599999,2008111.49175,6211,58242.19,1005380.92239,0
1762005600000,17.273,17.308,17.160,17.167,204186.79,1762006499999,3516563.01106,8405,92384.61,1590994.71131,0
1762006500000,17.168,17.194,17.130,17.181,184307.11,1762007399999,3163894.41103,8250,99531.18,1708653.22080,0
1762007400000,17.180,17.220,17.145,17.197,143470.34,1762008299999,2465296.99522,6090,71031.74,1220404.66740,0
1762008300000,17.198,17.229,17.127,17.169,104987.20,1762009199999,1802423.91049,5003,38315.80,657946.12869,0
1762009200000,17.169,17.321,17.151,17.274,283410.48,1762010099999,4888842.28796,10534,124018.38,2139289.26478,0
1762010100000,17.275,17.309,17.140,17.213,195051.75,1762010999999,3359982.42329,8026,95786.87,1650400.32717,0
1762011000000,17.212,17.250,17.155,17.184,122152.52,1762011899999,2100904.34088,5702,52030.90,894917.46027,0
1762011900000,17.184,17.255,17.158,17.248,116650.16,1762012799999,2006339.47925,5108,62531.25,1075691.85329,0
1762012800000,17.248,17.302,17.194,17.195,176662.61,1762013699999,3046557.25826,8517,83646.69,1442432.64541,0
1762013700000,17.195,17.259,17.183,17.223,137025.96,1762014599999,2358734.31141,6593,88103.48,1516579.58834,0
1762014600000,17.223,17.309,17.223,17.303,136680.99,1762015499999,2360733.02491,5695,69782.32,1205168.79412,0
1762015500000,17.302,17.332,17.229,17.245,141248.72,1762016399999,2440823.86191,5991,59303.99,1025007.21232,0
1762016400000,17.244,17.261,17.178,17.201,173490.69,1762017299999,2985219.03262,7476,76362.60,1313922.23372,0
1762017300000,17.200,17.203,17.146,17.149,106027.27,1762018199999,1820036.01570,4917,53465.72,917764.06912,0
1762018200000,17.150,17.188,17.144,17.145,98785.45,1762019099999,1695736.14288,5061,53816.62,923875.89528,0
1762019100000,17.144,17.180,17.026,17.164,530715.11,1762019999999,9074863.26469,13782,225989.06,3864259.40494,0
1762020000000,17.165,17.220,17.142,17.150,207284.58,1762020899999,3561750.52463,7934,124975.36,2147429.36387,0
1762020900000,17.149,17.159,17.110,17.112,83137.59,1762021799999,1424469.22612,4516,40976.75,702077.61514,0
1762021800000,17.112,17.179,17.101,17.179,55679.45,1762022699999,954010.21509,3477,34640.05,593496.34535,0
1762022700000,17.179,17.232,17.169,17.224,64058.17,1762023599999,1101813.58303,3168,39918.22,686658.72580,0
1762023600000,17.223,17.223,17.165,17.187,61474.29,1762024499999,1056341.87927,3590,27116.59,465941.67540,0
1762024500000,17.188,17.206,17.173,17.183,45941.55,1762025399999,789671.35448,2934,20419.70,350972.41202,0
1762025400000,17.183,17.200,17.160,17.178,47909.82,1762026299999,822879.81140,3510,20750.83,356422.94000,0
1762026300000,17.178,17.234,17.172,17.231,45474.12,1762027199999,782391.64124,2611,26346.78,453253.65905,0
1762027200000,17.231,17.268,17.230,17.231,67413.91,1762028099999,1162871.91719,3944,33635.78,580224.74704,0
1762028100000,17.231,17.296,17.213,17.292,56544.01,1762028999999,976176.73344,3620,26502.72,457495.44105,0
1762029000000,17.293,17.308,17.265,17.267,77045.53,1762029899999,1332156.21369,4466,29424.70,508860.50555,0
1762029900000,17.268,17.280,17.221,17.248,55311.71,1762030799999,953935.49408,3481,27346.17,471619.28694,0
1762030800000,17.248,17.262,17.197,17.203,72055.07,1762031699999,1241558.65386,3766,34094.82,587622.62196,0
1762031700000,17.203,17.253,17.203,17.224,63793.31,1762032599999,1099466.33449,3166,39984.94,689111.45867,0
1762032600000,17.225,17.242,17.162,17.176,77249.99,1762033499999,1328136.08873,3600,30609.52,526293.65183,0
1762033500000,17.176,17.177,17.045,17.065,90507.56,1762034399999,1549008.71704,4305,33934.59,580885.42174,0
1762034400000,17.065,17.134,17.055,17.055,117042.80,1762035299999,2001503.47035,6775,58525.86,1000845.93696,0
1762035300000,17.054,17.091,17.047,17.079,74882.26,1762036199999,1278032.30557,3908,42522.48,725723.30795,0
1762036200000,17.079,17.119,17.067,17.115,57558.27,1762037099999,983929.01992,3229,30636.64,523729.33918,0
1762037100000,17.115,17.137,17.087,17.117,50207.90,1762037999999,859371.90465,2905,25290.65,432931.78022,0
1762038000000,17.118,17.120,17.075,17.091,49742.02,1762038899999,850288.57627,3304,20949.08,358087.25297,0
1762038900000,17.092,17.119,17.071,17.103,44907.82,1762039799999,767623.81085,2755,25428.73,434675.87513,0
1762039800000,17.103,17.117,17.069,17.100,49815.96,1762040699999,851664.81406,3339,19042.82,325576.19621,0
1762040700000,17.100,17.144,17.085,17.135,56803.64,1762041599999,972066.44000,2663,23826.66,407740.26266,0
1762041600000,17.136,17.139,17.089,17.123,97642.15,1762042499999,1670719.29297,5085,44450.61,760560.21223,0
1762042500000,17.122,17.123,17.045,17.068,94575.93,1762043399999,1614956.10354,4815,40953.46,699291.72754,0
1762043400000,17.067,17.106,17.050,17.089,72521.62,1762044299999,1238422.82745,4478,42019.40,717495.07678,0
1762044300000,17.089,17.109,17.078,17.100,68258.86,1762045199999,1167010.43923,3296,42770.89,731225.96754,0
1762045200000,17.101,17.127,17.050,17.095,69514.17,1762046099999,1187954.64050,3908,23129.32,395247.73089,0
1762046100000,17.095,17.149,17.089,17.127,69895.56,1762046999999,1196153.73852,4129,27244.49,466288.10498,0
1762047000000,17.127,17.138,17.085,17.095,64811.63,1762047899999,1108967.96966,3826,28713.69,491229.61866,0
1762047900000,17.095,17.097,17.037,17.073,82024.93,1762048799999,1399815.91390,4217,39861.28,680321.83255,0
1762048800000,17.073,17.139,17.055,17.127,63051.34,1762049699999,1077774.90020,4047,29886.52,510805.55557,0
1762049700000,17.126,17.143,17.074,17.128,67740.67,1762050599999,1159015.76427,3760,34120.40,583780.80229,0
1762050600000,17.127,17.206,17.124,17.158,98220.19,1762051499999,1686185.46458,5657,47367.36,813079.72274,0
1762051500000,17.158,17.182,17.129,17.136,59315.23,1762052399999,1017620.95806,3548,29500.06,506056.20624,0
1762052400000,17.136,17.155,17.090,17.122,66225.03,1762053299999,1133531.50366,4076,28341.74,485154.39988,0
1762053300000,17.122,17.137,17.100,17.113,39940.89,1762054199999,683625.39958,2807,18690.90,319906.74078,0
1762054200000,17.113,17.162,17.102,17.146,48745.48,1762055099999,834835.45088,3266,24926.96,426973.70681,0
1762055100000,17.146,17.154,17.111,17.146,55751.95,1762055999999,955431.53152,3269,27421.51,469880.39320,0
1762056000000,17.147,17.172,17.101,17.142,73655.73,1762056899999,1262548.79848,4771,31813.96,545278.36531,0
1762056900000,17.142,17.213,17.134,17.203,78460.35,1762057799999,1347814.33359,3739,53187.52,913553.64970,0
1762057800000,17.203,17.272,17.152,17.256,116736.74,1762058699999,2009074.45155,5474,54799.24,943594.18312,0
1762058700000,17.256,17.390,17.237,17.361,278809.51,1762059599999,4825683.59713,10705,153136.00,2650784.67232,0
1762059600000,17.362,17.372,17.294,17.328,153734.78,1762060499999,2665145.03942,7720,69954.23,1212936.20063,0
1762060500000,17.329,17.392,17.300,17.318,239409.73,1762061399999,4152357.42430,9229,124695.36,2163123.39437,0
1762061400000,17.317,17.368,17.298,17.368,130918.61,1762062299999,2269124.16685,6215,64881.20,1124370.43948,0
1762062300000,17.369,17.574,17.342,17.530,393220.35,1762063199999,6860529.92380,12241,254630.48,4442405.96956,0
1762063200000,17.530,17.549,17.380,17.398,549775.93,1762064099999,9609621.83401,19839,248211.16,4337879.70716,0
1762064100000,17.398,17.477,17.368,17.458,201471.86,1762064999999,3507290.81785,8479,84638.90,1473742.04171,0
1762065000000,17.458,17.465,17.428,17.441,105877.87,1762065899999,1847166.56882,6122,43738.50,763045.94613,0
1762065900000,17.440,17.506,17.432,17.483,97511.96,1762066799999,1704144.88963,6072,51848.09,906080.84683,0
1762066800000,17.484,17.507,17.436,17.447,89929.53,1762067699999,1570642.33906,5410,28759.33,502298.80864,0
1762067700000,17.448,17.501,17.431,17.476,90368.49,1762068599999,1577902.48005,5286,34940.16,610114.72340,0
1762068600000,17.476,17.539,17.472,17.525,110187.59,1762069499999,1929132.79752,5721,55804.95,976957.33998,0
1762069500000,17.525,17.589,17.514,17.524,163476.15,1762070399999,2869732.15099,7667,80973.32,1421658.29328,0
1762070400000,17.524,17.567,17.448,17.456,154901.36,1762071299999,2711487.58289,7516,61316.99,1073595.46494,0
1762071300000,17.455,17.518,17.445,17.492,94785.06,1762072199999,1656432.21736,4586,50006.82,873998.50802,0
1762072200000,17.492,17.515,17.465,17.477,85236.57,1762073099999,1490861.59948,4726,37008.54,647360.58214,0
1762073100000,17.476,17.476,17.432,17.459,99135.02,1762073999999,1729918.66858,4735,44400.39,774720.71647,0
1762074000000,17.459,17.543,17.459,17.543,102015.10,1762074899999,1785399.26381,5211,64866.29,1135368.63044,0
1762074900000,17.543,17.574,17.497,17.546,85437.28,1762075799999,1498883.05233,4799,39922.86,700373.57492,0
1762075800000,17.547,17.549,17.432,17.459,178434.37,1762076699999,3119987.19757,8166,74741.70,1306805.82733,0
1762076700000,17.458,17.458,17.420,17.435,154606.11,1762077599999,2696016.91012,5986,66931.83,1167240.30083,0
1762077600000,17.436,17.487,17.380,17.418,212778.18,1762078499999,3707637.88284,8254,90994.26,1585904.51626,0
1762078500000,17.418,17.427,17.307,17.308,169864.68,1762079399999,2948442.35611,6985,78813.22,1368227.79390,0
1762079400000,17.309,17.311,17.240,17.277,236765.25,1762080299999,4088519.40673,8780,119686.73,2066705.30583,0
1762080300000,17.278,17.330,17.278,17.327,79872.42,1762081199999,1381870.31527,3762,42147.23,729177.65182,0
1762081200000,17.327,17.386,17.322,17.375,142455.68,1762082099999,2472843.97506,5825,87761.04,1523340.06348,0
1762082100000,17.376,17.484,17.367,17.474,172151.10,1762082999999,3000427.81771,5113,105016.70,1830851.92602,0
1762083000000,17.474,17.574,17.426,17.506,390743.04,1762083899999,6840897.57315,11730,216999.04,3799774.47313,0
1762083900000,17.506,17.636,17.506,17.572,249908.34,1762084799999,4391176.08873,9582,134216.02,2358566.85228,0
1762084800000,17.572,17.583,17.519,17.545,122075.97,1762085699999,2142217.98242,6583,55203.72,968779.02724,0
1762085700000,17.546,17.584,17.503,17.529,134667.17,1762086599999,2362453.74935,6576,59062.30,1036162.64554,0
1762086600000,17.530,17.550,17.439,17.472,153037.26,1762087499999,2674404.67195,7076,71761.87,1254269.04274,0
1762087500000,17.472,17.536,17.447,17.454,97754.01,1762088399999,1709910.26256,4977,55628.15,973039.67853,0
1762088400000,17.454,17.492,17.430,17.448,153338.53,1762089299999,2676218.89563,6221,95612.10,1668865.42066,0
1762089300000,17.447,17.448,17.301,17.366,243336.18,1762090199999,4226747.32370,9692,127073.80,2207014.40208,0
1762090200000,17.366,17.408,17.345,17.386,122129.24,1762091099999,2122187.76190,6575,65097.79,1131232.69750,0
1762091100000,17.385,17.385,17.319,17.356,133993.36,1762091999999,2324800.45345,5951,72734.46,1262022.10749,0
1762092000000,17.355,17.397,17.294,17.321,147480.13,1762092899999,2558884.24613,7419,64903.31,1126484.47949,0
1762092900000,17.320,17.325,17.140,17.157,528564.08,1762093799999,9101107.82787,17556,251446.00,4331333.82933,0
1762093800000,17.157,17.208,17.111,17.112,245612.62,1762094699999,4216288.28229,11589,125135.70,2148594.63991,0
1762094700000,17.113,17.181,17.049,17.137,311843.08,1762095599999,5337014.45856,13343,178493.02,3055732.69630,0
1762095600000,17.136,17.170,17.065,17.118,169194.21,1762096499999,2895015.43914,8859,95292.34,1630436.24705,0
1762096500000,17.119,17.255,17.110,17.253,190144.34,1762097399999,3266529.20313,8449,106853.58,1835243.92970,0
1762097400000,17.253,17.264,17.180,17.204,200699.76,1762098299999,3459088.08102,8332,92706.34,1598145.74333,0
1762098300000,17.203,17.239,17.121,17.127,124354.10,1762099199999,2135950.04685,6443,51570.92,885840.59128,0
1762099200000,17.127,17.181,17.027,17.050,311497.23,1762100099999,5326426.18092,13558,149956.81,2564966.26808,0
1762100100000,17.050,17.175,16.985,17.161,350097.88,1762100999999,5972850.58328,15337,175869.47,3001225.07232,0
1762101000000,17.161,17.239,17.119,17.219,188090.72,1762101899999,3231324.00371,9772,111859.10,1921694.72485,0
1762101900000,17.219,17.287,17.148,17.274,271237.54,1762102799999,4669861.95446,9410,182198.35,3137068.27245,0
1762102800000,17.275,17.280,17.194,17.208,138324.41,1762103699999,2383593.01207,7073,59622.64,1027470.47550,0
1762103700000,17.207,17.233,17.147,17.162,83782.81,1762104599999,1439351.14190,4528,43038.07,739321.49486,0
1762104600000,17.163,17.175,17.099,17.149,93380.19,1762105499999,1600791.61099,5135,42543.81,729349.12843,0
1762105500000,17.148,17.195,17.100,17.194,77853.09,1762106399999,1333861.92239,4364,40171.04,688340.55780,0
1762106400000,17.194,17.194,17.136,17.139,100347.85,1762107299999,1722029.03687,5804,36536.04,626951.54190,0
1762107300000,17.138,17.173,17.118,17.144,58022.09,1762108199999,994861.09836,3648,32771.91,561866.04491,0
1762108200000,17.143,17.207,17.129,17.186,64669.11,1762109099999,1109953.58089,4065,31122.66,534438.32686,0
1762109100000,17.187,17.207,17.149,17.156,80323.49,1762109999999,1380023.75864,4228,38334.07,658575.49188,0
1762110000000,17.156,17.173,17.083,17.113,99367.40,1762110899999,1701679.14666,5643,37295.19,638798.00306,0
1762110900000,17.113,17.113,16.987,16.992,134045.84,1762111799999,2284306.13449,6308,54492.62,928687.41379,0
1762111800000,16.992,17.055,16.980,16.994,118142.59,1762112699999,2009003.30433,6531,68223.94,1160176.45618,0
1762112700000,16.993,17.058,16.990,17.049,71221.10,1762113599999,1212410.85701,3495,43412.00,739040.52458,0
1762113600000,17.050,17.072,16.982,16.993,75565.14,1762114499999,1286511.81702,4046,36025.53,613639.17637,0
1762114500000,16.993,17.093,16.992,17.077,169151.52,1762115399999,2882353.12276,5979,109952.02,1872985.18295,0
1762115400000,17.076,17.129,17.057,17.117,65200.79,1762116299999,1114749.60932,3085,29096.38,497377.42648,0
1762116300000,17.118,17.150,17.110,17.137,59459.36,1762117199999,1018770.41454,2720,26332.37,451165.91588,0
1762117200000,17.136,17.189,17.091,17.105,104875.26,1762118099999,1797953.51406,4645,42727.19,732736.52564,0
1762118100000,17.105,17.134,17.077,17.124,85069.97,1762118999999,1455323.39317,4150,40287.18,689250.22146,0
1762119000000,17.124,17.172,17.111,17.172,54061.21,1762119899999,926479.03733,3473,24594.25,421530.92725,0
1762119900000,17.172,17.256,17.164,17.167,210592.24,1762120799999,3626953.88853,8546,111828.16,1926110.22026,0
1762120800000,17.168,17.213,17.147,17.193,78679.39,1762121699999,1351346.79393,4459,39112.22,671763.97482,0
1762121700000,17.194,17.235,17.174,17.199,57860.42,1762122599999,995387.14276,3062,19273.37,331529.02707,0
1762122600000,17.198,17.212,17.072,17.140,109602.80,1762123499999,1877530.52337,5549,50019.08,856670.54702,0
1762123500000,17.141,17.189,17.121,17.174,36586.46,1762124399999,627749.69098,2702,18214.09,312424.30672,0
1762124400000,17.175,17.365,17.175,17.362,286662.48,1762125299999,4954231.26416,10916,134201.90,2320129.82552,0
1762125300000,17.362,17.385,17.309,17.363,208120.81,1762126199999,3611365.58348,9160,89879.72,1559667.82770,0
1762126200000,17.363,17.568,17.320,17.529,453735.85,1762127099999,7917296.81875,15253,259753.77,4533179.34669,0
1762127100000,17.528,17.629,17.476,17.581,456151.46,1762127999999,8012996.39376,14983,217636.60,3824669.86886,0
1762128000000,17.581,17.659,17.537,17.627,446027.92,1762128899999,7854202.73141,17445,238480.08,4199167.31815,0
1762128900000,17.628,17.645,17.489,17.514,293721.06,1762129799999,5159431.41244,12422,123255.76,2164135.87848,0
1762129800000,17.514,17.520,17.418,17.448,265866.07,1762130699999,4642511.56487,9998,134177.75,2342060.24014,0
1762130700000,17.448,17.468,17.252,17.267,415222.92,1762131599999,7200777.89428,14007,165077.10,2861639.87843,0
1762131600000,17.267,17.289,17.209,17.235,365687.18,1762132499999,6306541.26626,15174,171342.95,2955170.71470,0
1762132500000,17.235,17.250,17.100,17.126,401997.42,1762133399999,6903014.45654,14151,186208.84,3197365.67772,0
1762133400000,17.126,17.148,17.009,17.077,272647.64,1762134299999,4654046.24921,13649,144343.02,2464125.36159,0
1762134300000,17.076,17.120,17.015,17.049,186768.93,1762135199999,3186530.76557,9782,103966.72,1773958.79030,0
1762135200000,17.049,17.071,16.902,16.991,405108.43,1762136099999,6872669.86356,16662,173735.22,2947736.14323,0
1762136100000,16.990,16.990,16.832,16.844,348619.46,1762136999999,5893028.44300,14463,144559.71,2444649.57331,0
1762137000000,16.844,16.877,16.760,16.822,455245.77,1762137899999,7653409.78292,18942,194920.99,3277894.23221,0
1762137900000,16.823,16.929,16.770,16.841,388567.39,1762138799999,6540537.84174,14823,221067.36,3721459.01337,0
1762138800000,16.842,16.891,16.562,16.602,682779.52,1762139699999,11404324.58684,22818,267401.59,4467247.32735,0
1762139700000,16.601,16.660,16.503,16.525,527930.86,1762140599999,8748450.40587,18123,221907.47,3677334.04131,0
1762140600000,16.525,16.538,16.403,16.460,707839.41,1762141499999,11657541.58466,24992,323097.19,5321976.90085,0
1762141500000,16.460,16.460,16.325,16.354,581859.43,1762142399999,9532659.86960,19726,252184.73,4132098.80118,0
1762142400000,16.354,16.354,16.172,16.257,877851.49,1762143299999,14264872.97062,28972,397909.78,6465391.04118,0
1762143300000,16.258,16.287,16.177,16.236,361627.49,1762144199999,5870393.35014,14752,193303.83,3138451.96647,0
1762144200000,16.236,16.278,16.192,16.204,274598.88,1762145099999,4456308.02634,11980,144111.17,2338748.39378,0
1762145100000,16.205,16.404,16.198,16.395,310659.83,1762145999999,5066095.43815,11805,171207.10,2792678.14962,0
1762146000000,16.395,16.509,16.372,16.480,369101.18,1762146899999,6068605.23700,14612,196354.25,3228988.52092,0
1762146900000,16.479,16.494,16.349,16.379,281791.98,1762147799999,4621691.28020,11361,113053.45,1854059.18543,0
1762147800000,16.380,16.390,16.180,16.195,332529.67,1762148699999,5408063.74222,11375,124202.32,2018873.76723,0
1762148700000,16.196,16.202,16.157,16.167,217703.67,1762149599999,3522171.30547,8134,108490.68,1755342.19044,0
1762149600000,16.167,16.188,16.016,16.063,460657.24,1762150499999,7418645.01780,16063,193016.08,3109078.19932,0
1762150500000,16.064,16.161,16.044,16.108,239627.89,1762151399999,3860533.18221,10583,144927.77,2334715.34959,0
1762151400000,16.108,16.117,15.968,15.990,389056.36,1762152299999,6240752.23631,13567,154107.42,2473522.86729,0
1762152300000,15.990,16.088,15.857,16.059,753921.64,1762153199999,12034241.04215,22935,367654.49,5870613.69249,0
1762153200000,16.058,16.113,15.999,16.108,322510.67,1762154099999,5176306.08775,14401,177641.04,2851490.27718,0
1762154100000,16.107,16.215,16.104,16.151,390977.26,1762154999999,6316411.24243,13249,221838.69,3584121.08930,0
1762155000000,16.151,16.259,16.138,16.155,277748.54,1762155899999,4498712.68853,10331,129000.14,2089913.97835,0
1762155900000,16.154,16.201,16.110,16.112,196660.89,1762156799999,3177528.68611,7647,97350.47,1572919.34014,0
1762156800000,16.112,16.193,16.089,16.170,194706.28,1762157699999,3142595.81624,9321,103372.66,1668762.87246,0
1762157700000,16.171,16.174,16.072,16.076,190652.33,1762158599999,3073944.03978,8266,76393.10,1232011.46997,0
1762158600000,16.075,16.118,15.984,16.038,445180.34,1762159499999,7140598.45424,12538,194744.51,3124156.71204,0
1762159500000,16.037,16.145,15.964,16.109,317411.22,1762160399999,5094059.22578,12473,171309.68,2749901.39094,0
1762160400000,16.108,16.237,16.082,16.191,329376.36,1762161299999,5327346.29172,13130,191319.70,3094627.59454,0
1762161300000,16.190,16.196,16.023,16.066,239728.44,1762162199999,3862219.43995,10683,117811.13,1898833.96065,0
1762162200000,16.067,16.108,16.030,16.052,165585.32,1762163099999,2659736.74694,8398,95970.31,1541749.63901,0
1762163100000,16.052,16.069,15.917,15.945,454708.77,1762163999999,7259711.66704,13239,145211.35,2319487.99849,0
1762164000000,15.946,16.044,15.941,16.013,208241.09,1762164899999,3332531.88470,9525,131153.15,2098646.84179,0
1762164900000,16.013,16.042,15.992,16.025,113666.88,1762165799999,1820423.00161,6474,58770.95,941268.70152,0
1762165800000,16.026,16.026,15.881,15.899,226147.91,1762166699999,3602095.96569,10446,95411.18,1519900.37663,0
1762166700000,15.899,15.949,15.800,15.851,350055.28,1762167599999,5555452.01799,12283,151572.91,2405985.64541,0
1762167600000,15.852,16.025,15.848,15.966,418658.47,1762168499999,6676158.66417,16043,213436.07,3403883.67701,0
1762168500000,15.966,16.100,15.965,16.029,260085.14,1762169399999,4171014.22574,10305,151069.40,2422793.57739,0
1762169400000,16.029,16.093,16.004,16.078,155082.61,1762170299999,2489870.39484,7274,97807.28,1570580.79494,0
1762170300000,16.078,16.125,16.044,16.055,223442.57,1762171199999,3592615.52503,8364,91904.72,1477995.17498,0
1762171200000,16.055,16.156,16.030,16.126,229908.36,1762172099999,3697782.86114,10248,100121.93,1611081.03915,0
1762172100000,16.125,16.164,16.100,16.141,231554.50,1762172999999,3735835.30792,8574,103009.26,1662130.91470,0
1762173000000,16.142,16.148,16.060,16.073,162597.10,1762173899999,2616571.91782,6443,67485.99,1085860.85481,0
1762173900000,16.073,16.106,16.000,16.005,167285.77,1762174799999,2685576.64117,5937,61634.94,990254.66419,0
1762174800000,16.005,16.022,15.943,15.975,193900.57,1762175699999,3099511.53620,8254,98484.46,1574273.77025,0
1762175700000,15.975,15.990,15.925,15.968,187844.26,1762176599999,2997117.65817,8179,90138.95,1438256.63788,0
1762176600000,15.968,16.130,15.968,16.081,298509.59,1762177499999,4794988.66326,10322,160251.00,2573805.87631,0
1762177500000,16.081,16.182,16.049,16.168,357157.25,1762178399999,5755304.64269,10432,213347.36,3437370.99608,0
1762178400000,16.169,16.300,16.120,16.128,798186.01,1762179299999,12946010.79903,22937,370890.17,6015964.04118,0
1762179300000,16.127,16.145,16.068,16.087,333549.99,1762180199999,5370771.19951,11370,166042.58,2673754.75045,0
1762180200000,16.087,16.208,16.065,16.159,561889.97,1762181099999,9064757.59694,18654,271195.99,4374772.43025,0
1762181100000,16.158,16.307,16.123,16.305,393163.67,1762181999999,6379400.20802,14925,194034.06,3148295.26003,0
1762182000000,16.305,16.338,16.088,16.119,440248.19,1762182899999,7126454.74870,16734,195816.76,3171225.39929,0
1762182900000,16.118,16.118,15.362,15.459,2039207.34,1762183799999,31994121.39693,48988,847975.39,13307724.10547,0
1762183800000,15.452,15.480,14.427,15.249,4734828.13,1762184699999,71660685.36091,117866,2227831.96,33761427.97727,0
1762184700000,15.251,15.338,15.133,15.294,1583215.96,1762185599999,24118640.80082,49661,769169.71,11716578.23710,0
1762185600000,15.294,15.520,15.236,15.483,1517082.54,1762186499999,23320628.48738,41204,783369.89,12047176.06971,0
1762186500000,15.485,15.664,15.408,15.446,1367887.38,1762187399999,21223545.93969,34996,644767.05,10002592.19731,0
1762187400000,15.445,15.545,15.409,15.486,447562.66,1762188299999,6928474.59550,18384,223641.54,3461899.27122,0
1762188300000,15.486,15.568,15.422,15.445,403623.92,1762189199999,6247963.25192,15454,206144.44,3191611.97458,0
1762189200000,15.446,15.653,15.417,15.635,496736.57,1762190099999,7722881.30083,17055,249732.44,3881513.97889,0
1762190100000,15.635,15.850,15.577,15.589,643244.48,1762190999999,10097171.87163,23143,295856.38,4643862.54043,0
1762191000000,15.590,15.753,15.582,15.686,348222.24,1762191899999,5455037.23286,14265,178070.42,2789085.19372,0
1762191900000,15.687,15.759,15.652,15.728,259930.45,1762192799999,4082669.92135,11952,131357.07,2063631.12158,0
1762192800000,15.729,15.746,15.603,15.628,231024.24,1762193699999,3622668.39290,11312,106032.63,1662955.76498,0
1762193700000,15.627,15.684,15.578,15.595,193856.12,1762194599999,3030196.25040,9064,96579.85,1509801.19143,0
1762194600000,15.596,15.627,15.502,15.525,210129.77,1762195499999,3270410.34867,9385,82107.28,1278220.94701,0
1762195500000,15.524,15.532,15.459,15.487,167925.48,1762196399999,2601953.18243,8460,81361.12,1260756.39711,0
1762196400000,15.486,15.504,15.363,15.443,306432.45,1762197299999,4727201.77748,12748,153040.32,2360921.88389,0
1762197300000,15.443,15.519,15.336,15.354,281676.36,1762198199999,4345471.90789,11745,124423.02,1920350.56271,0
1762198200000,15.353,15.475,15.352,15.447,185813.97,1762199099999,2864369.15763,9913,84112.02,1296385.79471,0
1762199100000,15.447,15.476,15.316,15.337,221745.67,1762199999999,3411081.05271,10041,99601.70,1532812.39557,0
1762200000000,15.338,15.374,15.267,15.274,286252.81,1762200899999,4385474.69449,12677,134828.86,2066586.62627,0
1762200900000,15.274,15.289,15.200,15.263,291622.04,1762201799999,4447113.49843,12904,142742.44,2176725.81265,0
1762201800000,15.262,15.326,15.202,15.215,202161.87,1762202699999,3085744.50507,11687,98979.31,1510759.49315,0
1762202700000,15.216,15.233,15.046,15.142,534204.55,1762203599999,8085528.97777,19882,231939.29,3510823.73530,0
1762203600000,15.141,15.340,15.133,15.219,462086.82,1762204499999,7053768.26899,18797,249429.65,3806751.40003,0
1762204500000,15.220,15.330,15.039,15.252,638478.18,1762205399999,9687865.31621,21824,361091.33,5480952.22499,0
1762205400000,15.252,15.409,15.213,15.393,365538.12,1762206299999,5600480.67432,14270,183536.53,2812505.60411,0
1762206300000,15.392,15.418,15.340,15.358,212459.91,1762207199999,3267656.24725,9531,109594.59,1685790.78044,0
1762207200000,15.358,15.372,15.231,15.301,277746.55,1762208099999,4250055.39583,11984,127161.65,1945840.69840,0
1762208100000,15.301,15.362,15.192,15.198,258609.65,1762208999999,3953942.77222,10581,113465.47,1735213.33413,0
1762209000000,15.197,15.280,15.100,15.236,297380.84,1762209899999,4515471.37752,11623,123194.20,1871636.47431,0
1762209900000,15.236,15.332,15.201,15.219,152222.86,1762210799999,2325903.22813,7444,81045.66,1238375.56273,0
1762210800000,15.219,15.221,15.097,15.135,178710.41,1762211699999,2706374.15690,9105,73785.09,1117252.73187,0
1762211700000,15.135,15.232,15.128,15.218,131049.36,1762212599999,1990469.97084,6051,71056.59,1079234.51104,0
1762212600000,15.218,15.289,15.212,15.262,153773.55,1762213499999,2346348.74842,7117,82325.61,1255975.53112,0
1762213500000,15.262,15.276,15.200,15.237,119708.17,1762214399999,1823428.36733,6878,58500.00,891084.78242,0
1762214400000,15.239,15.247,15.182,15.192,171782.72,1762215299999,2613297.15407,9488,81838.92,1244909.24865,0
1762215300000,15.191,15.237,15.101,15.107,201368.28,1762216199999,3050451.65585,10618,89331.66,1353514.36577,0
1762216200000,15.108,15.489,15.108,15.432,444459.82,1762217099999,6831085.11201,21775,260297.70,4000372.62154,0
1762217100000,15.433,15.433,15.255,15.316,349734.34,1762217999999,5364060.27830,13895,104523.35,1603546.79006,0
1762218000000,15.317,15.354,15.253,15.327,162025.83,1762218899999,2481579.34698,10447,83834.44,1284040.23377,0
1762218900000,15.327,15.451,15.308,15.369,276248.29,1762219799999,4250053.64669,13228,151404.76,2328749.69833,0
1762219800000,15.370,15.500,15.354,15.400,206792.69,1762220699999,3191927.10014,11705,91631.98,1414423.02135,0
1762220700000,15.401,15.411,15.290,15.356,151134.79,1762221599999,2320938.21307,8312,64517.47,990704.81737,0
1762221600000,15.356,15.422,15.317,15.399,139192.45,1762222499999,2138180.59379,8801,65449.51,1005541.15669,0
1762222500000,15.399,15.458,15.370,15.385,126024.95,1762223399999,1943097.42623,8461,59184.43,912719.83331,0
1762223400000,15.384,15.402,15.318,15.327,175401.56,1762224299999,2694920.43132,9194,95589.78,1468731.60930,0
1762224300000,15.326,15.340,15.284,15.305,118208.79,1762225199999,1810172.74945,7541,59194.07,906489.68970,0
1762225200000,15.305,15.376,15.261,15.372,229581.39,1762226099999,3516570.20338,11400,116385.02,1782664.17649,0
1762226100000,15.374,15.416,15.333,15.401,199679.33,1762226999999,3071334.16172,9035,82093.24,1262840.86609,0
1762227000000,15.401,15.482,15.356,15.466,242672.32,1762227899999,3745520.41657,11179,125463.96,1936456.30939,0
1762227900000,15.465,15.472,15.363,15.417,144597.80,1762228799999,2229018.86726,9232,75106.13,1157910.56601,0
1762228800000,15.418,15.500,15.406,15.442,155734.31,1762229699999,2406160.48785,9464,78315.65,1209962.29601,0
1762229700000,15.443,15.444,15.337,15.356,168213.88,1762230599999,2586448.09700,9113,84641.49,1301418.89394,0
1762230600000,15.357,15.392,15.264,15.267,245683.38,1762231499999,3762085.65237,11386,126449.00,1936611.46645,0
1762231500000,15.267,15.294,15.224,15.231,176350.80,1762232399999,2688869.21790,8935,89694.03,1367849.81165,0
1762232400000,15.230,15.326,15.209,15.266,227363.66,1762233299999,3472758.68930,10197,135799.89,2074270.42208,0
1762233300000,15.266,15.274,14.955,14.981,774559.95,1762234199999,11674980.43119,29127,333488.58,5026321.90494,0
1762234200000,14.982,14.989,14.759,14.812,1221031.16,1762235099999,18158221.91231,44301,630693.87,9381174.31724,0
1762235100000,14.812,14.854,14.653,14.692,1019868.26,1762235999999,15045341.78303,38491,490789.03,7240188.01482,0
1762236000000,14.691,15.006,14.682,15.003,715997.61,1762236899999,10604815.59393,29658,390820.49,5790175.18066,0
1762236900000,15.003,15.178,14.986,15.076,675564.79,1762237799999,10196514.59479,27044,320950.70,4843667.63865,0
1762237800000,15.076,15.076,14.870,14.882,377059.26,1762238699999,5643633.18489,16797,153266.88,2294201.00403,0
1762238700000,14.882,14.914,14.818,14.882,337920.23,1762239599999,5024570.79694,14970,181637.07,2701191.94784,0
1762239600000,14.882,14.896,14.703,14.729,463332.07,1762240499999,6857606.19260,19909,199374.67,2950042.49158,0
1762240500000,14.728,14.818,14.600,14.624,505260.34,1762241399999,7432522.44290,21015,233018.61,3431389.13547,0
1762241400000,14.624,14.766,14.590,14.635,383464.42,1762242299999,5625716.08559,20019,187595.87,2752470.81882,0
1762242300000,14.636,14.680,14.556,14.626,364361.24,1762243199999,5328029.29853,16065,173633.27,2539134.52227,0
1762243200000,14.625,14.682,14.539,14.572,480249.99,1762244099999,7013086.25216,20513,238218.89,3479661.48139,0
1762244100000,14.573,14.797,14.516,14.757,678236.77,1762244999999,9939166.33222,25783,362373.67,5309229.82445,0
1762245000000,14.756,14.938,14.745,14.840,648730.64,1762245899999,9641137.90168,23717,328069.95,4875218.13125,0
1762245900000,14.841,14.855,14.712,14.826,372080.00,1762246799999,5502854.78325,13401,172316.27,2548571.92230,0
1762246800000,14.826,14.852,14.756,14.782,357656.43,1762247699999,5297190.90766,14306,189133.03,2801483.55072,0
1762247700000,14.782,14.879,14.747,14.834,270916.03,1762248599999,4013797.93331,12913,142394.83,2110238.66781,0
1762248600000,14.834,14.900,14.765,14.851,204587.95,1762249499999,3037686.97062,10525,113050.14,1678769.99117,0
1762249500000,14.851,14.898,14.791,14.882,174997.31,1762250399999,2597875.16811,9836,90764.22,1347823.86280,0
1762250400000,14.881,14.968,14.866,14.929,331716.50,1762251299999,4946699.63090,13096,186319.49,2778787.43994,0
1762251300000,14.930,14.985,14.893,14.897,229410.73,1762252199999,3427593.22027,11131,101759.73,1520899.67962,0
1762252200000,14.898,15.000,14.881,14.958,245428.64,1762253099999,3666867.53228,12349,134071.40,2003345.84328,0
1762253100000,14.958,15.076,14.947,15.067,259270.56,1762253999999,3890245.28023,12990,152005.10,2281428.59652,0
1762254000000,15.067,15.255,15.045,15.135,589077.83,1762254899999,8927529.21657,22182,292565.57,4431496.74099,0
1762254900000,15.135,15.212,15.069,15.079,308596.69,1762255799999,4672099.20853,12910,141663.94,2145736.52940,0
1762255800000,15.080,15.136,15.056,15.123,224675.10,1762256699999,3392007.62991,10176,116076.03,1752505.56474,0
1762256700000,15.123,15.123,15.021,15.048,219404.87,1762257599999,3303570.13344,9598,99927.95,1504543.97491,0
1762257600000,15.049,15.085,14.971,15.014,271098.92,1762258499999,4075803.75371,10944,140511.78,2113136.45181,0
1762258500000,15.015,15.096,14.975,15.084,295318.05,1762259399999,4438004.75029,10739,158686.37,2385002.80814,0
1762259400000,15.083,15.095,14.799,14.840,725798.34,1762260299999,10818904.94474,23365,260627.22,3883757.56223,0
1762260300000,14.840,14.909,14.816,14.864,348509.95,1762261199999,5182557.36246,11679,212135.15,3154733.42873,0
1762261200000,14.864,14.958,14.860,14.900,356300.64,1762262099999,5310228.28857,12749,154284.62,2299657.40562,0
1762262100000,14.900,14.916,14.731,14.748,393992.57,1762262999999,5831407.44104,13436,173566.10,2570852.54403,0
1762263000000,14.749,14.909,14.726,14.825,383459.70,1762263899999,5685613.66351,14615,211641.19,3138600.21157,0
1762263900000,14.824,14.831,14.769,14.784,160538.71,1762264799999,2375686.95036,8340,84658.65,1252837.41694,0
1762264800000,14.784,14.798,14.666,14.726,333146.71,1762265699999,4907560.79526,13610,180699.48,2661962.36327,0
1762265700000,14.726,14.868,14.702,14.866,348306.85,1762266599999,5149767.48405,14202,199984.64,2956056.38643,0
1762266600000,14.866,15.114,14.760,15.080,993729.14,1762267499999,14829639.28094,37628,525128.64,7840431.56347,0
1762267500000,15.080,15.348,15.051,15.249,1144008.13,1762268399999,17413566.53981,36834,634536.85,9660629.35054,0
1762268400000,15.250,15.383,15.180,15.182,719611.09,1762269299999,10996206.47050,26916,324368.17,4957880.31783,0
1762269300000,15.183,15.425,15.183,15.308,598043.78,1762270199999,9175078.01503,23545,286306.99,4392566.19179,0
1762270200000,15.308,15.335,15.234,15.282,336004.60,1762271099999,5135860.15943,14980,161138.28,2463304.40575,0
1762271100000,15.282,15.282,15.017,15.113,518484.46,1762271999999,7841840.02368,18949,254367.17,3847508.32104,0
1762272000000,15.112,15.229,15.091,15.145,384740.45,1762272899999,5832096.49109,17742,177887.93,2696571.57125,0
1762272900000,15.145,15.168,14.937,15.060,686659.15,1762273799999,10321750.12293,26560,331512.37,4981839.42305,0
1762273800000,15.059,15.120,14.838,14.852,581611.94,1762274699999,8705304.89331,24281,248275.73,3717467.19596,0
1762274700000,14.852,14.879,14.717,14.758,681785.34,1762275599999,10086766.87545,27574,350697.37,5189014.31628,0
1762275600000,14.758,14.758,14.351,14.383,1280163.19,1762276499999,18583288.48111,50382,539225.97,7826894.09737,0
1762276500000,14.383,14.667,14.255,14.549,1131587.49,1762277399999,16353566.75116,46619,565135.40,8169623.42280,0
1762277400000,14.548,14.759,14.545,14.573,639944.05,1762278299999,9373696.19842,31550,314487.75,4606934.10459,0
1762278300000,14.572,14.617,14.484,14.572,420762.17,1762279199999,6121244.71590,21353,206314.78,3002010.65698,0
1762279200000,14.571,14.590,14.358,14.443,569868.62,1762280099999,8252450.58661,28839,264439.22,3829289.24759,0
1762280100000,14.443,14.455,14.226,14.283,722370.31,1762280999999,10333795.72538,32849,340736.85,4873682.06589,0
1762281000000,14.282,14.561,14.127,14.558,1434400.83,1762281899999,20485245.54994,57039,727087.01,10387982.08316,0
1762281900000,14.557,14.642,14.300,14.579,853864.81,1762282799999,12357689.36154,36241,409804.12,5931262.08225,0
1762282800000,14.578,14.655,14.491,14.597,487397.49,1762283699999,7103243.10977,26689,235334.79,3429910.85390,0
1762283700000,14.597,14.710,14.541,14.555,404676.52,1762284599999,5913530.05834,22944,191710.38,2802221.94131,0
1762284600000,14.554,14.585,14.343,14.405,271280.42,1762285499999,3919987.87052,17691,121628.74,1758013.55461,0
1762285500000,14.404,14.407,14.256,14.289,264729.97,1762286399999,3791755.17484,16231,119931.11,1718073.48887,0
1762286400000,14.289,14.345,14.146,14.160,537191.45,1762287299999,7641206.90676,23859,265706.26,3780636.89717,0
1762287300000,14.159,14.317,13.686,14.292,2913830.72,1762288199999,40638097.66894,85489,1405517.60,19603576.10676,0
1762288200000,14.292,14.579,14.172,14.529,832674.88,1762289099999,11944534.13046,40319,431539.73,6195982.31448,0
1762289100000,14.525,14.546,14.238,14.363,837792.83,1762289999999,12047633.16662,30941,389753.50,5600149.55616,0
1762290000000,14.363,14.444,14.203,14.213,545650.10,1762290899999,7816119.31195,25594,247154.03,3541509.20883,0
1762290900000,14.212,14.285,14.070,14.103,519923.37,1762291799999,7371493.38659,22541,244370.34,3465442.61623,0
1762291800000,14.103,14.113,13.772,13.915,1430228.52,1762292699999,19908489.97480,46916,693168.24,9650997.53136,0
1762292700000,13.916,14.329,13.910,14.313,1141175.66,1762293599999,16107669.43153,51679,597825.07,8436337.09440,0
1762293600000,14.314,14.620,14.228,14.610,1015539.96,1762294499999,14677063.09794,43221,580906.48,8399729.20308,0
1762294500000,14.611,14.764,14.597,14.724,614879.97,1762295399999,9017360.54795,22591,299163.25,4389948.30327,0
1762295400000,14.723,14.819,14.661,14.715,545703.44,1762296299999,8043132.33652,19077,289546.30,4268264.96545,0
1762296300000,14.714,14.804,14.645,14.760,274080.10,1762297199999,4033919.30517,11944,141862.33,2088389.85128,0
1762297200000,14.759,14.865,14.708,14.745,486744.94,1762298099999,7190843.57642,19246,270468.58,3995180.89814,0
1762298100000,14.745,14.774,14.708,14.732,209349.40,1762298999999,3085893.84206,9979,104305.29,1537371.42217,0
1762299000000,14.733,14.758,14.659,14.754,194817.94,1762299899999,2866072.18475,10167,100782.98,1482403.20957,0
1762299900000,14.754,14.774,14.674,14.674,179847.28,1762300799999,2649731.94610,10317,89820.92,1323756.70549,0
1762300800000,14.675,14.742,14.607,14.660,230654.67,1762301699999,3382349.62485,13087,113580.98,1665829.83235,0
1762301700000,14.661,14.783,14.563,14.586,302204.70,1762302599999,4428180.25357,14519,127581.76,1871181.24076,0
1762302600000,14.587,14.610,14.434,14.436,283614.79,1762303499999,4119934.91769,15538,116142.48,1687631.10794,0
1762303500000,14.436,14.568,14.436,14.529,183744.81,1762304399999,2664100.74407,10185,108388.73,1571458.12634,0
1762304400000,14.529,14.544,14.372,14.452,247947.45,1762305299999,3580594.62731,15409,122548.59,1769757.56712,0
1762305300000,14.452,14.455,14.055,14.091,494811.90,1762306199999,7025109.91870,26924,219906.91,3118953.02639,0
1762306200000,14.090,14.225,13.979,14.041,679571.31,1762307099999,9561645.48433,38755,311858.51,4388501.63861,0
1762307100000,14.040,14.529,14.021,14.451,623038.88,1762307999999,8922044.80313,34391,321167.12,4598839.27595,0
1762308000000,14.451,14.732,14.450,14.654,660455.28,1762308899999,9658988.12551,34885,345048.66,5043883.84182,0
1762308900000,14.654,14.707,14.476,14.482,712477.39,1762309799999,10383861.92759,31339,355177.67,5175180.56854,0
1762309800000,14.482,14.647,14.451,14.643,528419.30,1762310699999,7695445.83232,22778,297077.78,4326213.33474,0
1762310700000,14.644,14.724,14.504,14.707,676101.22,1762311599999,9867994.43382,26273,386594.40,5643866.77288,0
1762311600000,14.708,14.789,14.648,14.713,394398.67,1762312499999,5801681.79876,23642,195738.69,2880102.44231,0
1762312500000,14.712,14.844,14.652,14.796,325801.74,1762313399999,4804943.57578,16389,181760.80,2682434.58676,0
1762313400000,14.795,14.861,14.766,14.857,277126.08,1762314299999,4106951.89003,16155,148112.11,2195502.00187,0
1762314300000,14.857,14.899,14.802,14.845,240009.43,1762315199999,3563932.31415,14566,121829.16,1809572.11112,0
1762315200000,14.844,14.943,14.802,14.813,327161.85,1762316099999,4863257.89393,17090,195233.77,2902941.22372,0
1762316100000,14.814,14.847,14.751,14.764,170399.14,1762316999999,2520803.83129,10825,67961.27,1005333.78424,0
1762317000000,14.765,14.975,14.755,14.956,262250.78,1762317899999,3899929.17980,13608,143531.81,2134136.36407,0
1762317900000,14.956,14.974,14.842,14.880,150863.29,1762318799999,2249077.70605,10088,78082.81,1164090.79954,0
1762318800000,14.880,15.011,14.873,14.967,226218.25,1762319699999,3381730.94205,13356,135185.56,2021074.23778,0
1762319700000,14.966,14.990,14.855,14.877,144229.13,1762320599999,2149819.80115,10331,60038.31,895090.04337,0
1762320600000,14.878,14.941,14.852,14.877,138036.11,1762321499999,2056076.50753,9056,62465.90,930635.07182,0
1762321500000,14.876,14.883,14.801,14.842,158667.48,1762322399999,2353303.85978,8025,89794.39,1331726.00240,0
1762322400000,14.841,14.872,14.767,14.787,195867.55,1762323299999,2901550.71712,9419,85153.11,1261598.46865,0
1762323300000,14.788,14.865,14.746,14.778,235840.09,1762324199999,3489834.90560,10681,108780.72,1610177.80737,0
1762324200000,14.778,14.892,14.771,14.834,161169.09,1762325099999,2390192.78018,8999,100783.88,1494555.19545,0
1762325100000,14.834,14.931,14.815,14.914,126975.31,1762325999999,1889835.40173,7724,73723.10,1097313.26827,0
1762326000000,14.914,14.919,14.813,14.859,134952.68,1762326899999,2005725.85466,7843,71574.03,1063737.91163,0
1762326900000,14.859,14.868,14.766,14.801,139619.77,1762327799999,2067656.49161,8305,60384.42,894239.47081,0
1762327800000,14.801,14.900,14.788,14.899,116615.96,1762328699999,1731487.60684,7016,66374.66,985581.04293,0
1762328700000,14.899,14.954,14.887,14.901,133492.98,1762329599999,1991131.37478,7175,76601.59,1142597.42511,0
1762329600000,14.901,14.903,14.772,14.815,267570.84,1762330499999,3966364.02901,11801,152145.11,2255450.34702,0
1762330500000,14.814,14.822,14.594,14.689,409503.50,1762331399999,6009885.97780,15152,176694.41,2593097.38517,0
1762331400000,14.689,14.793,14.662,14.680,235882.58,1762332299999,3473624.48477,12811,115348.92,1698831.60934,0
1762332300000,14.679,14.727,14.587,14.687,352676.44,1762333199999,5172339.22727,14305,189641.15,2780566.29916,0
1762333200000,14.686,14.830,14.662,14.719,352576.38,1762334099999,5202033.41801,13739,179608.45,2649484.55759,0
1762334100000,14.718,14.790,14.688,14.786,170798.12,1762334999999,2517407.45217,9958,94479.61,1392427.30417,0
1762335000000,14.786,14.791,14.685,14.771,196697.00,1762335899999,2900764.80660,10328,109101.74,1609110.43138,0
1762335900000,14.771,14.798,14.728,14.776,145039.96,1762336799999,2142373.34204,7732,76964.98,1136881.93128,0
1762336800000,14.776,14.783,14.670,14.710,200739.42,1762337699999,2956462.45169,11035,96078.73,1415371.36569,0
1762337700000,14.709,14.746,14.658,14.718,153555.60,1762338599999,2258317.14649,8283,75105.29,1104754.97204,0
1762338600000,14.719,14.746,14.621,14.645,155167.54,1762339499999,2276310.14270,8909,81139.10,1190142.96888,0
1762339500000,14.646,14.655,14.530,14.557,174908.10,1762340399999,2549553.69166,9364,81620.16,1189899.26623,0
1762340400000,14.557,14.692,14.551,14.643,187611.22,1762341299999,2744023.54224,9775,101627.23,1486329.77844,0
1762341300000,14.642,14.765,14.642,14.712,256188.00,1762342199999,3769429.41169,10547,149197.57,2195418.85143,0
1762342200000,14.713,14.794,14.703,14.775,145756.93,1762343099999,2149259.35070,7802,69473.80,1024495.91605,0
1762343100000,14.776,14.852,14.765,14.822,249312.69,1762343999999,3694174.94564,9827,131031.48,1941307.85690,0
1762344000000,14.823,14.824,14.736,14.764,213144.22,1762344899999,3149320.63527,9189,116756.69,1725219.77439,0
1762344900000,14.764,14.947,14.744,14.900,362012.58,1762345799999,5382196.85465,14157,226484.11,3366423.66109,0
1762345800000,14.900,14.924,14.838,14.914,216088.25,1762346699999,3215182.00009,10432,106698.76,1587671.65552,0
1762346700000,14.914,14.938,14.854,14.935,172494.93,1762347599999,2569829.89236,8289,100511.45,1497789.04302,0
1762347600000,14.935,14.952,14.860,14.878,149290.51,1762348499999,2225945.33152,7883,69065.80,1029931.78936,0
1762348500000,14.878,14.897,14.839,14.881,185584.97,1762349399999,2758574.68800,7931,104990.31,1560682.20068,0
1762349400000,14.881,14.984,14.844,14.933,223144.94,1762350299999,3327766.41072,10228,121082.60,1805942.25665,0
1762350300000,14.933,15.073,14.910,14.999,356115.23,1762351199999,5341907.51316,14834,200322.91,3005046.27685,0
1762351200000,15.000,15.053,14.945,14.949,218149.29,1762352099999,3271670.88696,11371,113793.62,1706614.53914,0
1762352100000,14.949,14.955,14.869,14.897,195076.41,1762352999999,2910471.39390,10076,96549.73,1440643.58194,0
1762353000000,14.896,14.937,14.754,14.853,576141.86,1762353899999,8546102.01083,22307,287134.12,4260294.19014,0
1762353900000,14.854,14.998,14.833,14.924,404795.45,1762354799999,6044146.19899,17580,233642.96,3489424.12106,0
1762354800000,14.925,14.974,14.835,14.910,273562.58,1762355699999,4078226.28503,16740,145895.67,2175290.58884,0
1762355700000,14.910,14.984,14.867,14.951,173018.22,1762356599999,2581054.59284,11880,88216.74,1316193.61302,0
1762356600000,14.951,15.083,14.926,15.034,390784.48,1762357499999,5866205.79359,15761,225661.89,3388028.35851,0
1762357500000,15.035,15.104,15.002,15.086,340756.11,1762358399999,5131006.89302,13184,183684.76,2766066.05290,0
1762358400000,15.086,15.122,14.984,14.996,260273.04,1762359299999,3920439.02538,12422,111025.01,1673046.71751,0
1762359300000,14.996,15.036,14.898,15.030,278389.77,1762360199999,4168378.64673,12255,145076.10,2172835.78057,0
1762360200000,15.029,15.133,15.004,15.016,366779.16,1762361099999,5530491.17699,14288,186443.04,2811420.85741,0
1762361100000,15.016,15.226,15.016,15.195,501868.60,1762361999999,7590582.84827,16231,294540.86,4453712.64330,0
1762362000000,15.195,15.195,15.108,15.131,323764.45,1762362899999,4906258.99082,13383,173455.78,2628736.63045,0
1762362900000,15.131,15.260,15.125,15.227,381448.68,1762363799999,5805269.26431,13194,206934.27,3149759.62655,0
1762363800000,15.226,15.267,15.168,15.211,270950.56,1762364699999,4124893.60757,10639,165589.59,2520725.90923,0
1762364700000,15.211,15.242,15.166,15.230,305502.63,1762365599999,4645266.36480,10141,158435.60,2409127.64068,0
1762365600000,15.230,15.251,15.176,15.180,115105.22,1762366499999,1750897.84728,6712,63009.24,958598.74769,0
1762366500000,15.179,15.294,15.174,15.294,203390.76,1762367399999,3101228.85976,7826,141925.31,2164516.62583,0
1762367400000,15.293,15.360,15.258,15.324,208873.78,1762368299999,3198244.24039,9249,110190.06,1687247.06650,0
1762368300000,15.323,15.393,15.299,15.326,174845.69,1762369199999,2683768.94071,8700,82255.72,1262767.84020,0
1762369200000,15.325,15.338,15.224,15.245,188852.03,1762370099999,2883725.16497,7482,81379.84,1242571.88490,0
1762370100000,15.244,15.341,15.244,15.273,136484.23,1762370999999,2088117.50822,6945,66601.89,1018841.23438,0
1762371000000,15.274,15.339,15.268,15.291,135006.49,1762371899999,2065788.87058,6029,75322.18,1152791.21096,0
1762371900000,15.291,15.298,15.209,15.245,146895.06,1762372799999,2240427.23212,6126,61098.69,931716.32759,0
1762372800000,15.244,15.355,15.223,15.335,171715.74,1762373699999,2628300.50419,7981,100346.25,1536287.62254,0
1762373700000,15.333,15.339,15.201,15.209,228960.13,1762374599999,3499555.54513,8096,123443.36,1887498.19474,0
1762374600000,15.209,15.230,15.161,15.194,247921.06,1762375499999,3767598.54476,9032,112586.44,1711013.71326,0
1762375500000,15.194,15.216,15.144,15.204,200546.67,1762376399999,3044030.63859,8847,87021.74,1321158.09410,0
1762376400000,15.204,15.204,15.096,15.116,186748.36,1762377299999,2826228.42342,9555,71497.20,1082158.29217,0
1762377300000,15.115,15.159,15.066,15.115,158807.69,1762378199999,2400567.25719,7290,69848.56,1056096.45493,0
1762378200000,15.114,15.126,15.048,15.097,186146.42,1762379099999,2808141.35066,8086,105704.48,1594829.51847,0
1762379100000,15.096,15.178,15.091,15.139,132973.25,1762379999999,2013514.68130,6808,79079.25,1197443.91996,0
1762380000000,15.139,15.184,15.092,15.115,151176.15,1762380899999,2287386.97204,7004,68273.59,1033191.33209,0
1762380900000,15.114,15.173,15.105,15.159,146889.72,1762381799999,2224546.02008,4989,100874.20,1527847.41155,0
1762381800000,15.158,15.216,15.141,15.199,92002.03,1762382699999,1396549.30311,4388,51229.48,777670.36645,0
1762382700000,15.199,15.252,15.159,15.233,134724.84,1762383599999,2050048.93284,4610,93624.04,1424658.55812,0
1762383600000,15.233,15.306,15.092,15.176,814932.22,1762384499999,12371427.69943,22934,396324.17,6019633.44495,0
1762384500000,15.176,15.221,15.148,15.213,124626.11,1762385399999,1891981.97520,6114,62077.27,942419.85131,0
1762385400000,15.212,15.230,15.159,15.190,118211.41,1762386299999,1795456.93664,6166,64721.58,982904.41210,0
1762386300000,15.189,15.266,15.077,15.083,602102.89,1762387199999,9134789.34862,17165,264088.14,4006713.68377,0
1762387200000,15.084,15.100,15.016,15.087,249950.06,1762388099999,3761640.46172,11728,122290.82,1840258.12895,0
1762388100000,15.086,15.128,15.052,15.099,187522.21,1762388999999,2830065.74252,7644,107780.25,1626773.30080,0
1762389000000,15.098,15.115,15.041,15.069,101706.71,1762389899999,1533359.15894,6127,44396.71,669304.53189,0
1762389900000,15.070,15.111,15.025,15.073,81540.26,1762390799999,1228366.43178,4937,43962.53,662302.95184,0
1762390800000,15.073,15.074,14.905,14.935,307301.20,1762391699999,4596704.67600,10538,102324.72,1530373.26603,0
1762391700000,14.935,14.951,14.837,14.851,328702.17,1762392599999,4897230.42826,10406,182962.44,2727003.58933,0
1762392600000,14.852,14.998,14.852,14.968,212582.17,1762393499999,3177688.07665,9410,134868.52,2016054.48023,0
1762393500000,14.967,15.081,14.963,15.051,422026.65,1762394399999,6340125.61458,11349,205399.10,3087950.49267,0
1762394400000,15.050,15.066,14.901,14.908,391909.52,1762395299999,5870431.98350,13972,151449.76,2269260.41100,0
1762395300000,14.909,15.054,14.909,14.970,166880.16,1762396199999,2501421.52694,8069,93556.95,1402143.99657,0
1762396200000,14.970,15.145,14.960,15.101,271982.84,1762397099999,4100401.43907,9871,171663.02,2587737.91559,0
1762397100000,15.100,15.192,15.098,15.112,197636.01,1762397999999,2991603.01028,9756,96955.23,1467864.26573,0
1762398000000,15.111,15.168,15.101,15.136,114008.53,1762398899999,1725728.89931,7369,63955.57,968106.89639,0
1762398900000,15.136,15.205,15.122,15.126,179082.72,1762399799999,2716327.11471,8508,80354.97,1218719.54278,0
1762399800000,15.127,15.150,15.100,15.125,146405.35,1762400699999,2214493.20405,6884,66199.68,1001350.97829,0
1762400700000,15.126,15.161,15.103,15.122,115735.12,1762401599999,1751178.17939,4851,49733.05,752485.73676,0
1762401600000,15.123,15.167,15.082,15.144,107884.21,1762402499999,1631182.39437,5835,66813.53,1010387.20976,0
1762402500000,15.144,15.165,15.099,15.104,76484.03,1762403399999,1157390.18745,4927,42853.22,648540.70861,0
1762403400000,15.105,15.160,15.089,15.156,76846.37,1762404299999,1162009.23516,4707,43468.77,657386.65259,0
1762404300000,15.157,15.229,15.148,15.175,115946.82,1762405199999,1760615.19941,6826,69091.55,1049013.22581,0
1762405200000,15.176,15.177,15.018,15.033,146374.53,1762406099999,2209295.90929,7450,70784.12,1068718.51266,0
1762406100000,15.032,15.057,14.978,14.995,186691.23,1762406999999,2801328.30159,8202,94220.64,1414104.84899,0
1762407000000,14.995,15.010,14.901,14.925,138876.14,1762407899999,2075342.72331,7791,68080.57,1017369.20055,0
1762407900000,14.925,14.934,14.865,14.906,127395.77,1762408799999,1897501.96805,7226,60643.60,903383.40907,0
1762408800000,14.905,14.975,14.896,14.951,129962.87,1762409699999,1941267.19278,7325,72829.00,1088054.09207,0
1762409700000,14.951,14.980,14.919,14.938,122993.58,1762410599999,1838656.32151,5871,52266.97,781405.31011,0
1762410600000,14.938,14.981,14.879,14.906,188613.36,1762411499999,2813497.19643,7978,75712.96,1129794.73587,0
1762411500000,14.906,14.937,14.839,14.883,524867.59,1762412399999,7813787.82348,13428,264889.90,3944098.93250,0
1762412400000,14.884,14.993,14.870,14.924,249548.81,1762413299999,3728371.43461,8939,144005.26,2152333.48423,0
1762413300000,14.925,14.988,14.810,14.936,252238.33,1762414199999,3754429.22822,11452,125046.76,1862152.21276,0
1762414200000,14.936,14.936,14.839,14.873,147982.19,1762415099999,2201293.67535,8343,58572.82,871236.26426,0
1762415100000,14.872,14.922,14.862,14.894,163768.23,1762415999999,2438313.09031,6555,85030.43,1265977.77669,0
1762416000000,14.893,14.921,14.863,14.905,144806.94,1762416899999,2156434.34103,7023,71311.31,1061746.53260,0
1762416900000,14.905,14.952,14.890,14.911,139075.59,1762417799999,2074565.92990,8190,66597.54,993406.43880,0
1762417800000,14.912,14.931,14.874,14.874,100296.75,1762418699999,1494784.10048,6482,45320.21,675451.10224,0
1762418700000,14.873,14.880,14.827,14.870,124646.29,1762419599999,1851435.33601,6751,61739.32,917070.36993,0
1762419600000,14.870,14.922,14.789,14.920,208116.32,1762420499999,3088642.84360,9196,113656.77,1687199.07772,0
1762420500000,14.920,14.962,14.887,14.889,193459.49,1762421399999,2888435.52792,7901,102041.72,1523769.34390,0
1762421400000,14.890,14.935,14.867,14.883,99339.76,1762422299999,1479939.42027,6105,49646.10,739663.65315,0
1762422300000,14.884,14.899,14.808,14.822,155995.15,1762423199999,2314652.93420,6031,77536.47,1150453.65772,0
1762423200000,14.823,14.838,14.744,14.780,249551.44,1762424099999,3692277.68224,8908,132274.27,1957686.04507,0
1762424100000,14.781,14.882,14.763,14.861,136183.22,1762424999999,2021159.69199,6956,68349.99,1014653.71163,0
1762425000000,14.860,14.942,14.848,14.855,152457.90,1762425899999,2268387.96315,7799,69636.50,1036244.68051,0
1762425900000,14.855,14.905,14.826,14.877,105250.55,1762426799999,1564425.69228,5339,51449.85,764868.18986,0
1762426800000,14.876,14.877,14.774,14.806,148119.44,1762427699999,2193888.05848,6919,64985.08,962350.55004,0
1762427700000,14.806,14.915,14.783,14.901,102772.24,1762428599999,1527046.08119,5110,48610.74,722316.53710,0
1762428600000,14.901,14.966,14.899,14.925,174243.21,1762429499999,2601188.70808,7623,79088.87,1180756.31332,0
1762429500000,14.926,14.959,14.900,14.925,113785.49,1762430399999,1697515.97861,5406,51951.22,774954.50792,0
1762430400000,14.925,14.963,14.903,14.926,150857.28,1762431299999,2252816.71850,7379,78913.55,1178525.40032,0
1762431300000,14.926,14.930,14.825,14.837,208789.94,1762432199999,3109034.40951,7973,102260.40,1523117.90955,0
1762432200000,14.836,14.876,14.743,14.750,260399.47,1762433099999,3857288.93626,9721,128543.52,1904745.20049,0
1762433100000,14.750,14.804,14.735,14.786,223485.52,1762433999999,3301348.25627,8782,122297.04,1806775.57774,0
1762434000000,14.786,14.877,14.775,14.877,129846.16,1762434899999,1924736.40149,6990,66348.07,983236.15466,0
1762434900000,14.876,15.099,14.876,15.009,505860.42,1762435799999,7590843.35779,17551,258367.90,3879681.97883,0
1762435800000,15.009,15.063,14.942,15.060,228182.46,1762436699999,3421440.90268,9795,99927.77,1498997.47891,0
1762436700000,15.060,15.095,15.015,15.026,158795.53,1762437599999,2391266.29327,7552,78420.62,1181039.47399,0
1762437600000,15.027,15.089,14.862,14.923,308861.96,1762438499999,4618864.72983,12399,143033.57,2138785.28974,0
1762438500000,14.924,14.944,14.802,14.843,297069.57,1762439399999,4419629.32458,10265,122115.33,1816005.11622,0
1762439400000,14.844,14.849,14.690,14.748,565883.95,1762440299999,8357544.16361,22380,261086.90,3857814.72569,0
1762440300000,14.749,14.863,14.587,14.641,664036.57,1762441199999,9760572.81870,23044,292277.42,4298496.63378,0
1762441200000,14.641,14.711,14.578,14.620,555665.24,1762442099999,8137621.86297,22694,293790.87,4302900.93194,0
1762442100000,14.620,14.836,14.598,14.698,381706.47,1762442999999,5620270.49227,17966,202208.20,2977062.54886,0
1762443000000,14.698,14.710,14.463,14.466,458764.61,1762443899999,6680082.32105,20892,194362.82,2831324.29260,0
1762443900000,14.466,14.536,14.360,14.459,799285.63,1762444799999,11554136.81788,26778,436355.69,6309137.03670,0
1762444800000,14.459,14.584,14.417,14.420,427483.86,1762445699999,6191424.39883,18800,231684.61,3355602.82524,0
1762445700000,14.420,14.500,14.396,14.492,360741.15,1762446599999,5210822.00261,18099,200723.99,2899639.76867,0
1762446600000,14.492,14.494,14.234,14.332,496118.96,1762447499999,7125143.35614,21514,168475.71,2420532.25639,0
1762447500000,14.332,14.490,14.299,14.410,325139.06,1762448399999,4678754.23436,18020,174193.01,2507174.92670,0
1762448400000,14.409,14.524,14.358,14.389,303927.06,1762449299999,4386155.08049,18017,152396.41,2199386.09162,0
1762449300000,14.388,14.490,14.312,14.472,318138.13,1762450199999,4576571.98232,14235,155067.07,2232430.98258,0
1762450200000,14.471,14.523,14.412,14.478,274624.42,1762451099999,3971964.54844,13295,155900.96,2254954.07867,0
1762451100000,14.478,14.629,14.477,14.607,279730.08,1762451999999,4077821.06794,14756,159026.59,2318526.31003,0
1762452000000,14.606,14.634,14.477,14.513,228890.21,1762452899999,3329922.18916,12557,89936.38,1308126.45762,0
1762452900000,14.512,14.531,14.406,14.491,203089.84,1762453799999,2934807.93732,11538,94541.56,1366445.85442,0
1762453800000,14.491,14.704,14.484,14.679,312994.07,1762454699999,4574376.97691,13280,162270.57,2371945.48421,0
1762454700000,14.680,14.777,14.600,14.618,337898.63,1762455599999,4961944.49628,14459,151582.72,2226853.98303,0
1762455600000,14.617,14.677,14.588,14.676,254781.98,1762456499999,3729329.10933,12821,138807.00,2032034.92437,0
1762456500000,14.676,14.745,14.647,14.716,248673.82,1762457399999,3652620.95081,10836,122426.06,1798006.39882,0
1762457400000,14.716,14.753,14.607,14.682,278549.87,1762458299999,4094996.30557,11287,107411.81,1578789.45149,0
1762458300000,14.682,14.766,14.627,14.728,248369.15,1762459199999,3648650.01778,10854,115233.02,1693353.96370,0
1762459200000,14.729,14.792,14.652,14.656,310970.19,1762460099999,4585134.39936,13464,155445.18,2292230.01975,0
1762460100000,14.656,14.753,14.608,14.620,162802.53,1762460999999,2390292.06155,9854,81159.97,1191607.97934,0
1762461000000,14.620,14.628,14.486,14.511,286613.45,1762461899999,4176212.83593,12163,142740.05,2080798.95451,0
1762461900000,14.511,14.631,14.494,14.591,268605.50,1762462799999,3912482.87687,13811,151470.28,2205938.76999,0
1762462800000,14.590,14.622,14.509,14.561,201358.87,1762463699999,2933583.84736,9653,110808.10,1614301.05963,0
1762463700000,14.560,14.617,14.532,14.611,140747.19,1762464599999,2051587.32950,7510,84438.14,1230798.26871,0
1762464600000,14.612,14.733,14.607,14.698,136560.93,1762465499999,2003253.50905,7274,76562.01,1123054.14346,0
1762465500000,14.697,14.732,14.629,14.652,126320.53,1762466399999,1855003.24090,7848,63774.20,936374.11087,0
1762466400000,14.652,14.724,14.640,14.642,125240.35,1762467299999,1839038.35893,6666,56264.78,826207.15866,0
1762467300000,14.642,14.776,14.637,14.670,199400.98,1762468199999,2933415.25090,8080,120590.23,1774128.92516,0
1762468200000,14.671,14.712,14.582,14.597,147100.64,1762469099999,2154329.18707,6930,70435.61,1031711.91101,0
1762469100000,14.598,14.772,14.552,14.758,95862.65,1762469999999,1407659.50916,5781,58944.06,865680.87994,0
1762470000000,14.758,14.758,14.613,14.639,142511.75,1762470899999,2092890.58507,8318,73319.99,1076518.56919,0
1762470900000,14.640,14.661,14.546,14.638,144420.02,1762471799999,2109344.20143,8226,70979.54,1036818.61993,0
1762471800000,14.639,14.652,14.565,14.649,116872.86,1762472699999,1707339.74982,7516,62812.28,917688.04871,0
1762472700000,14.649,14.744,14.649,14.733,137934.24,1762473599999,2028197.83288,6634,62646.24,920878.20247,0
1762473600000,14.734,14.866,14.731,14.822,298780.73,1762474499999,4425460.53726,13630,148940.07,2205938.27103,0
1762474500000,14.823,14.875,14.716,14.725,226840.76,1762475399999,3357186.70571,11959,105502.49,1561498.17566,0
1762475400000,14.725,14.871,14.698,14.853,280857.87,1762476299999,4156573.50282,14176,135983.96,2012422.10575,0
1762476300000,14.854,14.902,14.794,14.847,262916.18,1762477199999,3905303.18059,12264,124977.68,1856373.89745,0
1762477200000,14.847,14.876,14.666,14.745,372892.80,1762478099999,5502647.66247,15453,198238.24,2926299.88194,0
1762478100000,14.745,14.876,14.722,14.781,287602.50,1762478999999,4258878.97469,14831,140372.36,2078481.60445,0
1762479000000,14.780,14.794,14.566,14.626,360979.76,1762479899999,5290141.85862,19377,175799.71,2576756.38040,0
1762479900000,14.625,14.796,14.601,14.791,229405.94,1762480799999,3364874.65961,12505,110925.01,1626882.23608,0
1762480800000,14.791,14.834,14.734,14.772,204541.07,1762481699999,3024228.01380,12418,103259.07,1526674.38135,0
1762481700000,14.771,14.846,14.704,14.725,222221.74,1762482599999,3279608.97265,12050,111991.85,1652800.88798,0
1762482600000,14.724,14.867,14.723,14.844,190538.34,1762483499999,2824218.32095,10920,112208.14,1662912.59821,0
1762483500000,14.844,14.938,14.815,14.933,234739.40,1762484399999,3494884.01320,9850,137457.44,2046658.51768,0
1762484400000,14.934,15.026,14.918,14.984,365281.86,1762485299999,5470527.75313,13614,188472.99,2822637.46365,0
1762485300000,14.984,15.011,14.944,14.993,158951.02,1762486199999,2380438.78777,8406,78359.66,1173586.95146,0
1762486200000,14.993,15.006,14.944,14.981,115171.96,1762487099999,1724739.30593,7461,58756.99,879921.61491,0
1762487100000,14.980,14.986,14.927,14.944,93578.63,1762487999999,1399687.96352,6498,50521.16,755727.75623,0
1762488000000,14.945,14.982,14.833,14.843,290778.08,1762488899999,4336262.30921,10875,174887.15,2608361.72928,0
1762488900000,14.843,14.951,14.843,14.940,139294.51,1762489799999,2075465.66075,6644,86680.85,1291394.81868,0
1762489800000,14.939,14.939,14.826,14.863,107682.65,1762490699999,1601269.99216,6177,52152.34,775345.96596,0
1762490700000,14.863,14.933,14.836,14.921,98422.94,1762491599999,1463550.83351,5566,46793.11,695795.16791,0
1762491600000,14.920,15.041,14.902,15.037,261133.11,1762492499999,3917644.10276,9308,155023.74,2325897.16811,0
1762492500000,15.036,15.061,14.992,15.045,148736.57,1762493399999,2235133.07132,7444,67687.68,1017444.31650,0
1762493400000,15.045,15.079,15.022,15.060,182333.90,1762494299999,2744971.13091,8810,115832.30,1743613.02624,0
1762494300000,15.060,15.097,15.016,15.091,130505.55,1762495199999,1965882.13294,7563,57702.13,869292.10056,0
1762495200000,15.091,15.108,15.039,15.084,164504.31,1762496099999,2481276.68000,6884,104599.27,1578208.87545,0
1762496100000,15.083,15.129,15.075,15.089,126192.06,1762496999999,1906252.23685,6082,66690.25,1007519.12724,0
1762497000000,15.090,15.102,15.047,15.057,131847.30,1762497899999,1986597.64248,6538,50211.78,756559.04171,0
1762497900000,15.056,15.057,15.006,15.017,149361.83,1762498799999,2244612.57261,6334,63736.00,957695.28936,0
1762498800000,15.018,15.058,15.010,15.013,186432.22,1762499699999,2802336.20150,7917,76243.19,1145996.33415,0
1762499700000,15.013,15.098,15.013,15.042,162283.98,1762500599999,2443189.55766,7082,77825.46,1171551.77830,0
1762500600000,15.043,15.049,14.971,15.030,128687.79,1762501499999,1931873.71442,5813,57587.42,864583.17748,0
1762501500000,15.031,15.165,15.031,15.156,167011.73,1762502399999,2526429.64045,6700,101470.58,1534601.45305,0
1762502400000,15.157,15.176,15.132,15.175,110235.63,1762503299999,1670847.93806,5352,48782.94,739439.89189,0
1762503300000,15.175,15.181,15.037,15.085,195012.72,1762504199999,2944928.56173,7802,83987.58,1268488.09727,0
1762504200000,15.086,15.094,14.975,15.005,148638.97,1762505099999,2232742.06439,6849,70988.19,1066318.62517,0
1762505100000,15.005,15.015,14.968,14.992,140864.35,1762505999999,2111555.14113,5869,59419.75,890774.11432,0
1762506000000,14.993,14.996,14.898,14.952,181217.47,1762506899999,2708566.65777,8981,79131.44,1182832.56459,0
1762506900000,14.953,15.022,14.810,14.820,261804.66,1762507799999,3903911.05461,11204,104955.44,1565958.27704,0
1762507800000,14.819,14.867,14.720,14.768,278494.11,1762508699999,4117766.67952,13561,145912.19,2157582.57082,0
1762508700000,14.768,14.872,14.763,14.861,227729.38,1762509599999,3375557.79212,11064,112331.55,1665043.87319,0
1762509600000,14.861,14.948,14.836,14.836,188003.35,1762510499999,2799514.12920,10244,106018.72,1578935.36600,0
1762510500000,14.837,14.846,14.741,14.789,258251.61,1762511399999,3819147.37136,12407,115981.86,1715062.09430,0
1762511400000,14.789,14.822,14.772,14.820,94086.84,1762512299999,1392097.77834,5611,42241.30,624984.08807,0
1762512300000,14.820,14.831,14.663,14.753,185806.65,1762513199999,2734965.45450,8662,78708.03,1159121.22289,0
1762513200000,14.753,14.753,14.554,14.567,273501.68,1762514099999,4007169.53719,12303,137981.55,2020931.61677,0
1762514100000,14.567,14.642,14.489,14.558,639765.17,1762514999999,9320163.39783,26331,368761.83,5373583.90203,0
1762515000000,14.559,14.639,14.502,14.600,270285.26,1762515899999,3937466.24808,15858,134343.50,1957245.87095,0
1762515900000,14.600,14.725,14.579,14.675,274008.09,1762516799999,4019419.46911,13503,157155.30,2305123.20033,0
1762516800000,14.675,14.741,14.592,14.598,221831.93,1762517699999,3254469.87370,11853,95067.78,1395617.48713,0
1762517700000,14.599,14.607,14.461,14.482,226720.72,1762518599999,3294034.21267,10785,92399.78,1342220.96106,0
1762518600000,14.482,14.482,14.397,14.422,308608.29,1762519499999,4454041.35925,16332,155725.97,2247508.54483,0
1762519500000,14.423,14.458,14.335,14.437,290187.82,1762520399999,4173025.37605,13374,150024.95,2158010.39752,0
1762520400000,14.437,14.574,14.375,14.496,223353.58,1762521299999,3228108.12581,13797,111193.58,1606998.22064,0
1762521300000,14.497,14.627,14.455,14.508,270993.39,1762522199999,3943165.78356,14996,155305.69,2260381.19841,0
1762522200000,14.507,14.586,14.488,14.523,197533.81,1762523099999,2871785.28369,12640,101533.04,1476199.45930,0
1762523100000,14.524,14.641,14.514,14.580,175544.04,1762523999999,2562492.90771,9403,79415.95,1159073.76128,0
1762524000000,14.580,14.680,14.516,14.615,231149.78,1762524899999,3373229.36689,12411,125657.54,1833879.63023,0
1762524900000,14.616,14.616,14.497,14.506,218310.63,1762525799999,3173229.43225,11767,97333.33,1414700.26545,0
1762525800000,14.506,14.700,14.300,14.699,629464.97,1762526699999,9092870.97760,32447,324350.09,4686974.26834,0
1762526700000,14.701,14.878,14.601,14.809,582108.18,1762527599999,8570822.83160,33981,289773.31,4267324.93556,0
1762527600000,14.810,14.958,14.692,14.946,557015.96,1762528499999,8258282.12332,33805,278614.68,4129893.99118,0
1762528500000,14.947,15.043,14.830,14.988,628096.65,1762529399999,9379987.43953,31604,279410.99,4174111.63835,0
1762529400000,14.988,15.033,14.856,14.921,405981.48,1762530299999,6067500.59592,23659,195176.05,2916715.75367,0
1762530300000,14.922,15.102,14.901,15.022,389780.43,1762531199999,5858209.66663,19948,197207.06,2963812.76237,0
1762531200000,15.023,15.087,14.943,14.979,327431.80,1762532099999,4915575.33734,18576,152046.04,2282861.00696,0
1762532100000,14.980,15.335,14.963,15.319,616715.74,1762532999999,9361979.92235,27041,317555.87,4821431.44760,0
1762533000000,15.318,15.461,15.276,15.449,708388.56,1762533899999,10888920.20754,33101,380768.01,5853837.65852,0
1762533900000,15.449,15.604,15.373,15.484,709115.94,1762534799999,10983155.01707,33464,374781.64,5806644.27805,0
1762534800000,15.484,15.645,15.367,15.600,474154.31,1762535699999,7355190.09693,26187,252453.55,3917310.76359,0
1762535700000,15.600,15.804,15.593,15.797,1024068.18,1762536599999,16105554.58399,33850,549288.32,8641140.12717,0
1762536600000,15.797,15.885,15.753,15.880,576881.74,1762537499999,9121085.16460,24163,293025.75,4633583.92564,0
1762537500000,15.880,15.971,15.759,15.948,411847.68,1762538399999,6538083.70434,20920,215204.88,3417621.62187,0
1762538400000,15.948,16.100,15.914,16.076,497189.45,1762539299999,7958418.71760,22827,270088.89,4324596.56734,0
1762539300000,16.075,16.125,15.924,16.077,481867.38,1762540199999,7722705.24182,22427,233937.70,3750763.47325,0
1762540200000,16.077,16.211,16.037,16.197,320180.46,1762541099999,5160790.83701,17828,159454.59,2571121.33455,0
1762541100000,16.196,16.213,15.964,16.024,464379.21,1762541999999,7465646.78496,23701,205344.56,3303411.54338,0
1762542000000,16.024,16.085,15.921,16.070,357081.86,1762542899999,5711444.44698,19268,150999.62,2416017.22140,0
1762542900000,16.070,16.077,15.940,15.968,244490.79,1762543799999,3910823.23298,12489,129535.91,2071423.34835,0
1762543800000,15.969,16.132,15.969,16.124,242909.97,1762544699999,3896664.26684,12734,130700.13,2096798.03657,0
1762544700000,16.124,16.126,16.008,16.061,199130.39,1762545599999,3197720.11634,12454,93672.33,1504196.72486,0
1762545600000,16.061,16.098,15.963,16.026,322674.66,1762546499999,5174956.00175,14710,139785.90,2242288.18907,0
1762546500000,16.027,16.051,15.922,16.032,283133.39,1762547399999,4527306.43754,12549,97361.91,1557201.26188,0
1762547400000,16.032,16.158,16.028,16.128,209081.61,1762548299999,3361151.52402,10311,116895.70,1879398.91188,0
1762548300000,16.127,16.149,16.081,16.099,167249.29,1762549199999,2695307.86605,8829,91731.03,1478228.58208,0
1762549200000,16.099,16.140,16.062,16.119,152225.51,1762550099999,2450493.17990,8392,73925.35,1189920.09566,0
1762550100000,16.119,16.178,16.078,16.095,174909.21,1762550999999,2821808.17648,8120,80488.06,1298976.97041,0
1762551000000,16.096,16.140,16.076,16.140,123496.61,1762551899999,1989360.06488,6285,77805.55,1253329.62666,0
1762551900000,16.139,16.153,16.108,16.145,73884.43,1762552799999,1191795.72648,4561,35569.49,573710.77022,0
1762552800000,16.146,16.176,16.064,16.081,147443.43,1762553699999,2377528.51142,7240,73667.88,1187982.99393,0
1762553700000,16.082,16.100,16.006,16.094,117777.96,1762554599999,1892697.12305,5406,46838.42,752655.56618,0
1762554600000,16.095,16.097,16.017,16.049,105687.75,1762555499999,1697040.63275,4909,41152.57,660704.31159,0
1762555500000,16.050,16.105,16.048,16.087,65374.12,1762556399999,1051541.13908,4202,32279.33,519130.76108,0
1762556400000,16.087,16.097,15.906,15.940,199424.45,1762557299999,3187221.96632,10267,72009.60,1151504.90644,0
1762557300000,15.940,15.980,15.845,15.861,271432.16,1762558199999,4317393.57461,10580,102638.50,1633768.31641,0
1762558200000,15.861,15.947,15.810,15.822,282289.40,1762559099999,4482222.22689,10263,162402.49,2579074.93518,0
1762559100000,15.822,15.851,15.738,15.790,279124.07,1762559999999,4407927.09195,10009,141970.98,2242070.14072,0
1762560000000,15.791,15.885,15.786,15.879,320391.57,1762560899999,5074442.42250,15998,194974.71,3087813.04429,0
1762560900000,15.879,15.953,15.753,15.780,287103.17,1762561799999,4554177.14312,15836,136271.88,2162636.82912,0
1762561800000,15.779,15.812,15.640,15.760,376333.95,1762562699999,5918409.42678,16379,166834.31,2624228.16120,0
1762562700000,15.759,15.874,15.610,15.624,239536.77,1762563599999,3768894.35739,12966,111545.64,1756250.00300,0
1762563600000,15.625,15.812,15.623,15.754,321176.40,1762564499999,5051682.40907,17575,177724.39,2795017.31462,0
1762564500000,15.755,15.855,15.750,15.802,215832.63,1762565399999,3414099.15548,11942,118972.22,1881772.09306,0
1762565400000,15.802,15.856,15.716,15.797,159486.88,1762566299999,2515906.99218,10479,79007.98,1246387.34522,0
1762566300000,15.796,15.856,15.760,15.818,135223.02,1762567199999,2137518.89668,8908,65853.45,1040888.54138,0
1762567200000,15.817,15.884,15.772,15.867,187451.56,1762568099999,2967341.11747,9809,99266.00,1571169.42389,0
1762568100000,15.867,15.976,15.846,15.908,241530.31,1762568999999,3845447.99582,11705,147403.89,2347134.08854,0
1762569000000,15.908,16.028,15.901,15.987,202880.16,1762569899999,3240607.87584,10311,127829.32,2041646.98752,0
1762569900000,15.987,15.987,15.816,15.818,166463.10,1762570799999,2644604.70797,9404,71495.12,1135939.80587,0
1762570800000,15.819,15.944,15.795,15.872,173501.64,1762571699999,2753191.03556,9609,85633.36,1359133.59544,0
1762571700000,15.873,15.969,15.873,15.929,134437.54,1762572599999,2141397.41119,7903,74142.76,1180784.19028,0
1762572600000,15.930,15.947,15.779,15.820,250583.06,1762573499999,3973379.93910,12553,111009.16,1760443.98481,0
1762573500000,15.821,15.874,15.754,15.755,210770.16,1762574399999,3334048.33041,10017,98151.67,1552870.57719,0
1762574400000,15.755,15.835,15.755,15.770,168694.39,1762575299999,2665086.29657,9584,89196.93,1409185.70557,0
1762575300000,15.771,15.823,15.726,15.730,133527.99,1762576199999,2106730.58705,8581,59570.10,940045.50735,0
1762576200000,15.731,15.905,15.717,15.885,138665.81,1762577099999,2193201.68143,8446,79516.84,1257697.18822,0
1762577100000,15.885,15.926,15.802,15.808,110346.67,1762577999999,1751276.80758,7271,65356.14,1037374.03874,0
1762578000000,15.808,15.875,15.782,15.811,129947.09,1762578899999,2057070.29733,7827,68657.94,1087040.84219,0
1762578900000,15.810,15.839,15.737,15.795,222721.16,1762579799999,3516393.11248,10064,104476.49,1649898.69303,0
1762579800000,15.795,15.795,15.637,15.672,235900.12,1762580699999,3701519.48318,10874,105599.98,1657690.32947,0
1762580700000,15.672,15.724,15.641,15.681,230983.57,1762581599999,3622416.45294,9130,101446.93,1590931.55835,0
1762581600000,15.682,15.721,15.544,15.557,306515.66,1762582499999,4784926.91503,13343,132597.11,2070225.19362,0
1762582500000,15.558,15.690,15.558,15.640,253682.18,1762583399999,3964732.02179,11049,113588.84,1775846.80320,0
1762583400000,15.641,15.771,15.612,15.727,151236.71,1762584299999,2376041.15123,8872,89201.00,1401318.03884,0
1762584300000,15.728,15.754,15.696,15.704,82268.89,1762585199999,1293326.57333,5719,35478.27,557736.98139,0
1762585200000,15.705,15.713,15.586,15.647,113191.80,1762586099999,1770124.89717,7221,54233.85,848083.39956,0
1762586100000,15.648,15.681,15.523,15.603,199479.40,1762586999999,3110431.70074,9209,73365.11,1144627.84536,0
1762587000000,15.603,15.657,15.551,15.638,107775.54,1762587899999,1683096.11338,6961,60640.11,947051.23828,0
1762587900000,15.638,15.740,15.627,15.709,109249.88,1762588799999,1715419.18635,5431,58346.91,916043.51532,0
1762588800000,15.710,15.735,15.666,15.676,160565.47,1762589699999,2520035.62359,7551,80667.14,1266223.70928,0
1762589700000,15.677,15.760,15.611,15.739,180811.56,1762590599999,2835119.62174,8693,89618.47,1405617.35320,0
1762590600000,15.739,15.795,15.719,15.781,212209.87,1762591499999,3345031.26764,8864,118430.95,1866707.35319,0
1762591500000,15.780,15.790,15.733,15.733,143411.34,1762592399999,2259841.41430,6578,72910.73,1149011.66176,0
1762592400000,15.733,15.735,15.648,15.680,133228.69,1762593299999,2089088.21942,7283,66991.58,1050510.53829,0
1762593300000,15.681,15.788,15.659,15.765,110938.80,1762594199999,1744973.76996,6444,54739.35,861101.26974,0
1762594200000,15.764,15.788,15.711,15.722,122884.90,1762595099999,1935598.61040,6422,52450.41,826194.31998,0
1762595100000,15.721,15.729,15.598,15.638,205957.15,1762595999999,3221501.09392,8839,97643.59,1527153.85841,0
1762596000000,15.639,15.695,15.622,15.678,139445.81,1762596899999,2184142.54093,6258,80290.43,1257637.19158,0
1762596900000,15.677,15.853,15.651,15.850,338201.43,1762597799999,5326784.36886,11760,225912.62,3558535.78076,0
1762597800000,15.849,15.925,15.674,15.759,529257.30,1762598699999,8352819.02394,17112,246448.44,3891172.16311,0
1762598700000,15.759,15.877,15.751,15.802,215092.71,1762599599999,3400300.09387,8662,126873.26,2006102.10362,0
1762599600000,15.801,15.852,15.782,15.830,143005.34,1762600499999,2260437.34717,7058,78070.01,1234200.51811,0
1762600500000,15.830,15.867,15.791,15.843,179294.12,1762601399999,2837402.66564,7633,95559.98,1512317.23604,0
1762601400000,15.842,15.856,15.627,15.645,223445.51,1762602299999,3508910.88323,10400,77285.87,1213776.80122,0
1762602300000,15.644,15.696,15.595,15.676,202218.81,1762603199999,3161686.02191,10383,90944.15,1422035.90840,0
1762603200000,15.676,15.695,15.570,15.583,199826.01,1762604099999,3126234.33523,10433,79070.44,1237161.83744,0
1762604100000,15.582,15.717,15.582,15.691,163015.65,1762604999999,2551015.83364,8861,80526.81,1260025.59457,0
1762605000000,15.691,15.692,15.596,15.597,106000.23,1762605899999,1657478.91504,6050,50872.80,795494.95076,0
1762605900000,15.596,15.646,15.576,15.640,88663.72,1762606799999,1384552.67546,5496,41804.35,652873.02998,0
1762606800000,15.639,15.653,15.481,15.587,259927.83,1762607699999,4041069.18072,11864,117513.87,1827803.13500,0
1762607700000,15.586,15.596,15.505,15.557,151803.67,1762608599999,2359570.28342,8502,76512.32,1189397.69573,0
1762608600000,15.556,15.557,15.435,15.521,268576.10,1762609499999,4158641.84915,12972,120021.06,1858672.01083,0
1762609500000,15.520,15.522,15.406,15.415,210421.91,1762610399999,3252080.80863,10134,105072.97,1624229.92094,0
1762610400000,15.415,15.468,15.318,15.327,408606.84,1762611299999,6287712.71713,16958,185840.16,2860426.83132,0
1762611300000,15.327,15.375,15.262,15.350,411231.11,1762612199999,6296217.41852,15980,209114.02,3202707.05206,0
1762612200000,15.350,15.504,15.345,15.448,294154.14,1762613099999,4540891.42548,13779,170810.20,2636912.32604,0
1762613100000,15.447,15.535,15.417,15.450,242052.44,1762613999999,3747833.21600,11461,148538.20,2300680.46583,0
1762614000000,15.450,15.485,15.355,15.412,186825.87,1762614899999,2880857.99950,9364,90183.03,1390792.79830,0
1762614900000,15.412,15.439,15.245,15.319,263457.95,1762615799999,4032450.66132,12418,109298.11,1672745.97797,0
1762615800000,15.320,15.334,15.165,15.206,271817.87,1762616699999,4140597.84153,12043,119602.35,1822290.07769,0
1762616700000,15.206,15.278,15.182,15.203,219761.01,1762617599999,3347050.97722,9191,113077.45,1722542.66215,0
1762617600000,15.203,15.269,15.109,15.256,317338.76,1762618499999,4818243.44200,13075,159482.12,2422310.92461,0
1762618500000,15.256,15.278,15.136,15.229,165026.52,1762619399999,2509645.72078,9855,82978.41,1261801.33006,0
1762619400000,15.229,15.308,15.194,15.233,207912.10,1762620299999,3173148.62057,11774,116818.88,1782767.35782,0
1762620300000,15.233,15.260,15.166,15.246,193295.45,1762621199999,2940964.19914,10681,101283.49,1541152.35059,0
1762621200000,15.246,15.255,15.184,15.215,145000.86,1762622099999,2207633.99487,8197,80842.19,1230997.12446,0
1762622100000,15.216,15.356,15.216,15.324,147790.51,1762622999999,2261641.27352,8747,83375.16,1275899.04701,0
1762623000000,15.324,15.376,15.296,15.360,95451.96,1762623899999,1464009.63976,6220,52748.78,809041.54987,0
1762623900000,15.359,15.381,15.290,15.321,133074.58,1762624799999,2038967.78398,5311,76132.09,1166180.37771,0
1762624800000,15.321,15.379,15.295,15.363,115605.32,1762625699999,1772249.48187,7034,58420.83,895540.03122,0
1762625700000,15.363,15.367,15.244,15.291,99736.99,1762626599999,1525677.59214,5435,41968.12,641909.14629,0
1762626600000,15.292,15.347,15.263,15.345,98049.01,1762627499999,1502196.64235,6075,48786.04,747481.71404,0
1762627500000,15.346,15.439,15.334,15.404,116014.25,1762628399999,1786150.47498,5598,71482.83,1100375.39986,0
1762628400000,15.403,15.435,15.377,15.407,107913.96,1762629299999,1662222.06238,5824,54817.80,844419.74563,0
1762629300000,15.408,15.417,15.211,15.277,175290.91,1762630199999,2678304.72978,9690,81383.75,1242947.37839,0
1762630200000,15.277,15.350,15.240,15.320,104087.42,1762631099999,1591958.06136,6606,59867.65,915590.89691,0
1762631100000,15.321,15.372,15.297,15.360,55225.87,1762631999999,846976.21929,4198,27724.96,425196.02017,0
1762632000000,15.359,15.382,15.268,15.287,84756.92,1762632899999,1298934.07085,5832,35034.12,536762.50988,0
1762632900000,15.287,15.355,15.276,15.351,61841.10,1762633799999,947670.71735,4908,39344.16,602930.78684,0
1762633800000,15.352,15.415,15.348,15.400,83738.99,1762634699999,1288254.98545,5337,47242.40,726717.23590,0
1762634700000,15.400,15.437,15.372,15.386,60241.35,1762635599999,927785.20660,4327,28555.04,439807.43617,0
1762635600000,15.387,15.410,15.363,15.369,60087.76,1762636499999,924681.08686,4012,29447.03,453122.94609,0
1762636500000,15.370,15.407,15.363,15.403,34148.83,1762637399999,525363.45597,3250,18840.36,289831.07499,0
1762637400000,15.404,15.458,15.383,15.447,78653.58,1762638299999,1214092.10482,4739,37405.96,577409.97573,0
1762638300000,15.447,15.448,15.397,15.432,61077.50,1762639199999,942129.85337,4154,29879.58,460858.52152,0
1762639200000,15.432,15.457,15.394,15.441,68165.55,1762640099999,1051669.53521,4436,34919.68,538779.58977,0
1762640100000,15.441,15.457,15.403,15.447,52474.70,1762640999999,809779.95182,3545,25599.32,395014.52511,0
1762641000000,15.447,15.455,15.414,15.416,39118.69,1762641899999,603869.19028,2777,15150.11,233857.67526,0
1762641900000,15.415,15.500,15.415,15.480,58577.24,1762642799999,906442.80922,3476,31676.82,490074.40099,0
1762642800000,15.480,15.518,15.448,15.516,74055.67,1762643699999,1146615.45862,5077,43988.64,681219.59882,0
1762643700000,15.516,15.541,15.473,15.474,110068.33,1762644599999,1707682.22919,4890,52099.96,808487.94700,0
1762644600000,15.474,15.532,15.470,15.518,57820.56,1762645499999,896118.24441,3924,27926.27,432782.18498,0
1762645500000,15.518,15.537,15.494,15.508,55494.50,1762646399999,861087.02480,3581,23607.01,366296.49538,0
1762646400000,15.509,15.515,15.415,15.418,165725.59,1762647299999,2562824.48307,7926,56083.35,867303.09284,0
1762647300000,15.418,15.419,15.286,15.319,213544.19,1762648199999,3278882.59155,8769,95071.94,1458291.33051,0
1762648200000,15.320,15.403,15.316,15.389,101842.26,1762649099999,1564420.85624,6868,59445.73,913045.33783,0
1762649100000,15.388,15.438,15.328,15.356,146046.36,1762649999999,2245910.69820,8491,72488.21,1114795.31889,0
1762650000000,15.356,15.475,15.343,15.382,135611.61,1762650899999,2090610.00568,9230,73327.72,1130541.02494,0
1762650900000,15.383,15.417,15.349,15.362,74972.77,1762651799999,1153285.61849,5313,37412.60,575501.25906,0
1762651800000,15.363,15.384,15.274,15.382,95742.02,1762652699999,1468107.45706,6439,44945.00,689295.69819,0
1762652700000,15.383,15.430,15.373,15.429,76237.72,1762653599999,1174302.90432,5686,42758.91,658596.40096,0
1762653600000,15.429,15.451,15.386,15.405,107326.77,1762654499999,1654494.81431,6443,49399.04,761587.44576,0
1762654500000,15.405,15.420,15.340,15.340,76510.55,1762655399999,1177259.32123,5095,29392.52,452311.21841,0
1762655400000,15.341,15.341,15.156,15.195,398274.88,1762656299999,6061140.18106,15826,177680.23,2703307.94445,0
1762656300000,15.195,15.230,15.092,15.135,287658.56,1762657199999,4359782.75303,12510,147859.18,2241465.91209,0
1762657200000,15.134,15.174,15.114,15.141,141955.39,1762658099999,2150024.71159,8250,75030.13,1136555.51606,0
1762658100000,15.140,15.151,15.012,15.067,240307.45,1762658999999,3621444.90877,11424,86114.32,1298251.77570,0
1762659000000,15.068,15.119,15.035,15.066,148240.66,1762659899999,2234779.09992,8705,75911.00,1144370.46592,0
1762659900000,15.066,15.127,15.024,15.095,105933.18,1762660799999,1597413.24617,6794,53411.35,805715.23515,0
1762660800000,15.094,15.154,15.063,15.149,131157.07,1762661699999,1981435.77042,7946,77034.66,1163536.70620,0
1762661700000,15.148,15.175,15.120,15.140,222083.09,1762662599999,3364633.06519,10338,113216.22,1715421.13116,0
1762662600000,15.139,15.153,15.056,15.077,118158.74,1762663499999,1784585.19369,7274,43276.32,653458.91305,0
1762663500000,15.078,15.107,15.053,15.094,71574.59,1762664399999,1079702.65775,4986,38081.86,574440.40742,0
1762664400000,15.095,15.145,15.040,15.125,145411.67,1762665299999,2197369.51183,7193,86774.52,1311748.71730,0
1762665300000,15.124,15.224,15.122,15.217,136896.58,1762666199999,2076453.40074,7573,82828.28,1256586.84379,0
1762666200000,15.217,15.228,15.144,15.201,111427.98,1762667099999,1693186.88264,6648,54151.23,822914.43297,0
1762667100000,15.202,15.266,15.186,15.255,98753.30,1762667999999,1504438.60667,5337,50760.60,773295.31454,0
1762668000000,15.255,15.256,15.171,15.213,98547.15,1762668899999,1498881.49399,5720,38860.32,591058.97485,0
1762668900000,15.214,15.292,15.191,15.277,93066.77,1762669799999,1419849.80091,5985,49485.45,754972.70311,0
1762669800000,15.276,15.310,15.226,15.274,78440.64,1762670699999,1197696.91881,4590,33773.65,515697.25021,0
1762670700000,15.275,15.284,15.158,15.201,89985.17,1762671599999,1367554.48829,5001,35037.61,532297.81321,0
1762671600000,15.200,15.251,15.186,15.243,96796.83,1762672499999,1473656.73147,5413,51003.81,776579.16345,0
1762672500000,15.242,15.260,15.210,15.245,54564.37,1762673399999,831277.96092,3877,22737.82,346456.21784,0
1762673400000,15.245,15.425,15.245,15.378,282319.96,1762674299999,4339176.30130,12584,151817.86,2333224.87185,0
1762674300000,15.379,15.398,15.326,15.359,133324.63,1762675199999,2048378.23505,6739,67273.42,1033502.85504,0
1762675200000,15.359,15.377,15.298,15.368,110514.94,1762676099999,1695769.67771,5819,53250.90,817075.79495,0
1762676100000,15.368,15.368,15.276,15.288,100157.70,1762676999999,1534219.72283,4951,48187.79,738100.72145,0
1762677000000,15.287,15.350,15.270,15.315,120847.38,1762677899999,1849709.12267,6471,50804.44,777843.93022,0
1762677900000,15.316,15.324,15.243,15.297,91657.28,1762678799999,1400910.26515,5394,41590.76,635713.72005,0
1762678800000,15.298,15.362,15.294,15.329,107460.90,1762679699999,1646738.79753,6480,60319.66,924406.36091,0
1762679700000,15.330,15.400,15.291,15.314,102843.02,1762680599999,1578283.81155,5895,53276.79,817675.14425,0
1762680600000,15.314,15.323,15.223,15.224,129600.55,1762681499999,1977986.23991,7492,53220.68,812229.31457,0
1762681500000,15.224,15.232,15.146,15.172,177453.11,1762682399999,2693573.40559,8262,83380.07,1265512.48371,0
1762682400000,15.173,15.173,15.089,15.103,163870.48,1762683299999,2476570.53461,8201,68920.08,1041578.20222,0
1762683300000,15.103,15.177,15.068,15.159,152432.21,1762684199999,2303891.83216,7569,110737.07,1673968.67396,0
1762684200000,15.158,15.205,15.123,15.201,114639.07,1762685099999,1737845.04437,6179,67984.80,1030661.57057,0
1762685100000,15.201,15.294,15.201,15.292,270730.89,1762685999999,4126028.35608,8595,181792.39,2770033.06963,0
1762686000000,15.293,15.451,15.293,15.446,288138.51,1762686899999,4434403.69668,12649,169133.73,2603184.41653,0
1762686900000,15.447,15.454,15.367,15.371,266543.53,1762687799999,4107673.59190,8125,96552.02,1487760.52136,0
1762687800000,15.371,15.442,15.340,15.434,120462.19,1762688699999,1852229.64516,6048,68630.49,1055304.67004,0
1762688700000,15.435,15.488,15.420,15.421,153036.17,1762689599999,2364956.84067,7638,78701.12,1216406.69327,0
1762689600000,15.425,15.457,15.386,15.450,128353.24,1762690499999,1979413.35168,7172,55951.45,862965.44480,0
1762690500000,15.451,15.568,15.434,15.449,284931.70,1762691399999,4414660.19245,12202,150528.05,2332983.57151,0
1762691400000,15.448,15.509,15.424,15.489,121973.78,1762692299999,1886701.95995,6391,53156.69,822374.54870,0
1762692300000,15.490,15.511,15.446,15.455,87227.20,1762693199999,1350369.40965,5045,39631.08,613524.92899,0
1762693200000,15.455,15.562,15.424,15.542,164113.01,1762694099999,2543347.40350,7393,95573.27,1481439.56179,0
1762694100000,15.541,15.575,15.503,15.574,147385.29,1762694999999,2290266.80055,7610,90406.67,1404847.71418,0
1762695000000,15.575,15.618,15.529,15.568,302015.26,1762695899999,4703173.28911,11642,151379.01,2357521.57235,0
1762695900000,15.569,15.649,15.533,15.562,259132.14,1762696799999,4040300.78062,10306,119228.62,1859251.92787,0
1762696800000,15.562,15.628,15.507,15.611,281266.30,1762697699999,4379424.89162,12513,156898.51,2443440.82608,0
1762697700000,15.611,15.905,15.591,15.896,538571.04,1762698599999,8489317.79774,22814,277796.98,4379029.01715,0
1762698600000,15.897,15.937,15.754,15.802,481985.71,1762699499999,7640089.93268,23857,206011.74,3265842.95338,0
1762699500000,15.803,15.834,15.666,15.695,370113.17,1762700399999,5828908.75772,16518,153139.81,2412639.54711,0
1762700400000,15.695,15.847,15.693,15.785,222997.02,1762701299999,3519584.96254,12213,122527.89,1934279.05016,0
1762701300000,15.785,15.885,15.771,15.845,163287.67,1762702199999,2585695.59109,8783,91345.25,1446654.66325,0
1762702200000,15.846,15.919,15.804,15.912,196571.04,1762703099999,3120345.51505,9703,98314.11,1560523.73538,0
1762703100000,15.911,15.913,15.767,15.813,247663.90,1762703999999,3924548.43159,11823,130526.17,2069192.70922,0
1762704000000,15.813,15.846,15.762,15.801,191170.85,1762704899999,3020516.67108,10815,82092.35,1296892.11295,0
1762704900000,15.801,15.898,15.754,15.877,194892.64,1762705799999,3085520.38206,9384,99808.81,1580547.64267,0
1762705800000,15.876,15.905,15.819,15.897,138236.01,1762706699999,2193439.58505,7478,70973.89,1126254.72490,0
1762706700000,15.898,15.988,15.893,15.932,174219.69,1762707599999,2777137.03971,8917,94967.80,1513904.19418,0
1762707600000,15.933,15.934,15.841,15.855,145908.09,1762708499999,2316294.75820,8708,53581.55,850617.10058,0
1762708500000,15.855,15.857,15.745,15.800,186444.37,1762709399999,2945991.40148,8732,67645.67,1068770.14637,0
1762709400000,15.801,15.830,15.722,15.749,154498.57,1762710299999,2436968.76834,7931,64922.68,1024635.55432,0
1762710300000,15.750,15.785,15.745,15.765,91223.28,1762711199999,1437858.37095,4441,53046.94,836103.61322,0
1762711200000,15.766,15.806,15.719,15.738,83076.94,1762712099999,1309862.42011,5135,38418.43,605909.74221,0
1762712100000,15.738,15.758,15.711,15.742,54005.40,1762712999999,849945.95882,3734,25375.74,399380.74035,0
1762713000000,15.741,15.844,15.724,15.829,93222.14,1762713899999,1471622.62399,4956,56381.50,889849.67292,0
1762713900000,15.829,15.978,15.823,15.938,156798.10,1762714799999,2494630.97406,9627,89021.27,1416038.01005,0
1762714800000,15.938,15.962,15.891,15.896,137099.16,1762715699999,2184647.99868,7864,70016.38,1115954.04172,0
1762715700000,15.897,15.996,15.863,15.980,144785.65,1762716599999,2307411.40732,8046,77461.53,1234805.89830,0
1762716600000,15.981,16.016,15.939,15.996,157438.15,1762717499999,2515349.04481,8218,71221.98,1138136.48922,0
1762717500000,15.996,16.086,15.990,16.082,155077.15,1762718399999,2487636.74806,9147,80279.78,1287698.05344,0
1762718400000,16.081,16.123,15.962,15.968,215803.99,1762719299999,3462440.03801,12695,94533.00,1517368.05637,0
1762719300000,15.969,16.077,15.958,16.024,103781.32,1762720199999,1664089.51082,6611,46227.25,741260.85042,0
1762720200000,16.024,16.078,16.015,16.029,75422.24,1762721099999,1210139.36516,5719,40895.13,656156.82305,0
1762721100000,16.028,16.036,15.995,16.017,62559.60,1762721999999,1001563.84745,4392,19805.08,317085.62640,0
1762722000000,16.018,16.056,15.960,15.973,94642.98,1762722899999,1515229.00909,5541,34014.38,544897.98787,0
1762722900000,15.974,16.052,15.968,16.014,82384.86,1762723799999,1319159.77656,4182,46425.00,743489.12290,0
1762723800000,16.013,16.018,15.969,16.004,73779.31,1762724699999,1179909.63966,4761,32018.64,512050.22032,0
1762724700000,16.005,16.025,15.952,15.998,64030.30,1762725599999,1023903.79394,4485,28500.00,455786.06471,0
1762725600000,15.999,16.022,15.910,15.952,151435.38,1762726499999,2416860.07441,6698,67065.06,1070342.38193,0
1762726500000,15.953,15.974,15.875,15.889,113534.19,1762727399999,1807810.38062,4992,37908.84,604203.59067,0
1762727400000,15.889,15.904,15.823,15.861,114308.23,1762728299999,1812941.49649,5083,34161.90,541886.34285,0
1762728300000,15.861,15.993,15.861,15.961,86767.81,1762729199999,1383720.52976,4392,55357.89,882695.73841,0
1762729200000,15.962,16.120,15.913,15.954,289682.49,1762730099999,4641907.03210,16986,144054.15,2308140.07605,0
1762730100000,15.955,15.979,15.867,15.881,133024.72,1762730999999,2116715.64062,7993,61233.55,974690.56061,0
1762731000000,15.882,15.929,15.864,15.876,97262.25,1762731899999,1545791.57918,5869,53064.48,843578.31977,0
1762731900000,15.876,15.936,15.866,15.919,74394.16,1762732799999,1183451.37280,4046,34119.73,542799.93340,0
1762732800000,15.920,15.920,15.776,15.901,222619.97,1762733699999,3527452.99827,12320,91020.60,1442139.36591,0
1762733700000,15.902,16.046,15.889,15.999,182097.02,1762734599999,2908545.62531,10811,98043.74,1565619.95621,0
1762734600000,16.000,16.144,15.984,16.143,247084.62,1762735499999,3976085.85782,14260,137861.50,2218618.31379,0
1762735500000,16.143,16.267,16.101,16.114,359855.28,1762736399999,5826143.88365,17020,172411.59,2792696.48473,0
1762736400000,16.114,16.210,16.042,16.119,293212.87,1762737299999,4730891.44536,16703,153142.75,2471286.40744,0
1762737300000,16.119,16.198,16.081,16.132,206410.99,1762738199999,3329975.69624,12425,91643.70,1478696.75761,0
1762738200000,16.131,16.178,16.077,16.111,114704.96,1762739099999,1849408.49477,8323,54303.63,875640.05545,0
1762739100000,16.110,16.201,16.088,16.104,105591.59,1762739999999,1703971.06666,7719,55329.56,892921.47926,0
1762740000000,16.105,16.175,16.069,16.148,168568.45,1762740899999,2718449.95974,9103,88865.74,1433452.04903,0
1762740900000,16.149,16.192,16.126,16.143,108716.41,1762741799999,1756614.58676,6881,55383.86,894737.28693,0
1762741800000,16.143,16.195,16.086,16.097,159654.58,1762742699999,2578031.17815,8122,84727.82,1368563.03550,0
1762742700000,16.097,16.215,16.089,16.206,160764.59,1762743599999,2598858.18980,7833,83645.33,1352063.17319,0
1762743600000,16.206,16.303,16.197,16.213,197351.05,1762744499999,3206842.16602,11830,97817.96,1589587.85488,0
1762744500000,16.212,16.238,16.159,16.214,136702.71,1762745399999,2214660.89045,6961,63767.32,1033022.25096,0
1762745400000,16.215,16.275,16.185,16.267,134742.60,1762746299999,2188374.33745,7412,61104.16,992464.90005,0
1762746300000,16.267,16.276,16.201,16.228,166204.56,1762747199999,2698499.72576,8024,75635.78,1228091.75258,0
1762747200000,16.229,16.272,16.220,16.233,135161.99,1762748099999,2196112.82952,7060,55361.10,899583.93346,0
1762748100000,16.232,16.239,16.171,16.202,150113.21,1762748999999,2432442.85775,7246,58449.70,947115.00373,0
1762749000000,16.201,16.226,16.150,16.190,103951.70,1762749899999,1682928.02247,6063,48667.24,787937.57153,0
1762749900000,16.189,16.287,16.176,16.271,101756.78,1762750799999,1653367.07709,5640,50298.45,817325.38618,0
1762750800000,16.271,16.334,16.265,16.334,122748.31,1762751699999,2001422.58715,6570,69703.43,1136598.62018,0
1762751700000,16.333,16.376,16.243,16.280,226473.98,1762752599999,3694151.05070,9537,127775.26,2084111.95711,0
1762752600000,16.279,16.305,16.146,16.222,202777.42,1762753499999,3288787.09219,9651,81384.47,1319953.81142,0
1762753500000,16.221,16.292,16.209,16.292,84342.02,1762754399999,1370405.41126,5611,45757.27,743502.74836,0
1762754400000,16.291,16.324,16.257,16.285,87625.77,1762755299999,1427477.80597,5473,40258.42,655906.51986,0
1762755300000,16.286,16.304,16.189,16.240,92227.09,1762756199999,1499133.17490,5305,46403.19,754504.01527,0
1762756200000,16.240,16.286,16.210,16.276,82458.08,1762757099999,1340120.05702,5295,37225.60,605132.95740,0
1762757100000,16.276,16.329,16.272,16.305,77014.91,1762757999999,1255758.58071,4698,34014.90,554620.61219,0
1762758000000,16.305,16.428,16.293,16.391,216484.05,1762758899999,3543885.06694,9901,122564.00,2006460.41384,0
1762758900000,16.390,16.397,16.311,16.358,212087.61,1762759799999,3469741.60109,8112,122501.63,2004103.97209,0
1762759800000,16.359,16.404,16.311,16.345,232302.81,1762760699999,3801307.32696,8297,131254.15,2148034.74444,0
1762760700000,16.343,16.356,16.322,16.349,85098.95,1762761599999,1390448.80242,4412,42622.93,696437.01358,0
1762761600000,16.349,16.375,16.252,16.271,153550.91,1762762499999,2507188.39669,7371,68199.09,1113888.64670,0
1762762500000,16.271,16.355,16.252,16.321,106171.41,1762763399999,1731631.64047,5679,56774.73,925882.07953,0
1762763400000,16.320,16.320,16.179,16.237,203520.63,1762764299999,3305084.80469,9349,89544.42,1454473.44420,0
1762764300000,16.237,16.304,16.222,16.296,119943.06,1762765199999,1950035.59763,6621,61099.49,993426.18824,0
1762765200000,16.295,16.329,16.243,16.299,104553.78,1762766099999,1702712.32818,6464,51251.82,834794.80949,0
1762766100000,16.299,16.411,16.277,16.410,147358.79,1762766999999,2411197.77459,7971,85384.39,1397048.18059,0
1762767000000,16.411,16.517,16.389,16.491,282151.51,1762767899999,4643240.59671,12305,157245.68,2587978.99352,0
1762767900000,16.492,16.576,16.470,16.545,227836.73,1762768799999,3766272.16402,10819,116926.38,1932889.86588,0
1762768800000,16.545,16.569,16.458,16.468,141677.08,1762769699999,2339912.47051,8673,58471.47,965963.12737,0
1762769700000,16.467,16.560,16.452,16.477,137969.78,1762770599999,2277489.59087,8220,71198.78,1175371.51316,0
1762770600000,16.478,16.534,16.412,16.505,279910.16,1762771499999,4612067.25529,12056,142065.89,2341404.37065,0
1762771500000,16.505,16.550,16.464,16.492,150192.92,1762772399999,2479081.15603,7877,83989.02,1386356.53468,0
1762772400000,16.492,16.617,16.480,16.593,248971.40,1762773299999,4122916.08604,11599,143632.53,2378930.02094,0
1762773300000,16.592,16.645,16.556,16.597,189181.24,1762774199999,3141460.33965,9582,81399.20,1351524.50645,0
1762774200000,16.598,16.610,16.536,16.558,136686.36,1762775099999,2265128.31770,7760,59369.47,983785.30190,0
1762775100000,16.558,16.598,16.489,16.510,166357.94,1762775999999,2752175.99351,7367,72837.28,1205765.35475,0
1762776000000,16.510,16.542,16.380,16.488,290347.89,1762776899999,4776649.00179,12540,133258.22,2192948.18102,0
1762776900000,16.488,16.520,16.447,16.469,138133.44,1762777799999,2276553.58817,7676,75155.40,1238645.94976,0
1762777800000,16.469,16.530,16.443,16.515,185727.87,1762778699999,3061550.35083,8611,95229.06,1569804.48718,0
1762778700000,16.516,16.522,16.449,16.491,201457.93,1762779599999,3320092.55808,9048,94042.21,1549775.64826,0
1762779600000,16.490,16.615,16.465,16.533,257214.86,1762780499999,4256605.18633,12533,125717.49,2080681.86711,0
1762780500000,16.533,16.586,16.480,16.574,149931.16,1762781399999,2478022.21782,7962,78493.25,1297399.03357,0
1762781400000,16.575,16.662,16.575,16.628,218449.71,1762782299999,3630832.11048,10319,126797.08,2107497.83031,0
1762782300000,16.628,16.645,16.572,16.572,105647.15,1762783199999,1753890.73879,5943,46186.44,766895.43085,0
1762783200000,16.572,16.572,16.435,16.438,240218.06,1762784099999,3961839.83297,11826,107876.47,1779149.78461,0
1762784100000,16.437,16.516,16.385,16.440,218383.88,1762784999999,3593120.78540,11129,103303.97,1700271.29853,0
1762785000000,16.440,16.459,16.259,16.333,517987.34,1762785899999,8464866.09537,22542,232870.93,3805553.49340,0
1762785900000,16.333,16.341,16.001,16.118,1028755.57,1762786799999,16580869.36998,36374,523992.35,8445066.42744,0
1762786800000,16.117,16.209,16.036,16.044,418963.96,1762787699999,6751308.69048,21173,212767.44,3428677.77204,0
1762787700000,16.044,16.150,15.981,16.118,509459.08,1762788599999,8182159.61513,21719,234892.74,3774535.72273,0
1762788600000,16.117,16.245,16.053,16.182,390333.64,1762789499999,6293423.49695,17202,221560.30,3572203.34425,0
1762789500000,16.182,16.195,15.967,16.083,333793.47,1762790399999,5360216.57199,15962,147931.45,2375724.70401,0
1762790400000,16.082,16.171,16.019,16.161,291563.93,1762791299999,4695929.68737,15178,157912.90,2543473.91003,0
1762791300000,16.160,16.203,16.017,16.056,218642.61,1762792199999,3519270.79177,12122,109766.65,1766951.63827,0
1762792200000,16.056,16.098,15.941,15.966,328998.68,1762793099999,5267975.76777,14191,130781.11,2093137.50402,0
1762793100000,15.966,16.056,15.922,16.009,252084.74,1762793999999,4032251.41786,12378,118750.69,1899592.46945,0
1762794000000,16.009,16.105,15.975,16.050,179416.66,1762794899999,2878964.84897,10618,87363.06,1401846.99389,0
1762794900000,16.051,16.116,16.030,16.065,145979.82,1762795799999,2345431.70967,8868,65333.36,1049796.31464,0
1762795800000,16.065,16.198,16.060,16.191,181661.67,1762796699999,2933344.67594,9704,102072.31,1648008.74168,0
1762796700000,16.192,16.250,16.139,16.189,249221.20,1762797599999,4034278.97104,10559,128580.82,2081343.18842,0
1762797600000,16.189,16.216,16.072,16.074,140031.21,1762798499999,2260709.25884,8596,63091.86,1018824.29674,0
1762798500000,16.074,16.136,16.070,16.117,152039.21,1762799399999,2448864.84435,7046,79007.16,1272258.16631,0
1762799400000,16.118,16.170,16.101,16.140,99606.65,1762800299999,1606635.59338,6205,48542.47,782922.26226,0
1762800300000,16.140,16.152,16.017,16.017,193670.45,1762801199999,3120195.24911,8644,105997.70,1708618.37496,0
1762801200000,16.017,16.161,16.017,16.147,186514.47,1762802099999,3003414.59922,9764,102060.03,1643396.72999,0
1762802100000,16.146,16.196,16.072,16.101,128918.14,1762802999999,2078463.55829,7096,70095.56,1130053.75058,0
1762803000000,16.100,16.221,16.036,16.177,130986.02,1762803899999,2113270.94086,8278,69552.58,1121599.07182,0
1762803900000,16.178,16.276,16.135,16.149,147527.87,1762804799999,2393451.28120,8205,78764.62,1278157.22887,0
1762804800000,16.148,16.302,16.138,16.285,129926.22,1762805699999,2107432.23934,8529,74719.55,1212236.66592,0
1762805700000,16.285,16.290,16.154,16.160,115249.69,1762806599999,1867515.49099,7443,55462.34,898671.50363,0
1762806600000,16.160,16.238,16.111,16.228,115343.61,1762807499999,1866378.18846,7190,60515.20,979404.00540,0
1762807500000,16.229,16.260,16.145,16.188,119449.38,1762808399999,1935272.69565,8169,56329.37,912382.90859,0
1762808400000,16.187,16.190,16.026,16.074,177872.31,1762809299999,2860288.83766,10276,78709.97,1265685.44126,0
1762809300000,16.074,16.075,15.991,16.005,157972.14,1762810199999,2531359.46809,8560,82238.68,1317734.47644,0
1762810200000,16.006,16.054,15.969,16.054,118965.86,1762811099999,1903882.39221,8137,71255.53,1140488.78397,0
1762811100000,16.055,16.078,15.952,16.071,171541.64,1762811999999,2747224.65529,10464,89619.11,1435419.61359,0
1762812000000,16.072,16.179,15.999,16.037,135735.58,1762812899999,2183454.34371,8667,71447.62,1149615.39033,0
1762812900000,16.036,16.165,16.012,16.153,125652.39,1762813799999,2019973.31720,6257,67950.29,1092505.95555,0
1762813800000,16.154,16.262,16.133,16.254,148234.59,1762814699999,2401766.01617,6470,88573.11,1434979.15645,0
1762814700000,16.254,16.447,16.254,16.420,277914.48,1762815599999,4554025.68061,10391,163796.65,2683648.07655,0
1762815600000,16.420,16.450,16.308,16.438,182344.49,1762816499999,2987224.99972,8442,98429.99,1613100.40120,0
1762816500000,16.439,16.451,16.368,16.385,106109.85,1762817399999,1740514.13156,6442,48815.88,800784.38129,0
1762817400000,16.386,16.409,16.273,16.304,153538.80,1762818299999,2505829.04488,7836,75830.05,1237553.24127,0
1762818300000,16.305,16.387,16.300,16.358,154049.89,1762819199999,2518487.19054,7200,82795.76,1353622.17045,0
1762819200000,16.359,16.429,16.309,16.360,149818.52,1762820099999,2453587.73774,9668,78800.05,1290325.60143,0
1762820100000,16.360,16.428,16.264,16.287,135644.19,1762820999999,2218627.02318,9454,62568.95,1023383.03594,0
1762821000000,16.287,16.338,16.184,16.185,318959.95,1762821899999,5178257.21700,12620,101701.37,1651955.03238,0
1762821900000,16.184,16.389,16.166,16.339,153850.64,1762822799999,2504466.03980,10149,80271.77,1306439.02869,0
1762822800000,16.339,16.430,16.294,16.426,116842.44,1762823699999,1910253.55857,9481,74815.44,1223379.54351,0
1762823700000,16.427,16.789,16.411,16.526,702037.65,1762824599999,11673083.15291,33154,369136.79,6136998.95371,0
1762824600000,16.527,16.566,16.337,16.371,372831.97,1762825499999,6136371.42163,21880,182660.72,3007496.84250,0
1762825500000,16.370,16.504,16.333,16.358,245967.23,1762826399999,4040083.69742,15434,123402.39,2027471.71772,0
1762826400000,16.359,16.460,16.241,16.418,223237.94,1762827299999,3646866.42663,15409,117134.85,1913435.21072,0
1762827300000,16.417,16.487,16.322,16.486,131779.29,1762828199999,2160049.75382,9463,63651.40,1043445.37629,0
1762828200000,16.486,16.744,16.470,16.652,443442.09,1762829099999,7378073.71800,23487,225321.88,3749171.34710,0
1762829100000,16.653,16.694,16.530,16.587,216533.71,1762829999999,3597070.98237,13454,105449.58,1751390.01301,0
1762830000000,16.587,16.706,16.582,16.647,206226.35,1762830899999,3429946.83014,10763,130049.31,2162998.07011,0
1762830900000,16.647,16.735,16.598,16.628,151809.07,1762831799999,2531154.73757,10455,88175.34,1470496.88094,0
1762831800000,16.628,16.697,16.570,16.590,151789.27,1762832699999,2524244.68090,10182,81348.46,1352680.18323,0
1762832700000,16.589,16.666,16.559,16.626,148375.15,1762833599999,2465953.16784,9263,76174.32,1266596.16672,0
1762833600000,16.625,16.676,16.506,16.512,148323.44,1762834499999,2460909.87919,9809,70192.14,1165137.44449,0
1762834500000,16.512,16.543,16.431,16.441,150515.40,1762835399999,2481716.24539,9706,76626.12,1263527.61527,0
1762835400000,16.442,16.488,16.348,16.376,206855.03,1762836299999,3394149.23829,10740,87315.46,1433648.07250,0
1762836300000,16.376,16.420,16.336,16.358,181859.99,1762837199999,2977687.97345,8636,81656.72,1337179.77127,0
1762837200000,16.357,16.363,16.213,16.223,217410.49,1762838099999,3538776.32399,11405,95633.27,1557043.89358,0
1762838100000,16.222,16.280,16.178,16.241,157707.52,1762838999999,2559167.00620,10612,85010.41,1379583.62510,0
1762839000000,16.242,16.248,16.150,16.166,141778.40,1762839899999,2296831.40616,8951,68567.90,1110916.45553,0
1762839900000,16.166,16.240,16.128,16.149,192750.30,1762840799999,3118534.02447,10641,96173.35,1556344.75119,0
1762840800000,16.149,16.185,16.064,16.143,320725.05,1762841699999,5169577.67334,14246,153673.44,2477090.41664,0
1762841700000,16.143,16.245,16.141,16.198,229761.02,1762842599999,3719520.57414,10374,139170.58,2252684.23822,0
1762842600000,16.199,16.285,16.194,16.205,269800.44,1762843499999,4381614.37727,9917,130811.65,2124326.66139,0
1762843500000,16.206,16.210,16.076,16.183,266271.58,1762844399999,4294167.00687,12340,135009.81,2177942.14789,0
1762844400000,16.183,16.232,16.093,16.162,133754.76,1762845299999,2163202.59847,8818,66422.30,1074332.92002,0
1762845300000,16.163,16.163,16.034,16.111,227492.79,1762846199999,3662093.78112,12573,130723.93,2104248.45330,0
1762846200000,16.111,16.131,15.975,16.041,209152.87,1762847099999,3354725.16094,10909,71564.23,1148485.55980,0
1762847100000,16.041,16.048,15.977,15.980,203404.98,1762847999999,3255633.72876,9479,83516.69,1336852.62194,0
1762848000000,15.981,16.113,15.966,16.041,189094.37,1762848899999,3029850.80400,10888,92397.72,1480485.36850,0
1762848900000,16.041,16.111,16.005,16.007,160778.43,1762849799999,2582133.58871,9141,91048.11,1462710.75375,0
1762849800000,16.006,16.038,15.949,16.029,200579.45,1762850699999,3206652.61104,9167,91255.71,1459275.35303,0
1762850700000,16.030,16.087,16.010,16.077,99642.00,1762851599999,1598725.09590,6603,46643.36,748402.60761,0
1762851600000,16.076,16.190,16.056,16.092,181899.10,1762852499999,2933367.21618,10048,80120.64,1292416.13147,0
1762852500000,16.093,16.139,16.041,16.101,92455.72,1762853399999,1488003.16622,6049,46208.77,743852.64575,0
1762853400000,16.101,16.143,16.015,16.020,118794.77,1762854299999,1910702.27924,6566,53644.43,863029.64219,0
1762854300000,16.020,16.047,15.986,16.013,143321.82,1762855199999,2295200.16808,7311,72878.66,1167123.79797,0
1762855200000,16.012,16.110,15.987,16.057,104176.47,1762856099999,1671696.63021,6467,51219.87,821558.87818,0
1762856100000,16.057,16.106,16.021,16.079,119765.98,1762856999999,1923467.15899,7030,62905.95,1010031.86569,0
1762857000000,16.079,16.098,16.002,16.098,97762.40,1762857899999,1569147.08292,6300,47713.10,765837.51720,0
1762857900000,16.097,16.113,16.054,16.105,89993.38,1762858799999,1447920.42732,5139,35243.58,567110.38425,0
1762858800000,16.105,16.200,16.101,16.173,220522.12,1762859699999,3564862.98690,8309,125391.84,2026803.50095,0
1762859700000,16.172,16.210,16.119,16.167,136190.38,1762860599999,2201729.32622,6205,59562.20,962968.51803,0
1762860600000,16.167,16.211,16.141,16.186,118890.08,1762861499999,1923564.96819,5755,71830.98,1162087.01576,0
1762861500000,16.187,16.218,16.105,16.189,144243.38,1762862399999,2330909.91369,7095,85697.08,1385073.85169,0
1762862400000,16.190,16.288,16.156,16.169,166721.15,1762863299999,2704128.38329,9517,95398.62,1547052.46401,0
1762863300000,16.168,16.209,16.098,16.099,126239.83,1762864199999,2038108.52438,8196,55689.38,899284.36129,0
1762864200000,16.099,16.129,15.992,16.005,169619.07,1762865099999,2723338.78742,9431,70301.05,1129237.86192,0
1762865100000,16.004,16.069,15.973,16.011,203661.16,1762865999999,3262204.35933,10585,89516.58,1434114.67264,0
1762866000000,16.011,16.094,15.993,16.079,148258.66,1762866899999,2377791.71897,9536,84770.61,1359395.08204,0
1762866900000,16.079,16.095,15.985,16.029,168568.92,1762867799999,2701846.81355,10340,88715.37,1421971.27601,0
1762867800000,16.029,16.091,16.014,16.054,141552.80,1762868699999,2272454.69421,8754,72721.43,1167487.47471,0
1762868700000,16.053,16.103,15.806,15.888,608055.55,1762869599999,9669382.62995,18849,189176.64,3010763.61069,0
1762869600000,15.888,15.911,15.786,15.861,345987.01,1762870499999,5480809.47844,17079,174043.79,2757048.45901,0
1762870500000,15.861,16.006,15.839,15.924,253187.20,1762871399999,4035253.91259,13426,144207.00,2298393.14565,0
1762871400000,15.925,15.948,15.875,15.890,245764.79,1762872299999,3909302.73062,14334,135172.69,2150022.49897,0
1762872300000,15.891,16.107,15.784,16.078,410981.28,1762873199999,6544121.71890,21400,229116.33,3650278.75282,0
1762873200000,16.077,16.077,15.847,15.908,432285.33,1762874099999,6893486.92625,20230,226683.59,3614089.36975,0
1762874100000,15.907,15.969,15.810,15.812,212347.94,1762874999999,3377340.54697,12058,97172.27,1545474.28403,0
1762875000000,15.812,15.862,15.700,15.790,554425.41,1762875899999,8748205.43688,22891,233932.37,3692422.77289,0
1762875900000,15.790,15.832,15.728,15.791,213712.71,1762876799999,3371383.34300,11850,108981.69,1719290.18600,0
1762876800000,15.791,15.844,15.679,15.765,276365.32,1762877699999,4356881.70827,12631,141675.38,2234475.02793,0
1762877700000,15.765,15.876,15.719,15.724,249244.81,1762878599999,3936061.29186,13681,120176.26,1898042.79523,0
1762878600000,15.725,15.825,15.683,15.800,134894.42,1762879499999,2125587.50932,9603,61158.52,963842.36265,0
1762879500000,15.801,15.866,15.752,15.764,111181.83,1762880399999,1757855.01081,8018,59135.93,935069.93917,0
1762880400000,15.764,15.886,15.752,15.831,152640.13,1762881299999,2414969.93990,8916,83905.72,1327710.86357,0
1762881300000,15.831,15.859,15.767,15.787,111520.40,1762882199999,1762083.25950,7760,52774.32,833674.42124,0
1762882200000,15.787,15.804,15.645,15.738,250063.64,1762883099999,3930107.76137,13199,117137.02,1841179.36043,0
1762883100000,15.737,15.770,15.676,15.740,123638.91,1762883999999,1945044.69056,8083,59613.25,938018.37196,0
1762884000000,15.739,15.814,15.691,15.775,182872.89,1762884899999,2881881.39869,10193,104427.45,1645653.75217,0
1762884900000,15.775,15.796,15.664,15.735,202648.37,1762885799999,3189783.23120,10431,102784.84,1618380.50262,0
1762885800000,15.736,15.785,15.681,15.694,130275.76,1762886699999,2049729.33801,7987,64689.55,1017812.70142,0
1762886700000,15.694,15.767,15.690,15.712,108348.76,1762887599999,1704917.10100,6873,52938.39,832944.79757,0
1762887600000,15.712,15.712,15.583,15.691,388213.54,1762888499999,6068180.81937,13441,136449.00,2134268.14730,0
1762888500000,15.691,15.746,15.658,15.699,136977.21,1762889399999,2150171.83196,8282,74108.29,1163161.88671,0
1762889400000,15.700,15.723,15.641,15.669,126386.26,1762890299999,1982718.78753,7220,75391.75,1183020.51232,0
1762890300000,15.669,15.688,15.608,15.629,121351.39,1762891199999,1899525.49597,7482,54829.22,858185.59921,0
1762891200000,15.629,15.645,15.531,15.585,226890.21,1762892099999,3534556.04458,10277,87346.29,1360664.27488,0
1762892100000,15.585,15.630,15.535,15.535,123730.15,1762892999999,1929934.40321,7507,70263.47,1096151.27568,0
1762893000000,15.536,15.536,15.398,15.445,522490.37,1762893899999,8077669.41687,17192,187212.10,2895221.25854,0
1762893900000,15.446,15.483,15.422,15.460,206087.20,1762894799999,3184387.61662,10795,107654.34,1663519.78279,0
1762894800000,15.461,15.499,15.437,15.458,188218.12,1762895699999,2912478.83390,9419,96487.26,1493021.77266,0
1762895700000,15.458,15.482,15.429,15.438,107237.77,1762896599999,1657854.21091,5891,48023.04,742515.36773,0
1762896600000,15.438,15.443,15.305,15.320,276245.04,1762897499999,4249446.11585,12549,116659.84,1794717.01497,0
1762897500000,15.319,15.360,15.255,15.310,315513.62,1762898399999,4828559.29586,11906,128529.01,1967990.49369,0
1762898400000,15.310,15.344,15.230,15.325,197583.56,1762899299999,3020222.41491,9199,83351.95,1274414.26381,0
1762899300000,15.324,15.426,15.265,15.391,349881.86,1762900199999,5374580.74433,12027,214506.39,3294031.62529,0
1762900200000,15.391,15.474,15.376,15.452,124922.17,1762901099999,1928262.19325,5168,73013.43,1127099.44307,0
1762901100000,15.453,15.473,15.399,15.404,98092.48,1762901999999,1513389.12874,4977,43188.95,666367.31021,0
1762902000000,15.405,15.415,15.319,15.403,188513.57,1762902899999,2898116.58820,8102,97808.33,1504145.64131,0
1762902900000,15.403,15.473,15.353,15.378,114391.38,1762903799999,1762867.08141,6757,56355.28,868568.01313,0
1762903800000,15.378,15.378,15.276,15.329,130762.35,1762904699999,2003517.02638,6966,54922.92,841832.61652,0
1762904700000,15.329,15.353,15.251,15.275,164732.73,1762905599999,2520270.57183,8763,79002.62,1209112.81454,0
1762905600000,15.276,15.372,15.203,15.271,260191.19,1762906499999,3980879.72590,12651,120552.41,1844732.02802,0
1762906500000,15.272,15.374,15.270,15.316,193088.16,1762907399999,2959389.29521,10457,95899.26,1470352.75965,0
1762907400000,15.315,15.328,15.238,15.305,152753.69,1762908299999,2333719.92861,9575,67885.49,1037280.01760,0
1762908300000,15.305,15.323,15.206,15.218,110422.21,1762909199999,1685288.90905,7412,47258.98,721408.02796,0
1762909200000,15.218,15.350,15.174,15.343,367662.82,1762910099999,5613019.51724,14029,147365.64,2250324.74841,0
1762910100000,15.342,15.395,15.258,15.302,228451.50,1762910999999,3503919.31664,10897,112261.46,1722284.18719,0
1762911000000,15.302,15.376,15.287,15.355,106050.46,1762911899999,1626308.61154,7214,42336.68,649309.34796,0
1762911900000,15.356,15.399,15.331,15.388,126752.48,1762912799999,1948257.87776,6257,56869.83,874262.81846,0
1762912800000,15.388,15.437,15.372,15.422,161230.33,1762913699999,2483829.56249,7813,85603.94,1318754.25603,0
1762913700000,15.422,15.458,15.313,15.356,211847.90,1762914599999,3258671.41180,9028,101002.53,1553800.23272,0
1762914600000,15.356,15.363,15.237,15.329,247028.90,1762915499999,3780106.48352,10965,115568.61,1768489.47271,0
1762915500000,15.328,15.389,15.290,15.363,150418.28,1762916399999,2308967.90503,6588,73541.44,1129152.52406,0
1762916400000,15.364,15.398,15.343,15.392,133734.92,1762917299999,2055992.87123,6466,66223.98,1018051.55047,0
1762917300000,15.393,15.432,15.371,15.409,152241.85,1762918199999,2346390.81612,5407,96056.04,1480652.89222,0
1762918200000,15.409,15.421,15.372,15.403,129790.23,1762919099999,1999416.58930,4801,57992.97,893343.32687,0
1762919100000,15.403,15.421,15.367,15.386,83882.79,1762919999999,1291541.86411,3865,34844.19,536432.53732,0
1762920000000,15.386,15.390,15.330,15.386,176476.78,1762920899999,2710744.42622,6312,101413.61,1557808.44882,0
1762920900000,15.386,15.386,15.315,15.321,99461.57,1762921799999,1525687.79424,4528,41466.93,636094.49920,0
1762921800000,15.321,15.340,15.298,15.319,135554.95,1762922699999,2076489.57900,5081,65968.10,1010555.96821,0
1762922700000,15.319,15.387,15.308,15.385,114835.35,1762923599999,1762296.72654,5465,65264.11,1001742.27767,0
1762923600000,15.386,15.410,15.363,15.392,122723.74,1762924499999,1888812.86379,5747,58212.34,895986.21694,0
1762924500000,15.391,15.545,15.384,15.430,515906.40,1762925399999,7982411.50771,12246,298124.01,4611987.86504,0
1762925400000,15.431,15.444,15.383,15.434,183066.40,1762926299999,2822946.06189,8087,91051.62,1404293.81201,0
1762926300000,15.434,15.441,15.388,15.404,104084.63,1762927199999,1603603.09121,4959,44580.28,686738.70729,0
1762927200000,15.403,15.470,15.381,15.448,188249.33,1762928099999,2905595.36304,6385,67686.79,1044485.20737,0
1762928100000,15.448,15.526,15.445,15.514,135863.85,1762928999999,2105626.00659,5582,81831.06,1268166.87648,0
1762929000000,15.514,15.524,15.490,15.493,85854.03,1762929899999,1331254.39791,3991,46713.47,724312.04740,0
1762929900000,15.494,15.514,15.408,15.408,88243.90,1762930799999,1364917.41118,5025,35044.47,542197.06140,0
1762930800000,15.408,15.458,15.380,15.443,153912.20,1762931699999,2374194.43642,5425,87427.66,1349259.48324,0
1762931700000,15.443,15.459,15.393,15.423,87066.08,1762932599999,1343131.15751,4024,36771.08,567037.45427,0
1762932600000,15.423,15.462,15.388,15.445,113059.34,1762933499999,1744980.41707,4958,69272.99,1069347.27671,0
1762933500000,15.446,15.452,15.312,15.326,177776.96,1762934399999,2730215.48288,7521,59884.40,919697.57419,0
1762934400000,15.326,15.395,15.326,15.374,108492.19,1762935299999,1666988.55621,5577,58292.26,895569.37335,0
1762935300000,15.375,15.521,15.375,15.521,202888.33,1762936199999,3139414.20710,7744,92802.30,1435421.96149,0
1762936200000,15.521,15.683,15.500,15.634,716599.28,1762937099999,11186159.82244,18917,415581.81,6486090.78384,0
1762937100000,15.634,15.650,15.576,15.609,269713.15,1762937999999,4212203.89090,9833,147455.11,2302773.51024,0
1762938000000,15.608,15.722,15.600,15.719,490925.38,1762938899999,7692549.34187,11466,321412.58,5036361.85966,0
1762938900000,15.719,15.767,15.683,15.705,229327.00,1762939799999,3607727.20477,8568,125895.91,1980978.76248,0
1762939800000,15.705,15.761,15.641,15.757,176544.79,1762940699999,2771120.71725,8996,87509.78,1373914.88095,0
1762940700000,15.758,15.763,15.713,15.726,92425.85,1762941599999,1454674.26688,5501,45574.58,717333.82248,0
1762941600000,15.727,15.772,15.718,15.752,145701.39,1762942499999,2293957.19461,6392,71614.85,1127503.33747,0
1762942500000,15.753,15.793,15.708,15.791,125414.63,1762943399999,1975681.81054,6294,64412.54,1015232.34012,0
1762943400000,15.792,15.910,15.792,15.865,290090.38,1762944299999,4600186.87880,11645,156408.03,2480401.71927,0
1762944300000,15.866,15.931,15.863,15.902,163408.12,1762945199999,2598425.97116,7353,78729.93,1251990.49500,0
1762945200000,15.902,16.051,15.876,16.027,346611.97,1762946099999,5536947.24261,13516,172580.33,2757018.68576,0
1762946100000,16.028,16.187,16.025,16.051,726077.95,1762946999999,11693888.95619,20433,463851.05,7471931.42771,0
1762947000000,16.051,16.084,15.987,16.048,277149.12,1762947899999,4441930.04890,11995,122237.20,1959084.44962,0
1762947900000,16.048,16.155,16.000,16.106,261257.74,1762948799999,4204588.43838,10900,138742.23,2232988.21573,0
1762948800000,16.107,16.107,15.996,16.055,298144.96,1762949699999,4784093.06627,12692,141433.68,2269621.39351,0
1762949700000,16.055,16.172,16.001,16.047,258793.09,1762950599999,4166210.42589,11542,126465.59,2036481.24996,0
1762950600000,16.048,16.120,16.011,16.027,218022.48,1762951499999,3500298.05633,10538,115690.72,1857667.06990,0
1762951500000,16.027,16.126,16.026,16.064,130358.06,1762952399999,2095980.43196,6984,66828.59,1074620.76651,0
1762952400000,16.064,16.084,16.019,16.047,185064.86,1762953299999,2969396.22750,8897,82184.41,1318634.56153,0
1762953300000,16.048,16.163,16.023,16.152,242657.74,1762954199999,3902614.80790,10161,139229.81,2239962.16934,0
1762954200000,16.152,16.200,16.056,16.175,259173.12,1762955099999,4181599.79214,12651,130185.96,2101080.21885,0
1762955100000,16.176,16.244,16.136,16.140,288944.00,1762955999999,4679218.69253,11522,127227.63,2060498.83988,0
1762956000000,16.141,16.165,16.063,16.155,180605.30,1762956899999,2909351.94254,9133,89891.35,1448264.40012,0
1762956900000,16.155,16.173,16.036,16.067,201218.45,1762957799999,3238043.12441,8597,89781.34,1444500.64894,0
1762957800000,16.067,16.079,15.999,16.034,347081.41,1762958699999,5567291.45235,14744,181679.73,2914736.98672,0
1762958700000,16.035,16.060,15.652,15.804,1467974.64,1762959599999,23240023.43723,42013,734549.54,11627661.57559,0
1762959600000,15.803,15.927,15.718,15.724,575935.34,1762960499999,9117342.38845,23302,305946.67,4843822.55691,0
1762960500000,15.725,15.785,15.634,15.667,494876.88,1762961399999,7776008.15012,22760,250234.67,3933085.82792,0
1762961400000,15.668,15.747,15.477,15.533,636099.75,1762962299999,9911563.39337,27559,295545.32,4605824.05316,0
1762962300000,15.534,15.559,15.322,15.366,582583.28,1762963199999,8983724.05800,28460,267940.75,4132221.95074,0
1762963200000,15.366,15.413,15.065,15.161,1159878.16,1762964099999,17671280.68616,39683,523146.34,7972894.76181,0
1762964100000,15.160,15.270,15.088,15.142,587046.80,1762964999999,8917236.39016,28815,281504.21,4276848.65451,0
1762965000000,15.142,15.281,15.065,15.189,539728.33,1762965899999,8205732.81129,24064,264060.79,4014153.49399,0
1762965900000,15.190,15.234,15.122,15.160,394444.67,1762966799999,5984371.09434,18878,188973.15,2866862.98168,0
1762966800000,15.161,15.221,15.114,15.143,363292.02,1762967699999,5508416.98547,17623,189689.45,2876440.73758,0
1762967700000,15.144,15.169,15.060,15.114,289993.34,1762968599999,4384034.28993,14942,137755.10,2082615.98562,0
1762968600000,15.114,15.405,15.105,15.275,469822.43,1762969499999,7167377.99705,19527,230580.45,3517817.06556,0
1762969500000,15.276,15.314,15.210,15.232,217354.13,1762970399999,3315835.50043,10995,101183.53,1543697.67374,0
1762970400000,15.233,15.313,15.221,15.272,269416.19,1762971299999,4112031.85705,12856,115618.71,1764337.25316,0
1762971300000,15.273,15.345,15.235,15.246,165612.05,1762972199999,2533253.80652,9056,70920.37,1084861.66267,0
1762972200000,15.246,15.317,15.235,15.260,138988.38,1762973099999,2122509.54996,7452,61478.91,938853.99567,0
1762973100000,15.261,15.262,15.154,15.167,143625.22,1762973999999,2181745.25638,7306,55578.50,844072.54831,0
1762974000000,15.167,15.171,15.005,15.029,284685.20,1762974899999,4290846.56482,12428,107295.90,1617487.11157,0
1762974900000,15.029,15.069,14.948,14.987,316666.63,1762975799999,4752841.21096,12105,136087.48,2043263.97571,0
1762975800000,14.987,15.172,14.907,15.091,423312.96,1762976699999,6353204.31433,17477,230418.02,3458863.41831,0
1762976700000,15.090,15.128,15.032,15.070,269020.90,1762977599999,4057836.82786,11870,151777.85,2289888.01976,0
1762977600000,15.070,15.170,15.015,15.107,278771.51,1762978499999,4209622.48302,10884,164326.64,2482081.98939,0
1762978500000,15.107,15.250,15.099,15.240,237622.54,1762979399999,3605844.50201,8857,89203.93,1353832.60236,0
1762979400000,15.240,15.291,15.203,15.241,187491.43,1762980299999,2858631.10169,9224,93745.17,1429588.90514,0
1762980300000,15.241,15.249,15.170,15.186,205857.37,1762981199999,3129998.44080,6575,120334.33,1829642.75018,0
1762981200000,15.186,15.307,15.173,15.300,217036.85,1762982099999,3307905.43992,7705,110010.37,1677189.59945,0
1762982100000,15.299,15.299,15.218,15.238,168322.20,1762982999999,2567241.05344,5753,68531.30,1044967.15794,0
1762983000000,15.239,15.291,15.235,15.267,110305.65,1762983899999,1684156.32269,4570,51798.13,790775.51405,0
1762983900000,15.267,15.272,15.216,15.257,78015.47,1762984799999,1189105.04469,4299,38537.19,587349.94294,0
1762984800000,15.257,15.257,15.136,15.157,175488.82,1762985699999,2664498.50560,6914,66097.00,1003595.71572,0
1762985700000,15.157,15.231,15.140,15.159,132517.23,1762986599999,2011647.97094,5490,64096.17,972919.15146,0
1762986600000,15.160,15.250,15.152,15.222,113458.21,1762987499999,1725867.80216,3427,43132.14,655635.23074,0
1762987500000,15.222,15.281,15.219,15.244,72218.65,1762988399999,1101305.61229,3185,32165.74,490550.16700,0
1762988400000,15.243,15.249,15.133,15.177,129400.79,1762989299999,1964429.70002,5882,52159.93,791658.82258,0
1762989300000,15.178,15.226,15.159,15.162,85315.80,1762990199999,1296468.66848,4253,34382.83,522568.93239,0
1762990200000,15.162,15.178,15.103,15.115,111809.37,1762991099999,1692125.21036,4687,52592.70,795727.48612,0
1762991100000,15.114,15.149,15.101,15.142,85669.93,1762991999999,1295700.65941,4501,47043.80,711539.36821,0
1762992000000,15.142,15.236,15.121,15.183,231913.46,1762992899999,3521851.05389,8339,95039.55,1443013.06082,0
1762992900000,15.182,15.249,15.139,15.177,143469.29,1762993799999,2180515.68797,6922,65526.62,995942.67134,0
1762993800000,15.177,15.315,15.177,15.223,211946.95,1762994699999,3231023.57374,10432,112392.56,1713555.64219,0
1762994700000,15.223,15.254,15.181,15.195,86307.09,1762995599999,1312992.18488,6772,45298.27,689089.86160,0
1762995600000,15.195,15.381,15.184,15.349,171300.91,1762996499999,2620416.09845,10908,86572.70,1324615.02218,0
1762996500000,15.348,15.364,15.205,15.247,258914.08,1762997399999,3956556.95803,13305,119377.94,1824797.08041,0
1762997400000,15.248,15.399,15.232,15.384,171692.52,1762998299999,2630173.16661,9965,97200.92,1488922.27344,0
1762998300000,15.384,15.399,15.276,15.288,129195.24,1762999199999,1979217.65831,6867,61889.28,947961.52388,0
1762999200000,15.288,15.351,15.271,15.287,110294.31,1763000099999,1687814.92065,7245,57971.23,887097.09648,0
1763000100000,15.286,15.325,15.240,15.243,110611.63,1763000999999,1690755.99031,5945,63024.04,963393.75680,0
1763001000000,15.243,15.380,15.240,15.331,150371.58,1763001899999,2304869.20498,7440,80149.29,1228025.06677,0
1763001900000,15.331,15.344,15.274,15.292,84110.65,1763002799999,1287535.00968,5323,44735.02,684774.14086,0
1763002800000,15.292,15.300,15.111,15.134,187581.51,1763003699999,2852759.69905,9724,82393.41,1253555.07999,0
1763003700000,15.134,15.399,15.049,15.383,505495.86,1763004599999,7701134.44420,21011,266738.27,4062404.47098,0
1763004600000,15.383,15.603,15.381,15.548,461782.67,1763005499999,7155196.38192,20249,282228.03,4372618.74721,0
1763005500000,15.547,15.653,15.521,15.528,314399.95,1763006399999,4900522.07249,14432,157417.61,2454224.27948,0
1763006400000,15.529,15.601,15.428,15.599,291018.30,1763007299999,4507941.54255,14614,151930.33,2354282.05996,0
1763007300000,15.597,15.703,15.495,15.634,328954.81,1763008199999,5141874.36001,16477,174684.07,2730362.74865,0
1763008200000,15.633,15.679,15.565,15.676,226029.80,1763009099999,3531694.22708,11347,102201.31,1597758.67608,0
1763009100000,15.676,15.736,15.593,15.681,345225.86,1763009999999,5407692.17994,13653,186905.03,2928219.00331,0
1763010000000,15.680,15.714,15.601,15.602,182620.05,1763010899999,2860345.43012,9761,80399.32,1259311.52691,0
1763010900000,15.602,15.744,15.580,15.724,170097.72,1763011799999,2660887.59609,9455,94556.81,1479989.01624,0
1763011800000,15.723,15.802,15.670,15.797,240544.54,1763012699999,3788772.24029,12872,115165.54,1813934.70235,0
1763012700000,15.798,15.947,15.770,15.893,430100.32,1763013599999,6826583.82705,18140,216324.07,3433778.60917,0
1763013600000,15.893,15.963,15.844,15.932,343928.06,1763014499999,5470649.33561,15466,138719.25,2206937.59910,0
1763014500000,15.932,16.014,15.921,15.944,318491.88,1763015399999,5083551.24229,13655,155683.20,2484891.18157,0
1763015400000,15.944,15.984,15.903,15.923,173270.44,1763016299999,2761360.41328,9917,75431.29,1202148.34933,0
1763016300000,15.923,15.983,15.899,15.901,134196.18,1763017199999,2139473.57069,8040,57804.05,921873.25305,0
1763017200000,15.900,15.952,15.871,15.906,192036.00,1763018099999,3054035.90256,9742,90438.97,1438376.64170,0
1763018100000,15.906,15.983,15.898,15.934,175379.48,1763018999999,2795834.14374,8357,94681.83,1509354.18767,0
1763019000000,15.935,15.984,15.841,15.880,205523.22,1763019899999,3266382.26471,10368,92318.94,1467198.65629,0
1763019900000,15.879,15.883,15.816,15.873,228359.71,1763020799999,3618530.72883,9949,114021.18,1806821.81745,0
1763020800000,15.873,15.925,15.828,15.852,139732.25,1763021699999,2219202.81073,7872,62265.56,988890.55895,0
1763021700000,15.852,15.913,15.852,15.906,93430.66,1763022599999,1484407.85713,6231,48317.53,767688.91041,0
1763022600000,15.906,15.947,15.900,15.930,101112.45,1763023499999,1610561.74583,5625,55915.40,890693.74586,0
1763023500000,15.930,15.941,15.828,15.832,148970.14,1763024399999,2363849.15134,7549,56661.60,899066.40209,0
1763024400000,15.832,15.858,15.640,15.713,368113.33,1763025299999,5789420.45104,15999,151300.07,2379635.94805,0
1763025300000,15.714,15.847,15.678,15.764,237377.31,1763026199999,3743657.81575,12121,136410.52,2151493.37061,0
1763026200000,15.764,15.791,15.684,15.704,173122.14,1763027099999,2723386.83090,8651,76074.07,1196858.13652,0
1763027100000,15.704,15.718,15.640,15.678,170924.70,1763027999999,2679082.55333,8723,78632.86,1232568.60002,0
1763028000000,15.678,15.776,15.676,15.743,122913.67,1763028899999,1933878.66706,6421,69682.45,1096278.51189,0
1763028900000,15.743,15.868,15.739,15.806,176381.06,1763029799999,2790080.40934,8848,109683.43,1735080.73644,0
1763029800000,15.806,15.806,15.659,15.701,259503.67,1763030699999,4076156.34612,10175,109371.92,1717901.94921,0
1763030700000,15.700,15.710,15.652,15.705,122474.37,1763031599999,1921016.56886,5759,61811.10,969576.57234,0
1763031600000,15.706,15.776,15.701,15.765,111435.00,1763032499999,1753648.26716,6219,65046.13,1023639.28943,0
1763032500000,15.766,15.795,15.714,15.750,86991.08,1763033399999,1370491.61730,5589,41699.62,656976.81763,0
1763033400000,15.749,15.784,15.716,15.777,77407.89,1763034299999,1218450.08203,4760,35727.12,562421.50095,0
1763034300000,15.778,15.797,15.730,15.733,98576.45,1763035199999,1554220.15113,4697,28541.95,450057.53256,0
1763035200000,15.734,15.767,15.629,15.642,235073.67,1763036099999,3686892.83602,10114,117422.54,1841817.10671,0
1763036100000,15.643,15.719,15.643,15.667,175920.35,1763036999999,2760445.50341,7770,99491.53,1561306.42671,0
1763037000000,15.667,15.740,15.664,15.714,157657.82,1763037899999,2475629.97119,6851,86724.76,1361598.43522,0
1763037900000,15.714,15.746,15.683,15.732,65122.42,1763038799999,1023637.71539,4585,36593.81,575202.89595,0
1763038800000,15.733,15.740,15.670,15.696,92712.47,1763039699999,1455560.94952,5972,42772.06,671479.54588,0
1763039700000,15.696,15.714,15.565,15.608,233142.97,1763040599999,3645315.21822,10547,108720.12,1700145.64360,0
1763040600000,15.607,15.626,15.449,15.516,468156.09,1763041499999,7272837.47285,18412,211947.67,3292819.46549,0
1763041500000,15.516,15.576,15.445,15.479,335105.93,1763042399999,5193466.15306,12791,193833.20,3003883.82238,0
1763042400000,15.480,15.524,15.394,15.408,343048.70,1763043299999,5302540.82994,13808,206557.19,3193405.58260,0
1763043300000,15.409,15.535,15.384,15.478,259990.79,1763044199999,4019114.66304,12323,152448.68,2356553.16483,0
1763044200000,15.478,15.530,15.309,15.348,605158.44,1763045099999,9333132.75925,29374,325244.43,5015761.36581,0
1763045100000,15.348,15.789,15.330,15.617,880473.39,1763045999999,13740055.68999,36780,469148.81,7321098.75752,0
1763046000000,15.617,15.647,15.438,15.643,523123.24,1763046899999,8135213.69965,28019,265109.27,4123747.73374,0
1763046900000,15.643,15.665,15.381,15.417,373318.68,1763047799999,5785739.32503,19894,180962.84,2803702.70353,0
1763047800000,15.417,15.424,15.309,15.339,405250.37,1763048699999,6229414.56909,19040,202005.00,3105851.42160,0
1763048700000,15.338,15.348,15.234,15.311,363293.90,1763049599999,5551384.42942,17988,181404.43,2772001.92187,0
1763049600000,15.310,15.363,15.245,15.285,299973.55,1763050499999,4586329.01747,14345,133854.46,2046756.93737,0
1763050500000,15.285,15.307,15.125,15.199,465392.55,1763051399999,7071978.88733,20607,210149.26,3193497.57084,0
1763051400000,15.199,15.272,15.067,15.124,362402.35,1763052299999,5492441.72363,19894,184147.17,2790947.32129,0
1763052300000,15.124,15.156,14.984,15.007,358475.74,1763053199999,5396490.18287,16063,143792.05,2165100.45381,0
1763053200000,15.008,15.022,14.882,14.894,577711.43,1763054099999,8641508.43816,22251,271091.73,4055638.48549,0
1763054100000,14.895,14.964,14.856,14.945,472963.89,1763054999999,7052017.00907,19475,255566.23,3811383.02171,0
1763055000000,14.945,14.979,14.720,14.770,563797.66,1763055899999,8367437.23555,24117,268482.58,3985443.92246,0
1763055900000,14.767,14.819,14.626,14.651,435935.70,1763056799999,6414577.86344,20386,217244.70,3197633.56479,0
1763056800000,14.652,14.686,14.534,14.563,610252.36,1763057699999,8918701.03831,23710,257354.58,3762688.83952,0
1763057700000,14.562,14.618,14.479,14.551,552201.68,1763058599999,8030155.77540,22451,280822.51,4084856.04305,0
1763058600000,14.552,14.577,14.404,14.521,640346.37,1763059499999,9267987.46982,26072,326757.03,4729762.16368,0
1763059500000,14.521,14.562,14.365,14.453,605655.90,1763060399999,8754261.07728,24052,296344.16,4283093.25136,0
1763060400000,14.453,14.541,14.359,14.374,578479.02,1763061299999,8351586.63923,22640,290825.19,4199490.97881,0
1763061300000,14.373,14.517,14.288,14.476,716435.11,1763062199999,10307919.18778,27747,361972.62,5212741.06870,0
1763062200000,14.476,14.492,14.247,14.386,523833.26,1763063099999,7512021.09672,21916,238918.32,3427966.66401,0
1763063100000,14.385,14.385,14.186,14.272,589724.96,1763063999999,8419171.68800,20841,288498.95,4121562.82015,0
1763064000000,14.272,14.301,14.170,14.264,509941.05,1763064899999,7261088.64758,23298,214887.96,3060223.68858,0
1763064900000,14.264,14.269,14.139,14.228,408475.44,1763065799999,5799714.34150,20205,167151.45,2373432.45887,0
1763065800000,14.227,14.333,14.182,14.211,579953.74,1763066699999,8272613.99147,22244,291243.48,4154951.14981,0
1763066700000,14.211,14.254,14.160,14.224,253659.85,1763067599999,3603670.40826,15249,114823.60,1631243.79006,0
1763067600000,14.223,14.293,14.190,14.289,488773.75,1763068499999,6963412.48404,16253,294856.79,4200523.76424,0
1763068500000,14.290,14.298,14.142,14.178,309234.98,1763069399999,4392511.39888,13944,117943.94,1675597.80432,0
1763069400000,14.178,14.243,14.138,14.239,194433.20,1763070299999,2758524.66999,10858,100167.70,1421243.78005,0
1763070300000,14.239,14.283,14.206,14.223,336416.26,1763071199999,4792696.70042,13581,179384.82,2555697.67206,0
1763071200000,14.222,14.431,14.203,14.389,328452.97,1763072099999,4702185.48258,13313,188154.70,2694120.97966,0
1763072100000,14.389,14.500,14.341,14.486,320874.43,1763072999999,4625325.96302,12850,156930.60,2262199.00534,0
1763073000000,14.487,14.549,14.438,14.525,275586.67,1763073899999,3997186.40172,9405,117185.71,1699558.08015,0
1763073900000,14.525,14.550,14.467,14.501,148095.96,1763074799999,2148537.51912,7055,66133.51,959351.59069,0
1763074800000,14.501,14.549,14.426,14.545,189484.09,1763075699999,2746417.19918,9797,85015.98,1232669.30549,0
1763075700000,14.545,14.618,14.537,14.607,258021.56,1763076599999,3764476.78836,11316,126506.72,1845271.56885,0
1763076600000,14.608,14.721,14.594,14.706,252877.67,1763077499999,3710263.53175,11353,135366.39,1986035.11377,0
1763077500000,14.705,14.708,14.515,14.537,246357.65,1763078399999,3595890.15640,13772,93210.91,1360008.23254,0
1763078400000,14.537,14.550,14.445,14.465,344106.42,1763079299999,4985353.10480,16690,183183.22,2653699.08040,0
1763079300000,14.465,14.519,14.346,14.488,356079.44,1763080199999,5134201.96390,15897,167084.75,2409492.08889,0
1763080200000,14.488,14.599,14.423,14.499,261691.88,1763081099999,3801835.72883,14233,145768.71,2119124.90189,0
1763081100000,14.500,14.518,14.355,14.397,200451.68,1763081999999,2891115.35221,12205,80460.42,1160580.33567,0
1763082000000,14.397,14.455,14.342,14.429,211725.36,1763082899999,3048705.08129,14396,96795.37,1393988.73615,0
1763082900000,14.430,14.506,14.366,14.406,207180.41,1763083799999,2992731.37101,12448,105542.97,1524812.90748,0
1763083800000,14.407,14.478,14.364,14.419,162754.01,1763084699999,2348190.71213,11140,78981.93,1139667.81077,0
1763084700000,14.419,14.473,14.385,14.409,197740.48,1763085599999,2852596.41638,11989,88075.39,1270801.72736,0
1763085600000,14.409,14.547,14.403,14.495,254403.79,1763086499999,3685515.83262,13897,144461.62,2092354.30769,0
1763086500000,14.496,14.568,14.493,14.554,189703.73,1763087399999,2754913.95017,9286,91186.30,1324345.19668,0
1763087400000,14.555,14.584,14.522,14.562,112072.15,1763088299999,1631345.50791,7455,61133.00,889952.46294,0
1763088300000,14.563,14.575,14.490,14.536,115609.63,1763089199999,1679676.04609,7126,52204.33,758348.78651,0
1763089200000,14.537,14.545,14.466,14.497,109095.85,1763090099999,1581998.70238,7349,45261.80,656472.79278,0
1763090100000,14.497,14.512,14.442,14.498,120703.84,1763090999999,1747163.76485,7621,52795.76,764396.62555,0
1763091000000,14.498,14.498,14.363,14.378,219620.69,1763091899999,3164658.98601,9772,83968.91,1210270.35536,0
1763091900000,14.379,14.430,14.350,14.426,177541.40,1763092799999,2556230.24932,7943,75121.65,1081730.68883,0
1763092800000,14.426,14.426,14.309,14.341,296451.82,1763093699999,4253830.10641,8570,140664.21,2018785.68555,0
1763093700000,14.341,14.385,14.310,14.338,112353.66,1763094599999,1611417.30126,6200,54740.07,785197.40824,0
1763094600000,14.338,14.338,13.901,14.119,1625268.54,1763095499999,22859165.36806,49474,756963.30,10639622.96345,0
1763095500000,14.120,14.239,14.096,14.186,633084.96,1763096399999,8974371.86767,27451,329291.75,4668210.01914,0
1763096400000,14.187,14.294,14.167,14.206,467614.50,1763097299999,6655772.18183,18254,263455.27,3750423.61595,0
1763097300000,14.206,14.340,14.204,14.279,256987.34,1763098199999,3668524.07551,13787,143655.34,2050661.11712,0
1763098200000,14.280,14.431,14.234,14.374,554164.48,1763099099999,7947654.50646,18795,297673.46,4272252.78743,0
1763099100000,14.375,14.456,14.328,14.359,398452.28,1763099999999,5730406.54780,15287,199670.57,2872416.18169,0
1763100000000,14.359,14.366,14.283,14.340,328497.61,1763100899999,4705505.31844,11694,151701.26,2172949.80184,0
1763100900000,14.339,14.356,14.238,14.269,305991.02,1763101799999,4377205.59518,11208,115133.47,1645910.03515,0
1763101800000,14.269,14.296,14.156,14.195,403832.57,1763102699999,5740386.63959,15245,181135.21,2575512.71817,0
1763102700000,14.195,14.520,14.087,14.509,828511.31,1763103599999,11832801.29720,30506,398161.09,5690802.80282,0
1763103600000,14.509,14.560,14.357,14.463,549756.26,1763104499999,7944923.69931,23309,279947.71,4045720.59724,0
1763104500000,14.463,14.497,14.418,14.481,302575.67,1763105399999,4373767.68782,14951,142692.37,2062662.00337,0
1763105400000,14.480,14.493,14.362,14.418,306864.96,1763106299999,4424682.99659,14119,144360.69,2081466.11556,0
1763106300000,14.418,14.542,14.405,14.440,315241.56,1763107199999,4563143.15750,14303,151434.89,2192126.43565,0
1763107200000,14.440,14.447,14.346,14.347,209043.55,1763108099999,3009710.86345,10413,87892.58,1265397.42957,0
1763108100000,14.348,14.425,14.292,14.320,243091.19,1763108999999,3488829.71878,11701,111394.68,1599223.82820,0
1763109000000,14.321,14.395,14.297,14.353,210588.20,1763109899999,3021404.84185,10860,116013.63,1664651.72303,0
1763109900000,14.354,14.380,14.303,14.352,151184.05,1763110799999,2168153.57556,8441,73186.29,1049429.28492,0
1763110800000,14.351,14.387,14.305,14.318,286427.71,1763111699999,4109780.30852,10929,147772.10,2120542.59108,0
1763111700000,14.319,14.321,14.220,14.244,236636.42,1763112599999,3376097.71955,11172,111168.23,1586219.12175,0
1763112600000,14.244,14.253,14.131,14.201,352854.58,1763113499999,5003440.57619,13648,173231.92,2456195.41693,0
1763113500000,14.202,14.204,14.119,14.129,213880.15,1763114399999,3026174.23828,8863,122623.20,1734796.04049,0
1763114400000,14.130,14.216,14.128,14.184,153978.02,1763115299999,2181866.16954,8145,72313.85,1024581.29066,0
1763115300000,14.185,14.255,14.169,14.231,174216.48,1763116199999,2476357.31625,7381,82648.11,1174747.92616,0
1763116200000,14.231,14.273,14.194,14.211,158597.57,1763117099999,2256628.02166,8270,77068.74,1096576.09376,0
1763117100000,14.211,14.291,14.201,14.287,266986.66,1763117999999,3806010.28343,9826,147095.12,2097277.81631,0
1763118000000,14.286,14.317,14.186,14.273,427977.49,1763118899999,6105322.33666,15297,211643.78,3019331.24528,0
1763118900000,14.272,14.365,14.240,14.265,386414.60,1763119799999,5524624.70835,14545,175800.33,2513689.91704,0
1763119800000,14.266,14.276,14.104,14.195,402982.49,1763120699999,5717978.08750,15760,173350.42,2459603.96785,0
1763120700000,14.195,14.218,14.110,14.179,275223.98,1763121599999,3899177.41438,13687,137167.53,1943258.24896,0
1763121600000,14.180,14.181,14.033,14.050,368675.10,1763122499999,5199526.71418,15859,159060.08,2243252.19395,0
1763122500000,14.051,14.132,13.970,14.081,408566.88,1763123399999,5736422.36956,17184,206635.96,2902808.93407,0
1763123400000,14.082,14.112,13.816,13.882,1054539.92,1763124299999,14666580.34102,37094,476222.29,6624094.04770,0
1763124300000,13.881,14.192,13.868,14.139,697228.03,1763125199999,9804447.82705,32461,383067.75,5387280.06062,0
1763125200000,14.140,14.253,14.055,14.071,431507.63,1763126099999,6106594.63911,20580,222108.98,3143967.52338,0
1763126100000,14.072,14.101,13.982,14.025,314886.98,1763126999999,4422134.25517,17881,171822.71,2413185.15644,0
1763127000000,14.026,14.041,13.927,13.977,371316.02,1763127899999,5188328.83034,20006,187171.19,2615378.80782,0
1763127900000,13.978,14.144,13.939,14.053,390748.47,1763128799999,5490513.24285,21280,227995.08,3203838.32838,0
1763128800000,14.054,14.158,14.013,14.037,404274.30,1763129699999,5694108.78206,18603,196214.17,2764407.71403,0
1763129700000,14.037,14.140,14.022,14.022,274712.12,1763130599999,3867640.59977,14829,136004.90,1915143.87965,0
1763130600000,14.023,14.367,13.925,14.318,1006032.50,1763131499999,14257246.71316,44888,516530.05,7322540.63373,0
1763131500000,14.318,14.412,14.257,14.307,637904.02,1763132399999,9141865.97083,27741,323446.54,4635776.62294,0
1763132400000,14.307,14.314,14.043,14.080,761172.54,1763133299999,10782194.73925,28893,396869.39,5621756.66396,0
1763133300000,14.081,14.293,14.054,14.238,539806.93,1763134199999,7632016.43054,25237,317450.00,4487427.79396,0
1763134200000,14.238,14.301,14.201,14.297,349448.50,1763135099999,4979958.21990,20769,154372.89,2200174.82255,0
1763135100000,14.296,14.454,14.248,14.286,466943.22,1763135999999,6700640.99874,19345,221135.84,3174304.98016,0
1763136000000,14.286,14.322,14.232,14.279,346065.27,1763136899999,4943029.70024,15356,192798.32,2753611.32685,0
1763136900000,14.278,14.450,14.231,14.386,301864.81,1763137799999,4323418.95279,14692,149157.83,2136663.03150,0
1763137800000,14.386,14.489,14.348,14.400,371297.37,1763138699999,5353486.99791,16132,154949.08,2234630.04004,0
1763138700000,14.399,14.480,14.365,14.462,252196.42,1763139599999,3641592.34441,12479,118478.33,1710692.27536,0
1763139600000,14.461,14.466,14.395,14.423,192272.95,1763140499999,2775477.05702,11046,93176.98,1345225.58210,0
1763140500000,14.422,14.429,14.291,14.333,212765.32,1763141399999,3054548.77083,10252,84534.01,1213746.03718,0
1763141400000,14.332,14.332,14.259,14.274,182308.06,1763142299999,2606094.93319,8332,75463.81,1078898.94853,0
1763142300000,14.274,14.284,14.089,14.156,406367.77,1763143199999,5755017.69676,15017,168600.74,2387884.68855,0
1763143200000,14.155,14.313,14.108,14.298,255582.72,1763144099999,3626765.19732,12153,124854.47,1772706.73271,0
1763144100000,14.299,14.312,14.164,14.223,214135.44,1763144999999,3046080.50700,10796,100155.95,1424814.60348,0
1763145000000,14.222,14.246,14.080,14.101,296439.71,1763145899999,4192806.62020,11655,144898.03,2049038.12107,0
1763145900000,14.101,14.131,14.055,14.106,246727.75,1763146799999,3476597.61621,11584,121359.59,1710265.08683,0
1763146800000,14.106,14.211,14.075,14.202,269833.14,1763147699999,3814222.78258,11741,128769.38,1821049.51870,0
1763147700000,14.201,14.336,14.191,14.269,277447.28,1763148599999,3958996.40866,11869,122854.10,1752667.99678,0
1763148600000,14.269,14.270,14.185,14.207,183764.57,1763149499999,2612595.88345,8676,75054.79,1067084.67159,0
1763149500000,14.207,14.296,14.189,14.293,136286.55,1763150399999,1942651.54736,6759,66796.13,951996.04809,0
1763150400000,14.294,14.304,14.201,14.210,125776.12,1763151299999,1793000.45563,6812,52123.62,742846.87297,0
1763151300000,14.210,14.232,14.088,14.100,188381.38,1763152199999,2665084.10777,8674,98127.94,1387917.33523,0
1763152200000,14.100,14.150,13.859,13.901,428597.12,1763153099999,5999053.46808,16966,228291.57,3194632.85382,0
1763153100000,13.902,13.948,13.837,13.896,451698.96,1763153999999,6277213.59657,19640,247456.72,3438241.14832,0
1763154000000,13.896,14.099,13.831,14.081,323330.29,1763154899999,4526392.33234,17287,182654.98,2556467.01864,0
1763154900000,14.080,14.097,13.981,14.008,179177.61,1763155799999,2516962.15088,10664,87342.32,1226981.18877,0
1763155800000,14.008,14.080,14.004,14.064,152396.81,1763156699999,2139307.91214,7950,79106.16,1110571.78755,0
1763156700000,14.064,14.085,14.028,14.045,107465.53,1763157599999,1509967.84164,6292,55098.24,774185.24447,0
1763157600000,14.045,14.133,13.949,13.958,144599.24,1763158499999,2033839.17273,8105,69240.24,974120.19197,0
1763158500000,13.959,14.067,13.923,14.054,157672.79,1763159399999,2202431.90675,8968,85226.35,1190516.83950,0
1763159400000,14.054,14.138,14.030,14.068,145446.88,1763160299999,2046647.86072,6623,73596.34,1035473.96605,0
1763160300000,14.067,14.097,13.894,13.973,152107.11,1763161199999,2128913.95179,6623,67473.62,945079.06781,0
1763161200000,13.972,13.972,13.571,13.805,859811.12,1763162099999,11802091.65992,33161,344808.74,4733537.04738,0
1763162100000,13.805,13.872,13.697,13.764,242722.51,1763162999999,3346202.18776,15924,123424.74,1701853.72043,0
1763163000000,13.764,13.878,13.731,13.855,168193.94,1763163899999,2323887.22898,11239,100351.35,1386948.92848,0
1763163900000,13.855,13.928,13.771,13.802,196173.52,1763164799999,2717655.54714,12334,90258.42,1250689.29633,0
1763164800000,13.801,13.975,13.787,13.969,301032.75,1763165699999,4184953.82016,15279,172750.35,2401151.96885,0
1763165700000,13.970,14.015,13.941,13.954,222890.98,1763166599999,3114135.91877,10787,132359.10,1849381.93928,0
1763166600000,13.955,13.962,13.862,13.953,160629.67,1763167499999,2234720.25125,8970,69371.13,965368.51482,0
1763167500000,13.952,14.005,13.871,13.998,141674.15,1763168399999,1974231.72496,7983,72312.71,1007896.27042,0
1763168400000,13.997,14.025,13.903,14.005,176580.94,1763169299999,2465235.53972,9219,75040.20,1047712.44979,0
1763169300000,14.004,14.070,13.996,14.052,180254.41,1763170199999,2529506.58257,9460,97066.48,1362247.83642,0
1763170200000,14.051,14.131,14.041,14.120,215200.47,1763171099999,3033992.71520,9845,114880.68,1619477.96601,0
1763171100000,14.120,14.187,14.098,14.154,195774.79,1763171999999,2768359.51749,11033,110359.22,1560557.23709,0
1763172000000,14.154,14.154,14.094,14.095,144182.14,1763172899999,2035927.35350,7717,61078.64,862411.51496,0
1763172900000,14.094,14.152,14.074,14.148,107098.17,1763173799999,1512203.66029,6453,58456.64,825492.17773,0
1763173800000,14.149,14.175,14.100,14.166,162369.90,1763174699999,2295259.26473,8949,81416.21,1150913.11355,0
1763174700000,14.166,14.244,14.155,14.241,153901.10,1763175599999,2182394.10249,7845,74509.59,1056909.51636,0
1763175600000,14.241,14.245,14.198,14.238,118890.63,1763176499999,1690962.87704,7538,51186.51,728019.34562,0
1763176500000,14.237,14.279,14.218,14.259,166104.45,1763177399999,2366105.12061,7577,93504.49,1332077.30309,0
1763177400000,14.259,14.267,14.185,14.225,189001.17,1763178299999,2686413.63140,8439,78373.01,1114004.33988,0
1763178300000,14.225,14.227,14.168,14.192,121410.16,1763179199999,1722774.41985,6588,53323.18,756655.19905,0
1763179200000,14.193,14.215,14.170,14.203,122710.89,1763180099999,1741509.66964,6170,68963.38,978670.88890,0
1763180100000,14.203,14.248,14.157,14.163,164834.42,1763180999999,2343661.19546,6407,112983.29,1607062.76823,0
1763181000000,14.163,14.174,14.124,14.125,142853.55,1763181899999,2021519.70817,5716,58307.17,824988.60332,0
1763181900000,14.124,14.168,14.117,14.144,79956.78,1763182799999,1130595.50594,3878,35492.39,501914.30207,0
1763182800000,14.145,14.166,14.106,14.112,77511.35,1763183699999,1095530.29492,4354,35968.78,508346.68675,0
1763183700000,14.113,14.169,14.111,14.139,87952.50,1763184599999,1244225.84167,4351,39306.25,556043.59255,0
1763184600000,14.139,14.157,14.113,14.157,80960.81,1763185499999,1144147.66870,4339,36753.69,519352.30384,0
1763185500000,14.157,14.215,14.145,14.178,203701.31,1763186399999,2891524.02683,6642,135589.90,1924763.24172,0
1763186400000,14.177,14.210,14.144,14.198,135865.42,1763187299999,1925965.02043,4937,65215.96,924407.77193,0
1763187300000,14.198,14.243,14.185,14.208,97790.65,1763188199999,1390536.30505,4884,54352.87,772885.70202,0
1763188200000,14.209,14.281,14.201,14.208,216395.07,1763189099999,3080997.45526,6851,93875.68,1336314.85483,0
1763189100000,14.208,14.250,14.180,14.191,104890.92,1763189999999,1489877.34895,5795,53620.88,761634.29366,0
1763190000000,14.190,14.191,14.111,14.157,331137.48,1763190899999,4684287.83618,9453,118799.16,1680102.34336,0
1763190900000,14.157,14.180,14.126,14.162,88754.04,1763191799999,1255957.80611,4093,48978.93,693040.15938,0
1763191800000,14.162,14.162,14.066,14.075,175842.95,1763192699999,2479180.17004,5823,65052.12,917370.90457,0
1763192700000,14.075,14.087,14.054,14.076,105993.20,1763193599999,1491592.12992,4509,55851.15,785965.64591,0
1763193600000,14.077,14.085,13.999,14.021,174916.94,1763194499999,2453522.33256,8351,83414.93,1169945.92268,0
1763194500000,14.022,14.022,13.915,13.946,241617.23,1763195399999,3373105.33340,8716,118707.34,1656796.00968,0
1763195400000,13.947,13.999,13.900,13.909,196095.43,1763196299999,2736158.69527,8707,113790.41,1587899.95266,0
1763196300000,13.910,13.921,13.824,13.877,304096.53,1763197199999,4215833.16072,12299,151962.82,2106394.33430,0
1763197200000,13.877,13.971,13.853,13.971,207179.65,1763198099999,2881907.41450,9424,127264.88,1770052.37575,0
1763198100000,13.971,14.050,13.930,14.008,360245.05,1763198999999,5041861.74689,11562,205711.59,2880028.54116,0
1763199000000,14.008,14.040,13.983,14.021,153691.33,1763199899999,2154116.32927,7582,84768.55,1188095.55066,0
1763199900000,14.021,14.021,13.927,13.964,128574.51,1763200799999,1795462.87392,6258,61470.51,858282.84381,0
1763200800000,13.965,13.995,13.933,13.991,173306.75,1763201699999,2419649.27171,8018,101243.56,1413712.31471,0
1763201700000,13.992,14.031,13.956,13.996,162181.75,1763202599999,2271010.85952,6799,91420.82,1280168.88860,0
1763202600000,13.997,14.063,13.972,14.058,88059.95,1763203499999,1233708.03151,5256,43481.65,609220.32004,0
1763203500000,14.057,14.097,14.039,14.070,150514.05,1763204399999,2118797.80818,5216,56430.74,794141.36764,0
1763204400000,14.071,14.099,14.046,14.069,140827.07,1763205299999,1982109.38660,5849,72394.51,1019013.12990,0
1763205300000,14.070,14.082,14.035,14.069,67058.09,1763206199999,942588.24030,4039,32460.81,456267.36541,0
1763206200000,14.069,14.076,14.034,14.048,90255.95,1763207099999,1268595.97189,4846,45111.10,634071.47936,0
1763207100000,14.048,14.048,13.973,14.008,138558.66,1763207999999,1939552.13100,5993,56461.70,790265.37409,0
1763208000000,14.009,14.049,13.962,14.043,96350.48,1763208899999,1348786.96358,6026,47530.79,665447.07719,0
1763208900000,14.044,14.134,14.017,14.127,160603.68,1763209799999,2263433.68681,6765,90331.77,1273275.31972,0
1763209800000,14.127,14.153,14.104,14.119,131804.85,1763210699999,1861947.67244,5999,59208.42,836400.69680,0
1763210700000,14.120,14.158,14.103,14.150,92619.67,1763211599999,1308460.70791,4735,47849.90,675973.76473,0
1763211600000,14.149,14.209,14.131,14.194,166887.54,1763212499999,2364928.35457,7124,83585.38,1184714.67263,0
1763212500000,14.193,14.287,14.187,14.264,266510.09,1763213399999,3797444.94342,9425,149717.61,2133818.75203,0
1763213400000,14.265,14.272,14.203,14.208,250641.29,1763214299999,3567720.44634,8392,125677.16,1789118.44986,0
1763214300000,14.208,14.291,14.180,14.253,192465.47,1763215199999,2738702.20171,9030,114258.14,1626271.34138,0
1763215200000,14.253,14.253,14.197,14.221,140253.52,1763216099999,1994646.60361,6309,58515.84,832256.92463,0
1763216100000,14.222,14.238,14.134,14.154,254095.68,1763216999999,3603282.70410,8504,136086.81,1930403.78112,0
1763217000000,14.154,14.192,14.124,14.155,176214.07,1763217899999,2494006.73932,7410,94788.90,1341849.53800,0
1763217900000,14.155,14.183,14.129,14.176,93161.55,1763218799999,1318885.77103,4466,46953.77,664832.52404,0
1763218800000,14.177,14.228,14.143,14.214,124244.74,1763219699999,1762320.64586,6006,79855.66,1132796.06523,0
1763219700000,14.214,14.230,14.149,14.201,73665.60,1763220599999,1045202.95768,4857,39750.28,564075.69517,0
1763220600000,14.202,14.204,14.137,14.158,75967.35,1763221499999,1076127.67015,4445,36610.62,518575.59830,0
1763221500000,14.159,14.195,14.145,14.165,76819.89,1763222399999,1089040.83943,4010,42369.54,600623.46509,0
1763222400000,14.165,14.184,14.057,14.114,276074.06,1763223299999,3895988.07804,9546,110823.91,1564703.40951,0
1763223300000,14.113,14.133,14.055,14.080,168746.62,1763224199999,2377932.61809,7344,96883.75,1365198.68899,0
1763224200000,14.080,14.171,14.080,14.155,103939.07,1763225099999,1467125.60983,5782,54973.67,775808.47498,0
1763225100000,14.155,14.203,14.131,14.199,105188.29,1763225999999,1491547.33020,5357,57489.86,815224.24027,0
1763226000000,14.200,14.223,14.169,14.181,127450.64,1763226899999,1809209.60644,6373,61943.07,879468.19633,0
1763226900000,14.180,14.329,14.161,14.195,279163.39,1763227799999,3974097.13222,11774,155964.97,2219648.35343,0
1763227800000,14.195,14.254,14.179,14.254,151288.64,1763228699999,2150623.92430,7331,79604.15,1131800.26890,0
1763228700000,14.255,14.298,14.239,14.294,150922.74,1763229599999,2155233.37018,6058,86230.20,1231454.47052,0
1763229600000,14.295,14.328,14.258,14.327,202565.42,1763230499999,2894783.50189,8097,109828.86,1569756.57159,0
1763230500000,14.327,14.330,14.232,14.241,156817.58,1763231399999,2237614.95778,6147,61447.17,876722.21359,0
1763231400000,14.241,14.269,14.216,14.261,80490.30,1763232299999,1146371.21426,4437,44462.11,633292.36287,0
1763232300000,14.261,14.267,14.226,14.236,69214.06,1763233199999,986209.03369,3389,36564.06,521038.08170,0
1763233200000,14.237,14.258,14.217,14.232,65398.30,1763234099999,931119.94296,3942,37918.76,539875.49186,0
1763234100000,14.232,14.243,14.193,14.221,65919.86,1763234999999,937269.00779,4029,33982.79,483161.74211,0
1763235000000,14.220,14.221,14.189,14.197,55546.28,1763235899999,789000.04365,3260,21364.62,303471.02405,0
1763235900000,14.198,14.234,14.161,14.211,122292.41,1763236799999,1735697.31344,4779,65385.13,928341.83306,0
1763236800000,14.211,14.213,14.175,14.202,64810.81,1763237699999,919983.38532,3018,24680.15,350343.99883,0
1763237700000,14.202,14.202,14.116,14.143,141570.24,1763238599999,2002625.19828,5845,69383.71,981363.37380,0
1763238600000,14.143,14.148,14.071,14.098,192590.87,1763239499999,2717887.59291,5988,68093.68,961482.26799,0
1763239500000,14.098,14.140,14.061,14.090,179671.88,1763240399999,2533464.73114,6281,70140.99,989223.22726,0
1763240400000,14.090,14.178,14.081,14.160,169603.51,1763241299999,2398789.00478,6184,75683.85,1070533.45568,0
1763241300000,14.160,14.203,14.143,14.164,81618.08,1763242199999,1156138.72043,4849,47586.36,674097.43015,0
1763242200000,14.163,14.168,14.008,14.037,253017.67,1763243099999,3564214.65146,8470,76679.28,1079796.50528,0
1763243100000,14.037,14.057,13.984,14.025,291649.85,1763243999999,4088464.08991,7464,186370.61,2613084.42743,0
1763244000000,14.025,14.114,14.003,14.113,202257.41,1763244899999,2844516.50042,6953,131734.19,1853183.49670,0
1763244900000,14.113,14.124,14.060,14.108,77724.41,1763245799999,1095741.20408,4593,42297.10,596360.22408,0
1763245800000,14.109,14.124,14.040,14.099,62372.34,1763246699999,878370.28824,3296,30138.35,424453.47721,0
1763246700000,14.099,14.135,14.066,14.120,44789.60,1763247599999,631918.22515,2665,25220.49,355752.00589,0
1763247600000,14.121,14.130,14.087,14.097,74063.37,1763248499999,1044546.26184,4551,28888.17,407434.44275,0
1763248500000,14.097,14.135,14.090,14.115,53095.48,1763249399999,749472.91232,3395,26240.65,370373.99784,0
1763249400000,14.114,14.142,14.098,14.098,39121.54,1763250299999,552334.62113,2336,19520.59,275601.26938,0
1763250300000,14.098,14.134,14.097,14.128,51931.17,1763251199999,733282.50770,2602,25992.61,367026.26347,0
1763251200000,14.127,14.140,14.056,14.071,180064.27,1763252099999,2539556.95576,5910,106634.71,1504471.40842,0
1763252100000,14.070,14.070,13.987,13.996,105581.13,1763252999999,1479571.88502,5965,47419.16,664427.82578,0
1763253000000,13.995,14.049,13.949,14.049,142035.03,1763253899999,1987157.30365,7353,67970.21,951312.77846,0
1763253900000,14.048,14.096,14.032,14.032,117176.46,1763254799999,1648451.56674,5915,70393.92,990389.20159,0
1763254800000,14.032,14.067,13.937,14.064,321569.90,1763255699999,4499865.19975,11374,177875.84,2489197.57412,0
1763255700000,14.063,14.068,13.996,14.019,93906.36,1763256599999,1317193.25097,6900,47645.71,668252.03326,0
1763256600000,14.019,14.032,13.859,13.901,427165.56,1763257499999,5944322.90340,16704,190460.45,2650115.42102,0
1763257500000,13.900,14.032,13.842,14.017,287647.70,1763258399999,4013591.72076,11903,155099.13,2163584.43118,0
1763258400000,14.017,14.099,13.962,14.035,182601.31,1763259299999,2563283.18254,9601,93320.62,1310176.64253,0
1763259300000,14.035,14.152,14.035,14.116,173072.11,1763260199999,2438752.37481,8542,105649.26,1488567.72323,0
1763260200000,14.117,14.165,14.100,14.159,131074.78,1763261099999,1851291.32935,7125,78802.55,1113085.40377,0
1763261100000,14.158,14.198,14.138,14.198,125569.87,1763261999999,1779506.72357,6499,68013.90,963722.64384,0
1763262000000,14.199,14.202,14.149,14.160,92653.56,1763262899999,1313530.54542,4826,41937.89,594564.17830,0
1763262900000,14.160,14.251,14.160,14.201,78798.11,1763263799999,1120129.05635,4844,44694.94,635434.97072,0
1763263800000,14.201,14.210,14.186,14.191,61332.43,1763264699999,870678.19035,3549,27558.89,391235.57370,0
1763264700000,14.190,14.194,14.145,14.184,76949.31,1763265599999,1090563.00060,3483,30584.70,433470.22709,0
1763265600000,14.184,14.206,14.137,14.168,94823.20,1763266499999,1343528.41684,5113,34770.13,492863.53377,0
1763266500000,14.168,14.204,14.153,14.171,58483.96,1763267399999,828951.98355,3786,30635.58,434245.44262,0
1763267400000,14.171,14.171,14.098,14.108,90058.16,1763268299999,1271255.01050,4955,33324.24,470395.86827,0
1763268300000,14.107,14.155,14.096,14.154,51939.51,1763269199999,733623.99154,2953,27783.38,392511.15387,0
1763269200000,14.154,14.261,14.146,14.246,88218.67,1763270099999,1254290.62494,4976,49703.34,706613.99065,0
1763270100000,14.246,14.281,14.219,14.234,104888.99,1763270999999,1494745.04765,6061,49461.68,705017.96082,0
1763271000000,14.233,14.277,14.221,14.240,64047.40,1763271899999,912601.99475,3546,28139.56,401005.43706,0
1763271900000,14.239,14.252,14.204,14.215,48318.55,1763272799999,687565.84544,2845,19957.46,284000.79068,0
1763272800000,14.215,14.276,14.196,14.244,81265.77,1763273699999,1156920.75483,4127,38906.69,553794.56908,0
1763273700000,14.244,14.252,14.222,14.232,65642.99,1763274599999,934694.35983,3374,31004.54,441480.03624,0
1763274600000,14.232,14.240,14.216,14.218,65286.62,1763275499999,928867.54039,3262,21173.84,301229.18834,0
1763275500000,14.217,14.235,14.176,14.185,72847.89,1763276399999,1035059.21228,3282,26959.80,383222.45797,0
1763276400000,14.186,14.239,14.175,14.199,79114.21,1763277299999,1123420.78918,4115,43097.60,611982.96194,0
1763277300000,14.199,14.232,14.195,14.228,52084.71,1763278199999,740180.08168,2705,28878.69,410373.60512,0
1763278200000,14.229,14.284,14.229,14.268,94989.44,1763279099999,1354589.66024,4587,47288.48,674241.26843,0
1763279100000,14.268,14.335,14.268,14.328,153753.76,1763279999999,2199481.81713,5593,101068.76,1445651.99709,0
1763280000000,14.329,14.350,14.265,14.269,140725.35,1763280899999,2013079.69811,6259,66508.06,951446.54764,0
1763280900000,14.269,14.346,14.237,14.318,161986.32,1763281799999,2315152.75338,6463,93975.29,1343360.78889,0
1763281800000,14.319,14.381,14.260,14.304,254289.90,1763282699999,3642683.43826,9573,132595.84,1899787.69948,0
1763282700000,14.304,14.332,14.270,14.294,138672.20,1763283599999,1982586.11530,5537,60504.90,864881.13649,0
1763283600000,14.295,14.297,14.240,14.278,142472.57,1763284499999,2033003.02778,5151,57153.95,815400.98152,0
1763284500000,14.278,14.318,14.250,14.309,82903.55,1763285399999,1183498.43166,4341,42380.01,605003.98897,0
1763285400000,14.309,14.317,14.270,14.306,77383.38,1763286299999,1106464.13752,4372,39058.82,558444.72536,0
1763286300000,14.306,14.462,14.295,14.458,311637.27,1763287199999,4479876.03141,11126,186958.09,2687677.06845,0
1763287200000,14.458,14.518,14.412,14.446,384767.92,1763288099999,5562914.04965,14039,186549.66,2697020.48898,0
1763288100000,14.447,14.496,14.421,14.458,148044.38,1763288999999,2139731.26041,6679,73675.62,1064854.78112,0
1763289000000,14.458,14.487,14.384,14.422,235680.73,1763289899999,3399248.80861,8557,84645.51,1220717.76087,0
1763289900000,14.422,14.437,14.341,14.355,268814.32,1763290799999,3866419.80369,8094,106798.44,1536398.22763,0
1763290800000,14.356,14.393,14.246,14.259,760861.28,1763291699999,10890247.86015,19067,321045.32,4595686.38483,0
1763291700000,14.258,14.290,14.092,14.114,373266.45,1763292599999,5292608.35218,14337,144481.81,2047532.52653,0
1763292600000,14.114,14.136,14.018,14.054,347151.52,1763293499999,4885390.40648,14665,181233.09,2550347.13200,0
1763293500000,14.054,14.102,14.029,14.055,207212.04,1763294399999,2914376.55369,8922,115911.75,1630187.37963,0
1763294400000,14.054,14.122,14.023,14.088,267667.05,1763295299999,3769716.51200,10233,133399.71,1878834.06789,0
1763295300000,14.089,14.150,14.072,14.112,187341.59,1763296199999,2642158.62063,7861,96693.43,1363704.31753,0
1763296200000,14.112,14.117,13.963,14.095,353805.04,1763297099999,4960737.29425,13195,161217.02,2261502.48396,0
1763297100000,14.095,14.120,14.040,14.059,153582.04,1763297999999,2162212.63335,7886,85512.99,1204008.25889,0
1763298000000,14.059,14.105,13.992,14.068,185696.61,1763298899999,2608566.92684,8868,97971.15,1376122.25791,0
1763298900000,14.067,14.096,13.999,13.999,106715.02,1763299799999,1499504.79668,5243,47731.24,670964.40308,0
1763299800000,14.000,14.055,13.975,13.981,175061.69,1763300699999,2452836.45735,8339,82700.33,1158960.92949,0
1763300700000,13.981,14.024,13.926,14.010,209484.27,1763301599999,2927288.16441,9752,115351.99,1612125.91656,0
1763301600000,14.011,14.060,13.986,14.016,209517.92,1763302499999,2936985.98043,8637,133203.86,1867296.97426,0
1763302500000,14.015,14.032,13.976,14.031,83235.37,1763303399999,1165817.78830,4757,46832.45,655931.70384,0
1763303400000,14.032,14.149,14.015,14.147,232443.28,1763304299999,3277725.15631,9723,134729.07,1899431.94149,0
1763304300000,14.146,14.189,14.103,14.104,261424.42,1763305199999,3698203.31713,8201,131517.35,1861101.90781,0
1763305200000,14.104,14.108,14.044,14.049,199496.82,1763306099999,2807571.91350,8664,97778.91,1376070.66471,0
1763306100000,14.049,14.086,14.020,14.033,112580.66,1763306999999,1581787.14735,5705,58402.56,820632.23542,0
1763307000000,14.033,14.037,13.988,13.999,192954.45,1763307899999,2703228.39866,6525,67115.82,940330.36409,0
1763307900000,13.998,14.004,13.749,13.777,822398.86,1763308799999,11390914.41843,25316,329668.60,4568478.66653,0
1763308800000,13.776,13.880,13.706,13.760,593166.46,1763309699999,8180563.17429,25024,302105.68,4168269.15567,0
1763309700000,13.761,13.779,13.620,13.669,493705.65,1763310599999,6755304.90523,21256,204981.55,2804967.91781,0
1763310600000,13.669,13.720,13.604,13.646,357805.18,1763311499999,4884296.84021,18145,177991.43,2430216.72965,0
1763311500000,13.646,13.675,13.506,13.543,427632.75,1763312399999,5806346.41174,18063,184157.88,2500760.77605,0
1763312400000,13.542,13.581,13.505,13.517,314888.88,1763313299999,4264119.38612,13162,147257.61,1994487.28413,0
1763313300000,13.518,13.615,13.475,13.554,503812.09,1763314199999,6815645.19995,20070,264325.17,3575708.87082,0
1763314200000,13.554,13.608,13.502,13.522,253811.44,1763315099999,3437685.23385,12216,112029.56,1517461.98901,0
1763315100000,13.522,13.611,13.385,13.575,537812.79,1763315999999,7252624.20135,21011,296798.14,4003294.96535,0
1763316000000,13.575,13.843,13.545,13.808,747375.18,1763316899999,10244296.88105,31296,362794.57,4972159.16191,0
1763316900000,13.808,13.845,13.671,13.697,364976.32,1763317799999,5020570.65988,16763,174000.31,2395730.27641,0
1763317800000,13.696,13.699,13.519,13.542,294560.55,1763318699999,4005813.68480,12870,138029.34,1877128.82635,0
1763318700000,13.543,13.582,13.481,13.550,301856.12,1763319599999,4085321.37168,13545,180015.98,2436865.42771,0
1763319600000,13.549,13.766,13.537,13.740,340039.79,1763320499999,4639416.63453,14985,207668.44,2832499.21253,0
1763320500000,13.739,13.783,13.619,13.674,313409.13,1763321399999,4288364.81091,11500,152189.14,2082244.89140,0
1763321400000,13.673,13.734,13.627,13.667,151707.69,1763322299999,2074371.01900,7756,70165.73,959578.68838,0
1763322300000,13.667,13.717,13.611,13.623,188960.62,1763323199999,2581573.92820,7908,70397.27,962047.66895,0
1763323200000,13.623,13.720,13.600,13.687,129710.84,1763324099999,1772496.94648,7789,72835.22,995043.68419,0
1763324100000,13.686,13.765,13.625,13.733,154925.11,1763324999999,2119091.51031,7895,79369.87,1085680.20724,0
1763325000000,13.734,13.746,13.640,13.649,152261.56,1763325899999,2084806.03798,7557,82763.93,1133363.11316,0
1763325900000,13.649,13.657,13.592,13.597,97509.84,1763326799999,1328247.74021,5084,41076.71,559710.75141,0
1763326800000,13.597,13.615,13.496,13.525,308903.69,1763327699999,4183528.65806,12409,138457.06,1875430.69167,0
1763327700000,13.525,13.555,13.463,13.470,200376.12,1763328599999,2705860.66477,8582,108435.52,1464625.79229,0
1763328600000,13.470,13.540,13.462,13.509,199146.24,1763329499999,2688853.14050,9362,102616.38,1385504.77127,0
1763329500000,13.509,13.555,13.506,13.550,149558.86,1763330399999,2023849.42081,7434,74941.49,1014090.05307,0
1763330400000,13.550,13.587,13.392,13.545,330305.35,1763331299999,4449177.22641,13973,159618.26,2150530.64908,0
1763331300000,13.545,13.624,13.490,13.584,220482.74,1763332199999,2989030.53640,10412,113949.72,1545105.23331,0
1763332200000,13.584,13.600,13.500,13.510,182788.42,1763333099999,2475621.75628,6302,72562.86,983027.04945,0
1763333100000,13.510,13.750,13.510,13.697,288166.46,1763333999999,3943208.64729,12436,131071.83,1792851.23645,0
1763334000000,13.698,13.722,13.392,13.681,783807.23,1763334899999,10625331.07699,37146,405878.09,5503005.30346,0
1763334900000,13.681,13.819,13.652,13.792,333382.41,1763335799999,4582503.04644,18022,180021.14,2474898.10268,0
1763335800000,13.792,13.848,13.739,13.783,364032.09,1763336699999,5020006.18887,15623,153670.43,2120110.36387,0
1763336700000,13.783,13.801,13.710,13.727,166367.89,1763337599999,2288917.53449,7976,68969.19,949112.36504,0
1763337600000,13.727,13.753,13.678,13.683,178932.81,1763338499999,2453911.40007,10464,88149.78,1208907.18744,0
1763338500000,13.683,13.830,13.571,13.828,401216.14,1763339399999,5490850.36150,16860,226006.91,3093834.08201,0
1763339400000,13.827,13.953,13.765,13.853,485398.16,1763340299999,6736909.23171,20602,235271.56,3266993.45407,0
1763340300000,13.853,13.915,13.817,13.889,220874.33,1763341199999,3062155.05936,11985,109553.21,1518997.37429,0
1763341200000,13.890,13.926,13.814,13.824,214186.87,1763342099999,2968863.63984,11660,95432.01,1322739.63467,0
1763342100000,13.824,13.871,13.783,13.854,146235.94,1763342999999,2021131.95512,8957,67146.07,928003.56883,0
1763343000000,13.855,13.874,13.795,13.808,117243.20,1763343899999,1621799.48816,7274,52728.11,729580.86744,0
1763343900000,13.808,13.837,13.754,13.772,104255.03,1763344799999,1437279.78562,6716,50670.69,698728.33237,0
1763344800000,13.773,13.900,13.726,13.889,249387.62,1763345699999,3448552.75576,12207,138053.78,1908416.57470,0
1763345700000,13.889,13.907,13.824,13.866,146228.34,1763346599999,2027653.88459,8328,74689.84,1035565.23670,0
1763346600000,13.867,13.876,13.807,13.824,75559.62,1763347499999,1045513.64491,5670,28198.71,390105.11924,0
1763347500000,13.824,13.853,13.809,13.853,50672.36,1763348399999,700717.09770,4179,24887.90,344188.53802,0
1763348400000,13.854,13.958,13.847,13.952,117465.94,1763349299999,1632666.23522,7616,67818.08,942501.83318,0
1763349300000,13.953,13.991,13.914,13.936,189019.85,1763350199999,2638305.62030,9365,90701.24,1266583.02663,0
1763350200000,13.937,13.970,13.911,13.928,126261.21,1763351099999,1759392.01012,6684,49308.58,687244.49053,0
1763351100000,13.929,13.978,13.918,13.976,89106.56,1763351999999,1243288.17551,4904,44424.63,619816.57637,0
1763352000000,13.976,14.002,13.923,13.942,165761.73,1763352899999,2315326.09525,7995,70376.36,983123.09414,0
1763352900000,13.942,14.045,13.918,14.031,119584.11,1763353799999,1672089.89180,7602,75128.76,1050854.88382,0
1763353800000,14.030,14.034,13.952,14.002,153796.14,1763354699999,2151430.71022,6975,83299.92,1165581.35792,0
1763354700000,14.003,14.007,13.939,13.948,115282.53,1763355599999,1609920.89659,5229,45448.29,634796.32530,0
1763355600000,13.948,13.988,13.928,13.937,97701.45,1763356499999,1363229.95369,5183,39298.95,548364.12582,0
1763356500000,13.937,13.988,13.918,13.981,87165.30,1763357399999,1216083.28048,5376,49239.11,687083.40378,0
1763357400000,13.982,13.987,13.910,13.950,78755.37,1763358299999,1098420.58431,5226,32715.62,456290.09450,0
1763358300000,13.949,13.987,13.944,13.958,60835.74,1763359199999,849624.55370,3595,29188.81,407698.60507,0
1763359200000,13.958,13.992,13.911,13.933,137530.56,1763360099999,1919430.29403,6369,79337.86,1107429.26387,0
1763360100000,13.934,14.008,13.930,13.988,93513.71,1763360999999,1307117.14741,4940,44183.49,617611.89572,0
1763361000000,13.988,13.993,13.956,13.977,72189.57,1763361899999,1008638.88314,3936,39275.26,548776.46613,0
1763361900000,13.976,14.093,13.972,14.082,172454.66,1763362799999,2422297.18779,5480,103495.74,1453097.51471,0
1763362800000,14.082,14.140,14.069,14.117,227084.99,1763363699999,3202545.85352,9131,129107.94,1821095.72757,0
1763363700000,14.117,14.157,14.094,14.102,137132.01,1763364599999,1937446.81927,7905,71759.62,1013989.77821,0
1763364600000,14.102,14.134,14.086,14.131,97451.26,1763365499999,1374986.59438,5641,46787.63,660123.26878,0
1763365500000,14.132,14.154,14.103,14.114,114594.43,1763366399999,1618550.92600,5805,46443.00,656053.36508,0
1763366400000,14.115,14.128,14.091,14.091,111240.82,1763367299999,1569434.46388,6563,52288.72,737744.25070,0
1763367300000,14.092,14.160,14.076,14.103,136998.17,1763368199999,1934446.56637,7291,82932.66,1171384.38624,0
1763368200000,14.104,14.111,14.039,14.045,119528.98,1763369099999,1681043.23108,5248,47560.07,668975.74277,0
1763369100000,14.045,14.070,14.033,14.058,109626.59,1763369999999,1540418.24606,4570,52337.82,735475.69836,0
1763370000000,14.059,14.085,14.017,14.074,156665.26,1763370899999,2201806.33679,7396,70676.02,993267.78379,0
1763370900000,14.075,14.150,14.066,14.113,135607.32,1763371799999,1914614.77087,6770,83943.06,1185038.32417,0
1763371800000,14.113,14.141,14.071,14.114,112684.11,1763372699999,1589381.61385,5649,60655.83,855816.34135,0
1763372700000,14.115,14.126,14.081,14.090,55180.75,1763373599999,778103.38512,3814,24719.11,348573.31256,0
1763373600000,14.090,14.150,14.088,14.149,92969.48,1763374499999,1312368.03692,5241,48971.19,691299.87240,0
1763374500000,14.149,14.186,14.104,14.112,145634.34,1763375399999,2060673.96623,6596,83540.68,1182191.36649,0
1763375400000,14.111,14.153,14.089,14.110,82354.69,1763376299999,1162235.12583,5060,44537.60,628526.63422,0
1763376300000,14.110,14.137,14.093,14.110,68694.76,1763377199999,969558.10528,4258,36831.57,519833.95124,0
1763377200000,14.110,14.143,14.093,14.130,62915.32,1763378099999,888163.44915,4604,30180.59,426142.52738,0
1763378100000,14.130,14.159,14.122,14.157,51386.68,1763378999999,726492.77268,3922,29645.30,419111.61059,0
1763379000000,14.156,14.204,14.130,14.133,156428.79,1763379899999,2217109.59713,7198,85428.32,1210800.04681,0
1763379900000,14.134,14.172,14.091,14.159,168439.11,1763380799999,2380458.09307,6011,66603.25,941601.85617,0
1763380800000,14.158,14.170,14.087,14.094,164964.64,1763381699999,2330537.74482,7835,74055.50,1046283.27027,0
1763381700000,14.094,14.136,14.091,14.123,102005.39,1763382599999,1439517.46153,5210,63848.46,901021.38858,0
1763382600000,14.122,14.122,14.034,14.082,179051.06,1763383499999,2519722.76549,6614,65361.43,920005.27583,0
1763383500000,14.081,14.098,14.048,14.077,80322.01,1763384399999,1130438.68706,4309,35169.77,495037.01112,0
1763384400000,14.077,14.110,13.902,13.932,430555.40,1763385299999,6026181.29526,13415,152416.55,2132981.62630,0
1763385300000,13.932,13.998,13.887,13.917,341385.32,1763386199999,4765520.88687,12277,148401.98,2072292.35574,0
1763386200000,13.917,13.952,13.732,13.741,541037.86,1763387099999,7484526.24099,19184,263941.01,3652117.32625,0
1763387100000,13.741,13.767,13.587,13.724,630344.37,1763387999999,8625342.88689,25534,335023.16,4584753.05413,0
1763388000000,13.723,13.824,13.644,13.710,551320.75,1763388899999,7565863.55338,24848,307050.62,4213852.22524,0
1763388900000,13.709,13.851,13.654,13.702,287947.36,1763389799999,3961012.45875,17588,151795.48,2087695.38611,0
1763389800000,13.702,14.280,13.660,14.010,1762665.06,1763390699999,24740220.69328,70966,900893.90,12646830.73412,0
1763390700000,14.011,14.186,13.925,13.958,722105.61,1763391599999,10151977.84192,39609,340740.97,4792220.06849,0
1763391600000,13.958,14.038,13.768,13.849,662340.74,1763392499999,9213301.91286,37892,336373.13,4680355.63863,0
1763392500000,13.850,13.950,13.674,13.903,530738.46,1763393399999,7320962.15852,30733,248980.31,3435331.13235,0
1763393400000,13.903,13.951,13.674,13.747,439957.04,1763394299999,6064043.97707,27975,224692.24,3096912.10176,0
1763394300000,13.746,13.813,13.654,13.706,286285.30,1763395199999,3929086.98544,19556,139235.00,1910793.22827,0
1763395200000,13.706,13.714,13.456,13.491,691514.07,1763396099999,9370015.96472,28738,268699.43,3641674.02123,0
1763396100000,13.491,13.624,13.390,13.597,662557.12,1763396999999,8935459.57478,30212,331426.76,4471872.17496,0
1763397000000,13.596,13.710,13.532,13.594,446604.22,1763397899999,6078956.01109,22728,206960.82,2815923.19770,0
1763397900000,13.595,13.781,13.567,13.774,405078.65,1763398799999,5546628.32729,21964,196518.10,2689860.89857,0
1763398800000,13.774,13.789,13.633,13.650,368108.75,1763399699999,5047857.95305,19482,173438.32,2378932.22132,0
1763399700000,13.651,13.664,13.520,13.527,351844.35,1763400599999,4781323.32759,15835,142748.24,1940633.17434,0
1763400600000,13.527,13.558,13.354,13.381,413657.11,1763401499999,5566570.87380,17757,177572.73,2391850.84783,0
1763401500000,13.381,13.418,13.335,13.371,500111.15,1763402399999,6688859.85993,20844,243245.60,3254402.11406,0
1763402400000,13.371,13.497,13.308,13.349,496431.92,1763403299999,6651434.77396,22469,225747.64,3026740.36151,0
1763403300000,13.348,13.388,13.258,13.273,469262.95,1763404199999,6252957.69038,23399,228393.01,3044396.44009,0
1763404200000,13.273,13.354,13.226,13.351,464484.76,1763405099999,6168704.73925,21951,249454.56,3313443.36000,0
1763405100000,13.350,13.456,13.262,13.270,434588.66,1763405999999,5806909.35052,18824,228617.02,3055077.77792,0
1763406000000,13.270,13.361,13.242,13.257,322579.15,1763406899999,4287583.85089,17233,166504.42,2213176.10289,0
1763406900000,13.257,13.273,13.165,13.216,395694.11,1763407799999,5228868.25573,17395,191754.90,2534558.82282,0
1763407800000,13.216,13.333,13.117,13.167,483885.40,1763408699999,6392400.86004,23180,257740.42,3406050.47993,0
1763408700000,13.167,13.249,13.083,13.210,570224.69,1763409599999,7510549.69014,21819,247344.34,3257946.91672,0
1763409600000,13.210,13.269,13.111,13.137,496372.74,1763410499999,6541724.50747,22599,252916.79,3333647.88964,0
1763410500000,13.137,13.260,13.132,13.188,410215.10,1763411399999,5418343.27143,19439,180582.15,2385293.89688,0
1763411400000,13.188,13.216,13.074,13.109,347078.58,1763412299999,4561181.14559,16229,184113.42,2420599.23946,0
1763412300000,13.110,13.300,13.100,13.227,409976.36,1763413199999,5418934.16217,19412,220604.04,2916172.26021,0
1763413200000,13.228,13.338,13.223,13.295,313379.18,1763414099999,4166001.56516,14555,164124.00,2181826.47617,0
1763414100000,13.295,13.298,13.144,13.184,240899.53,1763414999999,3181069.15881,10864,95301.44,1258291.47332,0
1763415000000,13.183,13.209,13.106,13.145,178066.31,1763415899999,2344223.76102,9655,79648.51,1048840.64006,0
1763415900000,13.145,13.238,13.108,13.232,187811.00,1763416799999,2472321.09811,9244,87377.43,1150177.18860,0
1763416800000,13.232,13.318,13.185,13.288,231440.21,1763417699999,3068055.24816,9693,106344.72,1410185.80773,0
1763417700000,13.290,13.344,13.246,13.318,262992.92,1763418599999,3495801.34368,9363,144769.84,1924008.98080,0
1763418600000,13.319,13.349,13.298,13.323,152469.77,1763419499999,2031420.65918,4840,67915.41,904934.52374,0
1763419500000,13.323,13.331,13.261,13.267,88187.22,1763420399999,1171896.76005,4201,37972.26,504477.78225,0
1763420400000,13.268,13.312,13.226,13.266,138869.55,1763421299999,1841920.33645,8112,64353.00,853627.96957,0
1763421300000,13.266,13.291,13.217,13.246,159828.57,1763422199999,2119059.44998,7852,79978.82,1060404.64802,0
1763422200000,13.246,13.308,13.222,13.269,127532.55,1763423099999,1692332.27460,5830,60788.62,806672.21760,0
1763423100000,13.270,13.334,13.259,13.323,95850.77,1763423999999,1275474.47818,5393,46307.93,616133.59954,0
1763424000000,13.322,13.337,13.288,13.294,148341.06,1763424899999,1974668.42802,7228,76302.70,1015781.84602,0
1763424900000,13.295,13.324,13.215,13.237,137757.94,1763425799999,1827785.09156,7701,71587.85,949594.60072,0
1763425800000,13.238,13.244,13.083,13.106,276526.65,1763426699999,3638846.66624,12549,121997.01,1605121.20828,0
1763426700000,13.105,13.357,13.050,13.328,504347.06,1763427599999,6680844.15990,23917,238708.95,3163689.16714,0
1763427600000,13.329,13.398,13.289,13.326,306300.41,1763428499999,4086697.50690,15854,190025.26,2535720.30091,0
1763428500000,13.326,13.417,13.290,13.341,172337.88,1763429399999,2302461.79622,10715,94407.36,1261195.35699,0
1763429400000,13.340,13.401,13.327,13.364,154745.76,1763430299999,2067327.74180,8745,81165.13,1084330.22111,0
1763430300000,13.363,13.377,13.277,13.306,121815.04,1763431199999,1622088.46574,7652,62780.03,835964.44901,0
1763431200000,13.306,13.311,13.207,13.283,245837.32,1763432099999,3258768.06489,12405,108997.08,1444910.17083,0
1763432100000,13.283,13.458,13.150,13.444,503116.02,1763432999999,6698131.65433,21618,253748.17,3377931.31956,0
1763433000000,13.444,13.516,13.340,13.407,429096.73,1763433899999,5760712.81475,19194,203997.26,2740057.47115,0
1763433900000,13.407,13.458,13.225,13.281,378235.87,1763434799999,5048455.11434,16573,147723.59,1972972.44741,0
1763434800000,13.281,13.285,13.101,13.230,652828.75,1763435699999,8616946.19691,26435,322203.96,4253414.11534,0
1763435700000,13.231,13.336,13.210,13.222,305018.76,1763436599999,4051813.26818,16316,136725.09,1816560.45416,0
1763436600000,13.222,13.509,13.150,13.470,743458.60,1763437499999,9920754.52274,30889,358840.84,4786686.06799,0
1763437500000,13.471,13.508,13.374,13.452,411138.67,1763438399999,5525356.59277,16190,203551.02,2735258.22172,0
1763438400000,13.452,13.484,13.350,13.380,365426.07,1763439299999,4907393.80858,15487,153710.64,2063209.32262,0
1763439300000,13.381,13.425,13.311,13.320,292747.62,1763440199999,3911716.59252,15860,139473.54,1863772.86865,0
1763440200000,13.320,13.395,13.287,13.310,226165.17,1763441099999,3017614.70227,12709,122344.75,1632275.99114,0
1763441100000,13.309,13.528,13.236,13.495,533135.78,1763441999999,7136481.04635,22498,270355.70,3618979.05528,0
1763442000000,13.495,13.505,13.364,13.490,350095.02,1763442899999,4706317.25518,16529,169385.56,2277780.94935,0
1763442900000,13.490,13.585,13.471,13.496,256917.17,1763443799999,3475567.00254,11419,135611.19,1834796.13838,0
1763443800000,13.496,13.525,13.420,13.452,174917.77,1763444699999,2356577.54579,10524,92935.63,1252039.20442,0
1763444700000,13.452,13.532,13.420,13.451,182596.54,1763445599999,2460309.70572,9319,93496.30,1259659.49562,0
1763445600000,13.451,13.457,13.390,13.445,217019.85,1763446499999,2913941.80164,9737,116582.54,1565136.10948,0
1763446500000,13.446,13.460,13.367,13.392,200126.48,1763447399999,2684063.95649,8247,111851.35,1499861.43310,0
1763447400000,13.392,13.400,13.298,13.310,358086.27,1763448299999,4773630.50256,12000,158887.89,2117962.32023,0
1763448300000,13.309,13.372,13.264,13.293,203843.42,1763449199999,2712911.99227,10219,108048.33,1438242.24887,0
1763449200000,13.292,13.370,13.231,13.324,264683.65,1763450099999,3520486.48076,12808,119694.10,1592087.86511,0
1763450100000,13.325,13.407,13.246,13.370,333193.86,1763450999999,4442182.27395,13153,163111.86,2173559.32571,0
1763451000000,13.371,13.478,13.342,13.417,331016.93,1763451899999,4440953.51901,15423,173435.10,2326800.97094,0
1763451900000,13.416,13.438,13.373,13.381,198356.24,1763452799999,2658755.72165,9417,106558.66,1428338.60151,0
1763452800000,13.381,13.473,13.380,13.430,208997.40,1763453699999,2806645.69436,11021,106859.94,1434923.69290,0
1763453700000,13.430,13.499,13.368,13.401,258259.27,1763454599999,3466203.32654,12616,127373.78,1709450.46295,0
1763454600000,13.401,13.592,13.395,13.569,373298.73,1763455499999,5054154.90947,17065,174183.15,2357880.82246,0
1763455500000,13.569,13.588,13.510,13.545,465905.22,1763456399999,6310489.32128,15252,251207.94,3402956.75117,0
1763456400000,13.544,13.567,13.458,13.491,223902.59,1763457299999,3025077.85895,11469,93766.52,1266789.35261,0
1763457300000,13.492,13.563,13.421,13.442,186518.24,1763458199999,2514026.39333,10572,80202.67,1080981.85894,0
1763458200000,13.441,13.504,13.432,13.497,126640.16,1763459099999,1705576.22777,7040,68467.95,922139.75937,0
1763459100000,13.497,13.584,13.496,13.562,149631.72,1763459999999,2027395.50253,8889,79324.20,1074680.83077,0
1763460000000,13.562,13.583,13.512,13.524,133508.81,1763460899999,1808764.66653,7280,58882.13,797526.00276,0
1763460900000,13.523,13.549,13.479,13.519,91294.37,1763461799999,1233030.31579,5478,43245.90,584025.09058,0
1763461800000,13.519,13.586,13.513,13.538,113579.63,1763462699999,1539258.52582,6692,62094.84,841424.74375,0
1763462700000,13.538,13.564,13.502,13.559,82210.69,1763463599999,1112913.03058,5653,39927.73,540591.17307,0
1763463600000,13.558,13.570,13.511,13.525,103024.78,1763464499999,1395023.80530,6507,57604.55,780123.57957,0
1763464500000,13.526,13.564,13.480,13.516,123573.68,1763465399999,1669836.45990,7132,63983.76,864608.49113,0
1763465400000,13.515,13.533,13.467,13.524,90182.86,1763466299999,1217253.70815,5717,47713.28,644069.69385,0
1763466300000,13.524,13.531,13.467,13.486,74435.11,1763467199999,1004676.26287,4514,29869.28,403076.00837,0
1763467200000,13.487,13.491,13.355,13.364,252552.34,1763468099999,3390558.56940,10714,92160.22,1237756.48759,0
1763468100000,13.364,13.469,13.353,13.392,239849.19,1763468999999,3216708.95265,9692,111277.20,1492413.73536,0
1763469000000,13.393,13.515,13.392,13.500,137975.92,1763469899999,1857183.11128,8350,81551.72,1097817.59259,0
1763469900000,13.501,13.511,13.401,13.463,202359.63,1763470799999,2722861.27924,8503,75495.99,1016701.61207,0
1763470800000,13.462,13.462,13.376,13.404,155611.76,1763471699999,2086741.18082,8436,82122.62,1101055.38901,0
1763471700000,13.404,13.425,13.339,13.355,113752.93,1763472599999,1520890.43756,7171,49356.73,660092.43903,0
1763472600000,13.356,13.425,13.282,13.346,306028.53,1763473499999,4083455.61744,13526,129748.02,1731685.76531,0
1763473500000,13.347,13.405,13.336,13.381,145737.28,1763474399999,1948597.20404,9307,80992.30,1082869.66341,0
1763474400000,13.380,13.392,13.324,13.346,193530.77,1763475299999,2584537.17891,11030,124262.96,1659369.87421,0
1763475300000,13.346,13.483,13.329,13.429,210965.59,1763476199999,2830769.47117,11992,126713.73,1700377.02251,0
1763476200000,13.429,13.598,13.348,13.441,861470.57,1763477099999,11641365.67474,42162,476677.25,6443093.00155,0
1763477100000,13.441,13.524,13.381,13.386,321925.82,1763477999999,4330075.26357,21903,167879.87,2258427.99962,0
1763478000000,13.385,13.612,13.324,13.559,730053.71,1763478899999,9822183.36904,31542,391216.82,5262766.47997,0
1763478900000,13.561,13.767,13.532,13.729,683928.22,1763479799999,9355950.08688,35713,354723.37,4853729.74233,0
1763479800000,13.730,13.826,13.650,13.691,488797.42,1763480699999,6711075.66211,28637,252860.50,3472792.34942,0
1763480700000,13.690,13.755,13.632,13.707,289424.86,1763481599999,3962099.26503,16801,169868.84,2325589.28703,0
1763481600000,13.707,13.863,13.677,13.829,429966.54,1763482499999,5924537.62288,21299,241681.86,3330151.79931,0
1763482500000,13.829,13.971,13.801,13.932,502441.69,1763483399999,6989607.78844,21570,234386.47,3261999.96902,0
1763483400000,13.933,13.972,13.820,13.845,399416.72,1763484299999,5551489.83906,20681,198168.92,2755081.01436,0
1763484300000,13.844,13.922,13.824,13.893,194872.16,1763485199999,2702240.14700,12140,99448.51,1379059.91835,0
1763485200000,13.893,13.913,13.836,13.842,172776.83,1763486099999,2398783.09740,10764,89858.31,1247722.65451,0
1763486100000,13.843,13.882,13.735,13.755,223295.17,1763486999999,3083727.11341,11028,89304.94,1234163.24540,0
1763487000000,13.755,13.836,13.744,13.822,208576.32,1763487899999,2874555.77670,11490,121395.13,1672868.73489,0
1763487900000,13.822,13.831,13.785,13.804,83047.52,1763488799999,1146889.33325,6470,41637.75,575002.18709,0
1763488800000,13.804,13.942,13.804,13.918,196379.36,1763489699999,2726559.18087,9937,111202.75,1543693.15206,0
1763489700000,13.919,13.944,13.865,13.866,124747.14,1763490599999,1735077.93495,7941,61380.71,853963.64615,0
1763490600000,13.865,13.921,13.865,13.909,118830.40,1763491499999,1651420.44825,7226,53203.30,739376.41228,0
1763491500000,13.908,13.990,13.895,13.906,184817.24,1763492399999,2577440.78589,9370,102352.55,1427336.51967,0
1763492400000,13.905,13.952,13.886,13.940,119122.61,1763493299999,1658064.81779,7105,68895.86,959061.28015,0
1763493300000,13.940,13.981,13.918,13.957,76989.94,1763494199999,1074332.72751,6096,41956.08,585426.01758,0
1763494200000,13.957,13.980,13.906,13.908,105385.17,1763495099999,1469506.79803,7387,47668.03,664738.13459,0
1763495100000,13.908,13.925,13.856,13.902,166693.64,1763495999999,2315295.30707,8064,73051.61,1014912.60849,0
1763496000000,13.903,13.931,13.868,13.896,103385.98,1763496899999,1436929.28216,6159,44071.53,612545.19604,0
1763496900000,13.897,13.946,13.890,13.943,79181.86,1763497799999,1102244.78161,5570,50718.08,706070.54382,0
1763497800000,13.943,13.951,13.890,13.892,99952.07,1763498699999,1390690.63727,6038,40030.75,556943.87906,0
1763498700000,13.893,13.926,13.856,13.873,123218.78,1763499599999,1711962.87874,6406,49900.12,693163.15481,0
1763499600000,13.873,13.889,13.822,13.883,136546.69,1763500499999,1892332.77127,7373,63402.88,878648.70597,0
1763500500000,13.884,13.884,13.829,13.857,95772.05,1763501399999,1327143.15050,5371,51322.69,711243.83502,0
1763501400000,13.856,13.856,13.762,13.762,121924.57,1763502299999,1682493.86613,6789,59985.42,827824.91555,0
1763502300000,13.763,13.763,13.699,13.710,180001.17,1763503199999,2471711.98847,7231,84101.21,1155091.30007,0
1763503200000,13.710,13.856,13.708,13.845,232057.58,1763504099999,3198313.00749,9214,135566.81,1868410.66722,0
1763504100000,13.846,13.915,13.817,13.904,109031.52,1763504999999,1512768.72876,5434,68640.68,952413.62427,0
1763505000000,13.904,13.916,13.863,13.891,92183.32,1763505899999,1280401.58799,4507,38714.86,537787.07388,0
1763505900000,13.891,13.894,13.846,13.867,51970.04,1763506799999,720887.24864,2786,22796.02,316184.34930,0
1763506800000,13.867,13.878,13.787,13.803,180865.31,1763507699999,2502305.92929,8337,73067.47,1011298.10636,0
1763507700000,13.802,13.822,13.789,13.802,90102.95,1763508599999,1243871.21147,4433,50808.93,701396.58424,0
1763508600000,13.802,13.837,13.788,13.812,136572.94,1763509499999,1885697.59547,5473,74783.33,1032654.70993,0
1763509500000,13.813,13.816,13.772,13.797,80048.01,1763510399999,1103971.49999,4090,40426.89,557439.98103,0
1763510400000,13.796,13.796,13.699,13.732,181332.15,1763511299999,2489782.97300,8164,85662.83,1176004.47686,0
1763511300000,13.733,13.739,13.602,13.690,385225.76,1763512199999,5259534.52204,12847,158398.08,2162880.08547,0
1763512200000,13.691,13.773,13.656,13.756,150368.35,1763513099999,2060611.05128,8732,74617.42,1022649.56248,0
1763513100000,13.755,13.812,13.738,13.762,119580.17,1763513999999,1646969.17456,6752,53139.60,731945.58802,0
1763514000000,13.763,13.769,13.681,13.695,159605.60,1763514899999,2189276.26924,9159,71921.62,986551.23896,0
1763514900000,13.694,13.835,13.675,13.805,173417.76,1763515799999,2387306.02277,8952,100803.70,1387553.37973,0
1763515800000,13.805,13.812,13.725,13.752,118921.98,1763516699999,1636412.45206,7693,53229.42,732357.39652,0
1763516700000,13.752,13.757,13.657,13.678,242447.19,1763517599999,3319707.25215,9620,116598.34,1596363.73811,0
1763517600000,13.678,13.707,13.625,13.693,399966.39,1763518499999,5468278.15722,13582,181989.56,2488031.50300,0
1763518500000,13.694,13.719,13.558,13.596,386831.30,1763519399999,5267967.16195,13578,189266.71,2577941.70249,0
1763519400000,13.596,13.693,13.596,13.619,174714.95,1763520299999,2382409.56804,8760,93509.14,1275031.72767,0
1763520300000,13.619,13.708,13.604,13.658,162700.67,1763521199999,2222846.35702,6527,80797.66,1103710.30305,0
1763521200000,13.657,13.698,13.624,13.627,150969.50,1763522099999,2060700.41673,7362,83525.34,1140042.13274,0
1763522100000,13.627,13.627,13.563,13.585,160670.11,1763522999999,2182873.09113,7383,87638.59,1190585.05695,0
1763523000000,13.585,13.585,13.469,13.509,262217.28,1763523899999,3544046.57075,9961,115002.85,1554173.35297,0
1763523900000,13.508,13.530,13.459,13.495,168343.87,1763524799999,2271524.50539,6871,98908.92,1334648.54669,0
1763524800000,13.495,13.510,13.444,13.503,314489.76,1763525699999,4239098.70783,10062,177529.54,2393296.36970,0
1763525700000,13.504,13.538,13.461,13.474,157913.84,1763526599999,2131951.50289,7016,78669.95,1062179.80493,0
1763526600000,13.475,13.483,13.393,13.417,207021.88,1763527499999,2779832.72690,9107,100739.21,1352524.79132,0
1763527500000,13.418,13.467,13.397,13.405,147294.86,1763528399999,1978785.75214,7458,71515.53,960681.55071,0
1763528400000,13.406,13.429,13.329,13.358,252147.68,1763529299999,3371718.69172,10894,125740.03,1681246.26126,0
1763529300000,13.357,13.411,13.307,13.317,282460.55,1763530199999,3775190.36526,11116,135386.07,1809478.22725,0
1763530200000,13.316,13.321,13.149,13.156,632091.37,1763531099999,8358524.62126,18357,225030.04,2976998.33709,0
1763531100000,13.156,13.241,13.107,13.237,593425.60,1763531999999,7816640.28962,18162,321917.14,4241950.67421,0
1763532000000,13.237,13.283,13.189,13.266,298825.90,1763532899999,3956425.23380,12830,157760.59,2088968.10292,0
1763532900000,13.267,13.294,13.228,13.276,193445.54,1763533799999,2565748.39876,8416,93523.56,1240674.45098,0
1763533800000,13.275,13.336,13.266,13.318,256033.74,1763534699999,3407714.75934,8923,122903.71,1635995.12138,0
1763534700000,13.318,13.334,13.292,13.307,142014.21,1763535599999,1890614.29491,5659,69235.72,921771.66646,0
1763535600000,13.307,13.390,13.302,13.377,188266.63,1763536499999,2514723.13233,7132,103697.34,1384922.54312,0
1763536500000,13.378,13.417,13.347,13.354,210331.49,1763537399999,2812671.46831,7619,103706.07,1386949.71942,0
1763537400000,13.355,13.442,13.315,13.438,240829.14,1763538299999,3223985.47127,8468,121664.02,1629195.03344,0
1763538300000,13.438,13.481,13.434,13.474,199651.16,1763539199999,2687601.71276,7261,99953.57,1345431.89669,0
1763539200000,13.474,13.484,13.434,13.445,342226.59,1763540099999,4605953.85290,8083,157826.98,2124356.26350,0
1763540100000,13.446,13.524,13.396,13.519,386059.56,1763540999999,5189728.31092,10947,213923.14,2875462.09395,0
1763541000000,13.519,13.523,13.409,13.431,201625.70,1763541899999,2715125.65877,8157,82543.64,1111693.97875,0
1763541900000,13.430,13.441,13.375,13.406,206698.12,1763542799999,2770300.53186,7019,93568.12,1254052.06322,0
1763542800000,13.405,13.410,13.322,13.409,223603.42,1763543699999,2988446.39398,8485,109832.20,1467870.90001,0
1763543700000,13.408,13.425,13.345,13.375,144470.59,1763544599999,1933163.47791,6136,74095.43,991530.04932,0
1763544600000,13.376,13.462,13.376,13.441,184204.59,1763545499999,2472954.72098,7583,102067.90,1370126.13642,0
1763545500000,13.441,13.472,13.398,13.468,94926.31,1763546399999,1275965.10104,4967,52081.45,700106.01054,0
1763546400000,13.468,13.551,13.438,13.514,193698.48,1763547299999,2615047.67152,7587,105986.22,1431048.45974,0
1763547300000,13.514,13.534,13.432,13.507,261189.14,1763548199999,3520882.04164,9278,126244.58,1701916.03187,0
1763548200000,13.507,13.529,13.466,13.516,128828.62,1763549099999,1738464.71279,5767,58283.57,786572.50467,0
1763549100000,13.515,13.515,13.414,13.417,176672.46,1763549999999,2375526.36918,7290,78189.81,1051192.44758,0
1763550000000,13.418,13.464,13.410,13.464,132562.47,1763550899999,1781086.73018,5190,78856.49,1059609.65511,0
1763550900000,13.463,13.483,13.427,13.427,149397.61,1763551799999,2011085.37820,6377,75387.34,1014650.57494,0
1763551800000,13.426,13.442,13.407,13.429,123532.18,1763552699999,1657832.39118,5045,65127.46,873992.74189,0
1763552700000,13.429,13.435,13.372,13.388,96163.38,1763553599999,1288798.16647,3821,45523.60,610022.76885,0
1763553600000,13.388,13.482,13.374,13.444,164829.02,1763554499999,2215029.50239,6995,94585.56,1270825.92526,0
1763554500000,13.444,13.461,13.401,13.432,98000.92,1763555399999,1317090.23424,5001,46593.50,626147.17882,0
1763555400000,13.432,13.453,13.382,13.423,142517.16,1763556299999,1911874.86782,6204,72409.44,971271.79474,0
1763556300000,13.423,13.462,13.415,13.444,122539.60,1763557199999,1646530.55160,5154,66903.81,899026.29863,0
1763557200000,13.445,13.448,13.367,13.402,122418.37,1763558099999,1640592.52112,5527,68267.13,914732.65819,0
1763558100000,13.402,13.435,13.359,13.415,113972.99,1763558999999,1527015.54349,5210,66156.83,886337.30907,0
1763559000000,13.415,13.448,13.341,13.351,183292.60,1763559899999,2451835.78597,7716,86751.95,1160321.30429,0
1763559900000,13.351,13.366,13.284,13.299,211413.36,1763560799999,2815236.84767,8406,84052.80,1119325.76447,0
1763560800000,13.299,13.327,13.210,13.323,328979.31,1763561699999,4365334.55386,12094,163753.63,2173109.07738,0
1763561700000,13.324,13.332,13.142,13.154,406295.67,1763562599999,5370500.42516,13954,185761.31,2455743.77239,0
1763562600000,13.155,13.367,13.149,13.340,653270.87,1763563499999,8667854.58593,29124,319664.46,4240575.91946,0
1763563500000,13.339,13.371,13.235,13.300,410612.28,1763564399999,5460454.21657,18020,223578.97,2973459.39568,0
1763564400000,13.301,13.503,13.287,13.414,559744.59,1763565299999,7511191.18709,21579,299518.96,4018459.89594,0
1763565300000,13.414,13.492,13.187,13.244,647506.78,1763566199999,8605242.13612,23845,356428.97,4734313.51041,0
1763566200000,13.245,13.249,13.110,13.153,692883.53,1763567099999,9114966.71120,23348,339347.94,4464305.84410,0
1763567100000,13.154,13.155,12.972,13.010,1044826.36,1763567999999,13624886.02747,32359,429898.42,5605241.95587,0
1763568000000,13.009,13.127,12.994,13.085,678805.13,1763568899999,8869460.41293,21468,340847.91,4453455.93807,0
1763568900000,13.085,13.117,12.921,12.961,547227.89,1763569799999,7104710.77605,20129,277830.87,3607493.12527,0
1763569800000,12.960,13.005,12.897,12.958,484488.27,1763570699999,6278399.18054,18079,242756.32,3146404.08023,0
1763570700000,12.957,12.987,12.863,12.931,539674.56,1763571599999,6968789.92397,17107,282340.20,3646733.36159,0
1763571600000,12.930,12.988,12.850,12.898,692068.74,1763572499999,8937806.17316,22668,339874.21,4390247.57581,0
1763572500000,12.899,12.959,12.849,12.941,528540.62,1763573399999,6815437.06375,15612,258338.00,3331812.85654,0
1763573400000,12.941,12.985,12.764,12.914,720493.59,1763574299999,9269939.21773,23416,346135.10,4452576.38507,0
1763574300000,12.914,12.984,12.856,12.957,418908.25,1763575199999,5416578.19816,16751,213814.82,2765413.95550,0
1763575200000,12.957,13.002,12.890,12.964,315382.06,1763576099999,4080812.58507,14475,173034.53,2239002.84042,0
1763576100000,12.965,12.969,12.757,12.810,516159.83,1763576999999,6635599.41360,18131,249046.90,3201557.83087,0
1763577000000,12.810,12.934,12.790,12.802,458823.53,1763577899999,5903491.38446,18388,247527.93,3185050.69491,0
1763577900000,12.803,12.896,12.799,12.889,279731.12,1763578799999,3593585.15645,12123,140276.95,1801649.69518,0
1763578800000,12.890,12.915,12.817,12.849,288843.53,1763579699999,3714232.55632,14291,138199.11,1776915.94166,0
1763579700000,12.849,12.863,12.782,12.807,182906.56,1763580599999,2345038.10549,9943,87092.63,1116559.31468,0
1763580600000,12.807,12.859,12.796,12.836,245765.91,1763581499999,3151350.23323,10712,124376.70,1594840.64701,0
1763581500000,12.837,12.927,12.813,12.878,250969.40,1763582399999,3232154.49058,10879,134076.76,1726547.40977,0
1763582400000,12.879,12.924,12.844,12.909,207107.50,1763583299999,2668771.20264,8624,106221.75,1368789.76506,0
1763583300000,12.910,13.000,12.893,12.998,255288.93,1763584199999,3304577.85819,11136,132512.35,1715319.82537,0
1763584200000,12.998,13.078,12.953,13.000,331906.29,1763585099999,4317649.43290,13047,160556.75,2088253.00678,0
1763585100000,13.001,13.147,12.964,13.102,364051.49,1763585999999,4757216.55752,14707,197426.19,2579702.67516,0
1763586000000,13.103,13.202,13.056,13.127,372203.97,1763586899999,4887280.40921,15719,200154.37,2627879.59206,0
1763586900000,13.128,13.365,13.125,13.217,879734.38,1763587799999,11677208.72147,32430,466393.23,6191288.54843,0
1763587800000,13.216,13.360,13.207,13.359,315211.72,1763588699999,4189623.96019,15762,154165.81,2048876.00775,0
1763588700000,13.358,13.405,13.351,13.375,262580.06,1763589599999,3514197.34123,11411,144513.00,1934226.89172,0
1763589600000,13.376,13.385,13.275,13.284,266805.03,1763590499999,3551912.41749,11220,136247.16,1813843.51492,0
1763590500000,13.283,13.360,13.236,13.350,198432.34,1763591399999,2636828.33719,8422,94675.92,1258551.47141,0
1763591400000,13.349,13.366,13.289,13.326,113133.46,1763592299999,1507538.56313,5566,51800.58,690422.48744,0
1763592300000,13.325,13.352,13.302,13.337,69309.10,1763593199999,924003.41829,4157,35497.30,473218.19910,0
1763593200000,13.338,13.591,13.335,13.563,643436.04,1763594099999,8681698.60329,23508,422660.40,5703267.79805,0
1763594100000,13.564,13.581,13.480,13.482,206776.26,1763594999999,2796784.30094,11123,99283.48,1342954.74707,0
1763595000000,13.483,13.555,13.462,13.495,182045.50,1763595899999,2459502.79774,7480,90335.68,1220475.04246,0
1763595900000,13.494,13.542,13.487,13.520,108926.65,1763596799999,1471740.62466,5259,53823.60,727164.06797,0
1763596800000,13.521,13.525,13.455,13.491,128043.89,1763597699999,1727152.15748,6622,64961.63,876201.14685,0
1763597700000,13.491,13.557,13.481,13.531,147528.76,1763598599999,1996339.00199,6640,70181.46,949705.72232,0
1763598600000,13.531,13.575,13.520,13.573,146938.85,1763599499999,1990445.83251,7955,72547.19,982840.53113,0
1763599500000,13.572,13.582,13.496,13.519,156854.87,1763600399999,2122630.06040,7798,66436.06,899402.89018,0
1763600400000,13.518,13.596,13.503,13.557,136399.39,1763601299999,1848848.27362,7219,66662.18,903466.23264,0
1763601300000,13.556,13.582,13.502,13.528,137632.55,1763602199999,1863898.16828,6557,58623.49,794277.62009,0
1763602200000,13.528,13.599,13.528,13.595,108074.62,1763603099999,1466603.99982,5651,57609.63,781938.72906,0
1763603100000,13.595,13.627,13.575,13.608,154219.98,1763603999999,2097650.24284,6491,84129.48,1144660.54594,0
1763604000000,13.608,13.696,13.586,13.634,325461.62,1763604899999,4439052.35753,12372,190331.97,2596232.32849,0
1763604900000,13.634,13.656,13.581,13.623,117644.45,1763605799999,1601771.78451,6536,47765.53,650316.92102,0
1763605800000,13.623,13.646,13.589,13.604,139544.22,1763606699999,1900864.39436,6328,55483.97,755726.78626,0
1763606700000,13.604,13.659,13.583,13.651,132667.29,1763607599999,1807078.04817,5924,73801.73,1005430.72736,0
1763607600000,13.651,13.673,13.625,13.642,110546.62,1763608499999,1508806.73884,6241,53251.58,726834.24986,0
1763608500000,13.642,13.706,13.629,13.636,153468.88,1763609399999,2097570.70159,6047,61929.42,847091.28857,0
1763609400000,13.637,13.679,13.624,13.646,96903.33,1763610299999,1322517.90055,5032,52398.32,715215.21438,0
1763610300000,13.646,13.667,13.630,13.650,93323.10,1763611199999,1273556.73422,4708,46212.97,630641.05073,0
1763611200000,13.649,13.670,13.618,13.654,130642.20,1763612099999,1782903.57318,6442,67373.89,919563.82035,0
1763612100000,13.653,13.653,13.587,13.611,206059.90,1763612999999,2805196.13886,7662,82973.30,1129735.08234,0
1763613000000,13.611,13.637,13.582,13.629,117547.61,1763613899999,1600248.49044,4968,57047.77,776695.17077,0
1763613900000,13.628,13.770,13.628,13.769,280830.79,1763614799999,3848362.10847,9453,173694.07,2380108.71974,0
1763614800000,13.769,13.809,13.713,13.730,269565.76,1763615699999,3707489.08681,11804,125314.74,1723734.75830,0
1763615700000,13.730,13.731,13.675,13.678,96419.35,1763616599999,1321637.89197,5357,35354.88,484594.27865,0
1763616600000,13.678,13.762,13.662,13.733,201839.22,1763617499999,2768186.63114,7301,119164.90,1634019.44280,0
1763617500000,13.732,13.812,13.732,13.788,295246.82,1763618399999,4068985.17344,9703,164692.93,2269252.63217,0
1763618400000,13.787,13.826,13.769,13.802,163958.76,1763619299999,2262421.27953,7294,86354.96,1191444.07676,0
1763619300000,13.801,13.807,13.743,13.771,209106.68,1763620199999,2880767.28205,7757,85702.64,1180881.70578,0
1763620200000,13.771,13.775,13.701,13.715,195538.77,1763621099999,2687125.36994,8598,80605.38,1107686.30976,0
1763621100000,13.714,13.777,13.694,13.748,236052.13,1763621999999,3242208.85191,8930,106948.23,1469178.32253,0
1763622000000,13.747,13.829,13.743,13.804,275686.10,1763622899999,3800999.58168,11074,133753.40,1844051.08775,0
1763622900000,13.805,13.828,13.765,13.818,179722.00,1763623799999,2479825.23580,8286,74856.22,1032921.14889,0
1763623800000,13.818,13.881,13.813,13.866,333683.45,1763624699999,4621374.94829,13591,156900.77,2172853.55449,0
1763624700000,13.867,13.947,13.866,13.942,336690.42,1763625599999,4683885.70554,10227,173069.64,2408290.81175,0
1763625600000,13.942,14.000,13.906,13.928,363455.03,1763626499999,5070193.74056,13661,169010.68,2358158.73026,0
1763626500000,13.928,13.949,13.890,13.903,172756.83,1763627399999,2404462.47254,8519,77715.84,1081765.65267,0
1763627400000,13.903,13.931,13.886,13.904,130660.57,1763628299999,1817322.24548,6408,59383.08,825972.36369,0
1763628300000,13.904,13.950,13.894,13.947,124513.25,1763629199999,1732646.32677,5928,59727.91,831323.64520,0
1763629200000,13.946,13.953,13.899,13.917,167108.95,1763630099999,2327050.81524,7829,71165.58,991172.70742,0
1763630100000,13.917,13.924,13.831,13.833,227834.59,1763630999999,3159259.14341,8789,84756.08,1175343.74754,0
1763631000000,13.833,13.917,13.818,13.876,372839.66,1763631899999,5175154.05887,14592,222829.39,3092738.88016,0
1763631900000,13.876,13.877,13.808,13.846,248171.52,1763632799999,3435112.36987,9110,119103.27,1648597.70868,0
1763632800000,13.847,13.851,13.747,13.764,250938.46,1763633699999,3459647.55463,9477,105204.91,1450360.45988,0
1763633700000,13.764,13.849,13.764,13.839,149469.60,1763634599999,2063404.02037,6456,81024.83,1118553.75440,0
1763634600000,13.839,13.849,13.714,13.729,326606.47,1763635499999,4493415.36684,10383,148269.65,2040162.08595,0
1763635500000,13.729,13.738,13.693,13.725,253783.15,1763636399999,3479753.71346,9341,128666.87,1764077.44046,0
1763636400000,13.726,13.733,13.638,13.676,299285.86,1763637299999,4096666.21428,12081,122371.50,1674989.51539,0
1763637300000,13.675,13.697,13.564,13.602,368652.92,1763638199999,5023133.56637,11929,175414.44,2389833.44981,0
1763638200000,13.601,13.727,13.601,13.691,307939.86,1763639099999,4206916.55972,14290,172675.96,2358701.03160,0
1763639100000,13.692,13.740,13.677,13.706,125969.87,1763639999999,1726587.83959,6820,73215.73,1003533.45335,0
1763640000000,13.707,13.720,13.643,13.647,176480.78,1763640899999,2414635.30098,7956,75424.14,1032098.82350,0
1763640900000,13.647,13.742,13.632,13.696,170171.86,1763641799999,2330683.61928,8387,93509.46,1280484.24582,0
1763641800000,13.696,13.789,13.680,13.699,262571.69,1763642699999,3605887.49623,9606,132449.74,1818945.24159,0
1763642700000,13.700,13.793,13.694,13.762,130265.56,1763643599999,1792617.73798,6696,67749.57,932153.89392,0
1763643600000,13.762,13.786,13.732,13.783,161703.96,1763644499999,2224646.02051,8070,90451.60,1244396.28008,0
1763644500000,13.783,13.806,13.698,13.753,281195.95,1763645399999,3867005.61429,11429,142867.77,1964473.08969,0
1763645400000,13.753,13.915,13.625,13.630,646709.48,1763646299999,8893456.94448,28208,349900.05,4813515.41346,0
1763646300000,13.630,13.703,13.594,13.603,344359.72,1763647199999,4697029.86233,14863,149440.28,2038911.72206,0
1763647200000,13.603,13.625,13.460,13.525,601464.76,1763648099999,8142626.48899,22659,317313.40,4296749.38552,0
1763648100000,13.526,13.685,13.513,13.662,439539.27,1763648999999,5987413.77693,18659,244432.64,3329112.00651,0
1763649000000,13.663,13.710,13.569,13.615,463062.94,1763649899999,6318916.62506,27145,236789.52,3231859.43908,0
1763649900000,13.614,13.667,13.569,13.622,253853.42,1763650799999,3456834.97497,15942,129900.81,1768979.35828,0
1763650800000,13.623,13.632,13.447,13.491,445835.80,1763651699999,6031063.40920,18584,214157.22,2897323.94079,0
1763651700000,13.490,13.576,13.451,13.548,261805.38,1763652599999,3538007.77332,14312,140440.22,1897981.97804,0
1763652600000,13.548,13.581,13.489,13.540,195784.10,1763653499999,2648994.46757,10355,93801.79,1269129.20962,0
1763653500000,13.542,13.554,13.400,13.417,274536.41,1763654399999,3699207.90508,12727,128795.26,1735541.94775,0
1763654400000,13.416,13.441,13.025,13.073,1354293.40,1763655299999,17920392.94738,41933,550756.30,7282257.28239,0
1763655300000,13.074,13.198,12.937,13.048,1190463.51,1763656199999,15539209.12340,48066,588778.49,7683852.86927,0
1763656200000,13.049,13.087,12.863,12.883,736757.99,1763657099999,9553750.26427,30532,337565.10,4380726.51467,0
1763657100000,12.883,12.966,12.853,12.960,745166.80,1763657999999,9614162.00836,29874,385869.20,4978683.67537,0
1763658000000,12.959,13.023,12.778,12.839,1018020.88,1763658899999,13120703.78372,38693,454158.28,5857152.53777,0
1763658900000,12.837,12.924,12.759,12.904,774073.67,1763659799999,9935669.07796,32361,374085.73,4803242.91304,0
1763659800000,12.904,13.020,12.856,12.899,721189.60,1763660699999,9321391.64793,28164,359920.66,4652472.07640,0
1763660700000,12.898,12.971,12.848,12.962,538910.81,1763661599999,6958455.90657,20424,256167.91,3308615.53221,0
1763661600000,12.962,13.038,12.877,13.033,508522.21,1763662499999,6591473.33601,21847,255210.91,3308616.81356,0
1763662500000,13.034,13.045,12.888,12.904,391180.58,1763663399999,5069061.62095,18043,178853.42,2317705.44344,0
1763663400000,12.903,12.924,12.847,12.886,287754.53,1763664299999,3704421.47012,13776,140549.34,1809544.42328,0
1763664300000,12.885,12.929,12.870,12.873,387785.24,1763665199999,5001156.32655,14839,176342.55,2274288.60651,0
1763665200000,12.873,12.882,12.783,12.821,475595.23,1763666099999,6102034.68870,18598,222379.27,2853156.09553,0
1763666100000,12.821,13.021,12.791,12.967,388106.18,1763666999999,5011174.07327,16649,206420.33,2665793.25546,0
1763667000000,12.968,12.983,12.892,12.938,194612.22,1763667899999,2516857.92929,11058,95168.30,1230919.64272,0
1763667900000,12.939,13.019,12.922,12.990,215792.56,1763668799999,2798157.33702,12613,112674.26,1461143.95300,0
1763668800000,12.989,12.989,12.832,12.840,196702.77,1763669699999,2538576.92469,10788,81803.55,1055857.60416,0
1763669700000,12.841,12.991,12.834,12.991,237682.12,1763670599999,3069133.75907,13571,133940.74,1729395.02534,0
1763670600000,12.991,13.010,12.930,12.953,217375.81,1763671499999,2818323.78674,12993,108966.18,1412687.74930,0
1763671500000,12.953,12.991,12.929,12.955,145320.83,1763672399999,1882861.69071,8467,67969.36,880622.98565,0
1763672400000,12.955,13.031,12.949,13.011,189472.64,1763673299999,2462468.09329,9883,93371.94,1213501.51693,0
1763673300000,13.010,13.187,13.007,13.100,312148.23,1763674199999,4092059.78119,13231,177263.24,2323476.14308,0
1763674200000,13.100,13.165,13.083,13.163,204865.81,1763675099999,2688654.10125,10614,101340.51,1329985.28517,0
1763675100000,13.162,13.196,13.109,13.119,204227.37,1763675999999,2688688.22209,10348,92403.17,1216717.75395,0
1763676000000,13.119,13.282,13.110,13.271,284712.66,1763676899999,3760218.02065,9634,158645.94,2094132.54411,0
1763676900000,13.269,13.312,13.262,13.297,172079.54,1763677799999,2286514.12869,7849,82354.55,1094301.53305,0
1763677800000,13.297,13.336,13.185,13.215,224670.94,1763678699999,2974563.48875,10118,108121.19,1431733.29055,0
1763678700000,13.214,13.272,13.211,13.227,72799.31,1763679599999,963408.98762,5164,43922.98,581281.01565,0
1763679600000,13.226,13.252,13.116,13.158,227333.30,1763680499999,2995553.42455,11457,113973.92,1501870.59597,0
1763680500000,13.159,13.185,13.097,13.103,208008.69,1763681399999,2731528.46610,7745,70506.31,926256.95554,0
1763681400000,13.103,13.106,12.944,13.001,431233.72,1763682299999,5613559.61744,12681,185892.23,2419052.08310,0
1763682300000,13.001,13.027,12.902,12.932,259942.94,1763683199999,3365651.15019,10845,126963.34,1644058.10405,0
1763683200000,12.931,13.075,12.922,13.074,365393.73,1763684099999,4754824.63294,14877,208987.48,2719729.74019,0
1763684100000,13.073,13.123,13.030,13.051,185177.50,1763684999999,2420604.82566,9457,103448.91,1352360.76527,0
1763685000000,13.052,13.137,13.009,13.068,183411.79,1763685899999,2397089.55174,10287,107970.65,1411340.53461,0
1763685900000,13.068,13.124,13.064,13.093,151553.99,1763686799999,1985232.59752,7427,75938.65,994694.06741,0
1763686800000,13.094,13.142,13.083,13.114,190247.52,1763687699999,2495484.39019,8847,96926.93,1271362.96962,0
1763687700000,13.114,13.206,13.046,13.184,190163.77,1763688599999,2497539.83426,9966,97724.33,1283960.77644,0
1763688600000,13.184,13.186,13.102,13.150,136369.51,1763689499999,1792749.45716,7576,75274.77,989746.11039,0
1763689500000,13.151,13.177,13.105,13.114,71712.11,1763690399999,942212.48638,5833,38868.91,510749.89575,0
1763690400000,13.115,13.117,13.001,13.011,223343.61,1763691299999,2916036.88134,10074,101122.38,1320542.75694,0
1763691300000,13.012,13.103,12.939,13.041,309694.77,1763692199999,4036736.26357,12551,141460.66,1844961.55445,0
1763692200000,13.040,13.050,12.916,12.920,330029.98,1763693099999,4288698.74100,15722,137685.19,1789031.41427,0
1763693100000,12.920,13.015,12.787,12.817,584813.49,1763693999999,7543954.47200,23166,248377.09,3207411.07910,0
1763694000000,12.816,13.020,12.814,12.927,563201.11,1763694899999,7273156.87838,23170,292363.37,3775146.00692,0
1763694900000,12.928,12.954,12.833,12.909,256480.41,1763695799999,3304512.63754,14745,136228.42,1755668.79758,0
1763695800000,12.908,13.001,12.866,12.982,184935.15,1763696699999,2391756.10821,11376,97535.86,1261497.69221,0
1763696700000,12.983,12.999,12.860,12.860,204760.76,1763697599999,2649362.81142,8071,95992.58,1242341.74043,0
1763697600000,12.859,12.891,12.824,12.846,267811.69,1763698499999,3443316.16005,11678,137772.95,1771501.42710,0
1763698500000,12.846,12.864,12.777,12.844,233656.08,1763699399999,2995494.55630,10828,126748.28,1625231.55658,0
1763699400000,12.844,12.876,12.679,12.846,687225.06,1763700299999,8758290.76179,22457,283592.22,3615943.84138,0
1763700300000,12.847,12.900,12.759,12.860,298252.21,1763701199999,3827754.08582,12935,133839.34,1717913.93272,0
1763701200000,12.860,12.922,12.825,12.878,232633.53,1763702099999,2992122.63002,12207,129153.96,1661174.92050,0
1763702100000,12.878,12.907,12.845,12.855,155828.99,1763702999999,2006611.79958,9304,84438.73,1087292.90058,0
1763703000000,12.856,12.881,12.721,12.754,288461.64,1763703899999,3686314.08774,10826,149425.97,1909590.83568,0
1763703900000,12.755,12.792,12.724,12.781,215749.07,1763704799999,2753262.54041,9884,104227.11,1330114.42796,0
1763704800000,12.781,12.811,12.704,12.795,210979.02,1763705699999,2691714.29940,10858,104286.76,1330640.77166,0
1763705700000,12.794,12.809,12.686,12.689,189974.68,1763706599999,2420740.53783,9134,78762.78,1003801.69076,0
1763706600000,12.688,12.767,12.646,12.751,297661.53,1763707499999,3782642.48751,12303,139191.90,1769122.53755,0
1763707500000,12.750,12.804,12.733,12.759,330438.64,1763708399999,4220914.96427,10145,132655.65,1694625.94245,0
1763708400000,12.760,12.810,12.728,12.751,329231.03,1763709299999,4203070.43656,11063,140245.99,1790684.87815,0
1763709300000,12.751,12.758,12.642,12.649,547283.59,1763710199999,6946678.29484,16456,222531.93,2824688.72877,0
1763710200000,12.650,12.658,11.675,12.325,3776450.77,1763711099999,46134370.06190,94743,1625138.00,19837864.57737,0
1763711100000,12.326,12.362,12.201,12.264,1182680.64,1763711999999,14503544.72548,37013,540904.37,6633326.17016,0
1763712000000,12.265,12.419,12.212,12.357,1069002.93,1763712899999,13154295.70333,34219,455645.28,5609279.18051,0
1763712900000,12.356,12.419,12.325,12.337,404290.49,1763713799999,5000707.83629,20636,201206.84,2489207.25718,0
1763713800000,12.337,12.397,12.260,12.276,362091.96,1763714699999,4457930.69230,15600,162554.48,2000873.02125,0
1763714700000,12.276,12.369,12.256,12.314,260777.15,1763715599999,3208102.33050,13013,138515.81,1703902.60887,0
1763715600000,12.314,12.396,12.314,12.330,272684.17,1763716499999,3369488.43623,12913,130881.71,1617156.25632,0
1763716500000,12.329,12.337,12.161,12.166,502291.86,1763717399999,6143964.57262,16151,214289.11,2621124.41516,0
1763717400000,12.165,12.178,12.013,12.039,656021.38,1763718299999,7929974.78540,23414,265430.46,3208054.18930,0
1763718300000,12.039,12.074,11.977,12.005,516826.71,1763719199999,6213739.48812,17759,222580.92,2676746.53125,0
1763719200000,12.004,12.104,11.918,12.017,788665.24,1763720099999,9469407.37173,31318,396615.15,4761703.02938,0
1763720100000,12.018,12.098,11.959,11.992,415186.38,1763720999999,4993754.57919,18737,194017.29,2333745.11443,0
1763721000000,11.992,12.100,11.988,12.070,417280.31,1763721899999,5032591.88027,16842,231602.11,2793334.82062,0
1763721900000,12.070,12.076,12.003,12.009,264123.50,1763722799999,3179831.76404,10660,135544.24,1631850.86220,0
1763722800000,12.009,12.143,11.985,12.098,478537.70,1763723699999,5775944.20670,17075,244552.95,2951954.72246,0
1763723700000,12.099,12.134,12.051,12.051,248537.83,1763724599999,3004652.86994,10953,118274.90,1429851.82328,0
1763724600000,12.050,12.099,11.945,11.952,371875.94,1763725499999,4462386.35267,12376,176247.50,2115801.34564,0
1763725500000,11.953,11.958,11.847,11.886,474747.66,1763726399999,5647912.13405,14636,212396.17,2527378.95257,0
1763726400000,11.887,11.907,11.812,11.865,485416.14,1763727299999,5757563.29176,16283,238008.21,2822667.53275,0
1763727300000,11.866,11.866,11.602,11.629,1361702.33,1763728199999,15938127.90804,35531,557584.47,6528950.86846,0
1763728200000,11.630,12.087,11.629,12.061,2093766.40,1763729099999,24934368.14000,54312,1118112.09,13322457.90282,0
1763729100000,12.061,12.135,12.011,12.055,759648.28,1763729999999,9179103.65053,27718,399486.36,4826923.33733,0
1763730000000,12.056,12.127,11.987,12.077,661063.18,1763730899999,7967310.59865,20807,334794.15,4036351.53827,0
1763730900000,12.077,12.168,12.006,12.014,801716.75,1763731799999,9683651.59754,20283,449354.82,5429592.05010,0
1763731800000,12.015,12.136,12.001,12.131,422582.38,1763732699999,5099232.80064,11878,201076.23,2427803.73344,0
1763732700000,12.130,12.173,12.068,12.070,649801.46,1763733599999,7880876.25951,14644,359157.77,4356266.32491,0
1763733600000,12.070,12.081,12.008,12.008,435620.93,1763734499999,5248355.66168,11305,237098.53,2856331.03237,0
1763734500000,12.007,12.013,11.963,12.004,294568.52,1763735399999,3532197.16196,10588,139119.34,1668120.33127,0
1763735400000,12.003,12.278,11.985,12.209,1433366.88,1763736299999,17445742.91273,40907,740539.20,9010382.85031,0
1763736300000,12.210,12.313,12.120,12.240,606951.73,1763737199999,7417301.23529,23455,310070.30,3790538.22376,0
1763737200000,12.241,12.275,12.087,12.114,598682.35,1763738099999,7290545.07911,20081,306408.99,3731550.73501,0
1763738100000,12.115,12.145,12.015,12.040,536162.47,1763738999999,6475916.19577,18643,264263.60,3192175.96618,0
1763739000000,12.039,12.075,11.880,11.945,763450.37,1763739899999,9118109.94571,21603,366865.81,4381284.03252,0
1763739900000,11.946,11.985,11.826,11.907,640164.26,1763740799999,7624042.58507,19651,336127.50,4003362.79073,0
1763740800000,11.906,11.930,11.753,11.845,1102449.03,1763741699999,13055284.92680,29123,590987.07,6999053.52288,0
1763741700000,11.845,11.904,11.723,11.883,1057629.00,1763742599999,12490960.53459,30066,568116.53,6709346.80661,0
1763742600000,11.884,12.008,11.815,11.854,977426.79,1763743499999,11642725.87431,26451,486285.41,5794353.11153,0
1763743500000,11.854,12.190,11.811,12.182,949470.67,1763744399999,11423408.28605,27030,503529.26,6054056.49411,0
1763744400000,12.182,12.310,12.141,12.249,955607.65,1763745299999,11695537.91098,28500,516879.40,6326779.46703,0
1763745300000,12.250,12.340,12.216,12.283,689292.20,1763746199999,8462037.78675,23713,316962.19,3890950.55999,0
1763746200000,12.284,12.358,12.242,12.268,467136.45,1763747099999,5748840.02003,15508,225558.61,2776348.46193,0
1763747100000,12.268,12.305,12.176,12.183,487001.23,1763747999999,5958152.10761,13372,216067.81,2643616.86908,0
1763748000000,12.184,12.201,11.964,11.983,830340.51,1763748899999,10025551.03796,21352,412284.61,4975526.94197,0
1763748900000,11.983,12.086,11.938,12.081,698797.57,1763749799999,8388675.77420,21054,379713.25,4557930.10933,0
1763749800000,12.080,12.218,12.060,12.207,394237.58,1763750699999,4791281.56381,14732,208054.08,2528909.80856,0
1763750700000,12.208,12.336,12.191,12.230,489136.90,1763751599999,6000072.35364,17315,260236.92,3192615.11547,0
1763751600000,12.229,12.270,12.177,12.177,305134.37,1763752499999,3731454.16735,13284,128277.11,1568956.26551,0
1763752500000,12.177,12.280,12.164,12.250,206086.95,1763753399999,2518989.17722,9553,100355.49,1226406.12717,0
1763753400000,12.250,12.269,12.115,12.126,264142.70,1763754299999,3221604.82374,10715,129333.82,1577507.69134,0
1763754300000,12.127,12.145,12.065,12.114,229929.44,1763755199999,2783441.23930,7942,106151.21,1285265.70076,0
1763755200000,12.113,12.128,11.998,12.086,325991.90,1763756099999,3934256.25317,10991,153379.81,1851172.00626,0
1763756100000,12.087,12.091,11.925,11.941,372877.51,1763756999999,4469920.85618,12395,192126.77,2303006.01823,0
1763757000000,11.941,12.053,11.930,12.035,551056.26,1763757899999,6603584.15821,17362,258331.59,3096075.19710,0
1763757900000,12.035,12.088,11.981,12.060,685693.73,1763758799999,8260063.81564,18947,351042.12,4228042.10051,0
1763758800000,12.060,12.089,11.972,12.042,435744.59,1763759699999,5241954.57463,13878,201937.70,2428466.16414,0
1763759700000,12.041,12.192,11.994,12.154,421925.24,1763760599999,5107903.83818,13606,219067.71,2652502.15868,0
1763760600000,12.153,12.236,12.103,12.215,352313.67,1763761499999,4287628.45723,12065,153460.52,1867753.74342,0
1763761500000,12.215,12.242,12.134,12.147,241381.28,1763762399999,2944135.58883,9196,126988.69,1549096.00988,0
1763762400000,12.148,12.197,12.140,12.169,190420.74,1763763299999,2316586.59780,7556,97902.80,1190992.70633,0
1763763300000,12.170,12.182,12.016,12.038,250717.26,1763764199999,3030475.21672,8891,111960.23,1352724.92688,0
1763764200000,12.038,12.041,11.933,11.979,300193.35,1763765099999,3595323.73482,10071,167069.13,2000589.37739,0
1763765100000,11.979,12.021,11.833,11.838,325211.35,1763765999999,3872982.92348,13390,155768.59,1855753.71357,0
1763766000000,11.838,11.892,11.786,11.890,445970.21,1763766899999,5279054.71299,16477,215643.30,2553288.75728,0
1763766900000,11.891,12.093,11.891,12.092,316670.12,1763767799999,3799963.38500,13322,176371.47,2116444.75937,0
1763767800000,12.092,12.136,12.068,12.133,219245.47,1763768699999,2653155.35979,9792,98580.75,1193147.77909,0
1763768700000,12.134,12.158,12.101,12.110,230812.21,1763769599999,2800794.69049,8533,108755.77,1319581.54246,0
1763769600000,12.110,12.183,12.098,12.149,282930.09,1763770499999,3432472.33521,10843,137702.42,1670267.73482,0
1763770500000,12.149,12.152,12.034,12.049,257114.23,1763771399999,3108105.44584,9506,112465.47,1359683.45058,0
1763771400000,12.049,12.154,12.049,12.151,205927.48,1763772299999,2491569.82925,8204,90230.34,1091972.14172,0
1763772300000,12.150,12.173,12.107,12.159,580661.08,1763773199999,7048199.46683,13150,258817.37,3142244.24426,0
1763773200000,12.160,12.209,12.097,12.139,250261.39,1763774099999,3040931.36885,9842,118753.08,1442995.34518,0
1763774100000,12.138,12.177,12.110,12.164,113683.91,1763774999999,1380653.23073,6970,51129.29,620903.17641,0
1763775000000,12.164,12.232,12.161,12.167,128331.79,1763775899999,1565433.94583,7783,63780.39,777982.12930,0
1763775900000,12.167,12.238,12.167,12.223,113559.82,1763776799999,1387249.52617,6296,62451.95,762843.80479,0
1763776800000,12.224,12.240,12.119,12.129,177894.22,1763777699999,2166243.10536,8123,90664.75,1104151.72580,0
1763777700000,12.128,12.154,12.094,12.127,129363.63,1763778599999,1567579.79570,5724,54113.39,655637.90080,0
1763778600000,12.127,12.130,12.033,12.040,193993.91,1763779499999,2341723.11974,6595,78272.29,944873.55693,0
1763779500000,12.041,12.096,12.024,12.087,139518.29,1763780399999,1682419.00999,5707,72706.57,876803.08194,0
1763780400000,12.087,12.143,12.067,12.137,198280.14,1763781299999,2400264.92645,8251,112367.24,1360377.09593,0
1763781300000,12.136,12.155,12.065,12.088,144390.86,1763782199999,1748777.84381,6280,62438.84,756268.51395,0
1763782200000,12.088,12.116,12.037,12.103,144076.33,1763783099999,1741108.30006,5640,64829.15,783415.07495,0
1763783100000,12.104,12.117,12.055,12.105,106408.38,1763783999999,1286727.16434,5021,48959.85,591924.41925,0
1763784000000,12.105,12.111,11.942,11.963,290194.10,1763784899999,3487499.07287,10299,134519.57,1616970.17557,0
1763784900000,11.964,11.988,11.895,11.941,233182.02,1763785799999,2783947.03613,9964,124714.42,1489044.64840,0
1763785800000,11.940,11.973,11.868,11.891,189298.33,1763786699999,2254894.10712,9444,96576.24,1150117.22868,0
1763786700000,11.891,12.033,11.885,12.026,175363.06,1763787599999,2097792.67369,9307,97846.92,1169970.13658,0
1763787600000,12.027,12.050,11.966,11.967,137132.97,1763788499999,1646817.12348,8539,65238.08,783539.88055,0
1763788500000,11.967,11.968,11.875,11.933,164311.66,1763789399999,1956740.67714,8015,90878.00,1082314.06732,0
1763789400000,11.932,11.939,11.831,11.861,193664.25,1763790299999,2299309.59572,9390,87328.84,1036670.12987,0
1763790300000,11.860,11.939,11.836,11.910,216312.62,1763791199999,2569879.15894,8422,117329.09,1393804.72817,0
1763791200000,11.910,11.943,11.842,11.919,308931.39,1763792099999,3673614.65817,10503,175580.87,2087636.43169,0
1763792100000,11.920,12.017,11.889,11.960,227046.45,1763792999999,2717377.73840,9367,97881.77,1171303.28677,0
1763793000000,11.961,12.028,11.906,11.926,646404.00,1763793899999,7734208.48245,14392,288707.12,3451043.38629,0
1763793900000,11.926,12.010,11.913,11.997,282355.85,1763794799999,3380328.36665,8384,126674.32,1516287.83204,0
1763794800000,11.997,12.006,11.961,11.996,160358.50,1763795699999,1921669.48091,8215,92837.27,1112452.39597,0
1763795700000,11.997,12.044,11.958,11.983,216508.67,1763796599999,2598025.71164,8016,98602.50,1182478.70385,0
1763796600000,11.983,12.028,11.955,12.002,145550.08,1763797499999,1746024.60010,6533,88227.79,1058202.54955,0
1763797500000,12.001,12.028,11.981,11.991,115979.48,1763798399999,1391759.06575,5761,58836.02,705932.61571,0
1763798400000,11.991,11.993,11.938,11.972,140356.01,1763799299999,1678801.55333,6461,81675.30,976874.46708,0
1763799300000,11.972,11.973,11.842,11.847,240970.38,1763800199999,2863762.55017,8443,112871.54,1340728.81317,0
1763800200000,11.846,11.854,11.746,11.797,525203.08,1763801099999,6192070.08985,15000,296509.90,3495449.47399,0
1763801100000,11.797,11.839,11.771,11.786,252355.22,1763801999999,2979183.79156,8636,145455.86,1717291.47343,0
1763802000000,11.787,11.883,11.786,11.860,220417.01,1763802899999,2609439.83300,7518,117235.75,1387872.21235,0
1763802900000,11.860,11.872,11.764,11.805,185333.52,1763803799999,2187014.82292,6257,95501.85,1126914.68380,0
1763803800000,11.805,11.945,11.786,11.894,325093.84,1763804699999,3864434.60132,10239,158144.97,1879625.42831,0
1763804700000,11.894,11.928,11.843,11.861,329335.56,1763805599999,3911666.55724,8401,137035.24,1628112.18000,0
1763805600000,11.860,11.931,11.856,11.911,126237.93,1763806499999,1502049.09909,6070,68892.06,819606.16890,0
1763806500000,11.911,11.914,11.775,11.802,188330.20,1763807399999,2227161.69473,7882,80893.59,956604.13990,0
1763807400000,11.802,11.830,11.780,11.806,176990.78,1763808299999,2089198.93836,6530,83469.15,985204.82609,0
1763808300000,11.807,11.854,11.774,11.843,150991.70,1763809199999,1784279.55896,5708,88008.23,1040042.57549,0
1763809200000,11.844,11.959,11.802,11.954,215669.19,1763810099999,2564369.91750,7987,116349.20,1383161.12069,0
1763810100000,11.954,12.019,11.903,11.978,259146.19,1763810999999,3098619.27777,8493,126664.59,1515865.15518,0
1763811000000,11.979,11.986,11.934,11.984,209930.47,1763811899999,2510781.15835,8557,103130.57,1233480.68434,0
1763811900000,11.985,11.999,11.954,11.960,157146.11,1763812799999,1882686.41400,5240,86586.77,1037450.65480,0
1763812800000,11.959,11.961,11.809,11.846,298813.24,1763813699999,3547905.77288,9223,140515.85,1667035.41997,0
1763813700000,11.847,11.868,11.813,11.826,161593.74,1763814599999,1914903.69413,6170,85641.34,1014782.69296,0
1763814600000,11.825,11.863,11.806,11.817,123513.80,1763815499999,1461988.19495,5423,78576.04,930146.18661,0
1763815500000,11.816,11.864,11.786,11.835,186215.37,1763816399999,2203287.08284,6123,111266.75,1316637.56653,0
1763816400000,11.835,11.902,11.767,11.867,293638.38,1763817299999,3476607.53950,9709,154046.51,1824248.69422,0
1763817300000,11.868,11.875,11.779,11.799,140111.37,1763818199999,1656396.39152,6664,74500.47,880374.89707,0
1763818200000,11.799,11.830,11.731,11.799,338344.56,1763819099999,3981568.23823,10172,144674.55,1703230.03134,0
1763819100000,11.800,11.851,11.765,11.783,173182.99,1763819999999,2044345.76946,7462,69896.61,824964.57512,0
1763820000000,11.782,11.925,11.776,11.924,274135.03,1763820899999,3254310.19454,10786,129660.06,1539235.78178,0
1763820900000,11.923,11.997,11.879,11.943,301243.33,1763821799999,3595705.07326,12857,132691.83,1583526.30496,0
1763821800000,11.944,11.980,11.914,11.914,187561.11,1763822699999,2238925.60749,8118,77616.27,926463.43915,0
1763822700000,11.914,11.988,11.880,11.958,194139.34,1763823599999,2318770.95511,8276,85055.38,1016083.42967,0
1763823600000,11.957,11.987,11.912,11.940,182547.98,1763824499999,2180659.31214,9142,86562.24,1034062.06073,0
1763824500000,11.940,12.005,11.936,11.965,168982.37,1763825399999,2022762.23117,7838,80054.10,958111.57774,0
1763825400000,11.965,11.984,11.866,11.880,195089.26,1763826299999,2326306.58862,8198,90260.55,1076187.54223,0
1763826300000,11.880,11.930,11.842,11.915,250501.66,1763827199999,2978127.92991,7980,118398.75,1407522.62829,0
1763827200000,11.914,12.023,11.906,12.009,208267.81,1763828099999,2490726.09480,8578,106236.24,1270968.61755,0
1763828100000,12.010,12.037,11.974,12.009,211797.02,1763828999999,2542889.68217,8391,118938.72,1427905.36508,0
1763829000000,12.009,12.084,11.994,12.082,140048.81,1763829899999,1685649.87819,6605,87666.73,1055428.64077,0
1763829900000,12.083,12.095,12.040,12.075,139840.12,1763830799999,1687410.21450,6498,71092.38,857893.47988,0
1763830800000,12.076,12.078,11.998,12.025,146467.38,1763831699999,1762518.33176,6288,64004.10,770233.91579,0
1763831700000,12.024,12.056,12.004,12.051,82772.86,1763832599999,995645.41551,4518,44341.99,533342.94854,0
1763832600000,12.051,12.058,11.981,11.988,95917.94,1763833499999,1152215.22519,4715,38804.82,466134.18731,0
1763833500000,11.987,11.995,11.957,11.974,98473.14,1763834399999,1179271.75100,4969,37022.53,443435.35187,0
1763834400000,11.975,11.999,11.951,11.983,99871.41,1763835299999,1195628.19131,5756,56923.79,681565.26069,0
1763835300000,11.984,11.988,11.943,11.959,94873.60,1763836199999,1134823.28475,4487,37805.94,452321.84940,0
1763836200000,11.960,11.965,11.905,11.939,127248.57,1763837099999,1517944.38121,5281,60287.40,719237.15006,0
1763837100000,11.939,11.970,11.923,11.952,72050.57,1763837999999,861096.41329,3625,32375.70,386921.66503,0
1763838000000,11.952,12.004,11.942,11.985,139695.97,1763838899999,1673060.87105,4896,78536.55,940734.47222,0
1763838900000,11.986,12.016,11.934,11.945,79860.83,1763839799999,956897.80271,4188,38829.27,465480.17107,0
1763839800000,11.945,11.969,11.920,11.938,77959.01,1763840699999,930880.34848,3842,35278.02,421271.07760,0
1763840700000,11.938,12.035,11.930,11.994,167665.72,1763841599999,2012273.17585,6097,99022.56,1188363.16433,0
1763841600000,11.993,12.076,11.992,12.072,227879.35,1763842499999,2744069.54570,8382,141387.44,1702594.91468,0
1763842500000,12.072,12.095,12.037,12.078,99322.61,1763843399999,1198458.26647,5455,50476.55,609230.91392,0
1763843400000,12.078,12.078,11.950,11.957,102388.04,1763844299999,1229210.31366,6467,42951.98,515584.69347,0
1763844300000,11.957,11.994,11.933,11.988,147541.41,1763845199999,1765518.62759,6045,91753.70,1097846.22745,0
1763845200000,11.989,12.022,11.959,11.989,119316.53,1763846099999,1430965.08641,5875,54654.89,655515.51223,0
1763846100000,11.989,12.043,11.987,12.035,78722.39,1763846999999,945687.24961,4427,40650.92,488413.07351,0
1763847000000,12.036,12.058,12.009,12.047,89852.22,1763847899999,1081944.11345,4471,55715.73,670985.70806,0
1763847900000,12.048,12.066,12.017,12.048,47446.54,1763848799999,571433.83369,3235,23834.28,287018.19987,0
1763848800000,12.049,12.097,12.001,12.097,109732.05,1763849699999,1322862.57423,4448,61715.85,744213.11877,0
1763849700000,12.096,12.136,12.063,12.078,114890.19,1763850599999,1390353.04283,4678,66171.55,801023.84470,0
1763850600000,12.078,12.120,12.067,12.103,67495.09,1763851499999,816350.16479,3066,34321.36,415124.63360,0
1763851500000,12.104,12.299,12.103,12.240,237154.17,1763852399999,2901960.22056,10213,136739.67,1672159.71401,0
1763852400000,12.240,12.249,12.147,12.196,172154.22,1763853299999,2098599.82092,8412,96785.07,1179794.17998,0
1763853300000,12.195,12.199,12.102,12.154,114505.09,1763854199999,1390452.36926,5536,51599.47,626554.49060,0
1763854200000,12.154,12.203,12.122,12.150,78377.25,1763855099999,953614.40910,4732,35823.27,435884.42247,0
1763855100000,12.151,12.176,12.141,12.166,58488.11,1763855999999,711264.00080,3743,26844.64,326466.00996,0
1763856000000,12.166,12.207,12.161,12.187,97702.19,1763856899999,1190310.86836,5934,51485.75,627233.70549,0
1763856900000,12.187,12.236,12.178,12.181,133249.39,1763857799999,1626732.98225,6334,62904.23,767805.52960,0
1763857800000,12.182,12.195,12.115,12.146,120607.78,1763858699999,1464871.92930,6545,57791.80,701933.78208,0
1763858700000,12.146,12.161,12.105,12.136,80438.09,1763859599999,975698.94127,4427,37307.33,452544.14525,0
1763859600000,12.136,12.222,12.128,12.219,83495.85,1763860499999,1017098.07983,5110,48318.47,588673.70128,0
1763860500000,12.219,12.269,12.199,12.238,96594.10,1763861399999,1181401.32398,5857,46593.74,569820.41329,0
1763861400000,12.238,12.341,12.221,12.322,185339.16,1763862299999,2277939.55110,8351,113369.70,1393505.07949,0
1763862300000,12.322,12.348,12.274,12.304,158073.19,1763863199999,1945041.23566,7426,80534.03,990977.40594,0
1763863200000,12.305,12.370,12.272,12.304,205186.08,1763864099999,2527883.23906,9439,110106.75,1356434.21784,0
1763864100000,12.304,12.398,12.287,12.376,171099.74,1763864999999,2111824.43301,7339,102054.73,1259370.80280,0
1763865000000,12.376,12.458,12.363,12.411,253398.76,1763865899999,3145198.02587,10126,135796.27,1685856.87963,0
1763865900000,12.411,12.464,12.391,12.423,195223.43,1763866799999,2425765.33268,7176,104030.80,1292725.27887,0
1763866800000,12.423,12.464,12.380,12.387,148704.92,1763867699999,1845945.67801,6612,71006.50,881692.09245,0
1763867700000,12.386,12.414,12.358,12.396,131023.77,1763868599999,1622625.14697,6300,63225.24,783193.10090,0
1763868600000,12.395,12.454,12.373,12.454,102236.45,1763869499999,1268984.36454,5471,55493.39,688830.59748,0
1763869500000,12.453,12.462,12.415,12.455,101977.71,1763870399999,1268372.62553,4851,46308.62,576025.45847,0
1763870400000,12.455,12.524,12.451,12.506,227055.57,1763871299999,2835319.31123,8118,119339.31,1490049.89712,0
1763871300000,12.506,12.596,12.496,12.502,352998.02,1763872199999,4427958.06013,11530,150191.51,1884401.62791,0
1763872200000,12.503,12.524,12.477,12.486,154225.05,1763873099999,1927281.22525,6932,78257.86,977903.42952,0
1763873100000,12.485,12.537,12.478,12.510,165026.65,1763873999999,2064827.74426,6873,95490.71,1194745.56510,0
1763874000000,12.510,12.530,12.476,12.517,103941.98,1763874899999,1299385.98499,5176,53743.07,671854.65282,0
1763874900000,12.517,12.536,12.467,12.471,82050.05,1763875799999,1025338.26412,4548,32283.05,403430.50627,0
1763875800000,12.470,12.493,12.441,12.459,120466.29,1763876699999,1501724.37294,5830,45573.72,568205.04447,0
1763876700000,12.459,12.526,12.459,12.509,118146.00,1763877599999,1476957.14048,4575,73642.21,920549.97048,0
1763877600000,12.510,12.540,12.493,12.498,74605.29,1763878499999,933851.96969,4292,39246.15,491311.22402,0
1763878500000,12.497,12.509,12.453,12.467,85254.77,1763879399999,1063639.62482,4688,38194.66,476506.89139,0
1763879400000,12.467,12.471,12.415,12.436,213495.46,1763880299999,2656856.36275,7572,108362.12,1348742.49832,0
1763880300000,12.437,12.445,12.394,12.413,93517.64,1763881199999,1160760.61544,4510,40928.85,508039.43035,0
1763881200000,12.413,12.432,12.353,12.395,191417.51,1763882099999,2370516.80699,6637,69475.59,860084.60287,0
1763882100000,12.396,12.402,12.292,12.308,256987.91,1763882999999,3169534.58949,8336,98938.98,1220338.38797,0
1763883000000,12.307,12.360,12.296,12.347,163427.57,1763883899999,2012775.85758,5677,84915.77,1045680.27264,0
1763883900000,12.347,12.370,12.336,12.356,85488.16,1763884799999,1056194.00217,3490,47026.97,581085.45390,0
1763884800000,12.356,12.433,12.356,12.407,144954.51,1763885699999,1797079.13721,5602,81030.89,1004543.88400,0
1763885700000,12.407,12.432,12.383,12.419,85475.13,1763886599999,1061127.70295,3973,42752.26,530714.53633,0
1763886600000,12.419,12.570,12.395,12.414,874836.24,1763887499999,10896292.22124,19621,482348.40,6007610.81748,0
1763887500000,12.414,12.523,12.408,12.457,639564.46,1763888399999,7967005.24916,13045,320762.65,3996276.61775,0
1763888400000,12.457,12.489,12.445,12.488,107986.71,1763889299999,1346100.08565,4940,50291.45,626960.64854,0
1763889300000,12.487,12.520,12.481,12.509,136451.76,1763890199999,1705732.74785,4903,76474.29,956001.64574,0
1763890200000,12.508,12.581,12.495,12.568,221876.63,1763891099999,2782053.91344,6760,134605.90,1688187.06635,0
1763891100000,12.567,12.580,12.543,12.546,126530.50,1763891999999,1589355.99458,4800,71798.55,901959.17162,0
1763892000000,12.546,12.578,12.510,12.515,150968.16,1763892899999,1892809.98931,6611,76691.81,961603.19587,0
1763892900000,12.515,12.602,12.475,12.503,565228.54,1763893799999,7078225.25127,12958,263271.52,3297402.91909,0
1763893800000,12.502,12.517,12.478,12.506,127085.67,1763894699999,1588047.04666,5344,56239.87,702771.63479,0
1763894700000,12.506,12.528,12.491,12.495,68745.09,1763895599999,859885.35233,3957,26483.69,331267.76335,0
1763895600000,12.496,12.501,12.443,12.460,148024.04,1763896499999,1845417.10314,5640,65709.50,819139.02519,0
1763896500000,12.459,12.507,12.428,12.480,135171.00,1763897399999,1684905.55107,5188,76799.10,957580.57970,0
1763897400000,12.479,12.521,12.473,12.515,91159.25,1763898299999,1139567.82336,4608,46632.00,582923.48428,0
1763898300000,12.515,12.535,12.484,12.512,105470.42,1763899199999,1319320.01142,4516,44001.65,550520.28330,0
1763899200000,12.511,12.566,12.497,12.561,198583.86,1763900099999,2489770.26918,6953,98370.66,1233356.72400,0
1763900100000,12.562,12.643,12.543,12.636,389876.28,1763900999999,4912729.26476,10940,213377.55,2689261.01819,0
1763901000000,12.637,12.652,12.575,12.611,215341.63,1763901899999,2717055.89444,8930,92052.75,1161763.76851,0
1763901900000,12.612,12.622,12.590,12.617,94840.56,1763902799999,1195591.20248,5379,44994.30,567201.99426,0
1763902800000,12.617,12.634,12.552,12.563,130879.94,1763903699999,1649230.07125,6120,42491.26,535468.42292,0
1763903700000,12.563,12.591,12.553,12.588,103724.28,1763904599999,1304110.00413,4555,49056.95,616757.82195,0
1763904600000,12.588,12.623,12.552,12.614,78899.64,1763905499999,993474.94946,4705,41008.92,516406.02461,0
1763905500000,12.615,12.655,12.604,12.651,102625.52,1763906399999,1296344.03675,5111,47674.48,602339.36454,0
1763906400000,12.651,12.710,12.575,12.580,335782.84,1763907299999,4247736.04322,11684,159482.70,2018137.14146,0
1763907300000,12.580,12.592,12.533,12.559,161917.90,1763908199999,2033664.57646,6357,74442.56,935169.47033,0
1763908200000,12.558,12.598,12.542,12.556,115910.87,1763909099999,1456289.58329,6151,65875.77,827645.73339,0
1763909100000,12.556,12.579,12.485,12.498,212524.36,1763909999999,2660421.06192,7362,77480.27,970120.89669,0
1763910000000,12.498,12.555,12.486,12.535,200600.69,1763910899999,2511522.50349,7084,115562.27,1446883.33803,0
1763910900000,12.534,12.583,12.527,12.566,121271.72,1763911799999,1522496.62492,5141,61665.32,774124.50050,0
1763911800000,12.566,12.686,12.548,12.682,369631.25,1763912699999,4672682.70258,9526,172179.76,2175076.86176,0
1763912700000,12.682,12.724,12.641,12.674,320783.52,1763913599999,4066611.40327,8283,143665.14,1821643.92197,0
1763913600000,12.674,12.742,12.611,12.615,392190.16,1763914499999,4965826.73169,11153,153492.21,1945040.45841,0
1763914500000,12.616,12.644,12.592,12.602,165475.99,1763915399999,2087401.28768,5940,81787.48,1031736.94379,0
1763915400000,12.601,12.686,12.582,12.665,298941.20,1763916299999,3783895.58431,7175,93919.68,1188202.49332,0
1763916300000,12.664,12.664,12.515,12.526,178426.63,1763917199999,2245223.97125,6661,71451.68,899697.29211,0
1763917200000,12.527,12.547,12.483,12.503,253290.92,1763918099999,3169905.35929,8953,120775.23,1511586.88144,0
1763918100000,12.503,12.537,12.450,12.532,271153.09,1763918999999,3384360.98478,8304,143011.59,1785600.25273,0
1763919000000,12.532,12.562,12.486,12.541,160171.97,1763919899999,2006023.41538,6112,78701.27,985923.27491,0
1763919900000,12.541,12.542,12.444,12.478,134604.28,1763920799999,1680019.95334,5611,48134.10,600637.65565,0
1763920800000,12.479,12.528,12.477,12.516,87096.09,1763921699999,1088850.17936,4585,45470.48,568358.68706,0
1763921700000,12.515,12.574,12.511,12.534,120702.24,1763922599999,1513989.71767,6074,55439.83,695513.65812,0
1763922600000,12.534,12.627,12.526,12.601,97426.56,1763923499999,1225440.77621,5060,49027.83,616563.40874,0
1763923500000,12.601,12.601,12.530,12.552,107297.93,1763924399999,1346694.61849,4708,28808.15,361531.51412,0
1763924400000,12.553,12.609,12.537,12.598,108803.10,1763925299999,1368308.45887,5499,62967.94,791912.24175,0
1763925300000,12.599,12.658,12.599,12.623,107106.66,1763926199999,1353222.49050,5000,55805.76,705093.94376,0
1763926200000,12.623,12.700,12.621,12.675,132275.73,1763927099999,1676835.29124,6582,65331.06,828106.92181,0
1763927100000,12.676,12.685,12.620,12.628,93182.20,1763927999999,1179826.71448,5125,34564.75,437770.77687,0
1763928000000,12.627,12.677,12.621,12.660,91122.39,1763928899999,1152243.47743,5722,47225.06,597143.51629,0
1763928900000,12.660,12.690,12.639,12.660,110186.75,1763929799999,1395445.71041,5501,55806.56,706746.97356,0
1763929800000,12.660,12.671,12.617,12.656,92505.51,1763930699999,1169776.15186,4786,35438.45,447930.89214,0
1763930700000,12.656,12.687,12.640,12.660,59952.94,1763931599999,759131.28250,3501,27554.04,348896.81148,0
1763931600000,12.661,12.665,12.586,12.611,106820.17,1763932499999,1348108.14706,5445,48347.91,610181.39659,0
1763932500000,12.611,12.700,12.607,12.694,84184.98,1763933399999,1065536.68082,4290,40595.25,513920.79453,0
1763933400000,12.695,12.701,12.639,12.643,93292.77,1763934299999,1181404.77057,5229,32201.57,407709.61061,0
1763934300000,12.643,12.734,12.634,12.717,84570.98,1763935199999,1074351.56123,4494,48552.09,616908.66943,0
1763935200000,12.717,12.741,12.657,12.704,165903.10,1763936099999,2106308.49445,6778,68106.43,864622.14307,0
1763936100000,12.705,12.732,12.663,12.716,113448.64,1763936999999,1440061.95717,5377,60364.89,766250.21690,0
1763937000000,12.715,12.716,12.669,12.678,79852.93,1763937899999,1013374.78873,3555,36802.72,467050.82700,0
1763937900000,12.677,12.708,12.670,12.695,48024.06,1763938799999,609433.79709,3386,20260.00,257058.47124,0
1763938800000,12.696,12.722,12.585,12.588,157852.13,1763939699999,1993439.60090,9214,65801.55,830909.22884,0
1763939700000,12.588,12.600,12.495,12.545,233039.34,1763940599999,2921696.94332,9701,107555.06,1348341.38532,0
1763940600000,12.545,12.550,12.495,12.513,114710.52,1763941499999,1435681.70234,6134,48693.63,609527.26237,0
1763941500000,12.512,12.532,12.481,12.511,111872.90,1763942399999,1399052.30238,5658,51552.35,644750.20604,0
1763942400000,12.512,12.514,12.391,12.413,255878.96,1763943299999,3182020.74490,10189,101133.21,1257236.45621,0
1763943300000,12.413,12.475,12.347,12.460,308618.51,1763944199999,3826713.44126,10331,154944.85,1922202.46085,0
1763944200000,12.459,12.529,12.407,12.479,189920.42,1763945099999,2369366.15327,8567,88488.16,1104353.72614,0
1763945100000,12.479,12.556,12.428,12.463,151867.12,1763945999999,1896843.08457,7583,76184.45,951750.62750,0
1763946000000,12.462,12.502,12.431,12.449,137078.35,1763946899999,1708359.15868,7561,72357.86,901765.16255,0
1763946900000,12.448,12.488,12.408,12.470,114908.73,1763947799999,1430589.67850,6766,57592.84,716908.94543,0
1763947800000,12.469,12.474,12.385,12.407,154373.13,1763948699999,1917570.33683,8256,55524.34,689943.27845,0
1763948700000,12.406,12.554,12.381,12.546,235032.93,1763949599999,2934595.85284,9378,107261.55,1338979.92129,0
1763949600000,12.547,12.796,12.531,12.789,577403.77,1763950499999,7335909.90910,22781,333267.63,4231913.75597,0
1763950500000,12.789,12.836,12.741,12.743,291967.55,1763951399999,3735693.92669,14153,156337.98,2000379.51956,0
1763951400000,12.744,12.779,12.627,12.646,426152.69,1763952299999,5403650.94335,13192,214925.69,2724444.88771,0
1763952300000,12.647,12.682,12.607,12.681,167439.03,1763953199999,2117088.48808,8051,80690.47,1020349.58744,0
1763953200000,12.680,12.699,12.616,12.649,176830.02,1763954099999,2237399.46975,7683,81890.96,1036271.48164,0
1763954100000,12.650,12.794,12.632,12.734,182103.61,1763954999999,2317166.15986,8459,99412.75,1264568.74689,0
1763955000000,12.734,12.752,12.677,12.706,203675.42,1763955899999,2588507.82867,8245,96925.81,1231746.60513,0
1763955900000,12.706,12.726,12.647,12.678,107043.08,1763956799999,1357211.66683,5538,50166.30,636073.76523,0
1763956800000,12.678,12.744,12.657,12.682,107989.09,1763957699999,1371473.91237,6752,47300.11,600755.54069,0
1763957700000,12.681,12.681,12.466,12.504,351692.14,1763958599999,4411890.81167,13902,166336.83,2084994.97063,0
1763958600000,12.504,12.599,12.498,12.588,263808.12,1763959499999,3312813.25644,11640,151426.95,1901573.53590,0
1763959500000,12.589,12.602,12.530,12.537,87372.18,1763960399999,1097478.31224,4864,34933.57,438777.00560,0
1763960400000,12.537,12.786,12.520,12.769,372394.60,1763961299999,4718770.65561,14324,189081.80,2397654.56651,0
1763961300000,12.770,12.852,12.744,12.810,314328.50,1763962199999,4024161.10328,13981,171773.47,2199733.03205,0
1763962200000,12.809,12.812,12.720,12.737,111079.71,1763963099999,1416297.10824,7119,50567.53,644556.60570,0
1763963100000,12.737,12.751,12.691,12.714,153460.36,1763963999999,1951041.06494,7042,74670.32,949411.84983,0
1763964000000,12.714,12.724,12.557,12.584,289058.66,1763964899999,3645148.63353,11275,133955.25,1689189.00987,0
1763964900000,12.585,12.662,12.585,12.654,165780.17,1763965799999,2092730.35725,7779,89309.49,1127460.88752,0
1763965800000,12.653,12.657,12.596,12.606,235812.66,1763966699999,2977835.02491,9153,118178.01,1492476.86182,0
1763966700000,12.606,12.633,12.559,12.631,141462.78,1763967599999,1782322.38494,6819,72876.41,918304.71333,0
1763967600000,12.631,12.631,12.554,12.581,123172.95,1763968499999,1549563.78022,6642,59471.54,748125.21765,0
1763968500000,12.581,12.608,12.533,12.566,162286.57,1763969399999,2038955.88523,6721,74839.55,940753.36242,0
1763969400000,12.565,12.646,12.551,12.631,134421.82,1763970299999,1693975.61022,6239,68637.73,864652.71847,0
1763970300000,12.631,12.643,12.569,12.572,116503.68,1763971199999,1468365.73584,5466,48270.28,608328.35598,0
1763971200000,12.572,12.587,12.531,12.584,172554.07,1763972099999,2167136.24444,8569,85163.15,1069745.89945,0
1763972100000,12.583,12.617,12.549,12.565,101226.94,1763972999999,1274061.12118,6766,44277.59,557173.32605,0
1763973000000,12.564,12.581,12.535,12.570,75117.26,1763973899999,943446.43455,5133,33139.77,416249.13004,0
1763973900000,12.569,12.625,12.535,12.610,86165.03,1763974799999,1084215.44209,5538,44728.00,562778.48730,0
1763974800000,12.610,12.643,12.509,12.517,231221.51,1763975699999,2906767.84766,9870,102668.66,1291334.85006,0
1763975700000,12.516,12.517,12.350,12.376,532714.82,1763976599999,6613049.89828,15684,211473.78,2622972.93242,0
1763976600000,12.375,12.455,12.363,12.393,258864.03,1763977499999,3210018.96036,10170,135100.79,1675363.52771,0
1763977500000,12.393,12.419,12.377,12.399,211102.74,1763978399999,2617372.36215,6977,123132.04,1526555.98191,0
1763978400000,12.399,12.494,12.386,12.407,355410.21,1763979299999,4424248.26784,10278,147969.62,1841929.78850,0
1763979300000,12.407,12.436,12.396,12.423,214487.53,1763980199999,2662679.90036,6673,147854.29,1835317.15683,0
1763980200000,12.422,12.441,12.371,12.405,125797.17,1763981099999,1560612.75544,6242,68748.40,852798.11787,0
1763981100000,12.404,12.447,12.389,12.433,93452.41,1763981999999,1160297.01883,4112,54589.93,677820.91466,0
1763982000000,12.433,12.439,12.364,12.408,156409.01,1763982899999,1939616.42959,5151,72865.37,903858.37826,0
1763982900000,12.407,12.421,12.392,12.414,71912.44,1763983799999,892229.04125,3349,37721.25,468014.22235,0
1763983800000,12.414,12.494,12.414,12.486,125923.97,1763984699999,1568859.43710,5582,64704.46,806068.37071,0
1763984700000,12.487,12.509,12.461,12.491,110433.55,1763985599999,1378715.58177,4152,56282.81,702704.78313,0
1763985600000,12.491,12.495,12.419,12.439,170928.60,1763986499999,2128539.02355,6324,79038.13,984249.11422,0
1763986500000,12.438,12.487,12.432,12.485,85348.46,1763987399999,1063619.58074,4192,43784.32,545585.42398,0
1763987400000,12.485,12.528,12.448,12.455,158530.60,1763988299999,1979243.24349,6732,74119.31,925194.94368,0
1763988300000,12.455,12.493,12.421,12.467,111094.04,1763989199999,1383974.65192,4957,52243.23,650837.09033,0
1763989200000,12.467,12.590,12.447,12.541,292093.43,1763990099999,3662511.09917,10436,134573.00,1686971.01638,0
1763990100000,12.540,12.555,12.505,12.550,87340.77,1763990999999,1094630.27338,4989,43453.66,544605.37345,0
1763991000000,12.549,12.579,12.511,12.567,149339.94,1763991899999,1874310.12499,6633,84970.97,1066485.66583,0
1763991900000,12.567,12.569,12.459,12.462,137765.08,1763992799999,1723231.29213,5967,50738.23,634805.74313,0
1763992800000,12.462,12.462,12.407,12.437,157583.08,1763993699999,1959534.96916,7155,71598.88,890369.13781,0
1763993700000,12.436,12.448,12.386,12.387,129971.02,1763994599999,1614334.79760,4657,61996.49,770156.33854,0
1763994600000,12.386,12.638,12.367,12.384,910732.92,1763995499999,11388371.65112,33072,452843.52,5663175.70947,0
1763995500000,12.384,12.527,12.295,12.527,598261.45,1763996399999,7418455.08413,24798,289295.79,3589455.10609,0
1763996400000,12.528,12.602,12.493,12.551,504398.48,1763997299999,6331444.83739,21919,258156.60,3240747.64406,0
1763997300000,12.550,12.577,12.464,12.506,263468.67,1763998199999,3297234.44115,14396,135809.68,1699615.30448,0
1763998200000,12.506,12.648,12.476,12.625,250673.04,1763999099999,3155605.78302,11526,129990.96,1636238.55982,0
1763999100000,12.626,12.690,12.585,12.616,222898.34,1763999999999,2818599.53958,9571,115483.87,1460427.77434,0
1764000000000,12.616,12.717,12.599,12.615,281875.13,1764000899999,3567308.17467,12124,144896.80,1833137.17915,0
1764000900000,12.616,12.711,12.612,12.663,215170.55,1764001799999,2725977.64271,9324,111023.16,1406529.52531,0
1764001800000,12.663,12.735,12.636,12.725,152441.27,1764002699999,1933504.04335,8283,75020.77,951726.65645,0
1764002700000,12.725,12.766,12.659,12.670,193356.74,1764003599999,2456476.93153,9284,93651.94,1190008.72044,0
1764003600000,12.669,12.725,12.667,12.705,160348.30,1764004499999,2035767.63521,7854,87762.68,1114224.85702,0
1764004500000,12.705,12.983,12.696,12.964,571797.45,1764005399999,7350010.52294,19803,326362.75,4195563.29414,0
1764005400000,12.965,13.053,12.952,13.002,666010.01,1764006299999,8656239.68701,22604,309551.84,4023476.31929,0
1764006300000,13.002,13.150,12.986,13.127,527234.78,1764007199999,6883494.09025,17560,300061.28,3918528.62858,0
1764007200000,13.127,13.198,13.105,13.150,452870.36,1764008099999,5953173.31572,19458,235388.78,3094709.56881,0
1764008100000,13.151,13.196,13.104,13.108,261108.65,1764008999999,3433511.79059,10219,140739.43,1850776.79242,0
1764009000000,13.109,13.114,13.054,13.085,324766.67,1764009899999,4249614.39992,11110,138494.16,1812235.97526,0
1764009900000,13.085,13.121,13.032,13.055,297235.19,1764010799999,3885266.96077,9728,166921.24,2181870.06789,0
1764010800000,13.055,13.164,13.046,13.105,496679.43,1764011699999,6512096.17992,13202,248341.26,3255228.88801,0
1764011700000,13.105,13.122,13.037,13.058,286657.64,1764012599999,3746656.23993,10210,140640.96,1838102.02819,0
1764012600000,13.057,13.078,12.987,13.012,231899.30,1764013499999,3021813.05283,9060,117207.46,1527288.99602,0
1764013500000,13.011,13.019,12.953,12.992,202525.93,1764014399999,2629821.40733,8528,100900.80,1310175.24881,0
1764014400000,12.992,13.122,12.964,13.075,284931.02,1764015299999,3715048.98612,11657,157233.77,2048810.96728,0
1764015300000,13.075,13.113,13.054,13.103,144071.18,1764016199999,1884910.07199,7755,80477.47,1052896.31313,0
1764016200000,13.104,13.148,13.080,13.120,182113.23,1764017099999,2388687.33685,7812,101089.17,1325878.27802,0
1764017100000,13.121,13.154,13.102,13.106,128335.37,1764017999999,1684552.20276,6980,66942.29,878783.84344,0
1764018000000,13.106,13.110,13.051,13.090,141412.71,1764018899999,1849728.00816,6955,59453.32,777690.92368,0
1764018900000,13.090,13.099,13.056,13.073,92968.72,1764019799999,1215429.33844,3964,42856.48,560235.99918,0
1764019800000,13.074,13.096,12.995,12.995,153799.51,1764020699999,2004756.96705,6588,67406.19,878907.35421,0
1764020700000,12.995,13.029,12.974,13.014,142250.50,1764021599999,1849080.33582,5612,59521.45,774025.96507,0
1764021600000,13.013,13.127,13.010,13.064,338338.89,1764022499999,4418891.07517,9238,131759.18,1721865.86638,0
1764022500000,13.064,13.073,13.035,13.065,79053.19,1764023399999,1031844.20925,3315,44259.60,577698.73007,0
1764023400000,13.066,13.079,13.016,13.024,83034.42,1764024299999,1083007.79828,3293,28773.67,375309.95224,0
1764024300000,13.024,13.046,12.992,13.037,64384.41,1764025199999,837896.40357,3304,32402.28,421668.18177,0
1764025200000,13.036,13.052,13.009,13.039,95696.19,1764026099999,1247041.38485,5222,40142.23,523092.59542,0
1764026100000,13.038,13.053,13.013,13.033,72826.98,1764026999999,949352.93021,3502,32803.01,427584.61496,0
1764027000000,13.032,13.032,12.983,12.997,107765.01,1764027899999,1401551.23939,3958,44400.52,577432.88134,0
1764027900000,12.996,12.996,12.942,12.962,138465.34,1764028799999,1795562.86998,4005,49180.99,637650.18157,0
1764028800000,12.962,12.998,12.914,12.962,201396.18,1764029699999,2609067.03017,7321,100151.64,1297650.51127,0
1764029700000,12.961,12.964,12.916,12.920,118114.93,1764030599999,1528534.63444,5050,57948.64,749919.32937,0
1764030600000,12.921,12.994,12.858,12.974,267691.19,1764031499999,3460102.90941,9303,117200.99,1516034.91765,0
1764031500000,12.975,13.001,12.948,12.975,88490.25,1764032399999,1148163.91210,4300,46117.44,598390.09350,0
1764032400000,12.976,13.015,12.936,12.995,119320.84,1764033299999,1548252.06173,5488,67956.07,881981.05526,0
1764033300000,12.996,12.998,12.930,12.955,110587.31,1764034199999,1434044.05836,5340,48522.84,629110.50791,0
1764034200000,12.955,13.002,12.942,12.966,84159.61,1764035099999,1091572.60209,4553,47794.99,619902.18359,0
1764035100000,12.966,12.966,12.894,12.899,87856.13,1764035999999,1135371.59189,4194,41755.40,539571.52157,0
1764036000000,12.899,12.958,12.868,12.909,206434.96,1764036899999,2666487.45101,8124,116257.04,1501611.19578,0
1764036900000,12.909,12.943,12.872,12.877,108089.86,1764037799999,1394672.91988,5634,56464.18,728383.92560,0
1764037800000,12.878,12.937,12.863,12.926,130580.01,1764038699999,1683073.31760,5323,63837.11,822827.14365,0
1764038700000,12.927,13.002,12.926,12.989,117327.67,1764039599999,1520677.69506,4445,58462.61,758101.52089,0
1764039600000,12.989,13.031,12.898,12.916,271455.41,1764040499999,3518191.29253,7919,117543.87,1523779.57977,0
1764040500000,12.917,12.962,12.901,12.956,135909.46,1764041399999,1758137.71738,4241,68776.22,889564.77321,0
1764041400000,12.956,12.958,12.880,12.897,111656.59,1764042299999,1441664.02691,4146,64512.53,832846.35463,0
1764042300000,12.898,12.915,12.874,12.896,66787.99,1764043199999,861132.73912,3239,38241.48,493094.12216,0
1764043200000,12.896,12.965,12.885,12.960,66280.69,1764044099999,856357.72417,3808,34944.27,451589.14788,0
1764044100000,12.960,12.981,12.910,12.947,118597.44,1764044999999,1535281.76065,5346,64767.37,838325.78957,0
1764045000000,12.947,13.006,12.944,12.979,122472.15,1764045899999,1589667.06608,5265,55222.33,716708.39933,0
1764045900000,12.978,13.038,12.972,13.008,103920.45,1764046799999,1351853.23760,4237,58826.67,765121.78373,0
1764046800000,13.009,13.019,12.968,12.978,99648.45,1764047699999,1294610.16916,4087,45803.05,595234.56170,0
1764047700000,12.978,13.004,12.922,12.939,106210.11,1764048599999,1376859.50141,4394,46999.99,609264.15706,0
1764048600000,12.939,12.993,12.936,12.987,82202.63,1764049499999,1066641.87119,4188,44109.07,572312.94515,0
1764049500000,12.988,13.014,12.969,12.973,55183.54,1764050399999,716673.20884,3204,30316.68,393762.45638,0
1764050400000,12.972,12.980,12.945,12.967,65081.40,1764051299999,843709.14860,3539,30732.50,398422.17052,0
1764051300000,12.967,12.979,12.930,12.932,102984.49,1764052199999,1334070.42419,4165,50884.32,659118.40304,0
1764052200000,12.931,12.952,12.891,12.905,112842.33,1764053099999,1457904.46791,4606,53198.11,687393.60824,0
1764053100000,12.904,12.959,12.882,12.951,135358.55,1764053999999,1749482.07622,4182,69992.46,903915.13426,0
1764054000000,12.951,12.956,12.895,12.929,116612.45,1764054899999,1507792.35270,4616,54733.64,707488.92678,0
1764054900000,12.929,12.930,12.851,12.864,169808.49,1764055799999,2187770.99458,5483,89478.21,1152665.80035,0
1764055800000,12.864,12.902,12.856,12.887,83638.32,1764056699999,1077061.23334,4450,43985.85,566448.78916,0
1764056700000,12.887,12.895,12.802,12.811,345222.24,1764057599999,4431501.12446,10265,159239.86,2044232.85421,0
1764057600000,12.810,12.844,12.788,12.809,186977.51,1764058499999,2395444.40081,6883,96888.31,1241342.68696,0
1764058500000,12.810,12.873,12.810,12.839,158776.52,1764059399999,2039884.34165,5682,75856.17,974613.60983,0
1764059400000,12.839,12.847,12.790,12.811,87892.41,1764060299999,1126248.62170,4690,47741.89,611822.71703,0
1764060300000,12.811,12.830,12.698,12.717,333934.90,1764061199999,4259210.08253,10089,136487.68,1740723.48506,0
1764061200000,12.718,12.745,12.688,12.696,245506.14,1764062099999,3123089.42858,8797,100571.80,1279536.26143,0
1764062100000,12.696,12.715,12.651,12.668,201566.41,1764062999999,2555985.03889,7771,91413.30,1159251.41496,0
1764063000000,12.668,12.788,12.663,12.778,269694.28,1764063899999,3429348.07048,9101,144981.98,1842961.21349,0
1764063900000,12.778,12.839,12.740,12.837,280506.13,1764064799999,3587752.59723,8710,160049.31,2046866.21228,0
1764064800000,12.836,12.840,12.782,12.790,176640.70,1764065699999,2262818.21309,6592,85053.82,1089597.74973,0
1764065700000,12.791,12.829,12.754,12.811,122846.87,1764066599999,1571461.83649,5469,62737.80,802631.48625,0
1764066600000,12.811,12.832,12.773,12.786,144103.10,1764067499999,1844784.19616,5489,62053.11,794401.10174,0
1764067500000,12.787,12.819,12.771,12.805,78488.13,1764068399999,1004506.79730,3718,41464.26,530709.45977,0
1764068400000,12.805,12.805,12.739,12.772,151445.29,1764069299999,1933579.04950,5367,68781.14,878260.97691,0
1764069300000,12.772,12.792,12.734,12.775,132489.79,1764070199999,1691007.53826,5123,59225.58,755981.79744,0
1764070200000,12.775,12.811,12.761,12.794,95618.47,1764071099999,1222727.56089,4272,53312.85,681686.69610,0
1764071100000,12.794,12.816,12.752,12.767,121429.01,1764071999999,1551887.64729,4326,40969.16,523605.03150,0
1764072000000,12.768,12.882,12.763,12.873,213817.57,1764072899999,2740611.05149,7124,122346.70,1567947.79433,0
1764072900000,12.873,12.943,12.824,12.903,274063.17,1764073799999,3531805.72352,10607,150024.51,1933810.44600,0
1764073800000,12.903,12.931,12.857,12.897,142796.41,1764074699999,1840307.08907,7036,77160.69,994446.93184,0
1764074700000,12.898,12.901,12.859,12.876,99071.54,1764075599999,1276083.97816,5603,51029.66,657267.96373,0
1764075600000,12.876,12.897,12.809,12.876,313161.92,1764076499999,4022461.96920,8974,158274.16,2033252.27161,0
1764076500000,12.877,12.907,12.860,12.880,111392.73,1764077399999,1435208.59611,5431,58402.29,752518.80781,0
1764077400000,12.880,12.924,12.759,12.768,309373.26,1764078299999,3971160.51342,11162,132248.08,1697615.93050,0
1764078300000,12.769,12.786,12.706,12.755,252264.79,1764079199999,3215540.21578,7578,120576.23,1537535.43047,0
1764079200000,12.756,12.828,12.753,12.807,204027.68,1764080099999,2608591.89557,8036,115081.91,1471101.46873,0
1764080100000,12.807,12.898,12.776,12.852,207186.06,1764080999999,2661339.92495,7449,100503.48,1291138.70528,0
1764081000000,12.852,12.859,12.637,12.684,555579.06,1764081899999,7084434.10611,20561,286586.37,3655253.64905,0
1764081900000,12.684,12.731,12.541,12.718,692432.80,1764082799999,8744739.05862,24667,358975.03,4534691.73420,0
1764082800000,12.717,12.745,12.582,12.661,404576.47,1764083699999,5116915.97646,18044,205233.38,2594715.73358,0
1764083700000,12.661,12.707,12.607,12.698,263468.85,1764084599999,3335684.54702,12158,130903.90,1657309.15495,0
1764084600000,12.698,12.805,12.695,12.795,279810.21,1764085499999,3571744.97172,10992,138269.15,1764869.47485,0
1764085500000,12.796,12.823,12.659,12.729,422388.01,1764086399999,5378943.43017,10947,231134.07,2943839.34935,0
1764086400000,12.729,12.795,12.718,12.771,204449.55,1764087299999,2608498.35102,8179,87410.54,1115134.97483,0
1764087300000,12.771,12.918,12.759,12.918,242511.25,1764088199999,3119484.35244,8683,120311.69,1547392.15564,0
1764088200000,12.919,12.969,12.872,12.895,206982.92,1764089099999,2673222.68760,8549,90671.51,1171236.86953,0
1764089100000,12.895,12.927,12.870,12.919,145638.13,1764089999999,1879248.18718,5767,65670.45,847401.33632,0
1764090000000,12.919,13.007,12.873,12.991,252800.16,1764090899999,3272004.49145,10096,132490.73,1715019.62541,0
1764090900000,12.992,12.996,12.928,12.959,198984.89,1764091799999,2579346.84900,7780,84681.29,1097747.59446,0
1764091800000,12.959,13.047,12.947,13.023,298604.19,1764092699999,3886690.07076,10440,138986.29,1809041.58734,0
1764092700000,13.022,13.045,12.964,12.970,145531.80,1764093599999,1893139.21863,5821,67431.75,877243.62526,0
1764093600000,12.970,13.101,12.953,13.054,398826.33,1764094499999,5203460.20049,11624,224107.10,2923247.61448,0
1764094500000,13.054,13.134,13.053,13.096,355558.17,1764095399999,4655984.02344,12227,182903.08,2394817.02071,0
1764095400000,13.096,13.140,13.018,13.024,191466.02,1764096299999,2502743.00169,7337,85122.09,1112890.32735,0
1764096300000,13.024,13.059,12.981,12.987,221831.04,1764097199999,2888053.02369,7832,106054.96,1380676.34870,0
1764097200000,12.987,13.017,12.871,12.889,323061.32,1764098099999,4179996.83007,10898,160353.63,2074196.78348,0
1764098100000,12.889,12.898,12.750,12.767,281357.15,1764098999999,3603679.35635,9926,136477.07,1748442.60233,0
1764099000000,12.766,12.881,12.753,12.878,198840.83,1764099899999,2547757.46331,8559,101792.98,1304866.88858,0
1764099900000,12.877,12.990,12.852,12.971,192183.37,1764100799999,2484420.21690,8697,115124.78,1488509.86050,0
1764100800000,12.971,13.036,12.963,13.012,193951.35,1764101699999,2520400.53677,9363,87141.50,1132520.88789,0
1764101700000,13.012,13.058,12.991,13.033,122610.39,1764102599999,1596923.69784,6122,69126.57,900248.79005,0
1764102600000,13.033,13.096,13.026,13.046,147350.12,1764103499999,1923763.99373,7477,68955.80,900399.70949,0
1764103500000,13.046,13.087,13.031,13.031,140615.14,1764104399999,1835519.57049,6719,58541.38,764170.92041,0
1764104400000,13.030,13.088,12.974,13.003,783888.83,1764105299999,10206947.92203,16295,393118.29,5119532.34142,0
1764105300000,13.004,13.040,12.979,12.999,163318.72,1764106199999,2124706.74317,5424,89007.05,1157817.11010,0
1764106200000,12.999,13.084,12.961,12.992,439392.45,1764107099999,5718915.48045,10693,245749.32,3198727.49269,0
1764107100000,12.992,13.028,12.970,12.982,238064.84,1764107999999,3093113.80223,7105,90570.09,1176663.13503,0
1764108000000,12.982,12.982,12.858,12.880,225095.63,1764108899999,2905134.70260,8682,89679.13,1157112.38279,0
1764108900000,12.879,12.982,12.867,12.977,113671.91,1764109799999,1470447.61843,5122,52228.28,675493.94647,0
1764109800000,12.977,13.098,12.969,13.063,131666.02,1764110699999,1716204.91350,6072,60777.98,792173.46817,0
1764110700000,13.062,13.148,13.024,13.116,89984.56,1764111599999,1177618.36505,4744,48757.31,637877.77265,0
1764111600000,13.115,13.216,13.076,13.196,186560.57,1764112499999,2454657.81995,9983,94362.19,1241746.18400,0
1764112500000,13.197,13.199,13.127,13.130,138916.36,1764113399999,1829333.00995,7024,51157.96,673687.19790,0
1764113400000,13.131,13.157,13.091,13.105,139166.10,1764114299999,1825462.11420,5637,60910.42,799038.45674,0
1764114300000,13.105,13.114,13.052,13.077,103886.23,1764115199999,1358323.11667,4609,44102.47,576833.10040,0
1764115200000,13.078,13.101,13.064,13.089,104066.43,1764116099999,1361138.91157,4646,54729.92,715819.97016,0
1764116100000,13.090,13.155,13.079,13.098,209119.53,1764116999999,2742774.63496,6813,122086.10,1601510.50253,0
1764117000000,13.098,13.110,13.055,13.080,87918.29,1764117899999,1150100.78893,4229,48991.63,640842.26314,0
1764117900000,13.079,13.101,13.037,13.042,79303.91,1764118799999,1036193.55952,3666,38418.53,501964.48446,0
1764118800000,13.042,13.049,12.995,13.035,85683.98,1764119699999,1116210.20549,4423,44570.84,580712.46273,0
1764119700000,13.034,13.070,13.018,13.062,62087.62,1764120599999,809768.48270,3675,35905.57,468343.62843,0
1764120600000,13.062,13.164,13.042,13.137,200833.07,1764121499999,2634652.06396,7627,88414.34,1159205.25546,0
1764121500000,13.137,13.145,13.074,13.106,223823.32,1764122399999,2934444.19825,6867,115280.52,1511498.57999,0
1764122400000,13.107,13.118,13.074,13.079,118842.73,1764123299999,1555921.75179,4915,42518.57,556675.74367,0
1764123300000,13.079,13.157,13.069,13.091,272952.70,1764124199999,3577348.18732,8320,141693.24,1856806.47791,0
1764124200000,13.090,13.108,13.063,13.079,78170.04,1764125099999,1022726.85692,3851,38910.28,509100.80601,0
1764125100000,13.080,13.080,13.053,13.057,57730.48,1764125999999,754319.54730,2982,30922.41,404084.47117,0
1764126000000,13.056,13.075,13.043,13.067,65024.73,1764126899999,848945.32746,3311,30329.58,395965.24279,0
1764126900000,13.068,13.107,13.067,13.082,48782.44,1764127799999,638548.39077,2284,26688.69,349294.48501,0
1764127800000,13.081,13.081,12.973,12.980,159088.07,1764128699999,2069687.05232,6088,68992.15,897629.33535,0
1764128700000,12.980,12.982,12.924,12.944,164972.83,1764129599999,2136414.01640,6841,64899.55,840378.61539,0
1764129600000,12.945,12.976,12.911,12.920,117281.53,1764130499999,1518162.98663,4897,53301.85,690011.21392,0
1764130500000,12.921,13.002,12.918,12.974,108033.77,1764131399999,1400758.70880,5153,64003.14,829933.25604,0
1764131400000,12.974,12.997,12.963,12.972,62800.93,1764132299999,814961.19324,3316,37964.54,492678.98221,0
1764132300000,12.972,12.978,12.956,12.959,34336.38,1764133199999,445244.49700,2369,18824.16,244105.14848,0
1764133200000,12.959,12.996,12.951,12.986,56068.48,1764134099999,727579.60263,3017,26256.65,340744.69908,0
1764134100000,12.986,13.056,12.984,12.997,108383.41,1764134999999,1410542.21696,4408,53436.47,695509.92237,0
1764135000000,12.997,13.039,12.995,13.024,83501.29,1764135899999,1087214.97375,3224,40877.07,532170.22890,0
1764135900000,13.023,13.043,13.002,13.010,90051.31,1764136799999,1172131.58508,3783,39815.40,518209.28855,0
1764136800000,13.010,13.046,12.996,13.021,105421.51,1764137699999,1372621.14682,4273,56392.00,734219.01216,0
1764137700000,13.020,13.022,12.966,12.977,111107.77,1764138599999,1442702.85978,4480,56572.21,734641.39334,0
1764138600000,12.976,13.014,12.963,13.012,70651.42,1764139499999,917545.90475,3479,38415.44,498930.44918,0
1764139500000,13.012,13.063,12.989,13.043,88149.70,1764140399999,1149339.78163,3555,43257.00,564039.80360,0
1764140400000,13.042,13.057,13.026,13.036,86845.17,1764141299999,1132545.29602,3350,47375.93,617895.28378,0
1764141300000,13.035,13.058,13.023,13.050,97453.91,1764142199999,1271045.57302,3633,51747.03,675017.89483,0
1764142200000,13.050,13.072,13.017,13.027,110077.00,1764143099999,1435314.82825,4400,54791.41,714396.36660,0
1764143100000,13.026,13.069,13.011,13.066,116141.37,1764143999999,1514683.14438,3562,70448.94,918733.69311,0
1764144000000,13.067,13.080,13.023,13.029,117748.12,1764144899999,1536087.83381,3886,76839.67,1002473.86829,0
1764144900000,13.030,13.048,12.973,12.979,127229.23,1764145799999,1654063.62116,4064,55788.12,725227.93352,0
1764145800000,12.979,12.998,12.958,12.988,143594.80,1764146699999,1863900.07028,4241,81414.00,1056792.03057,0
1764146700000,12.987,13.003,12.951,12.954,118031.98,1764147599999,1531707.31954,3534,57197.11,742236.78995,0
1764147600000,12.954,12.958,12.915,12.930,179552.87,1764148499999,2323459.35711,6376,98234.50,1271131.89713,0
1764148500000,12.930,12.930,12.870,12.891,176343.31,1764149399999,2274472.20106,6073,83656.73,1079069.86300,0
1764149400000,12.890,12.908,12.865,12.891,138903.97,1764150299999,1790026.88817,5384,77917.54,1004164.80178,0
1764150300000,12.891,12.901,12.878,12.899,106270.76,1764151199999,1369867.36935,4761,60171.54,775635.87424,0
1764151200000,12.901,12.944,12.900,12.913,129381.01,1764152099999,1671592.71048,5076,73413.76,948431.99833,0
1764152100000,12.913,12.918,12.874,12.888,94551.22,1764152999999,1218962.35412,3751,54497.89,702623.20371,0
1764153000000,12.889,12.894,12.823,12.868,173895.73,1764153899999,2235026.16527,5667,87602.65,1125889.89810,0
1764153900000,12.868,12.904,12.853,12.900,79713.51,1764154799999,1026876.33521,3552,49281.71,634930.28880,0
1764154800000,12.899,12.899,12.793,12.844,374311.70,1764155699999,4805645.78410,8992,139017.94,1784745.60357,0
1764155700000,12.844,12.856,12.819,12.825,98499.47,1764156599999,1264238.18116,3939,52225.89,670321.30674,0
1764156600000,12.825,12.854,12.808,12.850,82693.67,1764157499999,1060492.02841,3921,52281.08,670449.21947,0
1764157500000,12.850,12.857,12.814,12.836,65725.87,1764158399999,843383.16662,3037,37761.31,484586.68004,0
1764158400000,12.836,12.852,12.764,12.766,265297.59,1764159299999,3394363.30995,10421,114314.86,1462215.78385,0
1764159300000,12.767,12.799,12.740,12.787,181722.22,1764160199999,2320588.40721,7010,86679.17,1106995.39930,0
1764160200000,12.786,12.804,12.762,12.791,78400.04,1764161099999,1002182.29468,4075,49624.93,634456.50796,0
1764161100000,12.792,12.811,12.787,12.787,70054.55,1764161999999,896738.03118,3514,31984.18,409420.83014,0
1764162000000,12.787,12.826,12.779,12.805,109564.67,1764162899999,1402681.98867,4864,65882.66,843458.71931,0
1764162900000,12.806,12.860,12.803,12.848,148663.65,1764163799999,1908706.94049,5358,81924.43,1051827.05369,0
1764163800000,12.847,12.924,12.813,12.892,172713.93,1764164699999,2223662.10113,7552,94632.55,1218353.60921,0
1764164700000,12.892,12.925,12.882,12.920,101610.53,1764165599999,1310939.45340,4796,57204.50,738077.80105,0
1764165600000,12.921,12.939,12.869,12.927,152014.72,1764166499999,1961336.44210,5616,74243.99,958051.69845,0
1764166500000,12.927,12.931,12.892,12.913,104144.54,1764167399999,1345124.30864,4520,43523.33,562108.96813,0
1764167400000,12.914,12.967,12.853,12.914,231119.61,1764168299999,2983765.12276,10595,126200.40,1629169.78352,0
1764168300000,12.915,13.001,12.814,12.848,329170.29,1764169199999,4249512.72577,14107,171729.39,2217721.48382,0
1764169200000,12.848,12.933,12.835,12.903,206071.91,1764170099999,2657217.55351,10303,102572.66,1322823.51129,0
1764170100000,12.903,12.930,12.823,12.920,198038.49,1764170999999,2549259.74622,8415,103199.37,1328537.75032,0
1764171000000,12.921,12.931,12.831,12.831,124670.10,1764171899999,1605792.74553,6442,61867.94,797032.53893,0
1764171900000,12.831,12.871,12.793,12.869,198206.26,1764172799999,2542279.45841,7810,106433.42,1365316.66847,0
1764172800000,12.870,12.980,12.865,12.980,201312.23,1764173699999,2600513.99485,8102,121102.25,1564506.07516,0
1764173700000,12.980,13.052,12.979,13.018,262599.58,1764174599999,3418354.57171,8167,135878.59,1768965.67086,0
1764174600000,13.018,13.077,13.002,13.022,187750.10,1764175499999,2448591.21297,7120,102275.53,1334200.68039,0
1764175500000,13.022,13.033,12.958,12.996,148887.52,1764176399999,1935210.91743,5730,67993.93,884049.54702,0
1764176400000,12.996,13.065,12.996,13.005,199415.87,1764177299999,2598558.51714,6640,130906.65,1705816.74052,0
1764177300000,13.004,13.183,12.977,13.178,324403.23,1764178199999,4246818.29623,11016,182223.59,2385262.93608,0
1764178200000,13.177,13.326,13.138,13.324,780473.64,1764179099999,10337130.74273,25405,395181.58,5234730.46624,0
1764179100000,13.324,13.410,13.321,13.364,526246.32,1764179999999,7034124.73726,17124,291196.72,3893254.50614,0
1764180000000,13.364,13.422,13.309,13.398,480695.04,1764180899999,6431124.48341,18071,258172.41,3453432.01971,0
1764180900000,13.398,13.503,13.398,13.494,422018.69,1764181799999,5676039.56820,13928,214700.05,2888245.74744,0
1764181800000,13.494,13.497,13.350,13.362,245977.60,1764182699999,3297443.91071,10113,111128.75,1489572.94970,0
1764182700000,13.361,13.492,13.359,13.492,143645.97,1764183599999,1929345.74345,6293,82745.80,1111428.44079,0
1764183600000,13.491,13.494,13.400,13.403,286680.76,1764184499999,3851096.71516,8327,107579.10,1445188.48774,0
1764184500000,13.404,13.453,13.379,13.424,147862.50,1764185399999,1984388.17527,5810,77098.37,1034720.48692,0
1764185400000,13.423,13.465,13.409,13.439,164522.04,1764186299999,2211255.46725,6895,93995.48,1263610.68127,0
1764186300000,13.438,13.487,13.407,13.450,154528.91,1764187199999,2078560.19078,6054,77594.27,1043912.61540,0
1764187200000,13.449,13.460,13.358,13.441,224560.75,1764188099999,3011414.89793,8362,108259.48,1451868.85730,0
1764188100000,13.440,13.462,13.398,13.422,74326.32,1764188999999,998305.10190,4010,34127.60,458390.61947,0
1764189000000,13.421,13.430,13.359,13.362,104712.30,1764189899999,1402324.75928,5208,49903.49,668380.55476,0
1764189900000,13.361,13.400,13.356,13.387,99202.57,1764190799999,1327144.11249,4492,50666.41,677817.76687,0
1764190800000,13.387,13.398,13.354,13.360,85886.07,1764191699999,1148469.78904,4386,30380.61,406204.06735,0
1764191700000,13.360,13.453,13.354,13.442,112965.21,1764192599999,1512998.98209,5791,63559.29,851442.84409,0
1764192600000,13.441,13.469,13.422,13.442,100671.55,1764193499999,1353069.99534,5594,51425.03,691191.41392,0
1764193500000,13.442,13.490,13.432,13.439,121876.71,1764194399999,1640878.51033,4426,61652.27,830096.33820,0
1764194400000,13.438,13.494,13.407,13.442,123148.63,1764195299999,1654950.69307,4642,64802.35,871048.56381,0
1764195300000,13.441,13.493,13.410,13.426,107575.58,1764196199999,1446262.85419,3942,44875.05,603121.47182,0
1764196200000,13.425,13.466,13.409,13.417,68999.77,1764197099999,926588.30042,2889,35413.86,475496.72667,0
1764197100000,13.417,13.456,13.409,13.434,32359.99,1764197999999,434353.58093,2027,18714.38,251162.58772,0
1764198000000,13.434,13.491,13.411,13.482,106051.64,1764198899999,1427083.30650,5218,58944.08,793189.23352,0
1764198900000,13.482,13.484,13.411,13.415,77769.44,1764199799999,1045928.61758,3764,34757.09,467342.25671,0
1764199800000,13.415,13.430,13.400,13.417,69267.42,1764200699999,929210.05193,3170,35271.49,473158.46054,0
1764200700000,13.416,13.461,13.413,13.449,98877.19,1764201599999,1329374.18754,3538,57467.00,772605.70595,0
1764201600000,13.448,13.460,13.384,13.393,158636.64,1764202499999,2128114.24085,5944,67487.30,905333.52749,0
1764202500000,13.392,13.413,13.378,13.394,122036.98,1764203399999,1634460.90003,4483,65358.16,875325.08896,0
1764203400000,13.394,13.434,13.385,13.423,71578.14,1764204299999,959728.65016,3130,36409.00,488303.55208,0
1764204300000,13.424,13.492,13.414,13.443,166388.59,1764205199999,2239655.45211,6240,85700.49,1153270.36595,0
1764205200000,13.444,13.525,13.426,13.447,174426.00,1764206099999,2350793.62603,7574,93306.81,1257862.32080,0
1764206100000,13.448,13.461,13.414,13.451,68110.05,1764206999999,915170.91797,3762,35829.70,481463.70299,0
1764207000000,13.451,13.469,13.423,13.457,59950.11,1764207899999,806315.40230,3191,27419.63,368869.30585,0
1764207900000,13.457,13.512,13.441,13.495,92571.53,1764208799999,1247943.05083,4363,48619.58,655476.06026,0
1764208800000,13.495,13.501,13.444,13.470,76357.13,1764209699999,1028643.62686,4390,33734.43,454466.06603,0
1764209700000,13.471,13.559,13.464,13.555,182324.30,1764210599999,2465273.42872,7164,109347.00,1478383.87465,0
1764210600000,13.555,13.568,13.511,13.531,190355.43,1764211499999,2576836.31756,6808,75600.68,1023505.40475,0
1764211500000,13.530,13.540,13.416,13.425,283896.32,1764212399999,3820541.42602,9193,96086.25,1293295.30326,0
1764212400000,13.425,13.455,13.415,13.432,117637.26,1764213299999,1580515.95166,4770,58859.18,790809.72888,0
1764213300000,13.432,13.453,13.412,13.416,76438.96,1764214199999,1026766.34247,3239,42370.88,569190.20942,0
1764214200000,13.416,13.416,13.352,13.370,164511.87,1764215099999,2201435.25975,6048,52644.00,704483.54733,0
1764215100000,13.370,13.380,13.357,13.365,90785.78,1764215999999,1213469.32275,3542,53810.71,719232.81660,0
1764216000000,13.366,13.437,13.355,13.432,148156.66,1764216899999,1983602.92251,4730,87937.60,1177457.54736,0
1764216900000,13.433,13.451,13.402,13.406,71413.91,1764217799999,959316.03098,3487,34915.60,469119.10869,0
1764217800000,13.405,13.444,13.399,13.422,70725.65,1764218699999,948555.25753,2706,44863.45,601594.58795,0
1764218700000,13.423,13.431,13.403,13.417,28254.11,1764219599999,379051.37039,1680,14427.11,193537.29799,0
1764219600000,13.416,13.428,13.381,13.399,65051.31,1764220499999,872085.62244,3701,39501.12,529576.52308,0
1764220500000,13.398,13.427,13.373,13.398,54426.70,1764221399999,729258.03302,3488,31663.36,424268.88052,0
1764221400000,13.397,13.397,13.307,13.328,162697.36,1764222299999,2170362.76911,6873,61234.52,817008.16487,0
1764222300000,13.327,13.331,13.273,13.300,170951.25,1764223199999,2273641.60158,6040,54380.44,723619.03206,0
1764223200000,13.299,13.336,13.291,13.323,147736.91,1764224099999,1966267.91933,4743,68939.89,917712.86460,0
1764224100000,13.323,13.375,13.304,13.372,90530.11,1764224999999,1207654.06242,4289,63434.71,846381.43005,0
1764225000000,13.372,13.416,13.364,13.383,119581.01,1764225899999,1600977.50465,5110,56044.02,750194.83256,0
1764225900000,13.383,13.407,13.365,13.387,66893.28,1764226799999,895239.87136,3217,31755.83,425027.30073,0
1764226800000,13.387,13.389,13.348,13.358,59055.26,1764227699999,789312.24348,3295,22882.37,305851.70450,0
1764227700000,13.358,13.386,13.346,13.360,77783.38,1764228599999,1039675.48195,3002,46479.55,621209.21324,0
1764228600000,13.359,13.359,13.312,13.321,83532.28,1764229499999,1113331.99291,3303,42317.76,564012.24951,0
1764229500000,13.320,13.362,13.314,13.348,77098.43,1764230399999,1028207.43418,3030,46903.38,625484.27149,0
1764230400000,13.348,13.357,13.287,13.291,93630.77,1764231299999,1246645.44855,4224,36831.45,490493.08584,0
1764231300000,13.292,13.321,13.290,13.305,79348.43,1764232199999,1055384.29909,3857,37333.79,496602.23001,0
1764232200000,13.305,13.310,13.260,13.289,136567.15,1764233099999,1814283.59459,5343,55316.13,735057.31039,0
1764233100000,13.289,13.322,13.281,13.318,47652.84,1764233999999,633944.62585,3033,29851.18,397119.38689,0
1764234000000,13.319,13.322,13.300,13.305,52381.37,1764234899999,697353.86456,3154,24846.27,330814.32047,0
1764234900000,13.306,13.396,13.305,13.364,141543.05,1764235799999,1890932.21658,5745,86424.46,1154384.72050,0
1764235800000,13.364,13.432,13.364,13.388,130246.12,1764236699999,1745877.02153,5949,75786.14,1015987.46421,0
1764236700000,13.388,13.398,13.342,13.355,121809.02,1764237599999,1628296.26503,4864,70122.30,937411.71550,0
1764237600000,13.355,13.373,13.339,13.345,69963.70,1764238499999,934229.70443,3913,29950.32,400000.59482,0
1764238500000,13.345,13.385,13.337,13.370,71291.35,1764239399999,952778.37665,3577,38805.41,518644.64498,0
1764239400000,13.370,13.371,13.321,13.367,74131.44,1764240299999,989048.88261,4268,34796.00,464241.25422,0
1764240300000,13.368,13.386,13.352,13.376,43800.94,1764241199999,585707.55312,2946,21215.02,283719.69364,0
1764241200000,13.376,13.387,13.351,13.364,68360.80,1764242099999,913873.68737,3054,34514.56,461451.54706,0
1764242100000,13.364,13.367,13.311,13.331,90872.59,1764242999999,1211680.24910,3551,31318.05,417533.76730,0
1764243000000,13.332,13.358,13.318,13.347,78238.44,1764243899999,1043985.61547,3934,36136.86,482208.75846,0
1764243900000,13.348,13.351,13.328,13.336,46814.00,1764244799999,624488.47502,2570,20259.42,270264.70705,0
1764244800000,13.336,13.358,13.323,13.340,71070.94,1764245699999,948148.36995,3668,32624.09,435267.66184,0
1764245700000,13.341,13.346,13.286,13.316,161206.94,1764246599999,2146054.35029,5851,70395.24,937262.95164,0
1764246600000,13.315,13.333,13.269,13.291,156446.61,1764247499999,2080217.29705,4848,36697.56,488316.44815,0
1764247500000,13.292,13.302,13.221,13.233,195623.36,1764248399999,2593198.36168,6448,74689.47,990375.20487,0
1764248400000,13.233,13.294,13.229,13.282,107598.07,1764249299999,1427282.83040,4756,54714.62,725746.94344,0
1764249300000,13.283,13.335,13.255,13.325,151267.50,1764250199999,2010077.35640,5836,76555.48,1017446.46629,0
1764250200000,13.325,13.343,13.279,13.318,124181.82,1764251099999,1653608.46497,4999,65350.79,870185.00693,0
1764251100000,13.319,13.353,13.306,13.315,71670.84,1764251999999,955452.71973,3870,32211.98,429441.94721,0
1764252000000,13.316,13.341,13.305,13.338,92599.11,1764252899999,1233528.01698,3990,41515.97,553041.46761,0
1764252900000,13.338,13.370,13.297,13.365,97661.85,1764253799999,1302273.86899,4077,53532.84,713980.00886,0
1764253800000,13.365,13.382,13.325,13.348,134608.97,1764254699999,1797810.80489,5366,57286.60,765025.59372,0
1764254700000,13.348,13.394,13.335,13.385,90469.57,1764255599999,1209532.00619,3821,48504.33,648692.49787,0
1764255600000,13.385,13.442,13.336,13.340,182800.52,1764256499999,2446098.87372,6846,91687.89,1227442.21198,0
1764256500000,13.341,13.416,13.341,13.409,87013.71,1764257399999,1164654.41057,4089,51143.23,684565.05162,0
1764257400000,13.409,13.445,13.389,13.420,86242.95,1764258299999,1157045.17644,4894,39263.89,526709.43128,0
1764258300000,13.420,13.470,13.417,13.458,91714.82,1764259199999,1233670.39615,4466,46385.29,623970.36144,0
1764259200000,13.458,13.514,13.411,13.493,207879.65,1764260099999,2798904.31105,7194,120779.64,1627253.73887,0
1764260100000,13.493,13.533,13.470,13.479,196265.46,1764260999999,2648604.05851,6355,85675.41,1156317.03299,0
1764261000000,13.479,13.529,13.468,13.498,146463.10,1764261899999,1977864.67970,5192,68195.50,920984.09114,0
1764261900000,13.498,13.502,13.461,13.474,136143.60,1764262799999,1836080.88296,4610,50108.93,675818.13276,0
1764262800000,13.474,13.481,13.450,13.457,85851.83,1764263699999,1156030.43722,3978,42236.81,568716.68667,0
1764263700000,13.457,13.479,13.419,13.423,94570.80,1764264599999,1272011.26189,3810,40089.38,539495.79128,0
1764264600000,13.424,13.453,13.393,13.400,139727.33,1764265499999,1874291.16043,4954,58046.01,778817.53886,0
1764265500000,13.400,13.432,13.397,13.429,105291.57,1764266399999,1412028.27421,3441,63638.17,853358.11713,0
1764266400000,13.429,13.447,13.413,13.425,70055.36,1764267299999,940785.66615,3458,37715.10,506464.87385,0
1764267300000,13.425,13.458,13.414,13.427,80966.02,1764268199999,1087788.68251,3704,50646.13,680428.48744,0
1764268200000,13.427,13.499,13.418,13.487,81533.89,1764269099999,1098093.85698,3941,46023.07,619967.32359,0
1764269100000,13.486,13.511,13.475,13.496,68052.32,1764269999999,918297.20919,3173,38087.92,514004.70278,0
1764270000000,13.496,13.500,13.457,13.471,52826.22,1764270899999,711853.11263,4095,25290.17,340821.52755,0
1764270900000,13.471,13.479,13.449,13.450,31891.33,1764271799999,429266.13802,3161,11248.75,151411.83377,0
1764271800000,13.450,13.474,13.427,13.458,58144.63,1764272699999,781881.42235,3143,25954.55,349023.59141,0
1764272700000,13.458,13.466,13.440,13.462,62780.29,1764273599999,844679.62971,2676,36193.04,487014.19062,0
1764273600000,13.462,13.497,13.454,13.484,69482.42,1764274499999,936408.80134,3201,36393.63,490438.28749,0
1764274500000,13.484,13.501,13.475,13.488,89226.73,1764275399999,1203279.40485,3005,47284.71,637660.89351,0
1764275400000,13.488,13.506,13.467,13.485,51011.80,1764276299999,688158.61869,2947,29179.89,393623.78504,0
1764276300000,13.485,13.494,13.473,13.475,39197.01,1764277199999,528515.04521,2560,14760.37,199033.63747,0
1764277200000,13.475,13.482,13.430,13.477,66276.26,1764278099999,891969.05675,3502,34151.63,459690.45394,0
1764278100000,13.477,13.510,13.470,13.494,77757.40,1764278999999,1049374.43026,3282,36812.22,496827.46474,0
1764279000000,13.495,13.506,13.470,13.472,43137.83,1764279899999,581785.64119,2816,21850.46,294723.71433,0
1764279900000,13.473,13.488,13.436,13.443,63417.65,1764280799999,853227.87018,4019,32628.11,438967.44671,0
1764280800000,13.441,13.456,13.416,13.449,73721.75,1764281699999,990347.01425,3170,35109.08,471744.14189,0
1764281700000,13.449,13.460,13.418,13.436,35167.59,1764282599999,472651.05501,2072,21484.66,288788.59832,0
1764282600000,13.436,13.445,13.329,13.337,151398.21,1764283499999,2026751.61812,5290,51384.23,688514.53677,0
1764283500000,13.337,13.361,13.297,13.339,107071.74,1764284399999,1427502.35501,4955,44260.92,590203.26463,0
1764284400000,13.340,13.381,13.336,13.368,121742.84,1764285299999,1626342.02131,5387,72871.92,973383.57491,0
1764285300000,13.368,13.393,13.342,13.348,49961.87,1764286199999,667759.40823,3170,20719.20,276933.30939,0
1764286200000,13.348,13.360,13.301,13.357,60216.11,1764287099999,802499.57580,3751,33261.47,443278.82708,0
1764287100000,13.357,13.367,13.329,13.329,67082.14,1764287999999,895083.92217,2829,29416.94,392536.06621,0
1764288000000,13.329,13.360,13.310,13.312,135107.53,1764288899999,1801667.61056,4675,63287.61,843911.61217,0
1764288900000,13.313,13.357,13.288,13.329,94384.40,1764289799999,1257036.02067,4400,43177.51,575152.52248,0
1764289800000,13.330,13.385,13.322,13.332,91628.14,1764290699999,1223621.33484,4136,48440.34,646818.29883,0
1764290700000,13.332,13.349,13.311,13.320,48749.51,1764291599999,649493.49879,2860,26931.20,358796.64577,0
1764291600000,13.320,13.324,13.222,13.238,227615.19,1764292499999,3019986.93990,6678,78331.48,1039329.66448,0
1764292500000,13.237,13.257,13.210,13.223,173649.38,1764293399999,2297857.11601,5785,93474.44,1236918.18097,0
1764293400000,13.224,13.245,13.168,13.223,195151.67,1764294299999,2577106.39873,6586,81208.80,1072849.49269,0
1764294300000,13.223,13.228,13.148,13.159,146452.30,1764295199999,1929091.45999,6112,69220.83,911732.36442,0
1764295200000,13.160,13.195,13.141,13.191,170063.91,1764296099999,2239398.64623,7107,89732.10,1181694.18234,0
1764296100000,13.191,13.211,13.135,13.150,142886.52,1764296999999,1881738.14063,6310,73011.09,961767.67925,0
1764297000000,13.151,13.189,13.142,13.180,101765.15,1764297899999,1340575.81914,5005,62395.00,821927.14490,0
1764297900000,13.181,13.271,13.177,13.249,143201.59,1764298799999,1892236.00987,5438,97047.52,1282038.71840,0
1764298800000,13.249,13.289,13.229,13.247,169680.62,1764299699999,2249151.90358,5510,72262.33,957754.76028,0
1764299700000,13.249,13.269,13.237,13.252,65765.20,1764300599999,871607.89336,3458,31659.47,419583.68236,0
1764300600000,13.253,13.272,13.234,13.252,122345.21,1764301499999,1621445.03071,3844,68968.38,913997.60447,0
1764301500000,13.253,13.294,13.251,13.283,98570.09,1764302399999,1309085.14684,4062,48537.43,644548.53455,0
1764302400000,13.283,13.310,13.261,13.300,83109.91,1764303299999,1103724.89807,3986,47498.68,630835.51944,0
1764303300000,13.300,13.309,13.264,13.266,71143.83,1764304199999,945207.92979,3319,28987.05,385120.03691,0
1764304200000,13.266,13.280,13.242,13.242,115641.23,1764305099999,1533092.33177,4001,67950.11,900944.47741,0
1764305100000,13.243,13.252,13.230,13.237,51256.06,1764305999999,678735.21171,2848,27468.90,363752.83486,0
1764306000000,13.238,13.287,13.221,13.287,96012.32,1764306899999,1272154.70133,4064,53414.09,707903.37922,0
1764306900000,13.288,13.289,13.255,13.280,75201.23,1764307799999,998194.53429,3554,41056.92,544955.57774,0
1764307800000,13.280,13.300,13.259,13.296,101294.03,1764308699999,1345153.36813,3726,59388.97,788748.67002,0
1764308700000,13.297,13.329,13.289,13.299,120285.93,1764309599999,1600949.46556,3832,48367.91,643881.56497,0
1764309600000,13.300,13.300,13.244,13.254,111061.63,1764310499999,1473488.89471,3887,58388.70,774647.91715,0
1764310500000,13.254,13.254,13.212,13.213,93674.94,1764311399999,1239618.16401,3575,39713.13,525489.41215,0
1764311400000,13.213,13.227,13.183,13.216,81829.12,1764312299999,1080788.88296,3872,35282.88,466003.32878,0
1764312300000,13.217,13.241,13.212,13.217,49984.48,1764313199999,661126.59429,2190,27012.02,357314.55433,0
1764313200000,13.217,13.264,13.208,13.250,61088.16,1764314099999,808861.44150,3193,42921.42,568292.85255,0
1764314100000,13.250,13.309,13.242,13.303,123451.26,1764314999999,1640085.76896,4606,77166.00,1024982.65814,0
1764315000000,13.303,13.304,13.243,13.259,116550.75,1764315899999,1547230.20621,4186,53547.93,710800.88227,0
1764315900000,13.259,13.263,13.207,13.216,89828.36,1764316799999,1188869.46776,3677,37178.88,492138.84461,0
1764316800000,13.217,13.348,13.211,13.336,185697.84,1764317699999,2466900.72436,5926,104963.10,1394281.60229,0
1764317700000,13.336,13.376,13.321,13.355,171213.69,1764318599999,2285990.25276,6145,91236.48,1218185.63541,0
1764318600000,13.355,13.385,13.326,13.352,123037.89,1764319499999,1643463.46123,4654,63987.28,854679.26475,0
1764319500000,13.352,13.543,13.345,13.528,617477.62,1764320399999,8314327.48792,17288,350580.09,4719739.85017,0
1764320400000,13.528,13.539,13.471,13.487,278807.81,1764321299999,3762856.32537,9005,152459.89,2057835.35956,0
1764321300000,13.487,13.502,13.460,13.468,141559.51,1764322199999,1908247.30180,5021,79472.97,1071458.25620,0
1764322200000,13.468,13.468,13.411,13.429,146468.50,1764323099999,1968009.44089,4680,62561.53,840479.14309,0
1764323100000,13.430,13.445,13.409,13.420,64008.38,1764323999999,859539.06099,2667,31104.14,417717.39310,0
1764324000000,13.421,13.427,13.405,13.414,51138.03,1764324899999,686089.26735,3031,27918.50,374557.71889,0
1764324900000,13.414,13.440,13.401,13.411,86877.90,1764325799999,1165771.06964,3132,30342.87,407139.21213,0
1764325800000,13.412,13.473,13.405,13.463,97559.98,1764326699999,1311831.50807,6257,59688.20,802614.34360,0
1764326700000,13.462,13.482,13.439,13.456,99555.40,1764327599999,1340166.25910,4279,46884.30,631116.92499,0
1764327600000,13.456,13.467,13.328,13.328,246114.19,1764328499999,3299889.08567,7131,63637.45,853446.33068,0
1764328500000,13.329,13.329,13.229,13.295,363065.81,1764329399999,4820979.79967,11561,155034.17,2058604.48135,0
1764329400000,13.294,13.315,13.271,13.282,135376.52,1764330299999,1798896.78207,5138,58490.70,777321.34110,0
1764330300000,13.282,13.320,13.273,13.295,101398.23,1764331199999,1348627.39682,4144,44317.86,589427.09034,0
1764331200000,13.295,13.332,13.285,13.291,124985.04,1764332099999,1663991.00099,4776,49832.84,663457.62808,0
1764332100000,13.291,13.322,13.272,13.295,47491.92,1764332999999,631605.58597,3047,25457.52,338564.45218,0
1764333000000,13.295,13.334,13.286,13.307,84066.59,1764333899999,1119560.60352,3663,47322.83,630294.09702,0
1764333900000,13.307,13.326,13.297,13.299,63936.36,1764334799999,850991.51532,2921,29437.75,391779.25540,0
1764334800000,13.300,13.314,13.246,13.279,145003.27,1764335699999,1924308.00662,5632,59508.17,789771.62970,0
1764335700000,13.279,13.317,13.270,13.316,54888.44,1764336599999,729908.17315,2588,26174.56,348056.59492,0
1764336600000,13.317,13.420,13.308,13.387,164875.84,1764337499999,2204331.33065,6814,93376.47,1248381.70405,0
1764337500000,13.388,13.503,13.385,13.448,258621.02,1764338399999,3478061.09543,9711,119836.40,1612118.24355,0
1764338400000,13.448,13.462,13.408,13.427,126525.19,1764339299999,1698986.57441,6164,71017.81,953677.46192,0
1764339300000,13.427,13.519,13.418,13.496,230285.85,1764340199999,3104291.43440,8020,96761.52,1304408.84078,0
1764340200000,13.497,13.520,13.345,13.365,418333.94,1764341099999,5614271.34300,13187,177488.48,2382473.44051,0
1764341100000,13.365,13.415,13.338,13.397,236595.88,1764341999999,3165917.11180,7909,114009.78,1525943.79235,0
1764342000000,13.398,13.420,13.342,13.384,205738.67,1764342899999,2752152.89961,7106,87260.80,1167404.65344,0
1764342900000,13.385,13.475,13.375,13.459,218999.91,1764343799999,2943076.33259,7347,109138.19,1466634.86539,0
1764343800000,13.459,13.480,13.411,13.416,203802.12,1764344699999,2740609.39120,7437,99531.46,1338338.50393,0
1764344700000,13.417,13.418,13.370,13.415,155999.22,1764345599999,2089718.91905,5866,83422.01,1117476.73808,0
1764345600000,13.415,13.417,13.331,13.360,259001.93,1764346499999,3460794.51393,7230,132812.77,1774631.42490,0
1764346500000,13.361,13.364,13.185,13.193,410851.73,1764347399999,5450468.83076,11987,189593.68,2516607.89640,0
1764347400000,13.194,13.259,13.151,13.259,214997.65,1764348299999,2842607.17533,8741,117799.70,1557634.68278,0
1764348300000,13.260,13.270,13.172,13.177,179559.53,1764349199999,2373711.06904,6026,90929.53,1202439.11256,0
1764349200000,13.178,13.204,13.112,13.117,299778.51,1764350099999,3945091.19043,9318,106036.15,1395955.92140,0
1764350100000,13.117,13.140,13.072,13.083,356547.40,1764350999999,4672046.38572,10807,169787.83,2224646.28087,0
1764351000000,13.082,13.110,13.036,13.069,382627.86,1764351899999,5000982.15970,11525,178033.63,2327719.89001,0
1764351900000,13.069,13.152,13.069,13.110,263732.30,1764352799999,3457365.09446,8537,136693.33,1792003.22764,0
1764352800000,13.110,13.140,13.034,13.134,225933.03,1764353699999,2956024.05456,9821,105993.36,1386939.82806,0
1764353700000,13.134,13.148,13.097,13.114,123397.83,1764354599999,1619039.29118,4724,49276.83,646558.47639,0
1764354600000,13.114,13.139,13.079,13.128,119572.53,1764355499999,1567594.19993,4632,44814.03,587656.91429,0
1764355500000,13.128,13.144,13.076,13.114,140891.63,1764356399999,1847746.91247,4119,79706.91,1045574.99659,0
1764356400000,13.114,13.155,13.106,13.154,88809.13,1764357299999,1166127.34244,3803,46405.87,609347.16555,0
1764357300000,13.155,13.204,13.138,13.197,216574.13,1764358199999,2852909.94026,6724,137350.35,1809414.85004,0
1764358200000,13.197,13.223,13.179,13.203,105102.62,1764359099999,1387533.82937,4181,50996.48,673181.98952,0
1764359100000,13.203,13.214,13.185,13.198,53433.19,1764359999999,705292.86843,2541,21087.40,278350.42750,0
1764360000000,13.199,13.199,13.123,13.140,118453.18,1764360899999,1557335.08106,4247,50287.28,660936.10335,0
1764360900000,13.140,13.196,13.116,13.181,93851.05,1764361799999,1235264.28013,4278,49538.20,652167.43441,0
1764361800000,13.182,13.204,13.154,13.154,64951.58,1764362699999,856172.11832,2931,27252.08,359238.09115,0
1764362700000,13.154,13.203,13.137,13.191,121520.75,1764363599999,1600711.52909,3797,72011.51,948429.84401,0
1764363600000,13.191,13.214,13.175,13.189,65804.20,1764364499999,868537.18900,2861,27574.69,363989.18669,0
1764364500000,13.189,13.190,13.126,13.155,192573.55,1764365399999,2531312.04634,4541,75460.32,991764.10985,0
1764365400000,13.155,13.167,13.132,13.160,69256.58,1764366299999,910655.92775,2705,36095.00,474643.82854,0
1764366300000,13.161,13.161,13.101,13.101,63406.68,1764367199999,832130.40782,2855,31984.24,419735.38188,0
1764367200000,13.101,13.160,13.063,13.120,174678.82,1764368099999,2288989.37696,5822,81049.05,1062351.88015,0
1764368100000,13.120,13.139,13.080,13.121,91720.51,1764368999999,1202316.11589,4054,55032.98,721477.06956,0
1764369000000,13.122,13.164,13.109,13.153,53884.95,1764369899999,708067.05249,2697,34391.08,451861.69730,0
1764369900000,13.154,13.199,13.147,13.178,39283.96,1764370799999,517660.83783,2327,20339.13,267926.79236,0
1764370800000,13.179,13.211,13.165,13.181,68444.96,1764371699999,902681.64288,3191,40284.94,531208.69638,0
1764371700000,13.180,13.192,13.162,13.164,39303.99,1764372599999,517857.68617,2126,19336.24,254823.96113,0
1764372600000,13.164,13.166,13.141,13.142,48821.05,1764373499999,642147.38533,2365,18502.36,243358.89774,0
1764373500000,13.141,13.151,13.113,13.114,57201.29,1764374399999,750949.73129,2674,21320.11,279912.75142,0
1764374400000,13.115,13.126,13.100,13.113,103086.32,1764375299999,1351749.29587,3753,56534.01,741322.49273,0
1764375300000,13.114,13.133,13.086,13.113,94699.66,1764376199999,1241061.23316,3157,52598.18,689289.32775,0
1764376200000,13.113,13.146,13.079,13.113,106278.09,1764377099999,1393166.32998,3969,56289.35,737923.81314,0
1764377100000,13.114,13.130,13.100,13.128,46049.90,1764377999999,603794.80329,2206,24991.96,327658.96689,0
1764378000000,13.128,13.181,13.123,13.177,63626.83,1764378899999,837094.83104,2906,42935.28,564889.16924,0
1764378900000,13.177,13.205,13.162,13.165,94521.81,1764379799999,1246748.85156,3172,38776.82,511363.48472,0
1764379800000,13.164,13.172,13.133,13.146,52466.63,1764380699999,690264.74102,2365,18645.82,245308.08738,0
1764380700000,13.147,13.158,13.137,13.141,42265.75,1764381599999,555722.85233,1656,27773.69,365171.29014,0
1764381600000,13.141,13.150,13.131,13.149,35181.30,1764382499999,462352.62140,1977,18374.59,241480.58754,0
1764382500000,13.149,13.160,13.115,13.115,29177.02,1764383399999,383411.25167,1858,12068.28,158619.73229,0
1764383400000,13.116,13.128,13.084,13.098,82826.90,1764384299999,1084981.47680,3566,37533.83,491679.92212,0
1764384300000,13.098,13.118,13.085,13.113,60787.11,1764385199999,796753.58355,2044,32943.11,431824.41473,0
1764385200000,13.113,13.122,13.104,13.112,59331.59,1764386099999,778055.42742,2321,33122.44,434366.08172,0
1764386100000,13.112,13.120,13.082,13.083,79673.26,1764386999999,1044284.12789,2476,33782.09,442778.22570,0
1764387000000,13.083,13.087,13.047,13.073,149087.54,1764387899999,1948389.70019,3778,89518.39,1169886.55686,0
1764387900000,13.072,13.074,13.061,13.069,24944.41,1764388799999,325978.66041,1371,12184.26,159228.72813,0
1764388800000,13.069,13.083,13.049,13.049,90133.63,1764389699999,1177527.79120,2761,44136.77,576727.34889,0
1764389700000,13.049,13.066,13.038,13.059,132560.85,1764390599999,1730078.78084,3749,66266.53,864958.63761,0
1764390600000,13.060,13.092,13.056,13.073,109730.50,1764391499999,1434610.65341,3127,79364.10,1037584.51479,0
1764391500000,13.073,13.153,13.073,13.142,112841.70,1764392399999,1479825.31788,4357,78675.36,1031541.09960,0
1764392400000,13.142,13.143,13.101,13.101,53665.42,1764393299999,704210.86571,2113,21159.09,277635.38858,0
1764393300000,13.102,13.135,13.099,13.117,57106.97,1764394199999,749027.64560,2149,22892.40,300247.78826,0
1764394200000,13.118,13.135,13.104,13.112,64048.58,1764395099999,840315.88292,2301,35601.53,467077.85355,0
1764395100000,13.112,13.114,13.075,13.078,36828.26,1764395999999,482182.12645,1772,16695.08,218555.19552,0
1764396000000,13.079,13.112,13.076,13.105,71362.72,1764396899999,934358.98355,2792,40295.04,527604.59697,0
1764396900000,13.105,13.113,13.025,13.045,230306.78,1764397799999,3005280.45048,6639,98177.77,1280748.68116,0
1764397800000,13.045,13.052,12.976,13.049,314620.01,1764398699999,4095890.03689,8202,125627.87,1635796.04622,0
1764398700000,13.050,13.066,13.038,13.060,90613.87,1764399599999,1182815.31954,2848,40022.68,522431.31871,0
1764399600000,13.060,13.115,13.058,13.112,136063.78,1764400499999,1780276.50969,4441,72263.31,945581.93964,0
1764400500000,13.112,13.154,13.110,13.126,129211.36,1764401399999,1696916.42060,4292,66363.98,871412.45467,0
1764401400000,13.127,13.134,13.092,13.102,94118.32,1764402299999,1233850.76797,3988,46957.74,615551.70104,0
1764402300000,13.103,13.111,13.078,13.091,67054.79,1764403199999,877927.14271,2758,36207.43,474117.49491,0
1764403200000,13.091,13.110,13.067,13.101,94105.84,1764404099999,1231676.00427,3400,48167.05,630407.94487,0
1764404100000,13.102,13.119,13.079,13.080,70793.85,1764404999999,927553.32479,2825,39034.76,511448.00009,0
1764405000000,13.081,13.111,13.057,13.058,121292.16,1764405899999,1586900.58189,4422,42784.21,559900.84605,0
1764405900000,13.058,13.070,13.046,13.064,102767.50,1764406799999,1342053.46886,4977,57547.17,751498.28195,0
1764406800000,13.063,13.077,13.044,13.052,70513.76,1764407699999,920918.38492,3434,33198.58,433556.71177,0
1764407700000,13.052,13.060,13.035,13.047,52423.63,1764408599999,684066.34742,2527,26639.30,347646.52666,0
1764408600000,13.048,13.056,13.031,13.053,53757.41,1764409499999,701285.53180,2896,30975.50,404095.93711,0
1764409500000,13.053,13.082,13.053,13.069,54741.02,1764410399999,715420.08147,1873,26432.35,345411.64641,0
1764410400000,13.069,13.090,13.054,13.075,47185.99,1764411299999,616900.27987,2540,26214.47,342720.72538,0
1764411300000,13.076,13.125,13.017,13.107,172039.83,1764412199999,2248313.91239,5614,93094.49,1216872.06474,0
1764412200000,13.106,13.146,13.104,13.127,169776.39,1764413099999,2229565.77913,4607,90815.50,1192612.48633,0
1764413100000,13.127,13.136,13.116,13.117,80130.63,1764413999999,1051737.60299,3002,42565.38,558692.80981,0
1764414000000,13.117,13.129,13.093,13.115,77253.55,1764414899999,1013012.93237,3050,36466.33,478180.45337,0
1764414900000,13.116,13.123,13.092,13.113,48321.56,1764415799999,633327.83961,2939,27264.36,357334.06020,0
1764415800000,13.113,13.154,13.099,13.140,71912.86,1764416699999,944230.24375,3258,30286.53,397695.24997,0
1764416700000,13.141,13.162,13.136,13.149,65371.14,1764417599999,859469.10195,2554,34720.55,456460.58977,0
1764417600000,13.150,13.165,13.121,13.122,56459.54,1764418499999,742298.75003,2765,26839.03,352814.48146,0
1764418500000,13.122,13.125,13.086,13.090,71274.01,1764419399999,933705.69165,3230,33007.55,432393.10379,0
1764419400000,13.090,13.106,13.082,13.103,36907.10,1764420299999,483276.33414,2084,22082.79,289176.83976,0
1764420300000,13.103,13.117,13.088,13.088,51667.47,1764421199999,677153.88322,1834,16915.41,221707.65578,0
1764421200000,13.088,13.106,13.079,13.080,59936.88,1764422099999,784621.30416,2454,33916.70,443964.46764,0
1764422100000,13.079,13.130,13.069,13.130,70326.49,1764422999999,921235.89517,3165,42010.81,550434.32848,0
1764423000000,13.130,13.146,13.087,13.096,75712.24,1764423899999,993321.99117,3100,38948.39,511019.56992,0
1764423900000,13.096,13.109,13.079,13.081,39415.65,1764424799999,516103.81811,2093,15887.40,208035.87483,0
1764424800000,13.082,13.082,13.037,13.058,96914.69,1764425699999,1265585.62279,3449,51760.96,675971.37925,0
1764425700000,13.058,13.102,13.049,13.095,150215.30,1764426599999,1964688.04966,3727,92605.47,1211107.68756,0
1764426600000,13.095,13.109,13.076,13.089,62481.62,1764427499999,818153.89206,2659,32026.89,419347.78223,0
1764427500000,13.090,13.123,13.078,13.082,54452.16,1764428399999,713502.81238,2695,32342.93,423853.28893,0
1764428400000,13.082,13.124,13.082,13.120,79256.74,1764429299999,1038807.41227,3340,40481.27,530503.25731,0
1764429300000,13.121,13.214,13.121,13.151,238462.03,1764430199999,3142757.65560,8110,122380.29,1613003.29830,0
1764430200000,13.151,13.171,13.129,13.145,92349.60,1764431099999,1214335.99315,4204,60698.35,798190.85991,0
1764431100000,13.145,13.174,13.145,13.165,58996.95,1764431999999,776592.00911,2768,32264.85,424706.24557,0
1764432000000,13.166,13.168,13.132,13.134,80880.30,1764432899999,1063412.13981,3180,46401.42,610077.41061,0
1764432900000,13.134,13.159,13.092,13.101,96503.63,1764433799999,1266790.96205,3480,41859.01,549540.41868,0
1764433800000,13.102,13.121,13.093,13.112,66576.79,1764434699999,872708.32428,2818,38075.76,499130.39016,0
1764434700000,13.112,13.145,13.094,13.128,48434.05,1764435599999,635405.08128,2441,29597.66,388341.92955,0
1764435600000,13.128,13.138,13.087,13.095,66640.40,1764436499999,873845.82983,3070,27968.73,366781.39663,0
1764436500000,13.096,13.112,13.053,13.067,150830.17,1764437399999,1972115.48025,4899,58120.33,759968.66368,0
1764437400000,13.067,13.067,12.990,13.029,216067.93,1764438299999,2814857.06426,6521,94914.27,1236630.29777,0
1764438300000,13.028,13.041,12.972,12.989,176307.21,1764439199999,2291344.21230,4921,64285.16,835517.64017,0
1764439200000,12.990,13.005,12.904,12.956,326085.02,1764440099999,4224026.72971,8800,128402.27,1663809.72935,0
1764440100000,12.957,12.989,12.920,12.959,152548.78,1764440999999,1975992.94017,6217,75185.55,973942.35925,0
1764441000000,12.959,13.025,12.938,13.016,194442.89,1764441899999,2524914.49775,7216,90976.27,1181212.83626,0
1764441900000,13.017,13.038,12.999,13.031,253961.13,1764442799999,3306274.33087,6660,126015.16,1641091.81872,0
1764442800000,13.031,13.040,13.008,13.015,123709.27,1764443699999,1611162.09673,3597,57469.64,748583.09798,0
1764443700000,13.016,13.029,13.010,13.020,31088.54,1764444599999,404757.85630,1672,12877.52,167642.42376,0
1764444600000,13.019,13.024,12.987,13.007,95452.02,1764445499999,1241013.30693,2723,66085.61,859175.96864,0
1764445500000,13.006,13.020,12.998,13.014,54085.28,1764446399999,703703.33396,2158,29554.90,384565.17840,0
1764446400000,13.014,13.022,12.969,12.972,62739.72,1764447299999,815605.55058,3008,27510.67,357662.34658,0
1764447300000,12.971,13.000,12.966,12.985,55525.00,1764448199999,720637.59616,2427,19129.28,248321.13219,0
1764448200000,12.984,13.009,12.980,13.000,44210.82,1764449099999,574378.88851,2312,25966.25,337345.68307,0
1764449100000,12.999,13.046,12.991,13.035,101765.84,1764449999999,1326063.58014,3857,65652.20,855442.75871,0
1764450000000,13.035,13.038,12.992,12.998,76109.06,1764450899999,990718.05019,3113,26525.60,345311.75099,0
1764450900000,12.999,13.033,12.986,13.029,43752.83,1764451799999,569364.07257,2055,23905.57,311092.71012,0
1764451800000,13.029,13.040,13.016,13.016,82373.45,1764452699999,1073302.07398,6476,42862.19,558572.46088,0
1764452700000,13.016,13.035,13.012,13.022,35255.84,1764453599999,459244.06669,1509,16581.23,215970.90549,0
1764453600000,13.021,13.023,12.986,12.993,81506.70,1764454499999,1060519.71057,2560,47060.05,612436.50113,0
1764454500000,12.993,13.008,12.966,12.966,135908.51,1764455399999,1764490.54620,3402,44480.87,577611.51522,0
1764455400000,12.966,12.989,12.950,12.974,121127.81,1764456299999,1570494.07630,3446,51623.67,669424.12363,0
1764456300000,12.975,12.985,12.961,12.966,28038.41,1764457199999,363754.94827,1502,16763.25,217471.64716,0
1764457200000,12.967,12.977,12.941,12.953,88228.84,1764458099999,1143150.85782,3463,57624.80,746631.43376,0
1764458100000,12.953,13.021,12.945,12.994,59711.75,1764458999999,775657.73924,2547,38286.72,497202.45668,0
1764459000000,12.994,13.012,12.984,12.990,96509.67,1764459899999,1254446.11068,5957,62295.68,809911.52325,0
1764459900000,12.989,13.001,12.972,12.976,40552.53,1764460799999,526609.89149,1858,20572.04,267185.05191,0
1764460800000,12.976,13.019,12.969,13.015,73132.75,1764461699999,950430.42310,3164,49822.99,647556.95703,0
1764461700000,13.015,13.038,13.000,13.004,52811.05,1764462599999,687668.95435,2356,31358.82,408387.06424,0
1764462600000,13.005,13.011,12.981,12.996,56754.63,1764463499999,737564.87657,2521,28059.28,364665.56702,0
1764463500000,12.996,13.011,12.980,13.005,31084.20,1764464399999,403970.31146,1501,18611.41,241914.47259,0
1764464400000,13.004,13.090,12.992,13.060,149240.40,1764465299999,1949124.23188,5382,90563.25,1182878.05867,0
1764465300000,13.061,13.082,13.037,13.051,57810.18,1764466199999,754582.44964,2733,27031.40,352881.09128,0
1764466200000,13.051,13.083,13.048,13.065,69749.11,1764467099999,911553.00007,2655,35425.75,462963.18401,0
1764467100000,13.066,13.070,13.050,13.058,31808.19,1764467999999,415348.72886,1408,14850.70,193962.25737,0
1764468000000,13.059,13.119,13.057,13.093,90225.34,1764468899999,1181981.01685,3275,47688.51,624654.26480,0
1764468900000,13.093,13.099,13.060,13.067,47461.45,1764469799999,620669.00578,2309,15714.65,205478.23141,0
1764469800000,13.067,13.068,13.013,13.023,66938.76,1764470699999,872398.29277,2693,24551.55,320076.97032,0
1764470700000,13.023,13.032,13.004,13.009,52983.46,1764471599999,689632.33471,3871,23555.13,306618.39275,0
1764471600000,13.010,13.029,12.976,12.984,89862.81,1764472499999,1168176.43607,4203,45432.35,590666.74785,0
1764472500000,12.983,12.989,12.935,12.979,140479.57,1764473399999,1820601.81465,5057,66471.17,861532.97565,0
1764473400000,12.978,13.079,12.976,13.071,112785.56,1764474299999,1467970.58806,3665,85128.76,1107826.32369,0
1764474300000,13.072,13.104,13.052,13.103,114260.87,1764475199999,1493988.55238,4357,67801.79,886550.14096,0
1764475200000,13.104,13.109,13.069,13.086,106791.00,1764476099999,1397580.61794,4000,54863.53,717938.25403,0
1764476100000,13.085,13.095,13.054,13.056,36309.79,1764476999999,474718.84427,2155,16550.95,216450.73505,0
1764477000000,13.055,13.058,13.029,13.038,41020.90,1764477899999,535159.58577,2141,18873.88,246245.29573,0
1764477900000,13.037,13.053,13.028,13.052,31532.61,1764478799999,411153.20448,1800,19512.28,254455.28401,0
1764478800000,13.051,13.052,13.008,13.022,53728.46,1764479699999,699955.43081,2661,27645.38,360228.03888,0
1764479700000,13.021,13.033,12.974,12.980,78707.83,1764480599999,1022750.93466,3185,38614.76,501730.04658,0
1764480600000,12.981,13.002,12.971,12.986,42765.12,1764481499999,555361.79647,2264,21984.76,285530.95786,0
1764481500000,12.986,13.010,12.982,12.988,40406.55,1764482399999,525025.33124,1991,21581.91,280424.12034,0
1764482400000,12.987,13.015,12.974,12.986,39412.33,1764483299999,512053.62110,2105,19889.22,258416.66341,0
1764483300000,12.985,13.045,12.975,13.045,47176.36,1764484199999,613967.47793,2314,28187.75,366892.26515,0
1764484200000,13.046,13.071,13.043,13.049,55916.82,1764485099999,730047.01325,2386,19378.99,253022.92348,0
1764485100000,13.049,13.056,13.006,13.008,79818.54,1764485999999,1039718.15416,2695,28594.32,372445.20818,0
1764486000000,13.007,13.025,12.984,13.019,98022.92,1764486899999,1274603.27388,3417,55213.81,717986.01498,0
1764486900000,13.019,13.022,12.998,13.017,55983.70,1764487799999,728474.66434,2200,30978.74,403092.96387,0
1764487800000,13.017,13.036,13.008,13.023,40503.98,1764488699999,527349.48984,2060,23712.49,308747.54003,0
1764488700000,13.023,13.058,13.019,13.046,46107.61,1764489599999,601294.36340,2346,21980.07,286636.58180,0
1764489600000,13.047,13.054,13.027,13.037,39262.47,1764490499999,511931.49265,2292,15045.71,196170.90321,0
1764490500000,13.036,13.109,13.001,13.041,188952.76,1764491399999,2469080.18704,6953,90624.57,1184389.56601,0
1764491400000,13.042,13.058,12.988,13.052,128398.07,1764492299999,1672755.52763,6089,53834.08,701288.49744,0
1764492300000,13.051,13.067,13.021,13.027,64874.88,1764493199999,846060.28074,2783,34844.81,454496.84318,0
1764493200000,13.028,13.079,13.016,13.055,78533.82,1764494099999,1024976.50955,3458,44362.09,579029.71636,0
1764494100000,13.055,13.074,13.019,13.072,273642.93,1764494999999,3572055.69305,6804,146398.41,1911637.42199,0
1764495000000,13.071,13.076,13.043,13.069,73247.49,1764495899999,956299.95478,3046,36481.31,476330.98754,0
1764495900000,13.070,13.100,13.051,13.092,80726.42,1764496799999,1055324.05860,2637,50945.23,665968.02161,0
1764496800000,13.092,13.101,13.042,13.055,70006.50,1764497699999,914529.36311,2922,36806.60,480777.66178,0
1764497700000,13.055,13.092,13.046,13.090,50932.29,1764498599999,665711.73300,3799,23126.30,302311.69765,0
1764498600000,13.091,13.093,13.058,13.058,53419.89,1764499499999,698466.15002,2320,23405.62,306067.98583,0
1764499500000,13.059,13.075,13.043,13.046,51927.94,1764500399999,678053.89076,2371,27756.00,362432.93688,0
1764500400000,13.046,13.072,13.020,13.034,137784.91,1764501299999,1797530.57491,4514,58507.64,763319.24500,0
1764501300000,13.034,13.049,13.003,13.026,90853.47,1764502199999,1183226.95450,3602,43022.55,560234.11475,0
1764502200000,13.027,13.033,13.005,13.022,47111.67,1764503099999,613424.31550,2320,20446.25,266230.19356,0
1764503100000,13.022,13.031,12.988,12.994,86193.50,1764503999999,1120773.62819,3234,43520.47,565949.55220,0
1764504000000,12.995,13.050,12.964,13.047,141829.19,1764504899999,1844612.71392,4992,92246.70,1199738.94589,0
1764504900000,13.046,13.082,13.046,13.067,97776.71,1764505799999,1277410.78428,3068,54589.73,713111.12805,0
1764505800000,13.068,13.110,13.037,13.109,110433.40,1764506699999,1443892.94450,3942,59283.50,775289.93234,0
1764506700000,13.109,13.146,13.096,13.111,174445.09,1764507599999,2287192.28387,5364,96994.16,1271770.11700,0
1764507600000,13.111,13.116,13.082,13.111,94986.18,1764508499999,1244426.60379,3990,50356.28,659793.33409,0
1764508500000,13.111,13.279,13.111,13.272,492372.75,1764509399999,6509690.56601,14615,285060.57,3768563.83579,0
1764509400000,13.272,13.324,13.243,13.276,396027.69,1764510299999,5259640.22857,11544,190607.20,2531574.49093,0
1764510300000,13.276,13.314,13.256,13.311,157416.38,1764511199999,2089757.20321,5626,62628.29,831427.12934,0
1764511200000,13.312,13.325,13.283,13.322,193093.84,1764512099999,2569307.49144,6425,82685.04,1100212.51805,0
1764512100000,13.323,13.326,13.253,13.302,125706.07,1764512999999,1670551.83976,5199,61147.87,812688.35468,0
1764513000000,13.302,13.312,13.217,13.239,184822.08,1764513899999,2450036.42880,6877,76116.74,1009157.96754,0
1764513900000,13.240,13.321,13.227,13.279,212893.20,1764514799999,2827888.49069,7043,106160.27,1410031.42708,0
1764514800000,13.279,13.300,13.208,13.243,175083.63,1764515699999,2320357.86882,5801,76061.78,1008312.85750,0
1764515700000,13.242,13.289,13.221,13.273,88190.77,1764516599999,1169328.27789,3601,46942.59,622411.19097,0
1764516600000,13.273,13.281,13.229,13.244,103729.89,1764517499999,1374201.54074,5222,48449.59,641878.90523,0
1764517500000,13.244,13.254,13.208,13.240,106071.41,1764518399999,1403547.30432,4591,45003.37,595521.43706,0
1764518400000,13.240,13.344,13.235,13.324,325147.34,1764519299999,4324717.24015,8893,176925.32,2353282.68390,0
1764519300000,13.324,13.413,13.322,13.404,248554.62,1764520199999,3327044.86074,8295,137061.90,1834496.34429,0
1764520200000,13.404,13.412,13.316,13.353,162518.52,1764521099999,2170544.70848,6528,69640.56,930072.13849,0
1764521100000,13.354,13.398,13.349,13.371,76543.66,1764521999999,1024220.39461,3610,39288.62,525752.53445,0
1764522000000,13.371,13.373,13.268,13.286,130255.79,1764522899999,1733723.77545,5982,55019.85,732215.77385,0
1764522900000,13.286,13.322,13.281,13.297,67609.23,1764523799999,899139.77571,3053,33885.50,450660.15632,0
1764523800000,13.297,13.356,13.291,13.349,72516.74,1764524699999,966301.67508,3743,36831.86,490835.55383,0
1764524700000,13.348,13.381,13.337,13.359,78964.03,1764525599999,1054725.31978,3487,38285.72,511380.43174,0
1764525600000,13.359,13.367,13.316,13.328,98154.69,1764526499999,1309715.74434,4358,39950.64,533055.51972,0
1764526500000,13.328,13.337,13.298,13.336,84545.86,1764527399999,1125983.63388,4786,33554.40,446874.36208,0
1764527400000,13.336,13.343,13.296,13.306,88230.29,1764528299999,1175647.33486,6531,52444.92,698974.77346,0
1764528300000,13.305,13.374,13.297,13.340,65118.96,1764529199999,869221.14681,3270,33856.34,451899.83287,0
1764529200000,13.339,13.366,13.315,13.325,68099.47,1764530099999,908149.08947,3639,31609.52,421503.45009,0
1764530100000,13.325,13.339,13.281,13.286,60376.03,1764530999999,803642.09209,4143,26942.47,358733.72588,0
1764531000000,13.286,13.304,13.274,13.285,51473.20,1764531899999,683917.40999,2432,23400.68,310938.32296,0
1764531900000,13.285,13.307,13.273,13.303,42800.93,1764532799999,568746.34377,1914,30018.96,398870.02900,0
1764532800000,13.303,13.355,13.303,13.354,63085.42,1764533699999,841057.58160,3464,38967.39,519413.49626,0
1764533700000,13.353,13.353,13.278,13.291,49401.27,1764534599999,657419.28060,2696,17919.61,238358.65922,0
1764534600000,13.291,13.294,13.260,13.277,60957.93,1764535499999,809286.97372,3339,30229.60,401320.62578,0
1764535500000,13.277,13.304,13.270,13.286,35336.14,1764536399999,469597.92590,1820,16164.54,214817.11237,0
1764536400000,13.286,13.309,13.260,13.282,85142.84,1764537299999,1130797.74012,3090,44025.84,584751.66484,0
1764537300000,13.283,13.292,13.229,13.264,101757.59,1764538199999,1348421.37488,4055,38240.97,506702.76438,0
1764538200000,13.264,13.292,13.252,13.267,76582.36,1764539099999,1016352.49633,3499,37950.11,503677.30906,0
1764539100000,13.266,13.296,13.256,13.283,73134.63,1764539999999,971156.81977,2759,38112.06,506012.30484,0
1764540000000,13.284,13.318,13.282,13.309,114123.53,1764540899999,1518218.98808,4056,42912.07,570820.06516,0
1764540900000,13.309,13.327,13.274,13.275,54333.52,1764541799999,722425.79853,2567,25900.32,344426.35495,0
1764541800000,13.274,13.274,13.221,13.241,76825.27,1764542699999,1017216.26620,3494,41624.67,551125.68864,0
1764542700000,13.241,13.290,13.211,13.271,35022.78,1764543599999,463890.27968,2370,21016.83,278381.18570,0
1764543600000,13.272,13.279,13.174,13.189,122653.08,1764544499999,1620502.88597,5572,57011.88,753417.56896,0
1764544500000,13.188,13.195,13.104,13.116,176243.69,1764545399999,2317545.57516,6335,64852.71,853135.38876,0
1764545400000,13.117,13.120,13.026,13.062,377218.21,1764546299999,4928471.04036,10798,150407.13,1965315.18659,0
1764546300000,13.061,13.068,12.928,12.945,519623.43,1764547199999,6749386.56035,13359,255469.07,3319327.65218,0
