open_time,open,high,low,close,volume,close_time,quote_volume,count,taker_buy_volume,taker_buy_quote_volume,ignore
1746057600000,147.4700,148.3900,147.4700,148.1000,228517.24,1746058499999,33812400.868200,29126,110343.74,16331545.847000,0
1746058500000,148.1100,148.4000,147.8400,147.9500,196676.57,1746059399999,29125345.818100,21484,84778.15,12554419.828900,0
1746059400000,147.9400,147.9500,147.4700,147.7100,120666.91,1746060299999,17821292.203100,15777,53673.32,7926999.057800,0
1746060300000,147.7100,148.1000,147.6900,147.8800,95456.33,1746061199999,14119590.537800,13129,46462.31,6873691.581700,0
1746061200000,147.8900,148.6000,147.8800,148.1500,201148.39,1746062099999,29826176.739740,20954,107537.10,15943266.034240,0
1746062100000,148.1500,148.8300,148.1300,148.5200,153935.44,1746062999999,22866372.384900,17951,86853.47,12903088.884300,0
1746063000000,148.5200,148.9700,148.3800,148.7200,197608.79,1746063899999,29382299.903200,21234,106167.38,15788910.750400,0
1746063900000,148.7200,148.9300,148.4200,148.8600,121023.14,1746064799999,17997861.628300,15859,53004.58,7882971.959700,0
1746064800000,148.8600,149.2900,148.6900,149.0300,176312.31,1746065699999,26276509.217810,27996,90504.77,13490516.019310,0
1746065700000,149.0400,149.5200,149.0100,149.3700,169005.69,1746066599999,25239535.642700,20070,93795.44,14008026.097200,0
1746066600000,149.3700,149.5800,148.9600,149.0400,183580.99,1746067499999,27402678.892700,20354,85383.99,12748037.544100,0
1746067500000,149.0500,149.3500,148.4900,148.6200,262387.38,1746068399999,39078348.367000,22342,118900.22,17713352.974300,0
1746068400000,148.6300,149.1900,148.6200,148.7800,131468.43,1746069299999,19578236.024100,17119,65837.46,9805523.172600,0
1746069300000,148.7700,148.9200,148.5100,148.5500,128144.13,1746070199999,19054784.067300,14630,53556.06,7963661.447900,0
1746070200000,148.5400,148.9900,148.3200,148.8600,149129.78,1746071099999,22176938.706300,17063,74908.71,11140134.018100,0
1746071100000,148.8700,148.8700,148.4800,148.6500,99674.65,1746071999999,14817123.596300,11528,48698.51,7239178.027600,0
1746072000000,148.6500,148.9900,148.4000,148.4700,164788.27,1746072899999,24500781.425700,18256,72768.22,10821667.752400,0
1746072900000,148.4800,148.5500,148.0200,148.0400,126897.91,1746073799999,18812709.647100,15712,63829.41,9462431.121900,0
1746073800000,148.0400,148.4500,147.9100,148.4200,126509.80,1746074699999,18740260.061500,20662,68008.45,10075334.948000,0
1746074700000,148.4200,148.5600,148.2100,148.4800,62276.61,1746075599999,9241347.834900,9482,35770.60,5308046.035600,0
1746075600000,148.4800,148.8600,148.1800,148.6900,114044.58,1746076499999,16942034.432200,14290,64997.59,9655822.168600,0
1746076500000,148.6800,148.8400,148.4800,148.5900,58378.82,1746077399999,8677477.654500,9627,23149.29,3441558.728400,0
1746077400000,148.5900,149.3800,148.4400,149.2100,157577.79,1746078299999,23477668.692400,17358,110350.72,16443497.520600,0
1746078300000,149.2100,149.3800,148.8800,149.0800,122956.58,1746079199999,18334734.824400,19082,61751.08,9207719.814900,0
1746079200000,149.0800,149.2300,148.5600,148.5900,106123.52,1746080099999,15799250.134500,13684,38640.87,5754110.952800,0
1746080100000,148.5800,148.7600,148.4600,148.7500,56910.68,1746080999999,8457099.565500,9742,29751.61,4421689.224700,0
1746081000000,148.7600,148.8600,148.2800,148.3400,109934.50,1746081899999,16326991.965200,12548,46111.45,6848116.952500,0
1746081900000,148.3400,148.7000,148.1500,148.6400,111572.70,1746082799999,16561332.411600,12834,66317.11,9846391.748000,0
1746082800000,148.6300,148.8900,148.3500,148.8800,81407.84,1746083699999,12102445.760600,11690,36166.40,5378076.347500,0
1746083700000,148.8700,149.0400,148.6700,148.9300,73070.57,1746084599999,10879642.279000,11162,38984.06,5805002.236600,0
1746084600000,148.9400,149.9600,148.9100,149.8400,287000.07,1746085499999,42920945.362000,26257,165867.81,24801451.846300,0
1746085500000,149.8400,150.2000,149.6900,149.7000,362084.02,1746086399999,54291502.818600,27268,191984.92,28789499.454400,0
1746086400000,149.7000,150.1700,149.4600,150.0000,243305.61,1746087299999,36453412.802500,22330,138703.45,20785241.086400,0
1746087300000,150.0000,150.9800,150.0000,150.7900,474179.57,1746088199999,71445906.552490,41876,275944.51,41578857.421390,0
1746088200000,150.7900,150.9400,150.4400,150.4600,124178.08,1746089099999,18706868.478900,16796,56451.58,8505395.284700,0
1746089100000,150.4600,150.7000,150.4000,150.6600,88300.14,1746089999999,13293443.031100,12620,41844.15,6299619.522000,0
1746090000000,150.6600,150.7700,150.2500,150.5000,136607.68,1746090899999,20548101.158500,15203,62362.69,9380629.280400,0
1746090900000,150.5000,150.8800,150.3800,150.6800,119810.27,1746091799999,18051347.765300,14405,64786.73,9761452.938000,0
1746091800000,150.6800,151.7800,150.5400,151.6000,419214.98,1746092699999,63453194.669900,36285,270831.91,40996217.297400,0
1746092700000,151.6100,151.7200,151.0700,151.1100,287739.10,1746093599999,43583215.990000,24419,147420.85,22335989.660300,0
1746093600000,151.1100,151.5700,151.1000,151.3900,188078.67,1746094499999,28465212.286400,19040,101395.33,15345558.099600,0
1746094500000,151.4000,152.0000,151.3900,151.9900,493512.99,1746095399999,74918238.081400,42693,285788.96,43388281.969400,0
1746095400000,151.9900,152.1500,151.3900,151.7100,335972.65,1746096299999,50972784.588180,29047,170288.34,25841911.074780,0
1746096300000,151.7000,151.9800,151.1700,151.9500,241897.82,1746097199999,36662585.277400,22210,111816.21,16949336.657400,0
1746097200000,151.9500,152.3800,151.8900,152.1600,310308.94,1746098099999,47216631.606680,27622,151862.08,23109236.579080,0
1746098100000,152.1600,152.2000,151.3400,151.5800,245441.14,1746098999999,37226894.532600,22516,94982.78,14406674.137100,0
1746099000000,151.5900,152.1200,151.5000,151.9000,163605.16,1746099899999,24832700.566800,17598,90222.27,13695491.323900,0
1746099900000,151.9000,152.0300,151.5900,151.6700,108868.11,1746100799999,16531046.181000,13897,49058.16,7449956.978000,0
1746100800000,151.6800,151.9900,151.5200,151.7200,157383.17,1746101699999,23884064.126400,17326,70742.46,10735815.206400,0
1746101700000,151.7300,151.7800,151.2000,151.3200,224743.25,1746102599999,34030877.779100,19007,120560.23,18253656.702700,0
1746102600000,151.3100,152.2400,151.1300,152.1000,305446.65,1746103499999,46364217.382300,27500,173643.80,26355889.475700,0
1746103500000,152.1100,152.1900,151.8100,151.9500,134206.31,1746104399999,20397608.636500,17529,63106.04,9592592.663800,0
1746104400000,151.9600,152.2700,151.8900,152.1900,160148.16,1746105299999,24360798.506600,16480,84751.88,12892565.067800,0
1746105300000,152.2000,152.4800,152.0500,152.1600,231711.32,1746106199999,35274106.750100,20729,112650.85,17150750.826500,0
1746106200000,152.1700,152.1800,150.9000,151.3400,554523.27,1746107099999,83948762.499200,49956,241531.71,36566028.361500,0
1746107100000,151.3400,151.4500,150.5000,150.5300,459555.29,1746107999999,69376644.254490,39754,184864.75,27909954.167500,0
1746108000000,150.5300,151.7400,150.5300,151.6800,435061.14,1746108899999,65782922.508600,48608,248522.21,37576963.258100,0
1746108900000,151.6800,152.4900,151.6400,152.2300,390577.25,1746109799999,59421301.948160,41043,214859.46,32688737.826160,0
1746109800000,152.2300,152.5000,151.8400,152.1500,316040.89,1746110699999,48139439.908200,27982,173089.91,26374004.410200,0
1746110700000,152.1500,153.1600,152.0900,152.9400,309669.01,1746111599999,47274885.474000,29069,199086.77,30402628.509000,0
1746111600000,152.9300,153.8800,152.6600,153.7900,519858.49,1746112499999,79654108.604730,52364,283147.99,43391672.207530,0
1746112500000,153.7800,153.8800,152.8800,153.1100,321329.30,1746113399999,49222693.557000,34922,140652.62,21546758.011100,0
1746113400000,153.1100,153.1700,152.4900,152.5200,325270.70,1746114299999,49685463.620200,31499,164003.77,25052763.313800,0
1746114300000,152.5300,152.5700,151.4900,151.7700,358548.99,1746115199999,54506360.207780,36146,130861.60,19883956.878300,0
1746115200000,151.7700,152.3100,151.7500,152.0700,212882.48,1746116099999,32372815.109700,21842,116758.48,17754200.505500,0
1746116100000,152.0700,152.1700,151.6500,152.1000,186983.98,1746116999999,28397468.359400,19764,78475.29,11919037.109800,0
1746117000000,152.1100,152.8000,152.0500,152.6800,225617.23,1746117899999,34396912.004500,23233,143975.53,21949345.579400,0
1746117900000,152.6800,152.7700,151.5100,151.5800,258322.12,1746118799999,39264992.996800,22501,81051.29,12326933.416000,0
1746118800000,151.5800,152.0300,151.5300,151.9300,223439.32,1746119699999,33929720.957800,19010,103652.56,15736558.373100,0
1746119700000,151.9400,152.6500,151.7800,151.8800,283892.69,1746120599999,43186442.087200,27478,128704.61,19582253.184000,0
1746120600000,151.8900,152.0100,151.0000,151.0400,271410.29,1746121499999,41086384.006500,26880,117491.08,17784386.470200,0
1746121500000,151.0400,151.3700,150.9200,151.2100,289220.94,1746122399999,43705966.323300,24625,144283.85,21804988.900400,0
1746122400000,151.2200,151.2700,150.1200,150.2800,366996.73,1746123299999,55301063.735290,32033,134295.36,20238726.411900,0
1746123300000,150.2900,150.5900,150.0100,150.4500,296632.03,1746124199999,44561861.536500,27465,170487.40,25612814.544200,0
1746124200000,150.4500,151.0000,150.3000,150.9500,167174.44,1746125099999,25185930.279200,18821,90310.82,13608095.886600,0
1746125100000,150.9400,151.3800,150.8800,151.0400,167650.54,1746125999999,25333378.517700,16046,91055.52,13760562.731700,0
1746126000000,151.0400,151.0900,150.3600,150.5400,155219.88,1746126899999,23392077.983700,16666,54062.18,8149517.619800,0
1746126900000,150.5400,151.0200,150.4300,150.7800,96575.07,1746127799999,14561501.103100,12797,48321.63,7285866.464400,0
1746127800000,150.7700,150.8300,150.2400,150.2500,120421.55,1746128699999,18137254.503100,11914,47967.48,7225564.510500,0
1746128700000,150.2400,150.5900,150.0800,150.2100,115601.68,1746129599999,17376227.810400,14305,63336.03,9520766.348000,0
1746129600000,150.2000,150.3500,149.8000,150.2600,200242.74,1746130499999,30041622.228700,23481,92179.08,13831854.293500,0
1746130500000,150.2600,150.7200,150.2400,150.2800,157864.30,1746131399999,23758511.244000,17291,88250.37,13281866.519400,0
1746131400000,150.2800,150.3700,149.8100,149.9600,135240.82,1746132299999,20291079.284100,16082,59283.49,8893947.732600,0
1746132300000,149.9500,150.1700,149.8500,150.1400,74038.19,1746133199999,11106941.957900,11841,37706.28,5656613.642000,0
1746133200000,150.1300,150.8700,150.1200,150.8200,137979.10,1746134099999,20775782.211700,15038,94110.56,14172702.841100,0
1746134100000,150.8300,150.8800,150.4300,150.4800,79936.24,1746134999999,12038377.088100,9777,35129.14,5290580.847000,0
1746135000000,150.4800,150.8100,150.1700,150.8000,56216.19,1746135899999,8457970.526900,9415,36199.77,5446851.783800,0
1746135900000,150.8000,150.8900,150.3400,150.4400,39243.67,1746136799999,5910573.292400,7532,18360.47,2766206.638600,0
1746136800000,150.4400,150.6800,150.1600,150.6200,81923.76,1746137699999,12318613.607600,15010,42534.74,6396672.848600,0
1746137700000,150.6200,150.6700,150.2700,150.3500,49714.46,1746138599999,7480931.779200,8637,19775.85,2976304.302500,0
1746138600000,150.3400,150.3600,149.9400,150.1900,61532.06,1746139499999,9239499.868100,10408,28730.15,4314222.296500,0
1746139500000,150.1800,150.2700,150.0300,150.1700,43294.26,1746140399999,6500473.420900,8978,22334.89,3353640.662300,0
1746140400000,150.1600,150.4300,149.9000,150.4300,93824.01,1746141299999,14093043.714100,12234,44023.06,6613188.820200,0
1746141300000,150.4200,150.8100,150.3300,150.6200,60369.88,1746142199999,9090135.343800,10466,34647.07,5217071.582500,0
1746142200000,150.6100,150.6800,150.1400,150.4200,57499.42,1746143099999,8646617.849000,10517,27955.94,4204445.250000,0
1746143100000,150.4200,150.8400,150.3100,150.7300,57487.17,1746143999999,8660549.065500,10132,31280.84,4712322.959800,0
1746144000000,150.7300,151.1300,150.4100,150.7400,179327.94,1746144899999,27055271.345400,21957,95017.48,14337757.978500,0
1746144900000,150.7400,151.2800,150.5700,151.2500,124895.56,1746145799999,18861151.109700,17658,68330.68,10318803.682400,0
1746145800000,151.2500,151.6100,150.8500,151.0800,166212.78,1746146699999,25146000.338300,19547,104151.92,15759306.033700,0
1746146700000,151.0800,151.4100,151.0000,151.3500,79559.46,1746147599999,12027439.057500,13255,46364.80,7009280.207100,0
1746147600000,151.3500,151.6200,150.8000,150.8700,114222.65,1746148499999,17266200.386500,15939,58222.58,8802026.688800,0
1746148500000,150.8700,151.3700,150.7500,150.8200,84323.74,1746149399999,12736664.051500,14161,42829.76,6469895.761500,0
1746149400000,150.8200,150.8200,150.0300,150.2200,189437.11,1746150299999,28490638.146700,21692,77639.88,11675203.296800,0
1746150300000,150.2100,150.5800,150.0600,150.4300,87058.55,1746151199999,13087531.246100,14299,50339.50,7568103.508100,0
1746151200000,150.4200,150.4200,149.9800,150.1100,131282.17,1746152099999,19707246.021600,17270,56797.53,8526341.607800,0
1746152100000,150.1100,150.7800,150.0100,150.6300,90215.43,1746152999999,13571316.820900,14485,57083.20,8587008.183400,0
1746153000000,150.6300,150.9500,150.3500,150.4900,107698.92,1746153899999,16229169.163000,14915,55724.09,8399253.416300,0
1746153900000,150.4900,150.8000,150.4400,150.5300,47966.75,1746154799999,7224798.126100,9493,25699.40,3871102.677400,0
1746154800000,150.5300,150.7600,150.2400,150.6400,114699.66,1746155699999,17263004.666300,13772,73768.36,11102984.501200,0
1746155700000,150.6300,150.6800,150.0400,150.2400,78327.49,1746156599999,11765341.151800,13240,37427.79,5622125.215200,0
1746156600000,150.2400,150.5500,150.2300,150.4600,62718.59,1746157499999,9432053.943800,11931,31249.03,4699834.325100,0
1746157500000,150.4600,150.8400,150.4200,150.7000,89103.90,1746158399999,13420751.543200,12917,53489.98,8056465.178900,0
1746158400000,150.7000,150.9500,150.3500,150.3600,111159.87,1746159299999,16750087.887000,16675,63531.23,9573397.443900,0
1746159300000,150.3600,150.9700,150.3300,150.7700,114499.83,1746160199999,17254103.795500,14486,62838.81,9470175.218600,0
1746160200000,150.7600,150.8600,150.1800,150.1900,108372.68,1746161099999,16307133.308900,14635,48936.06,7365344.911500,0
1746161100000,150.1900,150.3400,150.0200,150.1000,115663.33,1746161999999,17363954.569000,13028,45226.09,6789948.713100,0
1746162000000,150.1000,150.2600,149.9300,149.9600,95478.83,1746162899999,14332053.365800,12510,38938.87,5846197.509500,0
1746162900000,149.9700,149.9800,149.3600,149.8500,284811.68,1746163799999,42599110.456300,31530,123685.67,18499295.033600,0
1746163800000,149.8400,150.0400,149.6100,149.8400,100257.89,1746164699999,15019487.453400,14259,46248.62,6929003.660300,0
1746164700000,149.8300,149.9900,149.3100,149.4400,115283.08,1746165599999,17245656.379700,14920,53291.75,7973393.843300,0
1746165600000,149.4300,149.4800,149.0800,149.4000,179557.67,1746166499999,26806370.730710,20462,94664.90,14133145.869500,0
1746166500000,149.3900,149.5300,148.9100,149.4100,160567.61,1746167399999,23947849.977300,17840,77834.29,11612104.677500,0
1746167400000,149.4100,149.6900,148.6400,148.7500,250338.04,1746168299999,37335798.281300,23234,88834.69,13256194.685100,0
1746168300000,148.7500,148.9100,148.4620,148.9000,282704.62,1746169199999,42019595.896860,23382,156336.14,23235874.324500,0
1746169200000,148.9000,149.0400,148.3500,148.6800,191952.50,1746170099999,28531539.465600,21812,96122.97,14290521.093800,0
1746170100000,148.6800,149.1100,148.4900,148.9300,135076.49,1746170999999,20119251.883800,16435,79934.76,11906695.393900,0
1746171000000,148.9200,149.0600,148.2900,148.6000,176792.16,1746171899999,26266942.321800,21156,83795.93,12450816.955400,0
1746171900000,148.6000,148.8700,148.4100,148.4300,104028.70,1746172799999,15463160.607200,14734,43367.13,6446571.594800,0
1746172800000,148.4400,149.2200,148.3000,149.1800,146823.11,1746173699999,21857246.741400,18659,97529.74,14522693.556100,0
1746173700000,149.1800,149.5200,149.0600,149.3200,227295.82,1746174599999,33934719.255800,20873,129401.25,19318723.583400,0
1746174600000,149.3300,149.5400,149.0900,149.2900,119232.29,1746175499999,17804542.031700,14801,64289.39,9599544.971500,0
1746175500000,149.3000,149.5300,149.1500,149.2200,132963.68,1746176399999,19859855.045500,14142,56665.46,8463411.373200,0
1746176400000,149.2200,149.6700,149.0100,149.6300,127551.36,1746177299999,19056770.907700,16270,70736.04,10569185.656700,0
1746177300000,149.6300,149.7400,149.3400,149.6100,85064.76,1746178199999,12720981.211000,13548,50865.24,7606820.863800,0
1746178200000,149.6100,149.6600,149.3400,149.3900,61774.27,1746179099999,9233017.345300,11426,30009.93,4485856.152300,0
1746179100000,149.3900,149.6900,149.3400,149.3700,56637.08,1746179999999,8465924.204400,10377,24830.59,3711797.603100,0
1746180000000,149.3800,150.0500,149.3700,150.0200,163730.99,1746180899999,24530349.081900,17250,83795.97,12553988.359500,0
1746180900000,150.0100,150.2200,149.7700,150.0000,139830.33,1746181799999,20976673.744500,16638,74946.41,11244399.376000,0
1746181800000,150.0000,150.1900,149.7200,149.8800,113810.53,1746182699999,17071361.870400,15976,59543.01,8931902.144200,0
1746182700000,149.8700,150.0600,149.7400,149.8300,98297.83,1746183599999,14735710.972500,12806,42965.58,6441183.225100,0
1746183600000,149.8400,150.4100,149.8400,150.3800,122419.98,1746184499999,18377087.749400,15295,72592.06,10899199.550800,0
1746184500000,150.3700,150.7300,150.2700,150.5400,187093.55,1746185399999,28152553.737800,20310,97309.11,14642055.880300,0
1746185400000,150.5400,150.5700,150.2200,150.4900,103252.96,1746186299999,15528640.471400,14823,44451.31,6685390.936700,0
1746186300000,150.5000,150.6700,150.2700,150.6300,79464.73,1746187199999,11961930.544300,16960,37674.73,5671659.180000,0
1746187200000,150.6300,150.8900,150.0700,150.1300,180067.95,1746188099999,27104928.369390,19319,82381.42,12400148.800890,0
1746188100000,150.1200,150.2900,149.7500,149.8800,190125.19,1746188999999,28522063.851900,19619,80726.89,12112527.124500,0
1746189000000,149.8700,150.7700,149.2000,150.1800,524056.19,1746189899999,78590248.358800,60433,234763.56,35220005.700200,0
1746189900000,150.1800,150.8900,150.1200,150.8500,244856.35,1746190799999,36869866.076380,31297,130077.17,19587887.534680,0
1746190800000,150.8500,150.8700,150.0500,150.0600,262352.45,1746191699999,39490086.877400,25734,104908.38,15787733.010500,0
1746191700000,150.0700,150.7100,150.0600,150.4500,336875.26,1746192599999,50655154.352100,20981,162206.11,24388317.908300,0
1746192600000,150.4600,150.8700,150.0800,150.4500,246827.94,1746193499999,37137792.399700,27016,122369.41,18416130.347400,0
1746193500000,150.4600,150.7300,150.2200,150.4800,138811.27,1746194399999,20890314.259900,18791,64485.48,9704336.218500,0
1746194400000,150.4800,151.3700,150.4800,150.8300,360255.50,1746195299999,54404627.199100,32497,205361.23,31015358.189800,0
1746195300000,150.8300,151.3100,150.6800,151.0800,166937.81,1746196199999,25221879.778800,22406,82135.86,12410597.327500,0
1746196200000,151.0800,151.8600,150.7600,150.9100,449788.46,1746197099999,68103795.512600,38984,219148.60,33190247.216700,0
1746197100000,150.9100,151.5600,150.8000,151.4600,266523.19,1746197999999,40302249.283000,27193,152593.97,23074104.638900,0
1746198000000,151.4600,151.6900,150.3000,150.3700,347686.42,1746198899999,52454774.564000,32868,175907.14,26535320.363800,0
1746198900000,150.3700,150.6600,149.5200,149.7400,311268.72,1746199799999,46691307.559400,30035,130250.77,19543085.543000,0
1746199800000,149.7400,150.1700,149.5800,150.0600,186990.07,1746200699999,28031170.082700,21834,95318.87,14289188.077700,0
1746200700000,150.0600,150.2900,149.7200,149.8200,101760.06,1746201599999,15260576.740700,15229,47498.59,7123284.332900,0
1746201600000,149.8200,151.2000,149.8200,151.0900,399740.06,1746202499999,60247844.499580,37518,223809.15,33726309.644280,0
1746202500000,151.0900,151.3700,150.7200,150.7700,219020.27,1746203399999,33082827.118900,22722,89080.28,13459189.661600,0
1746203400000,150.7600,151.0700,150.5500,150.8000,111874.14,1746204299999,16873719.150900,15579,53828.12,8119433.186100,0
1746204300000,150.8100,150.8100,149.9900,150.1000,193633.97,1746205199999,29104819.741200,22329,70235.57,10557048.742400,0
1746205200000,150.0900,150.1400,149.3600,149.7100,299200.90,1746206099999,44784962.459500,26334,142797.70,21375708.783300,0
1746206100000,149.7100,150.2400,149.6100,149.9700,188233.22,1746206999999,28217178.887500,18848,104928.59,15728990.708200,0
1746207000000,149.9700,150.1600,149.4200,149.4900,125704.38,1746207899999,18831956.077900,17314,61216.20,9172806.246200,0
1746207900000,149.4900,149.8700,149.4200,149.7300,75948.91,1746208799999,11367815.070500,13522,46736.90,6995763.353600,0
1746208800000,149.7300,150.0800,149.6300,150.0000,73019.26,1746209699999,10943646.363400,12944,46731.25,7003905.493500,0
1746209700000,150.0000,150.1100,149.6500,149.8900,60841.38,1746210599999,9119558.905400,11036,31376.11,4703070.366300,0
1746210600000,149.8900,150.4600,149.8600,150.3700,130739.37,1746211499999,19639501.019500,16202,88515.34,13296644.536300,0
1746211500000,150.3600,150.3800,149.4100,149.4500,125661.98,1746212399999,18812760.472400,15492,46090.15,6899631.469800,0
1746212400000,149.4500,149.4500,148.7100,148.8400,310169.01,1746213299999,46211118.764010,27719,103889.70,15475510.611600,0
1746213300000,148.8400,148.8400,148.1700,148.6400,369449.77,1746214199999,54847306.905340,30340,180063.41,26728251.572900,0
1746214200000,148.6300,148.6300,147.8400,148.1000,226964.37,1746215099999,33613684.732800,29182,85712.79,12696035.458500,0
1746215100000,148.1000,148.1700,147.6000,147.9700,166343.43,1746215999999,24602506.548800,24910,79422.12,11749455.840200,0
1746216000000,147.9800,148.1900,147.2800,148.0400,248154.76,1746216899999,36667564.173420,26687,117215.55,17326109.187700,0
1746216900000,148.0500,148.1200,147.8100,147.9500,86338.22,1746217799999,12775315.602500,13641,43310.31,6408666.838200,0
1746217800000,147.9400,148.2500,147.8300,148.0100,111571.15,1746218699999,16521559.696500,15305,63390.40,9387456.312900,0
1746218700000,148.0000,148.3000,147.8800,148.1600,68666.36,1746219599999,10173659.652100,11721,37405.66,5541953.599300,0
1746219600000,148.1600,148.6000,147.9800,148.3600,112469.60,1746220499999,16680629.996300,14161,57746.19,8564501.137200,0
1746220500000,148.3600,148.4600,148.0300,148.2700,58328.62,1746221399999,8643325.494500,10500,29590.48,4385041.496400,0
1746221400000,148.2700,148.4700,147.7500,147.7700,127950.85,1746222299999,18954483.828500,13910,39523.91,5857250.167500,0
1746222300000,147.7600,147.7600,147.2000,147.6100,143250.46,1746223199999,21123969.617500,18556,48547.77,7158559.638700,0
1746223200000,147.6000,147.7200,147.2200,147.5300,119575.07,1746224099999,17630233.489900,17011,51461.11,7587896.612600,0
1746224100000,147.5200,147.8400,147.4900,147.6800,92150.61,1746224999999,13609099.857600,13471,58558.44,8648154.874400,0
1746225000000,147.6800,147.7200,147.3800,147.4800,69354.62,1746225899999,10231966.123200,11768,24062.03,3549813.813800,0
1746225900000,147.4700,147.6700,147.4400,147.6500,49883.57,1746226799999,7360011.303200,10463,23051.03,3401105.562500,0
1746226800000,147.6400,147.8800,147.5200,147.8600,84316.11,1746227699999,12455367.456700,12659,42353.80,6256453.338400,0
1746227700000,147.8500,148.0400,147.5500,147.7000,94708.27,1746228599999,14001887.339600,11759,45270.54,6693006.933000,0
1746228600000,147.6900,147.9700,147.5700,147.9300,56389.47,1746229499999,8336417.058900,10800,32095.87,4744843.875400,0
1746229500000,147.9300,148.0000,147.7500,147.9300,55862.63,1746230399999,8260578.998500,9361,31852.88,4710253.700700,0
1746230400000,147.9300,148.2500,147.8100,148.1800,106223.44,1746231299999,15723345.673300,14572,67710.12,10022323.270600,0
1746231300000,148.1700,148.3900,147.8800,147.9500,79589.70,1746232199999,11792726.564900,12733,41047.48,6081807.528600,0
1746232200000,147.9500,148.3100,147.8000,147.8100,81223.75,1746233099999,12027541.102500,12720,39763.95,5888308.560900,0
1746233100000,147.8100,148.0400,147.6400,148.0200,132500.45,1746233999999,19588636.354500,15017,68957.30,10194575.073300,0
1746234000000,148.0100,148.1500,147.4300,147.5200,129388.52,1746234899999,19114772.229000,15045,59888.43,8848002.985900,0
1746234900000,147.5200,147.8000,147.4200,147.7100,70193.74,1746235799999,10361729.405400,10510,34367.36,5072998.359800,0
1746235800000,147.7100,148.0200,147.4700,147.9100,73156.35,1746236699999,10810086.159200,12397,37222.14,5500252.324900,0
1746236700000,147.9100,148.0000,147.6700,147.9700,80409.83,1746237599999,11889791.195500,11841,40374.69,5970482.632700,0
1746237600000,147.9800,148.5300,147.8900,148.4800,111751.95,1746238499999,16565152.177040,16586,75221.30,11150481.001440,0
1746238500000,148.4700,148.8400,148.2700,148.7900,150491.07,1746239399999,22353728.539000,18663,88602.90,13162106.965000,0
1746239400000,148.7800,148.9200,148.4700,148.4800,104628.78,1746240299999,15563193.635000,15048,46818.45,6965434.397800,0
1746240300000,148.4700,148.7100,148.3800,148.6700,52797.70,1746241199999,7841165.774400,10044,30149.94,4477739.078900,0
1746241200000,148.6700,149.0000,148.5100,148.5600,147749.96,1746242099999,21982986.647300,16280,80100.25,11918740.240600,0
1746242100000,148.5600,148.6900,148.1500,148.2500,99524.74,1746242999999,14760953.005300,13966,36297.45,5383637.611300,0
1746243000000,148.2400,148.4200,147.9500,148.4000,124919.55,1746243899999,18506688.818200,15251,59420.90,8805893.764600,0
1746243900000,148.3900,148.5600,148.1700,148.2200,56694.98,1746244799999,8410676.159400,10515,25951.46,3850542.255500,0
1746244800000,148.2200,148.5000,148.1800,148.3900,55049.25,1746245699999,8165525.323300,10181,24441.22,3625302.341700,0
1746245700000,148.3900,148.4000,148.1700,148.2300,54758.14,1746246599999,8120462.736300,10081,19343.55,2868158.284200,0
1746246600000,148.2300,148.4400,148.1300,148.2200,48984.18,1746247499999,7262056.786700,9220,21758.49,3225635.877200,0
1746247500000,148.2100,148.2400,148.0100,148.0300,52124.27,1746248399999,7721518.340300,8940,17166.57,2543059.845200,0
1746248400000,148.0200,148.0600,147.8200,147.8600,70797.91,1746249299999,10472699.912500,10805,26126.55,3864913.912600,0
1746249300000,147.8500,147.9800,147.7000,147.7200,66041.23,1746250199999,9764062.558700,11056,28140.97,4160894.426600,0
1746250200000,147.7100,148.0900,147.5100,148.0300,87284.81,1746251099999,12899790.059100,13170,43210.06,6388149.799100,0
1746251100000,148.0300,148.0600,147.6400,147.6800,53545.60,1746251999999,7914211.418400,8789,25240.91,3730368.107800,0
1746252000000,147.6800,147.7900,147.5300,147.7600,105181.39,1746252899999,15528696.210700,11861,48904.23,7219695.006500,0
1746252900000,147.7600,147.7600,147.3300,147.4700,133955.36,1746253799999,19755579.243800,14141,57801.25,8524088.431700,0
1746253800000,147.4600,147.8500,147.3700,147.7200,79885.36,1746254699999,11797988.181900,10278,46438.33,6859024.388300,0
1746254700000,147.7300,147.8000,147.5000,147.7600,68369.44,1746255599999,10094842.707800,9701,33084.08,4884244.075000,0
1746255600000,147.7600,147.8200,147.5500,147.6100,55168.75,1746256499999,8147660.931800,9286,28805.74,4254254.751200,0
1746256500000,147.6100,147.7500,147.2600,147.4200,92047.17,1746257399999,13570497.967500,11956,35875.57,5289266.731100,0
1746257400000,147.4200,147.9500,147.4100,147.9000,77489.95,1746258299999,11447177.671700,11681,49705.79,7343078.138200,0
1746258300000,147.8900,148.1100,147.7900,148.0200,75818.50,1746259199999,11218230.964200,11356,43298.03,6406732.757600,0
1746259200000,148.0300,148.0500,147.5800,147.6500,91304.18,1746260099999,13492316.305500,10965,38036.22,5620266.778800,0
1746260100000,147.6400,147.9900,147.6400,147.9000,74810.53,1746260999999,11062382.483200,10571,35352.11,5227825.676500,0
1746261000000,147.9000,148.3000,147.8000,148.1600,94532.50,1746261899999,14001435.443700,12420,59996.96,8886614.852800,0
1746261900000,148.1600,148.2900,147.8100,147.8500,66982.26,1746262799999,9914074.887500,9478,34004.84,5034157.011300,0
1746262800000,147.8500,147.9200,147.3700,147.4800,132744.13,1746263699999,19587629.231600,12510,61067.69,9010838.913900,0
1746263700000,147.4800,147.7100,147.3800,147.5200,93159.44,1746264599999,13744104.549100,10900,40579.38,5987567.247900,0
1746264600000,147.5200,147.5400,147.2800,147.3500,89561.45,1746265499999,13198779.821100,10423,39817.25,5868100.477500,0
1746265500000,147.3600,147.5000,146.8100,147.1600,251727.41,1746266399999,37025600.116100,24477,81042.41,11925025.355800,0
1746266400000,147.1600,147.3100,147.0200,147.2800,111633.42,1746267299999,16427845.238000,13621,55070.40,8104451.987200,0
1746267300000,147.2800,147.5500,147.1900,147.2200,109959.55,1746268199999,16204848.760600,12624,51776.53,7631463.606400,0
1746268200000,147.2100,147.3300,146.8000,146.8500,190726.38,1746269099999,28048287.690600,19536,79746.91,11729243.389000,0
1746269100000,146.8400,147.1200,146.6000,146.7000,239278.02,1746269999999,35138753.284100,20341,109198.44,16038869.437000,0
1746270000000,146.7000,147.0600,146.6800,146.9000,122824.39,1746270899999,18042237.860400,13065,55747.79,8188944.284500,0
1746270900000,146.8900,147.1500,146.7900,147.0900,75711.26,1746271799999,11129673.333600,9382,44027.74,6472724.904800,0
1746271800000,147.0900,147.3000,146.8700,147.0700,95566.77,1746272699999,14061404.315500,11857,39791.50,5855272.296900,0
1746272700000,147.0700,147.1300,146.9100,147.0300,54992.84,1746273599999,8085926.122400,9463,25694.41,3777819.370800,0
1746273600000,147.0200,147.3700,147.0200,147.3400,67875.99,1746274499999,9995564.370400,10460,37098.94,5463238.194900,0
1746274500000,147.3500,147.7500,147.3400,147.7000,134582.71,1746275399999,19860037.239600,14719,84816.92,12515325.270600,0
1746275400000,147.7000,147.9900,147.6300,147.9200,136278.34,1746276299999,20145629.593800,15343,84453.31,12484900.870200,0
1746276300000,147.9300,148.0300,147.7100,147.9800,136235.31,1746277199999,20151610.883600,14472,76365.10,11296088.666300,0
1746277200000,147.9900,148.2500,147.9600,148.0500,169817.76,1746278099999,25151274.095000,21052,96066.84,14228281.099700,0
1746278100000,148.0600,148.4400,148.0500,148.3400,150297.31,1746278999999,22284453.757200,15824,79107.71,11729831.633700,0
1746279000000,148.3300,148.4100,148.0000,148.2800,136335.46,1746279899999,20198711.910200,15870,61376.09,9093528.958200,0
1746279900000,148.2800,148.4800,148.1000,148.3000,119793.01,1746280799999,17766385.942140,14348,64779.79,9607235.664840,0
1746280800000,148.3000,148.7600,148.0500,148.0700,173377.42,1746281699999,25735101.477400,19172,88057.96,13073115.726600,0
1746281700000,148.0700,148.5500,148.0500,148.1000,109030.71,1746282599999,16168351.384000,13827,68175.32,10110764.139300,0
1746282600000,148.1000,148.3800,147.9600,148.3000,84951.05,1746283499999,12586332.654000,12767,40700.76,6031061.937200,0
1746283500000,148.3000,148.4500,148.1500,148.3900,60030.64,1746284399999,8903468.616200,10378,27357.87,4057839.936800,0
1746284400000,148.3900,149.0000,148.3800,148.6500,264596.58,1746285299999,39348157.068400,24330,169552.60,25215559.140700,0
1746285300000,148.6600,148.6600,148.3900,148.5400,76790.03,1746286199999,11405013.369800,11748,44774.22,6649697.001000,0
1746286200000,148.5400,148.8700,148.4400,148.7200,148490.15,1746287099999,22077592.386000,13714,90673.83,13480620.511500,0
1746287100000,148.7100,148.7400,148.2500,148.3700,108381.06,1746287999999,16090025.681500,14180,46966.40,6971746.660300,0
1746288000000,148.3700,148.3900,147.9300,148.0000,154223.22,1746288899999,22844105.332500,17162,58131.23,8610948.053500,0
1746288900000,148.0000,148.1400,147.8600,148.0200,104266.23,1746289799999,15432807.542900,13816,54436.77,8058268.678400,0
1746289800000,148.0200,148.0300,147.2100,147.6700,215074.05,1746290699999,31736010.341100,22946,98358.07,14512722.947100,0
1746290700000,147.6600,147.6800,147.1700,147.2800,137142.89,1746291599999,20217260.277400,16933,67593.36,9965205.340100,0
1746291600000,147.2900,147.3000,146.0100,146.3700,496156.44,1746292499999,72690892.324220,49089,205872.49,30150320.696700,0
1746292500000,146.3700,146.4200,145.7400,146.3500,374171.35,1746293399999,54643412.213560,33850,165054.05,24110713.551200,0
1746293400000,146.3500,146.3700,145.8900,146.0400,129729.06,1746294299999,18950609.672600,16334,60029.00,8768380.714200,0
1746294300000,146.0400,146.7500,146.0300,146.7000,178492.97,1746295199999,26139107.981000,17756,114443.03,16758985.338500,0
1746295200000,146.7000,147.0200,146.4900,146.9400,112825.27,1746296099999,16557966.863200,15206,59119.34,8677695.626700,0
1746296100000,146.9400,147.3300,146.8500,147.0200,115110.45,1746296999999,16932582.902900,15577,56125.74,8256157.920700,0
1746297000000,147.0200,147.0200,146.4000,146.4100,71965.03,1746297899999,10554798.851600,12940,26494.81,3885585.208300,0
1746297900000,146.4200,146.7300,146.3700,146.6100,90589.64,1746298799999,13274775.988400,12263,53324.59,7814976.964900,0
1746298800000,146.6100,147.0600,146.4400,146.8400,75185.54,1746299699999,11036641.980600,14681,42862.77,6292101.483200,0
1746299700000,146.8500,147.2600,146.8200,147.2300,70825.35,1746300599999,10415577.285300,11671,38748.78,5698518.173500,0
1746300600000,147.2200,147.3500,147.0100,147.1100,53670.24,1746301499999,7900851.685700,10830,21347.73,3142666.975000,0
1746301500000,147.1100,147.4200,147.0400,147.3600,56820.53,1746302399999,8367366.776500,10350,25647.35,3776857.599600,0
1746302400000,147.3600,147.7000,147.2800,147.3400,81511.91,1746303299999,12021447.387080,12432,43627.69,6434785.536980,0
1746303300000,147.3500,147.5600,147.2000,147.4700,75288.16,1746304199999,11097407.417700,11972,42683.78,6291712.533900,0
1746304200000,147.4700,147.5000,147.1400,147.2800,49911.55,1746305099999,7351740.480300,9287,17431.74,2567928.665800,0
1746305100000,147.2800,147.4500,147.1000,147.4500,37026.56,1746305999999,5453521.570900,8473,20545.12,3026263.682100,0
1746306000000,147.4500,147.4700,146.8300,147.1800,71099.36,1746306899999,10454179.629600,10959,33576.11,4937152.311800,0
1746306900000,147.1900,147.8500,147.0600,147.7900,104228.02,1746307799999,15376573.718100,13762,59064.47,8713376.946900,0
1746307800000,147.7800,147.7800,147.4400,147.6300,49064.92,1746308699999,7243228.973400,9723,23886.86,3526421.873800,0
1746308700000,147.6300,147.8500,147.3600,147.5600,45987.21,1746309599999,6788704.583100,10184,20275.43,2993312.704600,0
1746309600000,147.5500,147.6200,147.2000,147.3400,77723.12,1746310499999,11456417.029100,14748,37365.94,5507633.734900,0
1746310500000,147.3500,147.4700,147.2300,147.3900,31483.49,1746311399999,4639375.467100,7991,14135.60,2083161.416600,0
1746311400000,147.4000,147.6800,147.3900,147.6300,34084.44,1746312299999,5028336.279700,7829,21349.56,3149434.377900,0
1746312300000,147.6300,147.6400,147.2200,147.3100,65315.16,1746313199999,9626805.567200,9008,17194.55,2534529.907900,0
1746313200000,147.3100,147.3200,146.9000,146.9200,49521.18,1746314099999,7284100.372000,8738,16291.22,2396156.254600,0
1746314100000,146.9300,147.0500,146.6200,146.6600,76627.47,1746314999999,11255066.721300,11256,30733.54,4514793.923400,0
1746315000000,146.6600,146.8900,146.5600,146.7400,71396.30,1746315899999,10474010.256600,12745,32181.38,4721227.519900,0
1746315900000,146.7400,146.8900,146.5400,146.6200,61781.73,1746316799999,9063599.568800,10312,28488.28,4180039.810200,0
1746316800000,146.6200,146.9700,146.5000,146.8100,151215.92,1746317699999,22192390.722600,15383,60520.19,8882705.238400,0
1746317700000,146.8000,147.0200,146.4500,146.4800,72247.05,1746318599999,10603076.833300,12634,30335.73,4453617.129100,0
1746318600000,146.4800,146.6700,146.1000,146.1100,130866.05,1746319499999,19148094.378000,17488,51517.45,7540216.312000,0
1746319500000,146.1100,146.4700,145.9100,146.3400,142848.30,1746320399999,20874851.272980,16823,79981.78,11689511.567700,0
1746320400000,146.3300,146.7500,146.0600,146.7400,93003.52,1746321299999,13616580.180900,14096,52892.33,7746710.778300,0
1746321300000,146.7300,146.9300,146.5100,146.8200,60852.78,1746322199999,8930122.902000,12010,34954.02,5129483.468300,0
1746322200000,146.8100,146.9700,146.1500,146.1600,106713.94,1746323099999,15633136.142700,14261,33234.24,4869168.538700,0
1746323100000,146.1600,147.1600,145.7700,146.9800,219680.65,1746323999999,32180345.567400,36877,112922.94,16550310.331500,0
1746324000000,146.9900,147.6600,146.8200,147.4900,161812.27,1746324899999,23835296.676220,22805,76900.86,11328361.800620,0
1746324900000,147.4800,147.5200,146.9100,147.0500,84562.30,1746325799999,12443082.719300,14897,40635.23,5978713.051200,0
1746325800000,147.0500,147.1400,145.9600,146.2000,182851.22,1746326699999,26761607.465380,23588,71331.43,10437362.192000,0
1746326700000,146.2000,146.3500,146.0300,146.2300,77341.56,1746327599999,11307514.723400,14525,41404.25,6053758.967100,0
1746327600000,146.2200,146.2200,145.5400,145.6900,241288.37,1746328499999,35167647.575300,29297,89682.63,13070887.241600,0
1746328500000,145.6900,146.0300,145.5800,146.0200,98813.31,1746329399999,14410766.829700,14434,52262.71,7620906.748400,0
1746329400000,146.0200,146.1000,145.7400,146.0300,87836.45,1746330299999,12819869.056200,12790,45693.03,6669366.949300,0
1746330300000,146.0200,146.1100,145.4000,145.5300,140950.91,1746331199999,20532063.588300,14647,34837.86,5079292.649800,0
1746331200000,145.5200,145.7800,145.3700,145.6800,125829.49,1746332099999,18315900.850200,20014,70010.62,10191383.312500,0
1746332100000,145.6700,145.8700,145.5300,145.6700,64291.74,1746332999999,9368975.683800,10753,35722.26,5206060.021700,0
1746333000000,145.6600,145.6800,145.1400,145.2200,107978.22,1746333899999,15687689.500600,15177,42945.32,6239259.716300,0
1746333900000,145.2200,145.4500,145.1100,145.3600,88820.54,1746334799999,12903356.930200,13955,36266.30,5269757.681800,0
1746334800000,145.3600,146.1600,145.2600,145.7700,148013.94,1746335699999,21578618.211600,18215,91289.65,13305412.289400,0
1746335700000,145.7600,146.2400,145.5100,146.0700,174674.50,1746336599999,25501384.416400,17440,97364.73,14212862.751100,0
1746336600000,146.0800,146.2500,145.9100,146.1700,102238.35,1746337499999,14935980.310300,12849,51381.92,7507443.040300,0
1746337500000,146.1700,146.4800,146.1500,146.1800,93801.38,1746338399999,13726978.733500,12770,47594.80,6965117.462300,0
1746338400000,146.1800,146.3100,145.7600,145.8800,119868.59,1746339299999,17504496.459200,14924,62251.00,9091426.638600,0
1746339300000,145.8800,146.0800,145.5100,145.6200,103700.48,1746340199999,15112369.780400,12968,38234.84,5572505.530900,0
1746340200000,145.6200,145.7700,145.5000,145.7600,76953.60,1746341099999,11206168.949400,12700,37217.39,5420217.566100,0
1746341100000,145.7500,145.9600,145.5000,145.6000,89531.59,1746341999999,13050830.706800,11292,50280.51,7330743.236200,0
1746342000000,145.6000,145.8600,145.2900,145.8600,128184.37,1746342899999,18650070.335200,12707,81606.00,11875971.246800,0
1746342900000,145.8500,145.9700,145.3100,145.5300,109074.87,1746343799999,15889844.931300,11410,34056.49,4960887.333000,0
1746343800000,145.5200,145.5300,145.1000,145.1800,145221.15,1746344699999,21085929.327100,14881,48745.90,7078623.967000,0
1746344700000,145.1900,145.5700,145.1700,145.5600,147972.79,1746345599999,21510537.698400,13561,82121.27,11938183.778600,0
1746345600000,145.5600,145.6800,145.4400,145.6500,72376.37,1746346499999,10534099.042900,9677,42490.83,6184712.611800,0
1746346500000,145.6400,145.6700,145.3700,145.5700,83225.43,1746347399999,12109510.321300,12281,39845.15,5798006.484700,0
1746347400000,145.5700,145.8800,145.2200,145.2500,140683.07,1746348299999,20472630.933400,18051,69908.10,10175028.793300,0
1746348300000,145.2400,145.4300,144.9800,145.2400,135902.27,1746349199999,19726188.386700,17461,63608.70,9234141.899100,0
1746349200000,145.2300,145.2400,144.6800,144.9800,218292.86,1746350099999,31642229.255420,27692,93472.31,13551532.110900,0
1746350100000,144.9800,145.0900,144.5900,144.7500,139142.88,1746350999999,20140700.756500,19476,59373.95,8594811.706600,0
1746351000000,144.7400,145.1900,144.5700,144.9700,152955.13,1746351899999,22169400.260300,16928,77443.86,11226750.291700,0
1746351900000,144.9700,145.1600,144.7800,144.8400,80954.98,1746352799999,11736193.913000,11395,39542.83,5732675.305200,0
1746352800000,144.8400,145.1100,144.8100,145.0600,66573.46,1746353699999,9650223.130800,11106,32518.94,4714065.114500,0
1746353700000,145.0500,145.2300,144.6700,145.1800,88131.26,1746354599999,12774299.806300,13624,42899.93,6219361.818600,0
1746354600000,145.1900,145.4900,145.0900,145.3500,112658.80,1746355499999,16371690.030400,13271,54156.84,7870910.282000,0
1746355500000,145.3500,145.4300,145.0900,145.3200,66638.41,1746356399999,9681725.473700,10848,37418.38,5436673.118800,0
1746356400000,145.3200,145.8000,145.1900,145.7600,154295.17,1746357299999,22461194.487600,16524,70590.02,10275423.830600,0
1746357300000,145.7500,145.9000,145.5100,145.5500,123115.93,1746358199999,17940910.528300,15257,62356.14,9087181.282900,0
1746358200000,145.5400,145.5700,145.3000,145.4200,69131.86,1746359099999,10053122.402600,10703,32239.19,4688094.561400,0
1746359100000,145.4100,145.4800,145.0800,145.3400,53543.74,1746359999999,7778276.865600,8557,24615.01,3576211.264000,0
1746360000000,145.3300,145.7500,145.3200,145.7400,79976.45,1746360899999,11642965.389300,10113,39582.25,5762381.464600,0
1746360900000,145.7500,145.8400,145.4500,145.6300,72268.92,1746361799999,10526953.920100,10261,27289.10,3974585.187100,0
1746361800000,145.6200,145.7800,145.4700,145.7600,47674.19,1746362699999,6943171.779500,8841,23966.57,3490593.740800,0
1746362700000,145.7600,145.9900,145.4100,145.4400,116222.51,1746363599999,16938581.660400,14924,47784.65,6966336.079300,0
1746363600000,145.4500,145.7400,145.3300,145.4300,96140.63,1746364499999,13994128.664400,10957,42618.71,6203102.255600,0
1746364500000,145.4300,145.4600,145.0300,145.3500,127135.62,1746365399999,18459705.302200,16130,66387.51,9639000.000600,0
1746365400000,145.3400,145.3900,144.9200,145.0000,98052.65,1746366299999,14231189.667500,14603,35724.73,5185750.781800,0
1746366300000,145.0000,145.5800,144.8600,145.5100,98936.41,1746367199999,14376294.719200,14248,56265.72,8175720.051900,0
1746367200000,145.5100,145.8800,145.4200,145.6900,128376.69,1746368099999,18704471.913500,14619,53833.24,7844148.118200,0
1746368100000,145.6800,146.1200,145.6500,146.1100,93642.36,1746368999999,13667952.768020,13723,53494.45,7808102.603320,0
1746369000000,146.1200,146.4100,146.0100,146.2600,146474.88,1746369899999,21417062.837000,17037,73113.43,10691386.965300,0
1746369900000,146.2600,146.6000,146.2300,146.4100,216096.35,1746370799999,31641460.850900,20694,119606.22,17513585.013800,0
1746370800000,146.4000,147.1800,146.3900,146.9000,385996.85,1746371699999,56677464.040200,41904,221753.31,32559382.581200,0
1746371700000,146.9000,147.0300,146.5500,146.9800,235787.86,1746372599999,34612793.704100,21044,103621.95,15210967.638600,0
1746372600000,146.9900,147.1000,146.5500,146.5900,124152.25,1746373499999,18221731.311400,15041,48692.80,7146815.991200,0
1746373500000,146.5900,146.9100,146.3300,146.7300,106727.04,1746374399999,15653911.823600,14775,49857.95,7314229.804800,0
1746374400000,146.7300,147.0600,146.5900,146.7000,123540.69,1746375299999,18147060.840700,15384,51678.14,7591774.618000,0
1746375300000,146.7000,147.0500,146.4300,147.0200,125751.32,1746376199999,18458181.310500,16129,54151.49,7948555.911200,0
1746376200000,147.0200,147.0400,146.4800,146.5600,112557.05,1746377099999,16521451.700400,16649,45293.94,6649015.972600,0
1746377100000,146.5500,146.8600,146.3400,146.7300,88985.37,1746377999999,13046986.665000,15410,40638.57,5958023.700500,0
1746378000000,146.7300,147.3000,146.7100,146.9700,137593.67,1746378899999,20230555.820700,17289,73060.34,10742559.141200,0
1746378900000,146.9800,147.0000,146.6100,146.6500,96835.85,1746379799999,14212711.794500,13550,47294.47,6941134.194200,0
1746379800000,146.6500,146.7400,146.2300,146.7200,137941.54,1746380699999,20204574.579800,17088,54089.90,7924665.314100,0
1746380700000,146.7100,147.2100,146.6400,147.0700,121368.54,1746381599999,17838410.990100,15589,61935.14,9102751.902800,0
1746381600000,147.0700,147.7900,146.9200,146.9900,247182.24,1746382499999,36430616.246120,27071,137416.08,20257546.909420,0
1746382500000,146.9800,147.4000,146.9800,147.2700,79686.60,1746383399999,11732423.784000,14792,43349.67,6382375.268000,0
1746383400000,147.2600,147.4500,146.9400,147.1300,94115.62,1746384299999,13852664.081900,12735,55640.27,8190027.829400,0
1746384300000,147.1300,147.1600,146.4400,146.4400,110211.45,1746385199999,16169628.818700,15635,43718.81,6414433.538300,0
1746385200000,146.4500,146.4800,146.1000,146.2300,148357.02,1746386099999,21696385.141000,17888,66252.25,9689641.707500,0
1746386100000,146.2300,146.3000,145.8900,146.2700,127329.34,1746386999999,18601033.612180,15734,53938.05,7881311.961800,0
1746387000000,146.2700,146.7000,146.1400,146.6400,90751.04,1746387899999,13290482.343800,13632,52267.51,7655561.293000,0
1746387900000,146.6400,146.7200,145.9500,146.0800,72617.43,1746388799999,10617544.593600,11563,28630.06,4186506.404900,0
1746388800000,146.0800,146.4300,146.0200,146.3300,83857.02,1746389699999,12263717.589800,11659,44825.54,6555882.337200,0
1746389700000,146.3300,146.8400,146.0800,146.6400,96519.58,1746390599999,14143863.452500,14257,53324.69,7815207.718100,0
1746390600000,146.6400,146.9600,146.5400,146.9000,69822.68,1746391499999,10248610.973900,12791,36932.30,5420887.693300,0
1746391500000,146.9000,147.0500,146.7900,146.8700,74707.08,1746392399999,10977616.770700,10362,38310.16,5629717.817700,0
1746392400000,146.8800,146.9100,146.3400,146.4200,64251.74,1746393299999,9418250.970000,10688,22703.24,3328117.702700,0
1746393300000,146.4200,146.6900,146.3300,146.6400,61417.92,1746394199999,8996811.644200,8823,34196.93,5009680.989000,0
1746394200000,146.6500,146.7500,146.5500,146.7200,28632.92,1746395099999,4199277.192200,7428,19860.17,2912671.826500,0
1746395100000,146.7300,147.0400,146.7200,147.0300,89449.87,1746395999999,13138668.546800,10186,63439.43,9318207.354400,0
1746396000000,147.0300,147.0700,146.1900,146.3500,360378.39,1746396899999,52821286.262600,36506,200342.30,29361260.716200,0
1746396900000,146.3500,146.6800,145.8600,146.0400,131830.73,1746397799999,19265613.775300,19099,69798.09,10199773.176000,0
1746397800000,146.0400,146.0500,145.0200,145.1000,333803.73,1746398699999,48544230.658600,37261,162813.98,23673222.610900,0
1746398700000,145.1000,145.2500,144.8900,145.0700,139177.22,1746399599999,20191915.727120,16517,71316.14,10347897.868900,0
1746399600000,145.0600,145.1400,144.3200,144.7900,236968.56,1746400499999,34277458.742120,26599,105181.42,15215930.228700,0
1746400500000,144.8000,144.8000,143.8000,143.9100,281651.45,1746401399999,40630128.871100,34130,107681.56,15541827.194700,0
1746401400000,143.9100,144.1700,143.5500,143.6400,262480.83,1746402299999,37752079.570900,30142,131660.41,18938014.522600,0
1746402300000,143.6500,144.1200,143.6100,143.8700,133880.19,1746403199999,19258876.160400,17221,78176.85,11245868.789200,0
1746403200000,143.8600,144.5500,143.6600,144.4100,205186.40,1746404099999,29556446.867900,24135,117573.77,16937487.253700,0
1746404100000,144.4100,145.3300,144.2600,145.3000,209367.95,1746404999999,30307654.637120,24890,128737.96,18637941.713720,0
1746405000000,145.3000,145.3900,144.7500,144.7900,156690.83,1746405899999,22739189.256700,22304,65664.90,9530070.405500,0
1746405900000,144.7900,145.2600,144.7900,145.0600,71632.07,1746406799999,10390970.961700,13722,39227.65,5689897.665900,0
1746406800000,145.0700,145.1500,144.3200,144.5400,123739.36,1746407699999,17901189.247500,18048,49422.12,7150557.252200,0
1746407700000,144.5400,144.7300,143.9000,143.9400,214433.61,1746408599999,30925702.437700,24026,93667.68,13512384.746500,0
1746408600000,143.9400,143.9900,142.7300,143.1300,457605.99,1746409499999,65580102.234330,54574,203031.60,29094898.374800,0
1746409500000,143.1300,143.4600,142.7900,143.1300,200480.47,1746410399999,28702170.056500,22533,110808.65,15867233.339000,0
1746410400000,143.1200,143.8200,142.4200,143.6700,440292.41,1746411299999,62972827.837400,45580,239757.06,34306678.389300,0
1746411300000,143.6600,144.7500,143.6600,144.6000,312392.58,1746412199999,45095236.569320,35669,149669.39,21601309.193520,0
1746412200000,144.5900,144.9800,144.5800,144.6100,156772.28,1746413099999,22695589.616820,20086,82874.35,11997582.469220,0
1746413100000,144.6000,144.9700,144.5700,144.6900,88181.78,1746413999999,12765135.109500,12185,44124.72,6387563.809900,0
1746414000000,144.6900,145.0700,144.4000,144.4600,175205.10,1746414899999,25347602.178500,19273,82062.39,11874185.250400,0
1746414900000,144.4500,144.8000,144.2500,144.5300,133452.60,1746415799999,19281389.695300,15824,58428.47,8443023.461000,0
1746415800000,144.5300,145.2400,144.5300,145.2300,91913.32,1746416699999,13322631.985300,14061,61604.56,8929915.094000,0
1746416700000,145.2300,145.2400,144.8000,144.8300,75784.96,1746417599999,10985161.703300,12441,32239.47,4673059.160300,0
1746417600000,144.8400,145.3200,144.8200,145.2900,115341.22,1746418499999,16734483.489400,17581,62207.14,9025517.480500,0
1746418500000,145.2800,145.9300,145.2800,145.7700,256404.52,1746419399999,37341136.133500,29812,161773.02,23559803.908100,0
1746419400000,145.7700,146.4400,145.7000,146.3300,251117.82,1746420299999,36696520.141080,25830,145239.45,21222623.001180,0
1746420300000,146.3300,146.4600,146.0300,146.2500,140104.36,1746421199999,20482080.320100,18357,56699.15,8289737.961200,0
1746421200000,146.2500,146.4300,145.9400,146.1000,185080.38,1746422099999,27061156.462200,18442,83224.62,12168914.024500,0
1746422100000,146.1000,146.4300,146.0400,146.4000,97261.09,1746422999999,14230568.110200,13407,51476.07,7531569.647700,0
1746423000000,146.3900,146.6100,146.1800,146.3100,157297.26,1746423899999,23023134.662800,17689,81168.19,11882671.911900,0
1746423900000,146.3000,147.1100,146.3000,146.9500,246125.94,1746424799999,36116872.823300,26765,151365.43,22212586.168000,0
1746424800000,146.9400,147.3100,146.5500,146.5600,184112.34,1746425699999,27036902.532200,22387,85989.47,12629667.818300,0
1746425700000,146.5600,146.9200,146.5100,146.7200,97805.01,1746426599999,14346999.321800,13512,49748.23,7297522.938500,0
1746426600000,146.7200,146.9500,146.6400,146.6500,83814.90,1746427499999,12303312.251600,12431,42662.22,6262339.738000,0
1746427500000,146.6500,146.8500,146.5300,146.7000,61972.64,1746428399999,9090693.329900,9752,27656.63,4056984.506800,0
1746428400000,146.7000,146.8300,146.4400,146.6800,118949.15,1746429299999,17438922.256600,13906,64533.00,9461500.677200,0
1746429300000,146.6900,147.1700,146.6800,146.8500,110595.76,1746430199999,16250106.293000,15276,54742.04,8043965.293700,0
1746430200000,146.8400,147.0100,146.7100,146.8000,76470.66,1746431099999,11228351.330800,11739,36525.79,5363428.256100,0
1746431100000,146.7900,146.8500,146.6100,146.8000,78538.48,1746431999999,11523336.798500,11466,31168.38,4572947.761800,0
1746432000000,146.7900,146.9900,146.4300,146.5400,122194.19,1746432899999,17918895.398800,15463,50296.97,7377183.435600,0
1746432900000,146.5300,146.7000,146.3100,146.3400,78983.96,1746433799999,11568483.024400,13006,32013.80,4689435.236400,0
1746433800000,146.3400,146.9000,146.2500,146.8300,117195.11,1746434699999,17183183.786300,23704,60118.04,8813915.896600,0
1746434700000,146.8300,146.9700,146.3800,146.5200,101861.26,1746435599999,14933319.332800,13121,45802.92,6715526.473000,0
1746435600000,146.5200,146.6500,146.2900,146.3100,91752.12,1746436499999,13436815.634700,12391,50899.33,7455059.037700,0
1746436500000,146.3100,146.6400,146.2500,146.5500,51727.31,1746437399999,7575724.422000,9632,27840.31,4077431.413300,0
1746437400000,146.5500,146.7300,146.3000,146.3700,64528.90,1746438299999,9454876.985800,10932,33192.39,4864660.295100,0
1746438300000,146.3600,146.4500,146.0200,146.0700,82354.09,1746439199999,12042604.960520,10249,35337.91,5167647.943400,0
1746439200000,146.0600,146.1200,145.5000,145.5300,207773.93,1746440099999,30286888.266300,25625,84692.36,12345972.454400,0
1746440100000,145.5200,145.6000,144.9000,144.9300,227004.92,1746440999999,32974216.397420,22575,102382.14,14873042.820600,0
1746441000000,144.9200,145.2000,144.2100,144.2300,407622.14,1746441899999,58937543.908920,40434,179584.92,25968843.435700,0
1746441900000,144.2300,144.3800,143.5900,144.1200,379956.22,1746442799999,54693937.337800,31608,205849.31,29631597.516400,0
1746442800000,144.1200,144.5600,144.0400,144.4000,208532.56,1746443699999,30101003.820400,21892,114636.05,16547335.472400,0
1746443700000,144.3900,144.5700,143.7200,143.8700,200479.62,1746444599999,28899282.494600,21005,89569.33,12915177.539900,0
1746444600000,143.8700,144.0500,143.4700,143.7600,188365.53,1746445499999,27069726.006100,23302,84863.84,12197559.253200,0
1746445500000,143.7600,144.2700,143.7400,144.1000,139939.28,1746446399999,20161387.309600,16841,77983.26,11233934.049600,0
1746446400000,144.1000,144.6000,143.7800,144.5700,248586.04,1746447299999,35864472.621500,26543,126478.54,18248548.401000,0
1746447300000,144.5700,144.9100,144.3300,144.7900,170735.00,1746448199999,24685622.456200,20384,112996.52,16337346.233800,0
1746448200000,144.8000,144.8600,144.5600,144.6100,81373.05,1746449099999,11773063.075200,13155,36277.88,5248914.539200,0
1746449100000,144.6200,144.6600,144.1800,144.5400,142823.81,1746449999999,20624269.020000,16514,58881.92,8502761.735200,0
1746450000000,144.5400,144.7800,143.9200,144.0900,158133.11,1746450899999,22823801.286800,19180,74228.62,10714985.184600,0
1746450900000,144.0900,144.4900,143.9100,144.0300,156414.77,1746451799999,22551461.258800,18128,82064.22,11831287.177800,0
1746451800000,144.0200,144.5000,143.3100,143.9700,366497.87,1746452699999,52722394.566800,46436,179653.34,25850504.506300,0
1746452700000,143.9700,144.8700,143.7900,144.8100,308337.18,1746453599999,44499783.429700,40309,167560.25,24189625.303200,0
1746453600000,144.8200,145.4000,144.5000,144.5800,429254.30,1746454499999,62236050.397120,44574,236650.86,34312472.767620,0
1746454500000,144.5800,144.9600,144.2200,144.4400,206619.58,1746455399999,29866971.660200,26144,88851.00,12842237.750300,0
1746455400000,144.4400,144.9200,144.1000,144.5600,211835.93,1746456299999,30617751.853000,24361,99280.30,14351231.603500,0
1746456300000,144.5600,144.8900,144.3800,144.4100,116683.34,1746457199999,16876194.571300,17298,51186.44,7403650.125400,0
1746457200000,144.4100,144.6400,144.0300,144.3400,137147.43,1746458099999,19791334.146400,19305,55871.04,8063164.571600,0
1746458100000,144.3300,144.7100,143.9400,144.4100,91212.54,1746458999999,13168299.511100,15755,39116.50,5647592.290800,0
1746459000000,144.4100,144.7000,143.5000,143.6100,243748.29,1746459899999,35076761.546100,23235,82412.64,11858878.128000,0
1746459900000,143.6000,143.6700,143.0000,143.6600,339048.69,1746460799999,48603241.546100,33211,163110.48,23387321.290600,0
1746460800000,143.6700,144.3000,143.5600,143.9500,180165.98,1746461699999,25932037.033000,23380,101576.19,14622508.897000,0
1746461700000,143.9500,145.2000,143.9400,145.0200,396571.37,1746462599999,57420110.635400,35026,192557.12,27871732.518600,0
1746462600000,145.0300,145.3600,144.9400,145.1500,114265.97,1746463499999,16580733.875100,20429,57591.76,8357652.576200,0
1746463500000,145.1500,145.3500,144.8100,144.9100,107989.35,1746464399999,15664866.502200,17656,51080.64,7410258.095600,0
1746464400000,144.9000,145.0500,144.5900,144.6200,115910.19,1746465299999,16784929.834300,18808,56081.68,8122127.006500,0
1746465300000,144.6200,145.4000,144.5900,145.1600,96381.07,1746466199999,13984099.456300,15272,51439.45,7462565.747000,0
1746466200000,145.1600,145.9300,145.1300,145.6100,193398.55,1746467099999,28166455.438100,23978,112173.37,16335580.003300,0
1746467100000,145.6100,145.8400,145.5600,145.6900,108062.11,1746467999999,15743659.423100,15081,49485.29,7209852.065600,0
1746468000000,145.7000,146.0000,145.4900,145.9300,116535.16,1746468899999,16993479.712860,20017,56236.96,8201959.992860,0
1746468900000,145.9400,146.0200,145.6800,145.9100,100498.69,1746469799999,14658091.515800,13273,53386.98,7787427.249600,0
1746469800000,145.9000,147.0600,145.8700,146.6600,474849.93,1746470699999,69644304.865420,44405,299409.34,43907068.288920,0
1746470700000,146.6600,147.0900,146.4300,146.6200,228568.32,1746471599999,33545463.774500,25343,111022.70,16297259.225500,0
1746471600000,146.6200,146.9900,146.5800,146.8100,128977.05,1746472499999,18943110.742000,18971,60853.85,8937613.029100,0
1746472500000,146.8000,147.0300,146.6300,146.7600,132309.96,1746473399999,19427469.862700,18035,56332.10,8272418.556200,0
1746473400000,146.7600,146.9300,146.4300,146.6200,151773.62,1746474299999,22258969.644200,18618,61857.02,9071478.533700,0
1746474300000,146.6200,146.8200,146.2800,146.4100,175772.47,1746475199999,25757723.398300,18593,63226.85,9267215.442100,0
1746475200000,146.4100,146.5400,146.0600,146.1500,212359.40,1746476099999,31066898.053700,22043,91873.68,13441074.847300,0
1746476100000,146.1600,146.5300,145.9400,146.0500,125896.96,1746476999999,18395155.995600,21446,56850.54,8306778.668100,0
1746477000000,146.0600,146.0600,144.9600,145.1500,297624.63,1746477899999,43274782.238200,30282,116039.14,16865292.771400,0
1746477900000,145.1600,145.6700,144.8600,145.5100,128170.17,1746478799999,18618894.075760,18637,75691.57,10995164.606400,0
1746478800000,145.5200,146.3700,145.4800,146.3600,145846.88,1746479699999,21296526.240420,18185,85356.55,12463830.996820,0
1746479700000,146.3600,146.8600,146.2100,146.7900,109096.00,1746480599999,15992292.595100,14170,55772.05,8176649.273700,0
1746480600000,146.7800,146.7900,146.0200,146.5200,112553.21,1746481499999,16482730.202500,16885,45578.21,6675470.271900,0
1746481500000,146.5100,146.9600,146.4800,146.6200,77365.32,1746482399999,11354902.759600,13055,42067.42,6174597.109500,0
1746482400000,146.6100,147.0500,146.5900,146.9700,133847.85,1746483299999,19659813.417600,18057,72053.38,10583601.346400,0
1746483300000,146.9700,147.2300,146.8800,146.9800,165923.92,1746484199999,24405295.225800,22544,91030.32,13390619.807500,0
1746484200000,146.9800,147.6700,146.9800,147.3000,185655.77,1746485099999,27355380.354820,19923,114746.51,16909745.371420,0
1746485100000,147.3000,147.4400,147.1700,147.2400,82826.24,1746485999999,12198572.600100,12165,35158.72,5178134.508600,0
1746486000000,147.2500,147.4700,147.2300,147.2400,75530.41,1746486899999,11129878.984400,11906,30364.79,4474499.190400,0
1746486900000,147.2500,147.5000,147.0000,147.0800,116210.57,1746487799999,17109341.166600,13287,58746.73,8649450.288700,0
1746487800000,147.0900,147.1900,146.8400,146.8700,94697.94,1746488699999,13917330.365100,11320,42686.98,6273279.616100,0
1746488700000,146.8600,146.9200,146.5200,146.6600,148273.32,1746489599999,21758352.298100,15180,76707.70,11257113.998600,0
1746489600000,146.6600,146.7800,146.0000,146.1600,219430.99,1746490499999,32107589.360720,24148,110132.43,16116239.086200,0
1746490500000,146.1600,146.4500,145.9100,146.4400,134156.92,1746491399999,19604502.265660,17392,84979.53,12419284.395100,0
1746491400000,146.4500,146.4800,145.7700,145.8800,115581.19,1746492299999,16891857.518200,15355,51907.47,7586868.168700,0
1746492300000,145.8800,146.1000,145.7200,146.1000,68466.10,1746493199999,9989077.016500,11246,40157.03,5859498.409600,0
1746493200000,146.1000,146.3900,145.4300,146.0700,192948.42,1746494099999,28151134.247500,20582,85006.79,12405315.270200,0
1746494100000,146.0600,146.3900,145.8400,145.8400,106245.24,1746494999999,15531000.356500,13838,59553.73,8706352.831100,0
1746495000000,145.8500,145.9000,144.9300,144.9600,176558.25,1746495899999,25655409.195600,21538,80566.75,11708746.907100,0
1746495900000,144.9600,145.0700,144.5500,144.6800,225402.43,1746496799999,32636006.093420,29077,120285.18,17417182.095400,0
1746496800000,144.6700,144.9100,144.4400,144.6100,194835.46,1746497699999,28183436.662900,21490,100520.18,14543168.666300,0
1746497700000,144.6200,144.6200,143.7000,143.8100,339886.20,1746498599999,48954114.179920,38176,116560.80,16786283.191800,0
1746498600000,143.8200,144.3000,143.6900,144.0700,202865.58,1746499499999,29222864.964200,23575,113603.48,16365907.111100,0
1746499500000,144.0700,144.6400,144.0300,144.3200,146017.19,1746500399999,21081086.060600,18001,88648.24,12799468.522300,0
1746500400000,144.3100,144.3700,144.0300,144.0700,117778.60,1746501299999,16983340.302300,15345,66547.44,9596153.004300,0
1746501300000,144.0700,144.5200,144.0500,144.5100,100441.77,1746502199999,14493448.398500,15620,57426.95,8287314.861200,0
1746502200000,144.5100,144.7700,144.4000,144.5200,128769.19,1746503099999,18617814.875400,17335,75488.17,10913785.486800,0
1746503100000,144.5200,144.7000,144.2300,144.5600,83144.09,1746503999999,12014844.221700,13070,33769.81,4880365.807600,0
1746504000000,144.5700,144.5700,144.2400,144.3600,100056.85,1746504899999,14447773.707200,13232,46202.44,6670944.050200,0
1746504900000,144.3600,144.8800,144.3100,144.8700,123328.06,1746505799999,17847442.786700,13292,68927.49,9975891.765000,0
1746505800000,144.8600,144.9700,144.6200,144.7100,126455.45,1746506699999,18311138.822920,18680,44353.44,6423321.515820,0
1746506700000,144.7000,144.9200,144.6500,144.8800,54380.79,1746507599999,7873232.627100,10149,29106.81,4214155.153100,0
1746507600000,144.8700,145.1800,144.8000,145.1000,100737.68,1746508499999,14606413.889500,14770,52414.36,7598516.750800,0
1746508500000,145.1000,145.1800,144.4000,144.5800,90904.65,1746509399999,13154286.515000,14339,33212.82,4805669.599200,0
1746509400000,144.5800,144.7100,144.3100,144.4200,65935.55,1746510299999,9525316.895400,12862,29677.50,4287230.641800,0
1746510300000,144.4200,144.5600,144.3200,144.4200,66640.85,1746511199999,9625184.137700,10683,30433.03,4395814.066700,0
1746511200000,144.4300,144.9300,144.4000,144.8400,88703.66,1746512099999,12844312.068300,13319,49817.15,7212770.507600,0
1746512100000,144.8300,145.0300,144.6700,144.7800,48729.00,1746512999999,7059317.227200,9804,24577.53,3561016.193000,0
1746513000000,144.7700,145.0800,144.5500,145.0700,53633.01,1746513899999,7767749.781300,9975,34029.29,4928718.533300,0
1746513900000,145.0700,145.2700,144.8400,145.2600,73054.71,1746514799999,10596369.387400,11963,38091.60,5525683.798300,0
1746514800000,145.2500,145.8300,145.2400,145.5900,221005.92,1746515699999,32184515.719500,29456,117375.23,17091468.764700,0
1746515700000,145.5800,145.5800,145.1900,145.2300,157363.51,1746516599999,22869166.427100,17264,73868.65,10733981.250300,0
1746516600000,145.2300,145.7000,144.8500,145.0600,127155.12,1746517499999,18470571.992300,19062,61519.51,8937982.310600,0
1746517500000,145.0600,145.3000,145.0000,145.1700,117430.37,1746518399999,17042851.901200,14479,67280.30,9764873.480700,0
1746518400000,145.1700,145.2000,144.4000,144.4700,131636.80,1746519299999,19050291.667600,18224,45229.78,6547373.201800,0
1746519300000,144.4800,144.5100,143.5700,143.9100,371815.86,1746520199999,53505139.763400,41168,144750.68,20826463.765900,0
1746520200000,143.9200,144.3800,143.8800,144.2700,145455.37,1746521099999,20972324.903400,19007,74647.20,10762503.846300,0
1746521100000,144.2800,144.5700,144.2400,144.5400,61453.13,1746521999999,8876403.209000,11945,32427.92,4684004.351900,0
1746522000000,144.5300,144.5300,144.1200,144.1300,79251.98,1746522899999,11434759.655800,12172,35884.30,5177558.654100,0
1746522900000,144.1300,144.2000,143.9200,144.1200,67222.25,1746523799999,9682807.559500,10871,32068.44,4619448.143000,0
1746523800000,144.1200,144.3100,143.6000,143.6100,100615.21,1746524699999,14484165.585900,14669,45841.31,6602995.197700,0
1746524700000,143.6200,144.3500,143.4100,144.2800,228142.35,1746525599999,32824519.756600,22592,132551.30,19081135.957600,0
1746525600000,144.2800,144.2900,143.7200,143.8000,89304.91,1746526499999,12858891.495100,13792,32924.15,4739796.375600,0
1746526500000,143.7900,144.2700,143.6300,143.6400,98882.76,1746527399999,14235652.226300,15214,52825.44,7606039.971400,0
1746527400000,143.6300,144.0200,143.2900,143.3400,177397.84,1746528299999,25473366.438500,20553,70793.87,10167412.020200,0
1746528300000,143.3300,143.4000,142.8100,143.0200,330479.67,1746529199999,47269947.105200,37898,141210.89,20198165.588600,0
1746529200000,143.0100,143.5900,143.0000,143.3200,126742.26,1746530099999,18165102.555400,18372,67995.86,9744457.852500,0
1746530100000,143.3200,143.4600,142.5200,142.7700,301606.83,1746530999999,43120581.041530,24744,82876.59,11859227.863300,0
1746531000000,142.7800,142.8500,142.2900,142.6400,315954.14,1746531899999,45040453.701400,34900,142937.74,20379662.016900,0
1746531900000,142.6400,142.7700,141.7900,142.4900,428671.75,1746532799999,60975163.670100,38183,188017.09,26748404.307300,0
1746532800000,142.4900,142.9900,142.4100,142.8600,273906.04,1746533699999,39100079.748300,23128,131706.48,18801982.777000,0
1746533700000,142.8600,142.9300,142.4000,142.5200,138951.97,1746534599999,19824777.240700,18657,65243.26,9308181.217200,0
1746534600000,142.5200,142.8700,142.3800,142.7100,153109.60,1746535499999,21840822.560700,20522,88301.55,12597010.884900,0
1746535500000,142.7100,143.0900,142.5400,142.9200,114826.75,1746536399999,16407740.716900,15949,65104.63,9303878.878300,0
1746536400000,142.9200,142.9800,142.0300,142.1400,216052.72,1746537299999,30760771.397300,23389,92182.47,13121752.666400,0
1746537300000,142.1500,142.4400,141.6100,141.6700,241448.71,1746538199999,34277674.635400,29576,107014.35,15193262.389200,0
1746538200000,141.6800,142.8000,141.6500,142.5500,259196.73,1746539099999,36889204.128000,33429,143495.29,20421566.234900,0
1746539100000,142.5500,142.7500,141.3000,141.8500,381706.05,1746539999999,54138949.155900,39635,170192.02,24141928.302300,0
1746540000000,141.8500,143.0900,141.8300,142.8200,359449.09,1746540899999,51255143.469700,36954,206683.36,29468434.906000,0
1746540900000,142.8100,143.9000,142.8100,143.3700,491607.27,1746541799999,70530366.181900,41132,270661.48,38833445.187400,0
1746541800000,143.3600,143.6800,142.9100,142.9200,168999.21,1746542699999,24211343.325800,23205,83365.99,11946520.002800,0
1746542700000,142.9300,143.1500,142.4400,142.6300,222918.10,1746543599999,31827310.212600,25627,91019.97,12997465.875100,0
1746543600000,142.6300,142.8300,142.0700,142.7900,190088.37,1746544499999,27086409.587300,24590,98064.63,13974590.521500,0
1746544500000,142.7800,143.5500,142.5200,143.4700,200161.92,1746545399999,28652966.190400,23030,121410.67,17383091.925200,0
1746545400000,143.4700,143.8800,143.2300,143.3000,238752.76,1746546299999,34288764.076400,25657,123928.40,17800780.302900,0
1746546300000,143.3000,143.4400,142.8600,143.1300,143052.88,1746547199999,20479644.847600,19629,63324.90,9066527.138300,0
1746547200000,143.1200,143.5500,142.4100,143.4200,202815.71,1746548099999,28973064.101700,27223,103548.12,14795089.957600,0
1746548100000,143.4100,143.4600,142.6900,143.0700,163783.07,1746548999999,23430164.330600,25718,68079.65,9739506.307800,0
1746549000000,143.0800,143.8000,142.9700,143.0200,149253.22,1746549899999,21403851.414700,22912,76627.75,10988722.194700,0
1746549900000,143.0100,143.1400,142.3400,142.3800,172828.27,1746550799999,24668315.255900,21801,90361.14,12901228.650000,0
1746550800000,142.3800,143.2700,142.3700,143.2300,182369.78,1746551699999,26043826.939900,24595,107426.77,15342447.049900,0
1746551700000,143.2200,143.9100,143.2000,143.7800,237408.10,1746552599999,34086530.246800,24643,128280.74,18419345.111600,0
1746552600000,143.7900,144.3200,143.3400,143.4100,243485.53,1746553499999,35039771.538600,34003,135054.32,19441633.061000,0
1746553500000,143.4200,143.7400,143.3000,143.6000,105678.89,1746554399999,15166284.837200,16353,54882.46,7877510.081800,0
1746554400000,143.6000,144.0300,143.5000,143.8100,96028.56,1746555299999,13803516.446100,16260,52568.04,7557403.449300,0
1746555300000,143.8000,144.7900,143.7900,144.6300,219836.39,1746556199999,31746435.212720,23595,115786.80,16720771.998320,0
1746556200000,144.6300,144.6300,144.0500,144.1300,130790.17,1746557099999,18880801.894600,20610,64649.26,9332446.922000,0
1746557100000,144.1300,144.8600,144.0900,144.7900,135182.11,1746557999999,19542854.074200,18518,76742.03,11094804.882100,0
1746558000000,144.7900,145.1000,144.4600,144.7100,217551.37,1746558899999,31498318.228720,27253,118268.13,17125743.548220,0
1746558900000,144.7200,144.9900,144.4600,144.9500,96102.86,1746559799999,13905708.938200,15484,57525.08,8323856.861900,0
1746559800000,144.9400,145.2400,144.8300,145.0400,121739.02,1746560699999,17657035.114700,17161,51089.74,7410587.423600,0
1746560700000,145.0500,145.1200,144.5700,144.7800,109199.79,1746561599999,15814392.504100,16530,43330.04,6275094.509700,0
1746561600000,144.7900,144.9800,144.5900,144.7100,88598.27,1746562499999,12827407.072900,14300,43423.31,6287239.999200,0
1746562500000,144.7000,144.8600,144.1600,144.2000,141242.98,1746563399999,20408927.611200,15871,56910.55,8223027.155600,0
1746563400000,144.2100,144.3100,143.6400,143.9000,260482.72,1746564299999,37484742.619700,23002,121511.40,17487345.589700,0
1746564300000,143.9100,144.0500,143.5600,143.9400,120040.66,1746565199999,17266259.486400,14293,59168.48,8512018.009500,0
1746565200000,143.9400,144.5000,143.9300,144.1400,151586.52,1746566099999,21878858.782500,15699,57670.43,8322161.652700,0
1746566100000,144.1400,144.3200,143.4300,143.5100,105378.81,1746566999999,15164857.996100,15533,41511.94,5975223.508800,0
1746567000000,143.5100,144.1900,143.4700,144.1400,115003.02,1746567899999,16540277.036200,17027,61474.08,8842062.815200,0
1746567900000,144.1400,144.5900,144.1400,144.4100,80116.62,1746568799999,11571032.355500,12096,42061.90,6074195.314000,0
1746568800000,144.4000,146.4500,144.3700,145.7200,777309.50,1746569699999,113296693.216700,77327,437191.00,63715182.016800,0
1746569700000,145.7200,146.5500,145.6200,146.5100,275596.45,1746570599999,40312237.100600,31168,165830.81,24255327.643500,0
1746570600000,146.5100,146.7200,146.0400,146.3700,275276.80,1746571499999,40293355.382900,34580,135229.14,19798711.947300,0
1746571500000,146.3600,146.4700,145.8700,146.0600,227401.41,1746572399999,33235842.536700,24118,118061.57,17255950.047600,0
1746572400000,146.0500,146.1800,145.5200,145.8300,255223.54,1746573299999,37225836.008800,26146,125564.12,18317522.654400,0
1746573300000,145.8300,146.5700,145.8000,146.3500,221900.03,1746574199999,32451864.250400,20690,136939.97,20028251.621100,0
1746574200000,146.3400,146.8000,146.0800,146.7800,131269.23,1746575099999,19218425.841500,16529,71416.08,10458498.696400,0
1746575100000,146.7800,147.1700,146.6400,146.8300,286100.62,1746575999999,42022264.624300,27420,153110.05,22488565.492400,0
1746576000000,146.8300,147.1900,146.5800,147.1700,296247.91,1746576899999,43502254.392500,28557,153394.33,22524893.520800,0
1746576900000,147.1700,148.9900,147.1300,148.7100,699725.79,1746577799999,103643888.986060,63380,428037.98,63399819.543760,0
1746577800000,148.7100,149.1500,148.1900,148.5000,317561.05,1746578699999,47176740.734100,38156,143722.98,21354419.085900,0
1746578700000,148.4900,148.9900,148.3200,148.9600,201792.33,1746579599999,29992285.006500,22916,93395.92,13883773.417000,0
1746579600000,148.9500,149.4700,148.6100,148.8400,407526.22,1746580499999,60767150.421310,35514,209374.87,31223975.988510,0
1746580500000,148.8500,149.2000,148.6000,149.1200,148086.64,1746581399999,22060535.767600,19430,70650.19,10524517.314800,0
1746581400000,149.1200,149.1200,148.3500,148.4200,196267.98,1746582299999,29180865.313300,21646,70950.17,10549378.904900,0
1746582300000,148.4300,148.6700,148.0200,148.2700,222419.74,1746583199999,33001096.937000,23054,89803.10,13325988.364500,0
1746583200000,148.2700,148.5200,147.5000,147.8800,305812.73,1746584099999,45261200.640120,34393,146872.55,21737901.502800,0
1746584100000,147.8700,148.0600,147.6200,147.7600,120881.93,1746584999999,17875301.140200,17886,67625.45,10000253.014000,0
1746585000000,147.7700,147.8600,147.2200,147.2600,152377.00,1746585899999,22475379.126300,18776,66480.30,9805169.882600,0
1746585900000,147.2500,147.4000,146.5800,146.7200,343619.96,1746586799999,50485662.847000,23156,146182.08,21478913.494500,0
1746586800000,146.7200,146.7900,146.1000,146.1100,224956.63,1746587699999,32949731.624900,27052,113067.48,16563410.431400,0
1746587700000,146.1100,146.1300,145.3400,145.9400,382345.78,1746588599999,55717253.495480,36519,179319.93,26130061.212000,0
1746588600000,145.9300,146.3300,145.8300,146.1600,206726.77,1746589499999,30201146.227100,21639,112765.84,16474788.959800,0
1746589500000,146.1700,146.2500,145.8500,146.1700,173781.32,1746590399999,25382288.031600,16410,84358.55,12323790.068300,0
1746590400000,146.1700,146.7100,146.1700,146.7000,165785.80,1746591299999,24269549.723500,22164,91372.61,13377359.564700,0
1746591300000,146.7100,146.7100,146.3000,146.3000,139753.00,1746592199999,20473039.375000,12792,71155.82,10425497.278600,0
1746592200000,146.3000,146.3300,145.8700,145.9800,139548.60,1746593099999,20389476.553300,11732,43751.41,6390798.376000,0
1746593100000,145.9700,146.2200,145.7400,146.1000,111596.85,1746593999999,16291727.164600,13902,56997.47,8322245.153100,0
1746594000000,146.1100,146.2100,145.7800,146.0300,86343.27,1746594899999,12607082.462600,12078,48238.89,7043426.852000,0
1746594900000,146.0300,146.0800,145.6600,145.8000,75128.74,1746595799999,10957070.194400,10517,32727.53,4772802.401800,0
1746595800000,145.8100,146.0600,145.5200,145.5300,84337.19,1746596699999,12289987.435200,12341,40448.84,5894268.196900,0
1746596700000,145.5200,145.7000,145.3400,145.4800,110018.59,1746597599999,16007466.597500,14832,52635.34,7657956.777500,0
1746597600000,145.4700,146.1900,145.4100,146.1900,137170.79,1746598499999,20010549.220100,15704,81763.67,11927279.602700,0
1746598500000,146.1800,146.2100,145.6800,145.8400,110243.69,1746599399999,16091997.275400,13232,38990.81,5691698.973000,0
1746599400000,145.8400,145.9500,145.5900,145.6900,62225.62,1746600299999,9069616.735700,11146,31783.51,4632952.076600,0
1746600300000,145.6800,146.0400,145.4800,145.9600,91624.80,1746601199999,13355541.593300,12136,47581.24,6937563.454100,0
1746601200000,145.9500,146.3100,145.9300,146.2400,107380.70,1746602099999,15693347.072700,13070,61238.74,8949671.241500,0
1746602100000,146.2400,146.5000,146.1400,146.4500,99384.91,1746602999999,14544865.699000,13554,57534.54,8420398.217900,0
1746603000000,146.4500,146.7800,146.3400,146.7700,119278.85,1746603899999,17484829.231200,18698,56134.18,8229419.851800,0
1746603900000,146.7700,147.2400,146.7500,147.1800,196328.33,1746604799999,28860672.205800,18056,113213.42,16641480.499600,0
1746604800000,147.1800,147.3200,146.8500,146.9800,220326.50,1746605699999,32408543.753100,20267,101690.43,14958332.336400,0
1746605700000,146.9700,147.2000,146.9300,147.0700,76165.64,1746606599999,11202296.362300,11863,39360.32,5789225.906600,0
1746606600000,147.0700,147.6800,146.9900,147.6700,154957.58,1746607499999,22841234.483920,17873,99459.62,14661524.107520,0
1746607500000,147.6700,147.9000,147.5000,147.7700,143070.80,1746608399999,21138398.310100,23005,78018.57,11528353.380300,0
1746608400000,147.7700,148.2400,147.7100,147.8000,210495.11,1746609299999,31140851.706400,20007,123591.66,18285484.379700,0
1746609300000,147.8000,148.0000,147.5500,147.6400,111339.03,1746610199999,16445058.495800,13877,46318.57,6841796.876700,0
1746610200000,147.6400,147.9300,147.4700,147.7800,94388.35,1746611099999,13937879.220400,12828,48003.27,7089088.163000,0
1746611100000,147.7800,147.9200,147.7100,147.7700,58143.99,1746611999999,8594481.256300,9586,30879.89,4564665.129300,0
1746612000000,147.7700,147.8700,147.5400,147.5700,109783.57,1746612899999,16212105.491300,13702,37363.51,5517741.786900,0
1746612900000,147.5700,147.7100,147.3900,147.4100,115482.71,1746613799999,17039200.197200,11942,42419.58,6258940.799800,0
1746613800000,147.4000,147.8000,147.3200,147.7900,143820.89,1746614699999,21215809.551500,14645,69784.25,10296181.904200,0
1746614700000,147.7900,147.8500,147.5900,147.6800,80764.99,1746615599999,11931032.564700,11624,41213.61,6088592.328400,0
1746615600000,147.6800,147.7800,147.4000,147.6700,251994.95,1746616499999,37195592.807800,21015,125908.06,18585330.042800,0
1746616500000,147.6700,147.7500,147.4400,147.4900,169622.41,1746617399999,25033199.486400,14034,81772.62,12067581.557900,0
1746617400000,147.4800,147.7400,147.3800,147.7000,210724.52,1746618299999,31091951.763300,15112,108717.02,16040504.082700,0
1746618300000,147.6900,147.7000,147.3700,147.5400,129215.77,1746619199999,19062113.840700,12556,61915.35,9133304.034100,0
1746619200000,147.5400,147.6900,147.1100,147.1200,248010.27,1746620099999,36553410.413400,19071,118829.16,17515587.238400,0
1746620100000,147.1100,147.5600,146.9000,147.0500,187858.39,1746620999999,27658254.396500,19453,95002.73,13989623.468000,0
1746621000000,147.0600,147.2000,146.7300,146.7900,173060.07,1746621899999,25425804.344400,18439,76969.78,11309519.661200,0
1746621900000,146.7900,147.3100,146.7600,147.1400,127214.22,1746622799999,18705525.987300,12975,76127.37,11194658.096700,0
1746622800000,147.1400,147.1500,146.5700,146.5800,129831.79,1746623699999,19059302.400600,13880,62438.37,9165322.941000,0
1746623700000,146.5700,146.7700,146.2600,146.4200,201261.11,1746624599999,29479533.800800,23649,78432.10,11488219.840500,0
1746624600000,146.4300,147.3900,146.3500,147.2500,287441.38,1746625499999,42219311.105200,30352,160453.64,23570901.342800,0
1746625500000,147.2400,147.2600,146.3700,146.8100,205479.14,1746626399999,30156504.949700,22815,105924.10,15546671.624600,0
1746626400000,146.8000,147.2900,146.6100,146.9600,214859.48,1746627299999,31576843.836600,22086,132246.09,19439278.779200,0
1746627300000,146.9500,147.4800,146.8300,147.4000,146164.15,1746628199999,21513419.632600,17381,79520.60,11703462.598200,0
1746628200000,147.4000,147.4900,146.9300,146.9800,94978.71,1746629099999,13979981.120400,14496,53676.25,7900951.202900,0
1746629100000,146.9700,146.9800,145.7200,146.0100,424682.32,1746629999999,62048990.495480,33910,193820.27,28312666.746400,0
1746630000000,146.0000,146.1200,145.5800,145.8400,278040.60,1746630899999,40545239.555700,26401,141559.41,20643365.688100,0
1746630900000,145.8400,146.3000,145.7400,145.9000,171617.83,1746631799999,25068993.490200,19154,103562.10,15130222.808600,0
1746631800000,145.8900,146.1100,145.5100,145.9900,192483.93,1746632699999,28082127.424100,20681,93578.26,13653965.032000,0
1746632700000,145.9900,146.0700,145.3500,145.6800,229189.62,1746633599999,33371918.100000,21121,91051.34,13258728.641800,0
1746633600000,145.6800,145.7200,145.0500,145.4300,255710.87,1746634499999,37152259.314900,24134,118724.44,17249699.475400,0
1746634500000,145.4300,145.4500,145.0000,145.1200,147906.05,1746635399999,21473825.788800,19233,71066.19,10317673.717600,0
1746635400000,145.1200,145.7300,145.0200,145.6900,183552.35,1746636299999,26688398.152700,20837,93604.80,13610820.139500,0
1746636300000,145.6800,146.4000,145.6600,146.1800,255210.43,1746637199999,37292891.986500,22868,145380.16,21242932.446800,0
1746637200000,146.1900,146.4200,146.1000,146.3200,131030.86,1746638099999,19162299.652900,13766,60191.90,8802456.407900,0
1746638100000,146.3300,146.5800,145.8300,145.9500,171124.12,1746638999999,25001391.797400,17504,61428.53,8975753.724300,0
1746639000000,145.9500,146.1400,145.6300,145.8100,113082.62,1746639899999,16489353.549600,15391,66255.18,9661240.011000,0
1746639900000,145.8100,146.2300,145.0600,145.5800,262896.17,1746640799999,38254981.179400,28699,134055.45,19512202.680200,0
1746640800000,145.5800,146.2500,144.5900,145.4000,654188.09,1746641699999,95046096.734020,66845,333930.80,48526922.046400,0
1746641700000,145.4000,146.8600,145.1500,146.4900,443294.39,1746642599999,64824639.780820,45306,264121.08,38622247.899020,0
1746642600000,146.4800,147.2900,146.1100,146.1900,454103.70,1746643499999,66653258.892700,44387,209824.23,30812021.560500,0
1746643500000,146.2000,146.6000,145.2500,146.5400,466869.83,1746644399999,68104493.419520,44693,245724.27,35850445.885600,0
1746644400000,146.5400,146.7600,145.9500,146.5000,209905.84,1746645299999,30720679.004700,27588,101036.77,14788978.583300,0
1746645300000,146.5000,146.5800,145.3300,145.3500,180136.49,1746646199999,26281258.282400,26317,84677.36,12355858.602300,0
1746646200000,145.3500,146.8100,145.0300,146.3900,430930.55,1746647099999,62838570.729200,44284,228500.77,33340612.562000,0
1746647100000,146.4000,146.5700,145.4500,145.6800,254838.56,1746647999999,37172052.508600,34786,101738.98,14841621.100100,0
1746648000000,145.6800,146.2300,145.4700,146.0700,140993.84,1746648899999,20560396.801500,17347,86472.35,12610361.586700,0
1746648900000,146.0700,146.2400,145.7200,145.9300,97108.94,1746649799999,14175042.226600,12134,57079.66,8333469.910300,0
1746649800000,145.9300,146.0800,145.3800,145.6100,93699.01,1746650699999,13657611.695800,12606,38693.58,5640282.875400,0
1746650700000,145.6200,146.3000,145.4800,146.3000,109659.48,1746651599999,15990223.181100,14807,63673.49,9286293.999200,0
1746651600000,146.3000,146.6800,146.0800,146.5400,122401.18,1746652499999,17917113.622700,14619,72988.31,10685187.917300,0
1746652500000,146.5400,147.3400,146.5100,147.3200,155866.35,1746653399999,22898290.972000,19471,93864.16,13791443.483600,0
1746653400000,147.3200,147.8400,146.8900,147.2800,260216.51,1746654299999,38348233.140420,32064,149511.62,22037638.871820,0
1746654300000,147.2700,147.4400,146.9900,147.2700,76265.70,1746655199999,11227389.162700,11967,34414.59,5066111.548000,0
1746655200000,147.2800,147.8300,147.1200,147.5400,209781.12,1746656099999,30948230.777600,22101,116908.93,17247510.768500,0
1746656100000,147.5400,147.6100,147.1800,147.4500,204816.12,1746656999999,30184576.283800,16160,82708.85,12190876.251700,0
1746657000000,147.4500,147.7700,147.3800,147.7500,120514.41,1746657899999,17787555.616600,13815,45404.71,6702948.815500,0
1746657900000,147.7500,147.8800,147.5200,147.6700,120425.94,1746658799999,17786722.541000,13629,56049.20,8278682.493300,0
1746658800000,147.6700,148.2500,147.5900,148.1100,256069.40,1746659699999,37898694.259600,22678,145570.01,21546499.085500,0
1746659700000,148.1000,148.2400,147.7000,147.7000,86103.41,1746660599999,12742266.904100,11545,31349.58,4640057.199200,0
1746660600000,147.7100,147.8600,147.3300,147.3900,132617.04,1746661499999,19565734.472400,14022,47114.77,6951902.548700,0
1746661500000,147.3900,147.4500,146.9700,147.2700,141616.93,1746662399999,20843283.053700,13604,75782.78,11152689.180400,0
1746662400000,147.2700,147.4900,147.1800,147.3600,127976.83,1746663299999,18857972.372200,14646,63025.81,9287261.791900,0
1746663300000,147.3700,147.6000,147.2200,147.5400,82525.86,1746664199999,12167577.220100,10831,33901.67,4998506.184600,0
1746664200000,147.5400,147.5900,147.0100,147.1600,90760.31,1746665099999,13365922.356400,12893,45800.31,6745203.348200,0
1746665100000,147.1600,148.8800,147.0300,148.7700,213385.81,1746665999999,31622194.936840,25234,142114.37,21067450.196640,0
1746666000000,148.7600,149.9600,148.5800,148.7800,704605.91,1746666899999,105207145.340110,72031,355374.17,53075856.193010,0
1746666900000,148.7800,148.9300,148.2600,148.7600,216822.81,1746667799999,32238323.757320,25953,112552.57,16737389.679300,0
1746667800000,148.7700,148.8700,148.3000,148.4500,133038.07,1746668699999,19763034.704700,18428,61965.78,9204966.583500,0
1746668700000,148.4500,148.7000,147.8400,148.0500,142020.13,1746669599999,21043027.122500,21180,59356.20,8793391.386300,0
1746669600000,148.0600,148.8500,147.9600,148.8100,158342.33,1746670499999,23502599.864500,18146,83184.96,12346843.026500,0
1746670500000,148.8000,149.8800,148.6500,149.8400,295372.80,1746671399999,44101182.836200,32307,190523.49,28449955.734900,0
1746671400000,149.8400,150.2900,149.5900,149.8200,409595.12,1746672299999,61414583.850500,38541,213989.41,32092135.454500,0
1746672300000,149.8300,150.2200,149.6500,149.7500,170869.49,1746673199999,25626191.089400,19893,83789.52,12568555.752800,0
1746673200000,149.7500,150.4000,149.5000,150.0700,233047.41,1746674099999,34951307.925700,26243,126032.00,18904214.155100,0
1746674100000,150.0700,150.3900,149.8900,150.0800,182110.59,1746674999999,27338062.773100,22184,101670.01,15262764.737400,0
1746675000000,150.0900,150.9100,149.7900,150.9000,279472.71,1746675899999,42021357.914590,28070,179332.96,26978900.898890,0
1746675900000,150.9000,151.1700,150.1900,150.7900,313480.04,1746676799999,47229859.685000,34935,173156.88,26094364.284500,0
1746676800000,150.8000,151.9000,150.6700,151.3700,534725.71,1746677699999,80904191.918200,48136,318735.36,48235957.025200,0
1746677700000,151.3800,151.9100,151.1900,151.6200,282688.59,1746678599999,42872483.886600,36617,163920.52,24863128.988300,0
1746678600000,151.6200,151.6800,151.1300,151.1700,196393.10,1746679499999,29733585.545500,23398,87475.56,13243084.650800,0
1746679500000,151.1700,151.3500,150.7200,150.7900,350257.40,1746680399999,52895624.296800,29730,108928.43,16453482.279200,0
1746680400000,150.7800,151.2500,150.4500,150.4800,283752.16,1746681299999,42778245.173700,26776,127320.74,19198544.384100,0
1746681300000,150.4800,150.5000,149.9000,150.3500,383989.83,1746682199999,57669291.145000,24571,202421.86,30396627.609700,0
1746682200000,150.3500,150.4900,150.1200,150.4000,100975.14,1746683099999,15177739.528100,13375,44729.95,6724104.817300,0
1746683100000,150.4100,150.4400,150.0500,150.1100,81455.84,1746683999999,12236582.688800,10230,37074.63,5569618.417900,0
1746684000000,150.1100,150.4000,150.0600,150.3700,101500.33,1746684899999,15249267.662500,13039,59527.42,8943625.162300,0
1746684900000,150.3800,150.4400,150.2300,150.3000,67063.31,1746685799999,10082513.025600,9006,35771.04,5378082.930100,0
1746685800000,150.3000,150.4500,150.2200,150.4200,57334.64,1746686699999,8621083.113200,8631,30847.43,4638393.076200,0
1746686700000,150.4200,150.5900,150.2600,150.5500,103775.62,1746687599999,15612929.247200,11559,54283.99,8167137.173000,0
1746687600000,150.5400,150.9900,150.4600,150.8800,217623.32,1746688499999,32813401.592300,18323,117360.32,17695701.614100,0
1746688500000,150.8900,151.4300,150.8200,151.4000,295729.00,1746689399999,44680220.124500,23449,197669.60,29864991.896400,0
1746689400000,151.4100,151.8600,151.1900,151.6700,258255.48,1746690299999,39155525.382600,27825,130943.47,19854481.591400,0
1746690300000,151.6600,151.8900,151.4700,151.5100,306567.35,1746691199999,46483732.808800,19037,168966.66,25620035.370500,0
1746691200000,151.5000,152.4600,151.4600,152.0900,418529.33,1746692099999,63654953.461960,32896,265128.12,40319834.615060,0
1746692100000,152.0900,152.4900,152.0600,152.2500,204812.36,1746692999999,31183020.038600,19335,103701.48,15790695.060900,0
1746693000000,152.2500,152.8800,152.0800,152.8700,243728.68,1746693899999,37188609.703100,28243,152710.01,23299120.873600,0
1746693900000,152.8700,153.2500,152.5900,152.7500,301414.85,1746694799999,46089179.974500,27685,141110.50,21585070.302300,0
1746694800000,152.7400,152.8600,152.4200,152.5400,163649.29,1746695699999,24972476.167600,17034,74421.80,11357068.406600,0
1746695700000,152.5300,153.0200,152.4900,152.6700,146316.51,1746696599999,22350023.976200,16275,77367.81,11819288.289400,0
1746696600000,152.6600,153.2200,152.6200,153.2200,211651.23,1746697499999,32360266.950600,16625,101039.52,15447071.507400,0
1746697500000,153.2200,154.8500,153.2100,154.5900,647112.05,1746698399999,99583765.812820,49842,407816.67,62754109.857620,0
1746698400000,154.5900,155.2000,154.3000,154.5400,452170.95,1746699299999,69977390.295100,45976,240535.79,37231077.689400,0
1746699300000,154.5400,155.2300,154.5300,155.0300,230703.14,1746700199999,35743657.794700,27580,125898.79,19506498.984300,0
1746700200000,155.0300,155.2300,154.5700,154.6900,192867.17,1746701099999,29863773.559200,24330,97436.68,15088549.256600,0
1746701100000,154.6900,155.0700,154.6000,154.8100,155288.35,1746701999999,24044482.756900,19912,76801.00,11892426.163300,0
1746702000000,154.8000,154.9300,154.3600,154.6100,306778.46,1746702899999,47438750.423200,27788,153883.82,23797622.313100,0
1746702900000,154.6100,154.7000,153.7400,153.8400,361184.52,1746703799999,55697369.858500,30584,136370.06,21032348.412400,0
1746703800000,153.8400,154.2900,153.6500,154.1400,218171.07,1746704699999,33590662.199200,21597,118504.90,18247726.897500,0
1746704700000,154.1300,154.6000,154.1300,154.5200,94314.55,1746705599999,14562525.532500,13719,51940.65,8019634.692200,0
1746705600000,154.5200,154.7100,154.1400,154.4400,152025.78,1746706499999,23480443.382000,19605,74674.65,11534756.467600,0
1746706500000,154.4400,155.1300,154.3900,155.1200,364256.68,1746707399999,56406391.810600,20529,250680.96,38822268.803300,0
1746707400000,155.1200,155.8100,154.6200,154.7500,427400.48,1746708299999,66302128.278700,42468,203641.36,31601627.558600,0
1746708300000,154.7400,155.3300,154.4100,154.4900,263463.10,1746709199999,40787664.624700,24884,111463.52,17260117.162900,0
1746709200000,154.4800,155.0200,154.4400,154.7500,112946.38,1746710099999,17480005.044200,16000,48069.28,7440522.136600,0
1746710100000,154.7400,155.2400,154.7400,155.1200,197938.93,1746710999999,30685753.073900,18326,106505.27,16510372.253700,0
1746711000000,155.1100,155.6300,154.6100,155.0200,414135.83,1746711899999,64229090.847900,43737,175937.75,27299163.341400,0
1746711900000,155.0300,155.2400,154.4100,154.8900,258816.81,1746712799999,40058318.871600,28562,104068.10,16107082.595500,0
1746712800000,154.9000,155.2400,154.1700,154.2900,223660.10,1746713699999,34605759.460700,27749,87789.09,13585856.857100,0
1746713700000,154.2900,155.4700,154.2800,155.4700,245724.70,1746714599999,38059961.726200,26582,143616.99,22249514.190400,0
1746714600000,155.4800,156.9400,155.4700,156.5500,673088.46,1746715499999,105268185.006030,64218,375535.18,58724485.414730,0
1746715500000,156.5500,158.7900,156.3600,157.0100,1454852.10,1746716399999,229233436.206960,119521,851102.20,134120747.987430,0
1746716400000,157.0200,158.3700,156.8700,158.2500,398409.28,1746717299999,62776064.173120,49144,212626.05,33505270.005120,0
1746717300000,158.2400,160.6600,157.8500,159.7600,1401769.07,1746718199999,223404005.465610,120616,783620.61,124884962.834010,0
1746718200000,159.7600,163.0800,158.9000,161.5200,1564831.07,1746719099999,251595838.298400,152489,819783.60,131863587.892600,0
1746719100000,161.5100,162.2000,159.4100,160.1800,1254956.86,1746719999999,201555942.472240,111210,613133.89,98488191.946300,0
1746720000000,160.1900,160.7400,159.4100,160.4400,699501.82,1746720899999,111985908.346300,70447,335093.70,53662727.802900,0
1746720900000,160.4400,161.0500,159.4400,159.5000,356529.75,1746721799999,57098258.854720,42502,141079.61,22605708.740340,0
1746721800000,159.4900,160.4700,159.3700,160.2400,261336.97,1746722699999,41787174.923300,32635,143536.35,22954475.549100,0
1746722700000,160.2500,160.2800,159.7300,159.9300,183148.46,1746723599999,29306559.357500,23422,98449.12,15754602.461400,0
1746723600000,159.9300,160.0000,159.2800,159.5500,237590.34,1746724499999,37916290.186500,28494,107021.16,17077927.074900,0
1746724500000,159.5500,160.2200,159.5500,159.8300,333993.14,1746725399999,53420294.993900,25767,216964.99,34704902.157600,0
1746725400000,159.8400,160.0900,158.7200,158.8700,421682.62,1746726299999,67120834.991710,40087,178815.13,28473526.845100,0
1746726300000,158.8800,159.2000,158.5100,158.6800,344438.57,1746727199999,54701928.771400,28665,169358.38,26897201.576800,0
1746727200000,158.6800,159.8200,158.6700,159.4700,329820.24,1746728099999,52542241.871100,33877,206801.75,32940863.195400,0
1746728100000,159.4800,160.1500,159.3700,160.0600,247412.57,1746728999999,39571337.182100,23017,131395.67,21014222.842800,0
1746729000000,160.0500,160.3300,159.8900,160.0400,240237.49,1746729899999,38463424.111000,23736,117942.79,18883143.340100,0
1746729900000,160.0300,160.2200,159.6800,159.9200,206193.40,1746730799999,32982839.941000,22203,118816.41,19005749.619400,0
1746730800000,159.9100,160.2400,159.7600,159.8400,171110.36,1746731699999,27373761.432500,20686,82575.29,13209940.805300,0
1746731700000,159.8500,160.8300,159.7200,160.0900,199574.20,1746732599999,31965139.062650,23802,110607.49,17717860.807750,0
1746732600000,160.1000,160.2500,159.6300,159.8900,140659.82,1746733499999,22493187.863100,16858,79627.27,12733190.702800,0
1746733500000,159.8900,160.5200,159.6900,160.5000,301836.14,1746734399999,48318583.854800,31524,158377.10,25354657.037900,0
1746734400000,160.5000,161.3700,159.9100,159.9400,458701.15,1746735299999,73780294.969140,39988,216066.72,34748723.831940,0
1746735300000,159.9500,160.8200,159.6800,160.7400,139155.25,1746736199999,22289341.117600,23083,77081.38,12349792.573200,0
1746736200000,160.7500,162.2700,160.4400,161.6400,579005.32,1746737099999,93455702.021700,55066,327345.81,52866890.185900,0
1746737100000,161.6300,163.8200,161.3400,162.8000,623142.54,1746737999999,101299501.278080,60666,368135.66,59877249.023600,0
1746738000000,162.8100,162.8900,160.8600,161.9000,526962.56,1746738899999,85106551.271960,45930,282015.80,45533747.565500,0
1746738900000,161.9100,164.0500,161.7000,161.9000,658839.90,1746739799999,107267680.399060,73949,323663.85,52709496.593860,0
1746739800000,161.8900,162.4300,160.3800,160.8300,420411.85,1746740699999,67799638.581750,53102,166723.77,26899042.107700,0
1746740700000,160.8300,161.5500,160.1300,160.9300,295059.66,1746741599999,47426798.267000,39431,133664.40,21485575.018100,0
1746741600000,160.9400,161.3400,160.3200,160.6700,315079.83,1746742499999,50655010.561300,39532,130170.77,20929213.194600,0
1746742500000,160.6600,161.4100,160.5800,161.1900,178018.80,1746743399999,28668131.542700,24949,85719.51,13804599.710900,0
1746743400000,161.1800,161.6000,160.6600,161.6000,148929.36,1746744299999,23987626.525100,22876,82009.99,13211881.533900,0
1746744300000,161.6000,161.6300,160.9200,161.4100,111648.71,1746745199999,18008611.200000,19718,57584.82,9288941.372300,0
1746745200000,161.4100,162.1500,161.0500,162.0700,191482.94,1746746099999,30946962.147820,32431,111749.01,18062552.775020,0
1746746100000,162.0700,163.0100,161.9800,162.6200,337867.03,1746746999999,54954165.320980,35662,153123.64,24905134.194780,0
1746747000000,162.6200,163.7200,162.4700,163.6500,226551.16,1746747899999,36968773.898280,31844,140227.57,22881913.459780,0
1746747900000,163.6400,164.6100,163.1800,164.4200,280003.70,1746748799999,45862012.908800,32837,155139.87,25418990.298400,0
1746748800000,164.4100,164.4300,163.2500,163.6000,467967.68,1746749699999,76613387.995600,46518,197244.65,32280216.236000,0
1746749700000,163.6000,164.3000,162.9300,162.9400,227873.93,1746750599999,37262970.562600,36140,99117.59,16211020.150000,0
1746750600000,162.9400,163.1800,162.3100,162.7500,226085.59,1746751499999,36777914.945200,32094,112501.26,18301413.843700,0
1746751500000,162.7500,163.0700,162.3400,162.3400,153543.34,1746752399999,24973601.529800,24330,84598.97,13762328.238900,0
1746752400000,162.3500,163.0000,162.0100,162.9200,223431.79,1746753299999,36272127.380680,32227,118329.18,19211196.603800,0
1746753300000,162.9200,163.6200,162.1700,162.6200,282014.57,1746754199999,45935107.563660,39476,141801.28,23101994.766780,0
1746754200000,162.6100,162.9900,162.2600,162.9300,121966.56,1746755099999,19832272.373000,22015,55054.41,8954159.217900,0
1746755100000,162.9300,163.6300,162.6500,163.5300,138064.86,1746755999999,22536763.042680,24222,77110.61,12588547.850180,0
1746756000000,163.5300,163.5600,162.9000,163.0400,120696.22,1746756899999,19703149.713400,20937,63681.15,10396528.130200,0
1746756900000,163.0300,163.4400,162.3400,162.3400,151973.65,1746757799999,24722257.489900,21576,64496.73,10489901.290300,0
1746757800000,162.3500,162.6800,162.1600,162.5800,91893.92,1746758699999,14928748.001680,23196,46921.63,7622616.727500,0
1746758700000,162.5700,163.0600,162.2200,162.4900,116848.13,1746759599999,19002906.314700,19128,51928.18,8446784.930800,0
1746759600000,162.4900,163.2800,162.0500,162.9900,189575.26,1746760499999,30840696.433800,27488,115417.30,18781768.815400,0
1746760500000,162.9900,163.3300,162.6900,162.7500,119861.44,1746761399999,19531840.250700,19591,58475.60,9529666.949500,0
1746761400000,162.7600,162.7800,161.7300,161.8000,200824.76,1746762299999,32557278.000120,25366,64281.44,10421195.865000,0
1746762300000,161.8000,162.1900,161.3000,161.3400,269105.40,1746763199999,43505454.040600,28152,120786.77,19526764.393000,0
1746763200000,161.3300,161.9500,161.1100,161.8500,258497.20,1746764099999,41736062.419200,32478,138544.47,22371042.878900,0
1746764100000,161.8500,161.9900,161.3200,161.4500,216502.06,1746764999999,34995869.533500,21583,88535.41,14314810.703500,0
1746765000000,161.4400,161.7600,161.0200,161.7600,108473.70,1746765899999,17499531.760400,18007,46139.64,7445594.417200,0
1746765900000,161.7500,161.9500,161.5900,161.8300,176334.82,1746766799999,28523092.277900,20411,75550.15,12222593.070900,0
1746766800000,161.8300,162.4400,161.6900,162.1900,183280.80,1746767699999,29713258.091200,26008,104377.12,16921735.244300,0
1746767700000,162.1900,162.8300,162.1100,162.6200,159913.72,1746768599999,25995290.612500,21636,98628.46,16032858.064100,0
1746768600000,162.6100,162.7800,162.2800,162.6700,107364.64,1746769499999,17457518.835600,17942,59612.65,9693105.398700,0
1746769500000,162.6700,162.8300,162.3500,162.8300,90631.81,1746770399999,14736817.992100,15557,46117.88,7499246.118300,0
1746770400000,162.8300,162.9800,162.4000,162.4500,124882.24,1746771299999,20315721.562200,19774,52678.17,8570201.876500,0
1746771300000,162.4500,163.5500,162.4400,163.0100,279105.49,1746772199999,45534748.874380,31367,147473.43,24058997.994280,0
1746772200000,163.0000,163.6700,162.9800,163.5300,259171.35,1746773099999,42342387.108400,29644,117419.11,19181506.997600,0
1746773100000,163.5400,164.2500,163.2800,164.2000,227621.75,1746773999999,37303550.711900,25631,139971.97,22936571.856900,0
1746774000000,164.1900,164.9000,163.9800,164.6000,424042.73,1746774899999,69770195.586700,51549,222543.50,36621462.938400,0
1746774900000,164.5900,165.6200,164.2400,165.0600,697558.36,1746775799999,115085932.496000,61708,415000.90,68479355.177800,0
1746775800000,165.0600,167.0100,164.4300,165.6000,607581.36,1746776699999,100454862.514470,55642,333109.22,55123945.598200,0
1746776700000,165.5900,166.9000,164.6700,165.0300,740543.17,1746777599999,122719159.633400,78618,371550.97,61611548.518050,0
1746777600000,165.0400,167.2000,164.8100,166.2800,767096.63,1746778499999,127447925.240840,68583,370596.25,61574297.444140,0
1746778500000,166.2800,168.9900,166.1100,168.0800,780123.64,1746779399999,130768939.080300,81771,435490.96,73007562.014700,0
1746779400000,168.0800,169.9900,164.7400,165.3200,1827277.19,1746780299999,305924986.950100,165022,897646.04,150383657.938000,0
1746780300000,165.3200,167.4800,165.2700,166.3200,697342.12,1746781199999,116076156.469540,75482,361133.28,60115312.509740,0
1746781200000,166.3200,167.9300,164.9700,165.6300,645488.81,1746782099999,107359460.380040,85967,304178.48,50590834.550080,0
1746782100000,165.6400,166.2700,164.2500,164.7500,697116.80,1746782999999,115167733.863380,86580,319615.85,52801921.142100,0
1746783000000,164.7500,166.2200,164.7000,165.7500,320250.39,1746783899999,53051060.230890,50451,171385.26,28384993.473990,0
1746783900000,165.7500,166.4800,165.3000,166.4000,269501.07,1746784799999,44728807.857400,33940,131016.32,21749362.192600,0
1746784800000,166.4000,168.6800,166.1400,168.3900,504318.44,1746785699999,84531018.306910,61643,259561.63,43501481.885710,0
1746785700000,168.3900,168.5000,167.0000,167.6000,279817.13,1746786599999,46915444.023000,39647,122756.78,20578033.032100,0
1746786600000,167.5900,169.2500,167.2200,169.0900,311596.83,1746787499999,52435663.314100,44952,190426.92,32057383.339800,0
1746787500000,169.0900,174.6800,169.0600,173.9500,1793344.05,1746788399999,309164734.303580,182747,989219.06,170437063.582980,0
1746788400000,173.9600,174.9400,172.4500,173.5500,1122017.55,1746789299999,194834065.674530,131254,531226.81,92279003.040390,0
1746789300000,173.5600,176.1600,171.1000,172.3300,1455013.52,1746790199999,253018936.848530,169331,690032.21,120061954.873500,0
1746790200000,172.3400,174.6600,171.9100,174.3100,786221.81,1746791099999,136141993.421790,94341,384847.61,66636894.896290,0
1746791100000,174.3100,174.6300,172.0200,172.2600,506676.49,1746791999999,87747995.202640,61714,195173.20,33808130.620500,0
1746792000000,172.2600,172.3700,169.5000,170.7000,903638.07,1746792899999,154307208.828060,107994,438966.72,74960556.481300,0
1746792900000,170.6900,171.9200,170.2800,171.7200,381581.64,1746793799999,65336172.567100,53463,187449.60,32093378.633500,0
1746793800000,171.7100,172.7500,171.5200,172.0200,296318.10,1746794699999,51011938.844700,45783,135341.53,23304268.456900,0
1746794700000,172.0200,172.5400,171.8000,172.4000,277446.95,1746795599999,47767715.663700,33132,120586.16,20759777.240200,0
1746795600000,172.4100,172.8400,171.9800,172.0700,186310.60,1746796499999,32126970.884600,30255,82095.57,14159281.507000,0
1746796500000,172.0700,172.3000,171.1900,171.6100,273169.92,1746797399999,46857808.807200,33133,129202.54,22163957.284200,0
1746797400000,171.6100,172.4300,170.7500,172.1500,354830.53,1746798299999,60959445.701600,52657,178137.36,30618978.071400,0
1746798300000,172.1500,173.4200,171.9300,172.6500,596668.86,1746799199999,103151235.396520,59717,323219.67,55881431.777920,0
1746799200000,172.6400,172.6400,170.8100,171.6800,653497.00,1746800099999,112027956.882700,59458,289172.33,49558432.969100,0
1746800100000,171.6800,171.7700,168.5100,168.6700,972581.82,1746800999999,165042046.369540,93118,412731.10,70054596.461000,0
1746801000000,168.6600,169.8600,167.4000,169.0500,998276.86,1746801899999,168111614.539160,103882,515379.24,86805919.470900,0
1746801900000,169.0600,169.4600,167.6400,169.2900,450534.67,1746802799999,76026284.558700,56944,226718.66,38264778.038000,0
1746802800000,169.2900,170.1900,168.8000,170.0600,334134.74,1746803699999,56620600.621800,47221,175769.92,29790664.590500,0
1746803700000,170.0500,170.3600,168.4600,169.2800,386992.89,1746804599999,65545229.242640,49484,163226.27,27663485.476140,0
1746804600000,169.2900,170.0200,168.6000,169.7400,308605.83,1746805499999,52261706.524700,48832,158759.16,26890790.021900,0
1746805500000,169.7400,171.6500,169.2000,170.7400,574350.20,1746806399999,97951160.301500,64090,335947.08,57309633.592800,0
1746806400000,170.7400,170.9100,168.5500,169.6900,567238.03,1746807299999,96137511.203300,66928,227399.24,38533190.262400,0
1746807300000,169.6900,170.7600,169.3200,170.0200,274367.05,1746808199999,46674132.998640,41378,150439.66,25593360.343540,0
1746808200000,170.0200,170.7700,169.8900,170.1700,248950.47,1746809099999,42382991.680100,33737,103002.06,17534313.969500,0
1746809100000,170.1700,170.5000,168.6900,169.0000,426391.54,1746809999999,72212566.617800,43642,175671.95,29757631.590300,0
1746810000000,169.0000,170.9000,168.6600,170.5200,355643.11,1746810899999,60441987.238540,40972,198905.72,33811099.679240,0
1746810900000,170.5200,171.9800,170.4700,171.9700,429541.27,1746811799999,73614908.307000,49316,222383.86,38109165.058700,0
1746811800000,171.9700,172.0700,171.1200,171.3600,231600.74,1746812699999,39748362.585900,30093,102605.44,17615996.024800,0
1746812700000,171.3500,172.0900,171.3500,171.9100,227939.42,1746813599999,39146864.240400,26522,98927.25,16992269.140900,0
1746813600000,171.9100,171.9700,171.2200,171.6900,175848.71,1746814499999,30180874.409500,24006,92187.81,15818946.507900,0
1746814500000,171.6800,172.2400,171.2300,171.7700,201604.27,1746815399999,34626051.488800,24273,81525.44,14008185.002800,0
1746815400000,171.7600,172.1800,171.7200,171.8600,152844.69,1746816299999,26283835.845900,19062,80641.98,13868482.741100,0
1746816300000,171.8700,172.4800,171.6300,171.7100,164367.12,1746817199999,28274525.063600,24254,69344.14,11934833.040500,0
1746817200000,171.7100,172.5800,171.5700,171.6700,164070.64,1746818099999,28230436.069300,22898,66822.83,11499411.757300,0
1746818100000,171.6800,171.6800,170.6300,171.5000,244801.54,1746818999999,41882639.614200,34094,102242.20,17493164.563300,0
1746819000000,171.5000,171.7700,171.0900,171.5900,77205.99,1746819899999,13240007.306900,16970,41263.14,7076777.790100,0
1746819900000,171.5900,171.9100,171.1300,171.8800,106001.06,1746820799999,18180616.377200,17608,56902.58,9759651.826400,0
1746820800000,171.8900,172.3400,171.5000,172.0400,143238.68,1746821699999,24627447.154300,20011,78041.17,13417237.642700,0
1746821700000,172.0400,172.5400,171.9600,172.5200,122689.07,1746822599999,21138132.086800,20496,54390.21,9371911.274500,0
1746822600000,172.5100,172.6200,172.0000,172.5000,61551.76,1746823499999,10606195.848600,14298,26075.72,4492976.429700,0
1746823500000,172.5000,172.9900,172.1200,172.9600,111489.62,1746824399999,19251673.171700,17894,65818.68,11368328.091200,0
1746824400000,172.9700,173.0100,172.2200,172.3100,118099.23,1746825299999,20387213.483500,17347,41215.57,7119634.752000,0
1746825300000,172.3200,172.6400,171.0900,171.8700,293031.82,1746826199999,50325761.986500,37196,129981.24,22332723.780600,0
1746826200000,171.8700,172.6700,171.7500,171.8000,108194.50,1746827099999,18632597.195200,23529,57400.04,9885527.377500,0
1746827100000,171.8000,172.6700,171.6800,172.6200,63580.80,1746827999999,10945450.701100,12771,36934.92,6359322.066800,0
1746828000000,172.6100,172.9600,172.0400,172.1200,93753.40,1746828899999,16175649.134700,17633,43645.50,7531477.386800,0
1746828900000,172.1300,173.2500,172.0500,173.1600,92808.41,1746829799999,16031392.546940,15594,57517.82,9937423.661040,0
1746829800000,173.1500,173.2800,172.5900,173.0200,91398.23,1746830699999,15809877.224300,13612,44263.22,7658600.712000,0
1746830700000,173.0200,173.5400,172.8900,173.2700,98497.84,1746831599999,17059135.877700,15338,45494.67,7881071.955000,0
1746831600000,173.2700,173.7900,172.9700,173.2400,169418.68,1746832499999,29382970.413900,19597,73179.53,12691433.973800,0
1746832500000,173.2500,173.4500,172.7900,173.0600,139941.74,1746833399999,24217529.077100,18281,76882.78,13304516.564000,0
1746833400000,173.0600,173.3800,172.3200,172.4200,130302.09,1746834299999,22506465.677500,18226,50090.43,8658433.159300,0
1746834300000,172.4300,172.8900,172.3900,172.7400,63899.58,1746835199999,11028445.066900,11127,30355.61,5239051.619300,0
1746835200000,172.7400,174.4900,172.6900,174.1100,247890.18,1746836099999,43093692.874970,34592,139563.57,24262446.822970,0
1746836100000,174.1100,175.1800,173.1000,173.1000,471804.38,1746836999999,82244402.269980,51602,213782.32,37269455.018420,0
1746837000000,173.1000,173.2000,171.8000,171.9600,331341.69,1746837899999,57080676.886940,47376,164263.33,28299230.079700,0
1746837900000,171.9600,171.9600,170.6200,171.3400,410122.86,1746838799999,70226586.118320,47228,179974.05,30821098.194700,0
1746838800000,171.3400,171.8800,171.2200,171.3400,169045.76,1746839699999,28999481.142900,24280,70129.39,12030470.652500,0
1746839700000,171.3300,172.0800,171.2800,172.0200,98608.48,1746840599999,16947412.034100,22526,55920.66,9610906.185400,0
1746840600000,172.0200,172.5000,171.8500,172.1600,147421.58,1746841499999,25391332.646900,19964,79392.91,13674790.325300,0
1746841500000,172.1500,172.5000,171.1500,171.6600,142863.17,1746842399999,24522334.636100,22251,62449.83,10720101.271500,0
1746842400000,171.6700,172.0900,171.4900,172.0100,109419.26,1746843299999,18799805.910600,17137,68985.63,11852966.825100,0
1746843300000,172.0200,172.1800,171.2100,171.9200,107990.21,1746844199999,18539774.726300,18509,58268.85,10003439.839000,0
1746844200000,171.9300,172.5000,171.5800,172.2900,154688.93,1746845099999,26630471.219300,23070,90248.46,15534173.186600,0
1746845100000,172.2800,172.6400,171.9800,172.1000,98466.91,1746845999999,16964227.992400,15721,44337.50,7640572.275100,0
1746846000000,172.0900,172.1400,171.5000,171.7900,71763.80,1746846899999,12326697.058400,15031,33740.80,5795299.614700,0
1746846900000,171.7800,172.0700,171.5400,171.8600,74201.00,1746847799999,12753830.988300,12493,42310.72,7272815.599600,0
1746847800000,171.8600,171.9600,171.0400,171.5800,87959.44,1746848699999,15081587.996400,16744,38171.42,6545405.304900,0
1746848700000,171.5800,171.7700,171.3100,171.5600,98282.97,1746849599999,16860523.654400,16520,37109.37,6367092.103400,0
1746849600000,171.5600,171.5700,170.1500,170.5400,263903.35,1746850499999,45032736.087740,33806,100051.79,17068186.670800,0
1746850500000,170.5400,170.9000,170.1800,170.4200,100269.31,1746851399999,17108121.998200,18811,51054.49,8711087.167700,0
1746851400000,170.4300,170.6900,170.1100,170.6600,95653.24,1746852299999,16299348.400200,16652,45077.01,7682045.041800,0
1746852300000,170.6700,170.9300,170.4700,170.8100,62338.29,1746853199999,10645150.173600,13288,36264.99,6192964.557200,0
1746853200000,170.8000,170.9600,170.1600,170.3500,123866.60,1746854099999,21118605.766200,16497,48313.12,8239984.816800,0
1746854100000,170.3500,170.5900,170.0200,170.2700,154194.25,1746854999999,26255591.101900,18815,70509.12,12006639.875900,0
1746855000000,170.2700,170.7600,169.6200,170.7100,123362.45,1746855899999,20993870.183000,22603,64261.71,10941780.971600,0
1746855900000,170.7100,171.2200,170.5800,171.1200,120994.05,1746856799999,20684538.987500,22905,62525.72,10688875.091300,0
1746856800000,171.1100,171.9900,171.0600,171.5900,246423.20,1746857699999,42287329.425100,32200,145449.91,24957836.907800,0
1746857700000,171.6000,172.2700,171.5500,172.0500,197899.14,1746858599999,34037336.646600,31520,117214.18,20161185.745500,0
1746858600000,172.0600,172.1600,171.3300,171.3800,106201.98,1746859499999,18245459.127600,21502,43727.99,7514470.272100,0
1746859500000,171.3900,172.0500,171.0100,172.0300,103814.36,1746860399999,17794797.187800,21026,56044.59,9608030.836200,0
1746860400000,172.0300,172.2600,171.6500,171.7700,186299.85,1746861299999,32044487.341700,26246,104280.91,17938132.237000,0
1746861300000,171.7700,171.9400,171.1400,171.4000,102341.07,1746862199999,17556369.007000,17441,39190.41,6724652.268700,0
1746862200000,171.3900,171.7900,171.2300,171.4000,96282.19,1746863099999,16513703.451500,17174,53045.49,9098056.216200,0
1746863100000,171.4000,172.5000,171.2700,172.2500,187028.23,1746863999999,32174379.064100,27247,105464.67,18144221.739400,0
1746864000000,172.2600,173.2800,172.1500,172.3300,422053.99,1746864899999,72889312.934620,44389,203693.57,35189229.110120,0
1746864900000,172.3300,173.0400,171.9500,173.0300,184477.94,1746865799999,31829690.325000,26404,99768.66,17220246.200400,0
1746865800000,173.0300,173.3600,172.6200,172.8800,140790.61,1746866699999,24346027.297500,24075,68662.16,11874346.168700,0
1746866700000,172.8900,172.9700,171.0700,171.5600,310212.71,1746867599999,53262961.228900,42708,132021.54,22661796.322000,0
1746867600000,171.5600,171.6200,170.4700,170.7400,407051.01,1746868499999,69558955.381300,46128,155727.92,26614908.281300,0
1746868500000,170.7400,171.7000,170.5700,171.3100,321607.74,1746869399999,55083644.651400,27597,144504.78,24738372.716500,0
1746869400000,171.3100,171.9900,171.0000,171.3300,197060.12,1746870299999,33793822.266500,23799,118836.14,20380573.034800,0
1746870300000,171.3400,171.9000,171.3300,171.6200,89727.66,1746871199999,15404386.794800,15830,54258.79,9315273.261800,0
1746871200000,171.6300,172.2700,171.1400,171.9300,157394.33,1746872099999,27016897.687000,29552,79048.03,13570248.467800,0
1746872100000,171.9400,172.1000,171.2700,171.3200,100494.45,1746872999999,17256096.875400,18754,33735.79,5792507.402200,0
1746873000000,171.3200,171.6600,171.1100,171.2000,109127.92,1746873899999,18699289.702700,21325,55299.12,9476719.018100,0
1746873900000,171.2000,171.6700,170.2200,170.2400,232990.65,1746874799999,39807740.370840,36008,78781.49,13468090.415900,0
1746874800000,170.2500,170.6400,169.8800,170.5800,347285.40,1746875699999,59095567.726600,37114,144789.55,24641673.208100,0
1746875700000,170.5700,170.6000,169.8300,169.8900,174011.69,1746876599999,29598988.810600,23650,70934.28,12066279.342000,0
1746876600000,169.8900,169.9000,168.6800,168.8400,572838.27,1746877499999,96912890.883100,56213,263296.99,44549215.050000,0
1746877500000,168.8400,169.3900,168.8000,168.9100,232923.52,1746878399999,39383765.637200,26651,119905.22,20276234.711600,0
1746878400000,168.9100,170.2000,168.9100,170.1800,256990.91,1746879299999,43597541.145100,25323,157738.88,26758203.813800,0
1746879300000,170.1700,170.7300,169.9100,170.5300,202831.61,1746880199999,34555998.241740,29247,99326.96,16925758.947640,0
1746880200000,170.5300,170.7800,170.1000,170.1600,158681.01,1746881099999,27036937.662100,21032,91280.62,15554029.515600,0
1746881100000,170.1500,171.3000,170.1400,171.0900,236625.83,1746881999999,40451623.374200,23294,123305.96,21079434.912200,0
1746882000000,171.0800,171.5000,171.0200,171.4200,182295.20,1746882899999,31231183.026800,19637,91858.61,15737554.171400,0
1746882900000,171.4200,171.5800,170.9000,171.3600,107279.69,1746883799999,18367951.514240,17656,49573.81,8489612.319240,0
1746883800000,171.3600,171.4500,171.0000,171.2100,74558.71,1746884699999,12765104.077100,13885,31570.09,5404927.853600,0
1746884700000,171.2200,171.9600,171.1000,171.6600,196389.97,1746885599999,33700796.547160,25936,113015.40,19397316.372060,0
1746885600000,171.6700,171.9700,170.7100,170.9400,178388.87,1746886499999,30531599.924200,24209,72539.93,12417337.027400,0
1746886500000,170.9400,171.0100,170.1800,170.6700,161401.19,1746887399999,27527523.175840,21896,60932.29,10393370.575100,0
1746887400000,170.6700,171.3900,170.6700,171.2800,95751.53,1746888299999,16377895.818600,17194,59227.25,10131688.195100,0
1746888300000,171.2900,171.7200,171.2400,171.6400,119337.23,1746889199999,20465225.872660,18658,71405.76,12246196.748460,0
1746889200000,171.6300,171.7800,171.2000,171.3600,130504.63,1746890099999,22382657.923400,19571,72380.36,12414760.813300,0
1746890100000,171.3500,171.4900,170.9500,171.3300,148848.59,1746890999999,25488551.772100,19085,56918.01,9746324.637700,0
1746891000000,171.3300,171.5900,170.8500,171.4200,132469.37,1746891899999,22693748.387300,23348,59017.82,10111155.261600,0
1746891900000,171.4200,171.7900,170.8400,171.0200,137798.66,1746892799999,23602389.180400,19536,63028.92,10796003.741600,0
1746892800000,171.0200,171.3900,170.7900,171.1100,157211.25,1746893699999,26895780.513300,20694,76224.78,13042837.398900,0
1746893700000,171.1100,172.1800,171.0700,171.4300,217117.01,1746894599999,37287191.061500,26986,125491.68,21553689.566800,0
1746894600000,171.4300,172.4500,171.3100,171.8500,215663.09,1746895499999,37080982.819700,30907,125492.65,21576938.098900,0
1746895500000,171.8500,171.8800,171.4000,171.7700,106293.23,1746896399999,18245468.893400,17215,53484.04,9181515.523300,0
1746896400000,171.7800,172.5300,171.4700,172.3600,238992.34,1746897299999,41159910.168400,28117,125625.06,21635810.168100,0
1746897300000,172.3600,173.1200,172.2100,172.5600,236804.04,1746898199999,40912132.011340,27383,133128.91,23004155.705140,0
1746898200000,172.5600,173.8000,172.5300,173.1000,348267.84,1746899099999,60359905.718580,43590,181814.10,31510314.076180,0
1746899100000,173.1100,173.4600,171.7300,171.7300,470296.59,1746899999999,81027478.743500,50390,207397.92,35732785.510200,0
1746900000000,171.7300,172.4100,171.5000,172.1300,176816.66,1746900899999,30412824.850900,24081,83432.50,14352236.885900,0
1746900900000,172.1300,172.4400,171.2400,171.5900,155367.95,1746901799999,26694971.211600,21555,76871.41,13205757.775000,0
1746901800000,171.6000,171.7500,171.0300,171.6600,138889.16,1746902699999,23803188.372800,18917,68723.48,11778392.537200,0
1746902700000,171.6700,172.4700,171.5100,172.4600,157793.02,1746903599999,27156258.102600,20384,97003.98,16699431.096000,0
1746903600000,172.4700,172.7400,171.5500,171.5800,135284.69,1746904499999,23296640.669100,18124,60035.26,10345889.721900,0
1746904500000,171.5700,172.2900,171.5100,171.9100,88206.12,1746905399999,15161682.930700,13379,44590.73,7664611.974600,0
1746905400000,171.9000,172.4700,171.8200,172.3200,65849.97,1746906299999,11337210.559300,11735,43293.06,7453780.657400,0
1746906300000,172.3200,172.4000,171.9100,172.1500,65615.49,1746907199999,11299586.045100,11723,30333.48,5223713.902000,0
1746907200000,172.1400,172.2400,171.2500,172.2400,118779.10,1746908099999,20404148.439200,18292,57353.84,9855048.520000,0
1746908100000,172.2400,172.5300,171.9300,172.3800,96519.43,1746908999999,16629088.021500,13531,59284.85,10215492.314000,0
1746909000000,172.3800,172.9700,172.2300,172.8700,146147.70,1746909899999,25228806.330700,17900,96071.22,16583093.037900,0
1746909900000,172.8700,172.9000,172.5200,172.6300,76398.94,1746910799999,13196555.046200,13265,35105.26,6063746.622300,0
1746910800000,172.6200,173.1600,172.2900,172.6400,158564.36,1746911699999,27364509.279520,21517,65588.89,11321314.984320,0
1746911700000,172.6300,173.4000,172.6300,173.3900,141032.84,1746912599999,24418152.334100,16536,84591.34,14645103.795800,0
1746912600000,173.3900,173.6200,173.2100,173.4600,100857.06,1746913499999,17492162.121800,19375,56541.61,9806211.339700,0
1746913500000,173.4600,174.5000,173.2100,174.0900,220275.92,1746914399999,38316432.329670,29859,139499.75,24268177.939870,0
1746914400000,174.0800,174.1900,173.0300,173.3800,330502.62,1746915299999,57378383.682640,40798,126656.96,21991165.628700,0
1746915300000,173.3700,173.7500,173.0000,173.5800,162921.73,1746916199999,28231468.633900,22936,69469.37,12040471.454300,0
1746916200000,173.5700,174.8500,173.5400,174.7600,219748.78,1746917099999,38321912.362210,32792,134859.32,23521048.337810,0
1746917100000,174.7700,175.1200,174.2600,174.9200,213600.46,1746917999999,37312663.652700,24641,113335.06,19804736.751400,0
1746918000000,174.9100,177.8800,174.5000,177.3800,728162.42,1746918899999,128412008.358000,74199,437447.87,77146897.077800,0
1746918900000,177.3800,178.9300,176.6800,177.7100,1125619.43,1746919799999,200163441.116560,115636,561982.18,99967357.008400,0
1746919800000,177.7100,177.7700,175.7400,177.0300,573940.30,1746920699999,101401982.790860,55995,254441.63,44956254.581700,0
1746920700000,177.0300,177.9500,176.6900,177.8600,265510.10,1746921599999,47094354.701520,29387,123889.38,21974944.102720,0
1746921600000,177.8500,179.3400,177.4300,178.2600,645750.92,1746922499999,115322250.954170,76235,278285.90,49718235.763170,0
1746922500000,178.2600,178.3500,172.7800,173.2100,965226.12,1746923399999,169755197.295930,111339,397540.07,69951688.540800,0
1746923400000,173.2100,176.3600,173.2100,176.1700,717920.93,1746924299999,125757371.064990,96191,372794.46,65307343.671070,0
1746924300000,176.1800,179.6400,176.1100,179.1300,708374.65,1746925199999,126274471.248730,91814,376797.46,67153649.768530,0
1746925200000,179.1400,180.0700,177.6600,179.2000,537241.40,1746926099999,96122697.350040,66912,281117.63,50316096.731580,0
1746926100000,179.2100,179.4400,178.2900,178.9000,321270.94,1746926999999,57476685.617600,49014,173765.41,31092196.697900,0
1746927000000,178.9000,180.2900,178.4500,179.1300,530561.09,1746927899999,95228044.844500,69176,251186.02,45097831.126400,0
1746927900000,179.1200,179.1300,175.4900,176.9300,765602.03,1746928799999,135489081.054530,98779,357380.70,63230043.479600,0
1746928800000,176.9200,177.3700,176.1100,176.9700,323871.87,1746929699999,57248108.798360,51878,174949.01,30930924.360160,0
1746929700000,176.9700,177.8200,176.8900,177.1300,212508.12,1746930599999,37695666.537100,34583,115714.84,20528507.761000,0
1746930600000,177.1300,177.7300,176.5800,176.6800,199819.48,1746931499999,35413868.184100,28148,90481.44,16040890.030900,0
1746931500000,176.6700,176.7200,174.6000,175.7500,475372.32,1746932399999,83453334.189520,60680,208572.39,36616791.302200,0
1746932400000,175.7500,175.8300,174.8400,175.6900,185565.35,1746933299999,32542141.342400,28079,73117.94,12825488.884000,0
1746933300000,175.7000,176.3400,175.3800,176.1300,140810.76,1746934199999,24779237.455460,25717,78480.77,13813030.980360,0
1746934200000,176.1200,176.6100,175.4000,176.5000,135153.00,1746935099999,23792964.762800,20556,73819.33,13002003.314900,0
1746935100000,176.5100,176.6400,175.6300,175.7800,160468.65,1746935999999,28269161.261200,20856,61832.67,10889127.183100,0
1746936000000,175.7800,177.6600,175.6900,177.0500,311724.50,1746936899999,55145356.069160,35392,189113.77,33454819.849360,0
1746936900000,177.0600,177.2000,176.7300,176.8400,125030.81,1746937799999,22128369.332900,18198,60576.20,10722139.169400,0
1746937800000,176.8400,177.1800,176.2200,176.9200,133858.27,1746938699999,23646835.178000,23249,66690.70,11782915.741700,0
1746938700000,176.9100,177.2300,176.6100,177.1800,73582.76,1746939599999,13021496.913600,16573,40705.92,7204190.287600,0
1746939600000,177.1900,177.5400,176.7800,176.9400,91566.41,1746940499999,16219284.725500,18041,44497.20,7884299.839400,0
1746940500000,176.9400,177.0100,176.1600,176.3000,195010.62,1746941399999,34430327.052600,26571,66203.37,11692195.941400,0
1746941400000,176.3000,176.9200,176.0700,176.9100,102059.19,1746942299999,18024234.694500,19718,51847.64,9157837.062000,0
1746942300000,176.9000,176.9500,176.0500,176.1200,110516.23,1746943199999,19489253.741200,18175,41175.80,7262431.176300,0
1746943200000,176.1200,176.2000,174.9800,175.1300,294360.00,1746944099999,51635182.863900,40990,112097.12,19664862.235000,0
1746944100000,175.1300,175.9400,175.0700,175.9000,79975.72,1746944999999,14047622.380300,16321,47911.13,8414919.954700,0
1746945000000,175.8900,175.9300,174.1100,174.3700,286530.06,1746945899999,50144825.629790,43263,96356.26,16863990.960100,0
1746945900000,174.3600,174.8700,173.7500,174.6600,322133.07,1746946799999,56145454.409000,39023,130852.77,22808729.436700,0
1746946800000,174.6600,174.6900,173.1600,173.8700,354828.95,1746947699999,61631104.496200,50805,159685.25,27736399.486700,0
1746947700000,173.8800,174.0000,173.2600,173.5600,273990.58,1746948599999,47590483.537500,30145,155107.73,26947292.419000,0
1746948600000,173.5500,173.8900,172.1400,172.3000,457787.69,1746949499999,79170645.417230,50324,190305.67,32915222.762400,0
1746949500000,172.3100,173.1100,172.3000,172.5500,264951.27,1746950399999,45767932.061400,32643,125299.09,21645090.176000,0
1746950400000,172.5400,173.6800,172.5200,173.5800,249518.72,1746951299999,43216213.285600,27655,163912.79,28389484.680400,0
1746951300000,173.5900,173.9000,173.3100,173.3200,213943.39,1746952199999,37161244.457300,22553,120813.21,20987954.571900,0
1746952200000,173.3100,173.8300,172.5300,173.7800,231876.79,1746953099999,40143860.438900,30726,114548.40,19843615.419300,0
1746953100000,173.7800,173.8000,172.8100,172.9200,129230.71,1746953999999,22372564.477700,20181,46065.73,7975089.527400,0
1746954000000,172.9300,174.1100,172.7200,174.0700,159932.00,1746954899999,27744254.442800,23661,100021.11,17354332.558300,0
1746954900000,174.0600,174.3300,173.6400,174.3000,206006.76,1746955799999,35839641.035700,23911,125331.59,21804211.225200,0
1746955800000,174.3000,174.5000,173.9700,174.2700,155570.79,1746956699999,27116552.223740,22260,98255.65,17128457.873840,0
1746956700000,174.2600,174.9900,174.2200,174.3400,197424.28,1746957599999,34476100.917020,29084,106744.91,18643198.978420,0
1746957600000,174.3400,174.4900,173.6400,173.7800,130595.82,1746958499999,22729655.895300,20228,53020.62,9230574.796500,0
1746958500000,173.7800,174.3800,173.2000,174.3700,159739.51,1746959399999,27748517.967100,22134,83570.38,14526106.642400,0
1746959400000,174.3700,174.7600,173.9100,173.9300,131829.22,1746960299999,22983079.986100,21511,59883.42,10442238.851000,0
1746960300000,173.9300,174.5800,173.7000,174.5500,124896.84,1746961199999,21755834.915300,19637,61447.05,10705565.106400,0
1746961200000,174.5500,174.8000,174.0800,174.1900,136605.92,1746962099999,23841360.748900,20582,73894.54,12901091.734600,0
1746962100000,174.1900,174.4400,173.8900,174.4000,63000.94,1746962999999,10974980.768400,14197,31086.77,5416350.701200,0
1746963000000,174.4000,174.6000,174.0600,174.5200,60529.30,1746963899999,10553459.730300,13190,31866.04,5555504.670500,0
1746963900000,174.5300,174.8200,174.1300,174.6900,126236.18,1746964799999,22025016.166000,17294,64054.83,11179154.085600,0
1746964800000,174.6800,175.1900,174.4100,174.6300,157655.22,1746965699999,27556705.475800,22701,80973.79,14155175.836900,0
1746965700000,174.6400,174.8000,173.8300,173.9700,148596.90,1746966599999,25897586.584900,22359,63403.29,11054295.768200,0
1746966600000,173.9600,174.0500,173.5100,173.8700,189926.42,1746967499999,33017866.259400,24792,104187.70,18114321.722000,0
1746967500000,173.8700,174.3300,173.6100,173.9800,76791.93,1746968399999,13360845.672700,16772,37913.10,6596947.532200,0
1746968400000,173.9900,174.5900,173.8700,174.4300,99844.72,1746969299999,17398169.841900,17342,55349.46,9646040.033800,0
1746969300000,174.4300,174.4400,172.7400,172.8900,234046.01,1746970199999,40560954.647620,33475,78403.96,13589338.942400,0
1746970200000,172.8900,173.0400,171.5500,172.0100,492112.45,1746971099999,84796551.219960,55539,204875.01,35317410.188000,0
1746971100000,172.0100,172.4500,170.7700,170.9000,550825.63,1746971999999,94462192.564460,58759,251197.07,43093836.378500,0
1746972000000,170.9000,171.7200,170.9000,171.4000,335934.90,1746972899999,57571347.398300,39433,163101.43,27949552.975400,0
1746972900000,171.4000,171.4900,170.7200,171.1500,330357.05,1746973799999,56520318.032500,36785,152737.92,26130029.761400,0
1746973800000,171.1600,172.0500,170.9900,171.9800,223895.22,1746974699999,38445623.453500,27302,137700.34,23644697.580800,0
1746974700000,171.9800,172.0600,171.5600,171.8200,147764.89,1746975599999,25396237.458900,18350,57970.16,9963136.371100,0
1746975600000,171.8200,172.8800,171.5600,172.7300,231945.58,1746976499999,39973819.577900,28587,159772.67,27542537.495400,0
1746976500000,172.7200,172.8800,171.2600,171.4800,285676.68,1746977399999,49152551.690900,30408,108751.10,18712127.757200,0
1746977400000,171.4800,171.8700,170.8600,171.0900,186429.94,1746978299999,31952149.359100,26724,71018.71,12176973.078700,0
1746978300000,171.0900,171.4700,169.1300,170.4100,699775.09,1746979199999,119116988.563540,68695,288804.89,49151562.917900,0
1746979200000,170.4100,170.6100,169.3100,170.3600,328734.79,1746980099999,55858631.845000,42213,152479.07,25914223.473900,0
1746980100000,170.3500,171.4500,169.7100,171.4300,316702.17,1746980999999,54114596.233100,37442,189881.80,32459151.000900,0
1746981000000,171.4300,171.6700,170.5300,170.7900,298643.75,1746981899999,51089986.292300,30235,114695.60,19620607.694300,0
1746981900000,170.8000,170.8000,170.1700,170.4600,127568.59,1746982799999,21746914.454640,22870,59974.74,10225152.953300,0
1746982800000,170.4600,171.4200,170.1200,171.3200,329305.06,1746983699999,56263987.681200,35801,212542.28,36316993.300900,0
1746983700000,171.3300,171.5700,170.6600,171.1000,140158.12,1746984599999,23987810.483600,25437,69666.77,11925421.479500,0
1746984600000,171.1000,171.7800,170.9700,171.7600,136638.18,1746985499999,23430127.892060,30000,69788.46,11968128.264560,0
1746985500000,171.7700,171.8500,171.1400,171.7700,251560.50,1746986399999,43140641.825400,25815,102044.53,17501323.857300,0
1746986400000,171.7700,171.9200,171.1700,171.2900,112501.54,1746987299999,19295561.678300,21702,42328.24,7261053.167300,0
1746987300000,171.2800,171.7700,171.1200,171.2300,70357.22,1746988199999,12068449.663600,16463,28939.38,4964532.444500,0
1746988200000,171.2300,173.0100,170.7200,172.3900,346686.81,1746989099999,59677856.860100,39900,222400.45,38303271.678200,0
1746989100000,172.3800,173.2100,172.3600,172.5900,286155.88,1746989999999,49458186.248820,39491,173532.90,29997574.441320,0
1746990000000,172.5800,172.6800,172.0900,172.6400,172024.23,1746990899999,29657738.792900,28286,65695.89,11327270.734600,0
1746990900000,172.6300,172.9800,172.5100,172.9800,89259.03,1746991799999,15419370.370100,20418,48739.03,8420057.676800,0
1746991800000,172.9700,173.3800,172.7700,172.9200,133208.66,1746992699999,23058433.567900,22956,80345.85,13908427.620400,0
1746992700000,172.9200,173.2100,172.4500,172.6400,93184.01,1746993599999,16108923.241400,15629,40631.61,7024153.658100,0
1746993600000,172.6300,172.7400,171.6100,172.6400,170949.17,1746994499999,29432662.983260,26848,75388.31,12983278.798900,0
1746994500000,172.6400,172.6900,172.3200,172.3500,59859.09,1746995399999,10326015.067400,13380,27345.18,4717633.916800,0
1746995400000,172.3600,172.7000,172.0100,172.0900,74398.74,1746996299999,12815819.941400,16773,25406.71,4378386.733600,0
1746996300000,172.0900,172.4500,171.8700,172.2500,62157.15,1746997199999,10702692.904000,15497,30531.90,5257499.869000,0
1746997200000,172.2500,172.3100,171.5200,171.8800,99885.66,1746998099999,17167618.434740,22521,42589.56,7321296.801600,0
1746998100000,171.8700,172.4400,171.8300,172.2900,49834.25,1746998999999,8581663.999900,11367,28227.24,4860928.777500,0
1746999000000,172.2800,172.6800,172.1500,172.2900,42346.88,1746999899999,7300702.305400,10340,21312.07,3674557.333900,0
1746999900000,172.2800,173.1800,172.2800,173.0600,76204.86,1747000799999,13174592.764820,20312,35415.03,6121779.639620,0
1747000800000,173.0700,173.7600,171.7500,172.3700,319088.17,1747001699999,55074046.372100,42657,159374.76,27516060.511500,0
1747001700000,172.3700,172.5200,171.6000,171.8900,133394.63,1747002599999,22948172.149260,25312,61210.18,10530390.718400,0
1747002600000,171.8800,172.2400,171.2600,171.3100,171722.67,1747003499999,29473065.609940,24218,83477.53,14325695.735000,0
1747003500000,171.3100,171.9300,171.1600,171.8700,73847.42,1747004399999,12668646.054100,13995,35039.20,6011152.305100,0
1747004400000,171.8600,172.8600,171.7900,172.6300,139574.49,1747005299999,24063047.246000,19405,74945.69,12920411.908200,0
1747005300000,172.6300,172.9000,172.1800,172.5300,74886.60,1747006199999,12923929.888900,19505,24350.12,4202708.199500,0
1747006200000,172.5400,172.8000,172.1300,172.7400,56873.27,1747007099999,9804382.125300,13356,25957.11,4475671.764100,0
1747007100000,172.7400,173.1800,172.5300,173.1100,101797.32,1747007999999,17598056.024220,15677,50256.03,8688823.101820,0
1747008000000,173.1000,174.3800,172.9700,174.3200,222731.84,1747008899999,38673780.546480,29687,128912.23,22386462.440980,0
1747008900000,174.3200,174.7900,173.8100,174.7700,237762.58,1747009799999,41435494.707320,35346,119817.18,20886458.718920,0
1747009800000,174.7700,175.7100,174.1800,174.1900,407474.66,1747010699999,71317161.965300,43166,207578.02,36339309.123500,0
1747010700000,174.1800,174.6300,173.9400,174.4400,103835.34,1747011599999,18099196.857900,21114,55324.48,9644122.021900,0
1747011600000,174.4400,175.9900,174.2300,175.6900,286473.22,1747012499999,50244694.129700,39772,172539.07,30257240.992500,0
1747012500000,175.6800,175.9100,174.1200,174.4500,219339.58,1747013399999,38403347.306290,35700,91715.46,16058226.249700,0
1747013400000,174.4500,174.4900,171.6200,172.9600,498724.77,1747014299999,86176018.071880,64722,247718.21,42781285.129500,0
1747014300000,172.9700,173.8300,172.5200,173.6500,183508.36,1747015199999,31778216.368740,32954,100201.07,17358974.057840,0
1747015200000,173.6600,175.1800,173.6200,174.6300,358566.28,1747016099999,62642814.738310,46009,184162.64,32171650.036410,0
1747016100000,174.6300,176.8600,174.2700,175.3300,359207.48,1747016999999,63165271.005760,58719,207758.12,36534501.740460,0
1747017000000,175.3200,176.5000,175.0600,175.2800,214593.84,1747017899999,37705583.740000,37695,89576.01,15745671.940900,0
1747017900000,175.2800,175.6200,172.8500,173.9100,642653.68,1747018799999,111721849.383830,59305,250476.43,43515476.892900,0
1747018800000,173.9000,173.9400,172.9300,173.4000,249449.88,1747019699999,43266331.754700,31776,115144.36,19972429.273000,0
1747019700000,173.4100,174.6600,173.2700,173.9000,208470.24,1747020599999,36268528.563890,25184,119635.85,20810639.267890,0
1747020600000,173.9000,174.0600,173.6000,173.9500,104245.07,1747021499999,18128608.450900,20010,48668.82,8464212.224600,0
1747021500000,173.9500,174.8000,173.7200,174.8000,125261.61,1747022399999,21835208.817520,17953,75567.74,13171047.544620,0
1747022400000,174.8000,175.1100,174.3800,175.0000,138315.35,1747023299999,24160053.333900,20387,65293.95,11403760.390900,0
1747023300000,175.0100,175.3900,173.9900,174.5500,174924.33,1747024199999,30583632.760500,29574,75282.54,13165801.766500,0
1747024200000,174.5500,175.9500,174.1000,175.8400,250969.92,1747025099999,43937092.626100,32128,150110.65,26281505.758800,0
1747025100000,175.8300,176.0500,175.2600,175.7400,137013.05,1747025999999,24082924.881000,22913,61578.20,10825003.892600,0
1747026000000,175.7300,176.1100,174.9300,175.4200,138647.38,1747026899999,24336577.513000,21725,53921.91,9465876.814000,0
1747026900000,175.4100,175.7800,174.3400,174.5400,191560.95,1747027799999,33482315.776490,28481,89859.50,15705834.217400,0
1747027800000,174.5300,174.7800,173.5200,174.7300,199040.00,1747028699999,34670648.755000,30811,86066.13,14995050.449400,0
1747028700000,174.7200,174.9700,174.0700,174.4500,89020.62,1747029599999,15540183.306300,18196,39563.96,6907999.026400,0
1747029600000,174.4500,175.3000,174.0400,174.6400,146564.39,1747030499999,25611314.489400,24421,80838.95,14125232.512300,0
1747030500000,174.6300,175.4500,173.7200,175.2200,206040.00,1747031399999,35977142.317400,30099,108986.05,19036821.369400,0
1747031400000,175.2300,175.6300,174.9800,175.4700,128893.07,1747032299999,22594940.064400,24458,54551.64,9564337.447500,0
1747032300000,175.4600,175.9200,175.4600,175.6400,130674.77,1747033199999,22961680.556800,20558,62603.05,11001037.635000,0
1747033200000,175.6400,180.0000,175.6400,178.9900,2083411.63,1747034099999,371400069.772100,217460,1183049.30,210961292.248380,0
1747034100000,178.9900,179.6500,178.2500,179.3000,928904.87,1747034999999,166310889.387380,90812,512175.57,91711517.717580,0
1747035000000,179.2900,179.7600,177.2500,177.7300,778013.17,1747035899999,138848845.142920,96563,352285.78,62894295.769700,0
1747035900000,177.7400,177.9900,174.6100,176.0100,885999.78,1747036799999,156006391.639340,108449,432001.06,76084522.037060,0
1747036800000,176.0100,176.0700,173.5500,174.5500,659792.00,1747037699999,115310940.101890,83255,282943.71,49473570.307500,0
1747037700000,174.5500,175.2000,173.8700,174.6500,350136.82,1747038599999,61113737.898500,46485,180333.64,31477674.012700,0
1747038600000,174.6500,175.9300,174.3000,175.8200,366868.74,1747039499999,64276537.511800,45948,194984.47,34169464.199700,0
1747039500000,175.8200,177.1400,175.5700,176.4700,386531.75,1747040399999,68198127.091260,44513,217500.99,38374408.713760,0
1747040400000,176.4800,176.8700,175.9000,175.9700,186919.69,1747041299999,32954503.060800,28814,82188.99,14491906.251000,0
1747041300000,175.9700,176.8000,175.9300,176.6500,151507.27,1747042199999,26728643.170700,25616,75175.45,13261634.229400,0
1747042200000,176.6500,176.7500,175.8700,176.2200,122391.24,1747043099999,21566372.691000,23106,52717.77,9291299.419900,0
1747043100000,176.2200,176.2700,175.4300,175.6000,140255.62,1747043999999,24634854.781300,22815,63960.78,11233976.085600,0
1747044000000,175.6000,176.1100,174.9000,175.1900,211264.54,1747044899999,37062155.805300,43184,91093.37,15982708.821900,0
1747044900000,175.1800,175.5900,174.6900,175.1900,146289.75,1747045799999,25613359.960600,24721,50957.83,8923781.749000,0
1747045800000,175.1800,176.0200,174.8400,175.5500,183834.33,1747046699999,32274264.055100,26495,104978.66,18432644.950100,0
1747046700000,175.5400,176.0200,175.2600,175.8500,74307.23,1747047599999,13055502.149300,17009,39456.21,6931941.209100,0
1747047600000,175.8500,176.3400,175.6100,175.8800,142945.42,1747048499999,25158768.721860,24899,70701.40,12444800.651660,0
1747048500000,175.8800,175.9200,174.7200,175.1900,151938.62,1747049399999,26625681.413020,25450,65636.98,11501570.609600,0
1747049400000,175.2000,175.8600,174.7000,174.7900,161122.83,1747050299999,28241078.583400,28570,67008.93,11746973.664800,0
1747050300000,174.7800,175.2700,173.6600,174.0100,355271.12,1747051199999,61903064.855890,51224,154763.17,26963420.862200,0
1747051200000,174.0100,174.7100,173.8900,174.6800,193298.79,1747052099999,33684593.478400,32487,87014.17,15164459.461000,0
1747052100000,174.6700,175.4100,174.3200,174.9700,197009.98,1747052999999,34464857.529900,34683,109629.40,19182300.637200,0
1747053000000,174.9700,176.6000,174.4200,176.5200,256002.60,1747053899999,44951674.073760,38557,148534.37,26081610.256360,0
1747053900000,176.5200,176.9000,175.8500,176.2900,329355.22,1747054799999,58109786.073000,39170,176233.05,31092922.987800,0
1747054800000,176.3000,177.6400,175.7100,177.3900,335251.18,1747055699999,59233926.807040,43453,178406.83,31534414.838840,0
1747055700000,177.3800,177.9400,176.6200,176.8600,318105.54,1747056599999,56383011.129160,43002,148619.77,26345716.559460,0
1747056600000,176.8600,177.9000,175.7200,177.1500,662967.96,1747057499999,117256018.412820,86000,303564.65,53715213.536260,0
1747057500000,177.1500,180.6800,177.1500,179.2600,1727328.60,1747058399999,309662568.070170,162933,937448.79,168064611.529900,0
1747058400000,179.2500,180.3500,178.4400,179.5600,889172.74,1747059299999,159590837.942740,92928,445023.09,79903769.462840,0
1747059300000,179.5600,181.4400,175.2600,176.0300,1933119.70,1747060199999,345429777.604710,192496,953327.49,170402432.598800,0
1747060200000,176.0300,178.3100,175.2200,178.2100,1077459.54,1747061099999,190440315.714820,113113,564132.36,99757775.945320,0
1747061100000,178.2100,178.2100,175.6100,175.8100,615703.67,1747061999999,108772503.993860,71845,247631.13,43753819.442300,0
1747062000000,175.8100,176.7500,174.6900,176.6700,885129.71,1747062899999,155501637.930780,104106,454990.29,79947069.283260,0
1747062900000,176.6600,177.2000,175.9700,176.1700,435083.48,1747063799999,76790764.081400,51530,212408.47,37506196.965300,0
1747063800000,176.1600,176.3700,174.5000,174.9300,440743.96,1747064699999,77265101.650420,61756,171595.27,30097219.367000,0
1747064700000,174.9300,175.2200,174.0100,174.3400,405305.17,1747065599999,70771286.609350,55231,197338.67,34465022.123800,0
1747065600000,174.3400,174.8900,173.1700,174.6000,544502.81,1747066499999,94730635.134300,76203,284224.06,49454083.263500,0
1747066500000,174.6100,175.8900,174.5800,175.3900,329755.64,1747067399999,57806367.496100,43778,169596.96,29725351.742500,0
1747067400000,175.3800,175.9900,174.8500,175.4600,185741.17,1747068299999,32576248.590800,29678,88857.56,15588200.392000,0
1747068300000,175.4700,176.2200,175.4000,175.8700,154554.20,1747069199999,27197207.824000,29633,80847.38,14226549.928500,0
1747069200000,175.8700,176.6100,175.6700,176.3200,154291.10,1747070099999,27205422.568560,23530,86496.97,15252237.016260,0
1747070100000,176.3200,176.3300,174.6900,175.0200,191918.07,1747070999999,33625210.957320,27212,79402.11,13908436.817400,0
1747071000000,175.0100,175.0700,173.6100,173.7100,219147.85,1747071899999,38184294.578390,35941,86474.46,15068415.483600,0
1747071900000,173.7100,173.9900,171.6900,172.0500,594840.70,1747072799999,102593522.982830,64732,237153.02,40881554.606500,0
1747072800000,172.0400,172.6400,170.6600,171.3000,655931.20,1747073699999,112407232.668420,78769,310034.91,53153105.785100,0
1747073700000,171.2900,172.2900,170.0000,170.2400,469461.49,1747074599999,80316105.998240,52257,171633.87,29393436.828100,0
1747074600000,170.2300,170.9600,169.8100,170.3700,528330.51,1747075499999,90015952.263200,65746,271277.88,46233479.871100,0
1747075500000,170.3600,170.9000,168.2700,170.3600,1037292.57,1747076399999,175825937.666670,111758,472197.76,80074044.281640,0
1747076400000,170.3600,171.5900,169.9200,170.5800,553919.18,1747077299999,94627708.638040,60627,307245.13,52502747.236940,0
1747077300000,170.5800,171.3800,169.7000,170.0500,292535.75,1747078199999,49914187.719500,37648,137456.83,23464069.151000,0
1747078200000,170.0600,170.6800,169.6900,169.9800,178992.88,1747079099999,30465141.545100,30910,68862.43,11722376.588000,0
1747079100000,169.9900,171.2900,169.9900,171.1300,263083.25,1747079999999,44965900.828400,31245,141116.48,24122675.448500,0
1747080000000,171.1300,171.4000,170.3300,170.9700,133907.01,1747080899999,22879078.062100,23566,66569.82,11375824.385800,0
1747080900000,170.9800,172.1600,170.9300,172.0700,204867.50,1747081799999,35168666.591540,28594,128703.44,22093577.029240,0
1747081800000,172.0700,172.6000,171.7700,171.8600,181962.15,1747082699999,31331946.916900,28499,88527.09,15245331.029500,0
1747082700000,171.8700,172.7600,171.7200,172.1900,173917.93,1747083599999,29962926.481000,22113,85470.28,14724946.453700,0
1747083600000,172.2000,172.5000,171.8100,172.2100,99946.98,1747084499999,17202873.893700,17597,49607.92,8538972.410000,0
1747084500000,172.2100,172.7600,172.0400,172.1000,115748.32,1747085399999,19955300.093100,17350,43930.25,7574785.741500,0
1747085400000,172.1100,172.7600,172.0700,172.7300,48350.88,1747086299999,8339611.788200,10441,28793.77,4966292.897800,0
1747086300000,172.7400,172.8800,172.4300,172.6000,55026.11,1747087199999,9501216.539900,11999,30309.29,5234298.905100,0
1747087200000,172.5900,172.9700,172.0200,172.7600,115728.07,1747088099999,19963127.348900,20868,71288.67,12298675.687800,0
1747088100000,172.7500,173.5700,172.7400,173.3400,119334.38,1747088999999,20664793.492920,23915,64312.95,11136405.782220,0
1747089000000,173.3500,174.0700,173.2800,173.8300,110536.13,1747089899999,19209313.700100,19138,60295.33,10478373.236700,0
1747089900000,173.8400,174.5800,173.5400,173.6200,136173.43,1747090799999,23708099.483670,22678,64346.26,11207325.009170,0
1747090800000,173.6300,174.1800,173.5500,173.8100,88255.51,1747091699999,15340899.264700,16046,37336.27,6490032.582100,0
1747091700000,173.8100,174.7900,173.8000,174.5900,111476.08,1747092599999,19438096.692020,18508,61801.40,10779407.853420,0
1747092600000,174.5800,174.6500,173.8800,174.2900,72287.33,1747093499999,12591589.575400,16717,30272.81,5273348.415400,0
1747093500000,174.2900,174.6200,174.0200,174.1400,66076.26,1747094399999,11515379.134900,13803,26758.83,4664690.429000,0
1747094400000,174.1500,174.3100,173.1400,173.3100,224143.89,1747095299999,38926409.353100,30816,87837.01,15254417.286900,0
1747095300000,173.3100,173.8300,172.6800,173.1500,204223.74,1747096199999,35388069.603420,33160,88177.80,15280993.870700,0
1747096200000,173.1500,173.1800,172.0300,172.1400,202612.96,1747097099999,34978559.727800,29662,81323.17,14043166.414100,0
1747097100000,172.1500,172.6300,171.5200,171.6500,220615.29,1747097999999,37954112.157300,33829,95910.51,16499805.621400,0
1747098000000,171.6400,172.5300,170.6100,171.3100,270147.43,1747098899999,46344879.447220,39881,123237.69,21153319.047700,0
1747098900000,171.3000,172.0000,171.0100,171.1100,184138.06,1747099799999,31580287.624800,33415,98882.35,16962492.085200,0
1747099800000,171.1000,171.2000,169.5000,170.2300,455430.13,1747100699999,77543385.697240,62083,228479.29,38896470.416400,0
1747100700000,170.2300,171.2900,169.7700,170.9700,195778.44,1747101599999,33420639.828700,30262,119942.38,20476089.901100,0
1747101600000,170.9700,171.3700,169.5400,169.6400,356559.25,1747102499999,60816115.776800,51032,155321.41,26502790.179300,0
1747102500000,169.6500,170.4000,168.1100,170.3900,689114.95,1747103399999,116562550.896970,74562,334831.26,56655037.157440,0
1747103400000,170.4000,170.4100,168.3100,168.4200,385776.89,1747104299999,65294395.530030,46981,137040.46,23192824.421200,0
1747104300000,168.4300,169.3200,168.2700,168.9200,286167.06,1747105199999,48301957.740000,40964,132132.23,22303828.290500,0
1747105200000,168.9100,169.6200,168.4000,169.2300,201304.45,1747106099999,34013725.147700,31062,94878.94,16036191.579100,0
1747106100000,169.2300,169.4200,167.0100,167.7800,396246.66,1747106999999,66590341.840530,42229,135891.20,22854521.247800,0
1747107000000,167.7900,168.3800,167.2100,168.1800,312721.81,1747107899999,52477232.739900,40466,153767.83,25805566.368500,0
1747107900000,168.1800,168.2100,166.8400,166.9200,258721.59,1747108799999,43311893.071500,34982,90460.25,15153008.278600,0
1747108800000,166.9200,167.6400,166.1200,167.3000,407660.13,1747109699999,68039982.800870,50648,198092.11,33073077.968680,0
1747109700000,167.3000,168.6800,167.0400,168.6300,280485.88,1747110599999,47171720.954130,38199,158056.97,26579317.844530,0
1747110600000,168.6300,169.3900,168.5900,169.2400,244296.07,1747111499999,41311280.652500,27667,144597.44,24450245.380400,0
1747111500000,169.2300,169.9900,169.1200,169.8100,196397.65,1747112399999,33301903.025100,28136,117664.08,19951813.561600,0
1747112400000,169.8000,170.3700,169.5400,170.1200,182820.05,1747113299999,31069186.266640,23615,91952.31,15630810.188340,0
1747113300000,170.1100,170.2400,169.3500,169.6300,207539.11,1747114199999,35236811.641500,24308,74873.81,12712307.110100,0
1747114200000,169.6300,169.7800,168.7100,169.1300,170548.05,1747115099999,28846829.135700,21492,66913.50,11320235.105400,0
1747115100000,169.1200,169.8500,169.0500,169.7800,86275.17,1747115999999,14620011.419600,14155,52431.89,8886866.841200,0
1747116000000,169.7700,171.0800,169.7600,171.0700,277507.49,1747116899999,47333293.521040,33749,193230.64,32957345.351040,0
1747116900000,171.0600,171.1600,170.4400,170.7900,269708.55,1747117799999,46058747.766420,26912,114770.67,19601991.090820,0
1747117800000,170.7800,171.5400,170.7200,171.5100,147332.40,1747118699999,25215723.953840,20370,98065.05,16784878.477240,0
1747118700000,171.5000,171.7300,170.9200,171.0900,147598.80,1747119599999,25272985.328760,18005,62701.05,10737681.913460,0
1747119600000,171.0800,171.6500,170.9400,171.4900,162208.54,1747120499999,27794027.045800,20121,95639.98,16389418.337300,0
1747120500000,171.4800,172.3600,171.4800,171.8800,200638.05,1747121399999,34498055.193200,33040,108807.59,18710375.454000,0
1747121400000,171.8900,172.2700,171.5000,171.6600,139238.59,1747122299999,23926048.878400,20135,52855.06,9082199.016400,0
1747122300000,171.6600,171.7400,171.2400,171.4300,106987.20,1747123199999,18349693.693400,15701,37807.37,6484718.812600,0
1747123200000,171.4300,172.0300,171.4200,171.6300,125715.75,1747124099999,21581959.608500,20573,60335.17,10357933.642300,0
1747124100000,171.6400,171.8600,170.8600,171.1300,169035.75,1747124999999,28947425.664800,22141,48185.14,8252975.019400,0
1747125000000,171.1200,172.6500,171.1200,172.3400,249164.38,1747125899999,42892675.101500,28122,150527.73,25915829.058200,0
1747125900000,172.3500,172.8000,172.0000,172.5000,168434.13,1747126799999,29035333.801600,20559,73707.93,12708827.138400,0
1747126800000,172.4900,172.9400,172.2400,172.7500,262133.56,1747127699999,45259079.068900,29318,126492.97,21840303.068400,0
1747127700000,172.7600,173.6900,172.6900,173.3500,319798.09,1747128599999,55418231.313120,31666,186860.82,32385282.301420,0
1747128600000,173.3600,173.7200,172.9000,173.3700,269439.59,1747129499999,46701467.821800,30809,116225.79,20146972.036600,0
1747129500000,173.3800,173.9600,173.3100,173.6600,191777.35,1747130399999,33309606.085400,21766,94047.71,16336227.767300,0
1747130400000,173.6600,173.8000,173.2100,173.3500,230788.31,1747131299999,40031584.104500,24832,90443.06,15687940.418200,0
1747131300000,173.3500,173.8900,172.9100,173.7800,178553.09,1747132199999,30970114.890000,22179,82429.26,14301501.417800,0
1747132200000,173.7900,173.8500,173.3700,173.6600,96982.00,1747133099999,16837972.066200,18002,38793.80,6735439.452500,0
1747133100000,173.6500,174.2700,173.5000,174.0100,140932.68,1747133999999,24513539.622180,19792,72914.52,12682374.478980,0
1747134000000,174.0000,174.1600,173.6500,173.8200,113899.90,1747134899999,19807993.921300,19403,43943.94,7642512.299800,0
1747134900000,173.8200,174.9500,173.7600,174.3300,184373.68,1747135799999,32177147.030010,23997,98485.53,17189923.066510,0
1747135800000,174.3300,175.1000,174.0700,174.6900,271304.44,1747136699999,47410768.903500,34125,134403.95,23491629.264900,0
1747136700000,174.7000,174.7300,173.5600,173.9300,231642.46,1747137599999,40300334.419100,30526,92403.16,16071119.009700,0
1747137600000,173.9300,173.9700,172.8200,173.0700,426525.12,1747138499999,73911090.970520,42495,147802.87,25611760.522000,0
1747138500000,173.0800,173.5800,172.8700,173.4500,187041.67,1747139399999,32409229.970300,26422,89362.24,15484241.538900,0
1747139400000,173.4500,175.5400,172.9900,174.7300,888643.76,1747140299999,155141513.610510,100929,482968.00,84334395.577710,0
1747140300000,174.7200,174.8600,173.9300,174.1500,248997.49,1747141199999,43413373.933100,38780,111916.19,19513327.034700,0
1747141200000,174.1500,174.8800,173.8600,174.1600,207572.39,1747142099999,36186997.631000,32370,93831.63,16360468.834600,0
1747142100000,174.1600,175.2200,174.1000,174.9900,274088.20,1747142999999,47906991.538400,33073,130459.78,22804933.999600,0
1747143000000,175.0000,175.7400,174.1400,174.4500,392767.70,1747143899999,68742643.576900,54686,174051.05,30477513.354800,0
1747143900000,174.4400,174.7100,173.5600,174.2500,299829.50,1747144799999,52205623.844200,40988,152956.98,26631173.539600,0
1747144800000,174.2600,174.4500,172.9100,173.3500,389245.00,1747145699999,67541471.449820,47376,181352.44,31463549.125200,0
1747145700000,173.3600,174.2300,172.6100,174.0100,385688.15,1747146599999,66965007.389700,50773,162461.96,28199067.788400,0
1747146600000,174.0100,174.0400,172.8800,173.2500,194687.52,1747147499999,33757135.519600,30501,91352.47,15840717.890300,0
1747147500000,173.2500,173.6500,172.0400,173.1800,299878.16,1747148399999,51791051.670800,38948,132555.90,22900875.202600,0
1747148400000,173.1800,174.8200,173.0300,174.2100,346341.76,1747149299999,60215242.783710,44852,195176.68,33939841.016610,0
1747149300000,174.2100,175.0000,173.9000,174.7700,170295.25,1747150199999,29702487.909000,24868,95338.25,16631033.177900,0
1747150200000,174.7700,175.3000,174.3800,174.9200,204326.33,1747151099999,35731142.616700,25059,107297.04,18768249.172800,0
1747151100000,174.9200,176.2200,174.6400,175.9600,371597.53,1747151999999,65189284.971000,39543,240356.30,42172808.954100,0
1747152000000,175.9600,177.6100,175.6100,177.5500,554969.09,1747152899999,97996476.268300,56321,283303.19,50040577.076000,0
1747152900000,177.5500,177.7700,176.3600,177.3000,539447.66,1747153799999,95500405.673500,53933,302274.16,53513734.178500,0
1747153800000,177.3000,177.4300,176.4500,176.5500,255142.28,1747154699999,45125788.891500,35516,114836.69,20311910.234600,0
1747154700000,176.5500,177.0600,176.1300,176.5100,246081.84,1747155599999,43448413.664800,26926,94799.24,16737486.569700,0
1747155600000,176.5100,177.3900,176.3900,176.8400,252820.04,1747156499999,44747902.550800,31299,118286.54,20935555.449600,0
1747156500000,176.8400,177.7700,176.7700,177.1800,234903.26,1747157399999,41649170.100900,27934,140932.64,24995865.590900,0
1747157400000,177.1800,178.2700,176.5500,178.0800,434853.82,1747158299999,77197145.661960,46898,293914.68,52173851.591860,0
1747158300000,178.0800,178.9900,177.8900,178.2700,344451.07,1747159199999,61492381.522570,40142,174822.00,31213500.451070,0
1747159200000,178.2800,178.6600,177.9800,178.4100,174390.77,1747160099999,31104210.814300,26744,80277.53,14319722.480000,0
1747160100000,178.4000,178.8300,178.1100,178.4800,175639.51,1747160999999,31336027.632600,22985,77594.08,13842337.635300,0
1747161000000,178.4900,179.1000,177.9200,177.9400,229762.23,1747161899999,41025789.295600,30388,113964.01,20357724.096000,0
1747161900000,177.9500,179.1600,177.9100,179.0200,258329.33,1747162799999,46177040.529900,26942,134657.45,24073125.133100,0
1747162800000,179.0200,179.1400,178.2000,178.7600,176340.86,1747163699999,31511311.042300,24050,74242.87,13267951.853800,0
1747163700000,178.7600,181.0000,178.5600,180.8200,763839.85,1747164599999,137442676.575570,71625,470542.74,84647743.852570,0
1747164600000,180.8300,182.9300,180.8300,182.8800,982187.25,1747165499999,178659841.124800,93819,489880.76,89135456.747100,0
1747165500000,182.8700,184.3600,181.2100,182.0200,1014769.56,1747166399999,185417071.491720,113043,517646.02,94593350.532600,0
1747166400000,182.0100,182.4400,180.2700,181.2700,664427.10,1747167299999,120437303.718430,64431,330723.71,59950043.513300,0
1747167300000,181.2800,181.8400,180.6400,181.7400,219582.20,1747168199999,39804345.243400,32877,112563.06,20408275.220900,0
1747168200000,181.7500,182.9700,181.6500,182.3500,324234.86,1747169099999,59153232.104420,39457,165103.97,30116862.316720,0
1747169100000,182.3400,183.3900,182.1600,183.0900,223030.70,1747169999999,40778384.917030,30440,121821.63,22275749.042930,0
1747170000000,183.0900,183.3000,182.1000,182.2000,253627.01,1747170899999,46328152.017800,29514,106357.87,19429034.047200,0
1747170900000,182.2100,182.8100,181.7800,182.3400,178726.77,1747171799999,32585312.259200,22261,88576.29,16149269.556000,0
1747171800000,182.3400,182.9100,181.6200,181.8200,119101.20,1747172699999,21701045.630400,18438,57433.14,10465865.455700,0
1747172700000,181.8200,182.7900,181.8000,182.6900,108449.46,1747173599999,19792191.664600,13078,63881.47,11656237.272800,0
1747173600000,182.6900,182.9600,182.1300,182.2800,154207.68,1747174499999,28146405.872700,23683,76460.45,13957509.699900,0
1747174500000,182.2800,182.8800,182.2100,182.5800,135586.76,1747175399999,24755518.262300,20993,62241.39,11363426.944000,0
1747175400000,182.5800,183.1900,182.2400,183.0100,136055.33,1747176299999,24865009.405680,21959,73519.75,13435225.676080,0
1747176300000,183.0100,183.0900,182.5300,182.8900,102306.69,1747177199999,18702087.598400,17798,53774.67,9829485.139100,0
1747177200000,182.9000,184.2500,182.3000,184.1000,379375.81,1747178099999,69560580.165400,49792,212138.58,38906376.036100,0
1747178100000,184.1100,184.8000,183.1000,183.2900,402765.73,1747178999999,74167259.611260,51834,210214.66,38716747.585660,0
1747179000000,183.2800,184.4900,183.2200,184.0800,156949.52,1747179899999,28864710.579000,27627,86320.04,15872016.169300,0
1747179900000,184.0700,184.5400,183.5400,183.7000,136080.61,1747180799999,25059080.482000,27545,63337.96,11663626.716600,0
1747180800000,183.7000,183.9600,182.8700,183.1800,245057.45,1747181699999,44943777.821780,41796,106691.26,19569485.789200,0
1747181700000,183.1800,184.0300,182.4200,182.5700,271799.96,1747182599999,49758212.657120,34894,113814.33,20840242.306700,0
1747182600000,182.5700,183.2800,182.1000,182.2900,233748.52,1747183499999,42684098.497700,30004,120914.30,22082740.971400,0
1747183500000,182.2900,182.7500,181.6400,182.0400,246849.94,1747184399999,44957987.677500,34462,128465.20,23401115.119300,0
1747184400000,182.0500,183.9000,181.9600,183.8500,279074.89,1747185299999,51037771.972500,40294,153554.02,28095617.097200,0
1747185300000,183.8600,184.8700,183.0700,183.5400,365086.05,1747186199999,67127080.309800,55294,186697.40,34337407.819420,0
1747186200000,183.5500,184.7000,183.3900,184.1700,225336.25,1747187099999,41493816.500360,38576,133585.72,24600464.101660,0
1747187100000,184.1600,184.1600,182.3700,182.8400,305156.58,1747187999999,55871180.063100,51142,141284.53,25858662.424300,0
1747188000000,182.8500,183.0900,180.4100,181.3300,680912.68,1747188899999,123542235.460800,75614,282895.52,51325013.893100,0
1747188900000,181.3400,181.6000,178.9900,179.3600,579556.92,1747189799999,104509934.233870,54802,216597.53,39088838.701100,0
1747189800000,179.3600,180.5600,179.0500,180.5200,341135.86,1747190699999,61330176.812100,41667,208902.20,37557948.518300,0
1747190700000,180.5200,180.5700,179.9400,180.4300,186036.58,1747191599999,33527526.781800,24309,72923.82,13145297.908300,0
1747191600000,180.4200,180.7000,179.2700,179.7600,262624.27,1747192499999,47228400.416500,31764,102816.38,18491414.760900,0
1747192500000,179.7500,179.9800,179.1700,179.6600,129552.41,1747193399999,23257235.704000,23412,66619.34,11959125.060600,0
1747193400000,179.6500,180.1200,179.0800,180.0900,227026.30,1747194299999,40763476.225100,28451,128479.33,23079605.294800,0
1747194300000,180.0900,180.2500,179.8600,180.2500,93083.51,1747195199999,16763255.681100,15474,55425.55,9981908.542400,0
1747195200000,180.2500,180.3800,179.8000,180.2400,133499.84,1747196099999,24050129.442200,19867,60274.93,10858471.252800,0
1747196100000,180.2400,181.1700,179.9600,180.9300,193942.35,1747196999999,35024424.668800,22663,122425.16,22112974.717800,0
1747197000000,180.9200,181.9600,180.7900,181.6400,155131.15,1747197899999,28155210.903500,23667,87790.03,15931317.931800,0
1747197900000,181.6400,181.7200,181.2800,181.5800,109370.65,1747198799999,19847222.828900,17648,46665.30,8468964.954800,0
1747198800000,181.5900,182.1800,181.2700,181.3200,175299.57,1747199699999,31867414.128500,28772,93076.29,16924698.622700,0
1747199700000,181.3200,181.6600,181.1100,181.1300,70913.49,1747200599999,12862933.408700,14061,26665.96,4837806.685400,0
1747200600000,181.1400,182.0400,180.9300,182.0100,108556.92,1747201499999,19707219.466200,18739,69163.48,12556965.510700,0
1747201500000,182.0100,183.2600,181.7200,182.7200,345306.69,1747202399999,63056218.102800,37315,200484.40,36606919.642600,0
1747202400000,182.7200,183.1800,182.3800,182.7800,214530.85,1747203299999,39214332.297700,26312,117620.03,21497858.651400,0
1747203300000,182.7800,183.1500,182.3200,182.9200,129155.01,1747204199999,23596956.615500,21848,64259.57,11741638.978100,0
1747204200000,182.9100,183.8700,182.6400,183.1100,213528.36,1747205099999,39121463.432050,35269,110742.56,20297624.203950,0
1747205100000,183.1100,183.9600,182.6100,183.6400,257399.06,1747205999999,47232158.589600,31155,134181.48,24625189.008100,0
1747206000000,183.6500,183.8200,182.6400,182.9500,142825.95,1747206899999,26146150.688700,24424,54978.63,10062873.797400,0
1747206900000,182.9500,182.9700,180.9800,181.1400,356752.86,1747207799999,64866769.656200,44009,164313.37,29866239.744700,0
1747207800000,181.1500,181.7800,180.5000,181.7000,240389.34,1747208699999,43570755.138500,35443,123593.87,22407820.862600,0
1747208700000,181.7000,182.3500,181.3300,181.6600,134852.56,1747209599999,24518979.968700,25277,71471.19,12997040.401100,0
1747209600000,181.6600,182.6100,179.8700,180.6500,486911.70,1747210499999,88206384.666390,67791,216841.74,39293933.277000,0
1747210500000,180.6500,181.6800,180.1100,181.2600,268760.70,1747211399999,48655730.071300,34883,141307.53,25584390.360900,0
1747211400000,181.2600,181.4200,180.1000,181.2200,221631.80,1747212299999,40081057.958660,31994,113593.65,20548588.245300,0
1747212300000,181.2300,181.3000,178.2200,178.3900,727389.13,1747213199999,130545167.633050,76091,336519.76,60389073.934700,0
1747213200000,178.4000,179.2500,177.5100,178.7000,624717.66,1747214099999,111420816.712960,70817,318689.98,56842299.434500,0
1747214100000,178.7100,179.2400,178.1400,179.0900,273200.60,1747214999999,48828337.668400,41668,146877.37,26253702.176500,0
1747215000000,179.0900,179.4500,178.5500,179.1100,180232.56,1747215899999,32261629.386100,26413,104390.44,18690352.925400,0
1747215900000,179.1200,179.8100,179.1200,179.7000,171225.82,1747216799999,30742208.527480,23616,94102.70,16894344.416280,0
1747216800000,179.7000,179.9600,179.4900,179.7900,126869.96,1747217699999,22801104.575600,20873,62005.40,11144587.740700,0
1747217700000,179.7800,181.1500,179.3000,180.6800,322066.41,1747218599999,58086025.990960,41605,185366.94,33436712.145160,0
1747218600000,180.6800,180.7500,180.1300,180.2500,152131.97,1747219499999,27449493.935400,21811,72301.12,13045204.619700,0
1747219500000,180.2500,180.2600,179.1900,179.3100,139822.37,1747220399999,25126595.535280,22717,49520.33,8899762.530600,0
1747220400000,179.3000,180.7800,179.3000,180.7400,206582.60,1747221299999,37240605.878900,24390,109667.20,19764899.251500,0
1747221300000,180.7300,180.9000,180.3400,180.5600,105450.25,1747222199999,19047194.990500,17267,42487.25,7674901.917200,0
1747222200000,180.5600,181.8900,180.5000,181.5200,387289.44,1747223099999,70229795.920350,37107,191201.58,34669476.181450,0
1747223100000,181.5200,181.7600,180.7500,180.9400,190913.15,1747223999999,34600737.717400,23793,66964.72,12134787.525900,0
1747224000000,180.9500,181.5200,180.4600,181.3400,153782.93,1747224899999,27840717.948400,22575,85448.77,15469817.185100,0
1747224900000,181.3500,181.8200,181.1200,181.3100,132911.85,1747225799999,24122174.463800,22325,52898.29,9603437.319100,0
1747225800000,181.3200,181.4900,180.3900,180.9800,156939.01,1747226699999,28388576.044500,22981,70193.66,12694006.054400,0
1747226700000,180.9800,181.0900,179.7500,180.1900,229333.94,1747227599999,41349027.289660,29023,112148.45,20215840.037200,0
1747227600000,180.1800,180.2800,179.2200,179.8100,376487.61,1747228499999,67653446.069880,42479,151130.33,27163347.686100,0
1747228500000,179.8000,180.2200,179.2000,179.8100,274539.07,1747229399999,49300904.318800,37877,125137.03,22475920.815900,0
1747229400000,179.8100,181.0000,177.9200,178.3400,617393.58,1747230299999,110879975.908030,77417,269949.92,48527187.689800,0
1747230300000,178.3400,178.9000,177.2900,178.8300,690671.20,1747231199999,122958280.294000,81755,330878.29,58924729.431900,0
1747231200000,178.8300,178.9000,177.3900,177.6000,350084.59,1747232099999,62339049.890900,51791,151394.31,26955848.515300,0
1747232100000,177.6100,177.6200,176.3500,176.8700,533959.17,1747232999999,94449337.513540,68657,259407.37,45886997.913200,0
1747233000000,176.8700,177.7200,176.5100,177.3900,307880.62,1747233899999,54528112.216600,43381,160437.31,28419331.413100,0
1747233900000,177.4000,177.4900,176.7200,176.8900,200088.13,1747234799999,35442381.584900,30613,96474.00,17091205.439700,0
1747234800000,176.8900,177.0600,175.4700,176.9800,530921.82,1747235699999,93597533.570460,54343,281171.82,49578579.167000,0
1747235700000,176.9800,177.2000,175.7900,176.7100,245298.69,1747236599999,43313043.482900,33458,126069.43,22264672.508800,0
1747236600000,176.7100,177.1400,175.9400,176.7700,268186.27,1747237499999,47376934.406400,35460,139183.78,24594481.718000,0
1747237500000,176.7700,177.3200,176.3600,177.2600,163622.52,1747238399999,28928285.935060,24599,86523.06,15299471.049460,0
1747238400000,177.2600,177.6100,176.9300,177.4100,176332.70,1747239299999,31257993.260100,28171,79494.77,14092618.250400,0
1747239300000,177.4200,177.4400,176.0800,176.1600,160501.15,1747240199999,28350376.732400,28934,70710.18,12489017.094700,0
1747240200000,176.1700,176.6400,175.7400,175.9400,249864.48,1747241099999,44013216.084100,38352,108153.59,19058578.072400,0
1747241100000,175.9500,176.2500,174.7300,175.8600,360381.06,1747241999999,63216147.458320,48148,180698.11,31708055.485200,0
1747242000000,175.8700,176.0000,174.5200,174.7500,308380.41,1747242899999,54026220.170300,38810,120629.78,21141562.320400,0
1747242900000,174.7600,174.9300,173.1500,174.4200,547743.35,1747243799999,95305885.354870,59446,258150.38,44918070.325300,0
1747243800000,174.4200,175.4100,174.1800,175.1200,317466.95,1747244699999,55500362.534000,40185,183404.62,32061541.923100,0
1747244700000,175.1200,175.8200,174.8300,175.7900,212567.56,1747245599999,37282623.251300,23640,114524.94,20087458.414700,0
1747245600000,175.8000,176.0400,175.1900,175.2500,163950.22,1747246499999,28805147.961700,21491,75740.92,13308168.110700,0
1747246500000,175.2500,176.6800,175.0500,175.8900,214095.48,1747247399999,37692029.940660,28044,123807.38,21796514.558660,0
1747247400000,175.8800,176.5300,175.7600,176.0400,90160.54,1747248299999,15878567.019600,17112,46253.82,8146206.415200,0
1747248300000,176.0400,176.6000,175.8600,176.5800,98416.79,1747249199999,17339025.946200,16860,46118.60,8126061.016500,0
1747249200000,176.5900,177.0300,176.2700,176.8500,177086.54,1747250099999,31283241.195400,29109,99192.04,17525294.380100,0
1747250100000,176.8600,177.5100,176.8300,176.8600,187053.49,1747250999999,33137472.942140,24196,88890.21,15748364.897640,0
1747251000000,176.8600,177.3300,176.7700,177.0800,107142.47,1747251899999,18965987.448800,18827,38828.87,6873547.694700,0
1747251900000,177.0700,177.5300,176.9200,176.9800,101514.75,1747252799999,17994079.762700,17687,50608.09,8972134.675700,0
1747252800000,176.9900,177.3300,176.5000,176.7200,114908.66,1747253699999,20323556.864300,18162,45773.84,8096001.094600,0
1747253700000,176.7300,177.2100,176.6500,177.1000,80082.56,1747254599999,14170783.290200,13151,31368.07,5552016.014800,0
1747254600000,177.1000,177.2000,176.6300,176.8600,76912.09,1747255499999,13603502.739700,13913,35868.95,6343370.096000,0
1747255500000,176.8700,177.2500,176.7100,176.7200,88236.75,1747256399999,15621759.616100,13326,44123.53,7812572.238400,0
1747256400000,176.7100,176.8200,175.8100,175.8600,157205.55,1747257299999,27708611.529200,19522,46395.69,8180869.416500,0
1747257300000,175.8500,176.4700,175.6100,176.4600,90536.34,1747258199999,15930312.395900,14284,46923.24,8258408.201100,0
1747258200000,176.4600,176.8300,176.2600,176.6100,57900.67,1747259099999,10222301.303400,12289,30647.08,5411682.165100,0
1747259100000,176.6000,177.6000,176.6000,177.3900,94962.65,1747259999999,16824723.043860,14931,51378.19,9104983.749460,0
1747260000000,177.3900,177.4600,176.8100,176.8400,105014.30,1747260899999,18602915.543500,17124,53283.00,9437999.299700,0
1747260900000,176.8400,176.9000,176.3700,176.5400,97825.71,1747261799999,17275865.681300,14983,44606.61,7878040.745500,0
1747261800000,176.5400,176.6300,175.7200,176.0100,132104.85,1747262699999,23259370.417600,16965,52887.25,9309805.634200,0
1747262700000,176.0100,176.0800,175.2300,175.9900,148784.54,1747263599999,26116703.016500,18300,67782.13,11897483.563000,0
1747263600000,175.9900,176.4100,175.6500,176.3600,108420.51,1747264499999,19079036.660200,16584,53978.94,9499680.879100,0
1747264500000,176.3600,176.3600,175.1000,175.9200,156680.88,1747265399999,27511608.748500,25106,82080.12,14406935.284300,0
1747265400000,175.9200,176.3100,175.7600,176.1200,57091.21,1747266299999,10054150.302100,11967,29743.46,5238651.311900,0
1747266300000,176.1100,176.7700,176.1100,176.5100,100465.22,1747267199999,17731342.972900,13931,48959.37,8640988.491700,0
1747267200000,176.5100,177.6800,176.4900,177.6300,160826.51,1747268099999,28499957.110260,22683,95579.93,16937165.390460,0
1747268100000,177.6300,178.2300,177.4000,177.6400,273830.64,1747268999999,48705670.915260,38139,143720.53,25565534.362460,0
1747269000000,177.6400,178.0800,177.3100,178.0000,109194.57,1747269899999,19405789.349900,20501,58788.42,10448969.868100,0
1747269900000,177.9900,178.0600,177.5100,177.5600,115527.21,1747270799999,20541496.881400,18950,48992.78,8712318.561200,0
1747270800000,177.5600,177.8000,176.6100,177.0300,276511.04,1747271699999,48973439.428300,34476,138631.05,24553274.138200,0
1747271700000,177.0200,177.5600,176.3700,176.5600,162579.52,1747272599999,28762281.996300,23001,67948.01,12022785.846400,0
1747272600000,176.5500,176.7200,175.2700,175.3600,268549.79,1747273499999,47226576.381160,39235,127000.93,22335367.752700,0
1747273500000,175.3700,175.5000,174.0000,174.4900,349347.94,1747274399999,61011179.637890,40025,162499.42,28375354.272200,0
1747274400000,174.4800,175.4800,174.1700,175.2100,274393.23,1747275299999,48019184.911100,34539,146161.09,25581463.087000,0
1747275300000,175.2100,176.1900,174.6100,175.8000,159247.94,1747276199999,27948536.341500,24569,88690.83,15568562.839900,0
1747276200000,175.7900,175.9900,175.2700,175.4900,111239.50,1747277099999,19532500.259700,19239,44876.50,7880742.406000,0
1747277100000,175.4800,176.3800,175.3800,175.8000,114783.15,1747277999999,20195529.030960,21623,66762.40,11746923.725660,0
1747278000000,175.8000,176.2200,175.4200,175.5300,104967.15,1747278899999,18462679.378200,19859,51843.97,9120444.699300,0
1747278900000,175.5300,176.1200,175.2000,175.9800,110247.56,1747279799999,19370292.478400,18711,54644.09,9602581.940800,0
1747279800000,175.9800,176.0900,175.3700,175.4200,71382.77,1747280699999,12537249.439400,15216,33466.94,5878197.864400,0
1747280700000,175.4100,175.4200,173.9400,173.9500,226382.35,1747281599999,39491775.548010,32116,80696.29,14075352.618200,0
1747281600000,173.9400,174.8300,173.7400,174.1100,300119.70,1747282499999,52284120.563000,36637,142599.61,24847186.046300,0
1747282500000,174.1000,175.0200,174.0400,174.7900,96539.53,1747283399999,16856001.920200,18461,54016.34,9430457.043900,0
1747283400000,174.7900,175.2100,174.4300,174.6900,108607.96,1747284299999,18994673.649600,17844,57796.33,10108265.883200,0
1747284300000,174.6900,174.9900,174.3200,174.8900,73769.60,1747285199999,12887724.929400,13068,44639.45,7798488.759600,0
1747285200000,174.8800,174.9900,173.8400,173.9200,121021.05,1747286099999,21098784.236300,18196,57690.16,10059021.079400,0
1747286100000,173.9200,174.3300,173.6100,174.2800,179269.25,1747286999999,31172777.964000,19925,88705.60,15427014.248900,0
1747287000000,174.2900,174.4700,173.0700,173.8700,237038.36,1747287899999,41164027.502480,28502,109449.30,19004050.791700,0
1747287900000,173.8600,173.8600,172.5700,173.0900,300592.55,1747288799999,52011384.401650,39891,132854.12,22997529.033100,0
1747288800000,173.0900,174.1700,172.9200,173.9300,313678.75,1747289699999,54441439.446500,37685,168259.64,29205836.574600,0
1747289700000,173.9300,174.3800,173.5500,174.0300,194027.47,1747290599999,33752235.826800,32005,92219.54,16046194.389500,0
1747290600000,174.0200,174.2200,172.7700,172.8800,200393.44,1747291499999,34740956.562800,25510,69137.36,11986375.998800,0
1747291500000,172.8800,173.5600,172.8200,173.0900,220847.96,1747292399999,38255857.588000,22878,92212.96,15971421.606300,0
1747292400000,173.1000,173.4700,171.7000,171.7200,418029.55,1747293299999,72076913.719100,48186,150023.40,25879001.851100,0
1747293300000,171.7100,172.1100,170.6800,170.9700,401415.65,1747294199999,68787804.648520,48984,176286.09,30210204.154800,0
1747294200000,170.9600,171.3100,170.4900,170.5700,330096.71,1747295099999,56404968.203700,42244,174584.74,29840091.044900,0
1747295100000,170.5600,170.9100,169.6400,170.3300,475224.07,1747295999999,80899938.987740,51811,239657.59,40809682.080400,0
1747296000000,170.3200,171.4100,170.1100,171.1500,300045.39,1747296899999,51311557.301300,35084,170623.43,29181392.981300,0
1747296900000,171.1500,171.7900,170.9200,171.7500,154483.15,1747297799999,26469876.822500,28287,89129.42,15273377.132900,0
1747297800000,171.7500,172.9400,171.5300,172.3000,436693.36,1747298699999,75253320.045100,43505,273450.28,47119392.130400,0
1747298700000,172.3000,172.9600,172.2500,172.7000,157875.13,1747299599999,27264041.924900,27035,80296.46,13865007.088000,0
1747299600000,172.7000,172.7000,171.3100,171.3100,235620.44,1747300499999,40533660.052600,33112,100565.00,17301754.684600,0
1747300500000,171.3100,171.9200,171.1900,171.6300,110748.98,1747301399999,18998018.189800,20362,59349.94,10181876.648400,0
1747301400000,171.6300,171.8400,170.1000,170.2700,308096.52,1747302299999,52591857.317440,36412,109005.66,18605409.419900,0
1747302300000,170.2600,171.0200,169.4100,170.6700,343583.76,1747303199999,58496883.957900,37754,175877.89,29955553.909300,0
1747303200000,170.6800,170.8700,169.1900,169.6200,224328.38,1747304099999,38115136.676300,29918,90334.17,15349251.497700,0
1747304100000,169.6300,170.3800,169.4300,170.2000,158747.00,1747304999999,26990941.402200,22028,102761.48,17473738.235600,0
1747305000000,170.1900,170.2400,168.9000,169.1900,194924.54,1747305899999,33000034.901300,28628,74850.14,12670050.593600,0
1747305900000,169.2000,170.0900,168.6000,169.9400,259065.20,1747306799999,43875714.611700,36425,130621.23,22130121.970000,0
1747306800000,169.9400,170.6500,169.7200,170.0600,238932.38,1747307699999,40674512.423840,37319,128934.31,21952148.920940,0
1747307700000,170.0600,171.0400,169.9600,170.8300,210804.03,1747308599999,35958543.239200,25525,125899.63,21471500.699300,0
1747308600000,170.8300,171.4200,170.3400,170.6300,182225.39,1747309499999,31128687.299900,25191,87475.10,14944007.960700,0
1747309500000,170.6300,171.1200,170.2600,170.9900,123012.60,1747310399999,20993481.084400,19233,64578.29,11022725.492900,0
1747310400000,170.9900,171.4500,170.4000,170.5100,192668.30,1747311299999,32922653.914500,37319,85998.40,14696436.776200,0
1747311300000,170.5100,171.4200,170.1300,171.0000,180206.30,1747312199999,30798072.227100,27775,93097.22,15909486.784300,0
1747312200000,170.9900,172.7900,170.8800,172.0900,624743.25,1747313099999,107407369.262000,71057,361225.62,62113446.345500,0
1747313100000,172.0900,172.1200,170.4300,170.9000,296553.45,1747313999999,50730467.749000,38175,128929.81,22055866.593700,0
1747314000000,170.9100,171.8500,170.5400,171.6700,182022.69,1747314899999,31189855.434000,27562,101651.50,17417655.618900,0
1747314900000,171.6700,171.8600,171.1300,171.3000,107442.91,1747315799999,18424288.050600,19925,54519.75,9349309.644300,0
1747315800000,171.3100,171.8000,169.3600,170.0400,536747.94,1747316699999,91442576.529140,74629,255709.02,43560144.315100,0
1747316700000,170.0400,170.0700,168.0100,169.6700,761603.98,1747317599999,128607863.386380,75134,344427.70,58173718.374400,0
1747317600000,169.6600,170.6200,168.1300,169.0100,516604.48,1747318499999,87536795.739170,65214,243233.91,41225593.289740,0
1747318500000,169.0100,169.6800,167.4700,168.5100,463423.24,1747319399999,78097377.084480,59311,203994.86,34387189.650500,0
1747319400000,168.5100,168.8200,166.8400,167.6400,574587.33,1747320299999,96319813.820980,73601,250201.77,41946536.371100,0
1747320300000,167.6300,169.5400,167.0200,169.4900,515258.95,1747321199999,86791985.192900,62082,295323.37,49769225.461800,0
1747321200000,169.4900,170.0200,168.6500,168.9900,312677.63,1747322099999,52936374.147700,44760,154087.88,26095374.849900,0
1747322100000,168.9900,170.7500,168.9500,170.6700,348936.96,1747322999999,59310011.040140,46740,203928.64,34663967.296840,0
1747323000000,170.6600,171.5400,170.2900,171.4200,311539.06,1747323899999,53204832.570720,44263,165350.17,28242459.414120,0
1747323900000,171.4100,172.4900,171.3200,172.1400,498072.48,1747324799999,85678557.589060,53617,272643.38,46900413.356860,0
1747324800000,172.1300,172.3400,171.2200,171.6200,405357.69,1747325699999,69598935.932700,42826,181674.78,31189733.612600,0
1747325700000,171.6300,172.3300,171.2700,171.4900,211592.28,1747326599999,36318607.630000,31344,94260.80,16180939.066900,0
1747326600000,171.4800,172.9300,170.7200,172.8400,411872.29,1747327499999,70781455.768000,47288,201010.13,34571784.070000,0
1747327500000,172.8300,173.9000,172.6300,173.8900,433908.34,1747328399999,75182395.978620,46523,253377.06,43906543.390420,0
1747328400000,173.8900,173.9300,172.6600,172.8800,290718.83,1747329299999,50364454.461400,32959,114206.30,19785951.573300,0
1747329300000,172.8800,174.3800,172.8800,174.2500,433726.71,1747330199999,75414865.429880,47100,244273.60,42467022.484580,0
1747330200000,174.2500,174.2600,173.2500,173.9000,279502.55,1747331099999,48563991.748600,32040,139617.96,24256049.333400,0
1747331100000,173.9000,174.3100,172.9300,173.0200,202894.62,1747331999999,35200020.545900,28117,82031.50,14235788.357100,0
1747332000000,173.0200,173.2300,172.0600,172.8200,336826.11,1747332899999,58152146.098700,43522,157043.92,27120605.294100,0
1747332900000,172.8200,172.9100,170.6500,170.7300,427349.32,1747333799999,73267476.255320,45645,129819.14,22255541.242500,0
1747333800000,170.7300,171.2900,169.2100,170.4100,520531.97,1747334699999,88643831.839540,59214,269073.49,45829410.847100,0
1747334700000,170.4100,170.5500,169.1400,169.4600,295375.84,1747335599999,50095332.120300,39491,138323.85,23459204.489800,0
1747335600000,169.4700,170.2700,169.3200,170.1500,235388.70,1747336499999,39986288.999200,33812,128687.17,21864115.258400,0
1747336500000,170.1400,170.7500,167.6000,168.4900,428851.69,1747337399999,72452999.405380,53882,174735.06,29532958.894100,0
1747337400000,168.4800,169.6600,168.1700,169.4900,258330.25,1747338299999,43661180.560500,36324,145585.91,24611234.772800,0
1747338300000,169.4800,169.8700,168.8700,169.6700,182082.23,1747339199999,30854415.332100,33730,92021.24,15596669.222000,0
1747339200000,169.6800,170.6000,169.1600,169.1700,344199.80,1747340099999,58470076.321840,37408,156894.41,26659732.183840,0
1747340100000,169.1600,170.2500,168.3900,169.9400,227556.19,1747340999999,38559188.358900,30306,128082.98,21713372.376000,0
1747341000000,169.9500,170.0800,169.1100,169.6700,150663.18,1747341899999,25537061.126600,21478,67100.56,11372220.426500,0
1747341900000,169.6800,169.8200,169.3200,169.5700,52889.93,1747342799999,8968439.745700,11577,29199.06,4951273.685200,0
1747342800000,169.5700,169.6800,168.5900,168.5900,215341.73,1747343699999,36397854.636500,24052,100194.73,16937459.671300,0
1747343700000,168.5900,168.6900,166.5500,167.9900,321147.80,1747344599999,53764005.815560,46818,127719.13,21387946.528700,0
1747344600000,167.9800,168.7300,167.0800,168.6800,172946.78,1747345499999,29077347.617580,31841,101498.74,17064902.598080,0
1747345500000,168.6700,169.2300,168.6300,168.9500,83324.03,1747346399999,14079120.755000,13494,51220.13,8653457.998000,0
1747346400000,168.9500,169.6800,168.7000,169.6800,200117.09,1747347299999,33874416.138600,24626,106464.15,18023328.035300,0
1747347300000,169.6700,170.2400,169.5600,169.5700,144925.08,1747348199999,24623861.547800,23666,66607.85,11317183.304300,0
1747348200000,169.5700,170.1000,169.4700,169.8600,67513.94,1747349099999,11468758.862100,12985,39645.26,6735171.278800,0
1747349100000,169.8500,169.9900,168.0900,168.1400,252670.67,1747349999999,42657073.100730,32091,85483.80,14417867.245600,0
1747350000000,168.1400,168.5700,167.2200,167.4600,283501.67,1747350899999,47600674.691880,38410,134161.06,22526298.847600,0
1747350900000,167.4600,168.0200,166.8500,167.7000,347720.95,1747351799999,58200560.787800,43907,175511.49,29382380.175100,0
1747351800000,167.6900,169.5000,167.6900,169.0800,230557.94,1747352699999,38909550.462500,32723,134800.82,22744559.585600,0
1747352700000,169.0800,169.2900,168.5100,169.0600,120588.79,1747353599999,20365261.095300,19740,51746.49,8739899.178800,0
1747353600000,169.0600,170.1700,168.5800,170.1600,246625.74,1747354499999,41748873.934700,37716,140034.19,23704018.330200,0
1747354500000,170.1700,170.9100,170.0600,170.2900,362741.08,1747355399999,61837117.061240,37831,171767.45,29281690.633540,0
1747355400000,170.2800,172.1400,170.2400,171.6600,284897.95,1747356299999,48836755.145820,44446,174423.86,29894571.508920,0
1747356300000,171.6600,171.7600,169.8900,170.2200,266398.54,1747357199999,45438445.375840,39761,84999.12,14495029.487000,0
1747357200000,170.2200,170.8800,169.4800,170.0200,242232.88,1747358099999,41202186.594200,35778,125554.01,21359646.449400,0
1747358100000,170.0100,170.9500,168.8000,170.5400,431014.45,1747358999999,73078584.193440,47091,236988.72,40198795.853840,0
1747359000000,170.5300,171.7900,170.2600,171.6000,205959.70,1747359899999,35243265.673100,39305,111059.10,19001137.196800,0
1747359900000,171.6000,171.9800,171.0800,171.8300,152076.02,1747360799999,26082585.384300,24127,77009.30,13209484.701000,0
1747360800000,171.8200,173.4500,171.7800,173.1300,390469.65,1747361699999,67485742.963520,55469,242149.38,41835744.864520,0
1747361700000,173.1300,173.6100,171.8000,172.9100,441041.07,1747362599999,76135894.889800,52160,217308.02,37530653.709100,0
1747362600000,172.9100,173.3600,172.2900,172.3800,198370.71,1747363499999,34304997.586900,33567,80474.46,13920793.899900,0
1747363500000,172.3800,172.7400,172.3300,172.5900,89587.59,1747364399999,15457862.388300,15258,44062.31,7602907.185000,0
1747364400000,172.5900,172.7800,172.0500,172.2700,104360.64,1747365299999,17986926.908100,19234,39882.80,6875711.065900,0
1747365300000,172.2600,172.8100,171.8000,172.4000,104578.51,1747366199999,18017165.647900,23190,51468.89,8869430.927900,0
1747366200000,172.4100,172.8700,172.0400,172.4200,101478.88,1747367099999,17502976.245600,20821,50090.07,8639857.102000,0
1747367100000,172.4300,172.8600,172.2200,172.5400,128661.03,1747367999999,22200613.233100,19778,49553.60,8551368.973400,0
1747368000000,172.5500,173.1300,172.2700,172.5700,106585.79,1747368899999,18410247.027100,19533,55943.48,9663386.745600,0
1747368900000,172.5800,172.6500,171.8100,172.0200,94560.20,1747369799999,16273332.049100,15845,39985.15,6880729.096700,0
1747369800000,172.0200,172.1700,171.0400,171.2900,174537.50,1747370699999,29951235.089900,22459,68786.74,11807156.152300,0
1747370700000,171.2900,171.9300,171.2200,171.8600,117545.49,1747371599999,20171422.143300,17291,65377.72,11220341.490000,0
1747371600000,171.8600,172.8200,171.8500,172.8200,123286.97,1747372499999,21253278.535400,17021,63485.77,10942931.096000,0
1747372500000,172.8200,173.4800,172.7300,173.0900,116427.62,1747373399999,20158097.557020,24222,58732.05,10169111.915820,0
1747373400000,173.0900,173.1900,172.6300,173.1900,92652.08,1747374299999,16020208.157900,15434,39647.72,6856485.777300,0
1747374300000,173.1800,173.3200,172.7800,172.8500,77743.80,1747375199999,13452405.374200,14197,32281.52,5586393.977300,0
1747375200000,172.8400,173.0600,172.1800,172.3200,130301.35,1747376099999,22478338.693400,21417,51684.16,8917552.690200,0
1747376100000,172.3200,172.8400,172.3200,172.4800,66352.08,1747376999999,11456048.234300,12992,30676.59,5296469.767900,0
1747377000000,172.4800,173.0200,172.3400,172.6000,80531.15,1747377899999,13902803.470800,16605,42877.51,7404287.878300,0
1747377900000,172.6100,173.0500,172.2300,172.3600,87496.87,1747378799999,15110391.657800,15672,42495.38,7338445.654200,0
1747378800000,172.3700,172.4700,171.4800,171.8000,240346.27,1747379699999,41308411.089600,33957,130316.34,22400847.451000,0
1747379700000,171.8000,172.9200,171.5400,172.9000,207319.97,1747380599999,35734511.856600,29343,118420.55,20410517.962500,0
1747380600000,172.9100,172.9800,171.8900,172.1000,118454.57,1747381499999,20413196.796700,19483,47381.71,8164028.518300,0
1747381500000,172.1100,172.5000,172.0500,172.0700,80580.73,1747382399999,13882266.811700,13972,43897.07,7562481.715500,0
1747382400000,172.0600,172.3200,171.6300,171.8100,151449.46,1747383299999,26043223.710300,20290,74701.91,12845824.532900,0
1747383300000,171.8100,171.8300,170.1200,170.5300,439229.70,1747384199999,74977530.354540,49306,184469.93,31479120.967400,0
1747384200000,170.5200,170.5200,169.2500,169.9600,262814.25,1747385099999,44646162.725600,34903,108672.94,18457625.513600,0
1747385100000,169.9500,170.3100,169.3400,170.0200,159707.99,1747385999999,27141888.044100,22293,83448.07,14184321.303000,0
1747386000000,170.0300,171.2700,170.0100,170.9600,226714.80,1747386899999,38731919.763500,29800,128418.18,21938917.453000,0
1747386900000,170.9500,171.5700,170.7000,171.3100,142100.11,1747387799999,24325035.002740,18555,78837.70,13496157.150640,0
1747387800000,171.3000,171.5400,170.9100,171.3200,153913.03,1747388699999,26354814.960200,19619,90681.96,15527554.073200,0
1747388700000,171.3200,172.7000,171.3000,172.5900,183863.47,1747389599999,31627906.028760,29673,104645.11,18002207.925760,0
1747389600000,172.6000,172.8600,171.8900,172.7400,212255.51,1747390499999,36578531.958300,27140,100863.89,17381233.982800,0
1747390500000,172.7300,172.8300,172.0700,172.2400,121236.79,1747391399999,20907952.195200,18189,58594.53,10104151.725300,0
1747391400000,172.2300,172.9400,172.1900,172.5300,95389.94,1747392299999,16467234.370000,17510,48111.04,8304619.005100,0
1747392300000,172.5400,173.3600,172.4000,173.1200,169959.90,1747393199999,29396829.210720,24552,91868.12,15889187.465420,0
1747393200000,173.1100,173.8500,172.8700,173.5800,234759.49,1747394099999,40696125.081500,26400,133047.34,23067539.873400,0
1747394100000,173.5700,174.1600,172.8100,172.8700,301042.67,1747394999999,52237125.543900,32431,139242.33,24164605.076300,0
1747395000000,172.8600,173.3400,172.4400,172.4800,252060.64,1747395899999,43571863.592300,24250,100676.14,17403384.730100,0
1747395900000,172.4800,172.9800,172.2900,172.7500,145743.96,1747396799999,25162502.430300,17716,71974.51,12426080.638300,0
1747396800000,172.7400,172.9900,172.3000,172.8800,117221.72,1747397699999,20252717.814800,19550,53392.80,9225171.639400,0
1747397700000,172.8800,173.0800,172.2800,172.5800,204808.47,1747398599999,35361804.345500,29296,83257.55,14372074.200400,0
1747398600000,172.5800,173.3300,172.5800,172.7100,163493.49,1747399499999,28270137.924100,27277,74437.22,12872667.512300,0
1747399500000,172.7000,173.2200,172.0100,172.0500,128508.60,1747400399999,22175115.516000,21611,50651.64,8743865.276400,0
1747400400000,172.0500,173.1200,171.7600,173.0100,229239.93,1747401299999,39513896.655100,30416,116250.81,20039709.965300,0
1747401300000,173.0100,173.2100,172.5600,172.6500,119984.77,1747402199999,20746975.720300,19345,54549.23,9432579.127000,0
1747402200000,172.6400,173.9300,172.2900,173.1700,330779.69,1747403099999,57258584.571000,48494,174740.09,30253849.517900,0
1747403100000,173.1700,174.0000,173.1700,173.7300,246805.03,1747403999999,42873496.685300,33547,123822.77,21511133.679700,0
1747404000000,173.7200,173.7200,172.0100,172.4700,475583.55,1747404899999,82170140.703400,54940,212510.74,36714523.255900,0
1747404900000,172.4800,173.5600,172.2500,173.0600,177356.05,1747405799999,30670171.273400,29583,100209.23,17328217.418900,0
1747405800000,173.0600,173.0700,170.9100,170.9100,347723.52,1747406699999,59730414.506600,46358,150653.71,25886363.453300,0
1747406700000,170.9100,171.6500,170.7200,171.4100,245026.37,1747407599999,41953090.267200,31147,127516.45,21833960.368100,0
1747407600000,171.4200,173.1600,171.3900,172.6400,328445.59,1747408499999,56618012.812520,37245,163926.60,28248483.148020,0
1747408500000,172.6300,172.7300,171.6500,171.6800,234150.22,1747409399999,40291517.544160,29247,105441.79,18139567.405200,0
1747409400000,171.6800,172.6000,171.6000,172.0700,223719.77,1747410299999,38494137.260500,30683,121140.75,20843070.297300,0
1747410300000,172.0800,172.2700,171.4000,172.0000,198672.49,1747411199999,34130246.733540,24670,87798.74,15085120.309100,0
1747411200000,172.0000,172.6900,171.7100,171.7500,192001.55,1747412099999,33063643.004200,28154,94579.31,16290698.564700,0
1747412100000,171.7500,172.0500,170.6700,170.7900,272223.76,1747412999999,46607625.539100,38841,121439.58,20783386.217000,0
1747413000000,170.8000,171.0400,169.9200,170.3200,217174.54,1747413899999,36993952.969340,30296,102504.24,17461896.990200,0
1747413900000,170.3100,171.2000,170.0800,170.9800,146222.20,1747414799999,24963476.608000,21102,83170.32,14195121.943300,0
1747414800000,170.9800,171.2800,170.4400,170.8800,135389.51,1747415699999,23133784.181400,19242,64540.71,11028974.673600,0
1747415700000,170.8700,172.1200,170.8700,171.9100,153955.95,1747416599999,26434808.211000,27631,87694.15,15053726.578000,0
1747416600000,171.9100,172.1500,170.7900,171.1600,144861.89,1747417499999,24818031.472300,21546,65123.67,11153617.541300,0
1747417500000,171.1500,171.3700,169.8300,170.2500,161509.72,1747418399999,27507272.502140,28453,74157.02,12629954.582000,0
1747418400000,170.2500,171.0500,170.0800,170.8900,116299.70,1747419299999,19845312.843000,20899,65278.16,11140622.088300,0
1747419300000,170.8900,171.2700,170.0800,170.2700,129626.88,1747420199999,22117319.020000,23081,58181.94,9928195.572300,0
1747420200000,170.2800,170.9900,170.0100,170.0500,204199.82,1747421099999,34813873.378400,24948,73917.82,12603797.489800,0
1747421100000,170.0400,170.4700,169.6000,170.2000,271264.92,1747421999999,46112068.765700,36714,107145.35,18216657.656600,0
1747422000000,170.2000,170.8000,170.0300,170.2500,154542.30,1747422899999,26347626.060300,21361,88961.61,15168583.908100,0
1747422900000,170.2600,170.4900,169.7100,170.4100,119884.56,1747423799999,20391694.800000,19117,62042.49,10553974.652300,0
1747423800000,170.4100,170.9800,170.2900,170.6900,101549.42,1747424699999,17339978.957000,16210,53622.82,9155784.855900,0
1747424700000,170.6900,171.4600,170.4900,171.3200,89180.85,1747425599999,15246427.038300,17149,44543.21,7614431.268600,0
1747425600000,171.3100,171.3200,170.8400,170.8900,73091.82,1747426499999,12502922.897900,15044,33280.68,5692802.027400,0
1747426500000,170.8900,170.8900,170.0500,170.3500,83254.84,1747427399999,14186343.047500,13769,40798.40,6950705.079300,0
1747427400000,170.3500,170.3500,169.1400,169.1800,213863.29,1747428299999,36255777.654100,26653,86545.50,14667794.151900,0
1747428300000,169.1700,169.7000,168.7100,169.4900,253556.98,1747429199999,42867612.586200,32341,134563.67,22753705.488300,0
1747429200000,169.5000,170.2400,169.4100,170.1600,121542.60,1747430099999,20638879.266800,17235,74915.41,12722621.200700,0
1747430100000,170.1700,170.1700,169.2400,169.3000,82926.69,1747430999999,14073943.442900,11398,26653.71,4523721.429500,0
1747431000000,169.3000,169.9300,168.4600,169.7900,156264.52,1747431899999,26434863.823000,23390,84636.88,14322724.017300,0
1747431900000,169.7800,169.8000,168.8300,168.9600,60968.21,1747432799999,10316439.202700,13503,33622.50,5686680.004900,0
1747432800000,168.9500,169.0100,167.8200,167.8900,243915.84,1747433699999,41032763.350280,35435,96684.80,16263502.601400,0
1747433700000,167.8900,168.0600,167.0200,167.3200,216917.55,1747434599999,36337233.254380,35308,85650.18,14349986.518700,0
1747434600000,167.3200,167.6500,166.9500,167.0500,155225.73,1747435499999,25968701.075000,24144,74749.02,12507177.414700,0
1747435500000,167.0400,167.6400,166.2200,167.3300,514492.52,1747436399999,85855792.279750,56127,271539.59,45332391.473200,0
1747436400000,167.3400,168.3300,167.3400,168.3200,229080.17,1747437299999,38452254.152500,34740,133302.93,22374770.639300,0
1747437300000,168.3100,168.3800,167.6700,168.1500,104144.16,1747438199999,17493708.372330,19566,43565.07,7317915.337430,0
1747438200000,168.1400,168.3400,167.8400,167.9100,64423.83,1747439099999,10830493.785300,15112,34964.75,5877855.377100,0
1747439100000,167.9100,167.9300,166.9600,167.3300,188530.54,1747439999999,31535975.703700,22440,58049.55,9710001.689800,0
1747440000000,167.3300,168.2400,167.0800,168.0100,265631.89,1747440899999,44546137.719100,33364,149561.42,25076889.426400,0
1747440900000,168.0000,168.0500,166.6500,166.6500,232136.54,1747441799999,38814831.369250,33756,90784.55,15182381.499200,0
1747441800000,166.6600,167.1900,165.5100,166.1600,443744.81,1747442699999,73761426.162930,56512,153526.09,25534802.656500,0
1747442700000,166.1600,167.0800,166.0500,166.7100,215730.08,1747443599999,35945479.010700,31976,126966.72,21156666.632200,0
1747443600000,166.7000,166.7000,165.7500,165.8500,251020.30,1747444499999,41709374.214100,37159,101204.22,16816533.392700,0
1747444500000,165.8600,166.2900,164.7200,165.9000,457666.54,1747445399999,75658156.779650,58991,179390.91,29664787.896200,0
1747445400000,165.9000,166.0200,164.8400,165.5500,190387.85,1747446299999,31492040.052100,34257,98226.62,16248521.222100,0
1747446300000,165.5500,165.5700,163.9100,165.0200,502003.12,1747447199999,82536322.212000,56791,225751.49,37128634.265000,0
1747447200000,165.0300,165.3900,164.2000,164.2100,358944.83,1747448099999,59148422.204500,43112,175044.00,28850642.947500,0
1747448100000,164.2200,166.2100,164.0500,166.0300,444463.41,1747448999999,73517622.864790,52955,281934.22,46645355.915790,0
1747449000000,166.0300,166.6600,166.0200,166.6500,191451.90,1747449899999,31857633.997300,29325,107417.02,17876163.460800,0
1747449900000,166.6600,166.9200,165.9400,166.4700,153945.95,1747450799999,25614189.461450,24135,72918.04,12136096.353450,0
1747450800000,166.4700,166.7800,165.7200,166.0000,131634.23,1747451699999,21884343.014500,20956,63412.28,10543586.935000,0
1747451700000,166.0100,166.5300,165.2500,166.4800,187295.00,1747452599999,31041766.926700,25172,107801.17,17874367.172200,0
1747452600000,166.4700,167.3000,166.1400,167.1000,202626.35,1747453499999,33785533.402300,28169,134469.77,22424309.146400,0
1747453500000,167.1000,168.5400,166.9500,168.1700,309223.63,1747454399999,51851233.127960,40914,204515.15,34296239.853660,0
1747454400000,168.1700,168.6300,167.8400,168.3600,199434.14,1747455299999,33524101.094900,27371,80147.50,13473635.666800,0
1747455300000,168.3700,168.9600,168.1800,168.7600,156882.64,1747456199999,26455814.635000,28981,86018.37,14508047.352100,0
1747456200000,168.7600,169.4600,168.4500,169.2000,122068.44,1747457099999,20621775.051400,20087,64530.45,10903809.534700,0
1747457100000,169.1900,169.1900,168.5200,168.7700,131244.33,1747457999999,22150887.179800,20078,45983.89,7761776.169900,0
1747458000000,168.7700,169.0800,168.1700,168.2400,226213.04,1747458899999,38156831.748100,23666,70229.11,11847448.302800,0
1747458900000,168.2400,168.4500,167.7300,168.2800,168864.27,1747459799999,28387255.677700,20873,76024.50,12782575.109600,0
1747459800000,168.2800,168.4000,167.7000,167.7000,89178.66,1747460699999,14980495.443900,15060,29221.16,4909779.858400,0
1747460700000,167.7100,167.7900,167.1200,167.4400,249087.63,1747461599999,41721140.358680,28956,97187.68,16278457.142000,0
1747461600000,167.4300,168.8900,167.4300,168.8400,176933.50,1747462499999,29804602.989700,31264,106076.62,17868301.471300,0
1747462500000,168.8400,168.8500,168.2200,168.3500,111048.96,1747463399999,18710779.624500,16017,49291.58,8306790.401400,0
1747463400000,168.3600,169.1700,168.2000,169.1500,106577.97,1747464299999,17984134.342700,19037,67013.79,11309550.984800,0
1747464300000,169.1600,169.2900,168.6200,169.0200,93267.17,1747465199999,15758512.097800,17354,43752.71,7392759.204300,0
1747465200000,169.0300,169.9500,168.9700,169.4000,249269.14,1747466099999,42256009.476300,27098,148202.68,25125503.370000,0
1747466100000,169.4000,169.5900,169.0900,169.4100,103594.92,1747466999999,17546009.688400,15665,48793.58,8265752.841600,0
1747467000000,169.4000,169.4400,168.2800,168.3400,217895.01,1747467899999,36776663.448730,23608,63960.06,10799274.597600,0
1747467900000,168.3500,168.4900,167.8700,168.4700,196838.76,1747468799999,33098861.501400,22602,77593.53,13048403.952700,0
1747468800000,168.4700,168.7500,168.0400,168.3200,193171.09,1747469699999,32544795.796700,23932,90266.29,15209396.459400,0
1747469700000,168.3200,169.1800,167.9800,168.9500,243701.38,1747470599999,41073810.875700,31414,124020.50,20909311.238700,0
1747470600000,168.9500,169.3400,168.2500,168.5300,127338.62,1747471499999,21495102.938800,23586,60647.20,10239286.024400,0
1747471500000,168.5300,168.7200,167.9500,168.0000,98253.21,1747472399999,16529588.545200,16375,33455.34,5629480.841900,0
1747472400000,168.0000,168.3100,167.2800,168.1500,237956.50,1747473299999,39950295.862280,32743,110266.00,18517726.863100,0
1747473300000,168.1400,168.2300,166.9000,167.4100,195003.20,1747474199999,32647932.394200,31433,76526.32,12814883.938300,0
1747474200000,167.4200,168.8000,167.2800,167.9100,294490.13,1747475099999,49538131.320100,42998,192358.50,32355358.028200,0
1747475100000,167.9100,168.2300,167.5600,167.6800,128121.90,1747475999999,21509266.762900,20331,56710.32,9522273.061700,0
1747476000000,167.6800,168.4200,167.4600,168.2200,104335.52,1747476899999,17529550.947500,19782,53859.17,9049554.937600,0
1747476900000,168.2100,168.6000,167.5600,167.8700,139953.19,1747477799999,23517751.017100,19727,50423.00,8478855.087400,0
1747477800000,167.8600,167.9400,167.0000,167.0200,136426.20,1747478699999,22828660.399600,20765,57717.82,9656630.596600,0
1747478700000,167.0200,167.5500,167.0000,167.4800,61090.27,1747479599999,10221741.750500,18612,31107.36,5204729.421400,0
1747479600000,167.4900,167.7100,166.9700,167.0600,94309.97,1747480499999,15771858.301700,15442,35316.49,5906645.876500,0
1747480500000,167.0500,167.3500,166.6300,166.8100,120443.69,1747481399999,20104584.543550,19007,50270.48,8392647.381000,0
1747481400000,166.8100,167.6700,166.8000,167.6300,71691.71,1747482299999,12000306.228000,15756,39992.84,6693506.007100,0
1747482300000,167.6300,168.1000,167.3800,167.5300,117520.02,1747483199999,19720010.348200,17670,74449.59,12494225.686700,0
1747483200000,167.5300,167.7200,167.1400,167.1800,114907.93,1747484099999,19233018.780500,23164,56363.59,9433111.612300,0
1747484100000,167.1900,167.9500,167.0900,167.8500,90026.69,1747484999999,15088422.269900,22660,46986.90,7874256.976400,0
1747485000000,167.8400,168.0000,167.4000,167.5900,70621.84,1747485899999,11846920.261800,20296,32579.81,5465382.170200,0
1747485900000,167.5800,167.6000,167.0400,167.1700,77014.01,1747486799999,12882485.008300,14819,42593.64,7124285.870300,0
1747486800000,167.1800,167.5500,166.5500,167.5100,176505.32,1747487699999,29475104.484700,25909,98683.01,16479091.547600,0
1747487700000,167.5100,167.5600,166.6000,166.8400,104892.09,1747488599999,17518628.242000,17800,53275.30,8896625.648800,0
1747488600000,166.8300,166.8600,166.0300,166.1800,145417.43,1747489499999,24193342.528590,23483,62179.67,10345460.245000,0
1747489500000,166.1800,166.4800,165.7300,166.3900,242900.41,1747490399999,40326047.312000,33343,117352.26,19486594.380800,0
1747490400000,166.3800,167.2200,166.3500,167.2100,216841.13,1747491299999,36182242.724100,31645,127945.84,21348970.486200,0
1747491300000,167.2000,167.7600,166.9500,167.4700,150140.37,1747492199999,25121875.883780,21230,75743.96,12674722.097880,0
1747492200000,167.4700,167.7500,167.2700,167.5800,135266.57,1747493099999,22661211.637000,19645,56668.93,9493061.613100,0
1747493100000,167.5900,168.0000,167.5600,167.9100,128085.20,1747493999999,21496591.862800,17419,54774.70,9193258.487400,0
1747494000000,167.9100,168.1600,167.3500,167.8700,124825.19,1747494899999,20943272.399600,18524,48678.82,8169369.907400,0
1747494900000,167.8700,167.9700,167.4500,167.7500,68746.68,1747495799999,11528389.047400,15364,30814.04,5167128.952400,0
1747495800000,167.7500,167.9500,167.6100,167.8200,76154.59,1747496699999,12774989.089700,14444,40746.14,6834581.350200,0
1747496700000,167.8300,167.8300,167.2000,167.2000,71683.87,1747497599999,12004160.398400,13943,30749.84,5149017.321000,0
1747497600000,167.2000,167.4400,166.6700,166.8300,189295.44,1747498499999,31615602.754000,23165,76624.98,12797186.358700,0
1747498500000,166.8300,166.9700,166.0100,166.2500,174393.66,1747499399999,29025771.820390,25809,96637.97,16085949.342400,0
1747499400000,166.2500,166.2600,164.5700,165.1000,482511.84,1747500299999,79697808.348790,46168,235557.14,38897041.310500,0
1747500300000,165.0900,165.1600,164.2900,165.1600,266522.29,1747501199999,43894958.255700,39179,130438.22,21482658.452400,0
1747501200000,165.1500,165.6900,164.9600,165.4600,220624.03,1747502099999,36486072.238500,26301,127171.33,21031500.631700,0
1747502100000,165.4600,166.3700,164.8000,166.3600,280703.23,1747502999999,46498106.686490,33289,161306.61,26727533.172390,0
1747503000000,166.3600,166.7100,166.0200,166.2700,205654.24,1747503899999,34213999.536600,22883,83426.92,13881993.067900,0
1747503900000,166.2700,166.4600,165.6400,165.6500,122698.09,1747504799999,20380035.993900,17124,54760.18,9097204.531500,0
1747504800000,165.6400,166.7700,165.5500,166.4600,195969.01,1747505699999,32553377.046450,31443,108736.80,18063782.781850,0
1747505700000,166.4600,166.9800,165.7300,166.8500,224384.71,1747506599999,37371654.045500,31516,117361.38,19546325.971300,0
1747506600000,166.8500,166.9000,166.1100,166.6600,130647.80,1747507499999,21752171.490800,19581,52271.12,8701936.522900,0
1747507500000,166.6500,166.6600,165.5500,165.6700,111921.58,1747508399999,18572741.550000,16567,36178.60,6005115.562100,0
1747508400000,165.6700,165.8700,165.2300,165.7800,118893.97,1747509299999,19677373.528700,18848,59213.98,9801410.826800,0
1747509300000,165.7800,166.2600,165.6500,165.6600,66829.70,1747510199999,11093877.037800,13357,34710.33,5762869.208400,0
1747510200000,165.6500,165.6600,164.9600,165.5200,113196.49,1747511099999,18707114.282370,19376,52949.04,8750830.217700,0
1747511100000,165.5300,165.6200,164.9000,165.1600,110751.60,1747511999999,18291013.707500,21396,56665.69,9358170.449100,0
1747512000000,165.1600,165.7800,164.6100,164.6800,126860.87,1747512899999,20957675.914680,24753,61530.52,10166529.185600,0
1747512900000,164.6800,165.3800,164.6800,165.2600,98169.78,1747513799999,16204821.443900,21384,50052.55,8260751.546100,0
1747513800000,165.2500,166.1100,165.2500,165.9900,103587.29,1747514699999,17161842.004000,17828,54263.15,8990317.946800,0
1747514700000,165.9800,167.9200,165.7200,167.4400,369176.45,1747515599999,61720120.025620,41096,210750.96,35228236.103520,0
1747515600000,167.4500,167.6300,166.9500,167.4000,154690.49,1747516499999,25885555.254400,22279,82731.71,13845842.160200,0
1747516500000,167.3900,167.5400,166.8700,167.0600,57674.61,1747517399999,9639982.442700,12454,22238.98,3716995.261800,0
1747517400000,167.0500,167.4000,166.6700,166.7900,96819.56,1747518299999,16162609.391500,14855,46383.98,7742213.112700,0
1747518300000,166.7800,167.1700,166.6400,166.9300,52471.03,1747519199999,8759063.138100,10994,27766.10,4635525.967500,0
1747519200000,166.9300,166.9800,164.6400,164.8900,397665.56,1747520099999,65851204.803240,43373,190984.53,31605338.663300,0
1747520100000,164.8900,164.9100,164.3100,164.4300,209300.41,1747520999999,34455584.079300,29984,123266.48,20294348.941700,0
1747521000000,164.4200,165.5100,164.2500,165.2200,136483.91,1747521899999,22514302.054100,19538,72020.73,11879520.004500,0
1747521900000,165.2200,165.4400,164.8600,165.2100,78868.03,1747522799999,13024564.845100,14532,31688.75,5233567.275300,0
1747522800000,165.2100,165.7800,164.6600,165.4800,140371.58,1747523699999,23187901.752000,21070,60779.70,10040960.710300,0
1747523700000,165.4800,166.0500,165.1900,165.9200,83531.35,1747524599999,13843899.011600,18191,44461.38,7369617.061400,0
1747524600000,165.9200,166.0400,165.6000,165.7400,71673.46,1747525499999,11886988.038300,14829,29226.42,4847880.425100,0
1747525500000,165.7500,165.9900,165.5800,165.8700,57519.37,1747526399999,9536756.239900,11389,25773.72,4273200.209200,0
1747526400000,165.8700,166.6200,165.7900,166.3800,128783.36,1747527299999,21408730.523490,20355,67413.01,11206306.847990,0
1747527300000,166.3700,166.6700,165.8300,166.3200,120773.38,1747528199999,20078938.649400,18835,58603.14,9744228.544000,0
1747528200000,166.3300,166.6600,166.1200,166.3600,100817.44,1747529099999,16778353.312600,19709,47877.22,7966878.309000,0
1747529100000,166.3600,167.4100,166.2600,167.1900,290811.87,1747529999999,48539367.418050,28220,139370.09,23258763.175950,0
1747530000000,167.1800,167.3300,166.5500,166.6500,116273.75,1747530899999,19400902.316700,16802,47932.46,7996596.377700,0
1747530900000,166.6600,167.1200,166.5800,166.6600,84905.33,1747531799999,14171631.014800,14029,29764.07,4966876.180700,0
1747531800000,166.6600,166.7200,166.2000,166.2300,77874.38,1747532699999,12966820.795900,12615,26379.40,4392419.356800,0
1747532700000,166.2400,167.7500,166.0100,167.1800,191274.15,1747533599999,31946602.585980,29224,107540.10,17962508.964980,0
1747533600000,167.1800,167.5700,167.1100,167.3600,82215.13,1747534499999,13753453.763800,15640,39422.12,6595315.913000,0
1747534500000,167.3500,167.4400,167.0400,167.0500,52654.77,1747535399999,8806555.909600,12487,22335.43,3735894.641200,0
1747535400000,167.0600,167.2400,166.4700,166.7100,80205.26,1747536299999,13381999.820700,15778,35261.47,5882355.318400,0
1747536300000,166.7100,167.1800,166.6000,166.9700,42999.65,1747537199999,7178929.854700,11205,23722.63,3960534.032300,0
1747537200000,166.9800,167.8500,166.9600,167.3900,184838.10,1747538099999,30967638.459000,26550,98557.46,16509734.562300,0
1747538100000,167.3900,167.4100,166.4600,166.5000,112100.03,1747538999999,18702444.588200,18399,44901.85,7490541.581700,0
1747539000000,166.5100,167.3100,166.5000,167.0600,81955.27,1747539899999,13683712.217300,16580,52219.80,8718129.631700,0
1747539900000,167.0500,167.1500,166.7400,166.8300,41040.47,1747540799999,6849755.912800,11060,15598.20,2603544.661500,0
1747540800000,166.8300,167.6400,166.8000,167.5200,70519.65,1747541699999,11796142.129600,14736,41378.47,6921513.797800,0
1747541700000,167.5200,167.7000,167.3400,167.5200,54148.32,1747542599999,9071166.715400,12346,24266.55,4065339.535100,0
1747542600000,167.5100,168.0800,167.3900,168.0500,119279.49,1747543499999,20023323.690450,17734,73071.37,12266306.425650,0
1747543500000,168.0500,168.5500,168.0500,168.4400,156380.30,1747544399999,26323589.210330,20620,90572.82,15246668.667830,0
1747544400000,168.4300,169.1600,168.4300,168.7700,163567.11,1747545299999,27623610.975200,28171,97224.76,16419739.269000,0
1747545300000,168.7600,169.3300,168.7600,169.1800,124117.33,1747546199999,20995211.035200,19786,68673.66,11615786.964500,0
1747546200000,169.1700,169.3000,168.8300,169.1500,119389.20,1747547099999,20188561.573200,17227,54443.76,9206223.328500,0
1747547100000,169.1400,170.0900,169.1300,169.8100,198349.87,1747547999999,33657795.937900,24739,122006.64,20701166.415400,0
1747548000000,169.8200,169.8500,169.2500,169.6200,171695.23,1747548899999,29108555.222600,22731,77984.15,13221914.815000,0
1747548900000,169.6200,169.8900,169.2800,169.4100,97384.01,1747549799999,16513209.357700,16858,55839.99,9469446.331700,0
1747549800000,169.4100,169.4900,168.9500,169.4400,134809.37,1747550699999,22809713.734700,19023,63219.12,10697688.952100,0
1747550700000,169.4500,169.5500,168.9900,169.2100,78849.77,1747551599999,13341814.466000,14104,39609.33,6702648.961100,0
1747551600000,169.2100,169.8100,169.0600,169.7200,108671.26,1747552499999,18411195.761900,18229,53538.72,9071137.621000,0
1747552500000,169.7300,169.8600,169.5700,169.6800,95202.71,1747553399999,16158283.486300,15018,42014.60,7130909.069900,0
1747553400000,169.6800,169.7300,169.4600,169.6600,48468.18,1747554299999,8221361.520400,11495,22423.71,3803711.417700,0
1747554300000,169.6500,170.6700,169.4200,170.6000,184872.98,1747555199999,31469099.549740,27732,119752.56,20388055.193440,0
1747555200000,170.6100,171.8400,170.6000,171.1800,412420.05,1747556099999,70640443.374520,54227,221310.40,37904712.440220,0
1747556100000,171.1800,171.8300,170.9000,171.7800,183650.50,1747556999999,31473655.714500,25335,101722.80,17436529.582900,0
1747557000000,171.7900,171.9500,170.8300,171.0000,276925.30,1747557899999,47460753.359000,28150,100307.81,17190094.687800,0
1747557900000,171.0100,171.5200,170.7900,171.0800,121213.60,1747558799999,20742128.641200,16434,52251.85,8941397.301000,0
1747558800000,171.0800,171.4900,171.0800,171.3900,93148.60,1747559699999,15961002.542500,15611,48264.70,8270249.742000,0
1747559700000,171.4000,171.4000,170.8400,170.9900,89832.74,1747560599999,15363398.255100,15539,41601.08,7114547.839700,0
1747560600000,171.0000,171.3500,170.5300,170.6300,111745.96,1747561499999,19104894.859000,20277,47375.42,8099358.534300,0
1747561500000,170.6200,171.1700,170.4000,170.9200,176086.20,1747562399999,30077598.753300,22904,64621.59,11040847.467500,0
1747562400000,170.9100,171.5000,170.9100,171.4200,119680.44,1747563299999,20497940.638900,19047,61420.60,10520283.304300,0
1747563300000,171.4300,171.4700,170.6400,170.6400,79173.75,1747564199999,13539250.228700,16043,25861.77,4423229.146800,0
1747564200000,170.6400,170.9500,170.5600,170.7800,63071.74,1747565099999,10771105.544700,14833,25279.06,4317004.129500,0
1747565100000,170.7800,171.2900,170.7600,171.2600,60360.48,1747565999999,10325030.484700,13095,33427.79,5718941.580300,0
1747566000000,171.2600,171.5000,171.2100,171.3700,92359.71,1747566899999,15827690.032500,15806,46716.05,8006183.070300,0
1747566900000,171.3700,171.6400,171.0700,171.2000,55111.28,1747567799999,9445655.740100,12234,28621.71,4906317.133600,0
1747567800000,171.2000,171.4300,170.6100,170.6400,78403.70,1747568699999,13413297.635700,14713,34387.66,5884817.064300,0
1747568700000,170.6500,170.9700,170.6400,170.7100,70955.44,1747569599999,12117300.847700,12932,35684.82,6093921.826700,0
1747569600000,170.7100,170.7900,170.1100,170.4100,229374.36,1747570499999,39077157.994240,29570,106371.55,18121429.020600,0
1747570500000,170.4100,171.1600,170.2700,171.0400,117275.37,1747571399999,20025934.209700,17583,61417.17,10490365.372400,0
1747571400000,171.0400,171.1200,170.8200,170.9600,82800.98,1747572299999,14156444.150700,14374,32280.89,5519082.263100,0
1747572300000,170.9700,171.6000,170.8000,171.5700,99716.39,1747573199999,17080147.425400,15064,53234.35,9119544.719700,0
1747573200000,171.5700,171.6200,171.3300,171.4400,98701.64,1747574099999,16926238.224800,14272,38624.88,6623836.072300,0
1747574100000,171.4500,171.7700,171.3500,171.6300,111515.89,1747574999999,19134526.884860,20080,53863.06,9242207.880460,0
1747575000000,171.6300,172.3900,171.4500,172.1900,406489.08,1747575899999,69935491.345200,40075,213555.31,36745650.066400,0
1747575900000,172.2000,172.8900,171.8000,172.7400,237681.82,1747576799999,40957403.956910,29150,134990.29,23269635.932810,0
1747576800000,172.7400,172.9800,172.2200,172.3000,234843.62,1747577699999,40559369.647300,28339,115329.25,19922946.623000,0
1747577700000,172.3000,172.9500,172.2900,172.6800,119398.18,1747578599999,20614757.943600,18429,61310.21,10586037.655300,0
1747578600000,172.6800,174.6400,172.6800,173.9700,667103.49,1747579499999,115934459.152290,60722,352806.23,61299643.159090,0
1747579500000,173.9600,174.8000,173.8700,174.2900,367199.87,1747580399999,64040511.482220,44126,187573.00,32714904.593020,0
1747580400000,174.3000,174.4900,173.5400,173.9200,342370.48,1747581299999,59558097.500100,39141,141041.11,24537012.186200,0
1747581300000,173.9200,174.7300,173.6800,174.6400,240671.49,1747582199999,41968116.731400,28504,119351.58,20814122.225700,0
1747582200000,174.6500,175.4700,174.4200,175.2700,238238.58,1747583099999,41672022.971600,35058,139988.68,24491870.558100,0
1747583100000,175.2800,176.6100,175.1600,176.2000,466555.32,1747583999999,82104301.050360,52852,247760.61,43605243.873560,0
1747584000000,176.2000,176.7300,175.8300,175.9900,312628.80,1747584899999,55106854.041200,40968,140462.86,24758057.210600,0
1747584900000,175.9900,176.3100,174.8700,175.8200,413872.01,1747585799999,72654733.854600,46982,174518.31,30636251.481200,0
1747585800000,175.8200,175.9700,175.0700,175.6200,295209.47,1747586699999,51831201.539700,34840,122696.02,21542982.065700,0
1747586700000,175.6200,176.4000,175.4000,175.7700,249451.41,1747587599999,43891014.173100,30742,121668.58,21410166.197000,0
1747587600000,175.7600,175.8200,175.2800,175.6100,159525.59,1747588499999,28000306.179700,23391,69087.35,12126271.305800,0
1747588500000,175.6100,175.6600,174.1500,174.7100,331904.14,1747589399999,58020107.145210,35467,146201.93,25557677.877700,0
1747589400000,174.7000,175.0500,173.7700,174.1200,492797.35,1747590299999,85910191.203400,45043,227870.50,39727107.973900,0
1747590300000,174.1200,174.1400,172.0400,172.1900,621481.00,1747591199999,107519491.534120,64564,241076.55,41718380.968400,0
1747591200000,172.1800,172.3100,169.0000,170.2800,1229705.30,1747592099999,209540514.336060,120561,545873.54,93029307.967400,0
1747592100000,170.2900,170.7400,168.8000,170.6200,671700.98,1747592999999,113998925.829440,72073,360979.00,61294107.292040,0
1747593000000,170.6300,170.6400,169.6700,170.2000,287539.55,1747593899999,48939182.475900,42002,138779.75,23622365.809700,0
1747593900000,170.2000,170.4900,169.5100,170.1500,183136.09,1747594799999,31125705.810000,30577,85819.76,14585727.775500,0
1747594800000,170.1500,170.6100,169.8900,170.3100,205589.67,1747595699999,34999845.357800,26049,95140.90,16198056.860900,0
1747595700000,170.3000,170.3100,169.4100,169.5800,171285.27,1747596599999,29090848.679800,23798,80656.45,13696588.095300,0
1747596600000,169.5900,169.5900,167.0100,167.7200,729388.62,1747597499999,122483191.694060,77314,292275.05,49069106.427100,0
1747597500000,167.7100,167.9500,166.2900,166.5300,541974.82,1747598399999,90498482.341950,56301,233875.38,39062294.883100,0
1747598400000,166.5400,166.5400,164.5000,165.4500,1046919.14,1747599299999,173151830.052970,106819,522369.74,86412106.319990,0
1747599300000,165.4500,166.0700,165.0000,165.7900,335433.80,1747600199999,55511479.471500,41695,185181.92,30652048.087400,0
1747600200000,165.7800,166.8800,165.1900,166.8600,311288.03,1747601099999,51710890.831950,44017,179350.05,29795795.022050,0
1747601100000,166.8500,167.3000,166.6300,167.0600,279012.06,1747601999999,46583874.358300,33140,169450.59,28291839.371200,0
1747602000000,167.0600,167.6900,167.0500,167.5100,306382.19,1747602899999,51292944.436180,28772,173494.87,29042362.593980,0
1747602900000,167.5100,168.4000,167.3600,168.3500,155144.55,1747603799999,26065162.120580,25013,86196.69,14482038.584380,0
1747603800000,168.3600,168.8400,167.5700,168.3400,176534.13,1747604699999,29706562.236500,26825,81138.40,13655763.989700,0
1747604700000,168.3400,168.6000,167.0300,167.5100,149517.70,1747605599999,25084763.870000,23068,53922.40,9048658.004100,0
1747605600000,167.5000,167.6300,166.2400,166.5300,254153.68,1747606499999,42387612.986950,42332,116076.32,19358008.833100,0
1747606500000,166.5200,168.3500,166.0700,168.0500,308840.12,1747607399999,51622958.805210,41520,161277.95,26964673.854220,0
1747607400000,168.0400,169.1000,167.9600,168.8700,283209.56,1747608299999,47748512.823600,37822,149411.87,25194206.026700,0
1747608300000,168.8800,170.1000,168.8500,169.9800,302575.16,1747609199999,51293735.295900,41198,149542.69,25352464.384100,0
1747609200000,169.9800,170.0100,168.9700,169.3700,251699.68,1747610099999,42636505.716800,31361,120800.20,20462527.206600,0
1747610100000,169.3700,170.5900,168.9300,170.5100,152500.42,1747610999999,25894148.005140,25283,88692.71,15064517.874440,0
1747611000000,170.5100,171.6900,170.3300,171.6300,330627.76,1747611899999,56545435.525360,40389,174481.16,29837139.618660,0
1747611900000,171.6200,174.2400,171.3200,173.2400,723726.29,1747612799999,125234878.477810,82910,388738.93,67269935.721810,0
1747612800000,173.2500,173.8700,171.8700,172.1700,675167.44,1747613699999,116663051.164100,73675,332499.96,57471099.497000,0
1747613700000,172.1700,172.2400,170.0100,170.0400,596400.58,1747614599999,102011328.125190,72503,272736.47,46652995.186200,0
1747614600000,170.0300,170.2300,168.2000,168.7200,600730.95,1747615499999,101576534.103430,70515,286816.96,48498533.078300,0
1747615500000,168.7200,168.9000,167.6300,168.0000,489423.80,1747616399999,82312841.681150,54402,252528.63,42475628.613300,0
1747616400000,168.0000,168.5100,166.8300,167.4000,432942.96,1747617299999,72568366.183580,55489,214735.69,35998093.338800,0
1747617300000,167.3900,168.0000,166.3900,167.6200,316086.63,1747618199999,52816575.669750,43069,164390.04,27474438.320200,0
1747618200000,167.6200,168.6500,167.3800,167.5800,285095.71,1747619099999,47882264.956430,37855,154588.54,25968675.922030,0
1747619100000,167.5800,168.3800,167.4300,167.7700,148857.22,1747619999999,25015926.737400,23330,79786.72,13409213.098300,0
1747620000000,167.7600,168.4500,165.8000,165.8900,439122.14,1747620899999,73363220.662340,44105,179692.95,30045322.753800,0
1747620900000,165.9000,167.4600,165.8900,167.3400,346281.55,1747621799999,57719195.243800,43678,203689.83,33955459.129800,0
1747621800000,167.3300,167.6500,166.8400,166.8800,135425.31,1747622699999,22655357.152880,20264,66588.55,11145655.797280,0
1747622700000,166.8800,167.0900,166.3400,166.7400,182313.54,1747623599999,30388469.477700,21487,102961.89,17163133.118500,0
1747623600000,166.7300,166.9200,165.7200,165.7600,284681.41,1747624499999,47346389.215190,27247,93434.76,15542441.282200,0
1747624500000,165.7700,166.6500,165.7000,166.0500,180357.14,1747625399999,29970005.428640,28921,97489.88,16201730.142300,0
1747625400000,166.0500,166.2500,165.1100,165.1900,187879.79,1747626299999,31114033.333470,25388,67954.43,11260423.278100,0
1747626300000,165.1900,165.6900,164.8600,165.2300,290742.11,1747627199999,48031655.528980,32737,126195.38,20854503.746600,0
1747627200000,165.2400,166.6800,164.7600,166.6400,431908.04,1747628099999,71557726.927890,49690,248803.82,41244843.290790,0
1747628100000,166.6300,166.7500,164.9600,165.3900,339899.43,1747628999999,56354754.771920,36598,143782.38,23849070.495550,0
1747629000000,165.3800,165.6600,163.0300,164.2200,587484.23,1747629899999,96433827.945860,72904,242162.75,39787998.903100,0
1747629900000,164.2200,164.3700,162.4300,163.3400,517662.34,1747630799999,84484066.075300,49166,174364.32,28468103.826100,0
1747630800000,163.3400,163.5700,162.1900,163.4400,380400.17,1747631699999,61953262.113360,48643,173983.38,28345562.377880,0
1747631700000,163.4400,163.6500,162.5900,162.9200,199512.95,1747632599999,32553008.905400,31500,87050.14,14206354.290800,0
1747632600000,162.9100,163.5400,162.2200,163.0700,331223.74,1747633499999,53973635.781280,49037,167374.59,27275903.442000,0
1747633500000,163.0800,163.2500,162.4200,162.6100,225829.49,1747634399999,36766207.989900,32481,91812.35,14949668.005300,0
1747634400000,162.6000,163.2800,162.0100,162.9200,398818.53,1747635299999,64901468.848200,46934,178284.19,29015624.646900,0
1747635300000,162.9200,162.9200,161.3200,161.9700,435056.96,1747636199999,70465628.971620,52411,179141.47,29017288.938200,0
1747636200000,161.9600,161.9800,160.1000,160.6600,697917.81,1747637099999,112182016.027040,64877,281452.55,45242554.119000,0
1747637100000,160.6600,160.8700,159.2800,159.5600,486977.59,1747637999999,77977921.032280,53188,186692.55,29921100.501000,0
1747638000000,159.5600,161.4300,159.3200,161.0200,491596.87,1747638899999,78841068.694740,61307,280786.57,45034669.019140,0
1747638900000,161.0200,162.0700,160.8700,161.5600,440014.19,1747639799999,71128993.945620,43286,243929.59,39430616.579320,0
1747639800000,161.5600,162.2900,161.5100,162.2600,233696.80,1747640699999,37831899.542780,29714,145479.06,23551286.618980,0
1747640700000,162.2600,162.3300,161.6400,161.7800,190268.46,1747641599999,30820677.506900,26583,91306.09,14791008.325600,0
1747641600000,161.7800,161.7900,160.6800,161.5400,361510.38,1747642499999,58298288.768540,42477,170554.47,27504556.514500,0
1747642500000,161.5400,162.2600,161.4000,161.8100,245197.79,1747643399999,39697724.172680,34485,130750.85,21169136.164980,0
1747643400000,161.8100,161.8500,160.8900,161.0800,131925.32,1747644299999,21297090.856640,24996,55440.47,8952369.262500,0
1747644300000,161.0800,161.7900,161.0100,161.3900,126046.75,1747645199999,20342870.515900,22861,56104.00,9055115.799700,0
1747645200000,161.3900,161.9800,160.3000,161.0700,354769.91,1747646099999,57137612.463500,43078,162899.84,26242471.590500,0
1747646100000,161.0700,162.1500,160.9800,162.0700,201801.39,1747646999999,32648483.211320,25481,120469.18,19488553.456120,0
1747647000000,162.0800,162.5600,161.8400,162.1400,261988.82,1747647899999,42499032.139680,27923,134135.58,21761689.826180,0
1747647900000,162.1400,162.1400,161.5100,161.5300,116936.51,1747648799999,18917131.652700,16776,47368.05,7662536.677700,0
1747648800000,161.5200,161.6400,160.6400,160.7400,200120.25,1747649699999,32223128.461940,28222,93240.82,15012710.181400,0
1747649700000,160.7500,161.4800,160.6900,161.3100,154849.11,1747650599999,24948556.898400,24621,88063.32,14188639.472100,0
1747650600000,161.3100,161.5200,160.7800,161.4000,101258.16,1747651499999,16315374.665700,18684,46486.06,7490353.722500,0
1747651500000,161.4000,161.9500,161.2000,161.5700,103666.35,1747652399999,16760293.695100,17552,53009.10,8569879.141700,0
1747652400000,161.5800,162.0500,161.0500,161.3000,130098.43,1747653299999,21009487.433900,20159,63827.16,10310228.259600,0
1747653300000,161.3000,161.8900,161.2200,161.8200,72309.94,1747654199999,11687539.186500,14703,33545.59,5422643.417700,0
1747654200000,161.8100,162.5300,161.6000,162.4900,200752.90,1747655099999,32555203.785480,21477,102393.87,16601575.751780,0
1747655100000,162.4900,162.6000,162.0700,162.0700,226225.90,1747655999999,36731004.066400,22706,81485.83,13232340.985400,0
1747656000000,162.0700,162.2100,160.7000,160.8600,385935.57,1747656899999,62237733.224840,38351,144652.41,23316250.808000,0
1747656900000,160.8600,161.4500,160.4400,161.0900,347722.95,1747657799999,55958827.783500,32629,162982.92,26221754.593900,0
1747657800000,161.0900,161.1000,160.2200,160.7300,205312.35,1747658699999,32971235.821000,27087,94411.56,15161803.801300,0
1747658700000,160.7300,160.8200,160.0500,160.8100,167957.64,1747659599999,26956402.236200,27235,76255.35,12240137.922900,0
1747659600000,160.8200,161.2600,160.5500,160.6000,223495.22,1747660499999,35980848.177900,24647,99186.00,15968924.960900,0
1747660500000,160.6000,161.6500,160.4900,161.4100,164867.05,1747661399999,26563083.091700,24817,97781.73,15753307.824700,0
1747661400000,161.4200,163.1300,160.9200,163.0700,520370.74,1747662299999,84466171.187000,62673,277548.91,45077603.325100,0
1747662300000,163.0600,163.5100,162.3600,162.5600,739807.94,1747663199999,120565235.696800,62493,308245.09,50252935.494700,0
1747663200000,162.5700,163.0400,161.5300,161.7600,372071.75,1747664099999,60343641.504800,44364,161575.51,26212330.266700,0
1747664100000,161.7600,162.9000,161.7200,162.2500,301979.44,1747664999999,49003074.490400,37181,127698.57,20726826.216200,0
1747665000000,162.2600,163.4000,162.2600,163.1800,257981.49,1747665899999,42037461.277800,33332,141552.10,23065235.928000,0
1747665900000,163.1900,164.0300,163.0000,163.6100,380464.86,1747666799999,62220290.523480,38437,195662.32,32001813.468480,0
1747666800000,163.6100,164.5300,163.3700,164.0600,358220.08,1747667699999,58757029.466100,46047,193562.75,31754182.762300,0
1747667700000,164.0600,164.2200,163.1600,163.2800,316342.58,1747668599999,51761297.334600,35915,121225.11,19836714.650900,0
1747668600000,163.2800,164.4700,163.1700,164.3600,237331.62,1747669499999,38936260.936100,28821,124849.78,20483233.270500,0
1747669500000,164.3500,164.6700,163.7400,164.0800,210366.70,1747670399999,34534139.237900,26668,91632.39,15046210.342500,0
1747670400000,164.0900,164.3000,162.7200,162.7900,400710.81,1747671299999,65465456.538500,42339,167339.26,27341533.975500,0
1747671300000,162.7900,164.7700,162.6700,164.7400,431125.35,1747672199999,70607365.655400,43126,257343.21,42156069.730300,0
1747672200000,164.7400,164.8200,163.7100,164.3800,273512.68,1747673099999,44905360.116700,28301,111611.53,18323466.472500,0
1747673100000,164.3700,165.6700,164.0800,165.6400,340981.71,1747673999999,56299964.979150,39733,203948.43,33675731.309650,0
1747674000000,165.6400,167.3000,165.5000,165.5800,750942.14,1747674899999,124952979.366640,76892,388463.61,64645045.598640,0
1747674900000,165.5800,166.5000,164.8800,166.1600,445498.90,1747675799999,73855414.211170,51105,189452.62,31413804.752500,0
1747675800000,166.1600,166.4300,165.1400,165.6400,303228.22,1747676699999,50281369.319500,37344,110080.40,18259537.652100,0
1747676700000,165.6500,165.9800,165.2800,165.4300,167095.77,1747677599999,27682229.760500,27140,80738.23,13375768.825800,0
1747677600000,165.4200,165.9700,165.0700,165.1100,275304.91,1747678499999,45570451.756600,31395,122429.19,20267044.225800,0
1747678500000,165.1200,165.2900,164.3700,164.6500,275144.68,1747679399999,45311005.040480,28786,111229.53,18317777.352600,0
1747679400000,164.6600,165.3000,163.3700,165.0200,392594.11,1747680299999,64461564.305630,44918,176797.99,29034922.812850,0
1747680300000,165.0200,165.2700,164.4600,164.7400,134030.42,1747681199999,22085861.435900,25459,54997.03,9064509.523400,0
1747681200000,164.7500,165.1000,164.2800,164.9700,148932.24,1747682099999,24531201.279400,21872,85681.87,14115801.980300,0
1747682100000,164.9700,165.4900,164.6300,164.7700,153217.92,1747682999999,25299290.138500,20632,80235.74,13249636.911500,0
1747683000000,164.7700,166.7100,164.7700,166.0200,296748.03,1747683899999,49246084.934570,35243,198480.05,32931357.567670,0
1747683900000,166.0300,166.8500,165.9700,166.5400,181442.54,1747684799999,30199274.439550,24471,112954.02,18799771.334550,0
1747684800000,166.5400,166.9900,165.8700,166.1800,227285.43,1747685699999,37832908.212100,28628,113967.99,18975724.804500,0
1747685700000,166.1700,167.7300,166.1100,167.1200,286979.17,1747686599999,47963690.172280,29509,172447.80,28822103.667680,0
1747686600000,167.1100,167.1200,165.8900,166.0200,203745.26,1747687499999,33908583.914820,24128,83749.08,13941166.422600,0
1747687500000,166.0100,166.4900,165.5100,165.8400,209773.44,1747688399999,34815207.020100,23888,89274.67,14823106.909900,0
1747688400000,165.8500,165.9300,165.3600,165.9000,121352.32,1747689299999,20107450.317900,18673,57128.83,9466766.928200,0
1747689300000,165.9000,165.9500,165.2000,165.2600,106780.16,1747690199999,17677783.636000,19780,49640.44,8218960.932800,0
1747690200000,165.2700,165.9400,165.2700,165.8700,95767.39,1747691099999,15862036.603500,14016,57904.35,9590200.684400,0
1747691100000,165.8600,166.6900,165.8500,166.6000,85604.64,1747691999999,14239318.604900,19475,51415.16,8551291.232100,0
1747692000000,166.5900,166.5900,165.9300,166.0800,112218.29,1747692899999,18656437.686600,17814,47057.39,7823729.132400,0
1747692900000,166.0800,166.1000,165.0500,165.1600,156450.45,1747693799999,25898283.391670,19294,61514.74,10183231.613000,0
1747693800000,165.1600,165.7600,165.1500,165.7300,79721.10,1747694699999,13192983.561600,18828,34363.98,5686682.219600,0
1747694700000,165.7300,165.9800,165.6300,165.7200,58503.12,1747695599999,9700960.353700,10974,26834.16,4449755.723900,0
1747695600000,165.7300,166.5700,165.6000,166.2600,143281.28,1747696499999,23822880.846900,22043,72487.51,12051370.377800,0
1747696500000,166.2600,166.4900,166.1600,166.1700,80723.43,1747697399999,13426284.283800,10728,42011.18,6988981.909600,0
1747697400000,166.1700,166.8600,166.1300,166.8000,86511.80,1747698299999,14416396.262950,15942,43929.86,7320743.910150,0
1747698300000,166.7900,166.9400,166.6800,166.7600,59860.05,1747699199999,9985832.300700,10755,26906.67,4489116.193500,0
1747699200000,166.7600,167.9000,166.6700,167.7900,229597.57,1747700099999,38418980.561580,32001,120521.22,20175460.252580,0
1747700100000,167.7900,169.4000,167.4200,167.5100,586353.31,1747700999999,98784797.211360,72423,295967.55,49869069.690980,0
1747701000000,167.5100,168.4500,167.2300,167.3800,349809.70,1747701899999,58680983.958900,45833,178704.07,29977686.767800,0
1747701900000,167.3700,167.6200,166.6800,167.0200,221569.96,1747702799999,37018567.146050,29777,96756.23,16167155.148600,0
1747702800000,167.0100,168.3300,166.8500,167.6800,204465.06,1747703699999,34289849.306300,31947,111568.60,18713931.708000,0
1747703700000,167.6800,168.5000,167.3300,168.3200,136047.15,1747704599999,22861640.139530,26898,71135.34,11954161.325130,0
1747704600000,168.3100,170.3900,168.2700,169.7000,407336.44,1747705499999,69087447.889040,59725,253895.04,43055661.167140,0
1747705500000,169.7000,170.6600,169.1500,169.8400,238764.21,1747706399999,40562419.723800,36607,119708.13,20339873.738000,0
1747706400000,169.8500,171.6000,169.8500,171.4600,374441.52,1747707299999,64015807.824340,54609,195207.47,33369233.863160,0
1747707300000,171.4500,173.0600,171.4100,171.4600,608771.26,1747708199999,104855672.984070,76047,297159.76,51199100.304010,0
1747708200000,171.4700,172.1400,170.7900,170.8500,469961.98,1747709099999,80582654.183300,57300,189981.83,32591264.763900,0
1747709100000,170.8500,171.0200,170.2200,170.5500,364733.98,1747709999999,62235876.914440,42426,186270.69,31786356.332400,0
1747710000000,170.5600,170.7800,169.2200,169.4900,421276.66,1747710899999,71582307.868800,54143,175997.12,29910084.787200,0
1747710900000,169.4900,170.0800,169.1200,169.7300,239127.43,1747711799999,40550345.526600,34293,121595.53,20623522.234500,0
1747711800000,169.7300,169.7800,168.5100,168.6100,258850.85,1747712699999,43717474.808500,42552,120525.37,20352956.428200,0
1747712700000,168.6200,169.2200,168.2300,169.1300,194613.05,1747713599999,32840131.817740,25029,112752.09,19031740.939100,0
1747713600000,169.1400,169.4100,168.4000,168.8100,191605.51,1747714499999,32347985.559000,26828,81930.03,13835002.037500,0
1747714500000,168.8100,169.2200,168.3900,168.8600,176267.71,1747715399999,29760899.614600,23995,78028.09,13177175.758100,0
1747715400000,168.8600,169.5800,168.7000,169.2900,122587.94,1747716299999,20745168.847300,19636,70174.15,11874925.197400,0
1747716300000,169.2800,170.5500,169.2400,169.9400,282558.03,1747717199999,48025300.747240,40460,137874.21,23432600.981440,0
1747717200000,169.9400,170.5900,169.7600,170.3500,143017.28,1747718099999,24332778.793900,22281,79184.07,13473834.726100,0
1747718100000,170.3500,170.5600,169.9300,169.9900,95250.66,1747718999999,16215144.277600,16464,40151.14,6836199.772500,0
1747719000000,169.9900,170.0700,169.4000,169.4800,134081.14,1747719899999,22749346.889600,20910,59332.59,10066824.878300,0
1747719900000,169.4800,169.7600,169.1600,169.2000,69233.52,1747720799999,11733602.468300,14469,29864.37,5062284.044400,0
1747720800000,169.2000,169.5500,168.2300,168.2700,322009.22,1747721699999,54314896.328230,39331,107939.22,18210370.014600,0
1747721700000,168.2600,168.7800,167.5000,168.0900,278512.55,1747722599999,46834239.842130,33434,117900.66,19837647.908600,0
1747722600000,168.0800,168.4200,167.8200,168.3300,100155.46,1747723499999,16848046.466800,18099,54390.96,9150210.119600,0
1747723500000,168.3300,168.6900,168.2500,168.3000,92171.67,1747724399999,15532813.992100,16703,45033.19,7589779.192900,0
1747724400000,168.3000,168.4200,167.2000,168.2500,226323.60,1747725299999,38021277.662000,32750,99038.73,16640990.860400,0
1747725300000,168.2600,168.3400,167.4900,167.9300,156365.75,1747726199999,26242454.051800,23333,73876.33,12401039.916900,0
1747726200000,167.9400,168.1300,167.2400,167.4600,155515.40,1747727099999,26059097.173900,22261,56537.44,9476277.272700,0
1747727100000,167.4600,167.7000,166.9800,167.2700,167633.33,1747727999999,28050137.638500,27686,85085.23,14238856.164400,0
1747728000000,167.2700,168.0000,166.1300,166.4100,298851.45,1747728899999,49921091.581740,31999,132982.79,22238637.886400,0
1747728900000,166.4200,166.9100,166.2500,166.6000,193631.91,1747729799999,32260503.768200,23984,114332.79,19051486.273600,0
1747729800000,166.6100,167.4500,166.4800,167.4000,177783.49,1747730699999,29681737.077700,22040,94303.16,15746699.631300,0
1747730700000,167.4100,167.7000,167.2000,167.6800,131127.66,1747731599999,21959564.015980,16546,63120.49,10572495.805180,0
1747731600000,167.6800,168.0700,167.5000,167.5800,156471.22,1747732499999,26261518.245200,19623,88522.47,14858334.221400,0
1747732500000,167.5800,167.8300,167.1900,167.4400,96764.91,1747733399999,16204424.245500,16130,45086.59,7551256.023900,0
1747733400000,167.4400,167.9300,167.3400,167.6700,77328.69,1747734299999,12964766.528800,14960,46346.25,7769919.253300,0
1747734300000,167.6600,167.6700,167.0300,167.2300,70566.42,1747735199999,11809629.297200,12856,30196.91,5054085.869400,0
1747735200000,167.2300,167.5000,166.4700,167.2100,228825.14,1747736099999,38219605.117000,26144,121074.25,20225981.291300,0
1747736100000,167.2100,167.5900,166.3200,166.8300,366581.54,1747736999999,61172627.630000,37214,159385.43,26584275.018400,0
1747737000000,166.8300,166.8300,166.2100,166.6800,214739.56,1747737899999,35745563.366700,20872,93662.82,15596434.428300,0
1747737900000,166.6900,166.7400,165.4600,166.2700,293730.80,1747738799999,48772935.546230,34401,136517.59,22662726.360000,0
1747738800000,166.2800,166.4800,165.4000,165.6100,181431.87,1747739699999,30076321.476000,23448,79938.23,13253647.912700,0
1747739700000,165.6100,166.1000,165.1300,166.0100,190633.32,1747740599999,31554463.820270,26304,98227.70,16265603.557400,0
1747740600000,166.0000,166.7000,165.9900,166.5900,127520.02,1747741499999,21224972.341500,19212,72831.95,12122742.492100,0
1747741500000,166.5800,166.6300,166.1000,166.3800,92908.80,1747742399999,15452441.732500,13841,38068.52,6331659.628800,0
1747742400000,166.3800,166.3900,165.7800,166.2000,154994.49,1747743299999,25734936.206500,18662,87748.21,14568560.422600,0
1747743300000,166.1900,166.4500,165.4800,165.6000,145761.64,1747744199999,24170358.718600,17906,64920.06,10761604.474400,0
1747744200000,165.5900,165.7600,165.0700,165.6000,182256.20,1747745099999,30137713.397900,23636,76103.72,12584332.515100,0
1747745100000,165.6000,166.1700,165.3000,165.9700,119150.68,1747745999999,19753264.341800,19305,73182.33,12134658.907700,0
1747746000000,165.9700,166.5200,165.8000,165.8100,201641.14,1747746899999,33510446.354700,21679,115714.71,19235080.533000,0
1747746900000,165.8100,166.3900,165.7500,166.0800,110911.59,1747747799999,18416362.175500,17949,53249.70,8842614.192500,0
1747747800000,166.0700,166.3000,165.1400,165.4700,378631.94,1747748699999,62768573.319000,41196,146215.08,24234311.024000,0
1747748700000,165.4700,165.9100,164.7100,165.2700,372332.47,1747749599999,61548114.630780,45056,188106.09,31107803.813700,0
1747749600000,165.2700,165.3200,164.4900,164.6300,372127.74,1747750499999,61345333.054300,41340,193509.29,31904265.729700,0
1747750500000,164.6200,166.2900,164.4000,165.5200,416522.93,1747751399999,68990329.853890,37808,251882.39,41725355.987390,0
1747751400000,165.5200,166.1800,165.2500,166.1100,189859.19,1747752299999,31473562.554800,28575,112691.27,18684690.668200,0
1747752300000,166.1100,166.6400,165.5000,165.5100,204926.77,1747753199999,34031437.433000,25917,103150.74,17134143.594900,0
1747753200000,165.5100,166.1900,165.4200,165.9700,168838.47,1747754099999,28002507.903000,24389,104475.56,17327846.656000,0
1747754100000,165.9800,166.6300,165.6400,166.6300,125604.42,1747754999999,20871913.441400,22371,69984.39,11633088.586300,0
1747755000000,166.6300,167.2800,166.3200,166.4200,383365.64,1747755899999,63957430.187050,46945,184223.58,30739635.020750,0
1747755900000,166.4200,166.8800,166.2100,166.5300,151602.97,1747756799999,25245472.882400,22647,79401.14,13221948.058600,0
1747756800000,166.5300,167.0600,165.8100,165.8700,247113.88,1747757699999,41114399.521700,29944,106379.40,17703763.365000,0
1747757700000,165.8700,166.6100,165.6200,165.6300,230760.72,1747758599999,38305243.074800,29951,105099.06,17448206.264600,0
1747758600000,165.6200,166.3100,165.5000,165.8200,209689.31,1747759499999,34774525.352500,34814,100803.01,16719639.684900,0
1747759500000,165.8200,166.0100,165.0900,165.4400,132034.34,1747760399999,21855783.162770,20164,64961.80,10753828.679900,0
1747760400000,165.4400,167.1500,165.3300,166.9400,327839.65,1747761299999,54580440.033900,43249,177212.85,29516055.973000,0
1747761300000,166.9300,167.2900,166.6900,167.2000,171708.79,1747762199999,28673219.394800,26505,91617.80,15299716.210300,0
1747762200000,167.1900,167.6800,166.9100,167.6400,168271.69,1747763099999,28144083.442780,25354,105342.61,17622115.019080,0
1747763100000,167.6400,168.2200,167.5500,167.8000,239894.93,1747763999999,40278978.178750,28199,128723.69,21613711.701750,0
1747764000000,167.8000,167.8800,167.1900,167.5100,337466.40,1747764899999,56529416.645300,30630,127067.46,21282412.570100,0
1747764900000,167.5000,167.6600,165.5800,165.8600,322439.44,1747765799999,53673110.051890,43016,128784.94,21433133.392300,0
1747765800000,165.8600,166.5500,165.3700,166.0700,243851.61,1747766699999,40487065.029100,34141,127967.51,21249353.380500,0
1747766700000,166.0700,166.0900,164.4500,164.8200,552262.33,1747767599999,91152724.113050,53910,177350.71,29268576.651800,0
1747767600000,164.8100,165.7300,164.4800,165.6900,252569.36,1747768499999,41711722.738400,31061,150950.98,24932785.622000,0
1747768500000,165.6800,166.8100,165.4000,166.6900,200615.72,1747769399999,33342563.104040,27482,117458.39,19521768.384840,0
1747769400000,166.7000,167.2600,166.6100,166.9500,178233.57,1747770299999,29759131.265400,30085,82963.24,13853223.521200,0
1747770300000,166.9500,169.0900,166.9300,168.1100,499301.29,1747771199999,83927741.644460,56166,289332.85,48631618.714260,0
1747771200000,168.1200,168.2200,167.0400,167.3200,443201.55,1747772099999,74283480.664680,43302,192235.27,32225404.742500,0
1747772100000,167.3200,167.9200,166.8100,167.7400,208455.05,1747772999999,34908460.415500,32595,100607.26,16850741.263300,0
1747773000000,167.7300,168.7300,167.6900,167.9700,206792.88,1747773899999,34755521.692600,26659,103249.69,17360757.665700,0
1747773900000,167.9700,169.1900,167.9700,168.4200,307883.24,1747774799999,51925123.543800,40817,157309.74,26530748.732800,0
1747774800000,168.4200,169.3300,167.7000,167.8600,359826.04,1747775699999,60677513.226500,42803,171799.11,28995815.045800,0
1747775700000,167.8700,168.4800,167.2200,167.2600,149195.05,1747776599999,25067359.375080,24295,63755.29,10716808.588200,0
1747776600000,167.2700,167.9800,166.7900,167.7600,179705.28,1747777499999,30085274.557000,27899,92034.84,15415286.535700,0
1747777500000,167.7600,168.4300,167.7300,168.0100,61134.99,1747778399999,10274598.311700,14848,31149.14,5235334.259700,0
1747778400000,168.0000,168.4000,166.9300,167.0800,138388.34,1747779299999,23169718.924900,26076,63249.96,10588839.273400,0
1747779300000,167.0800,167.1200,166.1700,166.8900,194358.04,1747780199999,32378171.494740,30764,93420.85,15564923.276600,0
1747780200000,166.8800,167.3400,166.4200,167.3000,86046.25,1747781099999,14357370.899400,17079,47674.88,7957792.906800,0
1747781100000,167.2900,167.7900,167.1100,167.7000,112283.08,1747781999999,18798558.010180,18174,64587.58,10815235.355380,0
1747782000000,167.7000,168.4300,167.5200,168.3900,138342.11,1747782899999,23245599.541530,21907,78018.66,13110399.188730,0
1747782900000,168.3900,169.1400,168.3600,168.7800,224930.21,1747783799999,37972866.291800,35254,106528.55,17985439.692900,0
1747783800000,168.7900,169.0400,168.0000,168.0900,123461.03,1747784699999,20793037.181900,22807,52310.16,8811583.831200,0
1747784700000,168.0900,168.6200,167.7700,168.5100,102636.32,1747785599999,17269950.062400,16663,56200.17,9457426.608100,0
1747785600000,168.5100,168.9400,168.1600,168.8300,190343.74,1747786499999,32083330.477900,29433,84649.29,14268617.297300,0
1747786500000,168.8300,169.0500,167.8000,168.2000,167752.94,1747787399999,28247154.852300,27477,84227.83,14181219.353700,0
1747787400000,168.2000,168.8000,167.4800,167.8400,160766.71,1747788299999,27006312.865380,26373,78372.93,13164373.494400,0
1747788300000,167.8400,168.6000,167.7700,168.0300,94272.29,1747789199999,15844569.024100,19038,45130.44,7583568.156300,0
1747789200000,168.0300,169.0600,167.7500,168.5300,167794.26,1747790099999,28267876.791100,25976,87731.70,14780894.135300,0
1747790100000,168.5300,168.6400,167.8300,168.2500,80296.08,1747790999999,13505157.755200,17026,35896.10,6038502.220100,0
1747791000000,168.2600,169.1000,168.1800,168.8500,165335.31,1747791899999,27908542.174400,21656,92783.15,15660437.782300,0
1747791900000,168.8500,168.9800,168.1200,168.3400,129494.64,1747792799999,21826352.544600,17420,41967.83,7075592.352400,0
1747792800000,168.3300,168.5000,166.7400,167.4000,486054.36,1747793699999,81373426.296630,49381,205308.53,34361304.047800,0
1747793700000,167.3900,167.7000,166.7100,167.3800,179382.24,1747794599999,29982049.037200,25303,87604.92,14645717.910300,0
1747794600000,167.3800,168.8000,167.2000,168.4900,256191.88,1747795499999,43061967.324630,35870,122477.92,20595856.100330,0
1747795500000,168.4800,168.8900,168.1900,168.7100,117888.45,1747796399999,19880828.484900,19507,54058.84,9116245.404200,0
1747796400000,168.7100,169.7500,168.5600,169.6900,243958.75,1747797299999,41264560.829800,29648,164524.13,27836204.428300,0
1747797300000,169.6900,170.0000,169.1700,169.9200,260234.82,1747798199999,44149936.840600,32545,155094.19,26317778.116000,0
1747798200000,169.9200,170.4000,169.7300,170.0200,315883.73,1747799099999,53739084.060940,35009,173647.47,29543904.215640,0
1747799100000,170.0200,170.8700,169.7500,169.9100,175732.79,1747799999999,29929875.901900,26236,89008.04,15163590.057700,0
1747800000000,169.9100,170.7700,169.6400,169.8600,233308.41,1747800899999,39708670.977700,30540,111869.31,19045166.798500,0
1747800900000,169.8500,169.9400,169.1300,169.4400,187914.69,1747801799999,31861453.926900,26081,63069.35,10693780.027000,0
1747801800000,169.4300,171.3200,169.0100,170.9300,359701.20,1747802699999,61352717.245520,49731,196838.56,33580797.715120,0
1747802700000,170.9400,171.0700,170.0100,170.2100,267394.93,1747803599999,45574746.511300,29508,126738.15,21598710.887700,0
1747803600000,170.2100,170.8200,170.1700,170.4900,253876.20,1747804499999,43283333.451900,32361,112778.53,19226783.989200,0
1747804500000,170.5000,171.7000,170.4800,171.0800,301319.22,1747805399999,51580858.562400,37947,138023.27,23632972.772400,0
1747805400000,171.0700,171.6800,170.7000,170.8500,189041.90,1747806299999,32363752.473500,26769,81319.32,13918693.201000,0
1747806300000,170.8600,171.0400,170.3200,170.5900,165170.15,1747807199999,28192219.455200,25369,77491.31,13227549.551400,0
1747807200000,170.6000,171.3100,169.7500,170.1500,336890.86,1747808099999,57410445.985640,34527,162426.67,27691854.281500,0
1747808100000,170.1500,171.4100,169.6800,171.1500,236474.69,1747808999999,40343513.715500,29426,129068.79,22026268.012800,0
1747809000000,171.1600,171.5600,170.5400,171.2000,196048.70,1747809899999,33534807.746840,29953,93664.87,16023779.556140,0
1747809900000,171.2000,171.3400,170.8300,170.9200,162837.29,1747810799999,27856828.543100,20036,58766.77,10052503.219400,0
1747810800000,170.9300,171.3000,169.8800,169.9100,269095.90,1747811699999,45886274.220500,32944,88188.52,15039876.186500,0
1747811700000,169.9000,169.9500,168.2500,168.8400,531416.48,1747812599999,89809787.199230,60009,245856.12,41564656.364900,0
1747812600000,168.8400,169.2300,168.2300,168.5000,336382.19,1747813499999,56725269.378800,41029,163406.28,27557676.302700,0
1747813500000,168.5000,169.0600,168.2100,168.7500,175164.11,1747814399999,29542945.395900,26841,96638.69,16297004.816300,0
1747814400000,168.7600,169.4600,168.7000,169.2400,148421.69,1747815299999,25088765.900500,23819,75888.44,12828112.282500,0
1747815300000,169.2500,169.2800,168.3700,168.6500,137105.70,1747816199999,23124303.139200,22961,57214.45,9650180.793100,0
1747816200000,168.6600,168.8300,168.3100,168.5100,113854.96,1747817099999,19191645.881200,22141,57094.34,9624474.229700,0
1747817100000,168.5200,168.6400,168.0000,168.0100,115173.65,1747817999999,19384254.532150,18203,43865.01,7383724.618700,0
1747818000000,168.0100,168.5100,167.5400,167.9500,237309.93,1747818899999,39865633.635780,30620,107241.60,18019217.279900,0
1747818900000,167.9500,168.1500,167.5700,167.8900,89297.98,1747819799999,14990921.921100,17685,43335.24,7275450.549700,0
1747819800000,167.8900,168.2200,167.2900,167.3700,139264.60,1747820699999,23362873.612200,23234,54150.38,9086014.967900,0
1747820700000,167.3700,167.7800,167.2800,167.6800,150933.20,1747821599999,25285989.205400,20163,65581.64,10988014.008500,0
1747821600000,167.6700,168.1900,167.4100,168.1200,194833.84,1747822499999,32708933.611000,21431,109597.34,18395317.499400,0
1747822500000,168.1300,168.2000,167.6400,167.9000,107854.06,1747823399999,18111475.888800,14937,42661.33,7162882.626500,0
1747823400000,167.8900,168.5400,167.8800,168.3800,125202.57,1747824299999,21070181.922100,17303,76313.07,12841841.828900,0
1747824300000,168.3900,168.3900,167.9300,168.0800,76466.47,1747825199999,12857293.732700,11369,35421.53,5955566.416600,0
1747825200000,168.0700,168.9200,167.9100,168.7600,181850.05,1747826099999,30650258.924900,20128,108476.63,18282477.492900,0
1747826100000,168.7700,169.3900,168.6900,169.3300,163099.44,1747826999999,27587685.405800,20637,99006.88,16745989.306100,0
1747827000000,169.3300,169.6000,168.9300,169.5000,132828.46,1747827899999,22478923.882300,16432,63057.16,10676366.413600,0
1747827900000,169.4900,169.5000,168.9900,169.2600,169545.61,1747828799999,28694843.072700,17218,64340.53,10888327.781300,0
1747828800000,169.2700,169.3400,168.6100,168.9700,163677.39,1747829699999,27652855.313900,20573,75796.51,12805029.783800,0
1747829700000,168.9800,170.2200,168.9700,169.9800,238341.68,1747830599999,40461174.077500,30911,116607.64,19791747.820700,0
1747830600000,169.9800,169.9800,169.3300,169.5200,99224.61,1747831499999,16833289.026900,16256,42940.81,7284227.578300,0
1747831500000,169.5300,169.5500,168.9300,169.2900,71634.15,1747832399999,12120708.484800,13260,33399.24,5652036.126700,0
1747832400000,169.2900,169.4900,168.4500,168.6600,144670.58,1747833299999,24433808.637500,20036,78726.59,13298423.693600,0
1747833300000,168.6600,168.8300,168.1700,168.5600,154087.53,1747834199999,25968485.949230,21540,57245.61,9650387.723500,0
1747834200000,168.5700,169.9800,168.5700,169.8700,269764.84,1747835099999,45674355.331700,37122,163825.81,27733576.127000,0
1747835100000,169.8800,170.3200,169.3100,169.4100,286385.53,1747835999999,48649206.186440,36384,150702.27,25601310.250840,0
1747836000000,169.4100,169.9600,169.1200,169.3200,255332.51,1747836899999,43262924.452100,36377,130248.67,22070886.598600,0
1747836900000,169.3200,170.5800,169.2000,169.7500,323262.15,1747837799999,54987373.078100,33236,135075.76,22974076.489000,0
1747837800000,169.7400,170.7800,168.9300,170.6400,282177.83,1747838699999,47937481.337400,35704,153597.18,26100183.469700,0
1747838700000,170.6400,172.7400,170.3500,172.7200,910886.91,1747839599999,156452966.671220,86815,416591.65,71565358.607720,0
1747839600000,172.7200,173.6600,171.3800,172.0200,1006969.37,1747840499999,173822909.771830,102234,481021.08,83058048.364230,0
1747840500000,172.0300,173.3600,172.0300,172.6300,444087.73,1747841399999,76647370.430400,53576,209622.92,36184673.138900,0
1747841400000,172.6200,173.2500,171.1600,172.0500,634168.57,1747842299999,108976578.864900,67725,273920.04,47072471.330600,0
1747842300000,172.0500,172.8400,171.5400,172.1200,262430.72,1747843199999,45166469.837100,33968,141279.33,24321246.387200,0
1747843200000,172.1200,172.4700,171.2900,172.0200,326394.21,1747844099999,56043911.478200,36184,138091.56,23714612.462200,0
1747844100000,172.0300,172.7700,171.8400,172.3700,363076.85,1747844999999,62538846.933800,38910,191622.79,33004623.816100,0
1747845000000,172.3800,174.8400,172.3800,174.7400,602146.48,1747845899999,104654506.662310,75131,310964.38,54044187.426510,0
1747845900000,174.7200,174.9100,172.9500,173.1500,593466.77,1747846799999,103369195.218020,62152,245954.82,42850299.982800,0
1747846800000,173.1400,173.9400,172.2700,172.9400,511653.09,1747847699999,88600363.313700,61812,263843.53,45682280.914900,0
1747847700000,172.9400,173.0400,166.3800,167.0600,2250206.80,1747848599999,379965934.285470,192111,1051899.88,177558874.123100,0
1747848600000,167.0600,168.5300,165.3400,166.9000,4281040.76,1747849499999,717025641.685090,253232,2200515.51,368498104.946010,0
1747849500000,166.8900,168.1800,165.8600,167.0200,1151650.94,1747850399999,192441585.400590,107042,563063.24,94087838.899600,0
1747850400000,167.0300,168.3500,166.1800,167.6300,698277.08,1747851299999,116881101.053010,71673,397738.43,66590575.835210,0
1747851300000,167.6400,168.1200,166.6500,166.8600,390485.90,1747852199999,65318863.185950,46732,189389.10,31697940.346500,0
1747852200000,166.8600,168.9000,166.8000,168.7500,427854.73,1747853099999,71815103.014930,46688,252660.00,42417285.714830,0
1747853100000,168.7400,169.5400,167.7200,167.7700,578447.04,1747853999999,97537205.801800,67211,260274.21,43916576.601800,0
1747854000000,167.7800,168.6800,167.1200,167.7900,281097.73,1747854899999,47157428.005080,41643,142486.39,23914790.101100,0
1747854900000,167.7900,168.1500,167.2800,168.1300,161454.13,1747855799999,27073906.296500,32499,92164.95,15455268.170700,0
1747855800000,168.1300,170.5100,168.0900,170.0800,522456.42,1747856699999,88589858.656540,59474,310269.76,52581670.484040,0
1747856700000,170.0900,171.4700,169.8300,171.0800,399661.15,1747857599999,68230495.096220,54083,186613.48,31867426.314320,0
1747857600000,171.0700,171.2800,169.9500,170.2100,283544.15,1747858499999,48386516.570800,36197,114881.76,19610032.085500,0
1747858500000,170.2000,170.9300,170.1500,170.3800,134307.02,1747859399999,22904529.661400,22342,65983.07,11253610.193300,0
1747859400000,170.3800,170.9100,170.0100,170.0800,203053.55,1747860299999,34616101.468100,30387,71862.09,12254467.077300,0
1747860300000,170.0700,170.1000,169.0800,169.6200,318364.43,1747861199999,53987486.060900,36431,122707.26,20816145.074800,0
1747861200000,169.6300,170.3800,169.0200,170.1200,153385.88,1747862099999,26051977.119500,23192,83406.63,14167313.709500,0
1747862100000,170.1100,170.1100,169.5600,169.5800,80334.32,1747862999999,13640309.643400,13249,38379.28,6516398.261700,0
1747863000000,169.5800,170.4800,169.5700,170.2300,49060.59,1747863899999,8338781.992200,10844,30170.70,5127497.524700,0
1747863900000,170.2300,170.7200,169.9200,170.0400,59744.88,1747864799999,10176886.818400,17061,32383.23,5516566.878000,0
1747864800000,170.0500,170.3300,169.6500,169.8500,103995.42,1747865699999,17685177.989000,18420,47897.69,8144891.889900,0
1747865700000,169.8500,171.0100,169.8000,170.9900,156260.31,1747866599999,26642363.460300,20510,106240.71,18113905.530400,0
1747866600000,170.9800,171.5700,170.7200,171.2600,186828.71,1747867499999,31985021.906040,25049,106422.61,18221853.665340,0
1747867500000,171.2500,172.2100,170.9000,171.6300,303319.50,1747868399999,52022476.597760,39424,167427.10,28718439.628960,0
1747868400000,171.6300,172.1100,171.0800,172.0300,206929.07,1747869299999,35477735.566600,30916,92378.25,15839994.326500,0
1747869300000,172.0300,175.9200,171.8300,173.9300,1158670.20,1747870199999,201738813.190710,119946,578864.75,100730338.519920,0
1747870200000,173.9300,175.0600,173.6200,173.7400,613751.77,1747871099999,106999099.935900,75798,262072.61,45692554.881300,0
1747871100000,173.7500,174.1300,173.0700,173.5000,290997.31,1747871999999,50537113.451380,42565,136029.85,23627097.008900,0
1747872000000,173.5000,174.5000,173.2300,173.8500,433164.27,1747872899999,75324174.276500,55732,214668.01,37333635.845900,0
1747872900000,173.8500,174.3500,173.4000,173.7200,212660.13,1747873799999,36988412.814200,32873,114489.70,19914529.117200,0
1747873800000,173.7200,174.6300,173.4900,173.7300,410414.87,1747874699999,71418679.337700,53876,231520.53,40293042.246200,0
1747874700000,173.7300,174.9400,173.4200,174.8700,312832.71,1747875599999,54500858.647920,41847,194879.29,33956624.935920,0
1747875600000,174.8800,175.7400,174.6500,175.0600,380262.50,1747876499999,66625451.095100,50743,198784.13,34833588.717800,0
1747876500000,175.0700,175.4600,173.9500,174.4700,238046.21,1747877399999,41563256.615800,34625,98551.21,17208435.740000,0
1747877400000,174.4600,174.8300,172.8000,173.1100,391933.71,1747878299999,68034008.030520,48830,167556.99,29088668.610700,0
1747878300000,173.1100,173.5600,172.4000,173.1900,217549.85,1747879199999,37623655.698700,28735,106182.00,18368575.119800,0
1747879200000,173.1800,173.8200,173.0500,173.4300,166229.93,1747880099999,28822666.758400,28020,89489.43,15516948.313000,0
1747880100000,173.4400,174.5200,173.1600,174.0400,210372.11,1747880999999,36571833.316840,34394,117104.70,20356202.895840,0
1747881000000,174.0300,174.8500,173.8200,174.1500,227340.10,1747881899999,39652444.279120,32907,126719.16,22104156.338520,0
1747881900000,174.1400,174.5900,174.0700,174.3700,139656.16,1747882799999,24351026.696900,23571,61987.64,10808044.408800,0
1747882800000,174.3800,174.4200,173.8000,174.0600,93296.36,1747883699999,16246720.951200,19836,43488.63,7573446.846400,0
1747883700000,174.0700,174.9700,173.9400,174.9700,127775.14,1747884599999,22293434.203500,23388,73320.78,12794980.904000,0
1747884600000,174.9600,175.9200,174.8700,175.6900,309549.65,1747885499999,54284986.852000,39846,167811.54,29428924.837700,0
1747885500000,175.6900,177.4800,175.6900,176.7800,1073931.86,1747886399999,189859627.787800,97585,561099.61,99168808.957300,0
1747886400000,176.7700,177.3700,175.9000,175.9400,1139772.89,1747887299999,201199557.151200,89332,554228.65,97845765.048100,0
1747887300000,175.9400,176.8400,175.7400,176.2900,233376.45,1747888199999,41096746.701800,31751,113011.53,19904115.605600,0
1747888200000,176.2800,177.1500,176.1500,177.1400,219773.09,1747889099999,38801677.023600,29219,111537.60,19693373.482300,0
1747889100000,177.1400,177.2400,176.3100,176.8300,142827.46,1747889999999,25245358.582700,22060,67856.93,11992987.862800,0
1747890000000,176.8300,177.2200,176.3600,176.6700,167759.43,1747890899999,29658533.599100,24562,69372.35,12265300.912800,0
1747890900000,176.6600,177.7700,176.4900,177.3700,259518.44,1747891799999,45992384.953360,30918,155153.72,27500302.075760,0
1747891800000,177.3700,177.3700,176.5300,176.9100,175108.81,1747892699999,30971001.650600,26133,71772.51,12693099.324000,0
1747892700000,176.9100,177.2000,175.6100,175.8200,342961.91,1747893599999,60470487.076100,41111,147617.77,26026621.067300,0
1747893600000,175.8200,176.5200,175.6900,176.0400,241043.61,1747894499999,42437179.475900,30747,121257.03,21349553.389800,0
1747894500000,176.0400,176.0400,175.1900,175.7000,297920.55,1747895399999,52299697.955500,33533,126838.77,22270597.563800,0
1747895400000,175.6900,176.1800,175.3100,176.1800,125052.41,1747896299999,21980975.786700,23333,72617.57,12767160.508100,0
1747896300000,176.1700,176.4400,175.5000,175.8200,191905.02,1747897199999,33765896.477800,25953,83764.54,14742834.362600,0
1747897200000,175.8200,177.1100,175.4300,177.0800,245543.41,1747898099999,43304534.906500,33525,149987.98,26463661.859300,0
1747898100000,177.0900,177.6200,176.0900,176.4100,316686.60,1747898999999,55997828.114360,36387,125149.90,22138739.808360,0
1747899000000,176.4000,178.7500,176.2400,178.2200,529319.74,1747899899999,94145531.698130,57497,346250.00,61579232.940930,0
1747899900000,178.2100,178.6900,177.9300,178.4600,276011.91,1747900799999,49221241.785400,32074,138613.86,24722941.807800,0
1747900800000,178.4600,178.8400,177.9500,178.5000,224591.95,1747901699999,40051370.351300,31334,120422.00,21478145.724900,0
1747901700000,178.5000,179.2900,178.2600,178.7100,392077.81,1747902599999,70146671.117100,50245,167296.53,29934224.929000,0
1747902600000,178.7100,179.6300,178.4100,179.2700,472353.19,1747903499999,84616526.036020,47466,209306.08,37495510.821020,0
1747903500000,179.2700,179.7900,178.8900,179.7400,388415.17,1747904399999,69636532.491400,38876,178593.74,32027510.734800,0
1747904400000,179.7400,180.8200,179.2500,180.1200,622094.31,1747905299999,112069707.692690,66356,327273.75,58958270.740490,0
1747905300000,180.1300,180.2900,179.5800,179.9800,271559.39,1747906199999,48878228.693400,35367,127399.40,22934446.420800,0
1747906200000,179.9900,180.1300,179.3000,179.6800,335871.71,1747907099999,60326842.848900,33459,140807.66,25295372.506900,0
1747907100000,179.6700,180.1500,179.0900,179.6400,310826.98,1747907999999,55795542.909600,40624,158539.23,28452187.697500,0
1747908000000,179.6300,179.7500,178.4000,178.7300,370764.11,1747908899999,66331534.880270,41120,147901.65,26460709.499500,0
1747908900000,178.7300,179.0400,178.3800,178.9100,166860.65,1747909799999,29830062.037500,24994,94949.46,16974747.845100,0
1747909800000,178.9200,179.3000,178.5200,178.6900,121938.49,1747910699999,21810061.466300,22535,56793.41,10159010.752500,0
1747910700000,178.7000,178.8000,178.0000,178.1800,209254.70,1747911599999,37316227.791400,25566,74254.88,13245956.027700,0
1747911600000,178.1800,178.5500,177.6400,177.8800,227172.84,1747912499999,40438447.484460,36974,112140.09,19963154.833300,0
1747912500000,177.8800,178.1300,177.1600,177.2000,230039.53,1747913399999,40851506.344540,32577,88457.83,15711476.810000,0
1747913400000,177.2100,178.1800,177.1700,178.1500,142667.68,1747914299999,25351580.786500,23069,88754.20,15771222.820300,0
1747914300000,178.1500,178.8300,177.9200,178.0100,310434.75,1747915199999,55368784.019870,31164,179344.90,31988186.031170,0
1747915200000,178.0000,178.4800,177.4300,177.5600,250501.04,1747916099999,44601476.988500,29995,87225.76,15529413.667200,0
1747916100000,177.5500,178.2900,177.3600,177.9200,189346.24,1747916999999,33680693.303000,27149,99982.03,17787009.643300,0
1747917000000,177.9300,178.4600,177.2800,178.2000,277263.89,1747917899999,49349754.364060,35701,110005.60,19588787.121400,0
1747917900000,178.2000,178.7700,178.0500,178.5900,137523.34,1747918799999,24546747.678970,23168,75033.33,13393075.990470,0
1747918800000,178.5900,178.6300,177.0900,177.3600,285474.80,1747919699999,50710370.241460,34167,118386.69,21018707.808600,0
1747919700000,177.3700,178.3100,177.1200,178.3000,159874.74,1747920599999,28412453.808000,23295,86970.78,15459025.978000,0
1747920600000,178.3100,179.0500,176.9200,177.9100,490688.19,1747921499999,87282827.515330,63317,241579.66,42977238.071670,0
1747921500000,177.9000,178.5400,177.1300,177.1600,344399.05,1747922399999,61246514.522600,47937,149507.31,26588662.077400,0
1747922400000,177.1600,178.2300,177.0900,177.8300,256630.85,1747923299999,45617643.599800,39428,127655.21,22690689.956600,0
1747923300000,177.8300,178.7100,177.7400,178.5600,269687.80,1747924199999,48067453.454500,37229,141519.38,25225381.824100,0
1747924200000,178.5600,179.6200,178.1400,179.1200,475014.57,1747925099999,84928778.040950,53929,293985.13,52557420.755950,0
1747925100000,179.1100,179.5000,178.2300,178.7200,273472.30,1747925999999,48946561.638000,38841,123584.76,22122274.880000,0
1747926000000,178.7200,179.1100,178.4600,178.9600,133339.82,1747926899999,23840206.546700,27799,57432.64,10268404.968400,0
1747926900000,178.9600,179.3400,178.5300,179.0300,189005.24,1747927799999,33838800.040600,25711,81117.41,14523263.302000,0
1747927800000,179.0200,179.7600,178.9100,179.7100,167574.38,1747928699999,30062326.923100,27804,89557.96,16066583.429900,0
1747928700000,179.7000,179.8300,178.7100,178.9400,183359.41,1747929599999,32859731.005200,26449,87333.92,15651157.056500,0
1747929600000,178.9500,179.9900,178.9300,179.9400,182742.26,1747930499999,32796308.155300,26769,100826.60,18101984.236900,0
1747930500000,179.9400,180.3200,178.7700,178.7700,270487.36,1747931399999,48611865.883190,33053,133559.11,24007615.799290,0
1747931400000,178.7700,179.4500,178.0200,179.3200,283581.20,1747932299999,50641053.915770,33786,142875.42,25524814.390200,0
1747932300000,179.3200,179.3400,177.8400,178.2800,210173.36,1747933199999,37489630.930060,27908,96790.77,17260940.691600,0
1747933200000,178.2700,178.6400,177.8800,178.3400,108496.21,1747934099999,19350043.261000,18973,55490.60,9897287.457900,0
1747934100000,178.3500,179.7800,178.2600,179.2300,238763.10,1747934999999,42807525.704080,25529,133791.86,23983234.709380,0
1747935000000,179.2300,179.8800,179.1400,179.3300,162044.49,1747935899999,29089195.651000,22939,69791.44,12530504.191600,0
1747935900000,179.3200,179.3500,178.6700,178.9800,145791.37,1747936799999,26083512.930100,19062,71638.66,12816500.865100,0
1747936800000,178.9900,179.1100,178.4200,179.0400,126026.74,1747937699999,22535446.563300,20566,56753.78,10147311.176700,0
1747937700000,179.0300,179.6700,179.0300,179.4100,84659.20,1747938599999,15190559.391200,17146,44327.12,7952273.251400,0
1747938600000,179.4100,179.8800,179.2300,179.4800,94738.17,1747939499999,17016031.531000,18918,39621.69,7116962.689800,0
1747939500000,179.4800,179.6400,179.2300,179.2600,95510.02,1747940399999,17134848.863000,15855,50882.78,9128290.040900,0
1747940400000,179.2600,179.4500,178.3700,179.1500,190455.50,1747941299999,34061888.714800,25687,114042.76,20393145.875700,0
1747941300000,179.1600,179.1800,178.4900,178.6500,75614.36,1747942199999,13514559.091000,16174,41380.85,7395658.506300,0
1747942200000,178.6500,178.7500,177.9400,177.9500,183490.75,1747943099999,32693528.311400,23890,98258.68,17507669.099600,0
1747943100000,177.9500,178.0000,177.4400,177.7900,248072.01,1747943999999,44085955.476660,35558,121991.86,21679523.780500,0
1747944000000,177.7900,178.6100,177.5000,178.5600,216702.39,1747944899999,38583357.413800,23854,120441.33,21445471.816700,0
1747944900000,178.5700,178.6200,178.1600,178.3100,113750.92,1747945799999,20288867.356900,16480,55522.10,9902894.368300,0
1747945800000,178.3100,178.4000,177.8200,178.2500,107824.89,1747946699999,19200746.396900,16245,57172.48,10181434.942000,0
1747946700000,178.2500,178.5300,178.1400,178.4600,72555.43,1747947599999,12939364.690400,12008,36963.46,6592131.712500,0
1747947600000,178.4700,178.4700,177.8100,178.0000,74224.33,1747948499999,13217417.945300,11747,39279.62,6994609.774500,0
1747948500000,178.0100,178.2100,177.2300,177.2800,101852.29,1747949399999,18083469.044860,14618,37217.39,6609202.580600,0
1747949400000,177.2700,178.0100,177.2300,177.9200,67704.67,1747950299999,12031543.786800,11924,41345.98,7346022.952100,0
1747950300000,177.9100,178.3000,177.8500,178.0300,60302.62,1747951199999,10737077.818100,10539,34667.18,6172469.413900,0
1747951200000,178.0300,178.7900,177.9800,178.5400,167030.58,1747952099999,29806950.547970,23976,91444.53,16317452.329270,0
1747952100000,178.5400,179.0900,178.5200,178.8000,126262.65,1747952999999,22578001.832500,21449,71435.43,12772722.446200,0
1747953000000,178.8000,179.3000,178.6700,178.9400,98521.17,1747953899999,17638254.563400,16235,47036.78,8423506.835500,0
1747953900000,178.9300,178.9400,177.9400,178.0400,109758.53,1747954799999,19569876.935500,16536,45514.24,8114632.426400,0
1747954800000,178.0400,178.9500,178.0400,178.8800,111657.53,1747955699999,19930317.004900,17375,67807.83,12103375.238500,0
1747955700000,178.8800,179.2700,178.6300,179.1700,86593.71,1747956599999,15500275.600300,14906,34629.33,6198455.879800,0
1747956600000,179.1700,179.7700,179.1200,179.6300,142318.31,1747957499999,25550902.007780,19984,66440.42,11928810.923280,0
1747957500000,179.6400,179.9700,179.4400,179.6000,117738.21,1747958399999,21161926.861900,17571,44072.13,7921883.917100,0
1747958400000,179.6100,181.3500,179.2500,181.0500,375093.66,1747959299999,67615985.127380,45040,245430.34,44273340.423180,0
1747959300000,181.0600,181.8200,180.2200,180.4200,441358.10,1747960199999,79964715.339500,54129,217460.22,39407358.776600,0
1747960200000,180.4200,180.5000,179.1700,180.0500,357174.11,1747961099999,64190466.118740,39213,193508.72,34776190.832800,0
1747961100000,180.0600,181.4200,179.9000,180.6800,216622.76,1747961999999,39158756.186800,38577,115136.37,20814896.460200,0
1747962000000,180.6800,181.9600,180.2700,181.6900,287098.94,1747962899999,51998168.394400,43078,155981.19,28254940.498100,0
1747962900000,181.6900,182.7100,181.1600,182.3000,359880.62,1747963799999,65502859.401000,51500,182982.43,33311895.793600,0
1747963800000,182.3000,183.1500,181.8600,182.4000,326108.59,1747964699999,59549549.683400,47723,173675.14,31723482.310800,0
1747964700000,182.4000,183.5500,182.3100,183.0700,242129.18,1747965599999,44289141.749550,34447,135659.85,24817534.607050,0
1747965600000,183.0800,183.8900,183.0600,183.8000,338780.97,1747966499999,62178958.768400,44555,172487.61,31661325.865500,0
1747966500000,183.8000,185.0000,183.5000,184.6700,528417.82,1747967399999,97407814.066920,62776,295720.82,54525368.918420,0
1747967400000,184.6600,185.4000,183.7200,184.1500,553850.07,1747968299999,102199961.083000,60527,325453.97,60070093.901200,0
1747968300000,184.1400,184.5500,183.3800,183.7200,302864.64,1747969199999,55730239.327600,37453,119396.27,21968812.615100,0
1747969200000,183.7200,184.6100,183.6700,184.5900,162335.76,1747970099999,29867710.575400,27057,95945.02,17654554.398800,0
1747970100000,184.5900,185.3700,183.9300,184.1700,257909.33,1747970999999,47614958.696500,36682,122391.25,22598467.595200,0
1747971000000,184.1700,184.7100,183.9300,184.6500,157078.38,1747971899999,28946474.624800,27612,84859.03,15640465.466400,0
1747971900000,184.6500,185.3000,184.3300,184.9400,218417.28,1747972799999,40355692.212000,27398,94498.60,17465963.578500,0
1747972800000,184.9400,185.3000,183.8600,184.0400,224992.29,1747973699999,41526992.207300,32248,95309.91,17596067.314000,0
1747973700000,184.0300,184.1500,182.8800,183.3300,314103.31,1747974599999,57597073.417980,38481,120495.73,22097606.240400,0
1747974600000,183.3300,183.4500,181.9000,182.1300,424262.12,1747975499999,77386644.659520,51840,200363.83,36543205.183100,0
1747975500000,182.1300,182.6700,181.9800,182.5500,333913.82,1747976399999,60871232.339600,29830,218887.32,39899181.334600,0
1747976400000,182.5600,182.9900,181.9500,182.8900,184870.64,1747977299999,33756015.490700,25700,99192.96,18116666.299000,0
1747977300000,182.8900,182.9500,181.5600,181.6400,167151.79,1747978199999,30453815.192100,24306,63021.67,11484149.035500,0
1747978200000,181.6400,182.0600,181.2500,181.6200,249366.47,1747979099999,45288077.509500,32534,146903.40,26679378.762200,0
1747979100000,181.6300,181.9400,181.3300,181.8600,124141.94,1747979999999,22556720.008400,20357,70246.93,12764237.697300,0
1747980000000,181.8600,181.9800,180.7300,180.8200,226438.00,1747980899999,41045050.839200,35733,109063.05,19770092.492900,0
1747980900000,180.8200,180.8900,180.1300,180.7000,350337.58,1747981799999,63269888.987090,38180,180047.33,32515483.472000,0
1747981800000,180.7000,181.0000,180.0700,180.8800,238108.90,1747982699999,42991795.735400,31134,121262.64,21895078.475900,0
1747982700000,180.8900,180.9900,180.0000,180.7700,309286.49,1747983599999,55786017.701300,38435,150391.90,27131158.542900,0
1747983600000,180.7700,182.0600,180.7700,182.0500,255244.23,1747984499999,46347572.590800,29414,153081.28,27798515.605000,0
1747984500000,182.0400,182.8300,181.8600,182.6300,283847.93,1747985399999,51765385.412320,36210,152621.55,27837528.593420,0
1747985400000,182.6200,182.7700,182.0900,182.6600,193464.14,1747986299999,35295638.712800,24886,76541.96,13966479.472800,0
1747986300000,182.6600,183.0800,181.7200,182.4800,278095.76,1747987199999,50744850.220700,32835,135245.17,24682345.045200,0
1747987200000,182.4800,184.0900,182.4800,184.0400,338340.67,1747988099999,61992086.043220,37826,212240.46,38892236.119920,0
1747988100000,184.0500,185.0000,183.3100,184.8100,534065.00,1747988999999,98279508.141190,58142,306741.66,56478810.956090,0
1747989000000,184.8200,186.5500,184.8200,186.0800,680271.22,1747989899999,126299568.376100,75957,365792.64,67894700.075600,0
1747989900000,186.0800,186.7800,185.8400,186.1700,368821.91,1747990799999,68681852.759800,48784,159150.05,29638709.955400,0
1747990800000,186.1700,187.3500,185.8100,186.8200,478225.25,1747991699999,89299499.892100,52887,254889.96,47597904.407200,0
1747991700000,186.8100,187.6700,186.2800,186.3500,395210.09,1747992599999,73897766.472200,47734,186762.84,34930132.288500,0
1747992600000,186.3500,186.7100,186.2100,186.3900,193382.43,1747993499999,36056664.700700,28846,87967.72,16403001.275000,0
1747993500000,186.3900,187.0100,186.3200,186.7900,183730.42,1747994399999,34317353.217000,23064,94230.48,17600070.048800,0
1747994400000,186.7800,187.1600,185.8700,186.1000,305947.19,1747995299999,57038949.448770,38557,134199.19,25023332.733200,0
1747995300000,186.1000,186.5900,185.4000,186.2800,385128.24,1747996199999,71640120.778700,42826,189228.01,35211484.152700,0
1747996200000,186.2800,186.7600,185.7000,186.1300,292297.51,1747997099999,54453706.547000,31578,144725.71,26968506.429800,0
1747997100000,186.1400,186.2500,185.5100,185.8900,198082.26,1747997999999,36815363.725200,24177,86007.66,15986256.511800,0
1747998000000,185.8800,186.1000,185.0200,185.2600,202834.65,1747998899999,37617814.807200,29994,77203.93,14317757.242900,0
1747998900000,185.2600,185.7000,184.1300,184.7700,413299.81,1747999799999,76360298.615920,55739,188314.53,34802419.912500,0
1747999800000,184.7600,184.8900,183.1500,183.5500,461067.20,1748000699999,84856476.248650,57806,200456.26,36903875.764100,0
1748000700000,183.5400,183.6400,177.1000,177.8800,2814742.93,1748001599999,505574491.254360,267444,1370199.95,246162290.953920,0
1748001600000,177.8700,178.1500,175.2400,175.9500,1806470.17,1748002499999,319353048.190160,182416,922388.59,163101509.908100,0
1748002500000,175.9400,176.9900,173.2900,176.9100,1583341.08,1748003399999,277551380.347870,162678,814179.06,142807569.829200,0
1748003400000,176.9100,178.6200,176.5000,177.0700,1264657.05,1748004299999,224654138.994340,110367,657102.67,116735865.102640,0
1748004300000,177.0700,177.4100,176.1100,176.8400,484116.39,1748005199999,85530190.704960,66750,239894.77,42386267.700400,0
1748005200000,176.8400,177.1200,175.5100,176.1400,547782.48,1748006099999,96513897.492900,68343,248489.39,43781250.065900,0
1748006100000,176.1500,177.6000,175.8400,177.4300,398267.08,1748006999999,70486086.581360,50408,205297.38,36328594.861560,0
1748007000000,177.4300,179.9100,177.2100,178.7700,1009354.77,1748007899999,180457692.194510,112427,520870.76,93095601.285210,0
1748007900000,178.7700,180.2800,178.1400,180.0300,561184.49,1748008799999,100583700.906990,70967,293471.74,52609392.979290,0
1748008800000,180.0300,180.7700,179.0100,180.0200,648563.08,1748009699999,116652191.204400,70165,314888.22,56650730.267800,0
1748009700000,180.0200,180.6000,179.2900,179.8100,341247.19,1748010599999,61418084.948800,49500,150192.56,27039115.405600,0
1748010600000,179.8200,181.2600,179.8000,181.1500,357448.01,1748011499999,64575092.080400,51868,195378.15,35298459.826200,0
1748011500000,181.1500,183.7000,181.1200,182.1200,912049.08,1748012399999,166697974.265750,89020,434212.76,79330790.552650,0
1748012400000,182.1200,183.2000,181.2900,181.6800,770843.33,1748013299999,140420539.998100,82714,353994.41,64488106.222500,0
1748013300000,181.6800,182.3500,181.3200,181.6800,310032.23,1748014199999,56378519.529300,43385,141326.39,25699680.444600,0
1748014200000,181.6800,182.8600,181.6100,182.4100,288354.80,1748015099999,52573117.055700,40573,148036.32,26989868.879700,0
1748015100000,182.4000,182.4400,180.5100,180.6300,403979.51,1748015999999,73299820.867800,51001,170089.70,30864537.687200,0
1748016000000,180.6200,181.4200,180.2200,180.5100,516769.09,1748016899999,93473466.519230,60861,240916.97,43580033.815200,0
1748016900000,180.5000,182.1300,179.0300,181.9400,899723.85,1748017799999,162202880.123840,93947,435391.78,78543794.136100,0
1748017800000,181.9300,182.1900,179.8400,179.9500,424786.48,1748018699999,76890409.304260,52489,152548.64,27628090.739400,0
1748018700000,179.9500,181.2000,179.9400,181.1300,198043.80,1748019599999,35762040.974100,32133,127058.39,22940698.824700,0
1748019600000,181.1200,181.9600,180.8900,181.5200,245780.89,1748020499999,44586749.522500,34311,138500.46,25129537.924900,0
1748020500000,181.5100,182.1000,181.2200,181.8000,179150.32,1748021399999,32552530.812800,27277,96851.81,17600856.822900,0
1748021400000,181.8000,181.8400,180.5600,180.7800,153885.51,1748022299999,27887470.597600,25596,71363.26,12937514.693300,0
1748022300000,180.7800,181.8000,180.6800,181.3800,157950.62,1748023199999,28639499.157300,22990,82073.12,14880973.510000,0
1748023200000,181.3800,181.6900,180.4500,180.6800,133130.11,1748024099999,24097210.002100,24942,57252.00,10363766.599400,0
1748024100000,180.6800,180.8000,179.0100,180.0000,336605.45,1748024999999,60499651.383640,42242,144170.93,25924415.095000,0
1748025000000,180.0000,180.1700,179.3800,179.6300,113597.84,1748025899999,20412652.552000,21397,55786.32,10024586.684700,0
1748025900000,179.6300,179.6300,178.2700,178.8000,363304.84,1748026799999,64968849.598370,36716,138739.41,24803123.937900,0
1748026800000,178.8100,180.0800,178.6300,179.8900,240556.47,1748027699999,43159952.128700,31794,146603.46,26310433.098300,0
1748027700000,179.8800,179.9200,179.0900,179.4500,103304.29,1748028599999,18538182.285300,20575,47008.48,8435866.885000,0
1748028600000,179.4600,179.8400,179.2200,179.6600,78882.67,1748029499999,14161667.985000,17316,37908.22,6806204.435200,0
1748029500000,179.6700,179.6700,178.6900,179.0700,121149.91,1748030399999,21693015.817700,21971,49678.73,8897181.949200,0
1748030400000,179.0600,179.2000,177.5000,177.5500,296530.30,1748031299999,52799644.977560,38203,109911.35,19573680.218300,0
1748031300000,177.5400,178.2500,177.5400,177.9900,92440.37,1748032199999,16448341.228200,17024,54076.75,9622899.574400,0
1748032200000,178.0000,178.0300,176.8000,177.3000,249984.74,1748033099999,44298191.858840,30888,121906.59,21599731.252400,0
1748033100000,177.3000,177.6900,177.0300,177.1700,121754.49,1748033999999,21594649.287900,18262,61711.32,10947922.888500,0
1748034000000,177.1600,177.3700,176.3800,177.3700,200919.14,1748034899999,35540048.722800,31352,95072.56,16820542.581700,0
1748034900000,177.3700,178.4400,177.3600,177.4600,284892.69,1748035799999,50700725.117800,31899,175610.89,31253910.639100,0
1748035800000,177.4600,177.4700,176.5100,177.2300,144187.79,1748036699999,25508137.070300,24250,64887.12,11479476.906600,0
1748036700000,177.2300,177.9700,176.3600,177.1100,114422.58,1748037599999,20271359.181700,22358,67477.87,11955336.532100,0
1748037600000,177.1000,177.7500,176.7700,177.7100,143635.59,1748038499999,25452920.186800,25100,81673.66,14474063.018400,0
1748038500000,177.7000,178.0300,176.9900,176.9900,103996.23,1748039399999,18468356.637900,18478,55287.53,9819518.588800,0
1748039400000,176.9900,177.2400,175.6000,175.7200,360837.92,1748040299999,63570902.129560,35270,113603.35,20021646.649600,0
1748040300000,175.7100,176.1600,175.3800,175.6100,270660.56,1748041199999,47554282.477000,31377,146931.60,25820737.493500,0
1748041200000,175.6100,175.9600,175.0700,175.5600,208473.10,1748042099999,36595572.129000,32706,111431.36,19564821.232400,0
1748042100000,175.5500,175.6300,174.5300,174.8000,276098.76,1748042999999,48306495.236920,38477,107570.93,18819940.619500,0
1748043000000,174.8100,175.0500,173.1800,173.9600,559244.65,1748043899999,97326919.610710,65837,245258.88,42683755.386800,0
1748043900000,173.9700,174.6200,173.2900,173.9200,440571.84,1748044799999,76615087.756400,54244,205189.63,35684776.673200,0
1748044800000,173.9200,175.2400,173.1200,174.5500,487663.01,1748045699999,85027489.936330,59767,267077.04,46574316.572620,0
1748045700000,174.5600,174.8700,173.6000,173.9200,262510.06,1748046599999,45768110.280200,40632,130288.77,22717336.680600,0
1748046600000,173.9300,175.2000,173.9000,174.3600,194006.04,1748047499999,33897698.763500,34639,127004.69,22192060.048700,0
1748047500000,174.3700,174.4700,172.5200,172.7000,396097.16,1748048399999,68651594.623830,49113,131519.86,22803790.305800,0
1748048400000,172.6900,173.7000,172.5500,173.1100,232784.89,1748049299999,40312900.445600,33695,135761.69,23511544.939700,0
1748049300000,173.1000,174.7200,173.0500,174.3300,284214.48,1748050199999,49523816.356090,29501,144944.52,25250901.937990,0
1748050200000,174.3400,174.5600,173.9600,174.3000,141445.27,1748051099999,24660635.684000,23119,80743.72,14078672.238000,0
1748051100000,174.2900,174.6100,173.5500,173.7200,145891.25,1748051999999,25376870.166200,21546,51133.99,8896976.044900,0
1748052000000,173.7200,174.4800,173.1300,174.1500,292130.57,1748052899999,50851914.837300,31027,153637.11,26740709.838800,0
1748052900000,174.1500,174.8400,174.1500,174.5700,134260.04,1748053799999,23434722.160020,20063,78224.56,13654727.924020,0
1748053800000,174.5800,175.0100,174.3200,174.9000,104766.68,1748054699999,18311872.019000,17479,69341.09,12120682.663400,0
1748054700000,174.9000,174.9100,174.4000,174.8100,80846.87,1748055599999,14123315.233600,16719,36197.43,6323038.248600,0
1748055600000,174.8000,175.5900,174.5500,175.3700,211996.11,1748056499999,37159042.066900,32176,131539.39,23056402.625600,0
1748056500000,175.3700,175.9200,175.3000,175.7100,201054.13,1748057399999,35324330.639400,22415,119152.03,20934984.598600,0
1748057400000,175.7000,175.7900,174.6700,174.8000,189821.24,1748058299999,33245394.352600,26591,71311.97,12485620.122800,0
1748058300000,174.8000,175.0400,174.2400,175.0300,126233.72,1748059199999,22048978.108890,19242,66422.93,11605444.864500,0
1748059200000,175.0300,175.0800,174.5000,174.9000,97831.86,1748060099999,17098888.762400,17504,49620.04,8673002.874400,0
1748060100000,174.8900,175.5100,174.8100,175.2900,137993.85,1748060999999,24189796.445400,19628,71214.43,12484672.983900,0
1748061000000,175.2900,175.6800,174.7600,175.4500,192524.70,1748061899999,33737947.872100,23582,75839.36,13296589.938400,0
1748061900000,175.4600,176.2000,175.3200,176.0000,192408.73,1748062799999,33833944.077700,24438,109083.11,19181686.608800,0
1748062800000,176.0000,176.2900,175.3000,175.3500,231070.71,1748063699999,40634427.089400,27694,109342.92,19234936.959700,0
1748063700000,175.3500,175.3600,174.7400,175.2100,158061.55,1748064599999,27664002.891900,22971,58050.16,10160076.579600,0
1748064600000,175.2000,175.4700,174.6100,174.7400,89238.00,1748065499999,15622668.721100,17420,41473.76,7262671.689900,0
1748065500000,174.7500,175.2200,174.3800,175.0700,117665.38,1748066399999,20557894.771990,18255,51495.92,8999858.479500,0
1748066400000,175.0600,175.4100,174.8000,174.9900,69994.46,1748067299999,12257314.804900,15804,35955.26,6296426.229000,0
1748067300000,175.0000,175.0400,174.4700,174.7400,116319.90,1748068199999,20318528.547100,19199,48417.30,8456477.719900,0
1748068200000,174.7500,174.7500,173.5300,174.2400,301988.01,1748069099999,52541123.335400,38730,123474.43,21484109.490500,0
1748069100000,174.2500,174.5000,173.5000,174.5000,134437.62,1748069999999,23391846.335500,19483,63971.32,11134380.836100,0
1748070000000,174.4900,175.2700,174.4900,175.0900,138146.95,1748070899999,24163730.276100,27193,84817.18,14835852.151900,0
1748070900000,175.0800,175.3600,174.7600,175.0700,148968.40,1748071799999,26086044.097500,17678,77704.47,13607071.585400,0
1748071800000,175.0700,175.0800,173.7400,173.9200,228294.64,1748072699999,39811900.080800,25526,89207.61,15557986.791600,0
1748072700000,173.9200,173.9700,173.3500,173.8500,183415.89,1748073599999,31853871.621500,31401,75650.37,13140611.076100,0
1748073600000,173.8400,174.3700,173.6500,174.0000,146319.04,1748074499999,25468784.780600,23793,81589.55,14201919.595400,0
1748074500000,174.0000,174.0300,173.1200,173.3000,179422.60,1748075399999,31105571.156980,26287,78197.11,13554302.327000,0
1748075400000,173.3000,174.1500,173.2500,174.0900,124853.84,1748076299999,21692043.567600,20716,74058.51,12869803.316900,0
1748076300000,174.1000,174.8900,174.0900,174.8500,145411.81,1748077199999,25382947.404820,24294,85799.93,14976712.989920,0
1748077200000,174.8500,175.3200,174.6600,174.8000,191462.45,1748078099999,33498837.073500,34401,100193.74,17530799.671000,0
1748078100000,174.8100,175.8400,174.7500,175.4900,164811.02,1748078999999,28912673.867000,23088,89847.60,15760148.954700,0
1748079000000,175.4900,175.7500,175.2600,175.4400,98315.56,1748079899999,17252684.529900,16299,42146.79,7396513.285800,0
1748079900000,175.4300,175.4700,174.8800,175.2300,92914.11,1748080799999,16275470.836000,17465,40803.00,7148303.307800,0
1748080800000,175.2200,175.5500,174.9500,175.0200,103496.95,1748081699999,18135216.018600,17815,40457.48,7089616.030200,0
1748081700000,175.0100,175.7500,175.0000,175.7300,103047.26,1748082599999,18068790.935700,18126,64535.14,11315278.075500,0
1748082600000,175.7200,176.7500,175.6800,176.6700,370584.52,1748083499999,65349356.016360,46157,217447.63,38346225.080060,0
1748083500000,176.6700,177.6400,176.6600,177.2700,470398.21,1748084399999,83356073.716640,45448,259041.05,45901623.089840,0
1748084400000,177.2800,177.9000,177.1200,177.3100,300911.08,1748085299999,53416176.145900,34414,125405.52,22263091.915600,0
1748085300000,177.3100,177.5700,176.7300,177.4900,257312.34,1748086199999,45571470.745800,30757,101674.46,18009528.449600,0
1748086200000,177.4900,178.2200,177.0100,177.0200,302655.01,1748087099999,53804875.468160,41169,146531.92,26056670.945460,0
1748087100000,177.0300,177.3900,176.6400,176.8000,164776.10,1748087999999,29165053.566500,24468,71553.45,12666859.448300,0
1748088000000,176.8000,177.0400,175.9200,176.2400,332835.49,1748088899999,58730889.403260,40725,146428.88,25844273.469200,0
1748088900000,176.2400,176.9200,176.0800,176.6300,162160.64,1748089799999,28625027.332300,23586,83045.13,14660379.999700,0
1748089800000,176.6200,176.6400,176.2300,176.3400,106657.92,1748090699999,18819117.791800,18619,40990.16,7232765.354200,0
1748090700000,176.3300,176.7100,176.0900,176.4500,106049.19,1748091599999,18715616.779300,16382,60490.27,10677356.817400,0
1748091600000,176.4600,176.7100,175.9500,176.0500,159146.04,1748092499999,28057583.725000,19039,60140.21,10601779.093200,0
1748092500000,176.0500,176.4600,175.6900,176.4200,98739.32,1748093399999,17389216.853600,16792,58801.97,10358374.034300,0
1748093400000,176.4200,176.4400,175.8600,175.9600,114874.97,1748094299999,20228241.971900,17172,43453.10,7653802.316800,0
1748094300000,175.9600,176.1500,174.9500,175.3000,254297.87,1748095199999,44622639.938100,27640,89938.38,15781921.736400,0
1748095200000,175.3000,176.0500,175.1100,176.0400,143032.67,1748096099999,25115920.351900,19416,91308.52,16034111.627200,0
1748096100000,176.0400,176.4600,175.7400,175.8400,141911.59,1748096999999,25000396.787000,18755,74312.27,13095331.095000,0
1748097000000,175.8500,176.7100,175.7500,176.3600,102083.35,1748097899999,18004659.563300,16394,66227.72,11680022.195000,0
1748097900000,176.3500,176.9500,176.3400,176.6300,136980.89,1748098799999,24202576.737400,20486,78741.60,13912664.431700,0
1748098800000,176.6400,176.9800,176.2200,176.7600,136018.29,1748099699999,24016203.359900,19549,71551.11,12634508.452400,0
1748099700000,176.7600,176.7800,176.0000,176.4500,83886.00,1748100599999,14793498.072200,15395,35130.26,6195195.970600,0
1748100600000,176.4600,176.6100,175.8800,175.9600,85149.24,1748101499999,14999855.294100,17518,33275.91,5862382.553500,0
1748101500000,175.9700,176.2800,175.6600,176.2200,73278.02,1748102399999,12894948.350000,15125,36906.00,6496230.633700,0
1748102400000,176.2200,176.3400,175.3800,175.5300,107214.85,1748103299999,18848231.502700,18928,37774.06,6642533.245700,0
1748103300000,175.5400,175.9000,175.1800,175.7200,69874.19,1748104199999,12272162.822700,18683,35877.22,6302240.626700,0
1748104200000,175.7200,176.1600,175.5600,176.0600,67985.24,1748105099999,11959592.354200,17288,40428.64,7112395.993500,0
1748105100000,176.0700,176.6000,175.9000,176.3000,87196.01,1748105999999,15375839.048200,18198,45120.21,7956102.306500,0
1748106000000,176.3000,177.3600,176.2900,177.2300,191925.02,1748106899999,33974574.385860,25960,108247.42,19162902.065960,0
1748106900000,177.2300,177.2700,176.4000,176.8100,110753.49,1748107799999,19584628.460500,18608,45460.89,8039072.460400,0
1748107800000,176.8000,177.2200,176.4300,176.8700,51463.48,1748108699999,9102169.268400,13834,22929.52,4055223.019200,0
1748108700000,176.8600,177.3700,176.7100,176.7300,57430.25,1748109599999,10168512.258700,13997,27682.59,4902474.378000,0
1748109600000,176.7300,177.5000,176.6900,177.4300,91743.84,1748110499999,16253913.328100,15677,60688.89,10752769.937400,0
1748110500000,177.4200,177.6300,177.2100,177.2700,125604.05,1748111399999,22282451.379900,16395,49306.76,8748507.621500,0
1748111400000,177.2600,177.2700,176.7300,177.0300,50245.28,1748112299999,8890960.956100,12594,23429.26,4145715.203800,0
1748112300000,177.0200,177.0600,176.6300,176.6900,60109.25,1748113199999,10624816.617700,11736,27988.89,4947097.978400,0
1748113200000,176.6800,177.4900,176.5200,176.8600,86822.74,1748114099999,15375860.570900,16455,40699.52,7207512.764600,0
1748114100000,176.8600,177.0100,176.5700,176.8400,63657.47,1748114999999,11256510.005800,12109,36558.99,6464307.410100,0
1748115000000,176.8500,177.3500,176.8100,176.9500,49425.49,1748115899999,8751004.322600,11427,24027.84,4254295.818100,0
1748115900000,176.9500,177.1200,176.5700,177.0500,50370.74,1748116799999,8906764.412100,11558,25946.57,4588177.337200,0
1748116800000,177.0400,177.3500,176.8000,177.3500,58816.17,1748117699999,10415331.242400,14099,29523.88,5228184.798500,0
1748117700000,177.3400,177.4800,177.0100,177.4400,60656.85,1748118599999,10753797.774600,12687,24591.25,4360294.672200,0
1748118600000,177.4400,177.7500,177.3400,177.4600,55218.95,1748119499999,9804871.373600,12876,30977.01,5500784.912200,0
1748119500000,177.4500,177.8500,177.0800,177.6800,70411.08,1748120399999,12495663.083500,14174,39031.24,6927008.637100,0
1748120400000,177.6800,177.7500,177.0600,177.2600,62689.07,1748121299999,11119316.039400,12696,25707.45,4559221.109500,0
1748121300000,177.2600,177.3500,176.1500,176.6700,114646.59,1748122199999,20245005.974100,18690,53069.94,9369843.547100,0
1748122200000,176.6700,177.1200,176.5000,176.9400,56256.06,1748123099999,9945683.541500,12560,26898.48,4756792.767200,0
1748123100000,176.9400,177.5000,176.8100,177.2800,39608.25,1748123999999,7016623.472500,10097,23519.45,4166124.101500,0
1748124000000,177.2700,177.3000,176.4800,176.8500,100913.53,1748124899999,17839085.747700,18040,51367.05,9079883.321800,0
1748124900000,176.8400,176.9800,175.8500,176.2500,116056.27,1748125799999,20456857.267600,19788,40130.36,7073616.423400,0
1748125800000,176.2600,176.3300,175.7600,176.1300,89563.00,1748126699999,15768090.143400,19043,41950.22,7386292.899800,0
1748126700000,176.1300,176.5400,175.8300,176.0600,84598.77,1748127599999,14910312.707200,15425,52457.38,9247051.061400,0
1748127600000,176.0700,176.1900,175.3400,175.9400,207315.49,1748128499999,36420520.790100,30278,103357.34,18161471.800200,0
1748128500000,175.9300,176.4200,175.6600,176.0500,151071.64,1748129399999,26595983.735400,25082,62967.29,11086997.812100,0
1748129400000,176.0500,176.4500,175.4400,175.4400,99496.54,1748130299999,17522504.320100,19284,51417.61,9056010.791100,0
1748130300000,175.4500,176.0400,175.2500,175.8100,98314.27,1748131199999,17271146.173000,17094,52679.11,9255287.326300,0
1748131200000,175.8200,176.8200,175.7600,176.3200,234205.39,1748132099999,41318208.534200,24094,117379.63,20711956.252000,0
1748132100000,176.3200,176.3300,175.5100,176.2000,139065.29,1748132999999,24456945.698300,18691,82036.60,14425236.144100,0
1748133000000,176.2000,176.3900,173.0400,173.4000,628076.25,1748133899999,109423767.518410,67453,234692.99,40880645.932100,0
1748133900000,173.4100,173.8300,171.5700,172.2200,781675.51,1748134799999,134904907.396660,91731,363248.02,62721956.470900,0
1748134800000,172.2100,172.2200,170.7400,171.2000,579808.85,1748135699999,99365226.041360,72986,296258.36,50777570.740900,0
1748135700000,171.2000,172.5800,170.5300,171.8700,615537.94,1748136599999,105726954.231400,63500,332728.60,57140030.401600,0
1748136600000,171.8800,172.4800,171.6300,172.3300,217698.16,1748137499999,37469833.507300,34208,116486.43,20051875.072200,0
1748137500000,172.3400,172.3400,171.3400,171.4300,155706.43,1748138399999,26740521.289400,26895,62294.16,10699406.515800,0
1748138400000,171.4400,171.8100,170.7300,171.0700,296353.31,1748139299999,50779133.807600,32867,131915.91,22600958.264400,0
1748139300000,171.0700,172.0400,170.1300,171.8500,384906.43,1748140199999,65854887.818800,45424,175610.34,30067750.226260,0
1748140200000,171.8400,172.3100,171.6200,171.6200,185171.23,1748141099999,31848553.465600,27008,77700.36,13366367.396800,0
1748141100000,171.6300,172.5300,171.5700,172.2800,167833.35,1748141999999,28896726.872000,26113,94301.72,16236618.656700,0
1748142000000,172.2800,173.1400,172.1600,173.0600,207696.62,1748142899999,35886547.258820,33267,127262.79,21989927.190920,0
1748142900000,173.0600,173.3300,172.6100,173.2800,156972.54,1748143799999,27164205.147700,30596,68947.49,11933142.736800,0
1748143800000,173.2800,173.6700,173.2400,173.5700,129843.41,1748144699999,22521817.044100,22480,76356.05,13245149.451300,0
1748144700000,173.5600,173.9300,173.4300,173.5300,132478.48,1748145599999,23008750.018400,21763,72546.43,12600620.971300,0
1748145600000,173.5300,173.5300,172.7000,172.7000,193424.82,1748146499999,33481895.563600,22879,84239.31,14583864.528600,0
1748146500000,172.7000,173.1300,172.6000,172.7800,105885.44,1748147399999,18301691.814800,18576,53441.67,9237996.593300,0
1748147400000,172.7900,173.6400,172.7300,173.3600,99856.94,1748148299999,17305572.140200,16867,66800.21,11575969.490900,0
1748148300000,173.3600,174.2800,173.1200,174.2100,168860.74,1748149199999,29349482.096080,20992,115866.46,20147171.899280,0
1748149200000,174.2100,174.3200,173.8900,174.0500,129756.11,1748150099999,22590341.597300,21165,51814.15,9021468.485600,0
1748150100000,174.0400,174.2700,173.4900,173.8900,120200.20,1748150999999,20894526.644800,17625,40151.83,6981118.271800,0
1748151000000,173.8900,174.2700,173.2800,173.4500,120663.43,1748151899999,20958069.796600,16882,35803.94,6220768.959300,0
1748151900000,173.4600,174.2000,173.4000,173.9400,104477.99,1748152799999,18163315.837600,14400,67925.21,11809958.041600,0
1748152800000,173.9300,173.9400,173.3300,173.3900,86911.92,1748153699999,15083716.812600,13237,33324.61,5783380.223300,0
1748153700000,173.3900,173.6900,173.2100,173.6100,77917.88,1748154599999,13513832.847400,12226,36475.19,6326973.302400,0
1748154600000,173.6100,173.6900,173.2700,173.3800,53134.98,1748155499999,9218244.425800,10544,25045.73,4345078.390800,0
1748155500000,173.3800,173.6800,173.0200,173.3700,102822.83,1748156399999,17820503.559200,15218,47777.05,8281290.169100,0
1748156400000,173.3700,173.3900,172.5200,172.5300,169369.02,1748157299999,29281543.804300,22136,72822.01,12589937.758500,0
1748157300000,172.5200,172.8600,171.8700,172.0400,191287.28,1748158199999,32956570.899300,22860,77406.24,13338066.456600,0
1748158200000,172.0300,172.4400,171.8100,172.1300,141473.73,1748159099999,24346760.084000,25337,77184.84,13285582.420600,0
1748159100000,172.1300,172.3900,171.9300,172.2700,80664.15,1748159999999,13890621.178900,14475,42930.06,7392878.456200,0
1748160000000,172.2700,172.3000,171.1400,171.2500,269869.72,1748160899999,46286321.851800,31271,123287.16,21141757.832300,0
1748160900000,171.2500,171.5700,170.9400,171.2400,157207.49,1748161799999,26920086.520820,25087,76081.74,13030287.024700,0
1748161800000,171.2500,171.6200,171.1100,171.3900,121640.01,1748162699999,20847874.254600,20782,56564.12,9695419.963300,0
1748162700000,171.4000,171.4200,170.0000,170.7000,491784.75,1748163599999,83856038.826840,56645,224263.04,38235830.499500,0
1748163600000,170.6900,171.3900,170.2300,171.1200,302712.75,1748164499999,51688299.374500,32781,165225.99,28207861.434800,0
1748164500000,171.1200,171.7000,170.5900,171.5400,247826.77,1748165399999,42409349.171360,28544,135710.13,23220698.755560,0
1748165400000,171.5300,171.6300,170.7600,171.4500,213933.59,1748166299999,36621748.535000,28468,114663.46,19631985.682300,0
1748166300000,171.4600,172.0800,171.4600,171.9300,158529.91,1748167199999,27250197.931800,28041,84250.24,14481027.455600,0
1748167200000,171.9300,172.1800,171.4600,171.6800,179434.91,1748168099999,30823918.488400,21756,73292.17,12591227.083700,0
1748168100000,171.6700,171.8800,171.1800,171.2500,92566.83,1748168999999,15876692.312500,14113,37849.62,6493743.945400,0
1748169000000,171.2600,171.7400,171.2600,171.5000,61641.07,1748169899999,10574873.397000,12108,30797.99,5283436.829400,0
1748169900000,171.5100,171.8100,170.7900,171.0800,147703.54,1748170799999,25293004.382000,19552,78049.87,13366638.633500,0
1748170800000,171.0700,171.8300,170.9500,171.7200,123782.99,1748171699999,21218162.779400,18012,63345.42,10857657.771900,0
1748171700000,171.7200,171.8600,171.4300,171.7000,71396.04,1748172599999,12257878.942000,13141,38370.88,6588371.791600,0
1748172600000,171.7000,171.8700,171.0900,171.3200,103109.23,1748173499999,17668660.809000,14596,32567.36,5581749.937200,0
1748173500000,171.3300,171.9400,171.2100,171.8600,69527.16,1748174399999,11937325.986600,11805,38612.05,6628658.389600,0
1748174400000,171.8600,171.9300,171.3100,171.6300,120482.91,1748175299999,20677231.662700,17698,60814.32,10436230.419000,0
1748175300000,171.6300,172.4100,171.6200,171.8400,206860.14,1748176199999,35590702.324800,25105,115465.30,19870091.386100,0
1748176200000,171.8500,172.3400,171.8300,172.0800,184242.85,1748177099999,31712454.502100,19283,105753.25,18201719.368900,0
1748177100000,172.0800,172.5800,172.0800,172.4800,111885.39,1748177999999,19282147.822000,15721,73291.07,12631537.561700,0
1748178000000,172.4800,172.4900,171.4600,171.6700,190781.66,1748178899999,32804909.312900,21608,79540.46,13676833.766600,0
1748178900000,171.6700,172.1500,170.9100,172.0900,243311.07,1748179799999,41722544.250200,26269,135762.21,23289357.382300,0
1748179800000,172.0900,172.5600,171.9500,172.2200,130770.18,1748180699999,22523894.920500,18899,65339.57,11255222.280100,0
1748180700000,172.2200,172.5700,171.8700,171.9000,165576.74,1748181599999,28522443.415600,18360,74919.13,12909729.323200,0
1748181600000,171.9100,172.2800,171.6200,171.9700,99733.02,1748182499999,17148437.426000,16430,55149.72,9484587.262600,0
1748182500000,171.9600,172.0900,171.3600,172.0100,156607.51,1748183399999,26893223.810200,17424,83639.86,14364946.331500,0
1748183400000,172.0100,172.0500,170.7400,170.7600,198927.72,1748184299999,34074025.219400,23833,80188.42,13735920.346500,0
1748184300000,170.7500,171.1300,170.2200,171.0000,251391.65,1748185199999,42904738.945540,32980,134419.21,22942856.075100,0
1748185200000,171.0000,171.3200,170.3900,170.5300,187467.07,1748186099999,32013227.295000,24692,90578.54,15470288.389100,0
1748186100000,170.5300,170.7800,169.0500,169.4500,628075.39,1748186999999,106556043.164700,57851,260058.28,44116885.666400,0
1748187000000,169.4500,170.4800,169.1500,170.3400,465455.77,1748187899999,79106326.989100,46864,235998.87,40115135.133700,0
1748187900000,170.3500,170.5400,169.4900,170.2100,206117.78,1748188799999,35034951.544700,26023,89841.49,15274448.524000,0
1748188800000,170.2000,170.3200,169.4700,169.8900,242316.30,1748189699999,41167935.019700,27627,107028.20,18186571.939800,0
1748189700000,169.9000,169.9500,169.0900,169.1800,191683.34,1748190599999,32462193.540900,24329,83072.74,14069149.711800,0
1748190600000,169.1800,170.3500,169.1200,170.2400,176146.10,1748191499999,29883662.035900,22168,92528.75,15704582.742100,0
1748191500000,170.2400,170.3500,169.9700,169.9900,121802.70,1748192399999,20724817.938800,16777,45535.04,7748149.552100,0
1748192400000,169.9900,170.7400,169.9700,170.7400,144438.79,1748193299999,24627546.486600,18840,77889.69,13280022.364000,0
1748193300000,170.7300,171.0700,170.3100,171.0200,147421.70,1748194199999,25174102.533700,17853,82852.92,14149043.233900,0
1748194200000,171.0200,171.0600,170.3200,170.6600,112360.59,1748195099999,19173269.102000,15924,43606.40,7439715.258600,0
1748195100000,170.6600,170.9500,170.6100,170.8700,78420.82,1748195999999,13391976.113400,11492,29227.01,4991314.629300,0
1748196000000,170.8700,171.3000,170.6000,171.0400,140039.13,1748196899999,23951543.422400,16724,63877.50,10923947.603700,0
1748196900000,171.0400,171.7800,170.9400,171.6200,176823.73,1748197799999,30319028.984100,25490,116148.10,19913395.951600,0
1748197800000,171.6300,171.7500,171.3200,171.3900,65025.89,1748198699999,11153449.358100,13848,27832.20,4774273.782100,0
1748198700000,171.3800,171.7500,171.3700,171.5100,48776.39,1748199599999,8369502.956700,11251,25903.00,4444572.585600,0
1748199600000,171.5100,171.9300,171.4300,171.8900,73295.59,1748200499999,12591731.182400,11426,41533.49,7135186.888700,0
1748200500000,171.8900,172.0800,171.7300,171.9700,103208.35,1748201399999,17746813.991400,13411,64302.30,11057999.356200,0
1748201400000,171.9600,172.1500,171.8600,172.0600,64307.75,1748202299999,11062542.109800,10808,28241.16,4858312.959900,0
1748202300000,172.0700,172.7200,171.9200,172.4300,124950.99,1748203199999,21544082.953500,16849,76060.11,13116221.820300,0
1748203200000,172.4400,172.5100,171.7500,171.8500,125993.75,1748204099999,21685356.084200,17512,57507.75,9898020.588800,0
1748204100000,171.8400,172.0700,171.4700,171.9900,152093.30,1748204999999,26121433.355000,17153,72079.45,12381560.557100,0
1748205000000,171.9900,172.3900,171.8800,172.2500,59444.48,1748205899999,10232893.611600,12542,36393.35,6264716.867900,0
1748205900000,172.2400,172.2800,171.7700,171.8600,43040.65,1748206799999,7403220.611600,10664,19263.83,3313846.157700,0
1748206800000,171.8600,172.5400,171.7800,172.4600,100183.03,1748207699999,17257212.404900,15421,60555.39,10430955.481700,0
1748207700000,172.4600,172.5600,171.5100,171.6400,91109.52,1748208599999,15672041.842000,15005,39377.39,6774112.618800,0
1748208600000,171.6300,171.6300,170.8200,171.4400,109918.20,1748209499999,18821861.498100,17234,38830.37,6648216.509500,0
1748209500000,171.4500,171.8500,171.2800,171.4300,45900.08,1748210399999,7876482.935000,10987,22062.92,3786445.677200,0
1748210400000,171.4400,173.9000,171.2400,172.8500,422316.87,1748211299999,73020913.397320,56138,234315.45,40525271.246620,0
1748211300000,172.8600,173.6100,172.8000,173.3600,297958.10,1748212199999,51621569.709900,38627,163858.03,28390418.535100,0
1748212200000,173.3500,174.1500,173.1400,173.9400,196656.85,1748213099999,34150446.990700,28767,111645.67,19390436.272300,0
1748213100000,173.9300,174.8300,173.7200,174.7600,280615.31,1748213999999,48917598.489590,29078,174189.95,30369111.580090,0
1748214000000,174.7600,175.1600,174.3000,174.3600,289683.04,1748214899999,50631013.656300,39911,145397.71,25418083.518700,0
1748214900000,174.3500,174.3800,173.7400,173.9200,184427.90,1748215799999,32095816.484300,24632,81198.95,14131998.958800,0
1748215800000,173.9200,175.4100,173.8500,175.2700,273059.48,1748216699999,47725428.965200,31130,166133.48,29038731.991200,0
1748216700000,175.2800,175.7700,174.9900,175.6500,123911.58,1748217599999,21729136.003500,20294,62336.20,10933121.447800,0
1748217600000,175.6400,175.9400,175.2600,175.5400,264636.66,1748218499999,46482308.599400,30449,103530.84,18187382.404900,0
1748218500000,175.5400,176.1200,175.0000,175.5800,213382.91,1748219399999,37481941.458900,29423,97403.23,17113937.168200,0
1748219400000,175.5700,177.3900,175.5700,177.0800,424803.55,1748220299999,75071066.782400,46954,261390.94,46195430.358100,0
1748220300000,177.0700,177.5400,176.7100,177.4700,250891.04,1748221199999,44447760.648100,35733,125201.31,22187145.661700,0
1748221200000,177.4800,177.7800,176.2800,176.5000,345920.13,1748222099999,61169503.941100,36656,136353.19,24120398.863500,0
1748222100000,176.5000,176.9400,176.0300,176.4900,176166.60,1748222999999,31073148.983800,23452,79692.24,14057648.086000,0
1748223000000,176.5000,177.2900,176.0800,177.0300,136298.18,1748223899999,24075067.961500,21259,67802.83,11977931.182500,0
1748223900000,177.0200,177.1200,176.2600,176.4600,126393.98,1748224799999,22332313.456700,19123,53640.56,9480797.059600,0
1748224800000,176.4600,176.8400,176.1400,176.6600,127338.36,1748225699999,22471183.760400,19307,60540.93,10683956.456100,0
1748225700000,176.6500,177.0400,176.4600,176.4800,104700.55,1748226599999,18501043.306400,17808,44666.81,7893558.776800,0
1748226600000,176.4700,176.4800,175.7600,175.9500,175266.44,1748227499999,30852963.331400,20027,58776.17,10344998.632900,0
1748227500000,175.9400,176.3100,175.6000,176.0100,118761.78,1748228399999,20898405.352900,16020,61159.84,10764138.566600,0
1748228400000,176.0000,176.4600,175.9000,176.1000,118461.25,1748229299999,20871250.638400,18754,62413.13,10997907.700700,0
1748229300000,176.0900,177.1900,175.9400,177.0600,162822.82,1748230199999,28763395.468800,19338,112141.10,19808128.277000,0
1748230200000,177.0500,177.4200,176.8100,177.1800,170496.84,1748231099999,30199739.256860,22655,83086.46,14718264.602360,0
1748231100000,177.1900,177.5400,176.7900,176.9400,131547.40,1748231999999,23297018.521300,18443,56403.50,9991552.746900,0
1748232000000,176.9300,177.0300,176.4900,176.8500,149667.14,1748232899999,26452029.647100,18882,64312.12,11366274.601600,0
1748232900000,176.8600,177.2300,176.7900,177.0500,84884.58,1748233799999,15027139.819700,13524,50915.13,9014381.526100,0
1748233800000,177.0600,177.1400,176.7700,176.9600,76257.65,1748234699999,13491384.848200,13557,32775.20,5798704.248600,0
1748234700000,176.9500,177.2000,176.7900,177.0900,93753.23,1748235599999,16595776.549300,13926,50079.58,8866209.704100,0
1748235600000,177.0900,177.4900,177.0400,177.3200,112731.73,1748236499999,19986201.909800,18614,52748.65,9352611.047600,0
1748236500000,177.3200,177.8200,177.2300,177.6600,134178.80,1748237399999,23826782.464900,19367,70821.83,12576091.184500,0
1748237400000,177.6600,177.9100,177.3000,177.3300,151834.73,1748238299999,26976482.493900,19181,77409.25,13756431.590400,0
1748238300000,177.3200,177.6800,177.2900,177.4900,113678.94,1748239199999,20180899.488500,14966,45589.59,8093605.561300,0
1748239200000,177.5000,177.8300,177.3700,177.6100,111928.77,1748240099999,19881633.873800,16956,53101.09,9432808.684900,0
1748240100000,177.6200,177.8900,177.6100,177.8600,84433.98,1748240999999,15009505.442700,13600,42180.24,7498599.301700,0
1748241000000,177.8700,177.8800,177.1400,177.3100,104452.37,1748241899999,18527890.638900,16084,41422.01,7347486.675400,0
1748241900000,177.3100,178.1200,177.1900,177.8400,214881.34,1748242799999,38191519.437960,29826,120930.89,21503909.264960,0
1748242800000,177.8500,178.9600,177.8200,178.0500,389816.33,1748243699999,69570392.077870,40216,203056.57,36239603.175770,0
1748243700000,178.0600,178.2100,177.4200,177.4500,191552.27,1748244599999,34049279.156700,25871,87807.05,15613267.448800,0
1748244600000,177.4500,178.0100,177.1300,177.7600,139203.51,1748245499999,24723399.591860,22994,63987.75,11366041.021200,0
1748245500000,177.7600,178.0900,177.5200,178.0700,82077.93,1748246399999,14596671.172000,14127,40426.26,7190024.589800,0
1748246400000,178.0800,178.2600,177.6000,177.9400,147845.94,1748247299999,26308242.538700,19008,78538.47,13976516.218200,0
1748247300000,177.9500,178.2400,177.6500,177.6800,111790.00,1748248199999,19885035.982900,16018,60571.99,10773773.361600,0
1748248200000,177.6800,177.8500,177.2800,177.3800,132710.30,1748249099999,23555706.991700,18773,54207.72,9621782.610700,0
1748249100000,177.3700,177.5300,177.1100,177.3500,121960.52,1748249999999,21623791.655500,17089,64226.23,11388700.036000,0
1748250000000,177.3400,177.8000,177.1100,177.7400,114982.48,1748250899999,20405889.668500,16568,64759.36,11494141.289900,0
1748250900000,177.7400,177.8300,177.4100,177.5700,58474.79,1748251799999,10385765.738700,12466,28759.96,5108128.661500,0
1748251800000,177.5700,177.5900,176.8200,176.9300,149485.75,1748252699999,26478425.073600,20444,61960.90,10977796.125000,0
1748252700000,176.9200,177.0500,176.5400,176.7400,207168.20,1748253599999,36615800.054500,23386,91331.71,16142921.945200,0
1748253600000,176.7400,177.0300,176.3200,176.6400,198893.90,1748254499999,35136315.580160,29817,103647.49,18314405.645500,0
1748254500000,176.6500,177.1800,176.5000,177.1400,82958.48,1748255399999,14677738.308300,15461,54021.45,9557827.976400,0
1748255400000,177.1500,177.2000,176.8600,177.1600,59264.06,1748256299999,10491810.883400,11550,36097.06,6390686.721300,0
1748256300000,177.1600,177.2500,176.3400,176.6800,129345.39,1748257199999,22852771.182700,16885,53705.74,9489954.988100,0
1748257200000,176.6800,176.9700,176.3700,176.8600,55900.27,1748258099999,9879501.763000,12552,25585.78,4522479.933200,0
1748258100000,176.8600,177.1600,176.7200,177.0700,87854.39,1748258999999,15544600.964800,13089,49244.76,8713266.950500,0
1748259000000,177.0800,177.8100,176.8000,177.7000,152604.50,1748259899999,27071397.051400,19298,76587.56,13588615.576800,0
1748259900000,177.6900,177.8900,177.4700,177.8200,116217.25,1748260799999,20650261.910900,21882,62678.02,11137561.558100,0
1748260800000,177.8200,177.9200,177.1400,177.3400,153612.23,1748261699999,27263424.576600,20230,49812.30,8840365.827700,0
1748261700000,177.3300,177.7600,177.2500,177.4900,63249.54,1748262599999,11227414.843000,15697,32888.47,5838292.830200,0
1748262600000,177.4800,177.7500,177.3800,177.6200,53430.96,1748263499999,9487273.295900,13568,25652.33,4554960.355200,0
1748263500000,177.6200,178.4700,177.4400,178.0800,204172.91,1748264399999,36356517.195960,24797,130772.13,23288364.063760,0
1748264400000,178.0800,178.6900,177.4100,177.6300,218526.25,1748265299999,38909134.583200,28990,103699.91,18471716.844000,0
1748265300000,177.6300,178.2100,177.1900,177.7600,147185.10,1748266199999,26148233.366200,23112,75903.95,13488721.682500,0
1748266200000,177.7500,178.1200,177.6300,177.8300,83559.40,1748267099999,14865658.897700,17394,42938.02,7639477.386800,0
1748267100000,177.8300,177.8800,176.0800,176.6100,320823.30,1748267999999,56696655.124160,34995,151647.88,26793648.592400,0
1748268000000,176.6100,177.3500,176.3700,177.3000,198183.83,1748268899999,35053267.268100,29096,103399.22,18289293.745600,0
1748268900000,177.3000,177.3000,176.4200,176.8100,198521.26,1748269799999,35114763.720100,26261,107274.86,18977660.682200,0
1748269800000,176.8100,176.8900,176.0100,176.3300,237260.65,1748270699999,41840144.835700,36316,114075.70,20119309.801800,0
1748270700000,176.3200,176.7000,175.8100,176.6500,219798.31,1748271599999,38737005.174100,27067,123897.79,21841225.482100,0
1748271600000,176.6600,176.9700,176.1800,176.4300,160537.20,1748272499999,28333719.053000,23345,89205.50,15745363.343100,0
1748272500000,176.4200,177.5300,176.3400,177.4300,174361.37,1748273399999,30877618.113660,26285,101333.51,17944177.696460,0
1748273400000,177.4300,178.8000,177.4300,177.5400,521207.57,1748274299999,92847919.537730,59502,256759.27,45742553.503430,0
1748274300000,177.5400,178.0000,177.2500,177.4100,204507.77,1748275199999,36330054.658660,30185,97256.23,17280890.223300,0
1748275200000,177.4100,177.9700,177.1500,177.2200,170839.56,1748276099999,30338365.077600,26529,96117.16,17072329.182500,0
1748276100000,177.2200,177.3600,175.1200,175.7100,635326.78,1748276999999,111789344.126260,71008,308689.59,54300688.772500,0
1748277000000,175.7100,176.1800,175.1300,176.0900,253283.84,1748277899999,44507838.898600,34308,132991.67,23374400.895700,0
1748277900000,176.0900,176.3200,175.4400,175.5600,128949.03,1748278799999,22665972.548000,21298,54219.47,9533380.708600,0
1748278800000,175.5500,176.1400,175.4400,175.8200,106296.31,1748279699999,18679948.463900,18672,57020.86,10021557.323900,0
1748279700000,175.8200,175.9300,174.6200,174.9600,269961.50,1748280599999,47245023.077320,36290,97737.86,17106451.115000,0
1748280600000,174.9600,175.2100,174.2200,174.4200,215087.71,1748281499999,37559862.953240,29914,81148.34,14172162.373100,0
1748281500000,174.4100,174.4200,173.6000,173.9100,304502.45,1748282399999,52962433.113480,37334,129018.56,22441544.355400,0
1748282400000,173.9200,174.4900,173.3700,174.4700,314046.07,1748283299999,54632466.645900,37311,176492.14,30721670.117200,0
1748283300000,174.4700,174.7600,174.0400,174.7500,117686.91,1748284199999,20524208.496600,19472,66626.85,11621778.318600,0
1748284200000,174.7600,174.9500,174.4600,174.6500,93253.28,1748285099999,16290341.074700,22199,45668.64,7978655.093200,0
1748285100000,174.6400,174.6500,173.8200,174.0800,102489.23,1748285999999,17856318.199100,15151,31535.84,5494277.122200,0
1748286000000,174.0700,174.2400,173.6400,174.0800,140066.88,1748286899999,24354474.065600,19072,74597.93,12972192.614000,0
1748286900000,174.0700,174.4700,174.0000,174.0700,74681.11,1748287799999,13013256.589100,13976,40633.40,7080983.740900,0
1748287800000,174.0800,174.1700,173.5800,173.9700,72007.45,1748288699999,12522118.886200,14381,39092.22,6798675.714900,0
1748288700000,173.9800,174.2000,173.8900,173.9500,42539.79,1748289599999,7404445.656300,11952,22573.87,3929288.951200,0
1748289600000,173.9400,174.3500,173.5300,174.2800,117830.33,1748290499999,20495397.598700,19467,61204.59,10646018.324800,0
1748290500000,174.2900,174.4800,173.5700,173.9600,81114.02,1748291399999,14110885.344600,15259,45773.93,7963229.370600,0
1748291400000,173.9500,175.1300,173.9300,174.8900,143437.66,1748292299999,25053267.031300,24260,84905.30,14829307.326800,0
1748292300000,174.8900,175.2900,174.6000,175.2600,101177.53,1748293199999,17705265.352200,17792,61725.16,10802971.015500,0
1748293200000,175.2600,175.4500,174.5100,174.7700,122376.48,1748294099999,21407066.625700,19688,67323.51,11776553.443100,0
1748294100000,174.7600,174.9900,174.1800,174.8900,75829.76,1748294999999,13238324.035100,14622,40324.68,7041850.742400,0
1748295000000,174.8900,175.2000,174.5500,174.6500,60511.57,1748295899999,10583342.785800,13689,29774.23,5208061.712900,0
1748295900000,174.6400,175.1400,174.5000,174.9200,36294.67,1748296799999,6344718.780900,9773,23646.26,4133043.975400,0
1748296800000,174.9200,175.9800,174.7100,175.4500,141241.43,1748297699999,24766084.312600,23996,84904.51,14888541.216000,0
1748297700000,175.4600,175.6800,174.4400,174.5100,100934.42,1748298599999,17664874.723390,17777,53358.45,9339190.011000,0
1748298600000,174.5100,174.7900,174.2100,174.4100,59320.79,1748299499999,10347003.728600,13988,24330.14,4244198.155600,0
1748299500000,174.4100,174.4600,173.8900,174.1100,67711.01,1748300399999,11785952.438500,13697,24929.54,4339676.943100,0
1748300400000,174.1100,174.5600,173.7800,174.3100,119686.55,1748301299999,20852022.583000,19488,67565.39,11773764.023300,0
1748301300000,174.3100,174.3200,173.9500,174.1900,58349.26,1748302199999,10161712.673600,13323,22998.98,4005196.498600,0
1748302200000,174.1900,174.6200,174.1000,174.5200,54791.53,1748303099999,9556791.363200,13293,24982.96,4357518.092200,0
1748303100000,174.5300,174.9000,174.4000,174.8000,61832.32,1748303999999,10800978.630500,12401,36096.24,6304952.763000,0
1748304000000,174.8000,175.4000,174.5000,175.3200,118160.07,1748304899999,20667613.734700,19814,65836.28,11518359.964700,0
1748304900000,175.3200,175.6800,174.5800,174.6600,126900.96,1748305799999,22220482.752800,22663,53955.15,9447543.523800,0
1748305800000,174.6500,174.7000,174.0100,174.1800,100587.31,1748306699999,17531553.976000,20839,53999.30,9411694.508800,0
1748306700000,174.1700,174.5500,173.9000,174.0300,102003.90,1748307599999,17760397.479100,18869,49829.67,8676942.848200,0
1748307600000,174.0300,174.0400,172.4600,172.6600,419345.43,1748308499999,72605826.975820,47491,163345.97,28287443.521700,0
1748308500000,172.6600,172.7100,171.0600,172.0600,774859.57,1748309399999,133194811.356220,88281,359637.69,61816329.964100,0
1748309400000,172.0600,172.3600,171.0900,171.5400,332990.96,1748310299999,57220708.276200,42270,158114.93,27183960.415100,0
1748310300000,171.5400,172.0100,171.3200,171.9900,211001.81,1748311199999,36235286.348600,28795,119731.44,20559892.918800,0
1748311200000,171.9800,172.3200,171.6400,172.2100,173997.14,1748312099999,29945631.584000,24667,95436.56,16426551.872100,0
1748312100000,172.2000,173.0200,171.9000,173.0200,179547.29,1748312999999,30970283.036400,27202,102648.33,17709657.690400,0
1748313000000,173.0300,173.0600,172.5500,172.7000,150712.35,1748313899999,26041560.498140,22549,56845.47,9823630.503740,0
1748313900000,172.7100,172.7500,171.8500,172.2300,157952.69,1748314799999,27202876.418100,21729,71690.02,12346843.706500,0
1748314800000,172.2300,173.4900,172.2200,173.2700,188860.90,1748315699999,32666392.000780,26205,103390.44,17881900.669580,0
1748315700000,173.2800,173.7600,173.0600,173.2000,184527.82,1748316599999,31995171.737000,24610,94430.07,16372319.768900,0
1748316600000,173.2000,173.9900,173.1200,173.7100,162604.62,1748317499999,28228652.992100,21558,99433.29,17260463.053700,0
1748317500000,173.7100,173.9800,173.2900,173.4200,79413.84,1748318399999,13784870.852300,13943,25527.78,4431850.500600,0
1748318400000,173.4200,174.0800,173.2300,173.7100,99497.15,1748319299999,17286487.374400,16871,56711.46,9853133.934300,0
1748319300000,173.7100,174.0400,173.3700,173.8100,84365.67,1748320199999,14653276.793600,13586,39603.03,6880602.816200,0
1748320200000,173.8100,173.9500,173.4600,173.6200,69222.76,1748321099999,12025370.040700,13691,34428.11,5981156.022100,0
1748321100000,173.6200,174.1500,172.8500,173.0800,193433.84,1748321999999,33546353.305000,22241,56417.97,9791088.706400,0
1748322000000,173.0700,173.1900,172.5400,172.9700,148246.87,1748322899999,25627932.821000,19581,57364.40,9919130.964200,0
1748322900000,172.9600,172.9900,172.3700,172.5600,149509.52,1748323799999,25803743.001200,18687,62909.93,10857939.831400,0
1748323800000,172.5700,173.2500,172.5400,173.1000,83595.08,1748324699999,14455096.617600,15369,53911.97,9322342.938900,0
1748324700000,173.1000,173.9100,173.0000,173.4700,198535.51,1748325599999,34467291.392400,19532,97557.27,16935123.767900,0
1748325600000,173.4700,174.8100,173.4400,174.6300,324188.63,1748326499999,56516362.711490,41823,191845.16,33445524.504490,0
1748326500000,174.6300,174.8900,174.0800,174.2800,192998.27,1748327399999,33676424.519000,28869,79125.72,13811723.369700,0
1748327400000,174.2800,175.2000,174.2700,174.8600,231686.42,1748328299999,40505124.496300,30153,139095.53,24316681.037600,0
1748328300000,174.8500,174.9300,173.4800,173.5000,229727.50,1748329199999,40001140.959100,30587,75545.85,13158035.760600,0
1748329200000,173.5100,174.3000,173.5000,174.1700,133128.54,1748330099999,23148160.077600,21245,73413.20,12766464.999800,0
1748330100000,174.1700,174.4700,174.0000,174.3700,87502.53,1748330999999,15249162.892900,15651,42911.28,7478936.491400,0
1748331000000,174.3700,175.4300,174.3500,175.1900,193179.73,1748331899999,33817496.428000,25784,102536.52,17948560.499500,0
1748331900000,175.2000,175.8600,175.1500,175.4000,183178.76,1748332799999,32148242.760500,26812,89648.25,15735721.057800,0
1748332800000,175.4000,176.5500,175.4000,175.7600,365553.28,1748333699999,64358812.305860,50192,212118.52,37342585.657760,0
1748333700000,175.7700,176.2300,175.7600,176.0500,121666.11,1748334599999,21417804.975200,21200,62513.20,11005256.574900,0
1748334600000,176.0400,176.2300,175.2600,175.6700,231751.39,1748335499999,40698181.336500,27226,87196.25,15314479.537000,0
1748335500000,175.6800,175.8400,175.4400,175.7800,96546.52,1748336399999,16960135.601000,17226,41653.65,7318128.156900,0
1748336400000,175.7700,176.0000,175.6200,175.8400,114210.64,1748337299999,20086145.940400,19224,60911.51,10712378.339500,0
1748337300000,175.8500,175.8700,174.9100,175.0900,168723.01,1748338199999,29565838.767000,20702,70955.75,12433936.565200,0
1748338200000,175.0900,175.4000,174.9300,175.2000,90689.89,1748339099999,15886893.777800,16613,52140.77,9134397.525000,0
1748339100000,175.2100,175.8700,175.1600,175.8100,157682.47,1748339999999,27691620.376100,19707,102430.79,17987767.507700,0
1748340000000,175.8200,176.0600,175.6900,175.8300,139634.24,1748340899999,24562040.510000,17579,69807.20,12278634.662000,0
1748340900000,175.8300,176.0600,175.6200,175.9300,88185.51,1748341799999,15510142.359500,13077,46493.20,8177757.385900,0
1748341800000,175.9400,176.2500,175.8000,176.0000,98726.27,1748342699999,17381852.354500,15164,45788.32,8061228.487800,0
1748342700000,175.9900,176.2000,175.9000,176.1100,69483.79,1748343599999,12230147.678700,11320,30519.71,5372013.492600,0
1748343600000,176.1000,176.5400,175.8200,175.8700,248091.42,1748344499999,43686622.503900,25093,100392.71,17686713.202300,0
1748344500000,175.8700,176.6900,175.4000,176.4800,207429.00,1748345399999,36525618.588300,25718,96433.95,16987168.604100,0
1748345400000,176.4800,177.0500,176.2000,176.9500,157298.69,1748346299999,27772411.771600,21751,92764.74,16384341.797000,0
1748346300000,176.9600,177.1400,176.4900,176.7300,152080.07,1748347199999,26881479.929200,20039,61389.96,10851074.822100,0
1748347200000,176.7200,177.0000,176.4000,176.4100,150971.77,1748348099999,26674594.165400,21779,61813.37,10921622.467100,0
1748348100000,176.4000,177.2500,176.2200,177.1000,200057.99,1748348999999,35377018.457080,26170,108928.56,19267721.601080,0
1748349000000,177.1100,177.3600,176.4000,176.4300,169754.78,1748349899999,30021357.694160,21980,70459.08,12460917.322360,0
1748349900000,176.4300,176.9700,176.3600,176.9600,88047.79,1748350799999,15556763.690900,14853,49042.38,8664808.931400,0
1748350800000,176.9600,178.4100,176.6900,178.0100,426568.70,1748351699999,75771573.210260,53024,232312.43,41270994.601160,0
1748351700000,178.0000,179.2000,177.8500,178.6400,693503.77,1748352599999,123865565.031170,82587,423163.62,75579078.067870,0
1748352600000,178.6500,179.3700,177.7000,178.1800,503887.79,1748353499999,89954430.001100,60715,224206.31,40033304.393100,0
1748353500000,178.1800,178.6600,177.3200,177.6300,321542.07,1748354399999,57219269.369000,39279,137847.58,24531603.098700,0
1748354400000,177.6300,178.3600,177.2300,177.7900,255416.66,1748355299999,45444717.432120,42901,141226.34,25129959.816300,0
1748355300000,177.7900,178.1800,176.6700,176.8000,375924.30,1748356199999,66627002.659500,43600,162787.69,28862991.019200,0
1748356200000,176.8100,176.9600,174.9900,176.9300,773111.72,1748357099999,135983337.781360,78131,405549.80,71363687.887500,0
1748357100000,176.9300,177.3600,176.3400,177.1100,297221.31,1748357999999,52597174.466060,36168,162820.58,28815037.626560,0
1748358000000,177.1200,177.8200,176.5700,177.5900,407409.59,1748358899999,72186669.850300,51208,216923.54,38438314.938000,0
1748358900000,177.5900,178.0900,177.2800,177.7700,203947.62,1748359799999,36237718.242060,30815,110841.38,19697573.695960,0
1748359800000,177.7800,178.2500,177.4300,178.0500,222197.92,1748360699999,39513936.418500,27599,108460.99,19293049.669400,0
1748360700000,178.0400,178.6600,178.0400,178.4100,220784.00,1748361599999,39375719.760400,27209,95572.82,17046221.464600,0
1748361600000,178.4100,178.4500,177.4300,177.7200,245731.01,1748362499999,43711930.200000,32669,94771.81,16857943.835100,0
1748362500000,177.7200,178.7500,177.7200,178.0000,271333.69,1748363399999,48363205.884070,30437,166620.15,29691766.427270,0
1748363400000,178.0100,179.0200,177.9700,178.8500,167296.14,1748364299999,29882909.837800,33840,82486.34,14735959.874600,0
1748364300000,178.8500,179.0600,177.8600,178.1000,205898.43,1748365199999,36741087.870400,25965,73030.51,13034335.016000,0
1748365200000,178.1000,179.2100,178.0300,178.2900,281389.91,1748366099999,50277915.767400,31664,150137.45,26821295.271100,0
1748366100000,178.2900,178.7800,177.9200,178.2400,175597.90,1748366999999,31311823.847900,24830,82321.50,14681418.414100,0
1748367000000,178.2500,178.8000,177.8700,178.7100,157621.48,1748367899999,28115281.476400,23321,89057.69,15887701.373600,0
1748367900000,178.7100,179.2700,178.3300,178.3700,236385.35,1748368799999,42285344.346700,28687,114390.50,20464251.575500,0
1748368800000,178.3600,178.9500,178.2100,178.6800,129105.15,1748369699999,23066352.478400,20843,77267.45,13805879.111800,0
1748369700000,178.6800,179.1100,178.4700,178.5600,131472.86,1748370599999,23501869.952800,20902,49245.78,8804311.089400,0
1748370600000,178.5600,178.8200,177.8800,178.2600,197689.24,1748371499999,35249150.822500,23698,82704.47,14747085.907300,0
1748371500000,178.2600,178.7100,178.1000,178.4800,110956.54,1748372399999,19803961.796100,15737,50870.37,9079758.122200,0
1748372400000,178.4700,179.2200,178.1700,179.0200,232493.38,1748373299999,41569080.597600,27532,122936.71,21982907.682600,0
1748373300000,179.0200,179.0200,178.3500,178.5200,72854.49,1748374199999,13016055.834900,16154,35941.24,6420488.250500,0
1748374200000,178.5200,178.8100,177.7100,178.0600,194952.27,1748375099999,34728400.552400,24246,86689.46,15444905.866700,0
1748375100000,178.0500,178.3600,177.3200,177.4500,151792.33,1748375999999,26992795.554000,21358,67597.15,12023041.457200,0
1748376000000,177.4500,178.1200,177.0300,177.9900,217346.17,1748376899999,38593333.308060,31646,122524.08,21762470.191000,0
1748376900000,177.9900,178.3600,177.9500,178.2400,77333.50,1748377799999,13781922.302900,14299,43544.91,7760449.113800,0
1748377800000,178.2400,178.6000,177.8200,177.8900,94802.20,1748378699999,16895286.430400,17243,41422.34,7382523.711100,0
1748378700000,177.8900,178.2500,177.7100,177.9800,64220.61,1748379599999,11433274.696200,12615,32293.18,5749644.502200,0
1748379600000,177.9800,178.2200,177.7500,178.2100,79316.40,1748380499999,14119126.588800,13257,40646.66,7235562.909400,0
1748380500000,178.2200,178.2200,176.6400,176.8500,239302.88,1748381399999,42404538.575900,26691,93732.04,16614683.452100,0
1748381400000,176.8600,177.3500,175.8900,176.1100,239490.83,1748382299999,42255699.018860,37376,100881.34,17802334.411000,0
1748382300000,176.1100,176.6000,176.0400,176.3600,71235.86,1748383199999,12562742.759800,14313,44186.52,7793172.288600,0
1748383200000,176.3600,176.9500,175.5700,175.8700,204288.63,1748384099999,36013811.559800,32307,101624.21,17926826.600800,0
1748384100000,175.8600,176.5400,175.5000,176.2100,177752.05,1748384999999,31267755.197300,26086,107477.99,18910198.502800,0
1748385000000,176.2000,176.5700,176.0100,176.4600,87504.37,1748385899999,15427606.456900,18455,55219.58,9735990.963300,0
1748385900000,176.4700,176.8100,176.3200,176.5700,66274.82,1748386799999,11701406.169200,14893,41826.27,7385016.634200,0
1748386800000,176.5700,176.9700,176.4600,176.7000,85656.15,1748387699999,15136936.787500,15991,46495.41,8217679.500900,0
1748387700000,176.7000,176.8400,176.1000,176.1400,58872.98,1748388599999,10390738.758100,12423,26116.74,4610001.416900,0
1748388600000,176.1300,176.7000,176.0200,176.4600,64491.20,1748389499999,11377112.029300,13280,36395.57,6422305.582400,0
1748389500000,176.4700,176.8100,176.4300,176.6400,60229.50,1748390399999,10637221.178500,11174,34256.11,6049916.755100,0
1748390400000,176.6400,176.7600,175.9900,176.0400,110026.16,1748391299999,19405330.955700,16911,42271.87,7455770.936400,0
1748391300000,176.0500,177.0400,175.7700,176.8900,134585.07,1748392199999,23736195.486100,20837,83480.26,14727427.326700,0
1748392200000,176.9000,177.1600,176.2900,176.8100,94518.62,1748393099999,16705657.566500,19492,51120.83,9036398.803800,0
1748393100000,176.8200,177.3400,176.3300,177.1700,84443.28,1748393999999,14937401.610460,16671,48933.07,8657255.121860,0
1748394000000,177.1700,177.3800,176.5200,176.5600,99615.85,1748394899999,17627625.758200,16741,45402.82,8034190.858500,0
1748394900000,176.5600,176.5600,176.0200,176.1500,96892.13,1748395799999,17074474.550400,15986,49678.67,8754217.483100,0
1748395800000,176.1500,176.6100,175.8800,176.3500,106434.00,1748396699999,18751655.280300,18632,53639.96,9452078.356900,0
1748396700000,176.3500,176.7600,175.0500,175.3900,213110.72,1748397599999,37461735.419100,25527,62934.54,11067752.625800,0
1748397600000,175.3900,175.4000,174.7500,174.9400,386139.23,1748398499999,67587569.559400,37540,198607.32,34763271.177400,0
1748398500000,174.9300,175.0000,174.3100,174.4900,264609.22,1748399399999,46205291.704010,32573,118671.56,20723807.727200,0
1748399400000,174.5000,174.9800,174.4200,174.7400,186903.69,1748400299999,32658702.629900,22790,120627.80,21079462.072300,0
1748400300000,174.7400,174.8400,174.4600,174.5300,105483.20,1748401199999,18421837.644200,16412,56102.79,9798588.450400,0
1748401200000,174.5300,174.9500,174.3400,174.8800,91731.67,1748402099999,16021452.659100,16411,64400.60,11249505.375200,0
1748402100000,174.8800,174.8800,174.1300,174.3500,122491.81,1748402999999,21364142.077780,19774,57328.79,9997085.468300,0
1748403000000,174.3400,175.1200,174.2700,174.8300,106071.91,1748403899999,18533778.950800,18525,71320.45,12462684.724100,0
1748403900000,174.8300,175.2200,174.7700,175.0300,99885.50,1748404799999,17482740.733600,15514,63610.98,11133331.727400,0
1748404800000,175.0200,175.0300,174.4500,174.6300,135787.40,1748405699999,23727631.523700,18032,52059.40,9097280.908200,0
1748405700000,174.6300,174.8700,174.2300,174.3600,61487.00,1748406599999,10731440.689900,13144,28105.84,4905798.699500,0
1748406600000,174.3600,175.1000,174.3100,174.9500,77899.53,1748407499999,13619140.906500,15112,48896.93,8548412.640700,0
1748407500000,174.9500,175.2700,174.7900,174.8300,90121.74,1748408399999,15775255.239300,15363,60350.44,10564999.801200,0
1748408400000,174.8200,174.8600,174.3900,174.6600,111170.91,1748409299999,19410770.871800,14481,60413.34,10547211.161100,0
1748409300000,174.6600,174.8900,174.5200,174.8100,50317.98,1748410199999,8792350.691800,11042,28893.75,5048854.015200,0
1748410200000,174.8000,175.0800,174.5100,174.7500,74545.66,1748411099999,13033024.022900,15043,39759.33,6951600.564500,0
1748411100000,174.7400,174.8100,174.4300,174.4800,64686.42,1748411999999,11297149.454400,14637,30730.24,5367171.864300,0
1748412000000,174.4800,174.5100,173.6300,173.6500,229987.67,1748412899999,40005162.792400,29920,86909.10,15117641.930300,0
1748412900000,173.6500,174.1700,173.6100,174.1500,99877.94,1748413799999,17371079.722200,17634,59193.07,10295441.539200,0
1748413800000,174.1500,174.1500,173.5800,174.0000,69397.82,1748414699999,12064150.134600,15229,31701.44,5511062.634400,0
1748414700000,174.0100,174.2800,173.8900,173.9300,88596.64,1748415599999,15425196.699600,14903,38125.86,6638374.195100,0
1748415600000,173.9300,174.3700,173.7100,174.1600,96711.71,1748416499999,16837345.069600,17359,47548.62,8278678.336900,0
1748416500000,174.1600,174.3300,173.9200,173.9700,58944.24,1748417399999,10263689.833300,11900,31286.93,5448293.543300,0
1748417400000,173.9600,174.4300,173.9100,174.3600,75579.05,1748418299999,13164581.546500,13410,44829.08,7809395.100700,0
1748418300000,174.3700,174.4800,173.7300,173.8100,112558.95,1748419199999,19604840.068400,17067,59813.30,10419453.499800,0
1748419200000,173.8200,174.1100,173.3700,173.6400,175788.94,1748420099999,30546066.345200,23266,96149.23,16711221.830900,0
1748420100000,173.6300,174.2000,173.5100,174.0700,97508.98,1748420999999,16954827.557700,15282,53893.81,9370462.910100,0
1748421000000,174.0600,174.3100,173.4600,174.2900,142977.50,1748421899999,24865530.942700,20696,71791.10,12489196.673800,0
1748421900000,174.2800,174.3800,173.8300,174.0100,95605.95,1748422799999,16641040.972400,15438,45619.30,7940128.603500,0
1748422800000,174.0100,174.0600,173.4500,173.5300,95932.79,1748423699999,16664599.157200,16072,37344.04,6486963.264000,0
1748423700000,173.5300,173.6400,173.0900,173.1200,151225.67,1748424599999,26212473.071480,21013,56289.86,9758349.249100,0
1748424600000,173.1200,173.6600,172.8000,173.5100,254440.89,1748425499999,44070097.355340,36679,132781.07,23007531.092300,0
1748425500000,173.5100,173.6900,173.1100,173.3100,105821.15,1748426399999,18354446.713900,16059,56000.98,9714717.789700,0
1748426400000,173.3200,173.5300,172.7200,173.5000,201460.68,1748427299999,34856942.031100,23831,86690.79,15006067.152600,0
1748427300000,173.5100,173.7500,173.0900,173.5800,136076.75,1748428199999,23598674.576300,18467,80805.37,14015419.774600,0
1748428200000,173.5800,173.9100,173.4800,173.7200,115076.78,1748429099999,19991696.440700,18014,57230.69,9942422.458200,0
1748429100000,173.7200,174.2100,173.6600,173.9000,180747.81,1748429999999,31444973.611900,21156,87910.02,15294060.500100,0
1748430000000,173.9000,174.1500,173.7900,173.8700,92319.06,1748430899999,16060791.069600,16688,40675.70,7077519.495500,0
1748430900000,173.8700,174.0000,173.5500,173.6000,68283.80,1748431799999,11863274.975700,13776,31197.96,5420723.024200,0
1748431800000,173.5900,174.2100,173.5700,174.1400,95715.14,1748432699999,16656780.080600,15084,55833.56,9716246.907700,0
1748432700000,174.1400,174.4200,174.0800,174.4200,105348.63,1748433599999,18359911.086400,17076,62819.78,10948896.977300,0
1748433600000,174.4200,174.5300,174.0800,174.4300,124633.60,1748434499999,21730235.133790,25779,60575.33,10562162.114590,0
1748434500000,174.4200,174.8800,174.3000,174.7100,185226.92,1748435399999,32351422.808620,24096,109770.92,19173529.505120,0
1748435400000,174.7100,174.9900,174.5400,174.9600,197265.20,1748436299999,34479785.658500,25525,107845.07,18851960.193500,0
1748436300000,174.9600,175.0500,174.0100,174.1300,173509.95,1748437199999,30267012.217300,24268,73016.37,12738556.418400,0
1748437200000,174.1300,174.2100,173.6500,174.0000,180825.31,1748438099999,31458518.400900,23433,91697.86,15953321.692400,0
1748438100000,173.9900,174.0400,173.3800,173.8500,171503.81,1748438999999,29782488.790100,23402,73900.22,12835028.196400,0
1748439000000,173.8500,174.4200,173.1000,173.3100,280340.78,1748439899999,48719417.596080,41414,121167.81,21066439.041300,0
1748439900000,173.3000,173.3100,172.3100,172.4700,476807.15,1748440799999,82382732.004140,55141,187751.60,32441469.642300,0
1748440800000,172.4600,172.8400,171.7800,171.9900,538574.67,1748441699999,92781951.675500,57878,220338.60,37971124.748700,0
1748441700000,171.9900,172.2300,171.2200,171.9500,601853.77,1748442599999,103343282.916200,61197,302944.36,52027697.368500,0
1748442600000,171.9500,171.9500,170.7000,171.2100,557874.74,1748443499999,95530034.341620,60953,232772.83,39859811.558400,0
1748443500000,171.2000,171.5300,169.8100,170.0500,730866.70,1748444399999,124678357.428840,76455,239198.44,40822478.240900,0
1748444400000,170.0500,170.4600,168.8000,168.9100,979707.11,1748445299999,166215672.114600,96198,410012.03,69556305.341700,0
1748445300000,168.9100,169.9900,168.8100,169.9400,407679.46,1748446199999,69141346.998900,49259,241886.13,41026826.655200,0
1748446200000,169.9400,170.3100,169.6400,170.1700,259826.22,1748447099999,44162104.567240,33009,168746.76,28681337.944740,0
1748447100000,170.1800,170.2000,169.4500,169.6000,189157.29,1748447999999,32119356.431000,27542,85692.04,14551700.002900,0
1748448000000,169.6100,170.2500,169.4400,170.0000,195877.40,1748448899999,33275321.800400,29270,114450.95,19444280.752700,0
1748448900000,170.0000,170.7100,169.9800,170.6000,231204.08,1748449799999,39402626.670300,26726,146897.96,25032443.335100,0
1748449800000,170.6000,170.6000,170.0200,170.4400,131741.31,1748450699999,22435234.837500,20637,54636.15,9305339.215100,0
1748450700000,170.4400,170.9500,170.3100,170.9300,116296.58,1748451599999,19845170.439200,19221,70759.61,12076027.287100,0
1748451600000,170.9400,171.8400,170.9300,171.4100,376565.93,1748452499999,64575394.931500,45167,220593.15,37825695.372500,0
1748452500000,171.4000,171.9200,170.7500,171.0500,202237.24,1748453399999,34641881.228500,24834,83029.04,14228261.900900,0
1748453400000,171.0500,171.0500,170.1200,170.3900,160993.04,1748454299999,27450043.202140,23135,52263.00,8909707.232900,0
1748454300000,170.3900,170.8000,170.2200,170.7300,92714.83,1748455199999,15815556.308800,15519,46615.32,7952974.952300,0
1748455200000,170.7300,171.3100,170.5400,171.3000,117285.52,1748456099999,20052508.125600,19500,72414.08,12381936.393400,0
1748456100000,171.3100,171.3800,170.4400,170.4800,115344.41,1748456999999,19719189.595900,17935,55046.58,9416101.010800,0
1748457000000,170.4700,170.8200,170.3000,170.7300,66762.89,1748457899999,11385904.063400,15247,31838.13,5430478.885500,0
1748457900000,170.7300,170.9300,169.6800,169.8500,213129.86,1748458799999,36237774.399200,31929,81280.90,13825909.057300,0
1748458800000,169.8400,170.7800,169.7400,170.4900,157250.08,1748459699999,26794536.936200,22436,98335.67,16758339.494700,0
1748459700000,170.4900,170.5000,169.5600,169.6600,132032.12,1748460599999,22441945.096600,20862,46909.82,7974824.451200,0
1748460600000,169.6600,170.0800,169.2200,169.2200,221237.98,1748461499999,37517132.932100,26520,90581.95,15364417.987500,0
1748461500000,169.2200,169.7000,169.0400,169.3100,278476.79,1748462399999,47166448.904600,29563,141725.45,24005447.167300,0
1748462400000,169.3200,169.7500,169.1100,169.5800,184610.78,1748463299999,31274354.190500,22706,93640.50,15866791.150300,0
1748463300000,169.5700,170.2000,169.4000,170.0300,201483.93,1748464199999,34211151.971100,27648,113985.39,19358691.483000,0
1748464200000,170.0300,170.5200,169.6800,170.3300,122056.27,1748465099999,20780149.679500,19990,74293.46,12652468.498500,0
1748465100000,170.3400,170.7200,170.1100,170.7100,91355.45,1748465999999,15569801.720300,16153,55805.93,9512903.291500,0
1748466000000,170.7200,170.7600,170.4400,170.7300,91099.15,1748466899999,15541935.822200,14882,60652.23,10347532.452200,0
1748466900000,170.7400,171.1800,170.7100,170.9500,93266.41,1748467799999,15948942.401000,14179,56395.42,9643904.732200,0
1748467800000,170.9500,171.3200,170.9500,171.2800,46483.25,1748468699999,7954726.247400,9562,28980.24,4959187.333400,0
1748468700000,171.2900,171.5000,171.0900,171.4400,65563.60,1748469599999,11233197.775500,15668,39720.11,6805762.565500,0
1748469600000,171.4300,171.4800,170.4100,170.6900,183353.44,1748470499999,31328267.081300,23700,60830.18,10396272.942900,0
1748470500000,170.7000,170.8100,170.4300,170.5900,70389.59,1748471399999,12010756.698200,11112,33244.83,5673128.886500,0
1748471400000,170.5900,170.7000,170.2400,170.5400,62963.20,1748472299999,10733201.945600,11984,31030.32,5290139.355900,0
1748472300000,170.5400,170.9500,170.2700,170.7900,73934.73,1748473199999,12619574.349000,12410,47055.99,8033086.462700,0
1748473200000,170.7900,171.8100,170.7900,171.7900,178378.98,1748474099999,30562293.569700,21927,126521.85,21679059.749900,0
1748474100000,171.8000,172.3800,171.6300,172.1800,364775.76,1748474999999,62752915.465600,34321,213487.43,36731986.544400,0
1748475000000,172.1900,172.5900,171.8800,172.1800,205680.37,1748475899999,35438514.535700,30213,87526.74,15082115.943500,0
1748475900000,172.1800,172.2100,171.8100,172.1100,100533.31,1748476799999,17292356.127500,15495,36041.72,6199266.352200,0
1748476800000,172.1200,172.2000,171.2300,171.5300,266519.84,1748477699999,45741287.034300,29333,109232.75,18744330.585500,0
1748477700000,171.5400,172.2000,171.3300,172.1200,192006.29,1748478599999,32952767.367000,24961,100979.17,17332749.583100,0
1748478600000,172.1300,172.4700,171.7800,172.2900,184553.77,1748479499999,31775455.874200,23650,77928.50,13415305.022900,0
1748479500000,172.2900,173.6300,172.2800,173.5500,283095.99,1748480399999,48972603.302700,38107,167768.34,29024790.230500,0
1748480400000,173.5600,173.6000,172.6200,172.9000,215838.24,1748481299999,37365368.465300,29532,82960.99,14361430.822000,0
1748481300000,172.9000,173.0600,172.4000,172.6800,121024.90,1748482199999,20899829.194200,18047,44070.25,7612738.938600,0
1748482200000,172.6900,173.2100,172.4600,173.0300,120862.53,1748483099999,20884129.308200,17943,64520.08,11151977.945800,0
1748483100000,173.0400,173.3100,172.8200,172.8900,132824.94,1748483999999,22990792.161600,19576,65456.53,11330511.878100,0
1748484000000,172.8800,173.0300,172.1900,172.2300,135262.89,1748484899999,23332219.918100,16285,66728.58,11509988.365500,0
1748484900000,172.2200,173.3400,172.2200,173.3400,166783.14,1748485799999,28838531.984400,23700,104401.89,18053665.467200,0
1748485800000,173.3300,174.4200,173.3300,174.2900,436339.19,1748486699999,75917566.244080,54432,226452.54,39396025.263980,0
1748486700000,174.3000,175.0700,174.3000,174.9500,442916.51,1748487599999,77423777.512110,46288,213791.25,37372366.811710,0
1748487600000,174.9500,175.2800,174.0100,174.1100,313139.54,1748488499999,54675764.411000,38439,124994.38,21832392.767000,0
1748488500000,174.1000,174.6200,173.9000,174.0700,206415.46,1748489399999,35953977.850100,25685,109905.41,19144567.439400,0
1748489400000,174.0800,174.2000,173.2400,173.5300,246488.35,1748490299999,42794992.553200,25978,99728.40,17317149.617900,0
1748490300000,173.5200,173.8800,173.3200,173.6200,146971.41,1748491199999,25511887.397300,17965,89221.89,15487289.976500,0
1748491200000,173.6100,173.8900,173.0100,173.1900,171000.51,1748492099999,29657924.661340,21567,78301.85,13583103.262100,0
1748492100000,173.1900,173.2300,172.5500,173.0200,235096.40,1748492999999,40635570.306400,28485,96901.20,16748355.063100,0
1748493000000,173.0300,173.1000,171.6000,171.8100,395873.10,1748493899999,68122686.430860,36202,135949.53,23392358.455400,0
1748493900000,171.8100,172.0000,169.9600,171.8800,838786.49,1748494799999,143340748.165260,77422,424373.85,72557763.161460,0
1748494800000,171.8800,172.1300,171.5500,171.6400,166078.55,1748495699999,28532950.456000,21515,85675.11,14721443.215000,0
1748495700000,171.6300,172.3200,171.6300,172.0300,115829.51,1748496599999,19928939.027400,15590,66207.40,11391972.716800,0
1748496600000,172.0300,172.3300,171.8900,172.3200,81919.90,1748497499999,14099394.869800,12689,42519.91,7319113.112300,0
1748497500000,172.3200,172.4400,171.6600,171.9400,102612.76,1748498399999,17649572.169400,15274,46316.70,7967536.236900,0
1748498400000,171.9300,172.1300,171.7000,171.9400,90156.74,1748499299999,15504854.316300,14778,46796.34,8048340.199600,0
1748499300000,171.9500,172.4700,171.9000,172.4400,72307.38,1748500199999,12449887.068500,12260,46833.90,8064615.328400,0
1748500200000,172.4500,172.5800,172.2000,172.3600,72817.66,1748501099999,12551281.759600,13216,37698.72,6498727.063700,0
1748501100000,172.3600,172.7900,172.3300,172.5000,74475.82,1748501999999,12850826.496600,12857,41888.26,7228844.066000,0
1748502000000,172.4900,172.5400,171.8100,172.4600,117861.27,1748502899999,20289259.873200,19114,49263.74,8481431.810800,0
1748502900000,172.4600,172.9200,172.3000,172.8800,146742.99,1748503799999,25340041.184400,18611,93500.79,16147068.664500,0
1748503800000,172.8700,172.9300,172.5400,172.6700,64851.53,1748504699999,11200375.666800,17870,26034.05,4496979.486300,0
1748504700000,172.6700,172.7400,172.0300,172.1600,142811.80,1748505599999,24606547.910400,17440,54984.54,9473077.080300,0
1748505600000,172.1700,172.3100,171.5500,172.2900,170937.01,1748506499999,29387013.237800,25175,87059.48,14968779.656800,0
1748506500000,172.3000,172.7700,172.2900,172.4600,105881.15,1748507399999,18265018.577200,17608,52774.48,9104366.702600,0
1748507400000,172.4600,173.3300,172.3100,172.6100,206443.24,1748508299999,35693801.660280,25316,118486.79,20487687.554580,0
1748508300000,172.6000,173.1700,172.3300,172.9800,114427.46,1748509199999,19772676.218300,18810,53036.13,9162092.401600,0
1748509200000,172.9800,173.1700,172.6700,172.9500,97197.77,1748510099999,16807243.347100,17067,47553.93,8224820.318800,0
1748510100000,172.9500,173.0600,172.5400,172.6200,72878.84,1748510999999,12591663.612800,11547,32222.59,5567887.919100,0
1748511000000,172.6200,172.9100,172.3700,172.4000,89067.19,1748511899999,15375357.217700,13817,39977.49,6902382.661900,0
1748511900000,172.4100,172.8200,172.3100,172.6000,91241.79,1748512799999,15750100.445900,13543,34559.31,5965817.909000,0
1748512800000,172.6100,172.7800,172.1100,172.3700,148359.57,1748513699999,25575690.780300,19761,50497.29,8707640.805800,0
1748513700000,172.3700,172.5900,172.0300,172.0400,64551.28,1748514599999,11124976.189400,12730,20783.15,3582786.989000,0
1748514600000,172.0300,172.4900,172.0200,172.3900,58170.33,1748515499999,10020989.536100,11365,25816.22,4446855.860200,0
1748515500000,172.3800,172.7200,172.3500,172.5300,65339.31,1748516399999,11275956.219500,11465,35887.31,6193365.698900,0
1748516400000,172.5200,172.9100,172.4300,172.7100,117197.35,1748517299999,20237872.286000,14707,50498.76,8719432.651300,0
1748517300000,172.7200,173.4000,172.7000,173.2000,221992.27,1748518199999,38442020.120600,18386,119852.67,20751137.123900,0
1748518200000,173.2000,173.3900,172.6700,172.8000,139001.07,1748519099999,24050831.285700,18658,38051.74,6584582.046000,0
1748519100000,172.8000,173.0100,172.6000,172.7800,101850.19,1748519999999,17600063.218300,16680,47435.04,8197407.113800,0
1748520000000,172.7800,172.8200,172.0700,172.4000,180859.01,1748520899999,31176322.970900,21653,88248.79,15212529.391400,0
1748520900000,172.4000,172.6600,172.0900,172.5300,86694.84,1748521799999,14941900.535400,15656,44651.54,7695954.119400,0
1748521800000,172.5400,172.8700,171.3900,171.5700,247020.33,1748522699999,42485339.686800,29270,105275.26,18107638.317900,0
1748522700000,171.5600,172.0500,171.5000,171.7400,180517.25,1748523599999,31007914.505300,21318,84722.27,14553746.938100,0
1748523600000,171.7500,172.4400,171.7400,172.1400,119471.69,1748524499999,20569255.355700,15891,48668.02,8376353.901700,0
1748524500000,172.1400,172.2500,171.3400,171.7100,207513.23,1748525399999,35626071.818400,27322,79404.14,13629510.422400,0
1748525400000,171.7000,171.8400,170.4700,170.6800,421208.53,1748526299999,72049477.753000,40564,156193.41,26716883.007000,0
1748526300000,170.6800,171.4000,170.3400,170.6900,417015.42,1748527199999,71217954.450400,38580,184182.61,31460905.373400,0
1748527200000,170.6800,170.9000,169.7100,170.1300,496284.41,1748528099999,84423369.389040,51565,192556.98,32763763.750300,0
1748528100000,170.1300,170.1600,168.8000,169.3700,564981.86,1748528999999,95643070.371300,57705,274045.86,46390900.153300,0
1748529000000,169.3600,169.8700,169.0000,169.8000,361929.17,1748529899999,61337702.065700,38551,210316.96,35647085.685100,0
1748529900000,169.8100,170.8900,169.7800,170.5800,393783.45,1748530799999,67095560.468140,38420,225517.76,38417894.827140,0
1748530800000,170.5800,170.8600,170.2700,170.4000,184331.08,1748531699999,31440401.285000,23428,79227.70,13515115.803900,0
1748531700000,170.3900,170.6000,170.2400,170.4200,109222.73,1748532599999,18613527.886900,17327,47800.32,8146028.309900,0
1748532600000,170.4100,170.5800,169.7100,169.8600,150550.04,1748533499999,25598038.542100,22000,65111.70,11074435.263000,0
1748533500000,169.8600,170.1200,169.4700,169.6500,125696.46,1748534399999,21338349.419200,20935,54798.70,9303057.336000,0
1748534400000,169.6500,169.9200,169.2500,169.7700,217686.04,1748535299999,36915315.241100,26541,110130.52,18678082.309600,0
1748535300000,169.7600,170.2100,169.2400,169.4200,170691.64,1748536199999,28965995.054100,24056,79576.29,13503749.075800,0
1748536200000,169.4100,169.5700,169.0000,169.2100,155249.54,1748537099999,26266220.307600,21510,63402.20,10728125.788000,0
1748537100000,169.2100,169.3500,167.6600,168.2700,577486.69,1748537999999,97245510.358980,57662,225605.91,37990979.402000,0
1748538000000,168.2700,168.8400,167.9100,168.5700,206183.23,1748538899999,34719649.926300,27695,115144.34,19390482.258100,0
1748538900000,168.5700,168.8700,168.0700,168.2400,153734.76,1748539799999,25892599.554300,23128,64770.51,10910456.159300,0
1748539800000,168.2300,168.8000,168.1300,168.2000,142759.75,1748540699999,24042839.045900,23114,68870.14,11600579.145300,0
1748540700000,168.2000,169.4100,168.0700,168.7300,310712.30,1748541599999,52478670.144200,33892,172806.79,29183114.299900,0
1748541600000,168.7300,169.7300,168.5500,169.5200,272568.92,1748542499999,46098030.503000,27065,172429.51,29161266.237400,0
1748542500000,169.5100,169.5200,168.9100,168.9200,149592.74,1748543399999,25318944.945600,19908,50430.30,8531718.495000,0
1748543400000,168.9100,169.3200,167.7600,167.8700,286586.06,1748544299999,48272269.802900,29285,88296.84,14868717.822900,0
1748544300000,167.8700,168.4400,167.7700,167.7700,170477.13,1748545199999,28653129.750400,21783,81273.96,13662930.151200,0
1748545200000,167.7800,168.2600,166.0500,166.1400,661751.75,1748546099999,110549098.404420,62902,236772.87,39593702.709000,0
1748546100000,166.1400,166.8300,165.9000,166.6500,355460.75,1748546999999,59150133.670200,41775,191743.93,31914257.613000,0
1748547000000,166.6500,167.1800,166.2100,166.4800,200333.56,1748547899999,33402356.322200,30516,88618.79,14775819.474700,0
1748547900000,166.4800,167.1400,166.4500,166.7500,135950.66,1748548799999,22681678.677300,23500,69841.75,11652973.099100,0
1748548800000,166.7500,167.3200,166.6500,166.9700,279420.14,1748549699999,46675266.659000,30253,178200.52,29767274.376800,0
1748549700000,166.9800,167.4300,166.9800,167.1400,131297.49,1748550599999,21952651.845900,16276,53597.97,8961210.296900,0
1748550600000,167.1400,167.5400,166.8400,166.9000,98425.69,1748551499999,16463474.136400,15786,49942.18,8356102.570500,0
1748551500000,166.9100,167.3300,166.6500,167.1900,66164.18,1748552399999,11048465.620900,12859,38625.00,6449732.386800,0
1748552400000,167.2000,167.6000,167.0900,167.5800,85109.13,1748553299999,14237863.934780,12414,49615.53,8300959.100980,0
1748553300000,167.5800,167.9600,167.4200,167.5400,115105.94,1748554199999,19306307.876500,14372,69590.34,11672748.898500,0
1748554200000,167.5400,168.1100,167.5000,168.0400,50618.01,1748555099999,8497273.636200,10948,31917.70,5357770.581200,0
1748555100000,168.0400,168.4500,167.9500,168.3000,73845.31,1748555999999,12422795.981720,15634,38778.29,6523879.343320,0
1748556000000,168.3000,168.3600,167.8000,168.0600,133360.64,1748556899999,22415533.066800,18784,72353.22,12161722.124000,0
1748556900000,168.0600,168.1100,167.6100,167.6600,54097.48,1748557799999,9081764.228800,10645,21200.75,3559297.427100,0
1748557800000,167.6600,167.7800,167.3000,167.3600,64454.22,1748558699999,10797906.699200,10912,21198.78,3551927.147500,0
1748558700000,167.3600,167.5800,166.9600,166.9600,100167.60,1748559599999,16751644.874700,19503,35267.25,5898971.919900,0
1748559600000,166.9700,167.4700,166.9300,167.2700,70163.32,1748560499999,11731682.350100,12902,41781.06,6985718.839800,0
1748560500000,167.2700,167.3200,166.5500,166.7900,121052.23,1748561399999,20191305.496050,16669,47810.60,7974995.455200,0
1748561400000,166.8000,167.1400,166.5600,166.6200,91399.10,1748562299999,15243326.440300,16208,35681.58,5952034.586600,0
1748562300000,166.6100,166.7900,165.8700,166.6200,213834.12,1748563199999,35545911.047390,27397,91761.53,15257165.095300,0
1748563200000,166.6100,167.3200,166.5200,167.2400,174184.43,1748564099999,29093932.686800,22845,121554.17,20302967.776000,0
1748564100000,167.2400,167.4100,166.6600,166.8100,88507.98,1748564999999,14792854.023700,17260,45666.09,7634008.119800,0
1748565000000,166.8100,167.0400,165.9900,166.6700,195440.63,1748565899999,32528139.872200,27673,105102.76,17492817.282300,0
1748565900000,166.6800,166.7500,159.8500,161.7700,2131648.00,1748566799999,347413017.284010,195035,731337.04,119066247.960300,0
1748566800000,161.7600,163.4400,161.5500,163.1900,1002727.43,1748567699999,163109895.537400,102720,535405.89,87088199.039600,0
1748567700000,163.1800,163.9600,162.8800,163.7800,396281.60,1748568599999,64759486.705680,44835,180630.63,29524154.122780,0
1748568600000,163.7900,164.0000,162.9500,163.7300,210500.46,1748569499999,34434349.055200,27385,89194.71,14591195.214900,0
1748569500000,163.7300,163.9800,162.8900,163.3400,181404.09,1748570399999,29630215.489800,25022,78361.09,12797435.923000,0
1748570400000,163.3400,164.2100,163.2500,164.0600,203828.88,1748571299999,33380627.451300,29268,115551.83,18922719.498700,0
1748571300000,164.0700,164.8900,164.0100,164.7100,293876.50,1748572199999,48352011.619080,33139,159034.89,26167572.283980,0
1748572200000,164.7200,165.2000,164.6400,165.0600,166856.03,1748573099999,27520762.021370,24119,94864.59,15646623.718470,0
1748573100000,165.0700,165.1700,164.7400,164.9900,134854.49,1748573999999,22237769.110400,18050,57074.61,9411808.348100,0
1748574000000,164.9800,165.3200,164.6900,165.2500,150659.42,1748574899999,24862897.396000,22053,78777.70,13000435.600000,0
1748574900000,165.2600,165.4800,165.0800,165.4600,104836.15,1748575799999,17326946.929500,15693,52522.29,8680737.314600,0
1748575800000,165.4600,165.6500,165.1300,165.1900,134070.44,1748576699999,22171790.309800,17633,61277.94,10135214.723300,0
1748576700000,165.1900,165.2000,164.8300,165.0300,125596.72,1748577599999,20721868.997600,14388,49999.94,8249473.570200,0
1748577600000,165.0300,165.0400,164.5300,164.5500,136197.57,1748578499999,22442936.221600,18210,58310.38,9608550.492200,0
1748578500000,164.5500,164.8500,164.3900,164.7300,91006.57,1748579399999,14979402.058100,13370,44568.73,7336754.035900,0
1748579400000,164.7200,164.8600,164.4800,164.8500,51799.12,1748580299999,8532272.119800,10847,26977.19,4443983.365900,0
1748580300000,164.8500,165.3800,164.8400,165.2600,89556.60,1748581199999,14794488.032200,13302,53725.46,8874755.154500,0
1748581200000,165.2500,165.7100,165.2100,165.4400,118174.34,1748582099999,19564329.966800,15883,67340.15,11148146.718500,0
1748582100000,165.4500,165.6900,165.2300,165.6000,99144.41,1748582999999,16409053.737500,13524,51166.74,8468846.408300,0
1748583000000,165.6000,165.7700,165.2200,165.3800,123038.87,1748583899999,20361522.607100,15561,60029.22,9935046.976400,0
1748583900000,165.3800,165.3900,164.6500,165.1400,160789.43,1748584799999,26518966.942800,17851,92670.93,15283759.257200,0
1748584800000,165.1400,165.1800,164.4300,164.5500,150983.02,1748585699999,24865251.201500,19859,75124.29,12370727.691100,0
1748585700000,164.5400,164.6300,163.8700,163.9600,186855.90,1748586599999,30693240.379800,20805,64195.85,10546402.695700,0
1748586600000,163.9600,164.2400,163.5200,163.6400,228987.95,1748587499999,37518007.017780,23705,98812.99,16191341.034300,0
1748587500000,163.6400,163.7200,162.5000,163.3800,497066.15,1748588399999,81064639.823600,45254,205795.98,33562187.454000,0
1748588400000,163.3800,164.0600,162.7100,163.0100,329025.32,1748589299999,53763525.860900,31194,177509.69,29022030.731000,0
1748589300000,163.0100,164.2900,163.0100,164.0100,211583.45,1748590199999,34653517.457100,26505,135600.39,22214825.245600,0
1748590200000,164.0000,164.0300,163.1900,163.5400,167696.15,1748591099999,27436965.514200,23188,65476.28,10712829.453200,0
1748591100000,163.5300,163.5900,162.5600,162.6200,253288.73,1748591999999,41303945.443100,30626,93494.59,15244199.180400,0
1748592000000,162.6200,162.8700,161.7700,162.5700,313398.06,1748592899999,50897877.754700,36472,150671.35,24473771.997800,0
1748592900000,162.5600,163.0300,161.9400,162.9200,188607.48,1748593799999,30658314.645900,26328,106047.65,17242261.164300,0
1748593800000,162.9200,163.6300,162.8000,163.2600,244437.43,1748594699999,39899340.312580,29367,162513.86,26529732.141080,0
1748594700000,163.2500,163.9000,163.2100,163.5100,144153.22,1748595599999,23591811.853800,21802,71051.17,11627135.675300,0
1748595600000,163.5000,164.0900,163.2300,163.4300,173828.67,1748596499999,28446218.343300,23745,86937.40,14227058.041400,0
1748596500000,163.4300,163.9900,163.2500,163.3800,77111.40,1748597399999,12619637.821100,15715,38130.33,6240660.666600,0
1748597400000,163.3700,163.4200,161.3700,162.0500,559470.77,1748598299999,90650928.149400,49520,245744.52,39794740.989600,0
1748598300000,162.0500,163.1800,161.6400,163.0800,321680.16,1748599199999,52244503.646100,35112,189092.31,30718209.101500,0
1748599200000,163.0800,163.1900,162.1500,162.2500,222186.29,1748600099999,36159371.824100,26335,79741.61,12979327.661700,0
1748600100000,162.2500,163.1500,162.1100,163.1100,222713.40,1748600999999,36247260.332300,22567,140831.21,22917009.522000,0
1748601000000,163.1100,163.3000,162.8300,162.9800,92596.98,1748601899999,15097434.391200,17225,51555.40,8406234.666900,0
1748601900000,162.9700,163.7800,162.9000,163.7600,144484.55,1748602799999,23623721.004680,18393,83358.66,13629414.636880,0
1748602800000,163.7500,164.0200,163.4900,163.5000,127208.21,1748603699999,20832987.330300,18796,63187.77,10349552.916800,0
1748603700000,163.5000,164.1000,163.4400,163.7000,160451.09,1748604599999,26281985.399100,18406,74951.19,12277354.448700,0
1748604600000,163.6900,164.0600,163.3500,163.3800,80866.08,1748605499999,13238155.914500,14871,33463.28,5479209.181600,0
1748605500000,163.3800,163.9300,163.2700,163.7300,80640.08,1748606399999,13193709.942600,13531,41785.37,6837814.335900,0
1748606400000,163.7400,163.8800,162.1800,162.1800,303074.88,1748607299999,49364623.866380,34587,136237.94,22190157.364700,0
1748607300000,162.1800,162.8100,161.6100,162.3300,354159.53,1748608199999,57441019.915520,38446,174316.09,28279857.104200,0
1748608200000,162.3200,163.4100,162.2500,163.3300,221361.86,1748609099999,36056901.118100,29066,115863.16,18877560.817500,0
1748609100000,163.3300,163.6700,162.8300,162.9000,133985.40,1748609999999,21874680.430380,20410,58711.72,9588073.651580,0
1748610000000,162.9000,163.3400,162.0800,162.2800,148675.64,1748610899999,24193542.150480,20293,67965.39,11065474.264000,0
1748610900000,162.2800,162.3400,161.3300,161.9100,281500.66,1748611799999,45545601.797520,38058,137555.96,22260507.815300,0
1748611800000,161.9100,162.4200,161.4600,162.3300,270983.36,1748612699999,43904715.465000,38044,133356.24,21610664.403900,0
1748612700000,162.3200,162.4600,160.6300,160.8100,349931.12,1748613599999,56490478.854640,41902,141643.77,22876588.178600,0
1748613600000,160.8100,161.5700,160.3100,160.8900,488946.83,1748614499999,78707760.054000,50735,262701.55,42298485.513200,0
1748614500000,160.8800,161.2300,160.0000,160.5000,336779.55,1748615399999,54077180.900900,43799,142401.31,22871027.448100,0
1748615400000,160.5000,161.9800,160.3400,161.5300,349726.18,1748616299999,56456262.741820,39718,191031.47,30836695.559220,0
1748616300000,161.5300,161.5700,160.6300,160.9100,230065.07,1748617199999,37067951.569100,29533,111453.59,17956678.786900,0
1748617200000,160.9100,161.8000,160.7600,161.5800,176697.43,1748618099999,28512276.619800,25852,84111.57,13571408.510600,0
1748618100000,161.5700,162.2100,160.9000,162.0600,257955.14,1748618999999,41683803.763800,29044,125788.68,20337832.339000,0
1748619000000,162.0600,162.2000,160.9400,161.2700,204278.32,1748619899999,32979072.700900,27396,88377.71,14272145.282300,0
1748619900000,161.2600,161.6600,161.0000,161.1300,145208.29,1748620799999,23426427.888700,20981,69195.00,11164556.146900,0
1748620800000,161.1400,161.6800,160.5900,161.0900,241282.08,1748621699999,38884138.826400,27414,104028.72,16764789.634600,0
1748621700000,161.0800,161.1800,158.9200,159.1600,697000.76,1748622599999,111364160.569980,63996,265821.82,42492951.830600,0
1748622600000,159.1500,159.1600,156.0400,157.8000,1824829.92,1748623499999,287575416.440780,162323,796319.78,125495677.887120,0
1748623500000,157.8000,158.0200,156.8500,157.7700,444896.51,1748624399999,70049159.022520,52897,231113.47,36393576.967700,0
1748624400000,157.7800,158.8300,157.5900,158.4200,337528.85,1748625299999,53453481.726730,46171,183626.91,29083819.338030,0
1748625300000,158.4100,159.1000,158.3300,158.6700,197500.04,1748626199999,31356935.960900,28087,92373.45,14666930.151800,0
1748626200000,158.6700,158.9700,158.3000,158.4000,182058.36,1748627099999,28875128.116800,25312,78205.06,12406964.231700,0
1748627100000,158.4100,158.6000,157.7700,158.5000,215932.50,1748627999999,34155814.644100,26202,104304.34,16501107.840300,0
1748628000000,158.5000,159.6100,158.2300,159.5000,345208.25,1748628899999,54894859.078300,35554,187078.91,29752325.485100,0
1748628900000,159.4900,160.7000,159.4500,160.5600,329004.06,1748629799999,52653575.886120,41071,202869.52,32470642.416120,0
1748629800000,160.5600,160.6400,160.0100,160.2400,150950.35,1748630699999,24191972.070600,22473,65558.98,10506623.549000,0
1748630700000,160.2400,160.4600,159.9900,160.3300,127491.30,1748631599999,20429544.645000,18069,51537.74,8259628.149700,0
1748631600000,160.3300,160.6600,159.9400,160.2900,124761.55,1748632499999,19998085.800000,19044,65305.44,10468369.372600,0
1748632500000,160.2800,160.8500,160.2600,160.4700,87329.08,1748633399999,14022670.633000,16932,48706.87,7821424.704400,0
1748633400000,160.4700,160.7400,160.3000,160.7100,122354.40,1748634299999,19634806.403300,17369,73968.51,11871059.600400,0
1748634300000,160.7000,161.4600,160.4000,160.7300,259583.08,1748635199999,41770746.602540,28623,130905.67,21078677.401240,0
1748635200000,160.7200,160.8200,159.7800,160.0900,210314.11,1748636099999,33693002.909100,22123,69743.61,11174527.903200,0
1748636100000,160.0900,160.5500,159.7900,159.8300,119646.17,1748636999999,19164808.546400,16190,54059.11,8660514.650800,0
1748637000000,159.8400,160.4800,159.8100,160.4600,75188.61,1748637899999,12035858.302400,17682,39150.23,6268760.342600,0
1748637900000,160.4600,160.6800,159.7600,159.8100,73039.69,1748638799999,11698083.367400,12471,26381.44,4226594.000100,0
1748638800000,159.8200,160.6800,159.7800,160.5600,126327.46,1748639699999,20245628.545500,14508,63026.71,10100292.653400,0
1748639700000,160.5700,160.9200,160.3900,160.5500,86545.43,1748640599999,13905063.117000,11557,39145.35,6289514.040800,0
1748640600000,160.5600,160.8700,159.8800,159.9300,88925.41,1748641499999,14262483.038100,14556,38748.55,6217143.206200,0
1748641500000,159.9300,160.2500,159.7500,159.8700,85575.36,1748642399999,13685295.513700,11997,28151.76,4504735.527500,0
1748642400000,159.8800,160.1800,159.3000,159.6600,259260.38,1748643299999,41375876.418280,22904,78772.72,12573109.941000,0
1748643300000,159.6500,159.6900,158.7200,158.8000,198748.01,1748644199999,31649697.179410,25425,78781.67,12548019.566100,0
1748644200000,158.7900,159.1000,157.8000,157.8800,274149.67,1748645099999,43435800.813720,35871,120860.71,19156553.398900,0
1748645100000,157.8800,158.7600,156.6200,156.6800,323349.02,1748645999999,51006961.991630,43639,137443.77,21698493.060700,0
1748646000000,156.6800,157.4100,156.1200,156.6400,379908.79,1748646899999,59578745.089900,49944,194976.82,30581383.141400,0
1748646900000,156.6400,157.1600,155.0100,156.0500,738357.94,1748647799999,115140769.378530,76159,339619.97,52984686.422500,0
1748647800000,156.0600,156.8200,155.7500,156.4500,277771.69,1748648699999,43430042.203500,34326,151024.78,23615487.297700,0
1748648700000,156.4600,156.9500,155.7800,156.1200,263046.36,1748649599999,41144212.501200,31177,145094.67,22697489.712100,0
1748649600000,156.1100,156.7600,155.5400,156.0400,394005.82,1748650499999,61567410.480800,51089,193302.64,30206301.175300,0
1748650500000,156.0400,156.3500,154.2300,155.2900,704624.64,1748651399999,109351094.602760,76208,297477.55,46212046.405530,0
1748651400000,155.2900,157.1800,155.2900,156.8800,271133.66,1748652299999,42434404.503630,44592,145362.69,22750436.288730,0
1748652300000,156.8800,157.1300,155.6000,155.7700,171840.88,1748653199999,26857888.975830,25855,71391.81,11162550.112300,0
1748653200000,155.7700,156.2500,154.4600,155.9400,459272.84,1748654099999,71326762.261160,65054,248188.20,38558916.932030,0
1748654100000,155.9500,156.7500,155.0900,155.2000,271045.39,1748654999999,42272176.253800,45340,121693.01,18988395.372900,0
1748655000000,155.2000,155.6000,152.6200,154.0700,987037.97,1748655899999,151958761.243450,108485,427887.77,65907175.641630,0
1748655900000,154.0700,154.1900,152.4800,153.2200,528166.73,1748656799999,80889368.955750,65319,219589.05,33629253.674100,0
1748656800000,153.2200,154.7400,152.7800,154.5900,471775.85,1748657699999,72574089.858930,57022,258645.10,39791782.502630,0
1748657700000,154.5800,155.0900,153.7800,153.9400,237190.18,1748658599999,36663530.659800,32351,106407.85,16456216.274700,0
1748658600000,153.9400,153.9800,152.4200,152.9100,383752.90,1748659499999,58742192.569750,49269,174647.35,26738035.317900,0
1748659500000,152.9200,153.2100,152.0800,152.4900,248065.22,1748660399999,37841846.317060,33718,106417.46,16235754.639900,0
1748660400000,152.4900,153.2100,152.0800,152.6300,224017.28,1748661299999,34191342.824200,37338,126380.65,19292317.199300,0
1748661300000,152.6200,153.3000,152.0600,153.2000,293956.30,1748662199999,44903927.035800,36493,188356.23,28775281.380200,0
1748662200000,153.2000,153.9700,153.0800,153.9600,210330.63,1748663099999,32295501.572790,30205,110485.07,16967296.076890,0
1748663100000,153.9500,154.4300,153.7200,154.0800,118959.01,1748663999999,18330426.960100,23540,72012.55,11097069.359500,0
1748664000000,154.0800,154.1100,153.1600,153.5400,163748.01,1748664899999,25134647.024200,25272,78652.61,12072533.880400,0
1748664900000,153.5300,154.7600,152.9300,154.5900,190995.93,1748665799999,29422946.559730,34768,102274.13,15758001.111030,0
1748665800000,154.5800,155.1900,154.5600,154.9100,174327.44,1748666699999,26999884.628900,23462,77227.68,11961529.411000,0
1748666700000,154.9100,155.6600,154.9100,155.6000,130731.91,1748667599999,20305203.908400,18751,69920.57,10862582.295700,0
1748667600000,155.6000,155.7900,154.8200,154.9800,201786.84,1748668499999,31335925.324000,23519,86676.31,13462072.901400,0
1748668500000,154.9800,155.1600,154.5800,154.7100,157169.97,1748669399999,24329294.214100,18615,51812.69,8022085.108800,0
1748669400000,154.7000,155.0600,154.6800,155.0000,48340.59,1748670299999,7487331.242300,11311,24428.60,3783854.014900,0
1748670300000,155.0000,155.0100,154.1100,154.1500,97457.19,1748671199999,15050198.872400,15050,32791.29,5063975.514700,0
1748671200000,154.1400,154.5500,153.9500,154.5000,120763.81,1748672099999,18624233.975340,16552,57129.65,8811673.945300,0
1748672100000,154.5000,154.9300,154.4000,154.8600,64807.59,1748672999999,10030186.940300,11174,37210.62,5759074.524300,0
1748673000000,154.8600,155.4400,154.5600,155.3700,94506.44,1748673899999,14656372.232600,15430,62172.78,9643801.749000,0
1748673900000,155.3700,155.3700,154.9900,155.0300,55061.52,1748674799999,8541941.437500,10045,27135.06,4209456.256400,0
1748674800000,155.0300,155.0900,154.3600,154.3700,102950.73,1748675699999,15938434.872500,17334,42958.62,6652415.042900,0
1748675700000,154.3700,154.7400,154.1000,154.5800,101836.30,1748676599999,15726937.864300,14863,46055.64,7112941.197600,0
1748676600000,154.5700,154.9700,154.4700,154.7900,81810.21,1748677499999,12659900.618500,14448,40704.90,6299150.088100,0
1748677500000,154.7900,155.1900,154.5200,154.7600,98836.30,1748678399999,15303753.760800,13976,45916.60,7109979.587600,0
1748678400000,154.7700,155.0600,154.4600,154.4700,130271.61,1748679299999,20164627.960200,17072,47911.38,7417524.655800,0
1748679300000,154.4700,155.0900,154.1100,154.7400,100377.08,1748680199999,15514826.331900,18395,54083.92,8358540.919500,0
1748680200000,154.7300,155.1600,154.2300,154.4800,160268.52,1748681099999,24773783.929100,21374,68044.59,10520524.176500,0
1748681100000,154.4700,155.1900,154.4000,154.9200,119769.01,1748681999999,18554513.417800,17245,64645.36,10013228.055800,0
1748682000000,154.9100,155.0800,154.5000,154.6200,116630.57,1748682899999,18050949.701900,16319,40689.09,6297794.475200,0
1748682900000,154.6100,154.7900,153.5700,153.7000,193723.26,1748683799999,29829860.317800,23522,81972.76,12623296.109000,0
1748683800000,153.7100,153.9600,153.4500,153.6700,191271.12,1748684699999,29397789.836200,24252,72770.58,11185728.418900,0
1748684700000,153.6800,153.9100,153.5400,153.7900,78934.73,1748685599999,12136537.665800,15984,44968.12,6914150.932400,0
1748685600000,153.7900,154.7100,153.3400,154.3100,218784.91,1748686499999,33658635.161700,32308,128776.53,19812626.093300,0
1748686500000,154.3100,154.7100,153.6300,153.7300,157180.72,1748687399999,24245807.578700,23830,74647.98,11516159.302100,0
1748687400000,153.7200,153.8800,152.6800,152.8500,212374.30,1748688299999,32526775.518650,29255,85976.44,13169018.779500,0
1748688300000,152.8600,153.4800,152.6100,153.4300,129891.20,1748689199999,19890037.564500,18560,80101.51,12267623.362300,0
1748689200000,153.4200,153.5700,152.7700,152.8600,121046.32,1748690099999,18538686.922400,16451,53140.51,8140587.181800,0
1748690100000,152.8600,153.3500,152.8200,152.9200,73515.65,1748690999999,11252982.875000,12336,41794.13,6398389.565200,0
1748691000000,152.9200,153.1100,152.5100,153.0800,136481.09,1748691899999,20852308.421400,17129,71863.69,10982966.766300,0
1748691900000,153.0700,153.1900,152.7900,152.8500,100797.98,1748692799999,15421630.799200,13801,56708.09,8676263.186100,0
1748692800000,152.8500,154.0200,152.5500,153.9900,241277.51,1748693699999,36977438.630700,25330,142251.97,21809673.364500,0
1748693700000,153.9900,154.4000,153.5300,153.6000,177763.88,1748694599999,27365653.385700,20801,74505.49,11472161.192400,0
1748694600000,153.6000,154.4600,153.5700,154.2800,123142.73,1748695499999,18977198.334800,16644,78345.53,12072716.170000,0
1748695500000,154.2800,155.0300,154.2800,154.9900,212101.85,1748696399999,32818997.976730,26548,126582.93,19588771.872330,0
1748696400000,154.9900,155.9500,154.8400,155.3600,489456.21,1748697299999,76121122.453230,46243,243149.08,37824051.917630,0
1748697300000,155.3700,155.7000,154.5700,154.7900,233029.21,1748698199999,36139438.186530,27732,100637.45,15612746.178100,0
1748698200000,154.7900,155.3800,154.7500,154.7800,109970.23,1748699099999,17054305.081300,20438,52552.97,8150292.952000,0
1748699100000,154.7900,154.9400,154.4000,154.7300,109404.24,1748699999999,16913744.597300,23781,49645.16,7675844.183300,0
1748700000000,154.7400,155.8000,154.6300,155.5900,336523.32,1748700899999,52296974.882200,30146,201437.29,31302133.567700,0
1748700900000,155.5800,155.8600,155.2100,155.5500,152300.05,1748701799999,23691921.508830,24628,54973.70,8553810.695330,0
1748701800000,155.5400,155.7700,155.2500,155.6300,84702.75,1748702699999,13171111.759900,14125,43655.71,6788137.762300,0
1748702700000,155.6300,155.7500,155.3300,155.6000,101618.50,1748703599999,15804360.313600,14335,56840.25,8839366.031100,0
1748703600000,155.5900,155.7200,155.2800,155.4600,151449.27,1748704499999,23546140.627300,18497,58716.69,9129531.614800,0
1748704500000,155.4700,156.4500,155.4300,156.4400,278562.46,1748705399999,43463745.485000,27501,172615.15,26932825.204500,0
1748705400000,156.4300,156.6700,155.6300,155.6400,287301.07,1748706299999,44883517.205000,30265,121386.48,18968736.252100,0
1748706300000,155.6500,155.8800,155.2700,155.5100,152614.13,1748707199999,23734877.149500,19294,77932.04,12119811.592100,0
1748707200000,155.5100,156.2000,155.0700,155.9100,218375.33,1748708099999,34002174.774000,23814,117863.15,18357843.525300,0
1748708100000,155.9100,156.5100,155.9000,156.2300,137334.19,1748708999999,21460290.736500,18639,60812.96,9502725.800000,0
1748709000000,156.2300,156.8100,155.8100,155.9000,204076.54,1748709899999,31909681.462800,24288,110054.04,17215319.431400,0
1748709900000,155.9000,156.6200,155.5900,156.5500,163649.79,1748710799999,25558732.730100,20844,98304.85,15353158.063700,0
1748710800000,156.5500,156.6000,156.1600,156.5100,94767.26,1748711699999,14815861.057600,15991,49237.88,7698272.260700,0
1748711700000,156.5200,156.6500,156.0900,156.2600,70919.36,1748712599999,11089883.040100,15246,35653.20,5575877.196500,0
1748712600000,156.2700,156.6500,156.0200,156.4900,83970.37,1748713499999,13133423.906200,14309,47747.59,7469160.447700,0
1748713500000,156.5000,156.5500,155.4000,155.5700,227464.08,1748714399999,35431468.286700,20791,73998.69,11522343.033300,0
1748714400000,155.5700,156.1300,155.4800,156.0900,84016.80,1748715299999,13089445.414100,14688,47383.87,7382785.914800,0
1748715300000,156.0900,156.4800,155.9600,156.2700,55440.84,1748716199999,8662375.514100,12422,28487.50,4451375.474300,0
1748716200000,156.2600,156.4100,156.0700,156.1600,52297.95,1748717099999,8172648.834900,10885,28606.95,4470320.990900,0
1748717100000,156.1700,156.5500,156.1500,156.3400,46238.40,1748717999999,7230251.498800,9550,22818.29,3568099.310300,0
1748718000000,156.3300,157.5600,156.3300,157.1900,263182.08,1748718899999,41358016.608030,33759,171650.54,26968067.945030,0
1748718900000,157.1800,157.7200,157.0800,157.6600,105074.31,1748719799999,16544293.225500,16845,65341.62,10288889.805600,0
1748719800000,157.6600,157.8900,157.4000,157.4300,86470.09,1748720699999,13629759.609700,15864,46976.75,7405821.787700,0
1748720700000,157.4300,157.6200,157.1800,157.4100,51871.44,1748721599999,8165310.685400,12725,25266.90,3977309.358900,0
1748721600000,157.4100,157.6000,157.0600,157.1300,89276.88,1748722499999,14051549.199800,14696,45351.52,7137550.496500,0
1748722500000,157.1300,157.4500,157.0900,157.2300,40360.40,1748723399999,6347093.843700,9488,19459.25,3060362.387600,0
1748723400000,157.2200,157.3400,157.1500,157.2200,26517.99,1748724299999,4169681.406600,8714,13679.78,2151086.230300,0
1748724300000,157.2200,157.4100,157.1900,157.2900,32731.05,1748725199999,5148418.818900,8485,14927.66,2348038.023700,0
1748725200000,157.2800,157.8900,157.1300,157.1700,152383.44,1748726099999,24018819.418900,17019,66948.60,10552860.863000,0
1748726100000,157.1700,157.4900,157.0100,157.4900,62493.49,1748726999999,9822781.088500,10162,32538.74,5115213.989600,0
1748727000000,157.4900,157.8600,157.4800,157.6000,80651.03,1748727899999,12718408.033100,12486,39425.04,6216929.596300,0
1748727900000,157.6000,157.8100,157.3900,157.7100,86613.37,1748728799999,13650440.045400,11527,50885.69,8019704.557000,0
1748728800000,157.7200,157.9200,157.1300,157.5000,144048.85,1748729699999,22688740.808900,19281,66303.43,10442615.043700,0
1748729700000,157.5100,157.7000,157.1600,157.1800,68226.41,1748730599999,10742848.246100,11857,29321.35,4616841.342800,0
1748730600000,157.1900,157.2400,156.7700,157.2000,70306.01,1748731499999,11038916.381800,14684,30384.55,4771061.517400,0
1748731500000,157.2000,157.2400,156.7500,156.7600,71771.40,1748732399999,11268484.270000,12024,20709.74,3251219.653800,0
1748732400000,156.7500,157.2000,156.3000,157.2000,163585.72,1748733299999,25633652.210100,21740,88865.16,13928683.815700,0
1748733300000,157.1900,157.6200,156.6800,156.7500,125818.42,1748734199999,19782212.462000,17276,43484.65,6836923.604200,0
1748734200000,156.7500,156.8100,156.3100,156.4500,52282.96,1748735099999,8184018.470500,11829,20821.45,3259464.182200,0
1748735100000,156.4400,156.7100,156.2100,156.3500,48589.26,1748735999999,7602023.805100,10782,21205.12,3318036.407800,0
