open_time,open,high,low,close,volume,close_time,quote_volume,count,taker_buy_volume,taker_buy_quote_volume,ignore
1759276800000,1008.770,1013.010,1008.410,1012.070,13040.87,1759277699999,13189845.00400,15916,8625.46,8723433.64910,0
1759277700000,1012.080,1013.200,1010.140,1010.930,9982.64,1759278599999,10100185.65710,12787,5048.40,5108287.00700,0
1759278600000,1010.920,1013.240,1009.070,1009.990,7196.57,1759279499999,7274760.75070,11974,3130.00,3164332.83720,0
1759279500000,1010.000,1013.740,1009.340,1012.760,6672.98,1759280399999,6751972.52990,11211,3888.49,3935269.73080,0
1759280400000,1012.750,1015.850,1011.300,1015.100,8414.03,1759281299999,8532140.18650,14572,5170.09,5243293.60840,0
1759281300000,1015.110,1016.180,1012.420,1014.630,10900.19,1759282199999,11058840.18490,13290,5999.54,6087639.97370,0
1759282200000,1014.630,1016.140,1012.400,1014.320,5750.71,1759283099999,5833282.45230,9911,2692.01,2730685.95860,0
1759283100000,1014.320,1015.600,1013.850,1014.770,5916.97,1759283999999,6003121.66510,8608,3015.23,3059311.84930,0
1759284000000,1014.770,1015.100,1013.600,1014.200,3685.53,1759284899999,3738825.16920,8289,1812.34,1838494.87640,0
1759284900000,1014.210,1014.900,1013.420,1013.620,2938.56,1759285799999,2980063.60280,6332,1184.31,1201085.15210,0
1759285800000,1013.630,1013.630,1010.670,1010.920,6989.18,1759286699999,7074487.30160,8414,1385.54,1402399.47980,0
1759286700000,1010.910,1011.840,1009.390,1009.390,7714.31,1759287599999,7793638.30230,7964,2822.72,2852162.90090,0
1759287600000,1009.390,1009.590,1007.020,1008.020,9621.51,1759288499999,9699243.00660,12459,4121.00,4153672.11910,0
1759288500000,1008.020,1008.290,1004.390,1005.920,16214.31,1759289399999,16315362.20070,16531,8992.40,9047673.41220,0
1759289400000,1005.930,1007.160,1004.370,1004.440,5463.73,1759290299999,5494158.96130,9147,3188.14,3206031.76040,0
1759290300000,1004.440,1006.650,1003.440,1005.090,6697.26,1759291199999,6731085.01530,10744,3354.27,3371663.13910,0
1759291200000,1005.100,1009.260,1004.820,1007.530,7576.66,1759292099999,7637228.32690,12344,3719.00,3748257.51800,0
1759292100000,1007.530,1011.670,1007.530,1011.590,7670.42,1759292999999,7748316.12130,10271,5054.93,5106724.22810,0
1759293000000,1011.590,1013.460,1011.100,1011.940,8571.98,1759293899999,8675932.31180,11661,4341.87,4394794.49100,0
1759293900000,1011.940,1012.620,1009.820,1010.290,3837.49,1759294799999,3879606.04710,8501,1488.55,1505067.35360,0
1759294800000,1010.300,1013.650,1009.690,1012.600,4942.67,1759295699999,5000007.27110,11072,2963.15,2997928.23820,0
1759295700000,1012.600,1013.410,1010.640,1011.220,3060.66,1759296599999,3097446.59500,7259,1478.11,1495953.49480,0
1759296600000,1011.210,1011.800,1010.330,1010.740,2613.05,1759297499999,2642050.88810,7515,1472.56,1488983.55470,0
1759297500000,1010.730,1011.980,1010.570,1011.310,1765.33,1759298399999,1785329.60660,6498,994.16,1005408.81610,0
1759298400000,1011.310,1012.140,1008.990,1009.700,4512.43,1759299299999,4559339.88180,9685,1343.91,1358166.01090,0
1759299300000,1009.690,1010.600,1008.460,1009.960,3362.03,1759300199999,3393999.56630,8740,1628.22,1643847.76030,0
1759300200000,1009.950,1011.020,1009.030,1010.340,3392.32,1759301099999,3426962.63930,7220,1663.25,1680260.09730,0
1759301100000,1010.350,1010.400,1007.940,1008.730,6645.22,1759301999999,6704112.39720,8315,2720.21,2744365.37050,0
1759302000000,1008.720,1011.390,1008.380,1009.870,4258.03,1759302899999,4301687.46340,8885,1632.77,1649471.92900,0
1759302900000,1009.860,1011.800,1009.860,1011.670,2422.18,1759303799999,2449008.00880,7042,1173.85,1186781.28000,0
1759303800000,1011.670,1012.720,1011.170,1011.720,3134.67,1759304699999,3172337.52360,7195,1660.95,1681048.39750,0
1759304700000,1011.710,1012.830,1010.220,1010.230,4482.32,1759305599999,4534433.15390,7328,1437.50,1454054.25020,0
1759305600000,1010.220,1011.490,1009.680,1011.190,3112.71,1759306499999,3145774.83140,7670,1997.38,2018555.34830,0
1759306500000,1011.200,1013.890,1009.710,1013.890,6956.91,1759307399999,7037423.04670,10174,3588.54,3631039.44510,0
1759307400000,1013.900,1024.440,1013.890,1024.230,41502.48,1759308299999,42310750.56300,39290,24431.14,24904984.39330,0
1759308300000,1024.230,1032.310,1022.200,1027.800,55850.84,1759309199999,57355060.49360,47043,27698.37,28453898.99460,0
1759309200000,1027.800,1032.840,1026.250,1029.950,27846.48,1759310099999,28670093.74060,30177,12495.17,12867491.23870,0
1759310100000,1029.950,1030.460,1027.320,1029.860,19154.89,1759310999999,19707384.50980,20385,8188.77,8426360.06580,0
1759311000000,1029.860,1033.060,1029.260,1032.900,14271.33,1759311899999,14715221.84080,15757,7918.57,8166417.47010,0
1759311900000,1032.900,1036.560,1032.580,1032.960,20749.39,1759312799999,21461950.40410,22724,11134.31,11517295.38460,0
1759312800000,1032.950,1033.780,1026.570,1026.580,24694.02,1759313699999,25449327.44490,22779,8027.08,8270401.88240,0
1759313700000,1026.570,1028.980,1025.870,1027.750,9371.95,1759314599999,9630350.66120,12901,4587.36,4714030.97700,0
1759314600000,1027.750,1028.470,1026.500,1027.630,5508.14,1759315499999,5659746.77020,10041,2410.99,2477469.34720,0
1759315500000,1027.640,1029.590,1027.200,1028.360,4859.87,1759316399999,4998679.78510,9404,3032.74,3119564.70430,0
1759316400000,1028.360,1029.380,1027.400,1029.380,5835.57,1759317299999,6001700.97240,9709,2652.24,2727684.39970,0
1759317300000,1029.370,1030.910,1028.310,1028.440,8431.11,1759318199999,8678524.36620,10024,3826.12,3938889.42890,0
1759318200000,1028.440,1028.500,1023.550,1024.740,14302.48,1759319099999,14665121.45960,14671,6741.61,6912908.86710,0
1759319100000,1024.740,1024.740,1021.110,1023.430,15281.52,1759319999999,15633182.61480,14643,7342.58,7512878.31030,0
1759320000000,1023.420,1023.940,1020.830,1021.850,10461.63,1759320899999,10695735.02830,15280,5333.17,5452866.89730,0
1759320900000,1021.850,1025.290,1019.220,1024.980,18617.94,1759321799999,19029535.13330,20293,10521.97,10759056.38000,0
1759321800000,1024.990,1025.380,1020.950,1020.960,9080.93,1759322699999,9295351.03580,12082,4010.63,4107260.94630,0
1759322700000,1020.960,1021.210,1017.000,1018.550,13089.39,1759323599999,13338931.35970,15255,4902.06,4995482.44780,0
1759323600000,1018.550,1022.230,1018.440,1022.010,8149.32,1759324499999,8317156.47600,11811,5404.18,5515343.83770,0
1759324500000,1022.010,1025.620,1021.880,1023.870,14011.97,1759325399999,14345677.53780,14365,8994.17,9208118.60640,0
1759325400000,1023.880,1024.900,1022.070,1023.450,8815.95,1759326299999,9022293.75620,17455,4361.89,4464073.36630,0
1759326300000,1023.450,1024.400,1020.100,1023.330,7442.77,1759327199999,7610646.04770,14486,3171.78,3243812.96290,0
1759327200000,1023.330,1027.490,1022.670,1025.600,11051.86,1759328099999,11336450.74590,20070,5567.52,5710740.62740,0
1759328100000,1025.600,1028.820,1025.220,1026.640,10637.21,1759328999999,10924898.37440,15714,4971.82,5106396.73420,0
1759329000000,1026.650,1028.290,1025.030,1025.420,11615.78,1759329899999,11924165.90680,16050,4869.74,4999029.78320,0
1759329900000,1025.430,1025.470,1021.000,1022.190,12746.32,1759330799999,13034528.88080,16218,4633.02,4736156.47000,0
1759330800000,1022.200,1022.690,1018.150,1019.080,11032.49,1759331699999,11249620.21520,16899,4556.38,4645560.35410,0
1759331700000,1019.090,1022.250,1019.080,1020.760,6755.62,1759332599999,6894732.86990,11267,4117.16,4201841.19830,0
1759332600000,1020.640,1021.920,1018.890,1020.450,8720.17,1759333499999,8898121.28480,12374,3924.64,4004404.28920,0
1759333500000,1020.450,1021.010,1016.290,1019.350,11131.93,1759334399999,11334313.21140,14537,4537.41,4621298.18010,0
1759334400000,1019.360,1020.620,1018.020,1019.110,9962.37,1759335299999,10154863.72510,14533,5148.49,5247449.73590,0
1759335300000,1019.110,1021.500,1018.750,1020.450,9113.93,1759336199999,9295559.17850,13338,4774.77,4870167.80560,0
1759336200000,1020.450,1021.320,1018.210,1020.860,6777.37,1759337099999,6911037.24690,12221,3357.94,3424574.82170,0
1759337100000,1020.860,1022.320,1020.130,1020.950,8054.57,1759337999999,8226807.09950,11843,3821.55,3903690.76640,0
1759338000000,1020.960,1023.950,1020.900,1022.670,9795.44,1759338899999,10019048.23800,13305,4130.50,4224944.67210,0
1759338900000,1022.690,1025.620,1022.000,1022.500,7693.48,1759339799999,7877784.05720,11366,3929.83,4024602.87810,0
1759339800000,1022.500,1023.190,1021.350,1022.390,5819.87,1759340699999,5948899.43070,8316,1916.11,1958775.24570,0
1759340700000,1022.390,1023.140,1019.800,1020.470,8300.47,1759341599999,8474488.40240,11936,3598.86,3674462.81460,0
1759341600000,1020.470,1023.700,1019.910,1022.510,5076.07,1759342499999,5186089.35730,10612,2811.89,2872333.27680,0
1759342500000,1022.510,1022.520,1020.360,1022.210,4179.57,1759343399999,4269108.44950,8206,2435.53,2487754.11550,0
1759343400000,1022.200,1022.660,1020.180,1020.600,5717.26,1759344299999,5841252.52820,8014,2060.07,2104649.47560,0
1759344300000,1020.590,1021.540,1020.030,1020.330,4353.28,1759345199999,4443571.42010,7118,2268.32,2315461.83520,0
1759345200000,1020.330,1021.600,1019.390,1021.050,3244.60,1759346099999,3311076.46930,8210,1341.73,1369263.92190,0
1759346100000,1021.050,1022.930,1020.620,1022.020,5092.41,1759346999999,5204875.63140,8182,2336.75,2388215.58640,0
1759347000000,1022.030,1022.390,1019.880,1020.540,3976.51,1759347899999,4060481.29710,8169,1887.98,1927728.96520,0
1759347900000,1020.540,1021.800,1019.970,1019.970,4120.11,1759348799999,4206478.68080,9545,2490.13,2542321.43140,0
1759348800000,1019.970,1020.330,1017.610,1018.540,6502.73,1759349699999,6626199.23720,14011,2828.16,2882128.03440,0
1759349700000,1018.540,1021.360,1018.480,1021.270,3591.63,1759350599999,3662234.85220,8504,2251.87,2296181.12810,0
1759350600000,1021.270,1021.500,1020.190,1021.240,2150.82,1759351499999,2195791.81780,5101,936.14,955704.48190,0
1759351500000,1021.240,1022.470,1020.860,1022.470,3098.13,1759352399999,3164994.07310,6497,1322.64,1351307.08850,0
1759352400000,1022.460,1022.670,1021.160,1022.240,3945.61,1759353299999,4031965.99100,7842,1645.46,1681561.03770,0
1759353300000,1022.250,1022.820,1021.020,1021.750,2275.37,1759354199999,2325340.56880,4081,940.20,960840.23450,0
1759354200000,1021.750,1021.910,1019.860,1020.920,2153.99,1759355099999,2198763.68710,4334,901.65,920373.11480,0
1759355100000,1020.920,1021.240,1020.080,1020.120,2496.99,1759355999999,2548415.61080,5033,834.72,851905.37510,0
1759356000000,1020.120,1023.500,1019.290,1022.230,5162.45,1759356899999,5272094.93640,11459,2760.36,2819329.84590,0
1759356900000,1022.240,1022.580,1020.580,1021.260,2171.34,1759357799999,2218221.63910,5675,1058.37,1081095.75980,0
1759357800000,1021.260,1021.410,1019.880,1020.800,1146.78,1759358699999,1170413.70850,4620,465.75,475326.99740,0
1759358700000,1020.800,1022.830,1020.800,1022.160,2952.12,1759359599999,3017799.57420,5398,1368.57,1398931.08910,0
1759359600000,1022.150,1024.570,1020.690,1022.370,11083.76,1759360499999,11336884.40460,13936,5235.81,5355296.43670,0
1759360500000,1022.370,1024.840,1022.190,1024.700,5413.25,1759361399999,5541306.89510,11396,2976.16,3046445.29860,0
1759361400000,1024.710,1026.470,1024.420,1025.960,5419.10,1759362299999,5558043.91060,10933,3235.41,3318289.93740,0
1759362300000,1025.970,1026.940,1025.410,1026.850,5398.18,1759363199999,5539450.06290,10109,3168.55,3251658.16350,0
1759363200000,1026.850,1032.700,1026.080,1032.550,23249.21,1759364099999,23938368.81380,27814,12731.79,13109345.13380,0
1759364100000,1032.550,1032.700,1027.790,1028.600,18771.08,1759364999999,19336362.25510,19330,6336.66,6526666.84800,0
1759365000000,1028.580,1028.590,1024.000,1025.310,14875.59,1759365899999,15257623.40940,18976,6203.31,6361887.11810,0
1759365900000,1025.310,1026.270,1023.080,1025.240,12081.46,1759366799999,12375552.93950,14423,6041.53,6189009.98540,0
1759366800000,1025.250,1027.680,1023.500,1027.240,6706.15,1759367699999,6878620.17530,11577,3415.25,3503697.33100,0
1759367700000,1027.240,1028.870,1024.950,1027.990,6120.66,1759368599999,6285687.70240,9810,3068.15,3151787.30380,0
1759368600000,1028.000,1031.090,1027.000,1030.990,8107.45,1759369499999,8340269.75960,10613,4966.17,5110195.72690,0
1759369500000,1031.000,1038.190,1030.360,1035.710,34193.95,1759370399999,35367567.51510,28077,20029.56,20720192.52730,0
1759370400000,1035.750,1037.500,1031.010,1034.160,19660.91,1759371299999,20320358.88010,26330,7517.32,7768436.54010,0
1759371300000,1034.150,1036.920,1032.860,1035.000,11483.21,1759372199999,11886491.13780,19484,6490.51,6719381.57530,0
1759372200000,1035.000,1036.000,1032.850,1034.770,11661.26,1759373099999,12063585.39540,15976,4066.24,4206725.23500,0
1759373100000,1034.770,1038.010,1034.240,1035.760,10560.74,1759373999999,10946412.06950,15258,4625.21,4794324.13850,0
1759374000000,1035.770,1036.310,1034.410,1034.560,7078.99,1759374899999,7329861.63160,12457,2910.50,3013660.05390,0
1759374900000,1034.570,1034.730,1032.310,1033.200,7127.32,1759375799999,7365960.94320,11676,3592.65,3713089.19680,0
1759375800000,1033.200,1034.950,1032.600,1033.950,5230.66,1759376699999,5406588.09880,11632,2739.65,2831961.77040,0
1759376700000,1033.960,1034.080,1030.390,1031.250,6793.12,1759377599999,7010648.96220,10960,2822.39,2912455.00660,0
1759377600000,1031.250,1034.090,1031.130,1033.380,4500.71,1759378499999,4649013.52380,10562,2238.89,2312571.36670,0
1759378500000,1033.380,1034.400,1029.560,1030.250,5563.12,1759379399999,5740276.33420,10830,2096.79,2163841.44280,0
1759379400000,1030.250,1030.600,1027.530,1029.430,6716.92,1759380299999,6912567.59950,11993,2388.98,2458755.95170,0
1759380300000,1029.440,1030.800,1028.480,1030.710,4304.33,1759381199999,4431724.86010,9553,2299.62,2367825.00790,0
1759381200000,1030.720,1031.730,1029.020,1029.370,4961.31,1759382099999,5111920.69300,9170,2601.50,2680229.52750,0
1759382100000,1029.370,1032.130,1028.450,1031.290,6325.91,1759382999999,6514665.04630,10233,3790.26,3903682.61750,0
1759383000000,1031.300,1031.870,1029.300,1031.070,5579.46,1759383899999,5749924.77110,10226,2708.26,2791271.32220,0
1759383900000,1031.070,1034.300,1030.690,1031.380,13223.35,1759384799999,13656670.47880,13234,8834.14,9123740.50630,0
1759384800000,1031.370,1032.810,1031.140,1032.190,3314.87,1759385699999,3420934.58040,8574,1257.71,1298008.61080,0
1759385700000,1032.190,1035.940,1032.190,1035.000,5327.10,1759386599999,5507934.42020,9367,3318.12,3430635.30690,0
1759386600000,1035.010,1041.920,1034.730,1038.510,32187.56,1759387499999,33424736.01300,32608,16861.41,17512539.23950,0
1759387500000,1038.510,1038.740,1036.050,1036.780,8314.37,1759388399999,8626075.90430,11436,3129.86,3247912.76260,0
1759388400000,1036.780,1038.460,1036.140,1036.530,5579.97,1759389299999,5787732.62460,11924,2801.82,2905952.82310,0
1759389300000,1036.540,1040.000,1036.530,1038.290,7671.88,1759390199999,7971639.63100,12254,4069.41,4228380.26470,0
1759390200000,1038.300,1039.060,1036.020,1036.230,5758.67,1759391099999,5973950.41720,9585,1901.40,1972316.05140,0
1759391100000,1036.230,1037.630,1035.040,1036.430,7568.86,1759391999999,7842408.78250,10032,3788.99,3926025.00480,0
1759392000000,1036.440,1038.930,1036.420,1036.510,6867.19,1759392899999,7125941.12970,14718,3592.70,3728079.91900,0
1759392900000,1036.510,1037.640,1035.830,1037.310,3716.37,1759393799999,3853234.17020,9332,1911.52,1981925.14940,0
1759393800000,1037.300,1037.300,1034.500,1035.100,4920.91,1759394699999,5095516.67400,9371,2066.94,2140225.00460,0
1759394700000,1035.110,1036.550,1033.760,1034.700,4365.57,1759395599999,4518029.64440,8100,2057.90,2130052.32030,0
1759395600000,1034.700,1037.090,1034.300,1036.080,4987.00,1759396499999,5165770.29490,9019,3052.16,3161137.68840,0
1759396500000,1036.090,1038.600,1035.660,1038.380,3170.35,1759397399999,3288622.50110,7106,1828.28,1896420.55330,0
1759397400000,1038.390,1041.840,1037.570,1040.650,8783.70,1759398299999,9133721.71060,13050,5327.30,5540340.68620,0
1759398300000,1040.650,1040.800,1038.660,1040.640,4397.58,1759399199999,4571528.76940,9074,1816.75,1888597.33430,0
1759399200000,1040.650,1041.910,1038.930,1039.400,7316.83,1759400099999,7611689.19620,11410,3515.94,3657756.57800,0
1759400100000,1039.400,1040.850,1037.790,1037.790,6787.89,1759400999999,7054843.01970,10252,2652.89,2758014.23010,0
1759401000000,1037.800,1045.830,1037.620,1045.350,23118.50,1759401899999,24120888.34240,25155,13887.19,14487591.18120,0
1759401900000,1045.340,1046.300,1042.650,1044.270,11250.07,1759402799999,11752327.91680,15633,5492.09,5737583.10180,0
1759402800000,1044.290,1047.890,1044.000,1047.370,14833.73,1759403699999,15522603.01400,20278,8348.70,8735892.21380,0
1759403700000,1047.380,1047.790,1044.550,1045.770,7668.80,1759404599999,8019625.38640,11996,3953.43,4133971.13150,0
1759404600000,1045.780,1050.260,1045.690,1049.460,17973.57,1759405499999,18843231.39520,19673,10884.44,11410853.34330,0
1759405500000,1049.460,1049.950,1046.450,1047.960,12604.56,1759406399999,13215407.01050,16029,5602.47,5874697.84600,0
1759406400000,1047.970,1053.000,1047.420,1052.500,21471.37,1759407299999,22546993.89580,23744,11936.47,12535463.62260,0
1759407300000,1052.510,1054.990,1052.400,1054.270,17689.69,1759408199999,18642127.33810,22235,8002.58,8433935.97460,0
1759408200000,1054.280,1064.290,1053.510,1061.960,51341.22,1759409099999,54399774.38720,48517,31261.68,33114425.53400,0
1759409100000,1061.960,1062.650,1059.250,1060.500,16968.59,1759409999999,17999589.34110,22350,8193.24,8690552.28320,0
1759410000000,1060.490,1061.840,1055.440,1055.910,24123.83,1759410899999,25530865.42100,26684,10023.48,10611397.15500,0
1759410900000,1055.910,1059.780,1053.480,1057.410,17082.24,1759411799999,18048111.46720,22991,8080.04,8538023.03990,0
1759411800000,1057.400,1058.930,1054.130,1055.910,13063.29,1759412699999,13799354.50110,20823,7450.79,7870013.48410,0
1759412700000,1055.920,1059.250,1054.570,1055.080,14791.57,1759413599999,15629167.64670,21591,7302.46,7717101.87480,0
1759413600000,1055.090,1057.260,1050.010,1051.190,17840.41,1759414499999,18784743.01010,24301,6418.18,6761909.49680,0
1759414500000,1051.180,1053.710,1049.760,1052.330,11592.68,1759415399999,12194182.26120,18794,6313.72,6642276.67230,0
1759415400000,1052.340,1054.340,1047.190,1047.760,14204.03,1759416299999,14917280.75660,21695,5537.38,5820100.18620,0
1759416300000,1047.760,1049.250,1044.390,1046.460,25898.55,1759417199999,27109040.44680,27555,10919.45,11432189.82900,0
1759417200000,1046.460,1049.250,1042.000,1048.000,30856.61,1759418099999,32249462.46530,33585,16201.46,16936963.85600,0
1759418100000,1048.010,1054.690,1046.640,1052.980,17304.03,1759418999999,18180146.57940,24512,10585.66,11120324.38640,0
1759419000000,1052.990,1053.420,1048.370,1052.300,14253.14,1759419899999,14978857.47000,21070,6800.89,7149242.98600,0
1759419900000,1052.300,1056.880,1051.990,1056.120,14912.76,1759420799999,15728115.12780,18871,8928.83,9418017.57210,0
1759420800000,1056.120,1062.250,1055.880,1060.430,26765.28,1759421699999,28342162.64320,28108,12991.25,13758710.20400,0
1759421700000,1060.440,1062.090,1059.170,1061.060,14565.88,1759422599999,15448630.68870,22058,6291.40,6673282.45090,0
1759422600000,1061.070,1063.300,1056.200,1058.040,15195.19,1759423499999,16093352.41000,23128,6394.51,6774281.21220,0
1759423500000,1058.030,1062.530,1057.000,1061.910,8486.86,1759424399999,8999742.66630,16052,4500.91,4772770.05730,0
1759424400000,1061.910,1062.560,1059.250,1061.940,11471.22,1759425299999,12169595.17440,19244,5703.10,6050956.24510,0
1759425300000,1061.950,1062.000,1058.670,1060.900,6423.69,1759426199999,6810415.70190,13256,3315.54,3515350.54820,0
1759426200000,1060.910,1061.350,1059.180,1059.570,6553.99,1759427099999,6948137.87350,12290,3158.93,3348923.25800,0
1759427100000,1059.580,1060.550,1058.880,1059.760,4568.23,1759427999999,4840946.97430,11002,1984.62,2103248.77850,0
1759428000000,1059.770,1066.660,1059.660,1066.000,18673.13,1759428899999,19862180.39460,20720,10932.81,11629686.04980,0
1759428900000,1065.990,1068.490,1064.500,1068.190,10460.83,1759429799999,11154152.36180,16812,5687.09,6064818.48040,0
1759429800000,1068.190,1069.310,1066.540,1068.210,8369.40,1759430699999,8937759.90860,16439,4094.27,4372910.87960,0
1759430700000,1068.210,1069.180,1067.030,1068.590,7657.48,1759431599999,8180717.92060,11939,4225.61,4514414.87780,0
1759431600000,1068.590,1073.330,1067.350,1072.660,14713.96,1759432499999,15749604.28800,20780,8992.02,9625431.66320,0
1759432500000,1072.660,1073.510,1069.360,1072.430,12518.00,1759433399999,13412940.56140,17370,5798.44,6212297.63690,0
1759433400000,1072.440,1074.410,1069.640,1073.210,14394.33,1759434299999,15430154.40690,18099,5638.10,6044619.35330,0
1759434300000,1073.220,1077.740,1072.860,1074.620,18427.97,1759435199999,19813014.53410,23676,10538.12,11330280.88480,0
1759435200000,1074.630,1078.780,1073.790,1076.530,18736.99,1759436099999,20165113.46180,20693,10092.18,10863528.73410,0
1759436100000,1076.520,1079.790,1074.790,1077.920,12827.84,1759436999999,13827290.42920,18608,6903.36,7441841.39250,0
1759437000000,1077.930,1086.680,1077.930,1085.480,53630.95,1759437899999,58058195.35890,47252,30349.61,32859133.41400,0
1759437900000,1085.490,1086.310,1080.060,1082.510,16318.21,1759438799999,17664873.67190,20475,6679.47,7231561.65710,0
1759438800000,1082.520,1087.930,1082.050,1085.600,14887.08,1759439699999,16162794.06230,21592,8036.79,8724824.48370,0
1759439700000,1085.610,1089.720,1083.610,1083.800,16999.09,1759440599999,18471344.50610,20632,8832.00,9599745.38260,0
1759440600000,1083.810,1085.630,1082.270,1082.400,10822.73,1759441499999,11726483.45570,13789,4758.00,5155858.97890,0
1759441500000,1082.410,1084.760,1078.740,1079.660,12020.63,1759442399999,13001029.39560,15164,4039.18,4367941.50590,0
1759442400000,1079.650,1084.000,1078.600,1081.550,12042.76,1759443299999,13022111.65770,16999,6183.80,6687139.65030,0
1759443300000,1081.560,1086.300,1080.810,1083.870,17657.32,1759444199999,19131737.39590,19576,9923.47,10749456.43730,0
1759444200000,1083.870,1088.500,1083.870,1087.530,13938.91,1759445099999,15151333.09210,21312,7749.89,8424041.80050,0
1759445100000,1087.540,1094.880,1087.250,1093.500,27565.37,1759445999999,30079866.94020,30395,16370.58,17863467.16420,0
1759446000000,1093.510,1100.340,1092.530,1094.910,42075.40,1759446899999,46144137.18920,47482,21659.04,23755645.27930,0
1759446900000,1094.910,1095.140,1090.300,1091.660,16785.55,1759447799999,18336771.21580,23019,8020.20,8761515.12820,0
1759447800000,1091.670,1092.790,1087.670,1089.300,16826.68,1759448699999,18331543.86320,21564,7356.24,8014103.08590,0
1759448700000,1089.310,1092.460,1088.380,1090.910,11297.40,1759449599999,12319217.18430,16040,5671.50,6184013.37540,0
1759449600000,1090.910,1094.690,1084.780,1086.840,20528.58,1759450499999,22361235.69260,28109,8028.68,8748712.51130,0
1759450500000,1086.840,1088.970,1085.610,1088.280,7491.38,1759451399999,8145742.35950,15665,3560.90,3872339.90020,0
1759451400000,1088.300,1089.000,1086.370,1086.560,6036.90,1759452299999,6566182.77020,13162,2669.95,2904122.89840,0
1759452300000,1086.550,1088.920,1086.000,1086.730,5670.50,1759453199999,6165863.64540,11942,2437.43,2650536.74390,0
1759453200000,1086.730,1092.630,1086.730,1090.550,13628.37,1759454099999,14850068.19170,20560,7516.50,8191439.41820,0
1759454100000,1090.550,1095.890,1090.430,1095.800,15196.10,1759454999999,16613019.69840,24429,8792.67,9613152.74720,0
1759455000000,1095.810,1097.760,1093.270,1093.800,13692.15,1759455899999,15001575.91610,21042,6446.09,7063969.46930,0
1759455900000,1093.800,1094.470,1087.880,1089.090,13573.87,1759456799999,14805986.21760,19101,4109.00,4482073.52110,0
1759456800000,1089.090,1093.000,1087.680,1093.000,9935.10,1759457699999,10827002.45770,18598,5710.25,6224331.08590,0
1759457700000,1093.000,1096.000,1091.620,1093.230,8738.10,1759458599999,9559052.58260,16882,4308.92,4713789.38070,0
1759458600000,1093.220,1097.090,1092.600,1093.100,16368.50,1759459499999,17926473.79510,20970,8070.20,8839607.29210,0
1759459500000,1093.100,1098.910,1092.360,1097.090,11715.34,1759460399999,12846597.60560,17696,6627.90,7268638.59550,0
1759460400000,1097.090,1109.290,1096.960,1106.710,52766.63,1759461299999,58231792.13320,48658,33710.10,37196739.11210,0
1759461300000,1106.680,1111.800,1105.010,1108.280,34938.24,1759462199999,38731158.39710,37390,19439.66,21551298.85550,0
1759462200000,1108.280,1113.360,1106.680,1111.320,24680.06,1759463099999,27401520.10710,30381,13296.00,14764999.22470,0
1759463100000,1111.320,1111.550,1105.790,1108.640,18118.17,1759463999999,20089127.03560,25747,7448.71,8259372.97540,0
1759464000000,1108.630,1113.270,1107.190,1113.190,18858.91,1759464899999,20941251.10960,26515,10296.60,11432676.26150,0
1759464900000,1113.200,1113.470,1106.270,1109.670,25260.46,1759465799999,28015873.82500,27185,10788.28,11967793.28540,0
1759465800000,1109.670,1109.670,1094.000,1099.350,54832.63,1759466699999,60389186.15020,51638,18312.99,20179548.29870,0
1759466700000,1099.340,1100.940,1096.250,1099.710,19547.82,1759467599999,21468203.76940,25689,8095.19,8892031.49210,0
1759467600000,1099.740,1101.800,1095.300,1096.170,11215.65,1759468499999,12311152.95950,19456,5056.40,5551874.32210,0
1759468500000,1096.170,1097.130,1093.470,1096.010,12878.66,1759469399999,14103610.01410,18999,5786.10,6337208.00880,0
1759469400000,1096.020,1099.310,1093.920,1094.310,11103.82,1759470299999,12178766.27200,19104,4650.45,5102535.68990,0
1759470300000,1094.310,1097.030,1094.000,1094.830,14884.28,1759471199999,16306007.54830,17601,7372.82,8077963.08710,0
1759471200000,1094.840,1099.310,1092.660,1099.000,15399.54,1759472099999,16869998.27620,22264,8056.83,8828814.75520,0
1759472100000,1099.010,1099.700,1096.350,1098.250,12319.44,1759472999999,13528697.87030,16290,6878.86,7554813.56660,0
1759473000000,1098.250,1100.520,1097.170,1097.790,7888.26,1759473899999,8667869.83740,12297,3259.33,3582405.82410,0
1759473900000,1097.780,1098.020,1089.220,1092.450,27486.01,1759474799999,30047876.75780,24049,8097.34,8851652.16870,0
1759474800000,1092.440,1093.560,1087.790,1090.410,18363.51,1759475699999,20016598.98160,23683,8028.16,8751133.86310,0
1759475700000,1090.410,1092.520,1085.540,1086.080,17649.16,1759476599999,19204695.47660,21221,7803.90,8491071.13210,0
1759476600000,1086.090,1088.860,1086.010,1086.360,10240.27,1759477499999,11135076.57120,15712,4431.75,4819200.17090,0
1759477500000,1086.350,1088.530,1085.310,1087.010,11873.90,1759478399999,12903419.15330,15192,5567.18,6049972.10880,0
1759478400000,1087.010,1089.630,1086.650,1088.080,10608.86,1759479299999,11548109.96790,17845,5843.36,6361112.90750,0
1759479300000,1088.090,1090.550,1084.500,1088.860,16003.71,1759480199999,17396747.78850,20671,6828.30,7426083.46070,0
1759480200000,1088.860,1097.280,1088.860,1096.950,20429.12,1759481099999,22332249.00100,23837,12799.73,13992595.88660,0
1759481100000,1096.940,1098.450,1095.160,1096.950,15540.75,1759481999999,17047318.39530,18247,7942.51,8713205.30600,0
1759482000000,1096.960,1105.690,1096.670,1105.180,25344.78,1759482899999,27936684.42290,32424,15004.61,16535048.16830,0
1759482900000,1105.180,1115.610,1102.580,1113.970,37260.41,1759483799999,41333700.37520,40348,22157.14,24584172.83060,0
1759483800000,1113.970,1115.240,1108.520,1110.480,34499.34,1759484699999,38342247.17820,32807,13168.25,14639255.80900,0
1759484700000,1110.480,1111.160,1107.220,1109.450,16132.12,1759485599999,17893862.84990,18176,8566.39,9502662.62280,0
1759485600000,1109.460,1110.160,1105.980,1106.970,10181.64,1759486499999,11277445.64200,17068,4499.49,4984166.21090,0
1759486500000,1106.980,1109.860,1106.580,1106.940,6998.92,1759487399999,7754216.71780,13369,3929.06,4353332.64700,0
1759487400000,1106.940,1110.580,1106.930,1110.450,8996.20,1759488299999,9980048.65500,14350,5732.03,6358709.38340,0
1759488300000,1110.450,1111.000,1107.180,1107.900,6850.90,1759489199999,7595450.53030,10954,3324.25,3685451.09830,0
1759489200000,1107.910,1108.600,1102.090,1103.570,13310.15,1759490099999,14708901.92000,18046,4889.64,5403875.58070,0
1759490100000,1103.570,1106.790,1102.800,1106.310,9697.27,1759490999999,10710733.41160,13561,5679.58,6274483.99840,0
1759491000000,1106.310,1106.460,1103.830,1105.200,7491.67,1759491899999,8277882.45170,11403,4216.89,4659826.66720,0
1759491900000,1105.200,1108.050,1105.080,1107.050,8366.06,1759492799999,9258789.14950,11077,5086.37,5629004.05660,0
1759492800000,1107.060,1110.880,1106.320,1109.940,11307.14,1759493699999,12532879.17820,16931,5938.95,6582522.03140,0
1759493700000,1109.940,1110.990,1108.280,1109.800,13434.11,1759494599999,14909020.60560,15652,6782.40,7527870.61910,0
1759494600000,1109.800,1110.090,1106.230,1106.750,10890.03,1759495499999,12067803.80630,16821,4313.39,4780778.26290,0
1759495500000,1106.750,1108.700,1106.340,1107.650,7377.63,1759496399999,8169994.21840,12653,3713.12,4112316.81850,0
1759496400000,1107.640,1107.650,1103.050,1104.000,13249.01,1759497299999,14633130.14710,18818,5268.93,5818706.97030,0
1759497300000,1104.000,1136.830,1103.710,1132.660,98283.75,1759498199999,110419612.20100,93897,63222.15,71001815.55210,0
1759498200000,1132.670,1148.180,1128.210,1131.060,120613.75,1759499099999,137003488.00780,131280,60248.77,68451187.05810,0
1759499100000,1131.040,1138.900,1129.200,1138.290,36999.58,1759499999999,41926610.21810,46381,20357.22,23074171.04270,0
1759500000000,1138.300,1138.300,1123.150,1125.140,56386.38,1759500899999,63730094.06940,64107,24013.62,27139546.51940,0
1759500900000,1125.080,1134.550,1120.030,1132.630,53322.70,1759501799999,60088479.83330,59826,28350.75,31954837.35740,0
1759501800000,1132.690,1136.880,1130.260,1136.380,28118.35,1759502699999,31887351.22180,35133,15563.11,17652778.13010,0
1759502700000,1136.380,1143.740,1135.430,1142.680,37791.19,1759503599999,43082188.13440,40596,21065.01,24015871.42750,0
1759503600000,1142.680,1143.030,1137.090,1143.030,29725.15,1759504499999,33881558.14650,35893,14718.79,16780619.88800,0
1759504500000,1143.020,1147.970,1140.130,1146.500,32652.26,1759505399999,37375389.12100,40195,18259.98,20903518.00840,0
1759505400000,1146.500,1151.970,1144.500,1145.310,70788.27,1759506299999,81331622.79110,59321,34389.37,39524020.06340,0
1759506300000,1145.320,1169.280,1144.610,1165.840,95640.54,1759507199999,110778557.10130,89195,53857.05,62391859.23520,0
1759507200000,1165.970,1168.550,1154.710,1155.360,68956.45,1759508099999,80058197.82110,71968,29715.77,34506122.48750,0
1759508100000,1155.360,1157.740,1150.000,1153.200,41203.28,1759508999999,47523084.37310,46941,20297.32,23416946.72360,0
1759509000000,1153.200,1165.640,1151.640,1162.550,49949.70,1759509899999,57956895.83780,47893,24829.39,28798528.25080,0
1759509900000,1162.560,1162.590,1153.360,1156.780,29309.81,1759510799999,33905062.93440,39848,12642.41,14625656.08940,0
1759510800000,1156.770,1156.770,1093.780,1147.760,187980.45,1759511699999,214056158.45290,168076,80248.99,91575945.68030,0
1759511700000,1147.740,1147.740,1136.480,1139.210,48231.36,1759512599999,55045516.90480,47524,23168.26,26440408.83190,0
1759512600000,1139.210,1144.970,1136.270,1143.120,24442.87,1759513499999,27882797.58180,30986,12543.12,14314413.44080,0
1759513500000,1143.090,1145.750,1135.180,1136.960,37250.47,1759514399999,42473867.42360,41423,15932.01,18169860.28720,0
1759514400000,1136.980,1145.410,1133.890,1144.900,29822.64,1759515299999,33989129.97010,36454,14812.72,16888684.39280,0
1759515300000,1144.890,1153.060,1142.910,1149.240,29351.83,1759516199999,33734090.89220,34064,17537.13,20152803.68400,0
1759516200000,1149.240,1165.130,1148.300,1165.120,40078.79,1759517099999,46366267.75600,43398,25882.54,29947778.44190,0
1759517100000,1165.120,1180.000,1160.620,1173.370,79844.29,1759517999999,93554064.85520,87929,42537.58,49853072.38790,0
1759518000000,1173.350,1174.730,1164.660,1166.290,30792.01,1759518899999,35972873.39920,37759,13691.79,15993935.75080,0
1759518900000,1166.290,1173.840,1164.810,1170.940,31872.63,1759519799999,37278858.76490,36285,19611.98,22942471.12170,0
1759519800000,1170.950,1172.310,1168.310,1170.430,15705.15,1759520699999,18376201.36440,25650,7292.52,8533559.56960,0
1759520700000,1170.430,1171.770,1166.270,1171.340,13865.26,1759521599999,16212722.60890,21280,6361.84,7440071.24970,0
1759521600000,1171.340,1171.740,1166.270,1168.430,13633.76,1759522499999,15931453.92770,23647,6487.29,7580547.43450,0
1759522500000,1168.440,1173.400,1165.520,1168.610,16686.89,1759523399999,19515149.76670,25170,9031.76,10562923.62480,0
1759523400000,1168.610,1171.080,1166.520,1170.890,8090.34,1759524299999,9453045.27660,16752,4326.57,5055601.46600,0
1759524300000,1170.890,1184.760,1169.200,1182.300,37295.54,1759525199999,43899424.61370,41597,24387.93,28710390.66390,0
1759525200000,1182.300,1182.960,1177.260,1181.790,28808.95,1759526099999,34006808.07020,35475,13389.46,15808172.86170,0
1759526100000,1181.790,1182.000,1178.700,1181.320,12526.38,1759526999999,14789390.40250,16244,5852.82,6910415.59090,0
1759527000000,1181.330,1181.990,1175.190,1177.280,14545.29,1759527899999,17130766.04350,17056,5767.66,6794659.65900,0
1759527900000,1177.290,1179.890,1171.990,1177.860,11310.46,1759528799999,13299095.63470,17663,5375.67,6320904.54590,0
1759528800000,1177.860,1182.370,1177.850,1181.300,9703.54,1759529699999,11449578.85800,19101,5137.06,6061350.62080,0
1759529700000,1181.330,1184.110,1180.480,1182.690,14642.04,1759530599999,17316082.50120,23207,8578.41,10145752.81740,0
1759530600000,1182.700,1183.920,1179.280,1179.600,12015.67,1759531499999,14199840.12700,18432,5897.65,6970488.66980,0
1759531500000,1179.600,1193.390,1178.810,1183.450,58111.39,1759532399999,69017451.73560,59126,33296.45,39542601.29060,0
1759532400000,1183.450,1183.450,1172.610,1176.640,32347.01,1759533299999,38078134.32500,38808,15007.67,17670986.75210,0
1759533300000,1176.670,1182.240,1176.310,1181.140,12169.61,1759534199999,14356036.54710,20136,6873.03,8106971.12730,0
1759534200000,1181.150,1186.090,1179.000,1184.610,14336.94,1759535099999,16956402.48810,21164,6095.77,7211854.80250,0
1759535100000,1184.610,1190.880,1182.720,1190.390,23345.10,1759535999999,27728174.06890,26747,12181.85,14470876.69650,0
1759536000000,1190.390,1191.110,1185.440,1187.210,20894.21,1759536899999,24820232.37490,30031,9100.67,10812098.74090,0
1759536900000,1187.200,1188.810,1180.430,1180.770,16877.31,1759537799999,19995525.77790,23550,7837.56,9285854.57940,0
1759537800000,1180.770,1181.990,1176.480,1178.050,25663.39,1759538699999,30270604.01490,28510,12185.54,14374072.36590,0
1759538700000,1178.040,1178.320,1175.100,1178.270,13983.16,1759539599999,16451887.06400,21554,6086.19,7160910.54980,0
1759539600000,1178.280,1180.850,1173.310,1174.040,17462.51,1759540499999,20553649.74050,24563,7244.66,8528260.21330,0
1759540500000,1174.030,1174.030,1168.300,1169.910,20380.38,1759541399999,23870769.50680,25764,7222.01,8459059.71130,0
1759541400000,1169.920,1173.310,1165.000,1165.970,25673.61,1759542299999,30010044.62000,26285,12498.16,14612647.95960,0
1759542300000,1165.960,1173.420,1164.490,1172.020,29661.61,1759543199999,34660772.00630,26352,18010.25,21053543.28880,0
1759543200000,1172.010,1176.120,1169.700,1170.790,20170.66,1759544099999,23666830.58830,28117,10011.23,11749662.33290,0
1759544100000,1170.800,1170.930,1165.780,1169.000,13765.34,1759544999999,16078747.36600,22839,5680.94,6636089.21940,0
1759545000000,1169.000,1172.330,1167.000,1171.910,10963.20,1759545899999,12817044.11070,18662,6590.24,7705799.21860,0
1759545900000,1171.920,1178.570,1171.000,1177.320,22247.06,1759546799999,26166823.62170,29141,11918.33,14016078.50150,0
1759546800000,1177.330,1181.910,1170.780,1172.760,25017.53,1759547699999,29454134.39860,31341,11095.24,13065495.28890,0
1759547700000,1172.750,1176.020,1170.580,1175.200,9197.37,1759548599999,10795456.40870,18202,5087.43,5972045.16030,0
1759548600000,1175.200,1176.880,1171.600,1172.000,9942.25,1759549499999,11672042.80950,15989,3832.81,4501642.98790,0
1759549500000,1172.000,1172.990,1169.640,1170.980,10626.63,1759550399999,12446852.56370,17079,4753.68,5568687.48160,0
1759550400000,1170.980,1174.360,1167.900,1172.250,16532.39,1759551299999,19353039.17010,21085,9431.75,11042109.27370,0
1759551300000,1172.240,1172.600,1169.410,1169.830,6190.36,1759552199999,7248842.52610,12551,2713.13,3177076.42860,0
1759552200000,1169.830,1174.830,1169.490,1174.830,9768.53,1759553099999,11444375.63870,15503,4771.58,5591490.87660,0
1759553100000,1174.830,1176.000,1173.290,1174.730,9521.12,1759553999999,11185183.40340,15728,4988.88,5860708.62160,0
1759554000000,1174.730,1182.660,1174.110,1182.600,19249.73,1759554899999,22697257.45020,27078,11879.77,14011326.77970,0
1759554900000,1182.600,1183.450,1178.180,1181.430,17663.55,1759555799999,20866356.79480,22573,8526.28,10072679.41020,0
1759555800000,1181.430,1181.550,1176.550,1177.230,13903.67,1759556699999,16391419.84530,20288,5765.74,6798809.01450,0
1759556700000,1177.230,1180.750,1176.460,1177.390,8914.57,1759557599999,10504853.04250,15307,4478.30,5277130.48650,0
1759557600000,1177.400,1178.210,1171.740,1174.380,16439.86,1759558499999,19307347.36690,19896,6780.81,7961278.42570,0
1759558500000,1174.380,1174.970,1170.730,1171.120,12128.87,1759559399999,14221023.44910,16281,6439.82,7551539.28350,0
1759559400000,1171.120,1177.320,1171.110,1175.610,12042.75,1759560299999,14156046.85780,17910,5357.38,6296235.59910,0
1759560300000,1175.620,1175.710,1172.010,1172.490,5624.94,1759561199999,6603774.88770,9857,1706.79,2003701.21300,0
1759561200000,1172.510,1175.000,1171.550,1174.350,5391.09,1759562099999,6328445.29840,10954,2679.59,3145647.19830,0
1759562100000,1174.350,1174.430,1168.800,1171.110,12257.29,1759562999999,14353685.08220,14420,3167.40,3710136.79020,0
1759563000000,1171.100,1172.800,1169.990,1170.230,7903.13,1759563899999,9254944.56840,11722,3399.30,3981079.10240,0
1759563900000,1170.240,1171.080,1166.000,1167.410,15007.76,1759564799999,17530437.99460,18321,5896.28,6887829.15720,0
1759564800000,1167.410,1169.760,1166.160,1168.920,12645.93,1759565699999,14774584.84320,18019,7250.78,8471832.62280,0
1759565700000,1168.930,1168.930,1162.710,1163.850,15522.52,1759566599999,18096349.46470,20764,6082.09,7092012.73730,0
1759566600000,1163.850,1165.150,1156.480,1158.320,31263.07,1759567499999,36270762.75140,36390,11818.84,13712799.36740,0
1759567500000,1158.320,1160.110,1155.550,1156.690,25305.94,1759568399999,29295399.91540,28028,12476.05,14443902.55340,0
1759568400000,1156.690,1161.610,1154.530,1158.750,23726.13,1759569299999,27477052.21150,29142,10750.25,12450610.20290,0
1759569300000,1158.750,1162.920,1158.680,1162.230,13113.96,1759570199999,15228385.99420,18402,7270.11,8441883.11910,0
1759570200000,1162.240,1162.240,1159.000,1159.190,8312.91,1759571099999,9644329.93200,11973,3152.40,3656902.24800,0
1759571100000,1159.200,1159.200,1150.200,1151.240,27400.15,1759571999999,31589036.42780,30388,9927.77,11444500.05970,0
1759572000000,1151.250,1153.630,1151.070,1153.150,11376.65,1759572899999,13113023.70330,18664,4937.53,5691075.94250,0
1759572900000,1153.150,1156.640,1152.490,1155.990,10357.14,1759573799999,11960143.77690,15372,6358.88,7343501.64520,0
1759573800000,1155.990,1157.340,1147.880,1149.900,22894.25,1759574699999,26346079.06790,26198,8992.00,10351644.48180,0
1759574700000,1149.900,1151.400,1148.340,1150.120,10682.17,1759575599999,12284256.29680,16986,5643.65,6490562.02600,0
1759575600000,1150.120,1152.640,1146.560,1147.490,16055.87,1759576499999,18446869.09470,21616,6811.94,7828886.42650,0
1759576500000,1147.480,1149.290,1145.680,1149.040,14138.70,1759577399999,16223131.88180,18497,6781.27,7782807.32820,0
1759577400000,1149.050,1151.600,1146.930,1150.960,11974.96,1759578299999,13766003.12970,17857,6899.75,7932304.65470,0
1759578300000,1150.960,1155.720,1149.890,1152.420,18289.37,1759579199999,21091779.29880,24000,11048.77,12741850.72620,0
1759579200000,1152.420,1154.780,1151.180,1152.380,9463.16,1759580099999,10909755.94080,18736,4420.94,5097231.88050,0
1759580100000,1152.380,1152.470,1149.620,1149.760,6239.55,1759580999999,7180790.13830,11330,2253.13,2593079.87650,0
1759581000000,1149.770,1151.510,1147.000,1147.700,12964.72,1759581899999,14894733.27240,18268,5155.88,5923323.99360,0
1759581900000,1147.700,1147.800,1144.180,1144.690,16443.66,1759582799999,18834363.04080,18111,6705.43,7679502.97560,0
1759582800000,1144.700,1151.420,1144.000,1148.430,23631.95,1759583699999,27150227.08670,29539,14184.99,16298091.13620,0
1759583700000,1148.420,1150.860,1146.380,1149.050,9371.66,1759584599999,10763094.30160,16078,4865.96,5588966.33650,0
1759584600000,1149.060,1151.100,1146.000,1148.780,14624.43,1759585499999,16802126.06070,19526,7350.86,8447590.57830,0
1759585500000,1148.930,1149.360,1146.270,1147.590,6441.50,1759586399999,7394263.52830,11947,3749.57,4304133.49900,0
1759586400000,1147.600,1149.630,1144.720,1149.510,10702.31,1759587299999,12270276.62630,16628,5941.21,6813676.55880,0
1759587300000,1149.510,1154.150,1148.530,1150.440,16818.02,1759588199999,19360218.79310,24546,9065.45,10437186.14950,0
1759588200000,1150.450,1154.660,1149.180,1150.610,8332.29,1759589099999,9601581.37590,15927,4500.02,5185817.43410,0
1759589100000,1150.610,1152.720,1146.690,1147.020,12171.36,1759589999999,13983238.86870,19236,5181.79,5954118.72750,0
1759590000000,1147.030,1151.840,1145.690,1146.820,14140.05,1759590899999,16237756.28830,23939,6765.72,7769861.26740,0
1759590900000,1146.860,1148.940,1143.190,1143.730,22756.32,1759591799999,26071858.57730,26078,10266.24,11763462.97560,0
1759591800000,1143.740,1148.930,1140.500,1148.230,30161.49,1759592699999,34489415.28070,33177,14819.19,16950339.70700,0
1759592700000,1148.240,1150.650,1144.000,1145.350,22707.20,1759593599999,26053001.50150,24378,9804.76,11249033.67660,0
1759593600000,1145.370,1147.800,1141.200,1141.850,12170.84,1759594499999,13922998.30160,19249,4972.21,5688586.47830,0
1759594500000,1141.850,1142.700,1138.000,1140.660,33914.56,1759595399999,38651166.08410,31969,14503.52,16530486.23720,0
1759595400000,1140.610,1148.330,1140.320,1143.270,25442.27,1759596299999,29136506.56610,28323,14956.07,17128697.15670,0
1759596300000,1143.300,1143.980,1140.040,1143.660,10431.04,1759597199999,11909871.83910,14232,5538.36,6323562.84030,0
1759597200000,1143.670,1147.000,1142.620,1145.680,8066.66,1759598099999,9238844.12480,15443,4435.87,5080719.83120,0
1759598100000,1145.680,1152.000,1145.270,1151.690,10731.59,1759598999999,12329793.76110,17789,6574.17,7553594.66190,0
1759599000000,1151.680,1159.470,1145.690,1146.490,35082.76,1759599899999,40481252.79840,41955,17120.93,19761670.48960,0
1759599900000,1146.500,1150.990,1146.440,1150.640,10693.58,1759600799999,12281343.85910,15202,6664.96,7654925.16040,0
1759600800000,1150.650,1151.000,1147.250,1147.950,9115.81,1759601699999,10475981.15060,12843,3695.87,4246848.07470,0
1759601700000,1147.960,1148.550,1144.860,1146.130,5986.90,1759602599999,6862377.92730,11599,2659.27,3047938.97050,0
1759602600000,1146.120,1146.250,1143.220,1143.920,5676.56,1759603499999,6494273.77340,10325,2533.69,2898487.37030,0
1759603500000,1143.930,1145.640,1143.280,1144.580,6740.37,1759604399999,7713273.72220,9183,3011.71,3447058.21850,0
1759604400000,1144.570,1147.410,1144.320,1147.410,3766.19,1759605299999,4316127.50790,9663,2441.44,2797862.25010,0
1759605300000,1147.410,1147.750,1145.450,1146.320,4671.41,1759606199999,5356491.07600,8045,2754.81,3159133.67850,0
1759606200000,1146.320,1146.850,1144.770,1144.860,2950.74,1759607099999,3381605.58910,7045,1510.87,1731507.59690,0
1759607100000,1144.870,1148.150,1144.720,1147.690,5264.26,1759607999999,6037955.62980,7833,3690.77,4233117.57870,0
1759608000000,1147.700,1150.800,1147.030,1150.590,7150.03,1759608899999,8214405.81980,10989,4781.11,5493653.08150,0
1759608900000,1150.590,1150.880,1148.510,1149.660,5999.01,1759609799999,6894514.67020,9398,3001.21,3449205.05580,0
1759609800000,1149.660,1151.420,1148.240,1149.390,6273.27,1759610699999,7212299.12760,9492,3177.37,3653080.57550,0
1759610700000,1149.400,1150.860,1147.160,1147.230,5585.43,1759611599999,6417135.40460,7744,2040.07,2343110.47170,0
1759611600000,1147.240,1149.840,1147.240,1149.820,3444.26,1759612499999,3956194.57300,6553,2445.86,2809435.83200,0
1759612500000,1149.820,1157.360,1149.110,1155.090,15558.00,1759613399999,17948617.72810,15689,11475.91,13239424.39890,0
1759613400000,1155.040,1156.040,1151.040,1153.880,10633.38,1759614299999,12267919.44730,10419,4718.01,5442583.39710,0
1759614300000,1153.890,1153.890,1152.230,1152.870,3012.34,1759615199999,3473143.78430,5794,1732.55,1997525.23420,0
1759615200000,1152.880,1155.920,1152.140,1153.560,6766.08,1759616099999,7808109.04700,11183,3382.15,3903181.07930,0
1759616100000,1153.570,1153.650,1151.180,1152.540,3133.86,1759616999999,3611131.86040,6207,1513.39,1743770.67450,0
1759617000000,1152.530,1153.940,1152.010,1152.740,4335.49,1759617899999,4998515.34800,6699,2836.22,3270004.69500,0
1759617900000,1152.750,1153.830,1147.790,1148.130,9238.58,1759618799999,10630467.57580,9770,2739.78,3152898.41560,0
1759618800000,1148.130,1149.130,1145.780,1145.880,5269.93,1759619699999,6046814.33130,9853,2448.22,2809634.75390,0
1759619700000,1145.880,1149.170,1145.320,1149.020,4150.37,1759620599999,4760239.34170,8377,2373.25,2722140.67270,0
1759620600000,1149.020,1151.170,1148.690,1150.260,6707.62,1759621499999,7713921.85710,9529,3730.42,4290290.13400,0
1759621500000,1150.270,1151.560,1149.320,1151.460,4047.56,1759622399999,4656761.64500,7624,2234.23,2570624.16420,0
1759622400000,1151.450,1152.560,1148.070,1150.900,7225.44,1759623299999,8312284.76130,12622,3669.70,4222130.20740,0
1759623300000,1150.890,1154.520,1150.190,1152.490,8730.14,1759624199999,10061043.53230,11416,3872.28,4463626.94070,0
1759624200000,1152.480,1153.390,1147.560,1148.220,6630.84,1759625099999,7628685.70430,11213,2758.92,3173733.37050,0
1759625100000,1148.210,1149.330,1145.300,1147.380,13195.31,1759625999999,15139872.97440,16557,4726.99,5424157.72250,0
1759626000000,1147.390,1149.390,1146.950,1148.360,4217.41,1759626899999,4842938.45680,10579,2202.60,2529141.72000,0
1759626900000,1148.360,1148.810,1144.000,1146.980,7599.92,1759627799999,8707808.91000,11857,3640.72,4171602.05290,0
1759627800000,1146.990,1150.800,1145.500,1150.230,6462.71,1759628699999,7425947.06820,10143,3669.85,4217197.72180,0
1759628700000,1150.230,1153.080,1148.950,1150.300,7640.62,1759629599999,8794451.75110,12913,3885.35,4471522.68240,0
1759629600000,1150.300,1153.980,1148.990,1153.980,5259.74,1759630499999,6058133.46800,9933,2840.96,3272134.52960,0
1759630500000,1153.970,1159.000,1153.970,1159.000,15242.61,1759631399999,17631404.71690,17886,8618.53,9969355.86090,0
1759631400000,1159.000,1166.170,1156.080,1157.830,56659.27,1759632299999,65841724.13230,55454,30758.10,35740872.87860,0
1759632300000,1157.820,1164.230,1157.540,1163.680,24354.11,1759633199999,28281626.55030,27547,15294.47,17760729.99250,0
1759633200000,1163.680,1166.950,1162.000,1164.710,23934.57,1759634099999,27877413.78520,27526,13120.75,15282234.65140,0
1759634100000,1164.720,1168.880,1162.610,1166.660,20760.62,1759634999999,24210857.79630,24985,12780.92,14907284.24660,0
1759635000000,1166.650,1169.950,1164.820,1166.090,23085.01,1759635899999,26956879.16170,25968,11825.37,13809226.26820,0
1759635900000,1166.090,1166.360,1162.770,1163.630,10082.84,1759636799999,11743219.03740,15815,4711.68,5488055.21370,0
1759636800000,1163.630,1172.080,1163.510,1169.130,21509.54,1759637699999,25146199.09380,28936,12095.86,14138359.61140,0
1759637700000,1169.130,1174.920,1168.600,1172.670,15369.57,1759638599999,18013908.30020,20810,8936.50,10473852.36500,0
1759638600000,1172.670,1180.860,1170.500,1179.000,34817.77,1759639499999,40989037.02980,40258,19558.22,23022484.92210,0
1759639500000,1179.000,1186.690,1178.860,1182.400,41914.99,1759640399999,49598406.00300,46646,21775.54,25764833.36970,0
1759640400000,1182.410,1189.900,1180.820,1183.470,35681.58,1759641299999,42282954.92810,43699,15712.49,18623886.63860,0
1759641300000,1183.480,1185.500,1177.630,1178.190,20379.93,1759642199999,24058063.66270,27927,7802.16,9213225.19460,0
1759642200000,1178.190,1183.050,1177.340,1181.400,11670.09,1759643099999,13773123.96930,19935,6331.06,7472214.44120,0
1759643100000,1181.390,1181.400,1176.710,1178.760,11331.12,1759643999999,13353101.30920,15903,4411.13,5198757.19960,0
1759644000000,1178.760,1180.720,1173.960,1174.860,14799.79,1759644899999,17412292.21190,20120,6020.87,7083829.39580,0
1759644900000,1174.850,1178.010,1172.760,1173.850,12465.80,1759645799999,14646970.89520,17981,5281.60,6206673.34140,0
1759645800000,1173.850,1176.440,1169.500,1172.050,16831.87,1759646699999,19734924.09130,21938,6293.49,7381023.78810,0
1759646700000,1172.040,1172.040,1167.000,1169.740,17695.64,1759647599999,20692021.03820,22619,6001.81,7019847.83400,0
1759647600000,1169.730,1175.920,1168.160,1174.860,18869.83,1759648499999,22114968.76140,23275,9891.56,11593262.47640,0
1759648500000,1174.850,1179.260,1172.340,1172.400,21072.03,1759649399999,24784579.72430,24883,10937.75,12866974.00490,0
1759649400000,1172.400,1176.700,1172.270,1176.300,9739.38,1759650299999,11437575.31660,16095,5552.22,6520924.88400,0
1759650300000,1176.300,1181.000,1174.250,1178.350,17070.64,1759651199999,20115919.44500,22266,8937.82,10532480.65280,0
1759651200000,1178.350,1180.630,1174.640,1174.970,12945.30,1759652099999,15244207.87190,22440,5755.78,6778250.91880,0
1759652100000,1174.970,1177.630,1174.460,1176.980,7403.19,1759652999999,8707405.25380,13398,4122.28,4848422.66370,0
1759653000000,1176.980,1176.980,1174.260,1175.760,4871.30,1759653899999,5726272.15220,11809,2075.89,2440257.59930,0
1759653900000,1175.770,1175.860,1173.440,1174.890,6381.48,1759654799999,7496122.23850,11237,2672.50,3139261.31410,0
1759654800000,1174.880,1175.440,1170.070,1170.070,10704.90,1759655699999,12540494.75690,17061,4333.21,5076487.12590,0
1759655700000,1170.070,1171.540,1162.900,1163.980,33066.21,1759656599999,38611154.79500,27979,11471.55,13403814.42200,0
1759656600000,1163.980,1164.380,1156.830,1160.780,49694.74,1759657499999,57694196.34950,50600,27973.74,32481025.22380,0
1759657500000,1160.770,1164.910,1158.560,1162.160,18252.72,1759658399999,21213780.30300,26028,8760.01,10183952.35080,0
1759658400000,1162.150,1162.720,1154.300,1156.980,37791.73,1759659299999,43730692.21980,36148,14305.31,16553865.74670,0
1759659300000,1156.990,1162.760,1156.630,1161.580,15561.22,1759660199999,18059479.16750,20552,8385.86,9731030.24130,0
1759660200000,1161.580,1164.010,1157.500,1163.360,13585.79,1759661099999,15771271.08650,18267,5898.45,6850300.17640,0
1759661100000,1163.360,1165.000,1161.330,1163.100,11389.61,1759661999999,13248422.84220,15465,5400.35,6281965.97820,0
1759662000000,1163.090,1166.600,1160.110,1160.890,16097.67,1759662899999,18735503.60510,21948,8297.33,9657988.33980,0
1759662900000,1160.880,1163.560,1158.350,1162.510,10315.05,1759663799999,11973616.76030,15946,4414.49,5125102.92980,0
1759663800000,1162.500,1164.540,1160.650,1164.160,6684.55,1759664699999,7770801.92150,12553,3875.13,4505657.48500,0
1759664700000,1164.160,1168.500,1163.930,1168.140,13389.07,1759665599999,15620115.76440,16960,7800.90,9100864.89960,0
1759665600000,1168.140,1168.140,1161.940,1164.020,12340.82,1759666499999,14375457.39240,17995,4536.96,5284687.81620,0
1759666500000,1164.020,1166.880,1162.860,1166.020,6437.09,1759667399999,7501724.23460,12809,3325.68,3876398.02520,0
1759667400000,1166.010,1171.770,1165.540,1167.960,14011.08,1759668299999,16379847.01030,20390,6996.67,8180221.16170,0
1759668300000,1167.970,1171.370,1167.870,1169.350,8207.25,1759669199999,9603030.77320,13397,3702.93,4332382.36030,0
1759669200000,1169.350,1169.890,1164.310,1166.500,10954.23,1759670099999,12781969.93390,17806,4423.29,5161799.96910,0
1759670100000,1166.500,1167.690,1164.330,1165.030,6246.88,1759670999999,7284673.26740,13055,2825.45,3294718.33510,0
1759671000000,1165.030,1166.280,1162.500,1162.950,10940.52,1759671899999,12735947.29360,18357,5065.75,5897498.45580,0
1759671900000,1162.940,1166.820,1162.230,1163.740,8941.93,1759672799999,10410990.77130,15942,4065.44,4733139.55980,0
1759672800000,1163.730,1168.420,1163.660,1166.760,7912.96,1759673699999,9226558.68140,13356,4506.08,5253885.19670,0
1759673700000,1166.760,1167.320,1163.560,1164.000,5509.12,1759674599999,6417756.17270,10996,2529.12,2946437.08730,0
1759674600000,1164.000,1164.910,1157.830,1160.520,19617.42,1759675499999,22763818.61530,21364,7183.85,8334527.39060,0
1759675500000,1160.510,1163.170,1158.550,1161.610,10414.54,1759676399999,12092321.41630,16563,5351.57,6212812.97460,0
1759676400000,1161.660,1163.380,1160.270,1162.220,6596.19,1759677299999,7663566.91300,11659,2830.44,3288610.29640,0
1759677300000,1162.220,1164.000,1161.360,1161.800,4156.39,1759678199999,4832398.85710,8165,2017.75,2346092.97950,0
1759678200000,1161.800,1162.240,1157.280,1158.180,10537.14,1759679099999,12217585.57210,13663,4010.44,4649955.83800,0
1759679100000,1158.170,1160.170,1157.110,1158.990,9588.86,1759679999999,11110308.42910,12404,3738.82,4332700.54630,0
1759680000000,1159.000,1160.880,1156.620,1160.190,10146.00,1759680899999,11754442.28490,15024,5425.59,6285942.83350,0
1759680900000,1160.180,1161.390,1157.710,1159.730,6647.95,1759681799999,7710366.40370,11960,3758.98,4359906.14430,0
1759681800000,1159.730,1164.570,1159.040,1161.720,11113.13,1759682699999,12916059.23280,14906,5828.55,6773077.97420,0
1759682700000,1161.720,1170.080,1156.330,1168.240,28490.86,1759683599999,33136310.11190,31760,16037.25,18658514.96290,0
1759683600000,1168.210,1170.500,1165.060,1165.960,17619.93,1759684499999,20576075.75370,22765,6813.46,7956821.22570,0
1759684500000,1165.960,1167.500,1163.590,1164.600,4988.62,1759685399999,5812906.73100,10824,2355.82,2745212.08620,0
1759685400000,1164.590,1165.000,1160.480,1164.350,9303.15,1759686299999,10815733.83220,16342,4654.19,5412316.65260,0
1759686300000,1164.350,1165.470,1161.810,1164.160,5076.02,1759687199999,5908244.23550,12457,2088.68,2431283.20210,0
1759687200000,1164.160,1165.490,1156.520,1159.250,15085.73,1759688099999,17497771.51980,21096,6665.73,7732150.30240,0
1759688100000,1159.240,1161.120,1157.110,1158.060,5575.81,1759688999999,6462578.33100,12784,2828.81,3278964.70590,0
1759689000000,1158.050,1163.090,1157.400,1161.060,5676.99,1759689899999,6591460.12660,11781,3498.71,4062932.57340,0
1759689900000,1161.050,1162.240,1159.000,1159.420,2485.81,1759690799999,2885397.36380,7469,1401.31,1626691.31220,0
1759690800000,1159.420,1159.670,1151.550,1154.350,15968.52,1759691699999,18442369.15890,23978,5831.13,6732696.45470,0
1759691700000,1154.340,1157.140,1152.320,1155.410,7286.68,1759692599999,8416312.45050,14632,3774.41,4360008.07930,0
1759692600000,1155.410,1155.780,1151.900,1152.370,5554.11,1759693499999,6406530.14860,12032,1860.71,2146452.19380,0
1759693500000,1152.370,1152.940,1148.680,1150.510,14875.00,1759694399999,17111425.97190,21245,5795.17,6667385.48770,0
1759694400000,1150.500,1154.880,1148.340,1153.050,10819.35,1759695299999,12457062.15260,19195,6265.28,7214302.65370,0
1759695300000,1153.060,1155.360,1151.820,1154.620,4520.32,1759696199999,5216275.63570,13166,2736.72,3158473.20290,0
1759696200000,1154.630,1158.020,1154.630,1157.150,5588.72,1759697099999,6464253.07730,13383,2948.10,3409769.32370,0
1759697100000,1157.140,1158.780,1156.300,1156.940,4005.11,1759697999999,4636217.47060,10061,1874.89,2170394.67220,0
1759698000000,1156.930,1158.940,1155.100,1158.910,4823.17,1759698899999,5580632.74290,10683,2220.32,2569310.12400,0
1759698900000,1158.920,1160.720,1156.770,1159.520,4891.26,1759699799999,5669124.78230,9400,2546.54,2951213.15630,0
1759699800000,1159.520,1160.820,1157.250,1160.690,3131.62,1759700699999,3630321.68170,7248,1194.85,1385168.64600,0
1759700700000,1160.680,1161.950,1160.100,1161.940,3541.21,1759701599999,4110969.66650,6860,1995.44,2316647.18100,0
1759701600000,1161.950,1165.050,1160.390,1161.540,10052.22,1759702499999,11692593.22760,16273,4900.07,5699855.93030,0
1759702500000,1161.530,1164.630,1160.880,1162.400,4414.06,1759703399999,5132894.40090,10653,1827.54,2125178.48890,0
1759703400000,1162.410,1162.890,1160.540,1162.380,3803.51,1759704299999,4418086.07520,8131,1488.78,1729188.15180,0
1759704300000,1162.380,1162.670,1161.180,1162.460,3762.89,1759705199999,4372726.87940,6561,1602.71,1862423.00950,0
1759705200000,1162.460,1163.340,1160.780,1161.290,5732.14,1759706099999,6661052.36660,12168,3246.22,3772230.85280,0
1759706100000,1161.290,1162.410,1160.320,1162.260,4297.41,1759706999999,4990008.01180,9745,2561.08,2973688.09180,0
1759707000000,1162.270,1164.310,1162.130,1163.970,6450.53,1759707899999,7502823.18690,11901,2717.79,3160959.32030,0
1759707900000,1163.970,1167.990,1163.460,1167.980,10408.18,1759708799999,12133865.47670,16042,5612.24,6543458.98130,0
1759708800000,1167.990,1168.900,1162.270,1165.200,16828.78,1759709699999,19620902.02080,21560,7765.55,9054481.49940,0
1759709700000,1165.190,1174.970,1165.180,1169.600,32144.32,1759710599999,37632861.45410,38355,17444.27,20422570.51590,0
1759710600000,1169.590,1171.220,1164.020,1170.060,10594.58,1759711499999,12369372.87470,22268,5379.28,6280922.78350,0
1759711500000,1170.080,1170.930,1165.370,1168.460,12765.64,1759712399999,14915851.15510,19997,4750.84,5551231.19560,0
1759712400000,1168.450,1173.000,1166.500,1170.600,9892.95,1759713299999,11572622.40820,19088,5234.18,6122286.11530,0
1759713300000,1170.610,1184.860,1170.090,1183.390,48576.45,1759714199999,57273884.72220,48660,28114.08,33145468.18690,0
1759714200000,1183.390,1184.720,1175.170,1177.490,24859.12,1759715099999,29321227.10930,32124,12152.55,14335752.44190,0
1759715100000,1177.490,1182.690,1175.340,1179.690,17365.33,1759715999999,20482487.22160,20493,9809.49,11570684.81510,0
1759716000000,1179.700,1183.020,1172.730,1174.300,16673.39,1759716899999,19629252.88930,25688,7747.31,9126458.38820,0
1759716900000,1174.300,1177.170,1172.890,1173.700,6014.02,1759717799999,7065878.35960,13843,2942.32,3457250.81480,0
1759717800000,1173.710,1178.900,1172.400,1178.540,11642.36,1759718699999,13679664.70070,19078,6486.10,7621072.11980,0
1759718700000,1178.530,1183.440,1177.440,1180.580,16793.69,1759719599999,19836264.99320,23900,8387.59,9907279.31930,0
1759719600000,1180.570,1184.030,1179.460,1182.240,11267.27,1759720499999,13313681.31920,20108,5954.82,7037218.97410,0
1759720500000,1182.240,1182.300,1177.520,1177.750,9036.46,1759721399999,10656436.79630,15229,3723.86,4391875.55650,0
1759721400000,1177.750,1181.390,1177.750,1180.590,7252.94,1759722299999,8556554.22760,13268,3464.40,4087317.76200,0
1759722300000,1180.590,1183.990,1178.000,1183.140,10203.79,1759723199999,12050977.04080,16575,4875.09,5759537.52170,0
1759723200000,1183.130,1185.420,1180.410,1181.520,14562.40,1759724099999,17228730.75840,20846,6414.79,7591800.44410,0
1759724100000,1181.530,1184.850,1180.270,1184.700,7517.46,1759724999999,8890784.14910,11868,4392.40,5195956.45720,0
1759725000000,1184.700,1185.710,1181.190,1182.110,15273.32,1759725899999,18070402.23840,17327,6199.30,7335078.41840,0
1759725900000,1182.110,1186.990,1179.730,1184.770,22855.74,1759726799999,27049303.01090,23252,11662.64,13804034.99590,0
1759726800000,1184.770,1185.000,1179.500,1180.130,15715.74,1759727699999,18575015.34970,20735,6111.09,7223718.10960,0
1759727700000,1180.130,1197.090,1179.120,1195.320,62554.42,1759728599999,74498440.26480,59691,38344.51,45668494.25860,0
1759728600000,1195.330,1196.110,1188.340,1189.560,38957.79,1759729499999,46434702.12360,43932,18087.49,21559983.12540,0
1759729500000,1189.560,1194.170,1189.540,1190.660,15075.58,1759730399999,17971771.67940,22251,7334.59,8744379.17380,0
1759730400000,1190.670,1204.640,1189.820,1203.430,74697.34,1759731299999,89556990.56280,63652,47236.97,56638056.75310,0
1759731300000,1203.440,1217.570,1200.890,1215.550,101558.94,1759732199999,122784231.78790,93307,60455.72,73095726.12580,0
1759732200000,1215.540,1225.000,1210.960,1219.340,119135.93,1759733099999,145243033.00430,102484,57375.61,69970312.00060,0
1759733100000,1219.330,1221.450,1206.130,1210.100,73663.36,1759733999999,89351553.90770,57364,36289.79,44015545.25510,0
1759734000000,1210.100,1212.970,1203.250,1209.680,42077.05,1759734899999,50828992.57980,42401,21069.03,25452777.38160,0
1759734900000,1209.680,1215.350,1208.340,1214.090,24124.53,1759735799999,29240727.99040,29232,12752.31,15461353.41760,0
1759735800000,1214.100,1217.050,1200.420,1205.020,57101.89,1759736699999,69011663.29910,49557,22378.50,27036760.45990,0
1759736700000,1205.000,1206.600,1196.280,1199.080,43316.47,1759737599999,52032328.40530,45121,18545.24,22283030.55620,0
1759737600000,1199.080,1206.180,1199.000,1205.170,29720.77,1759738499999,35741874.22330,35179,17060.20,20514545.03230,0
1759738500000,1205.190,1208.740,1203.450,1207.630,20645.18,1759739399999,24913030.37700,24658,9717.93,11726710.33830,0
1759739400000,1207.630,1213.140,1207.040,1209.020,41101.68,1759740299999,49755159.74690,35312,19041.50,23052852.17620,0
1759740300000,1209.020,1213.930,1206.950,1209.480,21137.91,1759741199999,25592932.37260,25676,9460.00,11457600.80340,0
1759741200000,1209.480,1215.110,1208.920,1214.350,20409.50,1759742099999,24750034.44890,27261,12815.03,15542332.60640,0
1759742100000,1214.340,1219.100,1212.440,1214.290,29535.61,1759742999999,35907893.57530,32782,14360.06,17462179.36500,0
1759743000000,1214.280,1217.840,1211.250,1211.320,12682.38,1759743899999,15406094.84610,21936,5933.58,7208856.86730,0
1759743900000,1211.320,1220.000,1211.250,1218.860,20014.47,1759744799999,24354739.34620,25068,11436.26,13918866.11410,0
1759744800000,1218.850,1219.810,1213.020,1217.670,20758.68,1759745699999,25259994.60350,26978,9590.45,11673582.65190,0
1759745700000,1217.670,1219.660,1215.050,1219.450,13122.88,1759746599999,15977755.92690,19034,5975.80,7276468.72380,0
1759746600000,1219.440,1221.920,1216.340,1217.380,18602.91,1759747499999,22685514.97670,25264,9686.57,11813790.69670,0
1759747500000,1217.380,1218.060,1214.280,1216.570,15862.21,1759748399999,19287536.92440,20246,6954.02,8456348.83560,0
1759748400000,1216.570,1221.490,1212.710,1217.720,22643.36,1759749299999,27584125.70780,26330,12624.06,15380475.46490,0
1759749300000,1217.730,1220.840,1217.410,1220.110,10360.93,1759750199999,12635631.25230,16431,5603.40,6833892.81120,0
1759750200000,1220.120,1222.610,1214.860,1220.010,31080.38,1759751099999,37893160.20110,27629,13502.24,16466745.88530,0
1759751100000,1220.000,1223.800,1217.750,1223.180,16426.98,1759751999999,20063761.56270,21576,9642.04,11778888.96780,0
1759752000000,1223.190,1237.990,1222.150,1232.820,74994.54,1759752899999,92319115.70590,73841,44313.51,54547521.80750,0
1759752900000,1232.810,1240.260,1232.460,1235.800,59270.23,1759753799999,73317142.76730,53981,31105.11,38477794.82200,0
1759753800000,1235.810,1239.360,1232.690,1234.100,35710.28,1759754699999,44144196.12710,34748,16364.48,20234205.41130,0
1759754700000,1234.100,1239.290,1234.100,1236.730,20448.76,1759755599999,25297573.32560,27135,10030.10,12409263.95560,0
1759755600000,1236.720,1239.000,1230.760,1231.740,27887.38,1759756499999,34421156.12990,30916,10700.69,13209600.17450,0
1759756500000,1231.740,1232.710,1226.250,1231.760,41390.44,1759757399999,50882392.07490,37824,17708.63,21775210.93420,0
1759757400000,1231.760,1232.460,1225.220,1227.300,38898.76,1759758299999,47806393.97200,44190,17726.32,21790839.15150,0
1759758300000,1227.300,1231.430,1225.900,1225.970,24284.73,1759759199999,29834290.38140,30759,12586.34,15464034.08100,0
1759759200000,1225.980,1229.860,1221.040,1224.660,41800.84,1759760099999,51214352.19940,41143,18800.00,23036148.24600,0
1759760100000,1224.670,1227.000,1210.240,1217.110,64626.98,1759760999999,78661180.36780,56214,28230.32,34349445.81360,0
1759761000000,1217.120,1220.140,1210.600,1214.460,41812.64,1759761899999,50814123.33480,42633,20254.03,24623446.81310,0
1759761900000,1214.480,1218.720,1211.750,1218.310,27359.71,1759762799999,33232201.29440,28673,16601.65,20170047.00740,0
1759762800000,1218.300,1222.300,1216.000,1216.350,28432.14,1759763699999,34681533.46850,30945,15664.44,19112538.47720,0
1759763700000,1216.340,1221.970,1215.980,1220.380,23777.22,1759764599999,28985570.02140,26321,14579.16,17775026.70820,0
1759764600000,1220.390,1221.320,1216.370,1220.660,15641.56,1759765499999,19065716.73340,21404,8029.42,9788447.23690,0
1759765500000,1220.660,1226.800,1220.350,1222.100,26111.35,1759766399999,31956347.44260,28702,14887.09,18220477.11320,0
1759766400000,1222.100,1223.290,1214.290,1218.340,22074.03,1759767299999,26888690.49820,26727,7814.00,9521301.83650,0
1759767300000,1218.330,1222.860,1216.370,1221.800,18778.89,1759768199999,22916209.60390,22941,9652.74,11780812.08030,0
1759768200000,1221.800,1227.420,1221.700,1224.050,19415.48,1759769099999,23789758.08700,24044,10880.73,13333250.65640,0
1759769100000,1224.040,1226.840,1222.520,1222.920,10622.50,1759769999999,13005290.48630,16203,5187.22,6350175.92980,0
1759770000000,1222.920,1222.920,1218.220,1221.360,18557.80,1759770899999,22639630.00770,23166,7678.87,9367840.54030,0
1759770900000,1221.350,1223.700,1216.050,1217.600,20851.14,1759771799999,25436402.35380,24165,9945.47,12138113.13070,0
1759771800000,1217.600,1221.870,1216.550,1220.900,24203.74,1759772699999,29507448.22350,27017,12311.87,15009668.12840,0
1759772700000,1220.900,1221.640,1218.770,1221.210,10476.43,1759773599999,12790023.49270,15329,5515.51,6733795.08540,0
1759773600000,1221.200,1222.450,1218.180,1219.430,9352.37,1759774499999,11414955.18680,15287,4730.77,5774801.91390,0
1759774500000,1219.430,1220.470,1216.250,1217.100,11989.18,1759775399999,14608627.40820,16143,3696.74,4505760.70520,0
1759775400000,1217.100,1221.300,1216.020,1220.810,12846.98,1759776299999,15660633.19270,16158,6289.29,7666946.85350,0
1759776300000,1220.810,1221.860,1218.320,1220.210,11846.29,1759777199999,14453323.31950,14209,5692.79,6946068.88690,0
1759777200000,1220.210,1223.850,1219.130,1223.080,15579.08,1759778099999,19042755.49860,19104,8784.45,10736712.50300,0
1759778100000,1223.080,1224.970,1221.360,1223.040,12577.34,1759778999999,15387196.54370,14388,6278.60,7683227.19080,0
1759779000000,1223.030,1224.810,1221.800,1223.840,11904.65,1759779899999,14563944.13540,14893,5734.51,7015356.25760,0
1759779900000,1223.840,1228.560,1223.840,1225.860,16282.94,1759780799999,19964852.93880,19462,8795.15,10784067.19780,0
1759780800000,1225.850,1226.220,1221.400,1222.330,10673.52,1759781699999,13057569.73900,16173,5317.70,6505625.67250,0
1759781700000,1222.320,1225.390,1220.280,1224.580,10819.04,1759782599999,13227567.22550,14147,4498.53,5499565.14310,0
1759782600000,1224.570,1227.200,1222.920,1225.690,8745.26,1759783499999,10717049.90240,13231,3136.67,3843279.78460,0
1759783500000,1225.690,1225.840,1221.770,1223.360,10790.97,1759784399999,13197988.57400,11665,5071.64,6202569.53070,0
1759784400000,1223.360,1224.600,1219.000,1222.400,10376.32,1759785299999,12678861.91390,14997,5545.41,6776091.64770,0
1759785300000,1222.400,1225.910,1221.100,1225.460,9912.00,1759786199999,12126388.05860,14647,4821.31,5899047.14520,0
1759786200000,1225.460,1231.400,1225.000,1226.900,15203.04,1759787099999,18668222.03070,17772,8042.85,9877655.13090,0
1759787100000,1226.900,1228.090,1226.660,1228.000,4718.47,1759787999999,5792504.64930,7270,2333.48,2864682.89340,0
1759788000000,1227.990,1227.990,1223.680,1226.080,5661.73,1759788899999,6939109.21880,11490,2989.58,3663858.46340,0
1759788900000,1226.080,1227.170,1222.740,1227.160,5223.33,1759789799999,6397119.60530,10259,3190.67,3907594.77310,0
1759789800000,1227.160,1229.690,1225.100,1229.400,9419.36,1759790699999,11563650.60250,14670,4884.05,5995961.59470,0
1759790700000,1229.390,1230.520,1224.640,1225.620,8919.82,1759791599999,10951748.08300,14300,4664.09,5726884.35810,0
1759791600000,1225.630,1227.360,1221.500,1222.800,10268.45,1759792499999,12571744.69150,16328,5885.03,7205842.90640,0
1759792500000,1222.790,1224.180,1218.490,1220.230,13021.99,1759793399999,15895417.60240,18345,4897.88,5978709.64060,0
1759793400000,1220.230,1223.160,1219.270,1222.460,8303.45,1759794299999,10142073.67220,12649,4938.23,6031200.85690,0
1759794300000,1222.450,1225.760,1220.660,1223.970,7692.03,1759795199999,9408965.30730,11776,3794.12,4640929.25850,0
1759795200000,1223.950,1230.580,1222.880,1228.790,15018.50,1759796099999,18426387.88710,19618,8149.18,9999195.14450,0
1759796100000,1228.800,1229.000,1224.510,1225.180,10935.47,1759796999999,13417677.53280,17401,4235.89,5196852.11220,0
1759797000000,1225.170,1229.860,1225.170,1227.160,10693.76,1759797899999,13132692.11830,16115,5616.48,6897569.40350,0
1759797900000,1227.150,1227.480,1222.170,1222.800,12072.82,1759798799999,14777091.24640,16954,4932.64,6036454.49110,0
1759798800000,1222.810,1224.890,1220.370,1220.400,9507.80,1759799699999,11623687.13110,17903,4177.64,5107542.33780,0
1759799700000,1220.400,1220.550,1203.330,1211.780,73909.47,1759800599999,89492091.59850,63878,30630.60,37075235.95260,0
1759800600000,1211.770,1214.420,1209.160,1212.550,12340.68,1759801499999,14955328.75560,20680,6383.88,7737395.28360,0
1759801500000,1212.560,1213.600,1209.550,1213.590,10846.30,1759802399999,13137823.85200,16077,5694.57,6898423.30360,0
1759802400000,1213.600,1218.140,1213.590,1216.050,12911.39,1759803299999,15703555.14680,20315,7563.98,9199451.23280,0
1759803300000,1216.070,1220.000,1215.130,1219.780,9681.25,1759804199999,11790268.68360,17054,4891.36,5957927.84170,0
1759804200000,1219.780,1222.390,1216.750,1219.800,16810.30,1759805099999,20505836.59300,22658,7253.81,8850809.31530,0
1759805100000,1219.790,1224.790,1219.620,1223.920,11163.90,1759805999999,13654079.64460,15085,5951.28,7278490.26820,0
1759806000000,1223.920,1229.420,1223.780,1228.190,21075.02,1759806899999,25872170.01750,24902,12606.93,15476477.63740,0
1759806900000,1228.200,1228.820,1224.820,1226.040,13651.62,1759807799999,16747331.02180,18849,5927.98,7273028.10440,0
1759807800000,1226.040,1228.500,1225.020,1226.930,8400.72,1759808699999,10307356.84860,13710,3391.16,4161006.56980,0
1759808700000,1226.920,1227.770,1223.590,1223.800,6565.65,1759809599999,8046914.63070,10801,2630.50,3224059.39400,0
1759809600000,1223.800,1224.700,1220.830,1221.620,8999.96,1759810499999,11003310.29880,15907,3271.19,3999539.79270,0
1759810500000,1221.630,1226.540,1221.020,1225.390,14282.53,1759811399999,17493527.72750,18491,6519.37,7984068.61430,0
1759811400000,1225.420,1238.530,1225.090,1235.150,58825.75,1759812299999,72535230.99640,56013,28488.71,35131563.98090,0
1759812300000,1235.150,1247.610,1235.100,1245.870,64909.09,1759813199999,80704231.37180,64656,37089.87,46108437.07390,0
1759813200000,1245.860,1246.000,1239.450,1240.090,34821.52,1759814099999,43282669.87420,43006,15955.46,19839075.53260,0
1759814100000,1240.090,1255.000,1239.300,1250.830,63332.33,1759814999999,79110825.72650,62871,39053.75,48778652.44460,0
1759815000000,1250.830,1265.000,1250.250,1258.980,82242.95,1759815899999,103446093.63740,82057,44556.86,56061169.38020,0
1759815900000,1258.980,1262.590,1255.360,1257.660,38920.58,1759816799999,49006155.40960,47031,16183.70,20379495.98520,0
1759816800000,1257.660,1259.170,1252.170,1255.010,33512.32,1759817699999,42073192.64140,43318,16056.04,20161862.99710,0
1759817700000,1255.010,1255.530,1246.370,1246.980,39502.40,1759818599999,49389649.83800,43463,15989.89,19996194.21580,0
1759818600000,1246.980,1255.000,1243.000,1244.240,38538.34,1759819499999,48137229.08350,48877,18303.08,22871137.49220,0
1759819500000,1244.240,1244.380,1239.230,1243.070,39428.10,1759820399999,48946354.06810,48258,17383.95,21580617.77300,0
1759820400000,1243.070,1249.590,1240.690,1247.450,24946.83,1759821299999,31079831.13560,32999,14168.47,17654011.48750,0
1759821300000,1247.450,1257.370,1245.000,1257.140,33467.86,1759822199999,41877161.06160,38503,19572.79,24500375.99420,0
1759822200000,1257.140,1258.560,1248.000,1250.110,30217.42,1759823099999,37870782.02870,33933,10750.33,13469712.26410,0
1759823100000,1250.110,1251.040,1246.050,1250.540,15733.36,1759823999999,19645846.32480,21437,7500.81,9367148.76010,0
1759824000000,1250.540,1254.650,1246.200,1249.390,37767.02,1759824899999,47236884.36110,42128,18830.24,23556967.94170,0
1759824900000,1249.390,1249.390,1231.360,1242.390,76596.29,1759825799999,95114657.84090,70374,29213.83,36275993.09550,0
1759825800000,1242.380,1258.880,1240.930,1257.980,64537.06,1759826699999,80657583.28740,55288,37557.41,46964086.52900,0
1759826700000,1257.980,1275.120,1255.310,1265.300,90714.12,1759827599999,114743331.06490,93121,47566.02,60186665.16030,0
1759827600000,1265.300,1272.790,1262.700,1270.190,43771.96,1759828499999,55499981.64320,54131,21017.84,26655985.26340,0
1759828500000,1270.180,1279.440,1264.880,1277.220,73650.96,1759829399999,93783522.87910,80577,38931.51,49592642.91030,0
1759829400000,1277.200,1278.790,1272.110,1276.710,37354.37,1759830299999,47646556.11410,47445,17487.39,22310783.87160,0
1759830300000,1276.710,1284.970,1264.330,1281.160,80378.96,1759831199999,102712348.09770,72465,37644.15,48132607.97910,0
1759831200000,1281.150,1281.950,1273.680,1277.980,41016.02,1759832099999,52387163.28580,53815,19412.42,24790483.58690,0
1759832100000,1277.990,1284.310,1276.740,1281.650,31143.69,1759832999999,39899898.44080,40200,15498.92,19857304.12960,0
1759833000000,1281.650,1298.360,1279.580,1292.740,100386.74,1759833899999,129705115.23500,105153,57862.77,74751043.96100,0
1759833900000,1292.740,1295.440,1286.540,1292.420,47439.01,1759834799999,61239272.11590,53286,23237.09,30003788.83700,0
1759834800000,1292.420,1296.210,1287.140,1292.390,41867.69,1759835699999,54061983.99350,43931,22147.16,28602037.40120,0
1759835700000,1292.380,1303.000,1292.380,1294.500,63679.95,1759836599999,82624084.49150,66414,32278.31,41892100.88100,0
1759836600000,1294.510,1300.910,1292.200,1298.480,40621.05,1759837499999,52708392.24720,48231,20177.81,26185647.22270,0
1759837500000,1298.470,1318.600,1297.080,1314.020,168924.87,1759838399999,221379503.78730,169229,94639.00,124026995.66160,0
1759838400000,1314.010,1362.910,1305.020,1339.690,250595.64,1759839299999,333791074.45880,270158,136447.20,181842081.05450,0
1759839300000,1339.690,1340.760,1319.000,1322.940,132210.92,1759840199999,175276558.74160,139645,57481.64,76200207.67040,0
1759840200000,1322.930,1323.400,1296.520,1312.150,156457.88,1759841099999,205194703.58790,143362,61669.19,80867141.67580,0
1759841100000,1312.150,1322.720,1311.000,1320.930,64671.63,1759841999999,85216970.06370,75774,35054.85,46195968.39100,0
1759842000000,1320.880,1330.000,1320.620,1326.080,60241.61,1759842899999,79879449.36150,70967,32433.19,43009714.10530,0
1759842900000,1326.090,1333.330,1320.340,1321.990,64994.76,1759843799999,86255086.00430,66257,32854.78,43629110.69630,0
1759843800000,1321.990,1325.300,1301.520,1306.740,112841.44,1759844699999,147973639.89490,107574,52495.21,68829509.69940,0
1759844700000,1306.730,1317.000,1300.010,1316.490,83799.66,1759845599999,109750995.32630,85372,45429.70,59522799.88130,0
1759845600000,1316.490,1319.940,1290.090,1300.020,113605.34,1759846499999,148467784.12510,110358,47173.99,61687453.45720,0
1759846500000,1299.920,1315.240,1298.220,1307.390,79799.45,1759847399999,104412598.98890,86901,40435.36,52914594.07830,0
1759847400000,1307.390,1314.020,1291.220,1298.500,80220.13,1759848299999,104394436.71820,91130,36179.56,47096985.99480,0
1759848300000,1298.500,1309.530,1295.050,1295.610,65753.54,1759849199999,85612322.52650,75776,32710.01,42591154.28120,0
1759849200000,1295.620,1305.540,1281.930,1286.580,179192.42,1759850099999,231331146.38790,138901,78957.84,102013203.00910,0
1759850100000,1286.580,1292.900,1267.000,1274.520,183999.69,1759850999999,235368634.92600,161377,76366.19,97724106.35840,0
1759851000000,1274.530,1280.760,1265.300,1273.290,85229.97,1759851899999,108584715.53380,91625,41308.78,52639243.38390,0
1759851900000,1273.290,1283.220,1261.450,1281.570,92492.49,1759852799999,117582658.05270,91610,47994.76,61064846.93380,0
1759852800000,1281.570,1289.290,1275.570,1276.010,87059.39,1759853699999,111709267.42760,82070,40360.45,51808067.72230,0
1759853700000,1275.990,1282.530,1266.380,1273.870,69390.45,1759854599999,88347447.26280,76134,30859.69,39308163.17050,0
1759854600000,1273.860,1296.770,1273.860,1296.000,79653.68,1759855499999,102684440.16750,83985,45866.38,59098739.05040,0
1759855500000,1295.920,1303.060,1281.790,1287.240,89492.75,1759856399999,115924068.60060,86817,42687.04,55340421.23810,0
1759856400000,1287.240,1290.480,1277.330,1279.750,44550.13,1759857299999,57187369.82320,57917,20935.21,26888455.32250,0
1759857300000,1279.770,1283.970,1276.000,1280.760,23212.31,1759858199999,29708708.30290,37669,11902.15,15236018.36900,0
1759858200000,1280.760,1289.430,1279.180,1288.610,22658.38,1759859099999,29105463.38540,36547,12352.97,15864695.43110,0
1759859100000,1288.610,1294.750,1281.000,1285.780,28612.73,1759859999999,36818266.32480,44095,14717.91,18943040.40460,0
1759860000000,1285.790,1287.250,1278.670,1283.520,24281.73,1759860899999,31162452.89720,38494,12440.14,15967622.97340,0
1759860900000,1283.530,1285.000,1272.090,1277.190,33165.62,1759861799999,42319950.82660,46708,13709.44,17494155.39430,0
1759861800000,1277.200,1278.730,1272.430,1276.410,14231.75,1759862699999,18160532.83790,25783,7329.64,9354087.79720,0
1759862700000,1276.410,1281.470,1274.300,1277.030,12382.23,1759863599999,15826832.03430,22931,6803.73,8697208.05510,0
1759863600000,1277.040,1293.540,1276.080,1289.890,37066.13,1759864499999,47741667.89680,47045,21637.39,27871274.70980,0
1759864500000,1289.890,1297.960,1289.700,1292.530,40238.00,1759865399999,52094787.83300,44100,17394.94,22520945.42800,0
1759865400000,1292.530,1299.310,1291.020,1297.120,26673.41,1759866299999,34566482.93090,32007,14134.74,18317705.70640,0
1759866300000,1297.110,1300.930,1292.540,1297.770,21353.83,1759867199999,27706977.70380,31724,11496.35,14918967.32100,0
1759867200000,1297.780,1309.180,1296.360,1306.610,44995.76,1759868099999,58713807.36510,43825,27899.68,36408460.44700,0
1759868100000,1306.610,1314.010,1302.490,1313.010,33014.49,1759868999999,43211708.14580,37494,17444.53,22841324.03960,0
1759869000000,1313.000,1317.400,1307.140,1308.180,34587.04,1759869899999,45410023.03360,41032,17622.08,23144667.40710,0
1759869900000,1308.180,1315.840,1304.960,1313.030,23928.62,1759870799999,31381327.47040,32437,14506.39,19027081.76150,0
1759870800000,1313.030,1324.000,1308.450,1317.190,40691.77,1759871699999,53629082.84170,50398,20823.37,27450505.58060,0
1759871700000,1317.200,1328.900,1316.370,1326.460,35969.71,1759872599999,47648028.30330,40955,17924.33,23745624.84680,0
1759872600000,1326.460,1327.600,1317.630,1321.500,34768.01,1759873499999,46012593.76710,30006,11062.04,14642778.68520,0
1759873500000,1321.530,1321.580,1305.020,1310.970,49355.39,1759874399999,64781801.78620,47671,20188.64,26487505.79570,0
1759874400000,1310.970,1320.280,1309.090,1318.920,29150.92,1759875299999,38317177.80410,36879,14250.27,18740438.17700,0
1759875300000,1318.910,1323.500,1313.430,1313.620,29830.91,1759876199999,39339523.45530,36867,13035.11,17197166.44930,0
1759876200000,1313.630,1317.000,1307.340,1310.300,21673.24,1759877099999,28427841.22060,30532,9002.23,11812910.48070,0
1759877100000,1310.310,1313.240,1306.400,1308.520,15561.78,1759877999999,20377151.02350,22690,6497.69,8510862.13120,0
1759878000000,1308.520,1309.570,1302.840,1306.140,24790.28,1759878899999,32379635.21160,33475,12078.65,15778051.63900,0
1759878900000,1306.130,1313.430,1304.140,1311.530,23781.97,1759879799999,31146644.96510,26582,12618.08,16521792.73810,0
1759879800000,1311.530,1315.000,1308.020,1314.770,17459.53,1759880699999,22883821.92170,26538,9585.01,12563680.93180,0
1759880700000,1314.780,1317.890,1304.540,1305.330,30677.67,1759881599999,40213801.68250,36812,13918.76,18248409.69420,0
1759881600000,1305.320,1316.790,1303.400,1315.890,28887.36,1759882499999,37843365.89760,40107,13459.89,17641020.49440,0
1759882500000,1315.900,1329.990,1315.900,1324.230,54604.98,1759883399999,72286837.25050,59684,30086.94,39820978.35250,0
1759883400000,1324.210,1335.320,1314.320,1330.600,60669.86,1759884299999,80470178.87130,63065,30073.62,39900186.39880,0
1759884300000,1330.620,1331.450,1310.050,1315.860,64961.12,1759885199999,85813726.42190,68677,27651.13,36535856.51580,0
1759885200000,1315.860,1315.990,1306.270,1309.170,39134.04,1759886099999,51297535.38610,50753,17801.36,23334859.04620,0
1759886100000,1309.180,1317.770,1305.000,1305.410,42338.32,1759886999999,55534624.57270,48977,17516.61,22986204.21200,0
1759887000000,1305.450,1318.300,1304.140,1314.020,41703.50,1759887899999,54680416.47570,43036,21243.94,27855777.86660,0
1759887900000,1314.020,1315.320,1308.450,1312.020,18993.88,1759888799999,24921015.13120,28886,8729.56,11454929.66600,0
1759888800000,1312.030,1312.280,1285.190,1286.460,101098.13,1759889699999,130952469.38900,99908,40694.44,52712657.88070,0
1759889700000,1286.460,1294.660,1282.000,1292.880,50835.70,1759890599999,65513893.28830,52743,27195.89,35060608.13570,0
1759890600000,1292.870,1293.070,1285.250,1286.820,34628.94,1759891499999,44654097.70500,38437,14745.85,19018048.04450,0
1759891500000,1286.830,1292.780,1281.240,1289.810,33894.66,1759892399999,43617832.40510,39284,16192.37,20842781.94880,0
1759892400000,1289.810,1289.810,1282.580,1287.300,22298.76,1759893299999,28660287.61800,31709,10371.47,13331746.50770,0
1759893300000,1287.280,1288.890,1273.190,1274.650,67934.19,1759894199999,86917468.44420,63968,30141.44,38565455.88700,0
1759894200000,1274.640,1277.930,1271.390,1273.140,37105.02,1759895099999,47290853.92200,44701,16059.03,20473947.62010,0
1759895100000,1273.130,1279.620,1272.020,1276.290,24405.15,1759895999999,31137638.06070,32194,11870.79,15152417.11280,0
1759896000000,1276.290,1278.000,1264.280,1277.210,60122.81,1759896899999,76377947.04760,62244,23640.98,30053836.87060,0
1759896900000,1277.220,1285.870,1277.000,1281.910,38742.94,1759897799999,49692282.24130,46286,21264.34,27277921.21930,0
1759897800000,1281.900,1287.180,1279.540,1285.560,24979.50,1759898699999,32076953.47070,36910,12838.12,16485257.30380,0
1759898700000,1285.550,1285.990,1280.940,1285.290,13265.29,1759899599999,17029639.55850,24506,6658.72,8548257.44600,0
1759899600000,1285.300,1285.630,1279.500,1282.940,23079.38,1759900499999,29585761.92050,30320,9564.36,12262279.34390,0
1759900500000,1282.950,1283.290,1271.140,1276.540,27152.12,1759901399999,34646367.55970,35616,13460.81,17175875.18370,0
1759901400000,1276.550,1283.680,1272.940,1279.460,19708.41,1759902299999,25199922.97180,35906,10203.29,13049301.12390,0
1759902300000,1279.460,1285.780,1278.530,1284.670,23201.71,1759903199999,29754502.95900,33955,12298.06,15774407.88560,0
1759903200000,1284.670,1290.460,1278.970,1289.140,31694.83,1759904099999,40714799.55350,42849,16568.12,21291170.13010,0
1759904100000,1289.130,1294.550,1285.250,1292.750,30674.21,1759904999999,39598278.29090,44933,17836.51,23029797.48000,0
1759905000000,1292.760,1299.330,1290.060,1298.860,33460.72,1759905899999,43342295.86350,41665,19389.74,25117227.88040,0
1759905900000,1298.850,1310.190,1298.850,1306.600,53405.06,1759906799999,69728871.45270,59703,27545.43,35957365.87450,0
1759906800000,1306.590,1308.660,1300.880,1304.720,31649.62,1759907699999,41281102.84020,43884,14982.09,19544931.88380,0
1759907700000,1304.710,1308.660,1299.220,1308.300,23604.69,1759908599999,30779841.01150,36390,12104.07,15788768.04050,0
1759908600000,1308.310,1309.810,1301.250,1305.790,25308.75,1759909499999,33044183.52170,37202,12179.55,15910001.18540,0
1759909500000,1305.780,1314.040,1301.890,1312.290,24690.25,1759910399999,32296041.21400,36195,13453.94,17605298.30470,0
1759910400000,1312.280,1316.780,1308.000,1309.870,34667.69,1759911299999,45522097.71880,42653,17377.41,22823977.61100,0
1759911300000,1309.860,1318.220,1308.140,1316.220,29711.45,1759912199999,39060445.36900,36744,15989.24,21020029.84690,0
1759912200000,1316.210,1327.680,1313.200,1326.450,54322.64,1759913099999,71800373.92830,65724,30400.76,40191581.99070,0
1759913100000,1326.450,1327.950,1318.040,1321.810,40533.51,1759913999999,53611449.45710,51320,18355.14,24276188.50010,0
1759914000000,1321.800,1325.490,1315.400,1317.140,32482.22,1759914899999,42867385.05330,41297,14119.37,18636924.81830,0
1759914900000,1317.140,1317.140,1302.010,1309.750,64980.16,1759915799999,85086469.99800,57515,25255.46,33072138.37540,0
1759915800000,1309.740,1313.710,1306.180,1313.310,20074.57,1759916699999,26305232.06790,30058,11447.15,15002843.80120,0
1759916700000,1313.310,1315.270,1306.980,1315.150,26601.90,1759917599999,34888621.59350,30543,13827.90,18138156.12960,0
1759917600000,1315.160,1320.570,1314.410,1317.020,34726.83,1759918499999,45767950.91900,41746,18295.42,24114344.32970,0
1759918500000,1317.010,1322.760,1316.100,1321.030,16341.54,1759919399999,21564856.47910,30013,9840.05,12985662.66010,0
1759919400000,1321.040,1322.960,1314.150,1317.790,26447.07,1759920299999,34877884.93130,35762,13307.03,17551622.47240,0
1759920300000,1317.800,1318.290,1310.880,1313.460,23370.79,1759921199999,30710471.29780,27704,9896.10,13003537.92060,0
1759921200000,1313.460,1315.000,1308.450,1309.650,22455.69,1759922099999,29445362.76510,30639,9633.73,12635819.26320,0
1759922100000,1309.650,1314.100,1305.030,1313.070,23730.82,1759922999999,31061997.96190,30549,11854.58,15523219.71100,0
1759923000000,1313.060,1316.460,1311.000,1314.140,14430.61,1759923899999,18963527.73360,22192,7070.43,9293312.21630,0
1759923900000,1314.140,1318.000,1312.250,1313.500,11238.73,1759924799999,14776329.15850,18627,4298.96,5652700.79390,0
1759924800000,1313.510,1319.490,1312.000,1315.950,21519.17,1759925699999,28321848.59700,27752,12096.30,15925310.57360,0
1759925700000,1315.960,1317.390,1307.210,1310.110,25856.74,1759926599999,33905865.04010,28871,10078.81,13216190.25750,0
1759926600000,1310.090,1310.200,1303.120,1307.440,33530.45,1759927499999,43803868.05650,32279,11487.65,15011183.23020,0
1759927500000,1307.440,1309.310,1304.140,1305.890,14683.53,1759928399999,19185092.12530,22320,6968.16,9105952.26360,0
1759928400000,1305.910,1306.610,1295.570,1305.320,42574.92,1759929299999,55370354.05430,47066,17031.54,22152103.55400,0
1759929300000,1305.320,1306.560,1298.520,1301.120,27295.08,1759930199999,35526962.62370,27822,15238.36,19831925.94990,0
1759930200000,1301.120,1307.220,1299.200,1300.770,27189.19,1759931099999,35437739.16480,37676,13467.14,17557714.31160,0
1759931100000,1300.770,1315.110,1292.440,1312.930,58890.04,1759931999999,76724767.65900,58515,33363.18,43503265.00440,0
1759932000000,1312.920,1321.000,1307.650,1307.800,85139.01,1759932899999,112043931.21670,72145,40889.87,53821603.89250,0
1759932900000,1307.770,1309.480,1300.180,1302.260,37115.34,1759933799999,48419712.58850,41242,18690.84,24388330.44480,0
1759933800000,1302.260,1308.990,1301.010,1308.010,26184.72,1759934699999,34180674.66150,35205,12812.27,16729720.31620,0
1759934700000,1308.000,1308.010,1294.150,1299.160,43180.25,1759935599999,56094022.81200,41726,18023.00,23409112.83520,0
1759935600000,1299.160,1302.480,1297.650,1300.850,25416.11,1759936499999,33033743.12950,31968,14294.18,18579858.70150,0
1759936500000,1300.870,1305.600,1280.000,1294.750,94626.89,1759937399999,122565301.25330,77700,40325.61,52241663.56780,0
1759937400000,1294.750,1294.760,1289.230,1291.900,28264.68,1759938299999,36511635.44880,39049,14096.20,18210208.70680,0
1759938300000,1291.890,1293.840,1288.760,1293.470,18079.60,1759939199999,23344985.22020,28359,9075.12,11719603.82700,0
1759939200000,1293.480,1299.320,1289.600,1297.450,23983.93,1759940099999,31067789.69810,32371,12596.77,16319655.12720,0
1759940100000,1297.440,1297.600,1292.770,1294.740,14137.29,1759940999999,18307335.78700,22739,7643.03,9897967.49640,0
1759941000000,1294.750,1294.750,1288.610,1294.280,20997.02,1759941899999,27122650.06980,23273,9090.30,11743418.21530,0
1759941900000,1294.270,1303.980,1293.210,1302.830,30880.34,1759942799999,40158086.46600,29516,19460.23,25307285.72760,0
1759942800000,1302.840,1306.300,1300.600,1305.840,21547.49,1759943699999,28090981.93930,26428,12166.54,15861990.25930,0
1759943700000,1305.840,1312.000,1304.330,1308.140,60467.97,1759944599999,79146767.74020,47304,28355.77,37105776.12310,0
1759944600000,1308.140,1312.710,1305.980,1308.510,21426.64,1759945499999,28059621.93890,31169,10625.28,13917137.23810,0
1759945500000,1308.510,1313.860,1306.360,1313.490,17005.38,1759946399999,22289615.00680,25893,10361.70,13584161.82510,0
1759946400000,1313.500,1319.710,1311.360,1315.960,27574.83,1759947299999,36282893.78730,38011,14244.90,18745267.51270,0
1759947300000,1315.960,1323.330,1314.040,1316.860,41099.73,1759948199999,54216383.26780,40725,21213.80,27987616.92560,0
1759948200000,1316.860,1321.000,1315.080,1316.800,22546.85,1759949099999,29715510.64570,31658,10727.98,14141000.34580,0
1759949100000,1316.820,1322.000,1316.790,1318.760,12912.07,1759949999999,17039604.70050,22278,6233.35,8226450.65210,0
1759950000000,1318.760,1319.150,1313.230,1315.290,22483.23,1759950899999,29575004.64810,29056,11276.59,14833631.25400,0
1759950900000,1315.290,1321.160,1314.320,1319.140,12177.11,1759951799999,16044037.07740,20404,5986.93,7888101.17970,0
1759951800000,1319.160,1320.730,1317.540,1318.670,8259.66,1759952699999,10897466.86140,15478,3882.66,5122824.94240,0
1759952700000,1318.660,1319.430,1314.780,1316.000,8945.02,1759953599999,11781854.16400,16290,3035.41,3998255.62300,0
1759953600000,1316.000,1319.990,1315.870,1319.030,9328.29,1759954499999,12289841.49990,16996,4425.19,5829917.53290,0
1759954500000,1319.040,1325.200,1319.040,1324.230,19472.77,1759955399999,25750699.50390,21801,12234.09,16175723.80150,0
1759955400000,1324.240,1324.550,1315.690,1315.970,17464.53,1759956299999,23048892.03530,22178,7402.36,9771281.32150,0
1759956300000,1315.980,1316.110,1310.080,1313.600,18561.00,1759957199999,24365925.84320,25128,8444.66,11084697.26910,0
1759957200000,1313.550,1314.460,1308.760,1309.120,10694.23,1759958099999,14024523.54620,18242,4311.63,5653884.93410,0
1759958100000,1309.120,1311.110,1308.230,1309.500,6702.55,1759958999999,8779792.86220,11307,3385.64,4435012.09250,0
1759959000000,1309.500,1310.720,1306.240,1309.420,7256.03,1759959899999,9496663.22870,11766,3530.29,4621060.71580,0
1759959900000,1309.430,1309.700,1302.000,1306.630,14335.11,1759960799999,18702425.50640,15811,6777.29,8839809.04080,0
1759960800000,1306.630,1312.600,1306.230,1310.340,10613.15,1759961699999,13906039.24070,17651,5814.22,7617470.88850,0
1759961700000,1310.330,1312.590,1307.690,1310.040,7163.03,1759962599999,9385437.08400,12733,3563.96,4669266.65840,0
1759962600000,1310.030,1310.870,1306.320,1307.370,6686.81,1759963499999,8752157.00130,11081,2791.68,3654084.03540,0
1759963500000,1307.360,1307.930,1301.000,1301.620,18210.95,1759964399999,23739656.18480,17333,5868.87,7652494.07730,0
1759964400000,1301.610,1303.250,1294.570,1295.730,29647.82,1759965299999,38500234.72480,29618,13749.10,17855706.74640,0
1759965300000,1295.730,1300.600,1294.620,1300.570,13519.11,1759966199999,17545562.39850,18536,8177.30,10613413.86160,0
1759966200000,1300.570,1304.240,1298.810,1302.000,15150.78,1759967099999,19725529.63260,18388,9209.63,11991705.11310,0
1759967100000,1301.990,1307.070,1301.630,1306.840,9989.61,1759967999999,13034470.91550,15313,5336.57,6963716.03480,0
1759968000000,1306.840,1308.670,1303.180,1304.870,12670.64,1759968899999,16543818.93950,21365,6363.76,8310294.28130,0
1759968900000,1304.870,1305.930,1299.570,1300.080,15325.05,1759969799999,19963877.84340,20002,6007.22,7826686.73100,0
1759969800000,1300.090,1304.620,1298.420,1303.010,13403.12,1759970699999,17437798.56610,19856,6853.38,8918145.85290,0
1759970700000,1303.000,1317.490,1302.540,1309.950,34311.89,1759971599999,44997412.21960,42848,18725.53,24554832.14690,0
1759971600000,1309.940,1311.270,1306.210,1309.090,15326.97,1759972499999,20054231.90710,25343,6157.87,8057796.49330,0
1759972500000,1309.090,1309.950,1300.000,1301.900,28923.16,1759973399999,37741960.86600,31085,9590.26,12517285.02220,0
1759973400000,1301.890,1306.420,1300.530,1303.020,13629.15,1759974299999,17756407.25090,19996,7301.71,9513487.25690,0
1759974300000,1303.020,1308.450,1303.020,1307.280,9325.21,1759975199999,12184401.61560,15656,4368.08,5706963.85560,0
1759975200000,1307.280,1308.200,1296.770,1297.550,25935.11,1759976099999,33733205.30560,29830,11084.66,14413928.42990,0
1759976100000,1297.540,1297.830,1275.000,1279.700,100880.77,1759976999999,129524352.53440,95941,43031.52,55241363.08430,0
1759977000000,1279.700,1281.960,1265.750,1267.890,80531.22,1759977899999,102457506.62600,77028,35044.37,44601056.70030,0
1759977900000,1267.890,1271.520,1254.030,1260.220,103653.61,1759978799999,130897494.06150,94734,47434.75,59938799.36550,0
1759978800000,1260.230,1273.170,1260.110,1269.420,47750.86,1759979699999,60574053.44680,55513,30392.66,38558692.78420,0
1759979700000,1269.420,1275.000,1268.730,1272.260,28535.25,1759980599999,36304067.18770,36074,16513.47,21011210.39410,0
1759980600000,1272.260,1276.400,1271.370,1272.420,25000.45,1759981499999,31853326.71300,31863,13965.69,17796039.36160,0
1759981500000,1272.410,1280.000,1271.990,1279.140,20933.41,1759982399999,26720134.07130,26644,12743.97,16268554.80920,0
1759982400000,1279.140,1281.180,1276.540,1278.110,20125.74,1759983299999,25744358.91290,27983,9712.94,12424660.38550,0
1759983300000,1278.120,1288.670,1278.110,1288.440,26424.64,1759984199999,33953678.09340,33518,15105.65,19409157.91980,0
1759984200000,1288.450,1288.640,1275.000,1275.790,33417.22,1759985099999,42779753.94490,35863,11322.64,14487633.83210,0
1759985100000,1275.790,1278.160,1274.730,1276.840,12350.93,1759985999999,15760383.13620,18881,5800.41,7402279.86790,0
1759986000000,1276.840,1279.240,1274.250,1274.420,13177.14,1759986899999,16829416.78950,22306,6389.52,8163031.74710,0
1759986900000,1274.420,1283.830,1272.000,1283.380,22999.02,1759987799999,29377919.42760,27822,11975.05,15301174.10010,0
1759987800000,1283.370,1301.180,1283.370,1298.440,54190.43,1759988699999,69999609.28770,57135,30544.01,39449112.13900,0
1759988700000,1298.430,1299.700,1293.780,1295.880,29702.98,1759989599999,38504436.16850,38591,12845.34,16653888.10390,0
1759989600000,1295.890,1306.810,1294.020,1304.430,42472.89,1759990499999,55310708.86120,50986,21273.09,27702563.12370,0
1759990500000,1304.430,1306.240,1297.030,1302.360,39936.28,1759991399999,51965824.04270,45358,16870.42,21955812.82500,0
1759991400000,1302.370,1316.870,1301.920,1312.800,61511.74,1759992299999,80708099.46480,63674,33674.89,44177343.70100,0
1759992300000,1312.770,1316.410,1306.310,1309.800,39436.92,1759993199999,51688587.85360,43529,18078.78,23692860.81430,0
1759993200000,1309.800,1316.100,1306.330,1315.960,28276.21,1759994099999,37096820.51450,36047,15326.42,20111065.72180,0
1759994100000,1315.960,1319.990,1309.820,1313.640,48943.64,1759994999999,64379752.70770,44227,19394.24,25522381.87530,0
1759995000000,1313.650,1315.890,1302.710,1306.290,49052.27,1759995899999,64190780.35260,55739,17982.88,23536199.29090,0
1759995900000,1306.240,1315.000,1304.570,1308.860,31027.62,1759996799999,40678040.02110,34062,17263.22,22635160.31540,0
1759996800000,1308.850,1309.510,1295.740,1297.940,48759.15,1759997699999,63480344.30710,50733,19328.07,25168588.15010,0
1759997700000,1297.930,1298.600,1285.100,1286.410,73822.57,1759998599999,95303854.82510,70176,30965.45,39976190.47020,0
1759998600000,1286.440,1297.530,1286.100,1290.060,61066.19,1759999499999,78898780.45900,60730,34788.24,44950882.65930,0
1759999500000,1290.060,1296.910,1280.220,1281.990,47852.61,1760000399999,61545165.45210,54648,21856.32,28125214.06880,0
1760000400000,1281.990,1289.990,1281.500,1282.510,33162.43,1760001299999,42605259.88430,43501,16925.70,21748760.64730,0
1760001300000,1282.500,1283.170,1272.000,1276.360,53507.55,1760002199999,68283420.64060,57552,23006.37,29357251.86150,0
1760002200000,1276.350,1283.190,1275.740,1276.720,26525.84,1760003099999,33945505.20790,35994,16090.91,20592905.40790,0
1760003100000,1276.710,1286.270,1276.110,1282.200,30283.48,1760003999999,38840194.01900,33664,17292.18,22179755.18720,0
1760004000000,1282.210,1287.000,1277.120,1279.390,26127.51,1760004899999,33501781.57490,31143,11523.39,14779925.06830,0
1760004900000,1279.390,1279.480,1268.000,1270.940,39449.79,1760005799999,50170491.02560,42967,15142.56,19255781.83110,0
1760005800000,1270.950,1280.220,1270.850,1279.310,32374.28,1760006699999,41301856.02850,37256,19338.16,24667758.05470,0
1760006700000,1279.300,1284.340,1277.090,1281.500,20638.23,1760007599999,26428476.46800,27346,11163.56,14298231.57360,0
1760007600000,1281.500,1289.880,1281.300,1283.910,24571.71,1760008499999,31595707.25380,31447,15220.97,19574012.06440,0
1760008500000,1283.910,1288.580,1281.480,1284.310,24652.00,1760009399999,31679192.09540,27473,12327.44,15842104.91160,0
1760009400000,1284.320,1286.460,1277.990,1286.280,28672.17,1760010299999,36740763.80500,31371,13104.24,16799216.30720,0
1760010300000,1286.290,1286.780,1281.190,1281.670,14409.96,1760011199999,18499339.93820,18753,5918.52,7596820.19990,0
1760011200000,1281.670,1289.330,1279.530,1288.550,22809.55,1760012099999,29301430.93030,33340,12381.92,15908441.41280,0
1760012100000,1288.550,1291.680,1285.170,1286.150,20667.73,1760012999999,26621136.42170,28236,10266.70,13226031.99560,0
1760013000000,1286.150,1290.270,1278.780,1289.330,36025.55,1760013899999,46262294.50740,37632,19312.03,24803734.16410,0
1760013900000,1289.320,1289.820,1281.830,1283.210,28025.32,1760014799999,36013639.32350,28693,11313.31,14531702.97900,0
1760014800000,1283.210,1285.110,1264.270,1265.490,64215.76,1760015699999,81744636.89040,60840,22460.59,28610089.34550,0
1760015700000,1265.490,1274.080,1265.370,1272.780,40285.66,1760016599999,51151372.45540,42872,22050.23,28000670.55150,0
1760016600000,1272.740,1274.830,1261.270,1265.090,55584.60,1760017499999,70463189.24920,56977,23075.96,29259055.11320,0
1760017500000,1265.090,1270.220,1256.300,1257.120,48161.56,1760018399999,60802240.34720,55267,20114.51,25411388.70710,0
1760018400000,1257.150,1259.260,1246.500,1257.550,128160.63,1760019299999,160307453.63180,104876,63380.90,79285034.75860,0
1760019300000,1257.550,1260.150,1243.610,1244.230,87814.45,1760020199999,109872134.82720,75129,38418.40,48113491.70880,0
1760020200000,1244.230,1244.230,1228.150,1234.990,146173.54,1760021099999,180625889.99410,119193,63706.13,78726174.54430,0
1760021100000,1235.000,1242.540,1233.120,1238.120,50955.45,1760021999999,63096565.52760,54123,26702.52,33074131.81150,0
1760022000000,1238.130,1248.890,1238.130,1243.020,50551.39,1760022899999,62929531.70820,55152,29633.27,36892361.15000,0
1760022900000,1243.020,1246.910,1233.770,1235.040,28506.96,1760023799999,35348196.84450,40024,11591.61,14382430.23640,0
1760023800000,1235.050,1239.990,1232.440,1233.500,34804.96,1760024699999,43026363.75980,43162,16000.01,19785000.05200,0
1760024700000,1233.500,1242.880,1233.320,1240.650,25191.12,1760025599999,31213468.87690,33197,13775.42,17067935.21470,0
1760025600000,1240.650,1244.540,1234.500,1234.500,33135.62,1760026499999,41078495.78050,33404,15508.01,19230904.04700,0
1760026500000,1234.500,1238.520,1227.120,1232.420,44141.70,1760027399999,54350591.83920,44984,17982.04,22146135.41420,0
1760027400000,1232.410,1233.890,1225.550,1233.590,32974.32,1760028299999,40539175.47120,39422,14965.78,18405467.20360,0
1760028300000,1233.600,1234.820,1227.630,1229.070,39143.62,1760029199999,48199974.27980,39571,19148.47,23578436.28180,0
1760029200000,1229.070,1243.860,1227.900,1241.410,55845.85,1760030099999,69073922.55960,55985,32331.09,39976784.52190,0
1760030100000,1241.420,1242.630,1236.210,1239.090,31050.43,1760030999999,38508503.07110,28333,11128.22,13799024.51600,0
1760031000000,1239.100,1244.130,1238.670,1242.320,21799.56,1760031899999,27079500.16370,27555,13190.42,16384627.53130,0
1760031900000,1242.320,1248.270,1240.410,1247.560,20678.41,1760032799999,25739391.76530,26078,11915.23,14831764.96270,0
1760032800000,1247.570,1248.030,1242.390,1245.320,11789.75,1760033699999,14676267.89010,21839,6022.36,7496747.91680,0
1760033700000,1245.330,1246.810,1241.820,1244.720,16197.50,1760034599999,20157893.52590,19383,9006.59,11208378.59170,0
1760034600000,1244.710,1247.190,1238.770,1240.870,21863.91,1760035499999,27161775.21120,22441,9324.05,11587957.46770,0
1760035500000,1240.870,1241.940,1237.340,1238.940,14543.07,1760036399999,18026385.16300,16542,7002.28,8680040.45710,0
1760036400000,1238.930,1244.260,1238.710,1243.830,8174.96,1760037299999,10155074.90290,14794,4348.39,5401372.57540,0
1760037300000,1243.840,1244.720,1239.820,1244.010,6527.95,1760038199999,8108197.12140,13080,3389.15,4209415.23620,0
1760038200000,1244.010,1244.010,1239.160,1239.550,5859.35,1760039099999,7273504.41860,11046,2861.40,3551889.89060,0
1760039100000,1239.600,1243.000,1239.170,1242.360,5299.24,1760039999999,6575269.79330,11557,2751.69,3414364.24770,0
1760040000000,1242.400,1246.080,1240.880,1240.880,11031.99,1760040899999,13723322.61190,16459,4913.03,6111611.16370,0
1760040900000,1240.880,1245.680,1240.620,1245.040,5045.82,1760041799999,6274026.04760,10788,2878.51,3579138.45260,0
1760041800000,1245.040,1248.450,1244.660,1248.260,7208.51,1760042699999,8987121.95260,12101,4020.80,5012950.06100,0
1760042700000,1248.270,1249.000,1245.750,1248.180,6092.91,1760043599999,7599403.16860,11340,3584.12,4470348.99140,0
1760043600000,1248.180,1254.850,1245.820,1254.730,14218.85,1760044499999,17779748.58760,17425,10025.54,12538436.88230,0
1760044500000,1254.740,1255.760,1249.970,1251.280,15215.86,1760045399999,19064202.23150,16179,9162.65,11480801.57080,0
1760045400000,1251.280,1255.470,1250.110,1252.920,8629.52,1760046299999,10810778.21780,10181,4751.82,5954623.86220,0
1760046300000,1252.920,1256.420,1251.690,1255.380,4757.58,1760047199999,5967164.74530,7968,2753.29,3453334.19840,0
1760047200000,1255.390,1257.960,1252.440,1257.910,9678.54,1760048099999,12155489.55600,16992,5399.21,6781094.00990,0
1760048100000,1257.910,1259.110,1256.790,1258.170,10590.81,1760048999999,13325213.99370,14418,5748.57,7233012.02240,0
1760049000000,1258.180,1258.780,1254.630,1258.690,10533.97,1760049899999,13234116.90340,13326,5018.58,6306303.39510,0
1760049900000,1258.690,1261.490,1257.010,1261.160,15600.44,1760050799999,19640154.64200,17832,10156.55,12787581.73520,0
1760050800000,1261.160,1261.230,1252.300,1252.940,13389.78,1760051699999,16812577.19520,19167,5211.69,6544467.06340,0
1760051700000,1252.940,1255.770,1250.990,1253.320,11741.07,1760052599999,14717080.20110,15144,7405.34,9283771.20320,0
1760052600000,1253.310,1255.320,1252.660,1254.440,6048.71,1760053499999,7585226.34890,11499,3137.23,3933987.12550,0
1760053500000,1254.430,1257.490,1254.360,1256.160,7109.97,1760054399999,8929938.05500,11460,3951.84,4963338.92300,0
1760054400000,1256.160,1259.400,1255.260,1259.390,15643.68,1760055299999,19676549.08890,18318,7778.99,9783485.19220,0
1760055300000,1259.390,1269.810,1258.870,1269.540,28154.92,1760056199999,35603608.28750,30809,17832.03,22547482.66740,0
1760056200000,1269.540,1270.000,1262.720,1263.770,16959.06,1760057099999,21469595.41390,24510,7671.38,9714318.85310,0
1760057100000,1263.780,1264.350,1257.600,1258.360,15222.37,1760057999999,19188432.07590,19014,5737.09,7231246.26450,0
1760058000000,1258.360,1261.280,1257.800,1260.140,9861.89,1760058899999,12422344.62970,14899,5674.98,7148641.00700,0
1760058900000,1260.150,1260.150,1254.180,1257.570,16132.52,1760059799999,20270605.03380,20579,6980.84,8771825.41250,0
1760059800000,1257.570,1258.880,1251.050,1252.650,12975.55,1760060699999,16272515.62960,18423,4879.77,6120986.58770,0
1760060700000,1252.640,1253.000,1248.640,1250.410,15663.78,1760061599999,19585751.89780,20244,6080.68,7604138.16400,0
1760061600000,1250.400,1252.290,1245.000,1249.340,18283.85,1760062499999,22816778.14780,26705,8470.36,10572907.64610,0
1760062500000,1249.330,1255.820,1249.000,1253.100,10263.13,1760063399999,12854365.43420,17694,5873.96,7356955.45230,0
1760063400000,1253.100,1254.800,1250.700,1251.210,8936.45,1760064299999,11189818.94000,15443,4239.19,5308714.32870,0
1760064300000,1251.230,1252.250,1246.640,1247.200,10054.13,1760065199999,12559761.39950,16063,3729.53,4658639.76150,0
1760065200000,1247.210,1250.350,1245.860,1250.350,8669.18,1760066099999,10817901.14540,15380,4275.52,5335724.12190,0
1760066100000,1250.350,1257.580,1248.110,1257.430,12525.61,1760066999999,15700271.16290,17214,7169.81,8987304.11270,0
1760067000000,1257.430,1262.660,1257.420,1262.500,20658.59,1760067899999,26035603.74720,25418,11743.17,14799111.73360,0
1760067900000,1262.510,1267.220,1256.510,1260.320,32838.79,1760068799999,41466049.80080,34643,13057.15,16496279.62080,0
1760068800000,1260.320,1270.660,1259.990,1267.670,26640.87,1760069699999,33717750.10460,29502,16323.17,20660500.01560,0
1760069700000,1267.670,1270.710,1263.070,1268.800,15959.66,1760070599999,20218701.97360,22160,7255.32,9192720.86770,0
1760070600000,1268.810,1275.760,1268.640,1269.800,33893.52,1760071499999,43120570.28260,42169,16998.42,21627047.32470,0
1760071500000,1269.850,1269.850,1264.800,1265.980,18376.58,1760072399999,23278098.76500,21167,7329.61,9285233.57000,0
1760072400000,1265.980,1266.000,1258.610,1263.110,19211.15,1760073299999,24247789.81260,25920,9727.81,12278030.60210,0
1760073300000,1263.110,1270.380,1263.080,1269.720,11567.28,1760074199999,14663746.61000,16782,6476.35,8208487.79700,0
1760074200000,1269.720,1272.820,1266.260,1272.600,10667.51,1760075099999,13537348.17320,16576,5436.17,6900118.48080,0
1760075100000,1272.600,1274.360,1270.700,1271.540,16362.19,1760075999999,20823846.37150,18168,7571.08,9635634.92830,0
1760076000000,1271.540,1277.720,1270.500,1276.250,20600.41,1760076899999,26261898.03620,24449,11332.72,14447479.79440,0
1760076900000,1276.250,1279.140,1272.090,1273.230,15109.33,1760077799999,19269121.61310,20054,7625.33,9728575.34340,0
1760077800000,1273.230,1276.360,1270.440,1275.140,12270.34,1760078699999,15625549.86320,19595,5799.21,7386122.03120,0
1760078700000,1275.150,1278.550,1268.440,1268.670,16828.52,1760079599999,21410499.75880,23479,6345.04,8074297.06510,0
1760079600000,1268.670,1273.750,1265.680,1273.750,14949.04,1760080499999,18965930.94010,22851,6597.00,8372637.98080,0
1760080500000,1273.740,1274.000,1266.000,1268.470,15952.54,1760081399999,20239681.28310,21190,6175.55,7835530.95020,0
1760081400000,1268.440,1269.680,1262.600,1265.760,15671.16,1760082299999,19830050.53350,18735,5812.86,7357825.21700,0
1760082300000,1265.760,1267.560,1261.610,1264.220,13582.63,1760083199999,17172817.38820,16980,5511.65,6970463.38270,0
1760083200000,1264.230,1268.960,1262.590,1263.600,12577.50,1760084099999,15919167.85670,18593,6574.23,8322216.51400,0
1760084100000,1263.590,1269.810,1263.520,1266.960,9571.19,1760084999999,12136393.28200,15782,5195.76,6587505.06540,0
1760085000000,1266.960,1268.940,1262.600,1265.280,9403.04,1760085899999,11895318.11850,13659,4210.88,5327210.65070,0
1760085900000,1265.280,1268.560,1264.310,1267.300,7499.96,1760086799999,9500329.97800,11516,4121.02,5220042.34750,0
1760086800000,1267.290,1267.980,1258.750,1259.040,16438.95,1760087699999,20738747.74510,21175,7294.16,9202091.37860,0
1760087700000,1259.190,1261.050,1255.310,1260.010,24225.67,1760088599999,30480148.72660,21481,13034.14,16403562.82610,0
1760088600000,1260.000,1260.390,1250.500,1253.320,27822.58,1760089499999,34918994.32210,21680,11423.72,14336205.47090,0
1760089500000,1253.310,1254.950,1248.180,1249.240,20545.27,1760090399999,25698782.82500,23848,10577.36,13234756.08180,0
1760090400000,1249.240,1251.910,1248.630,1250.040,10166.27,1760091299999,12713910.85030,14750,6746.83,8437690.20850,0
1760091300000,1250.050,1250.830,1246.120,1246.720,10662.93,1760092199999,13307237.59560,12739,4118.89,5140528.62680,0
1760092200000,1246.720,1250.580,1246.210,1250.260,8157.79,1760093099999,10184678.09030,12144,4964.21,6197672.33850,0
1760093100000,1250.270,1252.770,1249.670,1251.620,10105.96,1760093999999,12645760.44720,11755,5676.89,7104498.46460,0
1760094000000,1251.620,1273.780,1250.800,1266.490,75789.83,1760094899999,95874464.92930,63806,40250.72,50859712.78180,0
1760094900000,1266.500,1269.800,1262.510,1264.740,20960.82,1760095799999,26521324.07240,23874,9403.01,11901261.78500,0
1760095800000,1264.740,1270.500,1264.390,1270.010,16606.72,1760096699999,21058578.28830,17821,8103.89,10277248.23270,0
1760096700000,1270.010,1274.360,1266.870,1271.200,24029.95,1760097599999,30549537.93130,21389,12416.39,15784075.43780,0
1760097600000,1271.190,1274.550,1268.630,1272.670,17436.87,1760098499999,22178651.47590,20139,8175.53,10399568.87700,0
1760098500000,1272.660,1274.830,1270.930,1271.170,10681.18,1760099399999,13590477.13040,13987,4655.26,5923580.07800,0
1760099400000,1271.160,1272.090,1266.460,1269.540,19693.55,1760100299999,24991813.52320,21380,7521.76,9545942.26000,0
1760100300000,1269.530,1273.720,1268.000,1270.380,11612.50,1760101199999,14765921.33560,13872,6011.08,7644496.47260,0
1760101200000,1270.390,1272.560,1267.690,1268.680,12883.74,1760102099999,16362487.04110,14901,6606.63,8390958.17880,0
1760102100000,1268.690,1270.500,1267.280,1269.090,15262.10,1760102999999,19366113.90850,15509,8947.51,11352876.65250,0
1760103000000,1269.090,1269.240,1258.450,1259.850,56658.02,1760103899999,71544376.57030,47165,24612.96,31078439.24710,0
1760103900000,1259.850,1260.240,1248.390,1252.090,47826.81,1760104799999,59906780.65990,40851,22364.72,28008930.36570,0
1760104800000,1252.090,1256.800,1249.580,1253.500,32369.36,1760105699999,40595636.40610,30766,17602.81,22078300.20880,0
1760105700000,1253.490,1254.740,1248.000,1249.890,21756.98,1760106599999,27197783.73850,25926,10431.98,13041969.19900,0
1760106600000,1249.880,1253.840,1249.130,1251.300,11660.80,1760107499999,14599104.58710,17376,6430.44,8051008.09800,0
1760107500000,1251.320,1253.470,1238.700,1241.350,40928.29,1760108399999,50940964.52730,38174,17186.99,21394161.26370,0
1760108400000,1241.360,1241.650,1229.590,1233.800,90288.01,1760109299999,111578021.57020,83527,43367.28,53601332.13970,0
1760109300000,1233.720,1235.970,1220.010,1223.670,129145.97,1760110199999,158301213.39950,98795,56982.59,69860157.96130,0
1760110200000,1223.330,1227.660,1205.960,1226.480,183968.42,1760111099999,223676082.61960,150015,90550.44,110135852.70900,0
1760111100000,1226.470,1226.610,1214.770,1216.500,43736.86,1760111999999,53340217.38430,46119,19166.13,23380482.17050,0
1760112000000,1216.490,1226.900,1214.370,1224.460,46617.51,1760112899999,56939174.18060,49587,25868.71,31599427.87140,0
1760112900000,1224.470,1234.830,1221.660,1232.100,51611.15,1760113799999,63450087.77460,44748,26892.45,33063630.69000,0
1760113800000,1232.100,1243.380,1231.110,1234.210,59503.20,1760114699999,73667137.03060,51793,29128.50,36071050.06880,0
1760114700000,1234.220,1237.160,1222.000,1227.900,64705.28,1760115599999,79450814.30690,50758,23671.47,29067920.87590,0
1760115600000,1227.900,1233.980,1226.000,1228.940,32188.72,1760116499999,39590161.06990,34351,13681.04,16828938.19820,0
1760116500000,1228.950,1231.880,1222.990,1229.970,28424.35,1760117399999,34891607.08980,29750,12023.96,14765705.47980,0
1760117400000,1229.970,1231.060,1223.390,1227.140,18455.69,1760118299999,22648892.13920,24609,8092.77,9932738.45070,0
1760118300000,1227.120,1230.800,1223.100,1229.140,16640.90,1760119199999,20432873.67240,22635,7291.80,8952734.99150,0
1760119200000,1229.140,1229.770,1226.200,1229.530,14870.94,1760120099999,18267401.57900,20387,7883.01,9682778.81390,0
1760120100000,1229.530,1235.140,1227.200,1231.580,17612.70,1760120999999,21694686.20160,22269,9435.20,11623290.56380,0
1760121000000,1231.580,1234.220,1229.060,1230.660,17979.43,1760121899999,22141970.60840,20060,8008.02,9863557.44070,0
1760121900000,1230.660,1232.290,1222.920,1223.080,26595.02,1760122799999,32597306.81750,24812,11780.14,14439219.38200,0
1760122800000,1223.080,1227.710,1218.850,1225.360,36914.30,1760123699999,45158074.87830,36418,18223.07,22298745.39740,0
1760123700000,1225.360,1230.450,1211.030,1211.640,52060.79,1760124599999,63632477.87410,48331,21168.98,25893945.98160,0
1760124600000,1211.690,1225.380,1211.000,1224.600,39845.22,1760125499999,48513126.43740,46393,21015.43,25588536.98380,0
1760125500000,1224.720,1248.240,1221.010,1236.670,103326.88,1760126399999,127759771.68820,90304,56304.77,69582383.09590,0
1760126400000,1236.530,1244.320,1230.250,1236.790,64935.84,1760127299999,80268195.28030,67794,30453.72,37654653.73330,0
1760127300000,1236.790,1237.320,1230.170,1235.540,29176.10,1760128199999,36008313.18740,28775,14465.50,17858268.83810,0
1760128200000,1235.520,1236.090,1229.600,1234.910,13546.76,1760129099999,16694018.70440,20519,6390.87,7878114.91730,0
1760129100000,1234.920,1235.450,1187.570,1199.370,170857.22,1760129999999,206880434.54220,132992,72179.44,87463846.82300,0
1760130000000,1199.510,1204.080,1067.900,1113.720,338810.98,1760130899999,389054077.43570,263624,130065.14,149903796.06770,0
1760130900000,1114.290,1125.710,823.600,983.810,658700.72,1760131799999,655139272.56440,513275,303237.95,301514441.37400,0
1760131800000,983.810,1124.000,979.720,1097.220,202228.34,1760132699999,213469991.38130,364250,116570.87,123312598.06320,0
1760132700000,1097.320,1134.520,1088.000,1107.690,146635.10,1760133599999,163124891.65280,221862,80666.83,89794074.31590,0
1760133600000,1107.770,1108.640,1057.170,1097.460,173481.68,1760134499999,188060287.21210,189050,80749.16,87570727.73350,0
1760134500000,1097.660,1108.120,1059.780,1074.580,111557.49,1760135399999,120569061.46120,129381,52794.29,57111189.58980,0
1760135400000,1074.640,1113.240,1068.180,1110.790,108489.14,1760136299999,118440934.60000,118147,55294.11,60416786.35470,0
1760136300000,1110.790,1142.960,1104.350,1111.400,115438.16,1760137199999,129756159.07450,127297,56516.45,63543475.49640,0
1760137200000,1111.400,1112.160,1092.250,1107.200,66186.80,1760138099999,72868902.93320,88937,31394.70,34579735.03950,0
1760138100000,1107.190,1125.470,1099.630,1123.000,57150.51,1760138999999,63457237.37920,90370,29187.00,32426780.86020,0
1760139000000,1123.040,1138.890,1113.730,1135.510,74431.82,1760139899999,83848197.32140,101836,38811.35,43731713.93880,0
1760139900000,1135.430,1140.310,1100.120,1102.850,77228.86,1760140799999,86234278.96130,108605,34488.63,38497099.55770,0
1760140800000,1102.990,1116.720,1100.000,1110.940,44333.04,1760141699999,49130554.30540,61260,22821.77,25295565.07080,0
1760141700000,1110.930,1117.110,1078.440,1113.760,77278.35,1760142599999,84801925.98600,86310,32372.85,35536017.98860,0
1760142600000,1113.670,1119.630,1102.280,1116.960,30727.76,1760143499999,34097139.24500,45459,14384.20,15966522.68530,0
1760143500000,1116.940,1131.960,1115.620,1117.200,50708.36,1760144399999,57008200.62320,58061,22527.28,25335000.78870,0
1760144400000,1117.160,1118.660,1108.400,1114.080,31304.67,1760145299999,34826696.60120,48077,13713.35,15256316.58550,0
1760145300000,1114.180,1114.810,1086.900,1090.000,59053.04,1760146199999,64826390.43510,66392,24359.08,26724827.17890,0
1760146200000,1090.000,1099.220,1082.160,1083.060,45891.99,1760147099999,50119849.65260,58485,22034.59,24080389.24950,0
1760147100000,1083.060,1092.570,1075.010,1084.270,42075.81,1760147999999,45542923.74300,64260,19813.97,21462984.43180,0
1760148000000,1084.350,1106.770,1083.600,1106.060,39105.98,1760148899999,42872713.96370,63624,18819.38,20640987.44610,0
1760148900000,1106.050,1122.980,1106.040,1114.810,47667.41,1760149799999,53129109.16700,69300,21593.04,24066754.85120,0
1760149800000,1114.820,1138.000,1113.890,1137.370,49921.17,1760150699999,56223081.41240,71506,29010.71,32688359.59340,0
1760150700000,1137.380,1143.870,1130.840,1140.180,47456.78,1760151599999,53951665.23710,60988,20379.81,23172412.68680,0
1760151600000,1140.210,1143.000,1119.060,1126.660,51698.52,1760152499999,58433508.99290,74472,22995.15,25984092.20660,0
1760152500000,1126.740,1131.270,1118.230,1128.380,31616.09,1760153399999,35561363.78720,53873,16236.74,18267261.89590,0
1760153400000,1128.390,1137.440,1124.080,1126.020,36684.99,1760154299999,41474004.54370,72972,17980.25,20330076.96710,0
1760154300000,1126.030,1131.410,1124.370,1127.820,20753.43,1760155199999,23403060.34240,45288,11345.20,12793528.72700,0
1760155200000,1127.800,1139.740,1125.160,1132.450,27372.74,1760156099999,31019526.25970,50879,14385.32,16302113.27990,0
1760156100000,1132.430,1139.150,1128.000,1134.810,23940.15,1760156999999,27159261.20000,45935,13588.95,15419670.92580,0
1760157000000,1134.580,1136.500,1128.250,1136.500,22732.52,1760157899999,25719311.26000,42652,10734.55,12147267.63330,0
1760157900000,1136.480,1140.250,1129.610,1136.740,18864.59,1760158799999,21425961.25620,35878,8657.66,9833533.05710,0
1760158800000,1136.730,1139.060,1132.040,1136.600,15558.68,1760159699999,17659686.55380,35493,8400.02,9533348.23750,0
1760159700000,1136.590,1137.000,1108.140,1111.180,47317.38,1760160599999,53038954.93280,62152,18258.21,20475669.98710,0
1760160600000,1111.170,1118.260,1106.660,1108.490,33757.39,1760161499999,37564379.06440,50823,18306.67,20375421.57110,0
1760161500000,1108.500,1116.790,1107.530,1108.060,26162.37,1760162399999,29087823.35870,41676,14549.70,16176224.75460,0
1760162400000,1108.020,1114.580,1101.280,1110.600,27917.18,1760163299999,30900405.67240,46103,14248.53,15772628.04040,0
1760163300000,1110.610,1113.600,1105.500,1111.830,19283.08,1760164199999,21401116.11850,34268,11242.05,12478913.76820,0
1760164200000,1111.830,1115.860,1106.500,1107.220,16790.97,1760165099999,18653984.21540,31717,8064.32,8961038.10640,0
1760165100000,1107.360,1109.650,1095.060,1097.570,21549.22,1760165999999,23714281.83800,32728,9392.96,10337368.25030,0
1760166000000,1097.580,1099.400,1087.340,1091.490,40758.90,1760166899999,44509107.19660,52091,19015.23,20767547.05360,0
1760166900000,1091.490,1097.410,1085.000,1090.690,36958.67,1760167799999,40302963.29260,47881,19423.05,21191821.90880,0
1760167800000,1090.690,1096.190,1089.280,1092.450,17250.41,1760168699999,18837212.73070,33932,8223.33,8979853.00250,0
1760168700000,1092.450,1095.590,1088.940,1094.940,17981.00,1760169599999,19642453.07840,32373,8929.25,9754026.51570,0
1760169600000,1094.890,1096.510,1090.750,1094.570,17304.80,1760170499999,18914285.69540,32402,8551.61,9346941.05260,0
1760170500000,1094.570,1111.400,1094.150,1104.460,38424.04,1760171399999,42479803.08010,50860,21158.19,23384134.06180,0
1760171400000,1104.470,1110.580,1099.000,1106.400,18710.16,1760172299999,20652908.02080,34955,9686.87,10692309.47450,0
1760172300000,1106.400,1116.000,1106.400,1115.300,18976.44,1760173199999,21120417.07700,30360,11513.60,12815596.53040,0
1760173200000,1115.260,1132.390,1113.510,1126.020,48398.85,1760174099999,54494736.97220,53353,21643.99,24363261.80650,0
1760174100000,1126.020,1131.110,1121.980,1128.980,21859.82,1760174999999,24649245.99680,31783,10642.58,12003419.41500,0
1760175000000,1128.990,1129.250,1122.530,1127.620,14938.27,1760175899999,16819537.57150,25005,6195.93,6976932.18220,0
1760175900000,1127.780,1128.490,1121.160,1123.600,13382.37,1760176799999,15044203.78290,25984,6385.50,7179786.14150,0
1760176800000,1123.530,1131.040,1122.980,1130.940,15116.32,1760177699999,17040308.17410,25504,8537.00,9625048.66630,0
1760177700000,1130.950,1140.940,1129.000,1139.640,24360.93,1760178599999,27661254.68510,39119,13324.53,15131742.95350,0
1760178600000,1139.640,1140.450,1130.380,1132.550,21499.43,1760179499999,24405462.01550,35637,8602.25,9766393.77200,0
1760179500000,1132.560,1133.730,1130.000,1131.790,11035.35,1760180399999,12488879.08460,21343,4940.56,5591604.00040,0
1760180400000,1131.790,1133.590,1125.720,1127.560,13192.65,1760181299999,14905341.67060,25481,4707.99,5320118.40360,0
1760181300000,1127.570,1133.960,1121.800,1133.230,20627.03,1760182199999,23278383.62360,32139,11302.36,12761820.68840,0
1760182200000,1133.230,1135.000,1130.110,1131.120,13014.04,1760183099999,14736355.38400,19954,7177.52,8129819.27180,0
1760183100000,1131.120,1131.190,1128.020,1130.390,6028.07,1760183999999,6811541.92030,13467,2649.73,2994218.02590,0
1760184000000,1130.390,1130.940,1122.570,1124.520,12649.73,1760184899999,14248283.82400,23021,6328.01,7126552.23870,0
1760184900000,1124.530,1131.600,1124.310,1130.600,11295.03,1760185799999,12752946.64810,21787,6022.07,6800435.10390,0
1760185800000,1130.600,1130.840,1123.560,1127.030,8169.63,1760186699999,9203407.73350,20368,4193.22,4723795.51610,0
1760186700000,1127.130,1127.130,1118.330,1125.400,13648.32,1760187599999,15315477.89430,26030,6275.36,7042795.87630,0
1760187600000,1125.390,1130.140,1120.000,1126.000,13405.18,1760188499999,15074742.72870,27570,7331.20,8243270.06020,0
1760188500000,1126.010,1126.310,1119.320,1124.310,12141.43,1760189399999,13630622.91990,23169,5960.97,6689785.14490,0
1760189400000,1124.310,1128.370,1109.860,1127.880,27155.42,1760190299999,30411473.88080,38191,12580.11,14094532.86060,0
1760190300000,1127.880,1136.700,1127.040,1135.750,19841.27,1760191199999,22456575.46380,30106,9355.78,10588252.25920,0
1760191200000,1135.760,1136.350,1131.800,1136.000,12955.80,1760192099999,14695682.71810,25311,6012.81,6821017.89690,0
1760192100000,1135.990,1138.930,1130.110,1132.540,18452.60,1760192999999,20942999.19760,29239,7081.50,8039092.85170,0
1760193000000,1132.530,1134.530,1130.130,1130.880,7807.50,1760193899999,8834187.31930,19090,4002.00,4528301.11550,0
1760193900000,1130.870,1133.580,1129.050,1129.500,8564.83,1760194799999,9683051.79130,16611,3496.17,3952868.50530,0
1760194800000,1129.490,1159.200,1129.160,1155.790,49801.12,1760195699999,57049493.46470,61871,28400.48,32537701.99190,0
1760195700000,1155.680,1156.510,1146.170,1150.180,33334.24,1760196599999,38382249.07080,47279,16415.89,18902425.92220,0
1760196600000,1150.170,1152.590,1142.010,1142.570,23567.97,1760197499999,27024942.10410,36284,8611.06,9872149.81990,0
1760197500000,1142.580,1149.610,1142.210,1143.330,13716.91,1760198399999,15710328.82930,23730,7210.92,8259287.21290,0
1760198400000,1143.320,1147.580,1136.830,1146.200,21743.35,1760199299999,24822630.74990,33531,10741.60,12264044.97570,0
1760199300000,1146.200,1150.250,1143.630,1146.150,16986.40,1760200199999,19488137.25750,25639,7643.36,8769619.65360,0
1760200200000,1146.150,1147.520,1138.500,1144.640,17455.48,1760201099999,19956443.36230,28646,9321.11,10656790.65310,0
1760201100000,1144.630,1154.780,1142.200,1153.120,14520.56,1760201999999,16709503.87280,25567,7173.61,8253756.18970,0
1760202000000,1153.100,1166.000,1147.220,1160.340,31458.08,1760202899999,36383559.77140,44160,15888.79,18383919.93850,0
1760202900000,1160.330,1175.840,1158.750,1175.320,31618.78,1760203799999,36887534.79210,44239,18169.81,21201596.38500,0
1760203800000,1175.310,1183.130,1170.420,1176.450,47529.65,1760204699999,55906352.30000,62764,23601.76,27768095.25210,0
1760204700000,1176.450,1179.910,1171.010,1178.990,20398.08,1760205599999,23991145.51250,32798,10461.36,12305411.04980,0
1760205600000,1178.990,1180.780,1171.700,1176.000,14206.50,1760206499999,16711886.18680,28275,6122.40,7204419.91770,0
1760206500000,1175.990,1177.150,1170.480,1172.560,13042.41,1760207399999,15295449.17340,22359,6177.16,7244684.00780,0
1760207400000,1172.550,1177.370,1171.160,1172.880,9923.11,1760208299999,11648260.67660,21579,4891.95,5741820.65290,0
1760208300000,1172.890,1177.270,1170.760,1172.960,6683.87,1760209199999,7845960.64340,14790,3250.00,3814463.45010,0
1760209200000,1172.950,1174.130,1162.110,1163.790,28759.77,1760210099999,33566435.11080,40634,11354.04,13253851.07610,0
1760210100000,1163.790,1164.240,1155.000,1159.530,35298.76,1760210999999,40900161.07440,49509,19496.00,22587996.20100,0
1760211000000,1159.530,1160.280,1143.150,1143.750,36203.38,1760211899999,41608696.47840,51958,16347.31,18786677.80530,0
1760211900000,1143.800,1147.660,1135.000,1140.910,29473.71,1760212799999,33630713.08930,44641,15096.39,17231502.39350,0
1760212800000,1140.900,1143.540,1132.850,1139.250,25009.15,1760213699999,28443161.18540,42630,13910.89,15821210.52230,0
1760213700000,1139.380,1141.600,1126.960,1131.150,26049.89,1760214599999,29500728.53060,43731,12471.28,14123009.84060,0
1760214600000,1131.140,1131.180,1121.560,1125.860,24194.30,1760215499999,27219308.66690,40080,11616.04,13070231.24440,0
1760215500000,1125.850,1134.590,1116.180,1123.400,26025.80,1760216399999,29271414.23300,38785,12834.83,14447932.16670,0
1760216400000,1123.480,1124.550,1106.020,1113.990,41935.19,1760217299999,46646092.65720,57034,18282.55,20336339.63900,0
1760217300000,1113.920,1135.000,1110.890,1131.060,52261.57,1760218199999,58863012.91770,54077,32594.02,36710884.65710,0
1760218200000,1131.050,1139.900,1126.480,1132.400,17933.09,1760219099999,20330642.60050,24151,10070.30,11418240.66570,0
1760219100000,1132.390,1142.230,1132.200,1137.180,18307.95,1760219999999,20849780.14220,22785,10831.17,12334242.96050,0
1760220000000,1137.170,1141.000,1131.760,1136.390,18030.12,1760220899999,20490079.31680,34495,7987.79,9079555.44220,0
1760220900000,1136.390,1141.950,1130.090,1138.480,16454.61,1760221799999,18688084.39910,32796,8250.48,9371967.50370,0
1760221800000,1138.470,1143.730,1135.280,1138.990,16180.49,1760222699999,18437012.38800,31576,9853.01,11228342.30550,0
1760222700000,1138.990,1147.000,1138.690,1144.610,18493.28,1760223599999,21147986.11080,33270,10342.79,11827510.02240,0
1760223600000,1144.610,1147.250,1137.330,1140.920,11885.33,1760224499999,13574938.60700,31960,5656.61,6461783.27940,0
1760224500000,1140.920,1145.650,1137.810,1141.960,10472.41,1760225399999,11959827.46780,26473,5282.66,6033813.50510,0
1760225400000,1141.960,1142.800,1137.690,1139.960,8252.05,1760226299999,9410923.68950,23966,3562.58,4062989.44590,0
1760226300000,1139.950,1140.020,1133.970,1134.930,8775.19,1760227199999,9973872.82730,19896,3436.41,3906142.33030,0
1760227200000,1134.950,1137.640,1129.020,1132.000,19393.41,1760228099999,21961562.43800,27766,6856.23,7767149.70350,0
1760228100000,1131.990,1135.180,1121.050,1121.220,18477.20,1760228999999,20821917.01220,28796,8103.26,9133499.24970,0
1760229000000,1121.210,1132.230,1118.970,1120.510,21559.46,1760229899999,24262473.05730,35522,12037.42,13550853.51900,0
1760229900000,1120.500,1123.330,1111.390,1112.810,18046.17,1760230799999,20149832.05200,33334,8636.86,9645061.00480,0
1760230800000,1112.820,1119.740,1110.140,1117.700,19409.72,1760231699999,21645791.34970,36526,10843.36,12094931.10110,0
1760231700000,1117.700,1121.340,1108.890,1109.850,22315.40,1760232599999,24860627.44930,37374,10718.00,11948715.14610,0
1760232600000,1109.830,1120.000,1107.100,1117.590,21060.55,1760233499999,23458047.60650,39632,11465.92,12770005.65600,0
1760233500000,1117.430,1122.960,1107.980,1110.350,18628.69,1760234399999,20766125.28190,36314,8568.15,9557026.61960,0
1760234400000,1110.340,1115.170,1108.330,1113.400,14957.73,1760235299999,16635898.94650,34793,7431.77,8265174.32220,0
1760235300000,1113.370,1122.830,1113.100,1120.830,14765.46,1760236199999,16508622.93770,30639,8483.30,9486125.76550,0
1760236200000,1120.830,1124.350,1112.500,1115.340,14873.94,1760237099999,16622949.43240,29805,6545.69,7316815.19880,0
1760237100000,1115.340,1116.240,1108.100,1115.270,17971.77,1760237999999,19989787.72670,31242,9294.40,10339505.17570,0
1760238000000,1115.270,1124.930,1111.000,1118.650,29220.18,1760238899999,32695556.30570,43550,14174.84,15858117.33300,0
1760238900000,1118.750,1127.830,1116.480,1123.780,20194.16,1760239799999,22677394.66870,36088,9574.91,10752470.31190,0
1760239800000,1123.790,1129.860,1123.570,1126.330,17597.92,1760240699999,19825988.36550,31849,9538.01,10746062.98890,0
1760240700000,1126.340,1127.440,1118.900,1121.010,16039.58,1760241599999,18003176.96640,23475,5691.70,6388700.34070,0
1760241600000,1121.080,1125.960,1117.110,1125.050,14713.48,1760242499999,16523062.92250,29324,7722.75,8672804.44000,0
1760242500000,1125.060,1132.320,1124.570,1127.280,20219.40,1760243399999,22819664.58340,28547,10319.66,11648034.00010,0
1760243400000,1127.280,1131.190,1126.030,1129.590,14956.81,1760244299999,16884070.38550,24635,7711.84,8705172.98620,0
1760244300000,1129.590,1134.190,1128.100,1132.790,13330.13,1760245199999,15082000.18950,23129,7894.23,8932711.01200,0
1760245200000,1132.800,1133.990,1127.970,1130.080,9750.98,1760246099999,11030349.45770,19686,4448.70,5033112.53990,0
1760246100000,1130.080,1138.930,1130.080,1138.020,12522.09,1760246999999,14212012.57510,23252,6599.37,7490923.49530,0
1760247000000,1138.020,1142.200,1137.120,1141.840,16054.36,1760247899999,18296470.66560,23831,8364.87,9532972.97180,0
1760247900000,1141.840,1152.830,1141.840,1145.490,33815.16,1760248799999,38818333.96250,38766,14069.69,16144153.98810,0
1760248800000,1145.490,1150.270,1143.660,1148.340,17151.65,1760249699999,19677763.86080,28351,7594.72,8714782.80720,0
1760249700000,1148.330,1155.380,1143.990,1152.140,23288.76,1760250599999,26756277.44720,30063,10696.22,12293121.97080,0
1760250600000,1152.140,1153.170,1146.930,1149.750,16084.36,1760251499999,18485651.37700,24730,7204.91,8279330.88080,0
1760251500000,1149.790,1157.020,1148.460,1155.360,14603.90,1760252399999,16823077.91680,22124,6711.44,7728700.97110,0
1760252400000,1155.360,1162.810,1153.130,1159.980,28548.92,1760253299999,33074856.26090,40024,15149.15,17549476.83740,0
1760253300000,1159.980,1168.250,1158.100,1163.890,37912.73,1760254199999,44153266.34080,42569,20150.24,23468150.94030,0
1760254200000,1163.890,1165.500,1155.640,1157.770,24642.94,1760255099999,28576856.38020,36769,9489.88,11004561.25950,0
1760255100000,1157.770,1162.000,1154.210,1160.540,19394.78,1760255999999,22466870.92070,29514,10273.75,11902675.51690,0
1760256000000,1160.460,1160.880,1155.000,1155.440,12007.00,1760256899999,13896976.64400,27252,5391.24,6240129.21070,0
1760256900000,1155.450,1164.430,1154.060,1163.870,18639.22,1760257799999,21603588.43240,31086,10577.94,12261434.67860,0
1760257800000,1163.880,1182.090,1161.540,1179.540,53306.86,1760258699999,62539708.92070,74644,28674.94,33645311.72310,0
1760258700000,1179.570,1180.500,1173.190,1177.020,31977.81,1760259599999,37628297.35520,54473,15166.35,17847089.93410,0
1760259600000,1177.010,1177.020,1165.420,1167.370,36103.28,1760260499999,42272586.15690,48401,12891.63,15094757.85680,0
1760260500000,1167.370,1176.930,1166.970,1175.120,21234.75,1760261399999,24919589.94630,35946,10990.08,12895652.71490,0
1760261400000,1175.120,1188.850,1174.400,1187.800,38028.80,1760262299999,44964412.49520,55894,21534.54,25466754.49010,0
1760262300000,1187.800,1219.000,1187.420,1217.570,102021.91,1760263199999,122884978.26340,121038,57711.60,69502922.20750,0
1760263200000,1217.570,1224.360,1210.000,1215.100,77099.22,1760264099999,93780544.62880,104042,35118.20,42724759.04760,0
1760264100000,1215.090,1218.130,1210.000,1210.870,30582.65,1760264999999,37109913.57770,53420,12803.61,15537698.44240,0
1760265000000,1210.870,1218.900,1207.860,1217.260,31231.40,1760265899999,37906183.33540,43743,16614.66,20169446.63230,0
1760265900000,1217.270,1228.560,1213.140,1213.310,49935.48,1760266799999,60949903.44380,67725,24397.50,29794715.18390,0
1760266800000,1213.310,1227.140,1213.310,1223.320,37922.46,1760267699999,46304495.01000,49071,23004.53,28090164.33780,0
1760267700000,1223.340,1227.200,1217.420,1223.950,26945.38,1760268599999,32939738.78820,38979,12811.93,15665480.46690,0
1760268600000,1223.960,1224.370,1216.500,1217.840,27623.09,1760269499999,33700821.32010,36613,11007.13,13427904.98740,0
1760269500000,1217.830,1229.700,1216.240,1228.820,35525.33,1760270399999,43506917.92080,41739,19612.08,24025702.97160,0
1760270400000,1228.820,1247.710,1228.210,1245.580,79870.16,1760271299999,98845699.98530,84402,45020.96,55727052.28110,0
1760271300000,1245.580,1259.210,1240.080,1255.010,87558.04,1760272199999,109594286.10970,88177,42123.18,52727074.98770,0
1760272200000,1255.010,1258.880,1246.360,1249.000,60858.99,1760273099999,76207741.64550,63083,25901.55,32448421.57920,0
1760273100000,1248.990,1249.990,1237.000,1241.240,60893.95,1760273999999,75608067.18020,61883,24657.82,30617575.59030,0
1760274000000,1241.240,1244.890,1231.000,1242.270,61807.49,1760274899999,76458122.79100,62657,29569.46,36599933.47680,0
1760274900000,1242.280,1245.700,1231.320,1236.070,42085.05,1760275799999,52073408.60810,51470,18302.41,22646711.32470,0
1760275800000,1236.070,1236.540,1223.020,1231.880,57573.31,1760276699999,70764774.29770,63707,23974.50,29472327.33450,0
1760276700000,1231.870,1232.600,1219.660,1224.640,45841.10,1760277599999,56132470.44850,48406,18984.44,23256217.87780,0
1760277600000,1224.640,1241.150,1222.250,1238.100,49650.91,1760278499999,61232625.02130,60722,28467.35,35108351.56890,0
1760278500000,1238.100,1242.000,1233.850,1240.500,27293.86,1760279399999,33778811.46930,38208,12260.82,15175947.98920,0
1760279400000,1240.490,1243.850,1232.770,1241.680,28054.85,1760280299999,34731522.76060,40065,12560.41,15555204.69640,0
1760280300000,1241.680,1275.570,1239.270,1259.580,188572.73,1760281199999,237727144.75980,151730,96445.39,121580023.61570,0
1760281200000,1259.630,1273.540,1252.540,1266.170,93912.57,1760282099999,118744865.43600,95826,46804.47,59202503.29370,0
1760282100000,1266.170,1282.400,1262.280,1279.600,64319.26,1760282999999,81740182.83730,72727,37143.12,47233730.95440,0
1760283000000,1279.600,1280.000,1262.420,1272.320,76165.56,1760283899999,96813381.01690,80024,32410.75,41201497.78290,0
1760283900000,1272.090,1307.510,1271.940,1301.480,128668.57,1760284799999,166624853.37420,118408,66149.19,85608568.13920,0
1760284800000,1301.470,1312.870,1287.450,1293.930,109497.61,1760285699999,142264195.71860,109917,54846.08,71282729.63580,0
1760285700000,1293.950,1294.560,1274.300,1283.870,79355.83,1760286599999,101844377.76180,81787,35901.22,46078651.13660,0
1760286600000,1283.750,1294.930,1280.230,1294.100,43479.34,1760287499999,55987432.46480,55892,24145.36,31101819.88610,0
1760287500000,1294.110,1302.700,1286.230,1296.480,83339.60,1760288399999,107969484.43060,84977,43717.23,56641731.95810,0
1760288400000,1296.480,1303.330,1293.520,1295.860,38271.44,1760289299999,49685679.30050,48908,17982.32,23346699.60100,0
1760289300000,1295.930,1298.780,1290.500,1294.000,20062.80,1760290199999,25976999.93010,38559,8596.85,11132579.87650,0
1760290200000,1293.990,1300.740,1289.460,1299.010,24355.38,1760291099999,31559065.51970,41172,11928.02,15463990.43100,0
1760291100000,1299.020,1300.900,1291.510,1298.630,28128.34,1760291999999,36488236.00860,41637,12462.31,16168560.19710,0
1760292000000,1298.630,1304.990,1296.790,1298.450,18498.41,1760292899999,24056304.26000,33818,9083.75,11814566.93570,0
1760292900000,1298.450,1304.000,1296.250,1297.870,24060.09,1760293799999,31267765.50310,32116,12920.55,16790269.33970,0
1760293800000,1297.870,1297.870,1285.000,1291.480,37539.73,1760294699999,48464159.23370,46265,16647.41,21491104.83710,0
1760294700000,1291.480,1301.730,1290.000,1299.450,25095.67,1760295599999,32536681.05400,32404,13903.16,18026811.74310,0
1760295600000,1299.460,1302.340,1297.130,1298.330,13823.41,1760296499999,17973830.66680,25406,5065.78,6587458.59330,0
1760296500000,1298.340,1300.150,1293.820,1299.400,11320.36,1760297399999,14685085.74590,22953,5038.28,6536763.12100,0
1760297400000,1299.370,1299.490,1291.530,1295.380,14890.84,1760298299999,19276705.22890,23641,7563.62,9790377.08760,0
1760298300000,1295.380,1299.550,1295.010,1296.570,6232.10,1760299199999,8083586.40620,16562,2665.63,3457846.85680,0
1760299200000,1296.570,1297.190,1292.580,1295.100,11029.58,1760300099999,14278548.62380,21986,5291.59,6850153.30580,0
1760300100000,1295.090,1298.190,1292.580,1298.100,9695.29,1760300999999,12563765.41880,19978,4639.78,6012995.77820,0
1760301000000,1298.170,1309.230,1297.220,1307.350,31196.77,1760301899999,40653565.57370,41881,17191.57,22407398.24950,0
1760301900000,1307.360,1320.970,1297.280,1303.620,67624.74,1760302799999,88640516.22330,79993,36860.84,48348958.17370,0
1760302800000,1303.680,1309.480,1300.150,1303.500,22056.59,1760303699999,28798724.47290,39621,11270.96,14719808.16790,0
1760303700000,1303.490,1303.970,1288.880,1292.650,34179.58,1760304599999,44268430.98470,42637,12354.92,16014652.50070,0
1760304600000,1292.640,1292.800,1279.790,1288.080,31804.06,1760305499999,40914386.37770,35648,11904.08,15317994.93210,0
1760305500000,1288.070,1295.520,1286.780,1292.160,12685.08,1760306399999,16378901.24070,19779,8233.37,10634260.07450,0
1760306400000,1292.170,1304.530,1283.270,1287.920,47947.96,1760307299999,61984030.58830,63073,22828.96,29553767.12290,0
1760307300000,1287.820,1293.020,1280.840,1281.350,16805.68,1760308199999,21609828.40160,36175,8538.07,10986350.83890,0
1760308200000,1281.350,1287.270,1275.610,1281.140,22749.14,1760309099999,29154121.91510,40451,9241.37,11850824.62390,0
1760309100000,1281.020,1290.610,1279.000,1287.500,18091.64,1760309999999,23257134.00890,37581,9935.50,12771483.96450,0
1760310000000,1287.490,1292.260,1281.130,1291.330,19733.83,1760310899999,25390540.09280,39294,9330.63,12010169.13710,0
1760310900000,1291.330,1297.730,1287.340,1296.110,19592.74,1760311799999,25338613.04610,36628,11887.69,15377474.10990,0
1760311800000,1296.100,1305.000,1296.100,1299.200,20362.85,1760312699999,26488068.41990,38245,11670.07,15181785.98640,0
1760312700000,1299.140,1304.280,1295.430,1302.920,16728.97,1760313599999,21746629.90750,32636,8522.30,11082038.93570,0
1760313600000,1302.920,1315.870,1298.310,1311.460,40162.70,1760314499999,52525658.73600,59871,23437.50,30650534.87950,0
1760314500000,1311.440,1318.420,1308.530,1314.480,39724.91,1760315399999,52209876.54280,55733,20694.91,27198882.58500,0
1760315400000,1314.490,1314.490,1302.800,1307.920,33502.49,1760316299999,43798819.28620,54786,12042.77,15741292.15770,0
1760316300000,1307.920,1323.000,1305.080,1312.790,41950.76,1760317199999,55160485.42710,63446,24975.90,32850951.37790,0
1760317200000,1312.780,1313.860,1302.050,1302.320,26106.11,1760318099999,34129605.12330,48299,13171.66,17225215.73450,0
1760318100000,1302.330,1311.000,1297.150,1309.940,31858.97,1760318999999,41574236.48130,43679,17772.76,23205216.74110,0
1760319000000,1309.930,1315.370,1301.490,1303.060,24824.95,1760319899999,32483118.70930,38593,13017.74,17035608.59040,0
1760319900000,1303.050,1308.570,1302.470,1307.300,11707.82,1760320799999,15285691.57140,24934,5618.32,7334944.44540,0
1760320800000,1307.380,1311.990,1302.660,1302.950,19728.56,1760321699999,25761089.00820,34085,8436.95,11017072.68740,0
1760321700000,1302.860,1303.080,1290.890,1294.470,33786.83,1760322599999,43821679.61460,47453,12062.08,15641355.26850,0
1760322600000,1294.470,1301.280,1292.520,1298.060,16834.77,1760323499999,21827074.51460,31140,8673.42,11247509.96760,0
1760323500000,1298.050,1302.990,1297.640,1301.980,13127.83,1760324399999,17075166.26490,23461,6252.68,8132935.71800,0
1760324400000,1301.980,1314.240,1301.710,1310.700,23206.07,1760325299999,30376441.77870,40076,11609.73,15190933.91240,0
1760325300000,1310.700,1313.710,1306.100,1307.140,16336.27,1760326199999,21395329.24050,30278,6519.98,8537850.88520,0
1760326200000,1307.140,1308.830,1302.070,1302.840,25201.04,1760327099999,32895591.69360,34321,9999.47,13054061.25540,0
1760327100000,1302.840,1303.020,1294.710,1295.990,21408.99,1760327999999,27783475.83900,32499,9962.29,12926660.12540,0
1760328000000,1295.990,1298.880,1287.450,1289.960,22464.12,1760328899999,29059537.73370,35211,10393.56,13455173.84070,0
1760328900000,1289.970,1292.370,1282.320,1287.210,27436.32,1760329799999,35292347.67530,39951,11898.00,15309038.55270,0
1760329800000,1287.210,1292.340,1284.240,1286.530,24198.40,1760330699999,31175858.69860,34848,13863.02,17863004.62190,0
1760330700000,1286.520,1291.970,1283.660,1291.770,17053.70,1760331599999,21954756.89130,28851,8773.17,11298470.06860,0
1760331600000,1291.780,1294.800,1288.920,1293.360,12959.63,1760332499999,16747079.73690,26630,6805.76,8794830.51990,0
1760332500000,1293.370,1300.440,1292.250,1298.880,19437.19,1760333399999,25194920.71210,31414,11098.19,14388442.26050,0
1760333400000,1298.870,1299.600,1291.000,1292.160,16816.13,1760334299999,21779706.17640,32231,7103.13,9201855.23390,0
1760334300000,1292.150,1296.900,1290.600,1296.820,10937.45,1760335199999,14148369.18910,24026,5455.56,7057145.82730,0
1760335200000,1296.820,1315.430,1295.640,1311.640,63082.45,1760336099999,82571820.05620,77839,32385.79,42392763.40740,0
1760336100000,1311.640,1328.940,1311.640,1327.800,67810.78,1760336999999,89467380.33930,78743,35290.98,46572345.96100,0
1760337000000,1327.800,1344.990,1310.180,1318.320,146754.40,1760337899999,195513771.46110,189869,75619.67,100835692.88830,0
1760337900000,1318.310,1324.530,1312.600,1321.580,56993.57,1760338799999,75131019.27760,96487,30929.24,40781177.60900,0
1760338800000,1321.570,1342.960,1321.470,1335.150,71625.66,1760339699999,95489403.04890,115593,39409.72,52521865.29190,0
1760339700000,1335.200,1351.000,1334.010,1348.230,74409.16,1760340599999,99950303.40570,93652,42055.40,56512908.60590,0
1760340600000,1348.240,1354.000,1342.540,1346.780,69427.92,1760341499999,93652593.19820,87244,33536.23,45243469.60810,0
1760341500000,1346.750,1347.080,1336.100,1342.390,63074.92,1760342399999,84647128.78700,84751,28442.07,38175957.73100,0
1760342400000,1342.390,1358.960,1341.700,1356.090,77714.97,1760343299999,105012918.29250,92552,43399.41,58647442.01820,0
1760343300000,1356.100,1357.880,1346.310,1350.320,49986.05,1760344199999,67526806.73700,65189,21927.26,29624507.15260,0
1760344200000,1350.310,1374.610,1350.000,1366.800,95100.00,1760345099999,129752534.44730,104425,53389.35,72837890.15930,0
1760345100000,1366.800,1369.510,1361.640,1367.260,47663.34,1760345999999,65091692.66150,64786,23592.43,32221127.62170,0
1760346000000,1367.250,1367.650,1338.590,1346.390,103622.39,1760346899999,140370515.59870,112789,43443.83,58868091.83060,0
1760346900000,1346.380,1354.980,1344.740,1352.630,52280.43,1760347799999,70594832.84540,65919,27922.09,37705430.78130,0
1760347800000,1352.620,1361.770,1351.100,1359.370,58397.88,1760348699999,79230419.10450,75983,31745.29,43074976.96660,0
1760348700000,1359.370,1364.100,1344.640,1348.870,91139.78,1760349599999,123324288.18760,104090,36294.64,49135061.88360,0
1760349600000,1348.870,1355.840,1327.000,1333.330,188097.87,1760350499999,251847849.37690,242464,95767.90,128251538.73540,0
1760350500000,1333.310,1333.460,1318.830,1323.800,128302.33,1760351399999,169963625.84700,146378,71751.91,95069445.17550,0
1760351400000,1323.800,1324.810,1308.300,1317.790,121399.78,1760352299999,159497574.61990,128695,58961.15,77469156.14580,0
1760352300000,1317.790,1321.470,1309.590,1314.700,62524.85,1760353199999,82243328.14960,77010,31610.44,41590606.44210,0
1760353200000,1314.700,1314.700,1296.440,1307.870,111753.09,1760354099999,145717800.98420,125295,48546.16,63320811.89300,0
1760354100000,1307.950,1307.950,1272.550,1273.620,103632.90,1760354999999,133782137.75610,130703,39820.51,51462858.40750,0
1760355000000,1273.600,1296.400,1266.000,1292.230,112453.40,1760355899999,144643818.78870,112174,58843.59,75746764.97980,0
1760355900000,1292.220,1297.610,1286.020,1294.620,49358.43,1760356799999,63798815.86970,58569,28459.72,36794758.78600,0
1760356800000,1294.630,1300.000,1284.010,1299.130,56487.70,1760357699999,73051439.85190,69426,32468.40,42014546.73080,0
1760357700000,1299.120,1299.200,1289.990,1292.690,34344.77,1760358599999,44471186.72290,50213,17292.90,22390605.92910,0
1760358600000,1292.700,1304.720,1290.690,1296.410,55258.41,1760359499999,71828889.26650,64077,31688.28,41199226.21550,0
1760359500000,1296.440,1298.100,1281.140,1285.100,46558.64,1760360399999,59999710.75310,62017,20185.24,26017383.28070,0
1760360400000,1285.110,1288.450,1275.840,1283.170,53033.23,1760361299999,68078187.63770,67939,26058.36,33468557.91660,0
1760361300000,1283.170,1288.480,1276.590,1280.150,36074.02,1760362199999,46208942.07460,52734,16820.53,21551805.74410,0
1760362200000,1280.040,1304.880,1279.240,1290.880,135996.03,1760363099999,176032058.41040,138516,70626.54,91424442.32960,0
1760363100000,1290.880,1301.940,1283.830,1298.110,57574.60,1760363999999,74494094.17460,70281,28526.74,36919238.48960,0
1760364000000,1298.040,1300.280,1286.110,1289.930,40043.21,1760364899999,51724874.91870,56971,21789.25,28146066.48550,0
1760364900000,1289.920,1291.520,1264.440,1269.910,80506.90,1760365799999,102647124.04910,86067,30012.02,38277707.95200,0
1760365800000,1269.920,1274.760,1250.010,1266.600,117629.96,1760366699999,148441108.99740,125233,50027.35,63187168.70400,0
1760366700000,1266.720,1269.330,1252.960,1259.220,57628.03,1760367599999,72537126.47600,68182,28376.43,35722459.41140,0
1760367600000,1259.220,1274.090,1257.660,1265.280,45838.16,1760368499999,58032670.16060,63433,24507.19,31027285.96880,0
1760368500000,1265.270,1274.220,1265.050,1266.850,30682.33,1760369399999,38936517.72510,45198,17267.47,21914664.98460,0
1760369400000,1266.900,1276.500,1266.900,1272.600,27502.07,1760370299999,35008495.84400,43949,15746.17,20045433.08310,0
1760370300000,1272.600,1280.930,1271.620,1273.240,27921.21,1760371199999,35649465.75370,46733,14433.31,18430504.71230,0
1760371200000,1273.240,1286.100,1271.700,1278.140,43809.24,1760372099999,56095879.97050,64343,24910.94,31906196.67070,0
1760372100000,1278.130,1283.680,1272.410,1280.030,28863.02,1760372999999,36875415.06530,49633,13727.62,17542379.08960,0
1760373000000,1280.040,1286.000,1270.120,1272.280,42874.78,1760373899999,54858264.43590,51823,21214.57,27147915.32230,0
1760373900000,1272.280,1280.810,1272.280,1277.150,23866.07,1760374799999,30498862.98450,34611,14866.43,19000955.86340,0
1760374800000,1277.150,1288.000,1273.690,1276.900,30984.04,1760375699999,39699367.33570,43774,16670.80,21364027.15260,0
1760375700000,1276.900,1279.080,1271.770,1273.210,15167.71,1760376599999,19341367.73820,28820,6676.92,8515055.60990,0
1760376600000,1273.210,1276.780,1269.150,1271.300,18607.82,1760377499999,23673625.86970,32648,8717.38,11092554.22880,0
1760377500000,1271.300,1286.160,1266.100,1285.020,28510.69,1760378399999,36359587.03890,44485,15290.28,19506146.61470,0
1760378400000,1285.000,1285.430,1270.420,1274.070,30060.57,1760379299999,38446892.37260,44443,14997.52,19177463.39460,0
1760379300000,1274.030,1279.710,1268.590,1277.590,21365.22,1760380199999,27228199.37430,33316,11730.31,14949933.35640,0
1760380200000,1277.590,1279.890,1269.530,1272.150,19094.88,1760381099999,24303394.93110,28191,9005.53,11462458.59280,0
1760381100000,1272.150,1273.070,1260.400,1266.370,30001.16,1760381999999,37956809.99060,36993,13852.65,17523108.56560,0
1760382000000,1266.360,1272.000,1264.830,1271.480,14980.89,1760382899999,19005136.51420,29127,8147.29,10336604.17240,0
1760382900000,1271.480,1273.070,1266.010,1267.920,22692.97,1760383799999,28803275.06030,30084,11642.67,14780877.16460,0
1760383800000,1267.910,1277.130,1267.660,1276.160,18373.31,1760384699999,23406813.63180,27616,10537.64,13424361.41960,0
1760384700000,1276.200,1279.360,1268.380,1270.860,17768.60,1760385599999,22637366.28140,27823,8994.46,11463775.33470,0
1760385600000,1270.880,1275.560,1270.500,1274.020,9722.84,1760386499999,12384283.86740,21026,5109.65,6508492.05730,0
1760386500000,1274.020,1277.640,1272.540,1276.930,9015.62,1760387399999,11499312.94460,15972,4845.12,6180240.71730,0
1760387400000,1276.920,1282.310,1276.550,1281.600,14424.95,1760388299999,18463425.45640,19932,8141.62,10421328.74760,0
1760388300000,1281.600,1285.720,1281.080,1284.230,13577.54,1760389199999,17434759.05740,21409,8548.73,10977322.96200,0
1760389200000,1284.230,1284.470,1276.670,1279.650,18220.69,1760390099999,23323271.08300,25495,8329.31,10664251.94000,0
1760390100000,1279.650,1284.460,1277.320,1282.250,8202.17,1760390999999,10510850.09760,15160,4363.93,5592112.30770,0
1760391000000,1282.240,1282.250,1277.350,1281.450,9399.98,1760391899999,12027881.33190,12058,4019.90,5143300.68030,0
1760391900000,1281.470,1289.220,1279.140,1286.840,11544.91,1760392799999,14834628.84680,14663,6525.69,8386966.92230,0
1760392800000,1286.850,1296.270,1285.730,1294.070,38202.80,1760393699999,49387997.35300,44065,23254.43,30062595.42140,0
1760393700000,1294.070,1295.240,1288.500,1288.920,14338.30,1760394599999,18520475.68120,25322,5734.60,7409506.72110,0
1760394600000,1288.920,1289.700,1283.220,1286.760,18291.84,1760395499999,23533680.91590,23808,7803.18,10040092.46290,0
1760395500000,1286.760,1291.620,1285.860,1291.620,12540.57,1760396399999,16166595.61090,19411,6977.31,8994644.78400,0
1760396400000,1291.610,1293.000,1288.370,1290.010,10301.93,1760397299999,13291858.74730,17418,4106.99,5298783.11370,0
1760397300000,1290.010,1297.510,1289.690,1296.350,18193.56,1760398199999,23559501.03330,22641,8238.11,10668436.23950,0
1760398200000,1296.350,1298.170,1290.140,1291.690,14785.69,1760399099999,19131581.89040,22583,6878.88,8901576.38500,0
1760399100000,1291.690,1294.200,1288.000,1293.710,13463.39,1760399999999,17389382.64400,17367,5753.29,7432290.37760,0
1760400000000,1293.700,1298.960,1291.850,1298.790,17372.08,1760400899999,22516044.00590,25890,8641.89,11202621.70450,0
1760400900000,1298.790,1308.690,1298.150,1306.630,42315.37,1760401799999,55163498.33900,46255,24250.41,31613374.17420,0
1760401800000,1306.640,1317.020,1306.070,1311.990,56665.52,1760402699999,74390084.36170,60115,31090.12,40811694.67200,0
1760402700000,1311.990,1311.990,1298.000,1301.590,28197.36,1760403599999,36781632.75930,43256,11173.57,14569991.41700,0
1760403600000,1301.590,1301.590,1292.160,1297.620,29655.62,1760404499999,38439281.00230,41380,13796.04,17884487.95020,0
1760404500000,1297.630,1298.970,1291.070,1293.790,16139.97,1760405399999,20888675.30960,28408,6915.71,8951114.03130,0
1760405400000,1293.790,1296.400,1286.650,1290.230,20137.60,1760406299999,25989312.07480,30865,8397.83,10842043.13170,0
1760406300000,1290.240,1290.330,1283.810,1289.720,18877.31,1760407199999,24285388.90650,28624,7795.23,10029682.97440,0
1760407200000,1289.720,1290.280,1280.540,1282.650,22041.65,1760408099999,28310297.45240,31307,8451.86,10858841.08190,0
1760408100000,1282.670,1291.630,1281.360,1291.330,17589.20,1760408999999,22619010.82230,30409,9774.65,12575373.47690,0
1760409000000,1291.320,1294.930,1289.090,1290.520,13160.46,1760409899999,17004072.19140,24557,6068.46,7841525.57840,0
1760409900000,1290.530,1292.940,1281.010,1282.010,18083.37,1760410799999,23246649.84490,29794,6678.51,8588994.04620,0
1760410800000,1282.010,1283.680,1274.010,1276.180,35843.82,1760411699999,45779900.25370,48664,13897.90,17749226.00590,0
1760411700000,1276.190,1280.870,1270.760,1271.910,23772.04,1760412599999,30283888.19680,33773,10784.68,13741797.93670,0
1760412600000,1271.920,1278.750,1271.910,1277.800,16034.63,1760413499999,20447948.09320,26005,9784.98,12479157.44090,0
1760413500000,1277.810,1283.990,1276.100,1277.770,18152.90,1760414399999,23241662.79160,27888,9155.97,11727395.17530,0
1760414400000,1277.780,1279.920,1272.000,1277.270,11973.95,1760415299999,15279281.06440,24929,4918.75,6277999.95890,0
1760415300000,1277.270,1279.810,1272.680,1275.340,13579.19,1760416199999,17325058.40670,24204,5920.60,7555144.42710,0
1760416200000,1275.340,1275.340,1265.870,1268.800,26639.19,1760417099999,33817163.92770,34368,10969.67,13923915.27820,0
1760417100000,1268.790,1270.000,1240.910,1241.260,123490.14,1760417999999,154546524.33630,108747,50718.27,63449321.11780,0
1760418000000,1241.260,1250.110,1230.010,1246.920,103839.08,1760418899999,128819659.29120,114108,49829.48,61860745.46690,0
1760418900000,1246.910,1249.860,1241.210,1243.320,31265.00,1760419799999,38948852.00330,39742,14642.88,18244940.26700,0
1760419800000,1243.310,1245.700,1233.810,1236.550,45748.52,1760420699999,56655442.68720,52327,21206.61,26262571.30550,0
1760420700000,1236.500,1240.110,1231.620,1237.230,28614.22,1760421599999,35361770.44380,41563,14195.49,17545314.33380,0
1760421600000,1237.220,1243.900,1234.590,1235.610,27572.46,1760422499999,34202207.69850,41948,14472.63,17956796.92370,0
1760422500000,1235.610,1236.960,1200.610,1204.400,152572.91,1760423399999,185604191.53000,161916,58356.57,70948607.00310,0
1760423400000,1204.320,1211.460,1190.000,1195.920,122780.15,1760424299999,147243741.23240,125993,54793.15,65748665.45710,0
1760424300000,1195.930,1207.360,1179.570,1203.130,137858.25,1760425199999,164558248.84680,125663,65816.63,78681723.55760,0
1760425200000,1203.120,1212.870,1201.400,1210.620,64395.03,1760426099999,77750806.66100,72452,38136.70,46056858.91170,0
1760426100000,1210.650,1216.810,1205.120,1210.810,52555.11,1760426999999,63719605.13910,59995,31338.26,38008661.15470,0
1760427000000,1210.830,1211.510,1190.040,1195.020,69671.05,1760427899999,83647613.92700,73840,25316.96,30404663.67460,0
1760427900000,1195.010,1198.640,1187.600,1194.740,49751.98,1760428799999,59370310.98490,61095,26150.05,31215235.43590,0
1760428800000,1194.740,1202.930,1188.630,1200.570,48939.51,1760429699999,58544015.71700,63001,27242.66,32599642.45760,0
1760429700000,1200.560,1204.660,1191.270,1203.900,36539.80,1760430599999,43767650.49610,52277,19447.54,23307693.19370,0
1760430600000,1203.890,1208.900,1198.990,1202.890,32004.20,1760431499999,38527363.81700,46988,18260.22,21984483.93100,0
1760431500000,1202.890,1205.720,1195.060,1196.850,22496.33,1760432399999,26968915.95950,35608,11275.44,13523463.73340,0
1760432400000,1196.840,1203.800,1196.550,1197.860,18144.88,1760433299999,21786683.12320,36649,9510.87,11420998.65880,0
1760433300000,1197.870,1209.970,1197.870,1207.140,25387.59,1760434199999,30601096.71920,41523,13348.95,16090388.48160,0
1760434200000,1207.140,1212.070,1203.680,1205.390,27262.80,1760435099999,32926307.61740,41415,14522.21,17542607.67490,0
1760435100000,1205.390,1206.000,1195.280,1198.360,31886.68,1760435999999,38237563.10790,43173,12909.18,15478643.29750,0
1760436000000,1198.360,1198.600,1187.530,1195.230,37907.41,1760436899999,45215221.88430,50950,16245.92,19382544.57070,0
1760436900000,1195.240,1195.800,1180.000,1182.020,75104.27,1760437799999,89153579.09940,77463,32631.72,38743017.51130,0
1760437800000,1182.020,1185.600,1163.610,1178.490,120893.93,1760438699999,141992408.65480,120299,53303.48,62615172.76250,0
1760438700000,1178.480,1184.400,1171.110,1182.950,39797.83,1760439599999,46907627.58390,58478,20717.55,24425631.38110,0
1760439600000,1182.960,1196.500,1182.290,1191.070,53302.27,1760440499999,63458819.60880,68701,26688.16,31776201.48030,0
1760440500000,1191.070,1192.800,1182.110,1182.640,32057.74,1760441399999,38057928.10930,53189,13669.15,16232366.90470,0
1760441400000,1182.640,1185.600,1170.210,1172.870,57272.57,1760442299999,67530242.97490,75451,26865.40,31675947.96100,0
1760442300000,1172.860,1178.720,1168.230,1170.430,35603.56,1760443199999,41746760.83280,51585,18700.01,21931790.71540,0
1760443200000,1170.420,1173.830,1163.040,1171.020,44896.33,1760444099999,52466163.71880,62463,22215.02,25976650.96700,0
1760444100000,1170.940,1171.760,1156.040,1161.870,52294.55,1760444999999,60720443.01930,64887,22233.81,25819452.72440,0
1760445000000,1161.900,1165.450,1152.000,1155.760,44800.82,1760445899999,51920188.12350,56162,19572.42,22689482.76040,0
1760445900000,1155.790,1157.230,1142.790,1149.610,74568.38,1760446799999,85708990.04520,83108,33614.51,38642759.13780,0
1760446800000,1149.620,1160.460,1148.110,1152.900,51950.95,1760447699999,59993977.84540,60980,24594.06,28416370.58340,0
1760447700000,1152.840,1165.230,1145.810,1162.590,58324.94,1760448599999,67361429.34650,70246,34064.10,39355947.38870,0
1760448600000,1162.480,1169.080,1149.370,1163.400,73922.86,1760449499999,85700062.77980,83821,38642.09,44825749.23860,0
1760449500000,1163.410,1190.860,1159.780,1178.490,134511.03,1760450399999,158598099.53490,146356,80039.23,94381517.24690,0
1760450400000,1178.480,1192.000,1175.810,1189.650,58264.90,1760451299999,68900991.45590,80261,32316.42,38225867.03220,0
1760451300000,1189.650,1197.740,1185.620,1187.520,97035.67,1760452199999,115751457.79760,87534,47560.70,56747748.04230,0
1760452200000,1187.510,1189.500,1175.000,1186.760,51578.84,1760453099999,60966801.46450,63714,23736.76,28066825.92950,0
1760453100000,1186.760,1194.310,1178.430,1180.630,35925.90,1760453999999,42591184.46560,54330,17294.34,20509256.13280,0
1760454000000,1180.640,1184.760,1172.030,1176.500,36053.40,1760454899999,42440478.31440,49812,16067.49,18922469.87670,0
1760454900000,1176.540,1189.000,1173.770,1183.380,38872.55,1760455799999,45992046.06240,51798,19938.56,23591047.61290,0
1760455800000,1183.390,1200.290,1182.000,1197.360,39686.67,1760456699999,47298938.35240,56964,21083.30,25135807.15910,0
1760456700000,1197.360,1214.000,1197.360,1211.780,85349.47,1760457599999,103002415.40430,87933,48113.44,58066504.85990,0
1760457600000,1211.780,1228.530,1205.320,1227.930,88948.40,1760458499999,108359736.82890,107171,50727.30,61816199.71230,0
1760458500000,1227.880,1248.810,1215.220,1219.130,164012.14,1760459399999,202004862.64470,171831,76066.07,93780613.19050,0
1760459400000,1219.140,1225.500,1209.220,1220.340,72593.80,1760460299999,88383226.12640,82067,30501.91,37152236.81660,0
1760460300000,1220.340,1227.920,1209.360,1213.990,55581.54,1760461199999,67774105.36540,64567,25669.84,31326080.47060,0
1760461200000,1213.990,1224.690,1191.610,1218.800,115649.36,1760462099999,139738508.10660,116442,54963.21,66475621.03360,0
1760462100000,1218.830,1222.890,1213.620,1215.880,35887.48,1760462999999,43725185.75510,51412,15618.89,19035279.00650,0
1760463000000,1215.880,1218.850,1208.820,1213.760,29103.52,1760463899999,35290422.17820,43004,12552.50,15222840.82880,0
1760463900000,1213.770,1219.050,1210.780,1214.240,15575.19,1760464799999,18918563.97510,29182,8164.69,9918305.24750,0
1760464800000,1214.240,1224.610,1212.010,1224.030,25594.62,1760465699999,31207453.89280,39049,14779.10,18021504.66930,0
1760465700000,1224.030,1227.330,1219.000,1220.690,21610.75,1760466599999,26419333.88940,35597,10424.89,12748214.92370,0
1760466600000,1220.690,1224.900,1211.230,1211.340,23391.93,1760467499999,28470323.21930,35868,10200.07,12413706.06990,0
1760467500000,1211.340,1217.100,1207.430,1213.260,16744.78,1760468399999,20296410.45540,31092,7125.40,8638558.69920,0
1760468400000,1213.270,1219.510,1212.090,1219.190,9533.68,1760469299999,11593095.80870,23372,4637.51,5638623.20130,0
1760469300000,1219.170,1224.000,1217.370,1219.100,12870.60,1760470199999,15707723.55570,26848,5636.70,6879497.36630,0
1760470200000,1219.100,1219.740,1190.270,1194.090,73659.38,1760471099999,88568115.62240,74712,29655.54,35678908.82270,0
1760471100000,1194.090,1209.630,1191.980,1205.690,33062.66,1760471999999,39750640.67670,47746,16887.98,20307997.72610,0
1760472000000,1205.640,1211.450,1202.430,1206.870,19090.36,1760472899999,23035578.85990,32623,9135.47,11026147.13290,0
1760472900000,1206.870,1214.580,1206.810,1213.820,17359.02,1760473799999,21040299.96830,25532,8445.23,10236485.55530,0
1760473800000,1213.820,1216.480,1210.800,1216.320,11808.64,1760474699999,14329551.81490,21194,5972.51,7248541.73800,0
1760474700000,1216.310,1218.980,1214.530,1217.220,8235.79,1760475599999,10020572.85770,17942,4543.91,5528575.74200,0
1760475600000,1217.220,1217.520,1211.620,1212.840,9080.44,1760476499999,11033376.35820,17235,3256.09,3956444.48940,0
1760476500000,1212.800,1221.690,1212.800,1219.680,10816.58,1760477399999,13166906.47560,18404,4955.20,6032162.32220,0
1760477400000,1219.670,1220.640,1214.430,1217.150,8848.69,1760478299999,10775129.60960,13816,4246.92,5172870.87910,0
1760478300000,1217.160,1219.240,1216.110,1216.330,3219.89,1760479199999,3920903.79390,7962,1621.12,1974276.78670,0
1760479200000,1216.340,1220.560,1215.700,1216.680,10860.39,1760480099999,13229326.01620,18831,5767.68,7025135.00130,0
1760480100000,1216.670,1218.120,1214.530,1216.610,5097.75,1760480999999,6201087.87860,12815,2445.04,2973933.25620,0
1760481000000,1216.600,1218.420,1212.220,1213.760,12426.31,1760481899999,15097913.93150,17765,4878.02,5927148.21560,0
1760481900000,1213.760,1214.250,1206.210,1207.670,18549.15,1760482799999,22422137.01880,27784,8194.64,9904764.03130,0
1760482800000,1207.660,1219.950,1207.340,1217.580,13296.55,1760483699999,16147427.43840,23866,7156.69,8689001.21970,0
1760483700000,1217.590,1219.490,1214.130,1216.840,7917.23,1760484599999,9627979.20940,16678,4270.41,5192862.33440,0
1760484600000,1216.840,1220.340,1215.120,1215.550,9853.78,1760485499999,12007541.72330,17347,5197.06,6333306.39990,0
1760485500000,1215.560,1217.570,1206.630,1208.030,13956.43,1760486399999,16898173.44520,20008,6390.90,7737885.19700,0
1760486400000,1208.030,1212.540,1203.000,1203.050,14347.29,1760487299999,17332740.08480,24882,6699.20,8096505.22800,0
1760487300000,1203.050,1205.000,1199.360,1201.710,16093.71,1760488199999,19344938.84500,27063,7172.21,8622789.09320,0
1760488200000,1201.690,1205.400,1199.880,1202.810,12474.17,1760489099999,14999186.09810,24140,6519.44,7839714.30460,0
1760489100000,1202.810,1210.040,1202.550,1209.130,10941.52,1760489999999,13198811.18080,22673,6559.39,7913352.01150,0
1760490000000,1209.130,1211.920,1200.500,1205.530,14818.28,1760490899999,17871263.85310,29229,7467.67,9006649.46080,0
1760490900000,1205.520,1208.660,1201.370,1201.550,7870.00,1760491799999,9485563.41960,18703,3251.71,3918997.67990,0
1760491800000,1201.550,1204.840,1199.100,1202.180,11908.37,1760492699999,14310982.79540,23380,5347.62,6427100.38600,0
1760492700000,1202.170,1207.720,1200.020,1206.120,10179.25,1760493599999,12263475.08090,20791,4588.23,5526941.34810,0
1760493600000,1206.100,1214.220,1205.910,1213.730,16737.22,1760494499999,20248014.34890,30320,9968.21,12060926.20290,0
1760494500000,1213.730,1221.980,1213.050,1221.490,23476.49,1760495399999,28586865.23380,38352,13501.28,16443019.42170,0
1760495400000,1221.480,1223.090,1215.600,1218.810,15910.41,1760496299999,19392886.63540,28040,6865.17,8368409.88650,0
1760496300000,1218.800,1222.200,1215.920,1216.960,11260.93,1760497199999,13725420.70620,22459,4950.99,6035874.76350,0
1760497200000,1216.970,1218.960,1208.370,1213.080,14982.85,1760498099999,18170810.92760,27847,6613.98,8021548.10780,0
1760498100000,1213.070,1213.410,1208.600,1212.590,11279.10,1760498999999,13657074.90870,20581,4677.21,5664147.90960,0
1760499000000,1212.590,1214.890,1205.660,1207.880,11472.53,1760499899999,13888100.01150,21806,4878.29,5907105.07230,0
1760499900000,1207.880,1209.960,1201.090,1206.210,16004.80,1760500799999,19297241.78090,25830,6606.54,7965914.90720,0
1760500800000,1206.210,1207.790,1202.290,1204.870,10243.02,1760501699999,12340246.14120,21771,5591.78,6736739.09330,0
1760501700000,1204.850,1211.110,1204.400,1208.870,7508.92,1760502599999,9075537.67260,17440,4524.99,5469123.40210,0
1760502600000,1208.870,1212.090,1207.080,1207.750,8630.68,1760503499999,10438856.22250,18111,3561.89,4309156.69550,0
1760503500000,1207.760,1216.380,1206.030,1209.650,11654.75,1760504399999,14119198.76230,22199,5937.88,7191214.59020,0
1760504400000,1209.620,1213.670,1205.280,1206.090,13547.37,1760505299999,16383991.85230,23727,5351.70,6472944.88330,0
1760505300000,1206.080,1206.770,1191.260,1191.560,38480.56,1760506199999,46150716.69150,43456,12858.07,15431504.83400,0
1760506200000,1191.560,1194.880,1184.010,1194.010,41779.55,1760507099999,49663569.69300,54105,19227.37,22862844.33700,0
1760507100000,1194.000,1194.030,1188.810,1192.210,11789.86,1760507999999,14043692.02030,22603,5729.04,6824141.49420,0
1760508000000,1192.210,1194.000,1181.080,1183.930,21379.01,1760508899999,25385660.73380,34627,8618.22,10240562.73820,0
1760508900000,1183.920,1187.360,1176.640,1177.360,33542.08,1760509799999,39589366.83010,42561,13911.15,16420263.65120,0
1760509800000,1177.370,1191.820,1176.270,1185.170,28394.94,1760510699999,33612615.13850,42839,14736.44,17448797.59770,0
1760510700000,1185.170,1191.830,1185.110,1189.870,13450.94,1760511599999,15994029.67090,26172,8026.04,9543363.34090,0
1760511600000,1189.860,1190.800,1183.010,1188.190,15859.73,1760512499999,18823444.26770,28763,7263.21,8623690.78730,0
1760512500000,1188.190,1191.410,1183.030,1183.070,12658.58,1760513399999,15023310.34370,23464,6265.35,7439468.33820,0
1760513400000,1183.080,1185.000,1180.600,1183.040,10228.16,1760514299999,12098197.33300,18901,4878.61,5771269.14350,0
1760514300000,1183.040,1191.560,1182.970,1189.680,15479.34,1760515199999,18385024.79980,22568,8856.92,10519635.68840,0
1760515200000,1189.670,1197.470,1187.560,1196.600,29119.59,1760516099999,34698094.54720,34028,18502.49,22054241.37090,0
1760516100000,1196.590,1209.370,1195.900,1207.190,59890.08,1760516999999,72058997.44910,71102,35017.67,42123130.05620,0
1760517000000,1207.190,1215.270,1206.600,1207.920,38339.17,1760517899999,46425505.78690,51929,18440.40,22333738.14920,0
1760517900000,1207.920,1208.900,1201.000,1202.660,19911.02,1760518799999,23977068.30690,31624,8525.01,10265379.81750,0
1760518800000,1202.660,1202.680,1195.050,1195.190,23345.50,1760519699999,27983129.40110,35508,9968.22,11949280.46020,0
1760519700000,1195.190,1195.190,1186.040,1190.010,29634.66,1760520599999,35280104.25340,40758,13329.93,15870526.18440,0
1760520600000,1190.000,1193.560,1186.020,1192.580,19050.18,1760521499999,22671287.08090,28914,10905.55,12979386.61760,0
1760521500000,1192.580,1194.200,1186.980,1187.840,15135.29,1760522399999,18005780.19710,22597,6607.74,7863553.01350,0
1760522400000,1187.840,1192.140,1185.460,1190.290,14172.52,1760523299999,16841100.06280,25144,7435.84,8837477.05110,0
1760523300000,1190.290,1190.460,1182.000,1184.670,13566.31,1760524199999,16092076.30040,21328,5537.02,6569102.60850,0
1760524200000,1184.660,1185.060,1180.040,1183.740,19790.13,1760525099999,23408660.09050,26381,8854.36,10475022.46200,0
1760525100000,1183.740,1185.250,1180.580,1181.840,10031.45,1760525999999,11864489.89390,16666,4420.97,5228845.84560,0
1760526000000,1181.820,1187.230,1180.860,1183.540,14548.10,1760526899999,17229933.16940,27102,7895.66,9351836.99350,0
1760526900000,1183.540,1183.740,1176.190,1182.060,23312.62,1760527799999,27502165.82300,32226,10085.01,11897055.28910,0
1760527800000,1182.060,1185.300,1179.290,1184.400,10286.61,1760528699999,12163635.26510,19679,5246.88,6205861.75890,0
1760528700000,1184.360,1186.500,1182.640,1184.700,9795.52,1760529599999,11604371.68190,16173,5339.25,6325871.41160,0
1760529600000,1184.700,1191.280,1181.430,1188.620,22231.52,1760530499999,26381747.21480,32999,12888.98,15295515.19580,0
1760530500000,1188.620,1188.980,1181.000,1181.370,13502.09,1760531399999,16009661.21000,24267,5817.59,6898938.72470,0
1760531400000,1181.370,1185.710,1178.680,1180.200,18811.98,1760532299999,22226163.34610,30476,8510.46,10056312.11090,0
1760532300000,1180.220,1182.390,1177.680,1178.340,18201.95,1760533199999,21478055.36670,27958,9631.52,11366318.98110,0
1760533200000,1178.360,1178.480,1166.300,1171.130,44821.41,1760534099999,52498580.85570,55375,17715.44,20748513.33740,0
1760534100000,1171.130,1178.990,1169.900,1176.240,15580.87,1760534999999,18312149.75350,22380,8717.63,10244593.74540,0
1760535000000,1176.240,1184.680,1173.340,1175.690,34845.77,1760535899999,41080687.48400,45953,16153.96,19050199.74410,0
1760535900000,1175.660,1177.900,1165.000,1175.860,42776.07,1760536799999,50123284.92470,52025,18950.55,22208795.75420,0
1760536800000,1175.850,1187.210,1175.500,1182.620,32493.02,1760537699999,38417845.47150,43588,16223.23,19179681.65880,0
1760537700000,1182.630,1186.000,1179.000,1182.520,17155.81,1760538599999,20277068.28270,25600,8155.36,9639791.04580,0
1760538600000,1182.530,1182.840,1174.200,1176.630,18594.46,1760539499999,21908480.87500,27707,7124.96,8396075.68330,0
1760539500000,1176.620,1176.630,1165.110,1171.140,39493.25,1760540399999,46199559.60380,46967,18815.36,22006647.57680,0
1760540400000,1171.170,1175.990,1165.590,1173.250,27732.13,1760541299999,32479733.30960,39612,14302.63,16756708.34110,0
1760541300000,1173.240,1175.940,1166.910,1171.230,21880.19,1760542199999,25620992.70340,34838,10517.86,12318292.50520,0
1760542200000,1171.230,1174.560,1166.000,1172.480,24118.92,1760543099999,28233833.50540,36893,12263.84,14358526.68050,0
1760543100000,1172.470,1175.030,1164.110,1168.490,29448.69,1760543999999,34421281.41040,39261,14268.22,16679347.87290,0
1760544000000,1168.500,1170.550,1158.000,1165.250,34779.88,1760544899999,40449613.45190,45552,15724.50,18292511.04640,0
1760544900000,1165.240,1173.860,1159.590,1171.930,20782.30,1760545799999,24266187.58180,34054,11496.73,13424747.13210,0
1760545800000,1171.930,1174.610,1169.210,1170.680,10983.01,1760546699999,12867117.41870,22487,5092.83,5966626.19060,0
1760546700000,1170.680,1188.000,1169.540,1181.250,92025.75,1760547599999,108687234.29360,87861,46331.77,54707530.16330,0
1760547600000,1181.250,1181.840,1164.010,1164.810,43086.36,1760548499999,50550368.78940,54716,16806.63,19724017.39550,0
1760548500000,1164.820,1168.960,1158.780,1160.800,35012.05,1760549399999,40741683.93400,44576,19370.52,22544983.75980,0
1760549400000,1160.800,1165.000,1156.000,1163.230,22133.58,1760550299999,25676143.32040,33773,12224.79,14184802.77380,0
1760550300000,1163.230,1168.240,1162.970,1167.130,13318.37,1760551199999,15530944.86760,22705,7359.99,8582278.98820,0
1760551200000,1167.130,1168.000,1161.460,1166.080,13416.20,1760552099999,15625060.63860,22226,6866.43,7998136.62840,0
1760552100000,1166.080,1168.190,1162.200,1166.690,13786.62,1760552999999,16071312.20240,22682,6319.01,7368627.79450,0
1760553000000,1166.690,1168.490,1163.400,1166.730,11112.13,1760553899999,12965092.47340,18073,5607.74,6543404.01400,0
1760553900000,1166.720,1173.190,1166.120,1171.590,11525.49,1760554799999,13489545.81790,17465,6626.09,7755225.27700,0
1760554800000,1171.590,1172.000,1166.720,1167.490,7990.24,1760555699999,9341164.90270,15579,3668.93,4289799.99270,0
1760555700000,1167.500,1171.790,1166.980,1170.290,5616.18,1760556599999,6566175.82920,11768,3491.58,4082071.48670,0
1760556600000,1170.300,1171.680,1164.360,1166.640,6900.99,1760557499999,8052114.70070,14209,2730.15,3185873.00620,0
1760557500000,1166.640,1167.760,1162.820,1164.370,5964.67,1760558399999,6947896.24120,15238,2650.89,3088031.63450,0
1760558400000,1164.370,1168.790,1164.370,1167.500,6331.01,1760559299999,7388123.98880,13791,3858.06,4502631.85910,0
1760559300000,1167.490,1170.720,1163.210,1163.790,7372.55,1760560199999,8610680.84770,13819,3268.96,3819003.02310,0
1760560200000,1163.790,1163.790,1151.200,1161.810,41368.07,1760561099999,47864882.92490,47229,18440.44,21340498.62120,0
1760561100000,1161.810,1162.530,1155.530,1155.940,9365.71,1760561999999,10856072.65490,21026,4361.64,5055781.11440,0
1760562000000,1155.930,1159.440,1150.000,1153.010,16694.36,1760562899999,19260623.11210,28504,8581.79,9900555.63630,0
1760562900000,1153.020,1158.570,1148.530,1157.150,19245.15,1760563799999,22178719.98070,23718,8276.61,9546720.67090,0
1760563800000,1157.150,1162.350,1155.250,1158.380,12800.88,1760564699999,14837865.01040,17803,6135.46,7110358.06540,0
1760564700000,1158.370,1159.210,1151.630,1153.480,7250.34,1760565599999,8371590.81700,12719,3721.62,4297172.24030,0
1760565600000,1153.480,1160.710,1152.680,1160.100,11469.28,1760566499999,13259257.73600,21039,6731.71,7784204.15300,0
1760566500000,1160.100,1165.870,1158.560,1159.230,12878.04,1760567399999,14966205.87370,19982,4897.84,5691373.76100,0
1760567400000,1159.220,1162.870,1158.590,1160.620,4268.88,1760568299999,4955342.58740,12539,2375.84,2757923.15560,0
1760568300000,1160.620,1161.080,1152.000,1154.360,10045.50,1760569199999,11605608.92660,17972,4974.24,5746639.57780,0
1760569200000,1154.350,1158.790,1152.180,1157.800,6839.17,1760570099999,7901572.78340,17568,3448.17,3983848.45550,0
1760570100000,1157.760,1161.480,1155.770,1161.030,7537.54,1760570999999,8737877.25800,15736,3828.38,4437734.51630,0
1760571000000,1161.030,1165.750,1160.760,1164.720,10652.36,1760571899999,12394969.89580,18506,5383.90,6265084.64660,0
1760571900000,1164.720,1165.530,1160.980,1163.090,7204.41,1760572799999,8379334.63220,13630,3111.15,3618504.03460,0
1760572800000,1163.090,1165.400,1158.890,1159.400,10738.43,1760573699999,12483979.82980,21440,4674.33,5436273.51500,0
1760573700000,1159.410,1169.810,1159.400,1169.070,13563.68,1760574599999,15815871.70630,25771,6554.84,7642069.07910,0
1760574600000,1169.070,1169.080,1164.450,1166.410,11421.93,1760575499999,13326123.02410,25724,6086.12,7101224.98630,0
1760575500000,1166.400,1172.290,1165.500,1171.450,10856.49,1760576399999,12698992.36430,20796,6009.85,7030005.57260,0
1760576400000,1171.450,1181.670,1169.740,1179.860,28971.16,1760577299999,34096760.31060,36150,17190.94,20223903.74060,0
1760577300000,1179.830,1185.410,1177.090,1179.260,19898.26,1760578199999,23482725.59250,30337,8676.73,10242502.84190,0
1760578200000,1179.270,1183.750,1177.930,1182.140,10641.39,1760579099999,12572125.64380,22171,6121.06,7232021.77690,0
1760579100000,1182.140,1186.490,1180.450,1183.360,13998.10,1760579999999,16576041.52520,22875,7453.38,8826868.02700,0
1760580000000,1183.280,1189.450,1181.550,1187.810,21469.98,1760580899999,25474146.04540,33945,11481.77,13625178.80700,0
1760580900000,1187.810,1195.590,1186.700,1192.190,33581.74,1760581799999,40019812.32640,38859,17231.45,20536075.64370,0
1760581800000,1192.160,1194.560,1186.630,1187.640,14600.00,1760582699999,17374070.92490,26738,4758.45,5665614.39910,0
1760582700000,1187.620,1192.990,1187.330,1191.850,9168.94,1760583599999,10917377.52090,19384,4966.67,5913476.06560,0
1760583600000,1191.860,1194.940,1188.230,1188.810,16967.28,1760584499999,20220504.86140,24993,7548.71,8999267.96370,0
1760584500000,1188.800,1191.820,1185.610,1186.360,12027.73,1760585399999,14295214.83010,24018,4564.11,5426145.95140,0
1760585400000,1186.360,1189.810,1180.640,1188.040,24121.37,1760586299999,28573872.86070,31619,12652.83,14991295.13230,0
1760586300000,1188.040,1188.720,1183.380,1183.980,6405.65,1760587199999,7595359.79360,13860,2539.35,3011556.78450,0
1760587200000,1183.980,1190.920,1183.760,1189.910,9144.98,1760588099999,10862276.67690,18165,4692.61,5573942.99770,0
1760588100000,1189.910,1191.210,1186.630,1187.150,11474.63,1760588999999,13645066.14850,16004,3552.38,4224366.16440,0
1760589000000,1187.150,1187.500,1178.000,1179.710,11737.59,1760589899999,13877996.96490,18846,3355.29,3968313.79520,0
1760589900000,1179.700,1186.360,1173.540,1179.040,38481.69,1760590799999,45375162.36740,43025,22410.66,26437045.75370,0
1760590800000,1179.030,1180.850,1176.160,1178.690,9900.26,1760591699999,11665338.39080,21643,4215.69,4968183.78310,0
1760591700000,1178.680,1180.380,1175.080,1175.800,8036.97,1760592599999,9462237.43060,17158,3668.40,4319225.98460,0
1760592600000,1175.800,1185.570,1175.800,1183.720,12679.87,1760593499999,14981383.69910,25468,7318.04,8646081.28810,0
1760593500000,1183.720,1188.510,1177.470,1182.560,17834.71,1760594399999,21099637.04640,29488,8388.13,9927154.55940,0
1760594400000,1182.560,1185.750,1180.500,1181.840,10493.33,1760595299999,12415548.75970,19521,4324.85,5115788.04160,0
1760595300000,1181.840,1189.810,1180.700,1188.670,16442.31,1760596199999,19505130.14240,25188,7724.99,9163808.36460,0
1760596200000,1188.670,1189.600,1185.710,1187.440,12039.18,1760597099999,14301252.87930,22876,4669.56,5546970.97600,0
1760597100000,1187.440,1192.460,1186.620,1188.120,19518.67,1760597999999,23213906.98720,26802,7950.00,9455869.23840,0
1760598000000,1188.130,1188.830,1182.970,1185.890,11261.10,1760598899999,13347884.20160,21614,4635.43,5494350.24480,0
1760598900000,1185.890,1185.940,1178.080,1178.960,12711.25,1760599799999,15006121.83050,24578,6400.84,7555525.33780,0
1760599800000,1178.960,1182.670,1178.290,1181.630,13149.92,1760600699999,15518821.10150,21758,6367.58,7514845.26430,0
1760600700000,1181.630,1184.920,1179.170,1183.560,10613.01,1760601599999,12540249.35940,19864,5758.16,6807490.69410,0
1760601600000,1183.560,1185.120,1178.850,1183.020,16045.40,1760602499999,18961258.87570,25681,5334.19,6303938.78290,0
1760602500000,1183.020,1183.550,1180.440,1181.830,8979.24,1760603399999,10615530.54960,16968,3893.84,4603197.10660,0
1760603400000,1181.830,1188.000,1181.010,1185.400,14025.49,1760604299999,16613230.52040,22411,7509.10,8896046.29230,0
1760604300000,1185.400,1188.790,1183.450,1186.490,9946.91,1760605199999,11798821.52130,17381,4288.79,5087655.56560,0
1760605200000,1186.490,1192.620,1185.840,1192.160,19495.82,1760606099999,23198092.53580,24405,11644.47,13855127.58510,0
1760606100000,1192.150,1193.820,1185.920,1186.510,21368.97,1760606999999,25444899.13040,28540,8410.27,10018598.25880,0
1760607000000,1186.510,1188.800,1169.000,1187.950,81964.27,1760607899999,96506353.05380,86335,37068.74,43642771.02000,0
1760607900000,1187.950,1194.280,1179.180,1179.200,64691.98,1760608799999,76801463.54560,61406,27359.60,32494312.52490,0
1760608800000,1179.200,1188.650,1176.630,1185.440,41494.99,1760609699999,49013584.07760,59434,24979.86,29499318.61060,0
1760609700000,1185.520,1188.910,1180.110,1181.430,23830.88,1760610599999,28215947.01900,32143,11750.01,13912979.51510,0
1760610600000,1181.430,1182.850,1176.310,1178.280,22271.32,1760611499999,26264144.14050,27423,10203.21,12035564.50910,0
1760611500000,1178.280,1181.630,1177.680,1180.170,8305.46,1760612399999,9799962.25620,16496,4748.89,5603683.86870,0
1760612400000,1180.170,1181.530,1176.010,1176.810,11304.02,1760613299999,13322874.91520,22895,5903.30,6957937.66680,0
1760613300000,1176.800,1177.770,1171.480,1172.580,15786.80,1760614199999,18535185.09180,23941,6214.01,7295838.01090,0
1760614200000,1172.580,1176.420,1169.810,1176.330,14282.53,1760615099999,16752656.04300,21510,7235.24,8488212.84880,0
1760615100000,1176.330,1181.920,1175.880,1181.390,14438.65,1760615999999,17020484.54730,20271,7569.85,8923072.29700,0
1760616000000,1181.400,1185.610,1179.470,1179.480,14945.22,1760616899999,17672449.29320,28222,7573.77,8956407.76790,0
1760616900000,1179.470,1182.200,1178.530,1179.290,9661.89,1760617799999,11400631.30190,16176,4321.36,5098834.80680,0
1760617800000,1179.280,1182.100,1176.690,1182.030,11229.79,1760618699999,13242578.88240,21793,6394.78,7541789.16510,0
1760618700000,1182.020,1188.280,1181.980,1185.760,20766.18,1760619599999,24628959.60630,27276,10565.42,12529633.00310,0
1760619600000,1185.770,1187.730,1183.250,1186.060,13007.68,1760620499999,15419488.66420,22529,6669.91,7906683.81210,0
1760620500000,1186.060,1187.400,1181.950,1184.750,9055.70,1760621399999,10726952.77170,18669,4124.88,4887781.07540,0
1760621400000,1184.750,1190.780,1182.990,1188.530,20198.71,1760622299999,23989714.72490,35226,11122.73,13210972.58960,0
1760622300000,1188.540,1189.320,1180.100,1180.940,20461.39,1760623199999,24204072.35730,32333,10573.18,12504664.65450,0
1760623200000,1180.940,1181.430,1172.000,1172.000,24021.22,1760624099999,28253075.77020,36764,10542.80,12401032.11280,0
1760624100000,1172.000,1174.320,1163.040,1170.190,46103.36,1760624999999,53886021.36080,57758,23636.26,27628051.22050,0
1760625000000,1170.180,1184.000,1169.730,1182.320,29657.72,1760625899999,34923270.55890,43410,14101.62,16598929.36910,0
1760625900000,1182.330,1183.410,1171.240,1172.670,20083.06,1760626799999,23616656.79750,32167,8127.84,9554634.68530,0
1760626800000,1172.680,1175.200,1168.210,1173.470,15573.05,1760627699999,18242951.85600,30154,8685.71,10174310.91040,0
1760627700000,1173.470,1174.730,1163.770,1165.260,19278.54,1760628599999,22513270.80530,28835,8651.59,10101623.77850,0
1760628600000,1165.260,1165.930,1155.340,1156.470,46225.96,1760629499999,53627318.36980,56809,22574.56,26197918.02760,0
1760629500000,1156.480,1157.000,1131.400,1134.970,118257.26,1760630399999,135131023.07520,106230,47759.39,54586841.36360,0
1760630400000,1134.970,1142.500,1121.820,1137.810,119102.19,1760631299999,134667538.67500,112063,64788.07,73297210.50580,0
1760631300000,1137.810,1143.100,1129.360,1137.550,75780.88,1760632199999,86074607.77090,92566,40115.29,45581045.01350,0
1760632200000,1137.550,1144.680,1130.760,1140.500,35782.68,1760633099999,40677359.25560,58830,18280.80,20782040.44720,0
1760633100000,1140.490,1157.290,1138.400,1155.410,40423.79,1760633999999,46453151.78930,53021,20423.95,23465392.91180,0
1760634000000,1155.440,1155.530,1145.650,1147.090,28000.46,1760634899999,32180791.22360,42106,11457.06,13165386.29880,0
1760634900000,1147.090,1157.050,1147.060,1152.630,17823.03,1760635799999,20537397.47610,31856,9263.68,10675577.30550,0
1760635800000,1152.620,1154.390,1146.220,1147.970,14758.10,1760636699999,16969291.20730,26444,5776.20,6641696.89380,0
1760636700000,1147.980,1151.630,1146.060,1150.150,10621.85,1760637599999,12210819.68110,23480,5507.44,6331513.96780,0
1760637600000,1150.150,1150.690,1138.230,1139.470,27717.90,1760638499999,31675481.28400,37842,11307.89,12925041.16760,0
1760638500000,1139.470,1147.280,1136.290,1143.720,20709.84,1760639399999,23667953.89230,36337,10737.98,12271906.54810,0
1760639400000,1143.750,1151.430,1143.270,1148.200,18204.70,1760640299999,20895772.43890,33750,9763.41,11207134.48350,0
1760640300000,1148.240,1152.110,1145.880,1151.220,12720.28,1760641199999,14616967.42300,26303,6900.70,7931136.26430,0
1760641200000,1151.230,1154.160,1144.420,1145.940,15994.78,1760642099999,18382995.41930,31045,7981.82,9174999.23090,0
1760642100000,1145.940,1148.390,1140.710,1144.090,15278.91,1760642999999,17490066.35630,28426,7352.77,8416407.08320,0
1760643000000,1144.090,1144.790,1134.310,1140.660,18759.42,1760643899999,21369033.61950,36540,8296.19,9449314.44420,0
1760643900000,1140.670,1149.360,1137.410,1145.520,15849.56,1760644799999,18145697.54980,34352,7528.31,8618088.62530,0
1760644800000,1145.540,1148.940,1143.600,1146.090,10558.43,1760645699999,12102518.03160,25209,5266.97,6037577.03330,0
1760645700000,1146.090,1151.970,1145.720,1150.870,10592.71,1760646599999,12176646.91920,22444,6231.95,7163158.67360,0
1760646600000,1150.870,1151.510,1140.910,1145.000,14273.97,1760647499999,16338363.45850,31923,7227.18,8271593.10970,0
1760647500000,1144.960,1150.360,1143.690,1145.480,9514.75,1760648399999,10915114.41700,23462,4390.24,5035401.63130,0
1760648400000,1145.480,1152.960,1145.310,1151.660,11904.76,1760649299999,13676272.29710,24908,6004.04,6896776.59810,0
1760649300000,1151.660,1156.680,1150.610,1156.200,11570.56,1760650199999,13355900.43680,19105,5447.06,6287831.98740,0
1760650200000,1156.200,1162.740,1155.540,1159.230,13613.21,1760651099999,15795801.58330,19419,7750.37,8991941.66980,0
1760651100000,1159.220,1163.750,1158.300,1162.980,5521.28,1760651999999,6414283.82650,11574,2978.46,3460951.27200,0
1760652000000,1162.970,1164.960,1159.090,1160.330,8983.58,1760652899999,10438535.26840,18483,4325.59,5026447.01700,0
1760652900000,1160.340,1161.850,1157.910,1158.420,6106.38,1760653799999,7080504.92570,12242,2961.47,3434100.34440,0
1760653800000,1158.420,1161.010,1155.090,1155.600,6809.09,1760654699999,7885092.89890,13647,3186.03,3689722.13880,0
1760654700000,1155.600,1158.220,1152.150,1152.370,7569.61,1760655599999,8742686.24210,14912,3331.42,3848401.17410,0
1760655600000,1152.360,1154.660,1150.500,1152.720,7939.37,1760656499999,9149906.43460,15974,4038.38,4654603.00620,0
1760656500000,1152.740,1157.500,1152.500,1152.780,12652.23,1760657399999,14613431.44370,17507,5857.55,6766619.46230,0
1760657400000,1152.770,1152.900,1143.140,1144.820,17911.69,1760658299999,20563367.43540,28816,6322.49,7261993.61730,0
1760658300000,1144.810,1147.140,1141.630,1144.650,16207.70,1760659199999,18550427.14490,24769,8393.10,9606836.33650,0
1760659200000,1144.650,1146.860,1142.650,1146.780,13854.53,1760660099999,15862460.09750,30970,5736.25,6567832.53450,0
1760660100000,1146.790,1152.400,1146.730,1152.090,10137.47,1760660999999,11649448.90530,21209,5880.10,6757522.93060,0
1760661000000,1152.090,1153.560,1149.010,1149.240,8603.35,1760661899999,9900419.92650,19904,4066.18,4678793.82050,0
1760661900000,1149.240,1150.040,1145.780,1149.940,8018.06,1760662799999,9204145.62960,19243,3968.94,4556060.60780,0
1760662800000,1149.950,1156.690,1147.720,1154.340,14119.17,1760663699999,16284849.35310,30310,7137.55,8233620.49080,0
1760663700000,1154.270,1156.390,1150.300,1152.740,6867.74,1760664599999,7917946.86670,16541,3019.48,3481043.68660,0
1760664600000,1152.750,1153.920,1146.210,1147.000,7808.80,1760665499999,8971819.09990,16319,2926.20,3361382.23130,0
1760665500000,1147.000,1148.840,1143.000,1146.670,7779.07,1760666399999,8911727.94860,16769,3562.52,4081935.21500,0
1760666400000,1146.670,1148.320,1141.830,1142.840,9105.13,1760667299999,10419935.98790,18657,4061.97,4648490.52900,0
1760667300000,1142.830,1143.080,1138.020,1138.090,11914.13,1760668199999,13585947.40190,19447,4974.06,5673158.49220,0
1760668200000,1138.080,1144.430,1137.040,1143.530,10824.68,1760669099999,12343257.79190,22015,5820.67,6639539.82490,0
1760669100000,1143.540,1149.950,1142.090,1147.390,8119.95,1760669999999,9303229.17780,19438,4602.74,5274054.52600,0
1760670000000,1147.390,1151.900,1146.090,1150.420,11258.04,1760670899999,12939650.49410,24361,4732.26,5439246.50710,0
1760670900000,1150.410,1151.000,1147.580,1148.380,6800.56,1760671799999,7816635.37410,16184,2784.00,3199668.04520,0
1760671800000,1148.370,1150.210,1145.970,1147.250,6037.85,1760672699999,6929976.29280,17242,2628.66,3017144.96490,0
1760672700000,1147.240,1150.600,1146.660,1150.560,4433.47,1760673599999,5093146.66090,12646,2255.37,2590918.99290,0
1760673600000,1150.560,1154.240,1148.530,1149.590,8133.40,1760674499999,9366364.42390,18362,3988.52,4592750.97270,0
1760674500000,1149.590,1150.130,1145.640,1146.430,6364.88,1760675399999,7304027.22820,15179,2779.51,3189403.48320,0
1760675400000,1146.430,1149.590,1144.350,1145.000,5174.54,1760676299999,5936747.15950,13383,2433.96,2792899.87380,0
1760676300000,1144.990,1147.300,1143.140,1143.770,5140.65,1760677199999,5886169.13510,13747,2361.72,2704526.92520,0
1760677200000,1143.770,1146.540,1143.080,1143.260,6321.47,1760678099999,7234726.51300,14593,2867.00,3281455.21210,0
1760678100000,1143.270,1143.450,1138.360,1141.570,15388.05,1760678999999,17547172.40610,21208,6603.42,7529097.57320,0
1760679000000,1141.560,1143.260,1135.150,1136.060,15185.25,1760679899999,17281480.12460,22514,7313.22,8323663.72020,0
1760679900000,1136.120,1136.740,1124.000,1128.610,38357.18,1760680799999,43335540.71140,45241,14174.58,16015055.39350,0
1760680800000,1128.610,1133.370,1126.670,1129.710,18628.89,1760681699999,21058890.82540,29366,9333.75,10553080.68300,0
1760681700000,1129.700,1131.230,1122.020,1123.020,22271.06,1760682599999,25061979.93730,34746,9579.64,10782812.99310,0
1760682600000,1123.020,1124.780,1105.720,1107.340,95050.10,1760683499999,105798027.55560,99285,40057.52,44574082.02050,0
1760683500000,1107.330,1110.310,1093.240,1095.380,80508.57,1760684399999,88605915.99000,91440,34859.75,38373858.14240,0
1760684400000,1095.300,1099.660,1079.000,1082.220,94986.51,1760685299999,103269128.88550,108350,40784.95,44348340.01970,0
1760685300000,1082.230,1089.210,1073.940,1075.400,66723.36,1760686199999,72210065.73490,75917,31406.67,34010513.40570,0
1760686200000,1075.410,1078.500,1065.000,1067.010,90369.09,1760687099999,96703843.84220,95112,37004.94,39601665.89090,0
1760687100000,1067.010,1077.930,1059.370,1062.760,64329.27,1760687999999,68751230.50860,75689,28536.26,30536602.83470,0
1760688000000,1062.770,1063.580,1022.040,1023.140,265599.29,1760688899999,277044510.10290,254716,92439.05,96312836.24750,0
1760688900000,1023.050,1049.500,1021.000,1042.670,148934.71,1760689799999,154303298.57100,140437,80649.17,83545530.07570,0
1760689800000,1042.680,1055.660,1040.000,1042.180,90912.45,1760690699999,95289860.24920,94100,49298.25,51680938.97570,0
1760690700000,1042.170,1045.470,1037.160,1042.640,36785.85,1760691599999,38329317.88690,53755,21423.01,22327393.93750,0
1760691600000,1042.650,1050.990,1042.010,1047.140,38273.70,1760692499999,40089367.91540,55706,22177.48,23228456.04200,0
1760692500000,1047.160,1049.000,1037.800,1045.430,32123.46,1760693399999,33513243.17830,51455,17008.16,17744735.09040,0
1760693400000,1045.440,1060.370,1044.380,1046.640,62466.78,1760694299999,65779967.53280,74967,37040.70,39004718.03160,0
1760694300000,1046.640,1049.380,1037.340,1038.160,31466.44,1760695199999,32795016.40520,44868,13925.68,14517026.61600,0
1760695200000,1038.160,1042.410,1032.440,1038.630,32680.27,1760696099999,33926343.83780,49930,15924.44,16540400.25710,0
1760696100000,1038.620,1040.360,1026.030,1031.140,50667.42,1760696999999,52321763.34870,63004,22250.00,22986517.47220,0
1760697000000,1031.140,1041.090,1030.260,1039.260,45327.47,1760697899999,47008335.37710,55074,20894.99,21658374.80120,0
1760697900000,1039.260,1045.820,1037.280,1042.780,26023.56,1760698799999,27092952.63300,44313,14967.56,15584817.76240,0
1760698800000,1042.790,1059.940,1040.830,1058.960,54540.61,1760699699999,57246147.82250,64646,31192.91,32750222.27580,0
1760699700000,1058.950,1078.280,1058.300,1071.810,110453.72,1760700599999,118075438.08580,106567,61467.11,65723733.88420,0
1760700600000,1071.800,1076.630,1067.250,1073.500,59005.83,1760701499999,63273225.55460,69394,30556.30,32774485.35520,0
1760701500000,1073.510,1079.100,1069.700,1071.210,36797.48,1760702399999,39533055.55240,48483,18944.39,20357596.84120,0
1760702400000,1071.220,1074.630,1064.440,1067.710,29898.37,1760703299999,31979945.29860,48443,14467.04,15477330.30270,0
1760703300000,1067.710,1069.790,1058.520,1062.130,33093.19,1760704199999,35226874.79150,46265,15207.96,16192345.91250,0
1760704200000,1062.130,1067.770,1059.220,1065.160,20213.40,1760705099999,21497586.32340,35528,10183.73,10829661.96640,0
1760705100000,1065.160,1070.180,1062.870,1063.200,21124.52,1760705999999,22528665.40940,29648,11838.33,12628111.22400,0
1760706000000,1063.210,1069.510,1059.030,1059.460,18904.92,1760706899999,20125637.11480,33793,9498.16,10115904.43730,0
1760706900000,1059.460,1069.630,1058.220,1066.000,20533.73,1760707799999,21849450.37250,34454,10650.39,11338607.44000,0
1760707800000,1066.000,1076.340,1060.030,1061.920,54126.08,1760708699999,57881158.71670,72624,25530.44,27306364.00270,0
1760708700000,1061.980,1074.450,1055.520,1068.610,53762.73,1760709599999,57252604.48860,64404,26814.56,28553974.32210,0
1760709600000,1068.610,1070.000,1059.380,1063.550,27235.38,1760710499999,28970495.04250,49512,13950.76,14841384.77560,0
1760710500000,1063.550,1065.570,1058.550,1059.230,15921.64,1760711399999,16892974.47540,33016,7777.52,8252559.57730,0
1760711400000,1059.230,1059.640,1046.610,1055.450,54777.94,1760712299999,57642280.75810,67193,22513.11,23690215.29690,0
1760712300000,1055.350,1063.670,1053.610,1055.410,37415.30,1760713199999,39646453.16840,48996,16908.99,17914176.21100,0
1760713200000,1055.410,1063.720,1053.810,1055.930,20641.74,1760714099999,21857572.68890,42529,11299.22,11965229.09790,0
1760714100000,1055.930,1063.460,1055.790,1059.310,21358.85,1760714999999,22628109.28340,37184,11622.14,12311434.81410,0
1760715000000,1059.310,1063.000,1050.030,1061.120,27885.88,1760715899999,29495105.63880,42270,12589.77,13319847.79100,0
1760715900000,1061.110,1074.300,1060.940,1073.800,35180.86,1760716799999,37573132.06180,44301,18355.47,19603101.06670,0
1760716800000,1073.760,1090.100,1071.530,1082.970,83314.95,1760717699999,90260702.75050,82408,40961.42,44389952.18900,0
1760717700000,1082.980,1092.850,1080.730,1082.490,49805.20,1760718599999,54119125.00120,59989,26265.14,28546224.44550,0
1760718600000,1082.490,1083.870,1071.340,1073.920,38865.59,1760719499999,41841703.80180,48101,17151.40,18460655.82840,0
1760719500000,1073.920,1077.960,1067.040,1071.000,24952.70,1760720399999,26743865.63420,37727,10705.74,11478818.53980,0
1760720400000,1071.010,1074.570,1067.200,1070.760,26075.58,1760721299999,27894526.26810,34194,17464.04,18678594.64170,0
1760721300000,1070.790,1072.000,1065.500,1069.250,17596.87,1760722199999,18817031.59850,27599,9534.87,10197689.22780,0
1760722200000,1069.250,1073.730,1066.270,1071.390,14194.40,1760723099999,15198385.95090,27086,8174.42,8753191.99170,0
1760723100000,1071.390,1076.480,1067.070,1075.230,13290.32,1760723999999,14265444.46740,28797,7123.35,7646685.47680,0
1760724000000,1075.230,1079.000,1074.490,1074.850,19703.97,1760724899999,21216698.36640,30234,10080.26,10854704.00310,0
1760724900000,1074.840,1081.160,1073.570,1077.530,13121.69,1760725799999,14140567.54950,22553,7382.92,7955751.02760,0
1760725800000,1077.530,1078.850,1073.300,1073.300,9884.23,1760726699999,10637832.32050,21096,4554.19,4901427.09560,0
1760726700000,1073.300,1074.980,1070.190,1072.080,7583.85,1760727599999,8128601.22200,16554,3925.11,4206895.08020,0
1760727600000,1072.080,1075.430,1071.270,1073.680,8140.16,1760728499999,8734124.33210,19974,3892.16,4176948.09320,0
1760728500000,1073.690,1075.120,1071.160,1072.400,6466.75,1760729399999,6940884.46190,15759,3108.75,3336779.05140,0
1760729400000,1072.400,1072.460,1064.130,1064.660,19125.77,1760730299999,20409607.99070,27660,6920.90,7383914.81480,0
1760730300000,1064.650,1067.770,1062.500,1066.380,10496.81,1760731199999,11175663.55610,20331,4721.85,5028348.06700,0
1760731200000,1066.390,1071.560,1063.920,1070.150,9051.29,1760732099999,9658708.50480,17851,4149.27,4429188.79850,0
1760732100000,1070.160,1077.000,1070.000,1076.250,9777.33,1760732999999,10500410.71970,19688,4713.00,5061340.03910,0
1760733000000,1076.280,1078.310,1074.430,1076.160,8171.43,1760733899999,8793219.13050,17303,4031.96,4338853.05880,0
1760733900000,1076.150,1078.810,1075.800,1077.550,5223.07,1760734799999,5628115.76830,12822,3074.17,3312716.11250,0
1760734800000,1077.590,1086.850,1076.130,1085.480,16316.33,1760735699999,17666753.43450,24939,8977.25,9718417.24790,0
1760735700000,1085.470,1089.300,1083.420,1088.600,14161.01,1760736599999,15381042.02660,17328,6597.95,7168254.42700,0
1760736600000,1088.600,1089.110,1085.250,1086.860,9520.32,1760737499999,10348814.08620,14023,4426.26,4811435.84170,0
1760737500000,1086.860,1088.980,1086.250,1087.790,4491.65,1760738399999,4884513.28910,9814,1965.06,2137109.45460,0
1760738400000,1087.800,1090.180,1080.870,1081.200,11428.92,1760739299999,12408741.90550,18745,4528.40,4919588.24260,0
1760739300000,1081.200,1083.720,1079.160,1080.660,8797.01,1760740199999,9511116.18290,14046,4314.27,4664298.76500,0
1760740200000,1080.660,1080.810,1075.130,1076.060,10388.09,1760741099999,11185770.29000,15412,4143.90,4461544.95800,0
1760741100000,1076.060,1078.270,1076.060,1076.400,5051.09,1760741999999,5440774.92880,9080,2301.89,2479384.94090,0
1760742000000,1076.400,1077.320,1071.210,1073.610,12007.69,1760742899999,12897620.96840,16169,4915.61,5278995.87460,0
1760742900000,1073.600,1075.500,1072.080,1073.160,5236.76,1760743799999,5623032.47840,10397,2789.41,2995779.70600,0
1760743800000,1073.150,1074.500,1069.360,1073.250,7579.42,1760744699999,8124270.58470,13190,3193.89,3424125.79680,0
1760744700000,1073.250,1073.890,1069.660,1070.300,6285.74,1760745599999,6734992.35460,11631,3150.95,3376522.92030,0
1760745600000,1070.300,1072.380,1068.430,1071.740,11723.62,1760746499999,12550526.91480,17419,7138.48,7642306.53850,0
1760746500000,1071.730,1078.110,1069.400,1078.090,11869.39,1760747399999,12755710.18330,17470,7226.52,7768287.04530,0
1760747400000,1078.090,1081.850,1073.820,1080.530,13027.43,1760748299999,14040950.15240,20890,6221.27,6706819.53480,0
1760748300000,1080.540,1080.820,1076.400,1078.020,9058.13,1760749199999,9772923.54850,15917,3955.87,4267604.79070,0
1760749200000,1078.030,1083.000,1078.030,1082.810,9010.49,1760750099999,9738728.96300,19197,5302.26,5730958.69670,0
1760750100000,1082.810,1089.380,1081.300,1088.740,12919.52,1760750999999,14030839.63230,22236,7097.32,7706859.12430,0
1760751000000,1088.740,1090.000,1085.500,1087.400,13138.79,1760751899999,14292304.92150,20724,6952.46,7563911.60460,0
1760751900000,1087.400,1087.800,1084.180,1086.420,7900.10,1760752799999,8578609.01220,15885,3565.37,3871800.11190,0
1760752800000,1086.430,1094.210,1086.250,1087.840,16985.06,1760753699999,18509824.48020,27794,9011.41,9821937.39070,0
1760753700000,1087.850,1092.280,1085.310,1091.400,10021.10,1760754599999,10910123.73430,19057,4936.83,5376805.48550,0
1760754600000,1091.400,1092.980,1087.160,1088.590,9624.17,1760755499999,10489995.77720,19227,3880.64,4230188.33390,0
1760755500000,1088.590,1088.870,1081.540,1083.450,16336.54,1760756399999,17710201.78280,22188,5702.58,6180958.68370,0
1760756400000,1083.450,1089.520,1083.300,1087.950,11241.90,1760757299999,12211699.67940,19790,6927.89,7525954.48700,0
1760757300000,1087.960,1090.650,1086.820,1090.100,7718.60,1760758199999,8408004.75890,15996,3761.35,4097227.65220,0
1760758200000,1090.100,1092.090,1088.450,1088.460,6558.13,1760759099999,7152502.62930,13308,2680.77,2923946.84960,0
1760759100000,1088.450,1090.990,1088.060,1089.470,5881.66,1760759999999,6409252.56800,13278,3262.40,3555223.27240,0
1760760000000,1089.460,1089.460,1084.000,1084.620,10235.91,1760760899999,11117805.65940,20464,3999.55,4343199.77270,0
1760760900000,1084.610,1087.310,1082.960,1086.570,9035.66,1760761799999,9800903.57560,14922,5218.43,5660772.61560,0
1760761800000,1086.580,1087.780,1083.180,1083.520,6593.33,1760762699999,7158348.24200,14376,3120.38,3387953.58800,0
1760762700000,1083.510,1084.710,1081.540,1082.140,6206.63,1760763599999,6720521.13240,12084,2804.30,3036829.06810,0
1760763600000,1082.140,1085.680,1082.130,1084.070,6065.08,1760764499999,6574246.78500,13426,3388.60,3673135.84830,0
1760764500000,1084.070,1085.460,1082.120,1082.470,5889.23,1760765399999,6384217.25540,13680,2655.78,2879715.88910,0
1760765400000,1082.460,1084.290,1079.010,1083.590,10667.43,1760766299999,11534420.67290,17665,4254.68,4601832.59300,0
1760766300000,1083.580,1087.840,1083.580,1087.170,7633.08,1760767199999,8292074.62710,14300,3823.89,4154290.31610,0
1760767200000,1087.180,1092.470,1087.170,1091.850,16080.24,1760768099999,17536148.82340,22008,9010.14,9826086.30910,0
1760768100000,1091.860,1099.880,1090.340,1098.590,26850.42,1760768999999,29422513.72830,31675,16547.34,18132270.96290,0
1760769000000,1098.590,1103.800,1094.640,1095.540,24652.74,1760769899999,27088395.45430,34224,14114.76,15510860.33080,0
1760769900000,1095.510,1109.510,1095.260,1107.350,32960.72,1760770799999,36408467.43320,39223,18563.29,20499560.56300,0
1760770800000,1107.350,1130.980,1107.010,1122.560,87993.18,1760771699999,98731269.51580,99077,46619.42,52285535.27690,0
1760771700000,1122.570,1123.330,1115.070,1119.110,40086.76,1760772599999,44837152.78790,50822,17790.48,19899141.34830,0
1760772600000,1119.100,1125.790,1115.270,1124.200,30002.21,1760773499999,33634815.62030,42460,13558.54,15202033.50490,0
1760773500000,1124.190,1130.080,1115.620,1118.030,40284.50,1760774399999,45274716.32680,54909,19137.14,21518476.68970,0
1760774400000,1118.020,1124.320,1116.680,1123.210,28270.99,1760775299999,31686743.90550,44873,15808.19,17716863.09360,0
1760775300000,1123.210,1123.210,1116.550,1116.660,15241.47,1760776199999,17060783.48800,26682,5668.20,6346740.50600,0
1760776200000,1116.650,1121.320,1116.240,1117.870,15891.20,1760777099999,17782030.96750,24071,7860.80,8797363.87970,0
1760777100000,1117.860,1117.870,1106.280,1106.790,32407.62,1760777999999,36016143.18480,40984,10806.16,12010383.33470,0
1760778000000,1106.800,1109.880,1103.000,1105.100,25233.86,1760778899999,27906900.61120,35891,12121.21,13408251.30490,0
1760778900000,1105.080,1112.270,1102.000,1109.980,23330.19,1760779799999,25852939.56040,31679,12999.42,14407021.11000,0
1760779800000,1109.980,1110.650,1105.360,1107.600,8187.15,1760780699999,9065268.66280,17304,3456.03,3827282.59610,0
1760780700000,1107.590,1110.250,1103.290,1108.090,18680.02,1760781599999,20676711.54900,24469,7310.07,8094312.58780,0
1760781600000,1108.090,1110.500,1105.410,1107.260,15613.92,1760782499999,17303215.84020,23431,9806.50,10869107.57110,0
1760782500000,1107.250,1108.960,1105.200,1108.470,5596.58,1760783399999,6197412.99210,16188,2730.14,3023339.84640,0
1760783400000,1108.470,1114.010,1108.210,1111.830,18105.95,1760784299999,20126782.64410,27546,9797.05,10891510.10460,0
1760784300000,1111.830,1111.830,1100.210,1103.100,17328.31,1760785199999,19152107.35930,27231,6930.80,7656607.82040,0
1760785200000,1103.110,1104.580,1101.420,1104.310,7191.62,1760786099999,7932239.98080,18134,3559.89,3927124.11840,0
1760786100000,1104.310,1105.230,1095.450,1097.810,26139.33,1760786999999,28734886.19420,31978,8883.45,9764342.89250,0
1760787000000,1097.810,1101.450,1095.010,1101.450,14021.62,1760787899999,15396326.86800,22428,6658.39,7313615.57760,0
1760787900000,1101.460,1103.380,1100.100,1102.760,12709.25,1760788799999,14002552.76420,18694,6091.20,6711569.56860,0
1760788800000,1102.760,1103.000,1098.490,1101.190,9491.57,1760789699999,10446429.38700,20411,4475.85,4926689.10460,0
1760789700000,1101.190,1104.880,1097.720,1099.810,17220.36,1760790599999,18969167.28850,24719,8093.31,8912871.46920,0
1760790600000,1099.810,1100.480,1095.720,1098.890,12125.00,1760791499999,13307371.58070,18766,3895.64,4275932.95700,0
1760791500000,1098.920,1100.820,1097.040,1100.260,8216.52,1760792399999,9028626.27120,15725,4266.05,4688372.88970,0
1760792400000,1100.260,1100.290,1093.160,1095.730,20449.17,1760793299999,22404264.86920,28099,7546.64,8267200.98710,0
1760793300000,1095.720,1095.840,1090.970,1092.930,15918.99,1760794199999,17401807.77660,24212,6331.52,6920843.46200,0
1760794200000,1092.930,1092.930,1084.770,1089.000,34318.87,1760795099999,37347597.43720,37027,9529.09,10368695.96630,0
1760795100000,1089.000,1090.140,1085.560,1086.130,15623.75,1760795999999,16990804.78600,24067,7955.33,8652715.72680,0
1760796000000,1086.120,1089.470,1082.170,1084.350,21064.03,1760796899999,22848246.14330,32851,8766.92,9511947.75910,0
1760796900000,1084.360,1089.940,1083.880,1089.660,11074.39,1760797799999,12038045.87680,21304,6429.35,6989603.50300,0
1760797800000,1089.660,1096.520,1089.550,1093.540,24021.81,1760798699999,26270078.56850,30701,14366.57,15710654.36260,0
1760798700000,1093.550,1096.810,1091.080,1092.970,15438.62,1760799599999,16889549.74610,21758,5230.56,5722800.78080,0
1760799600000,1092.980,1095.260,1091.050,1092.280,8591.93,1760800499999,9394319.84640,19624,4275.96,4675348.40460,0
1760800500000,1092.290,1094.330,1090.730,1090.950,6268.36,1760801399999,6845992.79320,14780,2781.40,3037626.34180,0
1760801400000,1090.940,1092.000,1085.690,1091.530,17480.82,1760802299999,19037128.92860,24825,7677.10,8363356.00520,0
1760802300000,1091.530,1093.050,1090.270,1090.700,5486.70,1760803199999,5990351.74000,13028,2703.21,2951397.51320,0
1760803200000,1090.710,1094.420,1088.040,1088.730,8480.86,1760804099999,9248978.34930,18382,4365.55,4761644.17360,0
1760804100000,1088.730,1089.350,1083.240,1085.090,12875.33,1760804999999,13978291.94620,20900,5493.61,5964102.12030,0
1760805000000,1085.100,1085.280,1080.800,1083.740,13457.18,1760805899999,14571385.20700,25034,5399.07,5846796.25310,0
1760805900000,1083.750,1089.520,1083.560,1088.940,11622.60,1760806799999,12632296.50340,19481,6494.63,7058648.18570,0
1760806800000,1088.950,1089.720,1085.970,1089.710,11424.81,1760807699999,12425417.74900,18220,4558.18,4958353.45820,0
1760807700000,1089.700,1096.750,1089.350,1094.400,13178.92,1760808599999,14407181.17190,23067,7686.88,8404212.67030,0
1760808600000,1094.410,1095.460,1090.410,1090.470,9404.48,1760809499999,10280453.80520,17072,4388.77,4798198.58880,0
1760809500000,1090.460,1097.310,1090.460,1096.110,5972.50,1760810399999,6532565.75210,12661,4075.97,4458611.65720,0
1760810400000,1096.120,1097.410,1092.500,1093.460,7195.96,1760811299999,7878658.59450,14762,3264.14,3574365.04350,0
1760811300000,1093.470,1095.560,1093.470,1095.240,3861.04,1760812199999,4226369.73170,10002,2348.40,2570628.27930,0
1760812200000,1095.240,1096.640,1094.500,1095.230,2721.67,1760813099999,2981373.05950,9000,1444.34,1582160.13920,0
1760813100000,1095.220,1098.450,1094.490,1098.210,6064.58,1760813999999,6648615.50470,11043,3991.99,4377310.25390,0
1760814000000,1098.200,1099.330,1095.210,1095.690,6486.99,1760814899999,7116717.90000,13082,3355.31,3681076.13040,0
1760814900000,1095.690,1101.070,1095.000,1100.440,7235.56,1760815799999,7950457.83460,14805,4589.19,5043652.89020,0
1760815800000,1100.450,1100.760,1098.710,1100.540,5449.81,1760816699999,5993942.52300,11537,2879.02,3166758.18150,0
1760816700000,1100.550,1103.160,1100.210,1102.350,6485.04,1760817599999,7146417.99680,12413,3886.15,4282510.46000,0
1760817600000,1102.340,1104.360,1099.730,1100.440,7355.41,1760818499999,8104479.42130,14822,3681.64,4057523.65560,0
1760818500000,1100.440,1104.490,1099.620,1104.400,4067.18,1760819399999,4484391.16550,10524,2322.08,2560775.54680,0
1760819400000,1104.390,1104.790,1100.560,1101.500,4724.12,1760820299999,5208874.86070,11674,2148.52,2368521.61130,0
1760820300000,1101.510,1103.660,1097.950,1098.410,4677.01,1760821199999,5145264.48850,11919,1743.99,1919055.97550,0
1760821200000,1098.400,1100.650,1090.810,1092.990,12832.79,1760822099999,14046624.74840,21736,4816.59,5272819.62040,0
1760822100000,1092.980,1094.460,1083.700,1093.450,24087.38,1760822999999,26223016.95740,27954,10783.88,11746886.83180,0
1760823000000,1093.450,1095.190,1092.240,1093.200,4919.68,1760823899999,5380351.39170,9215,2380.38,2603489.26800,0
1760823900000,1093.200,1094.160,1091.900,1093.230,2479.10,1760824799999,2709213.25870,5944,1247.63,1363399.19050,0
1760824800000,1093.220,1093.570,1090.290,1091.920,5223.59,1760825699999,5702006.37540,10840,2908.32,3174234.30040,0
1760825700000,1091.910,1098.460,1091.700,1095.740,6710.43,1760826599999,7351688.47470,11099,4698.17,5148279.12490,0
1760826600000,1095.750,1095.750,1092.890,1093.420,3266.32,1760827499999,3574075.77510,9035,1235.09,1351460.46630,0
1760827500000,1093.410,1093.410,1091.110,1092.300,3303.44,1760828399999,3607566.95360,7947,1411.21,1541135.22720,0
1760828400000,1092.300,1092.760,1089.460,1092.000,5270.29,1760829299999,5750129.10370,11056,2199.24,2399652.20700,0
1760829300000,1092.010,1094.170,1089.550,1093.790,3109.26,1760830199999,3394354.81060,9641,1877.47,2049709.53910,0
1760830200000,1093.780,1094.190,1092.000,1092.450,2467.50,1760831099999,2697588.15030,7449,1109.57,1212986.78500,0
1760831100000,1092.450,1093.110,1091.290,1092.000,2121.64,1760831999999,2317273.14790,6059,990.39,1081594.69410,0
1760832000000,1092.000,1093.760,1087.280,1088.120,7325.73,1760832899999,7986679.60080,15805,3440.84,3751796.38820,0
1760832900000,1088.110,1090.070,1087.300,1087.910,5021.30,1760833799999,5466650.01520,12365,2372.67,2583294.35910,0
1760833800000,1087.900,1088.380,1080.270,1081.690,16312.22,1760834699999,17680708.88850,21161,5313.07,5762472.02210,0
1760834700000,1081.690,1082.210,1075.610,1081.060,16786.79,1760835599999,18113974.33540,23366,6627.91,7154603.72050,0
1760835600000,1081.050,1081.200,1076.710,1079.360,8380.41,1760836499999,9040204.52310,16787,3665.94,3954891.66400,0
1760836500000,1079.350,1084.290,1079.000,1083.320,7218.37,1760837399999,7811999.98430,15012,4178.17,4521827.42590,0
1760837400000,1083.320,1084.460,1080.900,1084.200,5697.97,1760838299999,6170332.20440,12090,3057.86,3311653.92360,0
1760838300000,1084.200,1085.000,1082.270,1083.000,4784.10,1760839199999,5184878.50280,10672,2584.37,2801230.65630,0
1760839200000,1083.000,1083.260,1080.080,1080.680,5342.87,1760840099999,5779730.69870,13485,2679.75,2899009.61650,0
1760840100000,1080.670,1084.130,1080.370,1082.900,5987.63,1760840999999,6482756.74050,12969,3430.44,3713994.97080,0
1760841000000,1082.900,1084.000,1080.550,1082.260,3823.80,1760841899999,4137020.42470,10680,2132.76,2307404.73930,0
1760841900000,1082.250,1084.290,1080.670,1084.000,4516.37,1760842799999,4891950.16770,10702,2044.14,2213977.74880,0
1760842800000,1084.010,1084.680,1082.570,1083.150,3662.83,1760843699999,3969014.40080,10612,2007.51,2175464.26220,0
1760843700000,1083.140,1089.100,1083.140,1087.820,12877.22,1760844599999,13998588.85450,20325,6433.68,6992956.97840,0
1760844600000,1087.820,1092.760,1087.520,1091.930,12642.11,1760845499999,13787848.33620,20473,7830.42,8541194.13980,0
1760845500000,1091.940,1093.800,1089.220,1091.270,9555.37,1760846399999,10429779.28230,17306,4267.20,4658105.97650,0
1760846400000,1091.270,1091.670,1085.490,1086.640,7736.92,1760847299999,8416835.97640,17666,3253.47,3539526.54050,0
1760847300000,1086.630,1089.210,1085.500,1088.240,4461.33,1760848199999,4851432.42240,10469,2895.10,3148243.60520,0
1760848200000,1088.200,1089.840,1087.690,1089.080,4971.96,1760849099999,5413402.61820,10928,2545.65,2771794.48780,0
1760849100000,1089.080,1090.500,1087.770,1090.440,5446.50,1760849999999,5931882.67070,9818,2261.51,2462968.01730,0
1760850000000,1090.430,1094.410,1089.920,1093.070,7486.86,1760850899999,8176624.78090,15495,4561.37,4981774.98620,0
1760850900000,1093.070,1096.930,1092.060,1093.770,12290.67,1760851799999,13458185.40160,20891,7057.73,7728461.30090,0
1760851800000,1093.780,1095.000,1091.000,1091.840,6125.68,1760852699999,6693823.70000,11743,2347.86,2566162.28060,0
1760852700000,1091.830,1091.830,1087.000,1089.880,11793.19,1760853599999,12842648.49310,15766,4698.93,5116470.46530,0
1760853600000,1089.880,1092.690,1088.170,1088.600,6827.86,1760854499999,7445872.96930,13235,3509.83,3828129.08010,0
1760854500000,1088.600,1089.500,1087.220,1088.780,4296.83,1760855399999,4676383.44170,9383,1909.79,2078590.60940,0
1760855400000,1088.780,1089.070,1082.490,1084.210,12579.48,1760856299999,13646135.03860,18169,4042.08,4384869.34780,0
1760856300000,1084.220,1085.340,1083.030,1085.120,6942.55,1760857199999,7526914.00020,11491,4124.14,4471553.28670,0
1760857200000,1085.120,1087.410,1084.170,1086.330,5141.00,1760858099999,5581985.51610,11638,2742.28,2977540.49610,0
1760858100000,1086.320,1089.250,1083.330,1083.640,8233.33,1760858999999,8944907.86440,13713,3058.14,3323426.26710,0
1760859000000,1083.640,1086.140,1081.680,1082.450,8024.84,1760859899999,8696124.58870,13619,3634.84,3939807.01990,0
1760859900000,1082.450,1084.600,1081.670,1083.920,3350.93,1760860799999,3630046.04060,9218,1746.11,1891495.62960,0
1760860800000,1083.920,1086.620,1083.430,1084.530,5426.66,1760861699999,5888765.86080,12290,2582.92,2803083.39960,0
1760861700000,1084.530,1093.240,1075.440,1083.120,45589.46,1760862599999,49476001.15360,55337,21016.51,22813368.29060,0
1760862600000,1083.120,1083.120,1075.380,1077.250,16918.48,1760863499999,18253922.81570,29325,7657.53,8263374.18150,0
1760863500000,1077.270,1079.140,1073.370,1076.230,16500.38,1760864399999,17756608.06970,29638,7925.64,8531366.96440,0
1760864400000,1076.230,1076.360,1067.700,1070.390,38891.12,1760865299999,41652326.44670,44598,15502.92,16610281.47730,0
1760865300000,1070.390,1074.890,1068.800,1069.440,17973.04,1760866199999,19276114.88300,28709,9262.00,9935195.21190,0
1760866200000,1069.440,1086.590,1069.070,1085.130,33996.85,1760867099999,36682837.69110,42489,18654.61,20120779.06410,0
1760867100000,1085.110,1096.280,1083.430,1091.290,56061.97,1760867999999,61198619.91510,68155,29238.23,31920645.56740,0
1760868000000,1091.290,1096.360,1085.840,1090.510,21474.21,1760868899999,23415761.22350,35831,10412.55,11356425.66750,0
1760868900000,1090.450,1104.380,1088.090,1101.580,31257.16,1760869799999,34327200.37150,41705,18423.26,20228264.33440,0
1760869800000,1101.590,1102.410,1095.390,1098.080,20041.30,1760870699999,22014249.16820,33032,8189.87,8996233.52930,0
1760870700000,1098.090,1101.240,1094.300,1100.320,14783.50,1760871599999,16224048.94490,24708,6928.90,7605708.84330,0
1760871600000,1100.310,1109.000,1100.010,1107.310,36514.28,1760872499999,40369083.23630,44426,19846.02,21942020.97030,0
1760872500000,1107.320,1109.650,1100.120,1101.070,24653.99,1760873399999,27238838.56000,33243,10055.67,11113937.16800,0
1760873400000,1101.070,1104.110,1099.200,1099.660,13194.23,1760874299999,14532099.30460,19983,5294.13,5831925.32590,0
1760874300000,1099.670,1100.400,1095.940,1099.880,16662.20,1760875199999,18300126.31000,23035,7543.60,8287240.23160,0
1760875200000,1099.880,1102.820,1093.500,1095.330,20901.33,1760876099999,22953963.00820,29479,8261.43,9077595.74490,0
1760876100000,1095.330,1095.600,1092.100,1094.140,18055.12,1760876999999,19749110.30960,23358,8600.96,9407871.72840,0
1760877000000,1094.130,1098.470,1093.240,1095.390,8231.85,1760877899999,9024992.08970,17688,4557.23,4996640.68700,0
1760877900000,1095.380,1097.540,1094.220,1096.750,6349.93,1760878799999,6958900.90470,14316,3425.17,3754038.67600,0
1760878800000,1096.760,1098.110,1091.450,1093.250,11660.72,1760879699999,12761191.23050,21356,5574.35,6101421.51290,0
1760879700000,1093.260,1095.240,1092.040,1094.510,9635.10,1760880599999,10538559.06780,16914,5683.27,6216538.71300,0
1760880600000,1094.500,1102.670,1094.330,1101.190,14925.48,1760881499999,16403779.42020,24618,8417.13,9249573.23250,0
1760881500000,1101.190,1115.270,1101.190,1112.400,37769.71,1760882399999,41898563.87850,44996,20868.29,23146818.96980,0
1760882400000,1112.430,1114.980,1103.860,1109.650,32122.37,1760883299999,35634532.63030,49912,14436.60,16018509.39380,0
1760883300000,1109.650,1120.380,1107.400,1117.710,34990.99,1760884199999,39041047.43430,43550,19846.43,22147771.84550,0
1760884200000,1117.700,1118.080,1112.370,1115.950,22895.34,1760885099999,25538193.83460,34291,9870.58,11011831.50200,0
1760885100000,1115.950,1120.950,1114.650,1119.280,15042.20,1760885999999,16823612.68810,24023,7839.12,8767144.22560,0
1760886000000,1119.270,1120.820,1116.810,1117.720,20696.38,1760886899999,23143543.73240,29407,10984.91,12283232.24490,0
1760886900000,1117.720,1121.980,1116.030,1119.990,16974.05,1760887799999,19005048.59690,24717,7604.10,8514532.94450,0
1760887800000,1120.000,1121.660,1114.300,1114.880,17846.51,1760888699999,19947963.61410,24935,7310.64,8176089.40850,0
1760888700000,1114.880,1118.460,1114.880,1117.950,7314.19,1760889599999,8168651.42490,14602,3828.69,4275794.61010,0
1760889600000,1117.960,1120.070,1116.690,1117.440,10172.81,1760890499999,11376360.52550,21051,5123.65,5729881.31000,0
1760890500000,1117.430,1122.400,1116.470,1120.110,10600.50,1760891399999,11870697.29820,18795,5790.05,6484916.81400,0
1760891400000,1120.110,1128.230,1116.920,1127.330,18173.00,1760892299999,20408890.23140,26412,11102.54,12473500.12400,0
1760892300000,1127.320,1127.750,1121.000,1121.840,16212.99,1760893199999,18222225.72130,26024,7137.05,8022163.74580,0
1760893200000,1121.840,1130.680,1121.410,1127.990,28550.27,1760894099999,32189975.93930,34538,15323.66,17271565.07620,0
1760894100000,1127.990,1133.000,1125.600,1126.060,21539.77,1760894999999,24322614.44790,31834,9739.00,10999293.28440,0
1760895000000,1126.050,1128.430,1124.090,1124.670,9325.92,1760895899999,10501398.02140,18015,4327.13,4872562.27460,0
1760895900000,1124.680,1124.920,1119.250,1120.940,13364.30,1760896799999,14989684.31930,19396,5518.11,6189094.65460,0
1760896800000,1120.960,1122.890,1118.920,1120.960,8324.22,1760897699999,9325643.75410,16752,4173.70,4676450.78990,0
1760897700000,1120.960,1124.340,1120.230,1122.980,7708.03,1760898599999,8652361.02990,13461,3729.17,4185751.51680,0
1760898600000,1122.980,1125.280,1122.090,1124.930,6987.60,1760899499999,7853143.49000,12523,4192.11,4712427.46650,0
1760899500000,1124.930,1126.260,1121.620,1122.070,6328.05,1760900399999,7110028.95690,12619,2280.30,2562729.87100,0
1760900400000,1122.080,1122.600,1115.700,1117.740,13143.60,1760901299999,14703215.13350,21053,4851.01,5427979.94970,0
1760901300000,1117.730,1119.120,1116.320,1116.690,5113.22,1760902199999,5714204.88280,11485,2643.03,2954087.19100,0
1760902200000,1116.710,1117.280,1114.500,1116.740,7773.60,1760903099999,8673881.32440,13034,2904.28,3241776.36410,0
1760903100000,1116.740,1117.090,1114.340,1116.190,4923.80,1760903999999,5493691.56190,9875,2376.07,2651265.47050,0
1760904000000,1116.190,1118.350,1115.280,1115.890,5124.43,1760904899999,5722757.43980,10279,2373.75,2651310.92560,0
1760904900000,1115.890,1116.830,1114.980,1116.590,3504.58,1760905799999,3911200.72390,6995,1614.72,1802065.09300,0
1760905800000,1116.590,1118.690,1116.320,1118.350,2758.16,1760906699999,3082062.11860,7579,1662.15,1857386.50850,0
1760906700000,1118.350,1119.570,1116.670,1119.020,3306.99,1760907599999,3697909.95860,9403,1801.30,2014370.34720,0
1760907600000,1119.020,1120.180,1114.390,1116.170,6411.90,1760908499999,7164725.99580,11837,2796.54,3125044.13370,0
1760908500000,1116.170,1116.490,1111.930,1112.820,8111.12,1760909399999,9031536.84910,11721,2555.21,2845168.64430,0
1760909400000,1112.830,1115.000,1112.400,1115.000,3502.66,1760910299999,3901013.29970,6480,1664.80,1854178.50140,0
1760910300000,1115.000,1115.430,1113.320,1115.290,1706.65,1760911199999,1902231.56350,5082,836.67,932520.84610,0
1760911200000,1115.300,1119.220,1115.300,1118.040,4570.31,1760912099999,5106467.51230,13791,2522.02,2817642.26660,0
1760912100000,1118.010,1120.240,1117.110,1119.370,4463.40,1760912999999,4993943.71450,11449,2461.27,2754037.19950,0
1760913000000,1119.370,1121.280,1118.700,1120.830,4397.67,1760913899999,4925873.55730,9063,2553.76,2860433.95520,0
1760913900000,1120.820,1120.880,1117.740,1118.310,5465.33,1760914799999,6116233.38530,9995,2162.92,2420879.24270,0
1760914800000,1118.300,1118.340,1114.390,1114.910,6589.48,1760915699999,7351459.50490,11762,2440.96,2723195.25720,0
1760915700000,1114.900,1115.240,1111.320,1112.650,7803.26,1760916599999,8683814.53670,12406,3223.87,3588033.02850,0
1760916600000,1112.640,1112.880,1107.350,1107.980,13078.12,1760917499999,14509126.22640,16903,3937.62,4367765.43910,0
1760917500000,1107.970,1109.220,1106.700,1109.080,6239.81,1760918399999,6914711.12500,10891,3610.28,4001180.67410,0
1760918400000,1109.070,1109.140,1101.850,1105.000,19270.26,1760919299999,21289291.75780,27897,8470.85,9358028.38800,0
1760919300000,1105.000,1105.000,1092.000,1094.300,31356.35,1760920199999,34376247.66870,42313,10814.51,11856962.32030,0
1760920200000,1094.290,1097.320,1086.870,1095.650,27386.50,1760921099999,29914671.60740,40195,13660.31,14932740.49130,0
1760921100000,1095.640,1100.910,1094.760,1100.550,11648.78,1760921999999,12791568.06360,22955,7576.25,8321441.42870,0
1760922000000,1100.550,1103.690,1097.330,1101.350,15061.93,1760922899999,16583457.66550,25520,9058.90,9977278.91170,0
1760922900000,1101.340,1103.570,1099.430,1101.300,7484.26,1760923799999,8244009.05480,17559,3943.01,4344266.00310,0
1760923800000,1101.290,1104.570,1099.060,1101.510,5505.15,1760924699999,6064075.29290,15321,2618.30,2884848.29460,0
1760924700000,1101.510,1104.460,1100.210,1103.240,5952.99,1760925599999,6563874.47950,15778,3480.93,3838393.46890,0
1760925600000,1103.240,1103.240,1095.640,1098.160,9866.26,1760926499999,10843110.81100,21267,4212.97,4630758.33320,0
1760926500000,1098.150,1105.390,1096.370,1104.030,9130.54,1760927399999,10069261.78910,20174,5241.51,5781572.53470,0
1760927400000,1104.030,1110.980,1102.130,1109.200,18191.20,1760928299999,20154689.11380,27938,11415.40,12649994.09810,0
1760928300000,1109.190,1111.290,1107.600,1109.100,11616.86,1760929199999,12890846.22950,19088,5748.98,6380760.81930,0
1760929200000,1109.100,1109.450,1106.000,1109.000,5572.72,1760930099999,6172912.76730,13602,2546.57,2821117.90670,0
1760930100000,1108.990,1113.500,1108.410,1110.370,11154.47,1760930999999,12398334.02620,20264,6167.06,6856534.67920,0
1760931000000,1110.390,1115.790,1108.000,1113.200,9770.62,1760931899999,10862977.60330,18697,4743.90,5278119.12130,0
1760931900000,1113.200,1130.420,1112.000,1127.940,44151.87,1760932799999,49634027.40960,54680,24110.91,27097122.35120,0
1760932800000,1127.940,1131.830,1126.050,1129.550,23886.62,1760933699999,26955424.22000,38816,11573.42,13061370.02710,0
1760933700000,1129.550,1130.800,1123.770,1124.990,15666.45,1760934599999,17637228.80420,26396,6024.56,6782239.93650,0
1760934600000,1124.980,1127.930,1122.660,1124.060,16327.78,1760935499999,18361197.42380,25998,6386.32,7182731.79520,0
1760935500000,1124.060,1127.570,1123.340,1126.910,7735.06,1760936399999,8706522.49970,15085,4487.83,5052207.76400,0
1760936400000,1126.920,1127.810,1122.500,1127.230,9090.02,1760937299999,10221817.92600,19728,4746.98,5338468.64230,0
1760937300000,1127.230,1129.500,1125.610,1127.600,10320.96,1760938199999,11637538.60990,20457,4911.52,5538247.23350,0
1760938200000,1127.590,1132.000,1127.170,1129.260,13350.82,1760939099999,15084238.56660,20707,7394.58,8354204.26460,0
1760939100000,1129.270,1133.870,1128.510,1132.420,15713.74,1760939999999,17783836.10970,21696,7421.47,8398572.44360,0
1760940000000,1132.440,1136.930,1130.770,1136.060,19716.71,1760940899999,22353418.91270,31153,10487.37,11892426.95770,0
1760940900000,1136.060,1142.740,1133.660,1134.360,38996.96,1760941799999,44412799.27030,44609,17538.72,19983989.69920,0
1760941800000,1134.350,1137.070,1132.520,1135.070,18574.33,1760942699999,21077828.58860,27798,9482.05,10761911.65390,0
1760942700000,1135.070,1136.500,1131.200,1132.120,12750.31,1760943599999,14448572.60400,21622,5967.15,6764066.18710,0
1760943600000,1132.110,1132.110,1126.020,1129.090,21134.70,1760944499999,23844816.49950,29785,7846.59,8851001.29840,0
1760944500000,1129.080,1134.090,1127.860,1131.550,13380.72,1760945399999,15129105.56560,20610,7730.89,8741056.01280,0
1760945400000,1131.540,1131.840,1125.240,1127.150,14774.85,1760946299999,16663016.50890,24971,6149.81,6934737.76870,0
1760946300000,1127.160,1127.330,1120.110,1124.130,21835.62,1760947199999,24534068.02600,27304,8642.02,9711645.77140,0
1760947200000,1124.130,1124.480,1120.300,1123.340,10329.15,1760948099999,11589672.55110,19569,4154.36,4661636.16140,0
1760948100000,1123.310,1124.160,1118.370,1122.880,14736.36,1760948999999,16518486.88710,20428,6531.00,7322901.06870,0
1760949000000,1122.880,1129.200,1121.770,1123.720,21757.61,1760949899999,24486046.00100,28536,11843.40,13332111.64670,0
1760949900000,1123.730,1126.060,1120.200,1121.280,10212.86,1760950799999,11463802.06230,16938,5102.93,5728997.09510,0
1760950800000,1121.280,1121.800,1117.070,1120.900,13295.26,1760951699999,14886737.13670,22584,6388.18,7154512.73070,0
1760951700000,1120.900,1121.460,1116.070,1119.070,15938.63,1760952599999,17819143.59500,25440,8289.09,9267650.87380,0
1760952600000,1119.060,1120.580,1117.780,1120.040,6435.75,1760953499999,7204031.80610,16176,3160.02,3537491.56600,0
1760953500000,1120.040,1122.580,1117.630,1121.770,9493.74,1760954399999,10633135.76480,16748,5383.83,6030828.08410,0
1760954400000,1121.780,1125.810,1121.480,1125.360,15496.72,1760955299999,17418616.99020,24457,9017.27,10135557.23540,0
1760955300000,1125.370,1128.320,1124.010,1124.900,12795.73,1760956199999,14413305.96450,20833,5734.57,6459957.88800,0
1760956200000,1124.890,1127.610,1117.990,1118.670,23459.29,1760957099999,26321389.53660,27195,10062.39,11289770.92520,0
1760957100000,1118.670,1119.210,1112.360,1113.940,25408.44,1760957999999,28326015.93870,34326,9228.30,10289279.33540,0
1760958000000,1113.940,1115.020,1109.500,1110.700,18760.84,1760958899999,20849278.89730,29735,7114.47,7907421.92510,0
1760958900000,1110.690,1114.990,1110.440,1113.790,10714.25,1760959799999,11924964.26440,20413,6546.69,7286699.65710,0
1760959800000,1113.780,1113.790,1110.070,1112.020,9320.98,1760960699999,10362823.37860,16942,4985.67,5542972.74950,0
1760960700000,1112.030,1115.960,1111.710,1114.510,12746.79,1760961599999,14205065.72830,18683,6312.98,7034808.67310,0
1760961600000,1114.500,1114.500,1110.740,1111.030,11684.72,1760962499999,12998442.54360,18431,6732.85,7490444.32080,0
1760962500000,1111.030,1115.420,1110.540,1115.130,11129.58,1760963399999,12394043.02840,18328,6118.12,6811758.90570,0
1760963400000,1115.130,1116.310,1112.600,1113.430,10465.66,1760964299999,11668532.84680,19835,5161.45,5754919.34870,0
1760964300000,1113.440,1115.180,1110.710,1113.540,10740.48,1760965199999,11950751.21050,17042,4590.29,5107507.14730,0
1760965200000,1113.550,1114.640,1106.330,1106.330,14750.83,1760966099999,16381267.05130,23458,5482.54,6090798.06340,0
1760966100000,1106.340,1110.400,1105.610,1110.060,13192.43,1760966999999,14619209.06910,21856,7718.11,8552922.06760,0
1760967000000,1110.070,1113.320,1108.370,1111.050,19108.49,1760967899999,21234838.38230,30736,9397.53,10444106.14570,0
1760967900000,1111.060,1113.350,1108.690,1110.030,13177.91,1760968799999,14639085.54480,26290,7564.63,8403253.13280,0
1760968800000,1110.040,1111.160,1104.810,1106.050,20020.88,1760969699999,22163618.32670,33786,10082.66,11162227.55100,0
1760969700000,1106.050,1108.650,1098.320,1107.930,40757.83,1760970599999,44936204.44340,46812,20721.55,22861705.56150,0
1760970600000,1107.920,1108.050,1103.660,1105.440,11372.17,1760971499999,12573242.49780,22619,6017.77,6652962.04510,0
1760971500000,1105.430,1107.450,1105.080,1105.450,8363.15,1760972399999,9250684.82080,16456,4103.76,4539314.43910,0
1760972400000,1105.450,1111.900,1104.570,1106.710,26030.44,1760973299999,28866882.92530,31470,12857.92,14259004.26530,0
1760973300000,1106.710,1111.650,1104.880,1110.350,16516.32,1760974199999,18312440.20530,27390,9180.86,10180086.67690,0
1760974200000,1110.350,1114.000,1109.390,1113.560,11625.62,1760975099999,12923630.60710,23553,6113.43,6796131.33210,0
1760975100000,1113.560,1116.570,1109.460,1109.880,29824.72,1760975999999,33207327.01570,34204,13173.94,14667430.78290,0
1760976000000,1109.880,1110.020,1087.000,1098.580,89067.46,1760976899999,97739797.53550,85367,41054.54,45054660.81060,0
1760976900000,1098.570,1101.000,1095.150,1097.220,18944.23,1760977799999,20798401.96130,35600,8635.84,9482380.82650,0
1760977800000,1097.210,1097.510,1090.390,1092.700,36955.87,1760978699999,40399616.81380,47094,14720.54,16093220.45900,0
1760978700000,1092.700,1095.510,1088.290,1093.380,28908.90,1760979599999,31529864.68870,39629,13888.50,15148004.33590,0
1760979600000,1093.370,1100.320,1091.780,1092.580,18909.44,1760980499999,20716926.78830,32051,8982.62,9840891.69830,0
1760980500000,1092.580,1094.620,1089.570,1090.990,7724.82,1760981399999,8437160.37480,19089,3755.16,4101925.98210,0
1760981400000,1090.990,1092.150,1087.330,1088.910,12208.48,1760982299999,13299406.73730,21925,5571.75,6070796.38560,0
1760982300000,1088.910,1096.800,1088.910,1094.030,11629.73,1760983199999,12721675.91420,22235,6828.39,7468355.56100,0
1760983200000,1094.030,1097.000,1093.480,1094.930,6042.82,1760984099999,6617893.56820,16429,3092.19,3386573.02390,0
1760984100000,1094.920,1095.350,1092.530,1094.370,6470.22,1760984999999,7077556.01350,14751,3254.35,3559682.59720,0
1760985000000,1094.360,1095.540,1092.560,1094.990,5484.38,1760985899999,6000313.21350,12886,3112.87,3405942.65060,0
1760985900000,1094.990,1099.290,1094.980,1097.900,7679.88,1760986799999,8430526.39640,15073,3971.55,4359863.69660,0
1760986800000,1097.900,1098.990,1094.440,1096.060,5054.36,1760987699999,5543159.33750,13761,2556.65,2804158.95150,0
1760987700000,1096.050,1098.190,1093.880,1097.630,2997.87,1760988599999,3284935.72090,10404,1583.46,1735177.93570,0
1760988600000,1097.640,1100.870,1096.120,1099.450,9715.03,1760989499999,10674481.66980,15473,6659.52,7318703.89690,0
1760989500000,1099.450,1103.320,1099.350,1100.300,11032.48,1760990399999,12148335.29160,17734,6324.65,6965192.47220,0
1760990400000,1100.300,1102.660,1097.750,1100.740,5233.39,1760991299999,5757047.87040,15413,2839.62,3123831.40000,0
1760991300000,1100.730,1101.230,1098.840,1099.470,4834.16,1760992199999,5317142.94720,11912,2238.87,2462614.63090,0
1760992200000,1099.480,1100.610,1097.590,1100.320,2839.77,1760993099999,3121151.66830,8483,1264.81,1390078.00660,0
1760993100000,1100.330,1101.540,1098.750,1101.440,2645.68,1760993999999,2910525.93200,9127,1372.63,1510030.98690,0
1760994000000,1101.430,1104.190,1099.800,1100.290,5469.54,1760994899999,6028446.39040,13578,2928.36,3227809.16660,0
1760994900000,1100.280,1100.680,1097.970,1099.330,3748.61,1760995799999,4120609.96270,9225,1690.12,1857890.06890,0
1760995800000,1099.340,1099.970,1094.710,1095.400,4974.61,1760996699999,5456914.65340,10143,1809.24,1984362.42580,0
1760996700000,1095.410,1096.350,1093.200,1094.750,3710.09,1760997599999,4060530.43170,10061,1831.90,2004953.18720,0
1760997600000,1094.760,1096.160,1091.850,1096.130,5461.95,1760998499999,5976383.38600,15370,3025.63,3311298.98990,0
1760998500000,1096.140,1098.900,1096.140,1098.330,4498.48,1760999399999,4938980.89760,10860,2490.69,2734425.47280,0
1760999400000,1098.320,1101.130,1098.000,1101.090,3475.41,1761000299999,3822979.73090,9574,2359.72,2595734.77050,0
1761000300000,1101.090,1101.530,1098.830,1099.650,4900.66,1761001199999,5391041.67230,9220,2329.05,2562130.90500,0
1761001200000,1099.650,1100.330,1096.030,1096.950,5549.41,1761002099999,6092652.52700,11297,1990.29,2185201.77670,0
1761002100000,1096.940,1101.340,1096.560,1101.270,4061.78,1761002999999,4464583.86020,9429,2278.16,2503547.30380,0
1761003000000,1101.280,1101.500,1099.520,1099.710,4258.39,1761003899999,4686007.91620,9853,2039.13,2243666.37020,0
1761003900000,1099.720,1102.190,1099.050,1099.720,6235.69,1761004799999,6861235.85270,10926,2696.73,2967675.60070,0
1761004800000,1099.730,1100.060,1096.040,1096.530,7937.72,1761005699999,8712037.08320,15191,3438.24,3773872.48320,0
1761005700000,1096.520,1099.770,1096.520,1099.720,4740.20,1761006599999,5205489.28310,11927,2380.56,2614328.68030,0
1761006600000,1099.730,1101.760,1097.510,1100.490,4116.11,1761007499999,4527694.99530,12242,2354.46,2589694.54110,0
1761007500000,1100.500,1100.730,1098.000,1098.180,3215.56,1761008399999,3534398.57870,8077,1433.10,1575306.37960,0
1761008400000,1098.190,1099.170,1094.340,1094.590,7809.74,1761009299999,8560558.68710,15976,3577.95,3922587.87350,0
1761009300000,1094.590,1098.700,1094.460,1098.700,4044.71,1761010199999,4436644.75110,9552,2413.76,2647984.10930,0
1761010200000,1098.690,1099.000,1095.800,1096.710,4964.19,1761011099999,5445958.67970,10470,2245.68,2463573.87320,0
1761011100000,1096.710,1097.690,1087.540,1091.320,22493.67,1761011999999,24555388.87070,24905,7278.82,7946808.21540,0
1761012000000,1091.310,1091.570,1081.670,1084.470,35096.18,1761012899999,38087706.33670,40407,11261.09,12219153.20080,0
1761012900000,1084.470,1086.000,1077.170,1080.980,23481.02,1761013799999,25379805.12120,33063,8562.55,9256898.23700,0
1761013800000,1080.970,1082.680,1077.390,1080.180,18951.73,1761014699999,20469560.57250,29910,9020.53,9745089.33640,0
1761014700000,1080.180,1082.180,1079.400,1080.040,8629.94,1761015599999,9324198.22480,15811,4060.26,4387576.24720,0
1761015600000,1080.040,1083.450,1079.880,1081.200,8515.25,1761016499999,9209855.68100,18441,4276.72,4625290.41320,0
1761016500000,1081.210,1085.220,1080.220,1083.560,6540.67,1761017399999,7081922.53770,15309,3822.91,4139777.29100,0
1761017400000,1083.560,1086.020,1082.430,1084.720,7025.95,1761018299999,7619542.38100,12287,4155.68,4506530.24850,0
1761018300000,1084.720,1084.720,1079.420,1081.320,9274.61,1761019199999,10031813.80900,15317,4244.03,4590588.83030,0
1761019200000,1081.320,1081.700,1071.230,1074.720,47417.04,1761020099999,50965341.15920,56962,18607.55,19997442.98550,0
1761020100000,1074.730,1074.920,1070.490,1073.840,19826.92,1761020999999,21271802.93860,31660,8800.25,9442286.09440,0
1761021000000,1073.840,1073.840,1065.380,1065.640,31151.94,1761021899999,33283447.79780,40500,10567.24,11291339.91100,0
1761021900000,1065.640,1067.820,1061.350,1063.210,31351.29,1761022799999,33360310.56100,38714,12758.72,13580913.45450,0
1761022800000,1063.210,1066.410,1061.950,1066.200,15177.84,1761023699999,16154107.23870,29357,8129.49,8653395.90810,0
1761023700000,1066.190,1070.580,1064.090,1069.800,16132.94,1761024599999,17231306.02290,24399,9029.31,9644419.29310,0
1761024600000,1069.800,1071.300,1065.700,1066.790,15172.47,1761025499999,16214002.40790,24014,7760.58,8294024.59890,0
1761025500000,1066.790,1070.250,1066.510,1068.980,8320.04,1761026399999,8892842.63690,15945,4653.66,4973919.32370,0
1761026400000,1068.980,1071.020,1067.440,1068.360,9286.14,1761027299999,9927446.00500,18883,5318.31,5686081.07310,0
1761027300000,1068.360,1074.470,1067.930,1071.970,15483.93,1761028199999,16601380.64950,25393,8882.86,9523564.13220,0
1761028200000,1071.980,1075.450,1071.010,1072.300,15215.91,1761029099999,16334946.52920,20589,9303.54,9989359.06400,0
1761029100000,1072.300,1074.800,1071.290,1073.280,6980.53,1761029999999,7491344.60570,13444,3855.50,4138210.77830,0
1761030000000,1073.270,1073.910,1066.430,1066.650,14799.16,1761030899999,15823452.97280,21641,6511.70,6961286.48480,0
1761030900000,1066.660,1073.740,1066.650,1073.280,10568.70,1761031799999,11312819.04330,16703,5785.40,6193174.89050,0
1761031800000,1073.290,1075.260,1072.830,1074.220,14633.59,1761032699999,15718614.71150,18882,8527.19,9159194.03010,0
1761032700000,1074.220,1074.720,1071.640,1071.970,8132.61,1761033599999,8729488.84470,13104,3867.38,4150853.10960,0
1761033600000,1071.980,1072.870,1069.270,1070.140,8365.60,1761034499999,8960087.42200,16334,3456.70,3702465.91390,0
1761034500000,1070.150,1072.180,1067.630,1068.500,10691.52,1761035399999,11436395.75580,16651,5158.17,5518109.35020,0
1761035400000,1068.500,1069.350,1065.380,1066.460,12746.01,1761036299999,13602900.55580,17768,5267.99,5622569.35010,0
1761036300000,1066.470,1071.530,1065.470,1069.500,9423.33,1761037199999,10069976.39360,17805,5161.06,5514637.92360,0
1761037200000,1069.510,1069.540,1065.500,1067.620,8915.50,1761038099999,9518544.55270,14143,3357.89,3584915.36210,0
1761038100000,1067.630,1068.300,1065.860,1067.220,7214.56,1761038999999,7697914.85360,12275,3183.91,3397140.37120,0
1761039000000,1067.220,1068.410,1066.450,1067.510,4585.31,1761039899999,4894098.73330,9378,2278.60,2431918.36310,0
1761039900000,1067.510,1068.950,1067.350,1068.850,6299.55,1761040799999,6729383.03420,9654,3849.54,4112194.06310,0
1761040800000,1068.850,1070.950,1068.090,1068.880,7484.19,1761041699999,8004514.44130,13270,3562.58,3809969.76210,0
1761041700000,1068.880,1069.230,1065.820,1066.960,5471.53,1761042599999,5838263.70750,11357,2865.67,3057544.18130,0
1761042600000,1066.970,1072.630,1066.900,1071.660,10354.32,1761043499999,11087287.14010,17021,5329.16,5706262.28450,0
1761043500000,1071.670,1077.820,1071.670,1075.170,20702.12,1761044399999,22259890.00590,26044,11612.08,12486093.71590,0
1761044400000,1075.160,1076.170,1072.760,1074.640,11973.60,1761045299999,12867546.29290,15151,4953.19,5322849.90180,0
1761045300000,1074.630,1077.590,1073.720,1076.520,8599.69,1761046199999,9256676.42330,13518,5543.82,5967709.20070,0
1761046200000,1076.510,1079.000,1075.590,1077.640,9934.11,1761047099999,10705824.13060,13924,5816.82,6268750.30760,0
1761047100000,1077.640,1079.710,1076.280,1076.400,10561.28,1761047999999,11387168.70930,13267,5535.41,5969174.57110,0
1761048000000,1076.400,1078.230,1075.470,1076.020,6319.58,1761048899999,6803142.63110,13528,3007.85,3238063.46620,0
1761048900000,1076.010,1084.210,1075.590,1081.380,21481.48,1761049799999,23233871.72310,28485,12416.28,13428044.45370,0
1761049800000,1081.370,1083.580,1078.460,1083.100,9878.10,1761050699999,10677618.59300,18067,5111.26,5526159.07060,0
1761050700000,1083.110,1083.620,1076.470,1076.930,10981.74,1761051599999,11856647.87910,19901,4306.44,4650165.20500,0
1761051600000,1076.800,1079.190,1071.450,1075.060,18253.19,1761052499999,19639092.94130,29432,7731.92,8320430.28400,0
1761052500000,1075.070,1077.000,1073.530,1076.730,8222.40,1761053399999,8842814.59930,16579,4946.20,5319479.38380,0
1761053400000,1076.730,1078.870,1071.320,1072.820,12056.94,1761054299999,12956598.33780,26587,5869.98,6307958.04240,0
1761054300000,1072.810,1072.810,1068.300,1071.570,16908.33,1761055199999,18097758.72510,27660,7507.09,8036431.00880,0
1761055200000,1071.570,1085.390,1071.050,1085.220,28484.99,1761056099999,30758347.56760,40530,14984.60,16179810.41170,0
1761056100000,1085.220,1092.690,1081.430,1083.000,47093.42,1761056999999,51226006.51430,57823,24392.53,26539555.86680,0
1761057000000,1083.020,1087.470,1082.890,1085.390,13360.50,1761057899999,14504897.99210,26935,7759.92,8424879.14230,0
1761057900000,1085.390,1101.280,1083.000,1100.470,58493.87,1761058799999,64037253.21890,56491,33820.29,37035040.88130,0
1761058800000,1100.470,1103.590,1091.330,1098.080,61583.49,1761059699999,67656814.65700,68706,28286.33,31087025.40300,0
1761059700000,1098.070,1108.760,1097.100,1104.530,37485.40,1761060599999,41352666.53580,48759,20413.62,22518604.35930,0
1761060600000,1104.520,1111.000,1098.760,1110.740,43162.18,1761061499999,47706237.55970,50491,20010.65,22124167.69000,0
1761061500000,1110.750,1114.650,1108.940,1111.910,39833.23,1761062399999,44301433.32540,47275,18548.78,20632864.19870,0
1761062400000,1111.900,1113.300,1103.580,1110.490,40558.55,1761063299999,44976331.32900,47428,18863.36,20920015.26890,0
1761063300000,1110.490,1111.030,1105.600,1106.110,24343.87,1761064199999,26981640.81790,33415,10801.83,11971838.05710,0
1761064200000,1106.110,1107.640,1100.350,1103.160,35092.66,1761065099999,38743785.15650,39525,13837.58,15278582.10810,0
1761065100000,1103.160,1105.680,1088.280,1091.000,51333.51,1761065999999,56336174.89590,51710,19240.30,21126146.88770,0
1761066000000,1091.020,1096.490,1087.340,1090.540,42760.65,1761066899999,46708918.03770,53385,20236.22,22111357.89570,0
1761066900000,1090.540,1091.650,1080.550,1090.340,44083.75,1761067799999,47880186.10210,57253,21208.77,23038011.93850,0
1761067800000,1090.340,1094.800,1088.150,1093.840,15585.07,1761068699999,17010485.88590,30099,8017.90,8753298.86080,0
1761068700000,1093.850,1095.240,1090.470,1091.130,10252.69,1761069599999,11206426.31070,20258,4358.79,4765472.21860,0
1761069600000,1091.140,1094.050,1087.760,1089.290,11681.06,1761070499999,12745248.46780,24711,4919.23,5367763.14770,0
1761070500000,1089.290,1092.660,1087.700,1089.970,7002.47,1761071399999,7632874.21410,18304,3453.77,3765013.36950,0
1761071400000,1089.970,1090.570,1085.900,1088.660,7317.81,1761072299999,7964381.64330,17969,3056.11,3326011.64970,0
1761072300000,1088.650,1093.450,1088.630,1092.420,5883.48,1761073199999,6423235.16930,13817,3374.68,3684208.47820,0
1761073200000,1092.430,1095.000,1091.290,1094.890,4616.52,1761074099999,5047786.54040,12913,2477.64,2709193.08200,0
1761074100000,1094.910,1095.950,1091.100,1092.340,7320.84,1761074999999,8005967.07670,14689,3545.79,3878868.88330,0
1761075000000,1092.330,1093.130,1090.070,1092.180,4822.24,1761075899999,5264911.32810,13369,2683.71,2930092.02450,0
1761075900000,1092.180,1093.630,1089.580,1089.770,5504.15,1761076799999,6010262.72420,13321,3043.30,3323552.35190,0
1761076800000,1089.770,1091.110,1085.790,1086.850,9234.50,1761077699999,10052246.57920,19322,4379.25,4767290.29470,0
1761077700000,1086.850,1087.590,1078.020,1082.690,21044.94,1761078599999,22763401.80890,32830,8744.09,9459476.90020,0
1761078600000,1082.700,1084.950,1080.170,1083.860,7751.15,1761079499999,8392842.43880,17271,3514.68,3805184.89710,0
1761079500000,1083.860,1084.540,1079.900,1081.720,6515.59,1761080399999,7050457.88100,13697,3037.77,3287500.88320,0
1761080400000,1081.710,1083.560,1080.630,1083.340,5569.99,1761081299999,6030325.34400,13106,3006.73,3255289.08420,0
1761081300000,1083.340,1084.290,1070.490,1075.930,24727.63,1761082199999,26580649.02660,35018,11453.42,12310974.98010,0
1761082200000,1075.940,1079.840,1074.070,1079.840,6410.90,1761083099999,6906989.48810,12391,3668.11,3952161.19050,0
1761083100000,1079.840,1080.910,1078.670,1080.790,2863.71,1761083999999,3092506.34380,7408,1326.50,1432519.88940,0
1761084000000,1080.800,1081.660,1074.920,1077.680,9106.06,1761084899999,9818656.54570,16944,3909.99,4215629.40370,0
1761084900000,1077.670,1078.480,1069.810,1070.000,10504.03,1761085799999,11269653.91160,19634,4726.58,5073008.44690,0
1761085800000,1070.000,1072.270,1062.420,1067.420,41548.89,1761086699999,44313798.44280,45769,19271.78,20552442.92620,0
1761086700000,1067.410,1071.270,1064.900,1065.590,12019.11,1761087599999,12830744.39380,21800,5093.59,5437580.40040,0
1761087600000,1065.580,1068.220,1063.890,1067.240,12599.75,1761088499999,13435716.34510,21009,7046.14,7513205.56790,0
1761088500000,1067.250,1070.740,1063.900,1066.480,11584.03,1761089399999,12369441.04470,22331,5968.60,6373597.15820,0
1761089400000,1066.470,1066.470,1051.010,1054.760,55669.07,1761090299999,58829942.15980,59850,23148.28,24461331.32750,0
1761090300000,1054.760,1058.300,1053.960,1056.560,12635.78,1761091199999,13343328.92870,23894,6967.61,7357576.45870,0
1761091200000,1056.560,1062.850,1055.440,1061.690,17413.64,1761092099999,18445735.81590,28313,9769.07,10349309.73700,0
1761092100000,1061.690,1061.780,1055.940,1057.310,13785.90,1761092999999,14603305.50030,22227,6173.41,6538010.53970,0
1761093000000,1057.390,1061.240,1052.770,1058.900,25816.98,1761093899999,27261589.34450,35336,13331.42,14078186.81180,0
1761093900000,1058.900,1061.970,1057.860,1058.470,13464.06,1761094799999,14267168.31570,21181,6990.53,7407600.52890,0
1761094800000,1058.480,1065.160,1058.220,1064.080,13847.69,1761095699999,14712017.74420,23318,9148.39,9720393.74170,0
1761095700000,1064.080,1064.080,1059.990,1062.480,8486.56,1761096599999,9013736.47550,19297,3834.18,4072951.01530,0
1761096600000,1062.490,1065.850,1060.350,1065.600,6684.86,1761097499999,7106038.08020,16087,4019.50,4273396.31380,0
1761097500000,1065.610,1068.010,1064.590,1066.600,13107.86,1761098399999,13978252.27480,19580,7485.54,7983263.02530,0
1761098400000,1066.610,1068.190,1065.860,1068.050,10107.89,1761099299999,10782987.88340,15442,5481.20,5847758.13590,0
1761099300000,1068.060,1070.340,1067.270,1069.290,8783.24,1761100199999,9387875.80360,13075,4875.91,5211561.84880,0
1761100200000,1069.300,1069.370,1067.090,1068.840,5403.57,1761101099999,5771614.66550,10591,2352.31,2512651.84890,0
1761101100000,1068.850,1070.190,1067.870,1069.200,4740.43,1761101999999,5068398.24640,9260,2592.10,2771415.87430,0
1761102000000,1069.210,1069.210,1064.760,1065.280,12615.16,1761102899999,13457150.90760,18478,4909.23,5237197.68980,0
1761102900000,1065.270,1070.340,1064.250,1069.490,13682.03,1761103799999,14596693.20930,18387,7464.53,7962642.89580,0
1761103800000,1069.500,1070.170,1065.760,1066.630,6893.68,1761104699999,7359826.93620,12551,3144.85,3357378.75160,0
1761104700000,1066.640,1069.510,1066.260,1067.220,4772.43,1761105599999,5097228.46810,10269,2771.39,2960079.63820,0
1761105600000,1067.220,1070.210,1066.770,1069.300,5910.63,1761106499999,6317951.11050,12147,3234.73,3457434.89920,0
1761106500000,1069.310,1072.350,1069.200,1070.840,6574.54,1761107399999,7040969.24450,12211,3726.98,3991620.57610,0
1761107400000,1070.850,1074.040,1070.500,1073.620,6507.66,1761108299999,6983275.17310,12228,4043.77,4339195.77880,0
1761108300000,1073.620,1073.980,1072.550,1073.020,4859.74,1761109199999,5215866.60210,9134,2281.52,2448802.89140,0
1761109200000,1073.020,1073.020,1068.310,1068.790,7087.06,1761110099999,7585602.10090,12103,2430.43,2601784.29520,0
1761110100000,1068.790,1069.050,1060.440,1064.950,13844.28,1761110999999,14743695.62610,19637,4908.73,5227493.89840,0
1761111000000,1064.960,1067.320,1062.960,1066.850,7710.56,1761111899999,8214489.31140,15271,3934.05,4191667.90410,0
1761111900000,1066.840,1069.390,1064.990,1067.810,5617.67,1761112799999,5998648.06310,11571,2703.59,2887588.76310,0
1761112800000,1067.800,1067.800,1065.620,1067.160,4501.53,1761113699999,4801717.83480,10260,2269.69,2421222.62250,0
1761113700000,1067.160,1068.670,1065.620,1067.120,5310.55,1761114599999,5666756.65820,9661,2788.21,2975288.27770,0
1761114600000,1067.130,1071.650,1067.030,1071.010,9981.75,1761115499999,10682112.62920,14195,5153.80,5514896.46830,0
1761115500000,1071.010,1072.000,1069.140,1069.870,5425.81,1761116399999,5807953.75110,10052,2026.49,2169177.39770,0
1761116400000,1069.860,1070.000,1064.220,1064.550,9742.41,1761117299999,10391399.58190,16811,3454.55,3685931.89150,0
1761117300000,1064.550,1070.410,1064.550,1070.190,7430.05,1761118199999,7936430.40010,13742,4082.50,4360779.94820,0
1761118200000,1070.190,1072.160,1068.500,1070.260,8057.15,1761119099999,8622921.21080,12942,3309.12,3541866.60500,0
1761119100000,1070.260,1071.740,1069.240,1070.740,5447.29,1761119999999,5829904.82270,10850,2795.01,2991282.18240,0
1761120000000,1070.740,1070.740,1066.960,1067.070,4574.51,1761120899999,4888853.22520,10461,2085.11,2228885.61070,0
1761120900000,1067.070,1070.030,1065.950,1069.090,6091.65,1761121799999,6505194.86730,11934,3066.61,3275728.03000,0
1761121800000,1069.100,1069.930,1066.890,1069.890,3788.93,1761122699999,4047742.42990,9089,2119.79,2264678.08340,0
1761122700000,1069.890,1070.450,1068.590,1069.380,3474.97,1761123599999,3716143.74170,7523,1349.36,1443034.87570,0
1761123600000,1069.380,1070.500,1066.350,1066.390,5034.27,1761124499999,5378487.94440,11154,2179.72,2328605.16930,0
1761124500000,1066.390,1066.650,1062.770,1065.910,7836.36,1761125399999,8345143.23910,13950,3205.73,3413897.04170,0
1761125400000,1065.900,1066.900,1060.400,1060.470,7916.62,1761126299999,8416891.71040,14358,3217.98,3422287.68600,0
1761126300000,1060.460,1062.940,1058.060,1061.480,11336.43,1761127199999,12020637.42370,18302,4870.66,5166005.78640,0
1761127200000,1061.490,1062.980,1057.570,1062.650,8891.93,1761128099999,9431515.77950,19378,4157.25,4410413.66120,0
1761128100000,1062.650,1064.350,1060.530,1061.710,5591.09,1761128999999,5940904.11070,12520,2706.18,2875933.23660,0
1761129000000,1061.720,1063.390,1059.850,1060.580,3871.80,1761129899999,4110895.58060,9387,1675.27,1778796.61570,0
1761129900000,1060.590,1063.580,1059.750,1062.650,6633.93,1761130799999,7045310.19590,12190,2874.56,3052693.27400,0
1761130800000,1062.680,1070.590,1057.460,1069.400,45405.67,1761131699999,48311376.75950,53707,21368.35,22736939.65270,0
1761131700000,1069.410,1073.830,1067.430,1071.150,21600.53,1761132599999,23141813.53030,30369,11276.27,12080086.72940,0
1761132600000,1071.140,1072.900,1067.760,1068.430,11118.06,1761133499999,11901612.78740,19758,4825.95,5167315.56840,0
1761133500000,1068.440,1069.700,1065.740,1068.690,9298.87,1761134399999,9928341.42910,16513,4143.54,4423812.73250,0
1761134400000,1068.700,1069.810,1064.700,1065.560,9732.93,1761135299999,10383851.72960,19014,5285.41,5639883.00500,0
1761135300000,1065.560,1070.590,1065.560,1066.670,10076.46,1761136199999,10762384.72470,17295,5697.24,6084843.29530,0
1761136200000,1066.670,1074.950,1065.450,1073.390,28743.21,1761137099999,30809329.32380,33710,14812.34,15876504.77930,0
1761137100000,1073.400,1078.640,1072.000,1075.950,20886.72,1761137999999,22462523.46500,28452,10045.75,10804833.73710,0
1761138000000,1075.950,1080.400,1074.030,1079.050,14892.20,1761138899999,16040112.30400,23424,7478.87,8056634.02720,0
1761138900000,1079.060,1079.350,1076.230,1077.510,13600.50,1761139799999,14657963.50940,20277,7428.53,8005966.46900,0
1761139800000,1077.510,1080.300,1072.420,1077.390,28132.17,1761140699999,30285904.69230,40435,12489.35,13447954.97360,0
1761140700000,1077.390,1083.640,1074.710,1082.470,21048.46,1761141599999,22708679.37320,34035,11671.94,12591909.18560,0
1761141600000,1082.460,1082.960,1072.560,1074.710,28215.44,1761142499999,30394240.68340,36746,12603.83,13581298.94490,0
1761142500000,1074.710,1075.820,1064.510,1068.960,37234.43,1761143399999,39803253.08510,45912,16470.60,17604954.44950,0
1761143400000,1068.970,1073.000,1064.850,1071.000,28256.48,1761144299999,30207020.91720,42538,14412.44,15408194.36340,0
1761144300000,1071.010,1081.360,1067.920,1080.400,29027.71,1761145199999,31226598.83050,43736,14288.32,15371933.76110,0
1761145200000,1080.410,1082.720,1076.200,1077.970,25439.72,1761146099999,27453595.50370,38375,14371.12,15512028.63190,0
1761146100000,1077.970,1078.220,1071.420,1074.610,16886.90,1761146999999,18147225.89440,29318,6830.84,7339817.77050,0
1761147000000,1074.620,1080.390,1072.320,1078.950,17966.32,1761147899999,19346097.83550,29861,10435.29,11238222.43210,0
1761147900000,1078.950,1081.760,1078.470,1080.490,15845.47,1761148799999,17118636.75900,24612,8984.77,9706741.20870,0
1761148800000,1080.500,1081.730,1076.330,1076.920,14251.92,1761149699999,15379412.47040,24539,5989.59,6464318.62310,0
1761149700000,1076.920,1079.130,1073.200,1078.040,10813.51,1761150599999,11641229.62980,22146,4579.75,4930140.06350,0
1761150600000,1078.030,1079.750,1070.720,1075.510,28261.82,1761151499999,30362854.59570,40495,12856.47,13810989.85110,0
1761151500000,1075.510,1077.570,1073.430,1074.900,7158.30,1761152399999,7701264.52850,17070,3443.83,3704822.54450,0
1761152400000,1074.900,1076.360,1072.730,1074.940,9355.39,1761153299999,10055198.78170,17037,5243.72,5636196.81190,0
1761153300000,1074.940,1075.130,1072.350,1073.490,6373.55,1761154199999,6843254.25360,14791,2634.71,2828848.72880,0
1761154200000,1073.490,1074.770,1068.230,1069.200,8327.45,1761155099999,8922960.68860,17770,3577.29,3833655.91650,0
1761155100000,1069.200,1070.370,1064.540,1066.660,11673.57,1761155999999,12457124.98640,21844,5605.12,5982230.43540,0
1761156000000,1066.660,1069.500,1065.020,1065.160,8188.48,1761156899999,8740613.32630,17826,3439.61,3671619.43990,0
1761156900000,1065.150,1068.360,1062.510,1067.830,10006.69,1761157799999,10658172.45280,20387,4993.40,5319248.45420,0
1761157800000,1067.820,1070.380,1065.610,1067.500,6421.83,1761158699999,6861663.47170,17125,3540.08,3782772.04150,0
1761158700000,1067.500,1069.110,1065.110,1066.820,6537.37,1761159599999,6975498.12340,14856,2778.86,2965824.04050,0
1761159600000,1066.810,1073.250,1066.070,1070.400,7420.86,1761160499999,7940503.09650,19021,3768.54,4032097.74870,0
1761160500000,1070.390,1073.270,1070.390,1071.080,5404.73,1761161399999,5793977.58010,11460,2271.26,2434711.37010,0
1761161400000,1071.080,1073.000,1069.540,1069.890,3983.82,1761162299999,4268048.91990,10597,2032.92,2177850.22860,0
1761162300000,1069.900,1071.980,1064.350,1069.320,11331.43,1761163199999,12101250.13260,19590,4884.02,5215348.36590,0
1761163200000,1069.330,1070.510,1067.010,1068.680,6887.77,1761164099999,7363197.57570,15434,2826.04,3021414.78140,0
1761164100000,1068.670,1068.690,1063.760,1064.230,7922.54,1761164999999,8444944.24090,13685,2888.10,3079139.74940,0
1761165000000,1064.230,1068.560,1062.470,1068.130,6080.06,1761165899999,6478833.31890,15240,2918.32,3109908.09570,0
1761165900000,1068.120,1068.460,1063.400,1064.860,6377.77,1761166799999,6797313.70490,13166,2946.19,3139001.53450,0
1761166800000,1064.850,1065.570,1052.670,1058.980,39643.36,1761167699999,41966916.01210,46383,17407.15,18426628.15840,0
1761167700000,1058.980,1061.600,1052.580,1052.730,15207.12,1761168599999,16080471.54170,24976,7264.33,7681428.39970,0
1761168600000,1052.720,1057.980,1052.030,1055.160,9934.23,1761169499999,10474665.16420,17415,5283.09,5570274.43700,0
1761169500000,1055.160,1060.220,1055.150,1057.960,5321.15,1761170399999,5631505.30860,11464,2902.44,3071418.99220,0
1761170400000,1057.960,1063.790,1057.300,1061.830,8669.82,1761171299999,9202632.10460,17534,4117.52,4370390.31530,0
1761171300000,1061.830,1062.650,1057.420,1058.760,5879.78,1761172199999,6232844.98360,13155,2829.46,2999546.97780,0
1761172200000,1058.760,1064.000,1058.670,1063.170,7526.59,1761173099999,7989473.39000,14998,3949.80,4192198.69940,0
1761173100000,1063.160,1063.740,1057.340,1059.420,11789.56,1761173999999,12502978.77230,17381,5156.72,5470939.26170,0
1761174000000,1059.410,1065.990,1059.100,1064.460,10058.25,1761174899999,10700595.43860,19954,4450.00,4732418.11510,0
1761174900000,1064.460,1073.520,1064.240,1068.850,18442.72,1761175799999,19711418.99390,22792,9124.63,9750505.33840,0
1761175800000,1068.870,1072.320,1068.870,1070.830,8545.45,1761176699999,9152410.10190,15802,4820.76,5162712.31440,0
1761176700000,1070.840,1072.690,1070.390,1071.370,4242.40,1761177599999,4545257.53200,10185,1894.53,2029774.61920,0
1761177600000,1071.380,1074.880,1071.340,1074.460,9416.38,1761178499999,10110427.56590,16488,4925.98,5288343.09100,0
1761178500000,1074.460,1075.810,1071.480,1073.190,7910.74,1761179399999,8494038.23400,13963,3286.69,3529340.55520,0
1761179400000,1073.200,1076.660,1072.780,1075.690,6255.41,1761180299999,6727561.09160,11735,4128.51,4439980.53540,0
1761180300000,1075.700,1081.450,1075.350,1079.990,17240.38,1761181199999,18606213.77340,19659,9292.55,10028547.36020,0
1761181200000,1079.990,1084.710,1079.000,1083.390,14533.92,1761182099999,15725319.06790,22363,7992.87,8647625.18030,0
1761182100000,1083.360,1085.500,1079.380,1080.990,11892.30,1761182999999,12874421.87540,21135,5391.38,5839064.03450,0
1761183000000,1080.990,1085.000,1080.790,1083.610,13677.55,1761183899999,14811395.26730,18478,8527.15,9232397.08830,0
1761183900000,1083.610,1084.670,1081.820,1083.420,6225.50,1761184799999,6744178.92210,11488,2799.40,3032414.32400,0
1761184800000,1083.430,1083.540,1078.960,1080.890,10885.13,1761185699999,11765114.58870,16385,3970.80,4291695.83620,0
1761185700000,1080.890,1083.610,1080.650,1080.990,6294.25,1761186599999,6811776.38280,10132,3371.21,3649067.44050,0
1761186600000,1080.990,1083.700,1080.990,1082.410,4775.31,1761187499999,5169918.78670,9883,2331.35,2523867.90660,0
1761187500000,1082.420,1084.900,1081.300,1084.750,7102.04,1761188399999,7690342.59060,12488,3663.02,3967094.55110,0
1761188400000,1084.750,1088.880,1084.320,1087.140,14418.23,1761189299999,15672439.89360,21644,8487.58,9224436.64760,0
1761189300000,1087.140,1089.420,1085.720,1088.810,7227.75,1761190199999,7862091.89330,13769,3754.98,4084873.87820,0
1761190200000,1088.810,1091.540,1088.070,1088.130,11407.07,1761191099999,12431575.44350,17808,6012.51,6552492.70150,0
1761191100000,1088.130,1088.130,1085.470,1086.720,8269.50,1761191999999,8986098.07140,13276,3533.68,3839744.89810,0
1761192000000,1086.730,1088.470,1085.010,1085.210,6926.81,1761192899999,7529172.71840,14310,2960.59,3218898.20610,0
1761192900000,1085.210,1089.380,1084.820,1086.480,8438.46,1761193799999,9175032.69820,11729,3668.58,3988573.72710,0
1761193800000,1086.490,1089.720,1085.730,1088.270,8155.59,1761194699999,8870679.14390,13223,3965.35,4313848.92160,0
1761194700000,1088.270,1088.440,1083.300,1083.540,10379.23,1761195599999,11269762.33300,13544,3700.62,4018454.93460,0
1761195600000,1083.550,1086.290,1082.720,1086.240,9017.19,1761196499999,9777488.60690,13823,5249.07,5692185.21760,0
1761196500000,1086.240,1086.670,1084.900,1085.640,3982.32,1761197399999,4323424.90810,8115,1619.46,1758027.90140,0
1761197400000,1085.650,1088.300,1085.640,1087.980,5938.29,1761198299999,6455518.25610,11482,3666.64,3985911.36210,0
1761198300000,1087.980,1096.830,1087.770,1096.710,21792.12,1761199199999,23829411.68280,25864,12545.23,13716442.69750,0
1761199200000,1096.720,1101.000,1095.140,1100.560,23337.03,1761200099999,25630304.77800,30841,12350.06,13564607.05900,0
1761200100000,1100.560,1108.620,1099.730,1105.000,47379.34,1761200999999,52399652.33730,56704,23427.79,25910336.20580,0
1761201000000,1105.000,1107.740,1103.160,1106.390,17163.35,1761201899999,18975612.27990,24833,7769.53,8591214.20670,0
1761201900000,1106.400,1110.380,1106.110,1109.540,19165.59,1761202799999,21245183.93260,27074,10458.62,11593733.17360,0
1761202800000,1109.620,1110.110,1103.970,1104.290,19472.03,1761203699999,21550107.42380,26649,5700.32,6307811.50100,0
1761203700000,1104.290,1106.110,1101.440,1103.300,19512.40,1761204599999,21531344.70540,24136,7541.19,8320823.64560,0
1761204600000,1103.290,1106.570,1101.350,1105.780,19530.41,1761205499999,21545691.43990,21786,9132.23,10075524.57970,0
1761205500000,1105.780,1110.500,1105.750,1108.800,24235.80,1761206399999,26862300.96910,29376,12460.40,13812136.05880,0
1761206400000,1108.790,1121.960,1107.790,1120.740,48756.90,1761207299999,54349419.16830,58600,28902.01,32218278.34140,0
1761207300000,1120.730,1122.000,1116.000,1118.620,31542.80,1761208199999,35285125.20300,50509,14848.88,16612674.42410,0
1761208200000,1118.620,1119.000,1112.000,1113.890,27397.87,1761209099999,30541978.61000,34778,9034.95,10072218.45140,0
1761209100000,1113.900,1117.710,1113.520,1113.930,20798.80,1761209999999,23194378.77850,27477,8421.69,9393047.34430,0
1761210000000,1113.930,1115.850,1106.530,1106.940,38611.39,1761210899999,42863860.78250,43283,12465.87,13841912.20220,0
1761210900000,1106.940,1108.780,1103.970,1104.580,27813.78,1761211799999,30761650.59000,33104,11617.17,12847931.64700,0
1761211800000,1104.570,1105.990,1102.380,1103.390,20807.28,1761212699999,22979825.39920,27983,9127.63,10081186.00810,0
1761212700000,1103.400,1103.540,1096.000,1097.240,48549.34,1761213599999,53409609.72730,48874,20735.05,22810183.47010,0
1761213600000,1097.250,1101.970,1092.560,1100.610,64269.14,1761214499999,70638997.11670,74375,37269.64,40969727.15920,0
1761214500000,1100.600,1101.340,1097.300,1098.630,25019.35,1761215399999,27496292.99160,27656,15679.76,17231959.57940,0
1761215400000,1098.630,1104.000,1097.140,1103.020,28076.76,1761216299999,30918560.40040,33448,17205.61,18949017.37320,0
1761216300000,1103.010,1103.020,1097.150,1097.350,13021.76,1761217199999,14318087.02070,20449,5095.85,5604554.92460,0
1761217200000,1097.350,1098.950,1096.130,1096.830,9891.53,1761218099999,10853675.37880,19137,5007.17,5494608.28380,0
1761218100000,1096.830,1099.440,1094.160,1097.550,11860.05,1761218999999,13010706.06070,21004,6940.09,7615871.75810,0
1761219000000,1097.560,1098.430,1092.590,1093.620,14465.17,1761219899999,15833300.76550,24662,5957.01,6521562.34740,0
1761219900000,1093.620,1095.100,1092.690,1094.270,6739.00,1761220799999,7372359.62400,14337,3115.31,3408337.41420,0
1761220800000,1094.270,1094.290,1087.580,1089.060,24933.50,1761221699999,27177900.88820,37856,11076.75,12071599.37800,0
1761221700000,1089.050,1093.500,1088.120,1090.920,10515.07,1761222599999,11477379.77890,19687,5860.03,6396430.03100,0
1761222600000,1090.910,1091.100,1087.750,1090.240,10295.85,1761223499999,11218885.35430,19785,4982.20,5429729.78970,0
1761223500000,1090.250,1092.890,1089.000,1092.810,8943.43,1761224399999,9755684.49760,16835,5009.70,5464987.86380,0
1761224400000,1092.820,1093.800,1087.550,1090.720,13045.91,1761225299999,14230402.34320,20191,5624.90,6137075.09060,0
1761225300000,1090.720,1091.130,1088.290,1089.610,9775.07,1761226199999,10653771.84180,16030,4395.93,4791470.51280,0
1761226200000,1089.620,1096.600,1088.220,1090.710,28423.75,1761227099999,31046652.45400,39328,15460.39,16892047.83180,0
1761227100000,1090.720,1093.690,1088.600,1090.710,15498.24,1761227999999,16913605.53680,25691,6926.37,7560402.13170,0
1761228000000,1090.720,1091.180,1076.370,1078.650,51921.33,1761228899999,56175420.71330,60314,21661.93,23424066.23220,0
1761228900000,1078.680,1085.250,1077.610,1082.990,23187.01,1761229799999,25076440.55390,35742,11509.06,12450309.32090,0
1761229800000,1082.990,1088.250,1082.400,1085.120,17478.82,1761230699999,18984601.81450,26733,8198.70,8904567.50590,0
1761230700000,1085.130,1086.980,1083.300,1084.880,8790.59,1761231599999,9537529.85730,18551,3774.72,4095947.08260,0
1761231600000,1084.880,1146.390,1082.710,1135.240,323736.83,1761232499999,363400561.10600,295850,180990.96,203070715.25140,0
1761232500000,1135.080,1144.800,1117.780,1138.200,234046.74,1761233399999,264973202.98200,272772,111885.77,126726356.19440,0
1761233400000,1138.200,1159.840,1132.950,1133.890,183019.76,1761234299999,209769821.28650,222350,88719.96,101717846.13230,0
1761234300000,1133.900,1142.800,1128.580,1130.000,67382.83,1761235199999,76524868.78110,81643,31184.65,35434941.21260,0
1761235200000,1130.000,1135.110,1124.110,1126.450,52318.45,1761236099999,59056740.49570,68935,24953.59,28178543.81620,0
1761236100000,1126.460,1134.270,1124.060,1130.070,30207.80,1761236999999,34088148.90610,44442,16466.67,18586143.48760,0
1761237000000,1130.070,1136.520,1129.930,1135.010,27588.30,1761237899999,31271985.06140,44076,14166.82,16060999.01340,0
1761237900000,1135.020,1139.940,1131.870,1135.150,35362.01,1761238799999,40182443.61750,45242,17337.63,19707162.25820,0
1761238800000,1135.290,1135.700,1122.200,1128.060,46463.00,1761239699999,52411157.57950,59424,21729.72,24524631.96490,0
1761239700000,1128.070,1129.340,1122.870,1125.280,23268.94,1761240599999,26220935.47810,29867,13855.22,15618609.99110,0
1761240600000,1125.290,1139.340,1123.110,1132.950,32282.40,1761241499999,36518770.68950,41728,19840.97,22460187.56420,0
1761241500000,1132.950,1135.400,1129.790,1131.650,17366.25,1761242399999,19671211.77340,28885,8622.05,9767939.98520,0
1761242400000,1131.660,1131.990,1119.920,1122.000,28459.17,1761243299999,32032304.89540,38099,7277.69,8197769.35180,0
1761243300000,1122.000,1123.010,1120.670,1121.700,13256.14,1761244199999,14871007.30830,21865,5852.54,6566019.68580,0
1761244200000,1121.710,1123.000,1119.000,1120.280,9563.13,1761245099999,10717335.66980,20449,4069.99,4561658.84620,0
1761245100000,1120.280,1124.250,1104.410,1111.210,69911.53,1761245999999,77881291.40070,65844,26046.38,29058816.33710,0
1761246000000,1111.200,1111.620,1106.370,1111.330,13997.68,1761246899999,15531557.49160,25831,6487.76,7198749.03080,0
1761246900000,1111.280,1115.970,1108.780,1114.830,11909.08,1761247799999,13260430.56600,21689,7542.59,8400991.66280,0
1761247800000,1114.840,1118.160,1113.190,1116.320,6220.37,1761248699999,6937390.81690,15666,3284.86,3664019.35590,0
1761248700000,1116.320,1118.520,1115.580,1116.780,5854.21,1761249599999,6540766.48740,14368,2899.38,3239662.27230,0
1761249600000,1116.770,1117.120,1110.800,1114.080,12979.45,1761250499999,14455154.34080,27916,5810.73,6471399.44900,0
1761250500000,1114.070,1116.530,1113.790,1114.600,4006.42,1761251399999,4466479.47040,11400,1945.72,2169066.38200,0
1761251400000,1114.590,1117.540,1113.220,1116.430,8411.01,1761252299999,9384332.79050,15912,4514.88,5038402.37290,0
1761252300000,1116.420,1116.810,1110.000,1112.750,8134.13,1761253199999,9056700.13980,16989,3518.96,3917917.21860,0
1761253200000,1112.740,1119.170,1110.680,1119.060,8248.98,1761254099999,9198455.65560,18449,4312.52,4809795.09190,0
1761254100000,1119.060,1119.580,1112.280,1115.810,10026.26,1761254999999,11187093.25650,14901,4021.13,4487220.24920,0
1761255000000,1115.810,1115.810,1112.500,1113.730,4498.00,1761255899999,5009770.57610,10005,1979.48,2204503.47190,0
1761255900000,1113.740,1115.990,1113.730,1115.920,2869.10,1761256799999,3199846.06640,7534,1537.06,1714195.62960,0
1761256800000,1115.920,1117.590,1113.190,1114.680,10072.47,1761257699999,11232416.05910,17494,4864.19,5423981.27150,0
1761257700000,1114.680,1116.000,1113.600,1115.930,3602.47,1761258599999,4015851.29580,9617,1695.57,1890028.05640,0
1761258600000,1115.930,1119.190,1115.930,1119.080,6385.54,1761259499999,7137984.93880,13055,3797.40,4244710.09280,0
1761259500000,1119.080,1119.610,1116.820,1117.520,5844.61,1761260399999,6535400.39690,9799,3656.22,4088153.70780,0
1761260400000,1117.510,1122.250,1116.560,1122.010,10565.76,1761261299999,11834165.52390,17818,5276.51,5909660.65680,0
1761261300000,1122.010,1123.000,1120.800,1121.350,7263.77,1761262199999,8149233.43870,13054,3832.83,4299991.08250,0
1761262200000,1121.350,1127.990,1120.190,1126.640,15534.41,1761263099999,17452613.79330,22496,8350.91,9381999.51270,0
1761263100000,1126.640,1128.850,1124.280,1125.610,16831.74,1761263999999,18960720.80530,20413,9456.20,10651227.96150,0
1761264000000,1125.610,1132.310,1125.360,1130.070,21540.91,1761264899999,24330731.90140,28601,12428.26,14036388.68490,0
1761264900000,1130.060,1134.740,1128.510,1133.830,18737.28,1761265799999,21204086.41880,23563,9799.62,11091010.57670,0
1761265800000,1133.840,1137.000,1131.250,1135.840,15527.73,1761266699999,17621027.93850,25118,8005.07,9085940.84650,0
1761266700000,1135.840,1137.710,1133.190,1135.180,14268.59,1761267599999,16200145.81150,22483,7405.36,8409113.10390,0
1761267600000,1135.190,1139.510,1134.560,1135.200,17127.60,1761268499999,19473031.56070,22934,8450.54,9609902.90390,0
1761268500000,1135.200,1135.990,1128.600,1128.610,14180.85,1761269399999,16051233.64100,20909,4108.22,4650567.90570,0
1761269400000,1128.610,1129.380,1125.420,1129.070,15105.08,1761270299999,17032539.87230,20255,7442.10,8392031.14800,0
1761270300000,1129.070,1132.570,1128.850,1130.790,11864.10,1761271199999,13417238.61930,16553,6782.91,7670427.69090,0
1761271200000,1130.790,1131.030,1127.020,1128.900,9352.72,1761272099999,10554945.78170,13814,4511.61,5090839.65760,0
1761272100000,1128.900,1131.690,1127.000,1128.000,8446.48,1761272999999,9534422.66640,14294,4316.39,4873050.98260,0
1761273000000,1128.010,1133.160,1126.440,1132.450,10206.43,1761273899999,11532041.21240,16508,4369.42,4937704.40120,0
1761273900000,1132.450,1136.230,1131.880,1134.320,17435.91,1761274799999,19770812.54750,21674,10498.37,11905325.52530,0
1761274800000,1134.330,1138.450,1132.240,1137.620,11308.54,1761275699999,12838043.22090,19699,5038.86,5720744.49940,0
1761275700000,1137.630,1139.340,1136.000,1136.490,15003.97,1761276599999,17062406.27430,17219,4631.18,5268191.81680,0
1761276600000,1136.500,1136.520,1131.880,1134.200,10920.28,1761277499999,12378902.08430,17643,5272.68,5975700.29740,0
1761277500000,1134.200,1135.210,1129.490,1134.780,10239.19,1761278399999,11591014.77670,14844,3650.45,4134675.07010,0
1761278400000,1134.780,1137.230,1132.710,1136.150,6090.30,1761279299999,6913161.05900,12410,3094.59,3513002.49180,0
1761279300000,1136.150,1138.900,1135.640,1135.980,9728.96,1761280199999,11064378.18690,17672,4865.04,5533106.64260,0
1761280200000,1135.990,1143.920,1135.140,1139.080,26063.05,1761281099999,29681469.65140,37944,14185.13,16158125.09130,0
1761281100000,1139.070,1142.370,1135.860,1139.980,18776.89,1761281999999,21390762.45840,27850,9962.59,11349229.03350,0
1761282000000,1139.970,1141.620,1137.450,1138.120,12398.67,1761282899999,14123025.00840,22253,6027.58,6866710.41040,0
1761282900000,1138.110,1139.610,1135.870,1138.320,8578.35,1761283799999,9760208.79150,14919,4383.27,4987460.83820,0
1761283800000,1138.320,1140.290,1137.080,1138.120,7071.64,1761284699999,8051321.33360,14769,3914.40,4457161.64920,0
1761284700000,1138.130,1141.220,1137.940,1139.850,8528.73,1761285599999,9721005.84680,14131,3735.81,4258003.46730,0
1761285600000,1139.850,1140.080,1135.790,1135.940,7488.10,1761286499999,8520432.98550,15434,3067.10,3490251.34210,0
1761286500000,1135.930,1136.240,1133.130,1135.930,13094.38,1761287399999,14855127.73560,18658,6209.82,7044989.57580,0
1761287400000,1135.920,1138.370,1134.910,1137.860,6991.33,1761288299999,7949855.22230,13224,3113.97,3540414.53340,0
1761288300000,1137.850,1138.600,1136.580,1137.440,7028.17,1761289199999,7996022.11390,11685,3906.80,4445052.30830,0
1761289200000,1137.450,1139.360,1134.440,1134.860,9081.58,1761290099999,10324737.09010,15761,3368.67,3830110.81700,0
1761290100000,1134.850,1135.860,1130.350,1133.710,13070.80,1761290999999,14811793.86900,20438,4748.83,5381580.64510,0
1761291000000,1133.710,1133.880,1126.800,1127.390,20648.53,1761291899999,23321198.96460,24309,7085.92,8002624.53860,0
1761291900000,1127.390,1127.410,1122.000,1124.880,32088.82,1761292799999,36087521.76860,37419,12448.49,14001329.63700,0
1761292800000,1124.870,1125.080,1120.680,1123.780,12729.17,1761293699999,14291364.07830,21118,5481.65,6155429.21160,0
1761293700000,1123.780,1124.820,1121.500,1122.930,7241.61,1761294599999,8135774.94420,14887,4012.61,4508156.85550,0
1761294600000,1122.920,1128.560,1121.300,1128.370,13607.35,1761295499999,15312364.83200,22304,8776.45,9878189.91730,0
1761295500000,1128.360,1129.870,1125.590,1127.340,13668.82,1761296399999,15416347.60270,19739,8113.03,9151428.35850,0
1761296400000,1127.330,1131.300,1126.000,1130.610,10923.40,1761297299999,12331897.67360,19197,5800.54,6548761.44730,0
1761297300000,1130.600,1132.190,1129.010,1131.380,9990.20,1761298199999,11296034.80040,15690,4867.76,5504306.18020,0
1761298200000,1131.380,1133.750,1129.010,1133.230,11922.61,1761299099999,13497992.40810,18892,5539.84,6271628.28960,0
1761299100000,1133.220,1134.720,1127.600,1129.340,15534.68,1761299999999,17568892.77670,21147,6371.42,7209063.87990,0
1761300000000,1129.340,1129.670,1126.630,1128.800,8955.54,1761300899999,10103428.31480,17632,3661.65,4130506.13040,0
1761300900000,1128.800,1128.880,1123.250,1124.690,11774.68,1761301799999,13249827.38860,18883,4368.59,4916250.63640,0
1761301800000,1124.690,1126.090,1123.600,1124.510,7263.89,1761302699999,8169225.25430,14339,3614.28,4064869.73940,0
1761302700000,1124.500,1127.410,1123.880,1126.160,4979.09,1761303599999,5606309.05980,11764,2909.66,3276316.69420,0
1761303600000,1126.170,1126.170,1123.520,1125.620,7601.19,1761304499999,8549509.41400,13824,2756.44,3100772.37450,0
1761304500000,1125.620,1125.930,1121.740,1123.780,6190.86,1761305399999,6953654.74470,12773,2365.74,2657335.04430,0
1761305400000,1123.780,1126.050,1119.460,1125.800,13831.86,1761306299999,15529507.67090,22061,5588.38,6277199.81590,0
1761306300000,1125.800,1126.260,1123.640,1124.770,6540.74,1761307199999,7357968.60940,13150,2932.76,3299288.43730,0
1761307200000,1124.760,1126.720,1124.550,1124.930,8964.15,1761308099999,10090561.95010,15074,5960.64,6709692.19080,0
1761308100000,1124.930,1126.640,1122.360,1125.680,11655.09,1761308999999,13106474.08290,17721,5090.19,5723795.19420,0
1761309000000,1125.650,1137.530,1124.600,1129.900,54781.48,1761309899999,61999978.13390,66567,26357.06,29834620.50220,0
1761309900000,1129.900,1129.900,1124.720,1126.760,13450.98,1761310799999,15158570.46010,21578,5054.19,5695929.27100,0
1761310800000,1126.770,1129.120,1124.880,1126.650,9270.05,1761311699999,10448915.38810,16442,4315.10,4863613.13780,0
1761311700000,1126.650,1129.190,1125.720,1127.760,6147.84,1761312599999,6933370.72900,13477,3418.70,3855473.05590,0
1761312600000,1127.750,1127.850,1116.320,1117.680,31920.53,1761313499999,35776417.24350,43156,13895.25,15582918.22990,0
1761313500000,1117.610,1121.200,1114.140,1120.490,25417.20,1761314399999,28415194.07870,34512,11239.34,12568252.71990,0
1761314400000,1120.480,1120.560,1112.640,1115.840,21723.00,1761315299999,24239286.84780,29703,10894.54,12155688.54210,0
1761315300000,1115.840,1116.330,1104.000,1108.030,37805.19,1761316199999,41934529.13300,48482,13529.75,15008701.97130,0
1761316200000,1108.020,1110.120,1103.170,1108.630,23900.34,1761317099999,26459715.74520,34998,11358.29,12578059.86190,0
1761317100000,1108.640,1109.590,1104.500,1107.610,12900.11,1761317999999,14277536.20020,26484,6520.14,7217124.59790,0
1761318000000,1107.610,1111.970,1104.450,1110.040,18874.31,1761318899999,20921976.62430,30242,9500.15,10532397.84660,0
1761318900000,1110.040,1112.980,1108.600,1111.220,10312.55,1761319799999,11455845.05090,20958,5079.79,5643245.24060,0
1761319800000,1111.230,1111.550,1104.120,1105.600,11639.88,1761320699999,12884919.82930,22946,4404.62,4876961.85560,0
1761320700000,1105.600,1106.850,1101.930,1103.580,15836.19,1761321599999,17491773.71440,26378,7067.74,7806841.07510,0
1761321600000,1103.580,1104.100,1096.320,1098.430,29475.86,1761322499999,32393220.82850,40303,11420.68,12551402.72850,0
1761322500000,1098.440,1101.760,1098.220,1101.640,11444.48,1761323399999,12593226.03580,20010,6320.74,6955349.09160,0
1761323400000,1101.640,1101.970,1098.040,1099.000,7374.77,1761324299999,8111557.08790,15918,2748.06,3022421.07450,0
1761324300000,1099.000,1100.860,1098.140,1100.470,6237.43,1761325199999,6857695.50890,13471,3321.00,3651376.06690,0
1761325200000,1100.470,1103.490,1100.210,1100.820,14419.94,1761326099999,15888160.96100,20697,6678.70,7358758.33740,0
1761326100000,1100.820,1106.500,1100.250,1105.510,10929.94,1761326999999,12071820.87340,18221,5982.85,6607543.40420,0
1761327000000,1105.510,1106.560,1103.100,1103.230,7635.90,1761327899999,8433529.77160,12879,3460.37,3821801.58880,0
1761327900000,1103.240,1104.570,1101.690,1102.490,5903.40,1761328799999,6510551.01780,12711,3014.15,3324217.82340,0
1761328800000,1102.500,1107.010,1101.900,1106.950,7590.73,1761329699999,8390898.35420,12997,4635.21,5123210.06150,0
1761329700000,1106.950,1107.960,1105.130,1106.210,6030.02,1761330599999,6674637.30300,12112,3073.67,3402612.18260,0
1761330600000,1106.200,1107.300,1105.200,1107.300,3412.96,1761331499999,3775656.16680,9397,1669.69,1847254.28640,0
1761331500000,1107.330,1108.680,1106.970,1107.210,3673.91,1761332399999,4069153.39590,9004,2075.50,2298793.11580,0
1761332400000,1107.210,1111.510,1107.210,1109.180,9953.24,1761333299999,11047213.53260,16154,6193.25,6873869.39360,0
1761333300000,1109.180,1112.850,1109.180,1111.700,9465.17,1761334199999,10522125.19340,12803,6053.67,6729437.82290,0
1761334200000,1111.700,1113.610,1109.700,1110.280,7570.67,1761335099999,8413150.41890,11266,3498.34,3888527.33270,0
1761335100000,1110.270,1110.480,1108.620,1108.970,4094.71,1761335999999,4542746.56560,9853,1840.52,2041814.11130,0
1761336000000,1108.970,1112.110,1108.530,1111.150,5730.86,1761336899999,6364251.65420,10854,2962.82,3290090.27160,0
1761336900000,1111.160,1112.910,1111.120,1112.140,4367.12,1761337799999,4855955.54360,8847,2629.59,2923885.64350,0
1761337800000,1112.130,1112.600,1108.350,1109.510,6586.28,1761338699999,7312750.14340,10553,2416.25,2682820.38140,0
1761338700000,1109.510,1110.890,1108.750,1110.280,3305.45,1761339599999,3667430.45850,7301,1522.51,1689335.58440,0
1761339600000,1110.280,1111.000,1108.610,1109.220,5630.24,1761340499999,6249229.88740,9319,2308.12,2561948.89640,0
1761340500000,1109.220,1111.740,1108.830,1109.500,3398.69,1761341399999,3773499.07370,7702,1730.51,1921458.09390,0
1761341400000,1109.510,1110.070,1108.830,1109.000,2551.34,1761342299999,2830269.70050,5510,1103.60,1224297.93020,0
1761342300000,1109.000,1110.790,1108.640,1110.050,2242.27,1761343199999,2487828.15020,6149,1327.73,1473147.48490,0
1761343200000,1110.050,1110.200,1107.290,1107.900,4809.89,1761344099999,5330338.43860,10786,1822.31,2019415.84440,0
1761344100000,1107.900,1111.150,1107.410,1110.870,4513.93,1761344999999,5007955.95990,8688,2813.81,3122527.69800,0
1761345000000,1110.880,1111.200,1108.780,1109.740,3031.01,1761345899999,3364605.42350,7001,1455.74,1615758.81930,0
1761345900000,1109.750,1110.010,1107.370,1108.740,2832.48,1761346799999,3140085.31620,6147,1199.98,1330403.02730,0
1761346800000,1108.730,1108.740,1106.050,1106.370,4028.10,1761347699999,4459936.67910,7770,1201.14,1330020.01840,0
1761347700000,1106.370,1108.220,1106.110,1108.010,2402.04,1761348599999,2659177.81110,5577,1136.75,1258410.77130,0
1761348600000,1108.000,1108.600,1107.180,1107.600,2576.97,1761349499999,2855449.60290,5982,1541.40,1707998.44970,0
1761349500000,1107.590,1108.540,1107.120,1108.160,3129.68,1761350399999,3467527.28080,5248,1579.05,1749579.82650,0
1761350400000,1108.160,1108.900,1106.380,1106.390,8156.27,1761351299999,9034285.11420,11767,4507.06,4992508.42050,0
1761351300000,1106.390,1106.740,1103.590,1103.890,8366.42,1761352199999,9244143.57900,12253,2913.91,3219379.03780,0
1761352200000,1103.890,1104.830,1102.100,1104.060,7020.46,1761353099999,7746850.92870,12238,3003.01,3314085.44270,0
1761353100000,1104.060,1105.990,1100.000,1102.150,12690.40,1761353999999,13986769.55730,17302,4607.63,5081203.08660,0
1761354000000,1102.150,1104.560,1100.510,1104.370,4781.02,1761354899999,5268185.07250,10701,2610.71,2876979.39010,0
1761354900000,1104.360,1109.360,1103.300,1108.620,7721.14,1761355799999,8547746.88840,12241,5270.02,5835207.40220,0
1761355800000,1108.620,1110.090,1106.580,1107.390,5667.93,1761356699999,6282594.20820,10901,2506.68,2779184.17060,0
1761356700000,1107.390,1109.220,1107.260,1109.220,3635.73,1761357599999,4029839.58460,6885,2256.59,2501172.20650,0
1761357600000,1109.220,1109.800,1106.390,1107.080,4577.20,1761358499999,5071424.66480,8093,2567.85,2845157.68100,0
1761358500000,1107.070,1110.090,1106.960,1110.000,3066.83,1761359399999,3399890.27130,6588,1983.56,2199152.88380,0
1761359400000,1110.000,1112.610,1109.580,1112.510,6115.28,1761360299999,6794969.59330,10343,3607.27,4008582.61860,0
1761360300000,1112.510,1112.510,1110.710,1111.080,4040.44,1761361199999,4491028.78470,7790,1649.88,1833887.99440,0
1761361200000,1111.070,1115.570,1110.040,1114.850,14560.17,1761362099999,16206195.12660,20864,8676.76,9658215.98800,0
1761362100000,1114.850,1116.250,1113.400,1115.550,9326.14,1761362999999,10395321.69570,13697,4522.45,5040682.66060,0
1761363000000,1115.550,1117.650,1114.700,1116.390,9324.78,1761363899999,10402377.80150,11536,3769.41,4206111.97250,0
1761363900000,1116.390,1116.540,1114.410,1116.370,6856.58,1761364799999,7649200.77140,11083,3094.58,3452110.42280,0
1761364800000,1116.370,1118.000,1116.100,1117.760,8006.36,1761365699999,8945605.02350,11428,4295.16,4799313.29350,0
1761365700000,1117.770,1118.420,1115.910,1116.020,7340.89,1761366599999,8203097.32280,9507,3753.89,4195454.76430,0
1761366600000,1116.030,1116.480,1113.270,1114.210,6403.37,1761367499999,7137452.04610,10818,2099.62,2340231.74460,0
1761367500000,1114.200,1115.300,1111.390,1111.760,8028.88,1761368399999,8936092.57490,12015,2647.26,2946885.67810,0
1761368400000,1111.760,1113.540,1111.380,1111.950,5425.13,1761369299999,6034201.49780,10200,2097.09,2332646.98210,0
1761369300000,1111.950,1116.000,1111.000,1115.500,5196.15,1761370199999,5785931.06380,10073,2822.78,3143588.54310,0
1761370200000,1115.510,1117.180,1114.110,1116.660,4376.72,1761371099999,4884620.01170,8276,2481.37,2769523.07670,0
1761371100000,1116.660,1117.510,1114.970,1117.240,5203.40,1761371999999,5807596.66790,8833,2587.80,2888677.47920,0
1761372000000,1117.250,1117.320,1115.360,1116.400,4504.38,1761372899999,5028926.70110,9407,2054.06,2293273.40740,0
1761372900000,1116.410,1118.000,1116.110,1116.540,3756.33,1761373799999,4195768.89010,8167,1853.08,2069805.04780,0
1761373800000,1116.530,1117.870,1115.020,1115.190,6462.62,1761374699999,7215112.04150,10310,2674.24,2985256.08960,0
1761374700000,1115.180,1115.280,1113.500,1113.960,4445.96,1761375599999,4954529.97850,9165,1682.14,1874593.95810,0
1761375600000,1113.960,1115.750,1113.540,1115.000,3889.96,1761376499999,4336540.25270,8912,1937.34,2159752.85220,0
1761376500000,1115.000,1116.560,1114.430,1115.970,4967.45,1761377399999,5540118.83700,9272,2710.46,3023095.79160,0
1761377400000,1115.970,1117.620,1110.580,1111.800,10286.91,1761378299999,11453477.91310,16630,4156.12,4629684.60520,0
1761378300000,1111.790,1112.450,1110.000,1111.920,6725.33,1761379199999,7473687.16180,9965,3743.91,4160998.14920,0
1761379200000,1111.920,1113.210,1111.500,1113.090,3610.02,1761380099999,4015394.62110,7977,2010.23,2236034.63640,0
1761380100000,1113.090,1116.180,1113.040,1115.780,5501.53,1761380999999,6132863.15330,9274,3268.08,3642778.37060,0
1761381000000,1115.770,1116.000,1114.380,1115.080,3909.06,1761381899999,4359734.42820,7180,1949.40,2174094.42720,0
1761381900000,1115.090,1117.240,1114.550,1116.850,4690.89,1761382799999,5236666.03440,8386,2705.07,3019574.67210,0
1761382800000,1116.860,1117.690,1115.590,1116.830,6721.78,1761383699999,7506586.11050,10633,3284.49,3667719.36100,0
1761383700000,1116.820,1116.820,1112.140,1113.730,7915.42,1761384599999,8817702.00430,9728,2259.12,2516665.29450,0
1761384600000,1113.720,1115.220,1113.060,1114.000,3728.46,1761385499999,4153621.94210,7354,1860.86,2073096.97910,0
1761385500000,1113.990,1114.210,1111.300,1112.860,7633.60,1761386399999,8490768.74920,9427,3477.64,3867671.29750,0
1761386400000,1112.850,1113.880,1108.930,1109.940,9001.82,1761387299999,9997461.50820,13305,2417.30,2685358.01910,0
1761387300000,1109.930,1113.270,1109.930,1113.050,4686.31,1761388199999,5210747.78840,8525,2803.02,3116545.39970,0
1761388200000,1113.040,1114.690,1112.130,1113.990,3449.94,1761389099999,3841669.96810,8011,1834.50,2042730.87350,0
1761389100000,1114.000,1115.220,1113.220,1114.880,5148.98,1761389999999,5737189.21450,8059,3147.55,3507202.52350,0
1761390000000,1114.890,1116.160,1113.620,1113.830,4512.11,1761390899999,5031061.94880,9838,1762.70,1965733.36650,0
1761390900000,1113.830,1115.130,1113.480,1114.860,3403.88,1761391799999,3793497.14780,7298,1606.70,1790633.53920,0
1761391800000,1114.860,1116.030,1112.860,1115.280,6877.80,1761392699999,7668000.23730,8768,2652.03,2956403.93570,0
1761392700000,1115.280,1117.330,1114.740,1114.920,6928.34,1761393599999,7731377.29760,8955,4331.23,4834107.48000,0
1761393600000,1114.910,1115.980,1114.810,1115.360,5574.79,1761394499999,6217824.90720,7956,3920.58,4372904.79200,0
1761394500000,1115.370,1115.460,1113.920,1114.700,2456.94,1761395399999,2738723.52480,6181,1098.52,1224481.63980,0
1761395400000,1114.690,1115.190,1113.320,1113.990,3429.75,1761396299999,3821502.61830,6979,1654.66,1843709.06130,0
1761396300000,1113.980,1117.000,1113.860,1116.370,5946.22,1761397199999,6634316.13410,11007,3792.96,4232127.49120,0
1761397200000,1116.380,1117.500,1113.860,1114.960,8257.00,1761398099999,9211021.66250,11578,4132.69,4610737.73130,0
1761398100000,1114.950,1115.800,1112.320,1113.440,4998.68,1761398999999,5566995.86550,9461,2100.73,2339440.64070,0
1761399000000,1113.430,1113.990,1111.620,1112.150,4394.61,1761399899999,4889827.92030,8558,1957.88,2178817.96030,0
1761399900000,1112.150,1113.790,1110.810,1113.200,6288.63,1761400799999,6992428.66110,9290,3616.33,4021432.97260,0
1761400800000,1113.210,1113.640,1111.270,1112.360,3811.08,1761401699999,4239182.68120,8314,1930.47,2147273.69030,0
1761401700000,1112.350,1113.510,1111.580,1112.430,4459.67,1761402599999,4962022.14320,8041,2044.05,2274400.49790,0
1761402600000,1112.420,1112.860,1110.720,1111.740,3593.31,1761403499999,3995369.19440,8342,1864.07,2072996.74130,0
1761403500000,1111.730,1113.610,1111.180,1113.160,3940.07,1761404399999,4382924.76500,7774,2372.49,2639014.16640,0
1761404400000,1113.170,1113.170,1105.010,1106.530,22431.05,1761405299999,24852618.53310,26828,8768.20,9715699.96600,0
1761405300000,1106.520,1109.600,1106.340,1108.380,6733.40,1761406199999,7460760.99030,12476,3343.68,3704948.54050,0
1761406200000,1108.380,1111.690,1107.680,1109.970,6822.98,1761407099999,7571724.89440,10966,3999.56,4438783.78210,0
1761407100000,1109.970,1110.690,1107.740,1108.140,6177.75,1761407999999,6851037.15770,10067,2850.52,3160618.22900,0
1761408000000,1108.140,1109.360,1107.040,1108.670,5029.03,1761408899999,5573534.50120,10918,2120.13,2349672.63760,0
1761408900000,1108.680,1109.860,1108.680,1109.120,2750.16,1761409799999,3050861.68820,7465,1431.61,1588148.72410,0
1761409800000,1109.110,1110.000,1107.960,1109.990,3018.46,1761410699999,3347624.85590,7521,1530.60,1697593.60950,0
1761410700000,1110.000,1111.900,1109.360,1111.380,4455.27,1761411599999,4948996.50400,9078,2208.14,2452645.22570,0
1761411600000,1111.380,1114.500,1111.190,1114.160,5802.04,1761412499999,6459623.54070,10198,3226.59,3591840.57610,0
1761412500000,1114.170,1114.320,1112.280,1113.270,3161.56,1761413399999,3519665.22910,7421,1489.98,1658724.40940,0
1761413400000,1113.270,1113.650,1111.420,1112.000,2127.47,1761414299999,2366765.44140,5659,896.21,997069.57100,0
1761414300000,1112.000,1112.010,1109.990,1111.070,4245.92,1761415199999,4716643.14090,6547,1809.56,2009962.04720,0
1761415200000,1111.070,1112.220,1109.360,1111.960,2749.66,1761416099999,3053842.34520,7459,1496.48,1662205.04930,0
1761416100000,1111.970,1113.480,1111.620,1113.320,2064.47,1761416999999,2296622.34380,5535,1139.45,1267609.68350,0
1761417000000,1113.320,1115.220,1112.590,1113.940,4556.40,1761417899999,5075277.33960,9515,2546.78,2836814.48990,0
1761417900000,1113.940,1114.490,1112.880,1113.790,2495.37,1761418799999,2778986.21360,6050,1108.87,1234906.34460,0
1761418800000,1113.780,1115.170,1112.870,1114.590,6100.95,1761419699999,6798447.47840,8191,2420.65,2696954.65870,0
1761419700000,1114.600,1115.270,1114.170,1115.010,2570.31,1761420599999,2865303.12140,6167,1332.34,1485154.89780,0
1761420600000,1115.020,1116.430,1114.470,1114.770,4638.75,1761421499999,5174871.32880,7568,2902.77,3238456.40410,0
1761421500000,1114.760,1116.830,1114.720,1115.910,4650.07,1761422399999,5189189.96240,7517,2541.21,2835933.13090,0
1761422400000,1115.940,1116.440,1114.630,1115.610,3309.22,1761423299999,3690781.42640,7351,1397.72,1558837.69210,0
1761423300000,1115.620,1115.620,1113.590,1113.880,2420.91,1761424199999,2697792.14110,4958,550.82,613870.87550,0
1761424200000,1113.880,1114.820,1112.300,1114.020,2617.50,1761425099999,2914288.22170,6742,1277.41,1422279.17940,0
1761425100000,1114.020,1114.910,1112.730,1113.000,1791.19,1761425999999,1995366.45980,5085,879.89,980092.34160,0
1761426000000,1113.010,1115.330,1112.760,1113.990,3000.21,1761426899999,3341531.73880,6348,1297.64,1445432.90540,0
1761426900000,1114.000,1115.450,1112.650,1115.140,3440.05,1761427799999,3833726.39710,5877,1775.85,1979063.22010,0
1761427800000,1115.140,1115.580,1114.300,1115.380,1683.76,1761428699999,1877358.39710,4318,962.88,1073551.90640,0
1761428700000,1115.380,1116.490,1114.560,1116.480,1816.76,1761429599999,2026545.75720,4677,1033.01,1152381.51220,0
1761429600000,1116.490,1116.490,1114.660,1115.250,3132.22,1761430499999,3493962.67160,9266,1866.46,2081912.60510,0
1761430500000,1115.250,1116.640,1115.080,1116.410,2929.03,1761431399999,3268900.10710,5857,1517.58,1693684.00920,0
1761431400000,1116.410,1118.170,1116.410,1117.810,3420.80,1761432299999,3821786.71810,6666,1802.34,2013602.80440,0
1761432300000,1117.810,1120.900,1117.380,1119.530,9918.59,1761433199999,11105703.36570,12997,6551.25,7335437.99880,0
1761433200000,1119.540,1119.870,1116.710,1117.490,4145.74,1761434099999,4634340.93470,9238,1611.29,1801121.85340,0
1761434100000,1117.490,1117.700,1115.850,1116.510,2861.87,1761434999999,3195347.02490,6136,1344.94,1501729.51500,0
1761435000000,1116.520,1116.640,1115.280,1115.810,2190.06,1761435899999,2443527.98520,5637,944.82,1054171.69180,0
1761435900000,1115.820,1117.020,1115.350,1116.350,2338.19,1761436799999,2609588.62970,5438,1168.48,1304122.53670,0
1761436800000,1116.350,1116.790,1114.230,1116.790,4991.64,1761437699999,5568017.08580,11825,2110.77,2354607.60030,0
1761437700000,1116.800,1119.150,1116.480,1119.030,5948.03,1761438599999,6650511.67610,9673,3003.74,3358422.42040,0
1761438600000,1119.040,1121.750,1118.980,1119.930,7919.53,1761439499999,8871411.79960,12511,5245.38,5875967.83130,0
1761439500000,1119.940,1120.500,1116.590,1117.010,4995.53,1761440399999,5585510.83670,10286,1995.31,2231100.98560,0
1761440400000,1117.010,1122.970,1116.950,1121.790,11293.71,1761441299999,12654925.05860,14563,6382.56,7149881.44680,0
1761441300000,1121.800,1124.220,1121.290,1121.790,6320.79,1761442199999,7095380.33980,12179,3400.83,3817673.69020,0
1761442200000,1121.790,1121.900,1119.410,1119.990,3766.11,1761443099999,4219951.82010,8735,1431.19,1603437.19280,0
1761443100000,1119.990,1121.460,1117.530,1119.250,6668.82,1761443999999,7466385.45810,12718,2543.66,2848015.73390,0
1761444000000,1119.240,1119.240,1117.120,1117.250,5414.32,1761444899999,6053036.18130,11994,2107.21,2355625.87620,0
1761444900000,1117.260,1121.080,1117.160,1121.080,7224.88,1761445799999,8089144.07750,10488,4681.89,5241801.98580,0
1761445800000,1121.070,1123.510,1120.450,1120.530,6640.57,1761446699999,7450568.22640,10934,3466.32,3889725.43650,0
1761446700000,1120.530,1121.550,1119.410,1121.190,5059.99,1761447599999,5670493.16470,8555,2152.37,2412216.95200,0
1761447600000,1121.200,1122.000,1118.510,1119.360,6569.20,1761448499999,7357102.68280,11117,2623.23,2938364.93990,0
1761448500000,1119.370,1120.390,1118.850,1119.180,3089.33,1761449399999,3459232.11340,7687,1801.01,2016769.08390,0
1761449400000,1119.180,1120.420,1117.260,1117.620,3856.73,1761450299999,4314437.11160,9075,1727.71,1933254.21300,0
1761450300000,1117.620,1117.620,1114.710,1116.590,8205.60,1761451199999,9158194.15380,10390,3058.12,3413231.09260,0
1761451200000,1116.590,1118.720,1116.440,1118.330,3559.89,1761452099999,3979271.92900,7767,1983.30,2216756.31970,0
1761452100000,1118.340,1118.810,1117.410,1118.710,2442.41,1761452999999,2730862.20630,5351,1276.00,1426728.47190,0
1761453000000,1118.710,1119.310,1116.110,1116.520,2599.83,1761453899999,2906078.62180,6346,1069.09,1195180.27980,0
1761453900000,1116.520,1117.920,1116.520,1117.720,2364.08,1761454799999,2641221.24860,5529,1344.23,1501768.43890,0
1761454800000,1117.730,1118.000,1115.480,1117.260,4069.31,1761455699999,4543707.77740,9605,2023.93,2259938.43050,0
1761455700000,1117.270,1118.350,1116.940,1118.160,1405.27,1761456599999,1570734.24070,4936,818.81,915213.71240,0
1761456600000,1118.170,1120.250,1117.780,1119.180,3525.14,1761457499999,3945351.06540,8801,1793.47,2007313.58410,0
1761457500000,1119.190,1121.000,1118.700,1120.000,3573.78,1761458399999,4002856.17250,6288,2287.79,2562557.28130,0
1761458400000,1120.000,1120.680,1118.770,1120.410,2946.65,1761459299999,3299685.09010,6438,1277.53,1430489.24680,0
1761459300000,1120.410,1121.850,1119.770,1121.190,3636.52,1761460199999,4076427.91240,6657,1985.16,2225542.29980,0
1761460200000,1121.200,1121.690,1118.950,1119.470,3278.26,1761461099999,3671928.62990,7047,1269.15,1421861.97770,0
1761461100000,1119.470,1120.790,1119.050,1120.650,1761.91,1761461999999,1973041.76240,4838,1034.30,1158312.25130,0
1761462000000,1120.660,1122.220,1120.410,1120.730,4853.61,1761462899999,5442930.25750,6593,1446.70,1622174.83930,0
1761462900000,1120.740,1121.430,1119.410,1119.420,2595.28,1761463799999,2907534.96280,5943,1217.97,1364578.45500,0
1761463800000,1119.410,1120.260,1119.000,1119.630,3975.90,1761464699999,4450939.20540,6100,2544.31,2848370.76980,0
1761464700000,1119.630,1121.230,1119.570,1120.170,4175.21,1761465599999,4677837.18700,7078,2673.58,2995324.45900,0
1761465600000,1120.170,1122.000,1120.170,1122.000,4509.75,1761466499999,5056808.23440,9378,2379.14,2667737.24740,0
1761466500000,1122.000,1123.180,1120.630,1122.660,5708.08,1761467399999,6403178.40720,9587,2447.30,2745582.93100,0
1761467400000,1122.660,1125.000,1122.370,1124.320,9698.49,1761468299999,10897570.12110,14196,5080.66,5708727.20590,0
1761468300000,1124.310,1125.000,1122.440,1122.440,6997.21,1761469199999,7864195.06080,10541,2988.14,3359220.08220,0
1761469200000,1122.440,1122.820,1120.860,1121.370,3653.18,1761470099999,4096663.03880,8388,1683.38,1887685.53090,0
1761470100000,1121.370,1130.000,1121.360,1129.990,26049.29,1761470999999,29377201.62070,25239,16974.79,19144261.91750,0
1761471000000,1130.000,1132.530,1124.750,1125.620,32063.84,1761471899999,36165096.73630,31720,13864.31,15641676.93890,0
1761471900000,1125.620,1126.320,1122.070,1124.770,12261.26,1761472799999,13782481.27880,16958,5033.95,5659844.35560,0
1761472800000,1124.760,1125.070,1120.000,1120.650,12578.80,1761473699999,14110080.01530,16696,5522.64,6195213.27800,0
1761473700000,1120.650,1122.310,1120.000,1122.180,5832.26,1761474599999,6539947.89970,9081,3014.38,3379896.05850,0
1761474600000,1122.190,1124.490,1121.630,1124.270,5208.00,1761475499999,5850176.29650,9399,2737.37,3075045.05840,0
1761475500000,1124.270,1124.660,1122.540,1124.640,4727.45,1761476399999,5312862.59290,7918,2446.38,2749342.80870,0
1761476400000,1124.630,1125.390,1122.450,1125.050,3933.06,1761477299999,4421506.95760,9683,1671.26,1879041.23170,0
1761477300000,1125.040,1130.000,1125.040,1129.670,12259.64,1761478199999,13827779.05050,15481,7727.62,8715889.38100,0
1761478200000,1129.660,1135.180,1128.730,1133.330,26618.10,1761479099999,30125514.92930,32246,12857.20,14554147.80970,0
1761479100000,1133.340,1135.800,1130.310,1134.790,22336.39,1761479999999,25318028.72610,30225,9415.40,10674440.64470,0
1761480000000,1134.790,1136.900,1133.260,1134.330,17024.46,1761480899999,19323472.80750,25781,7780.13,8832187.49000,0
1761480900000,1134.330,1135.410,1131.090,1133.640,13608.53,1761481799999,15415728.06490,20201,6748.57,7644072.80040,0
1761481800000,1133.640,1134.870,1131.530,1133.370,7845.83,1761482699999,8892006.78620,13960,3271.88,3708481.48880,0
1761482700000,1133.370,1138.700,1133.340,1137.580,20487.82,1761483599999,23277711.99850,21799,13977.43,15881808.19250,0
1761483600000,1137.570,1138.740,1133.200,1134.030,10773.26,1761484499999,12237880.79460,20339,4702.98,5343137.02670,0
1761484500000,1134.020,1135.930,1132.140,1135.770,10336.57,1761485399999,11722280.52390,14699,4558.38,5169327.00700,0
1761485400000,1135.800,1138.700,1135.740,1136.750,9522.13,1761486299999,10828071.33350,17456,4692.76,5336270.37900,0
1761486300000,1136.750,1138.310,1133.450,1134.760,12193.46,1761487199999,13850925.44860,19413,5384.55,6116539.15490,0
1761487200000,1134.760,1136.220,1132.540,1134.340,8576.49,1761488099999,9729175.06380,16089,3854.98,4373237.27800,0
1761488100000,1134.350,1135.020,1127.830,1131.930,22204.89,1761488999999,25109200.50900,24864,6966.67,7878125.30760,0
1761489000000,1131.930,1133.000,1130.490,1131.910,9032.46,1761489899999,10223166.19110,13145,4117.66,4660538.27740,0
1761489900000,1131.920,1131.970,1126.500,1127.470,15770.09,1761490799999,17794173.08700,16485,7213.64,8136963.90260,0
1761490800000,1127.460,1130.530,1126.330,1130.170,10528.35,1761491699999,11878439.70010,15682,6427.11,7251652.44470,0
1761491700000,1130.170,1133.650,1130.050,1132.570,10782.51,1761492599999,12207612.72730,11687,6803.61,7703906.94080,0
1761492600000,1132.560,1133.370,1130.910,1131.820,4103.37,1761493499999,4645213.42930,7668,1843.77,2087194.08640,0
1761493500000,1131.830,1133.820,1131.770,1132.890,6894.58,1761494399999,7810233.60470,7820,4630.57,5245519.77680,0
1761494400000,1132.890,1133.420,1129.600,1129.610,8158.34,1761495299999,9224828.86160,12144,2338.38,2644424.71950,0
1761495300000,1129.610,1129.610,1126.630,1127.520,9796.86,1761496199999,11047809.53060,14261,3305.15,3727279.59450,0
1761496200000,1127.510,1128.870,1126.280,1128.130,5046.90,1761497099999,5691354.72960,9574,2271.96,2562184.45110,0
1761497100000,1128.130,1129.080,1124.010,1124.660,9706.01,1761497999999,10932953.38960,12802,3372.69,3799850.36130,0
1761498000000,1124.650,1127.330,1122.620,1127.090,8547.65,1761498899999,9614822.05010,13927,4309.58,4849080.70730,0
1761498900000,1127.090,1127.470,1126.390,1126.860,2413.61,1761499799999,2720134.35180,6097,1241.02,1398610.59690,0
1761499800000,1126.860,1127.740,1126.380,1126.680,1930.15,1761500699999,2175502.86090,5321,837.63,944161.88850,0
1761500700000,1126.670,1126.970,1125.240,1126.610,3228.65,1761501599999,3635715.26960,7017,1591.66,1792533.84130,0
1761501600000,1126.620,1128.380,1126.450,1127.600,4787.63,1761502499999,5398331.01680,9017,2472.24,2787595.07230,0
1761502500000,1127.600,1129.760,1127.600,1127.790,4080.76,1761503399999,4605928.17950,6932,2398.20,2707098.97020,0
1761503400000,1127.780,1130.510,1127.620,1129.830,3107.88,1761504299999,3510910.75650,7005,2039.71,2304126.24600,0
1761504300000,1129.840,1130.680,1128.790,1129.450,3575.77,1761505199999,4040312.14390,5940,2055.15,2322286.11400,0
1761505200000,1129.460,1129.460,1127.160,1127.860,2365.25,1761506099999,2668296.12450,5787,876.31,988625.32830,0
1761506100000,1127.860,1128.220,1126.530,1127.110,2607.33,1761506999999,2938913.91060,5025,1148.83,1294833.40240,0
1761507000000,1127.100,1127.620,1126.140,1127.430,2162.71,1761507899999,2437329.72970,4816,1080.62,1217838.53310,0
1761507900000,1127.420,1127.810,1124.290,1126.370,9954.48,1761508799999,11203716.60200,7771,5000.84,5626987.62330,0
1761508800000,1126.360,1126.760,1125.340,1125.470,2983.41,1761509699999,3359351.12960,6083,788.92,888344.11550,0
1761509700000,1125.470,1125.600,1122.350,1123.720,4066.58,1761510599999,4570781.77630,8146,1103.25,1240007.63920,0
1761510600000,1123.720,1126.200,1123.720,1125.760,2254.52,1761511499999,2537172.98890,5547,1058.81,1191358.53290,0
1761511500000,1125.750,1126.150,1123.900,1124.130,3946.77,1761512399999,4439096.24570,5733,1515.89,1704810.95730,0
1761512400000,1124.120,1128.000,1124.050,1127.960,3186.53,1761513299999,3586530.34720,6687,1459.78,1643099.48110,0
1761513300000,1127.950,1128.040,1124.610,1126.240,2431.08,1761514199999,2739558.93790,5625,1147.02,1292422.90350,0
1761514200000,1126.250,1128.850,1123.170,1128.110,6913.86,1761515099999,7789396.23280,9531,4015.06,4525096.48620,0
1761515100000,1128.110,1131.500,1127.670,1131.030,4932.29,1761515999999,5573895.25890,8440,2745.89,3103063.68030,0
1761516000000,1131.030,1141.690,1131.020,1137.200,38436.65,1761516899999,43735053.74750,49368,19740.38,22459145.60430,0
1761516900000,1137.190,1138.730,1135.270,1136.210,10644.61,1761517799999,12103449.10280,19522,5306.95,6034439.91800,0
1761517800000,1136.200,1139.460,1135.640,1139.180,6593.41,1761518699999,7500682.23440,14426,3503.29,3985686.69060,0
1761518700000,1139.170,1142.790,1138.800,1140.400,10005.14,1761519599999,11414922.49300,16841,6116.62,6978699.95850,0
1761519600000,1140.400,1142.990,1139.160,1140.730,13478.85,1761520499999,15386327.65450,21676,7775.79,8877555.85840,0
1761520500000,1140.730,1140.810,1137.580,1137.580,5424.69,1761521399999,6179776.71690,14231,2411.24,2746992.25440,0
1761521400000,1137.590,1141.780,1137.390,1139.170,6442.62,1761522299999,7341924.70080,15479,3478.34,3964000.11110,0
1761522300000,1139.180,1140.310,1136.220,1137.870,8377.53,1761523199999,9529687.20040,14749,3047.55,3466729.32240,0
1761523200000,1137.870,1143.580,1136.810,1140.760,14524.30,1761524099999,16569034.09690,22485,8206.03,9360850.35850,0
1761524100000,1140.760,1143.420,1139.910,1142.060,11932.93,1761524999999,13628648.18220,17084,6677.02,7625670.60010,0
1761525000000,1142.070,1146.060,1140.740,1141.760,14622.72,1761525899999,16720204.42820,22779,8083.53,9244500.99750,0
1761525900000,1141.770,1141.820,1138.290,1138.790,10237.56,1761526799999,11666368.08290,15769,3856.67,4395190.28670,0
1761526800000,1138.790,1140.660,1137.100,1138.760,8492.15,1761527699999,9673631.99800,18304,3756.06,4279387.17580,0
1761527700000,1138.770,1145.410,1138.000,1144.770,19469.26,1761528599999,22233888.75750,22576,12663.59,14461138.89070,0
1761528600000,1144.780,1151.970,1143.840,1150.000,24926.62,1761529499999,28633003.08160,32068,13541.25,15556354.19830,0
1761529500000,1150.000,1152.930,1150.000,1150.360,12249.13,1761530399999,14103525.82770,19806,6755.62,7778384.94970,0
1761530400000,1150.400,1163.610,1148.370,1159.660,42981.09,1761531299999,49733503.99680,49179,25719.12,29762634.66280,0
1761531300000,1159.670,1161.520,1154.860,1157.150,19415.95,1761532199999,22483079.93720,27326,8629.15,9995720.43190,0
1761532200000,1157.160,1159.780,1154.170,1157.450,16355.15,1761533099999,18924627.37130,21883,6866.66,7945399.57160,0
1761533100000,1157.460,1158.210,1153.080,1154.190,10165.66,1761533999999,11742999.70290,15804,3651.63,4218176.62380,0
1761534000000,1154.200,1156.670,1153.000,1156.140,7868.72,1761534899999,9085306.60210,16604,3994.03,4612280.42060,0
1761534900000,1156.150,1158.610,1155.240,1155.490,8822.26,1761535799999,10208412.69340,17054,3379.67,3911031.91400,0
1761535800000,1155.500,1156.290,1151.780,1152.940,9750.38,1761536699999,11251092.42320,15499,3462.11,3995397.42130,0
1761536700000,1152.950,1154.900,1150.010,1151.060,9137.02,1761537599999,10525661.91990,16130,3051.57,3515999.61540,0
1761537600000,1151.070,1152.200,1140.000,1144.030,31278.62,1761538499999,35841381.12400,40709,10315.19,11816708.96460,0
1761538500000,1144.040,1147.560,1142.160,1147.420,12129.00,1761539399999,13884925.43630,20326,6308.45,7224120.03910,0
1761539400000,1147.430,1147.510,1142.250,1145.380,8785.02,1761540299999,10054841.58130,15179,3256.10,3727383.37760,0
1761540300000,1145.370,1146.500,1143.440,1144.290,7208.75,1761541199999,8254643.49980,14269,4109.70,4706178.52530,0
1761541200000,1144.290,1149.360,1143.170,1149.360,14650.92,1761542099999,16790382.58680,22323,7109.36,8149597.96530,0
1761542100000,1149.360,1154.450,1148.870,1153.020,16882.13,1761542999999,19441134.59830,25969,9551.40,10999655.14180,0
1761543000000,1153.020,1153.290,1150.150,1152.090,7547.66,1761543899999,8691146.25550,12674,2581.02,2972484.99030,0
1761543900000,1152.090,1152.290,1148.580,1149.440,5917.15,1761544799999,6807628.10170,12513,2622.86,3018055.71630,0
1761544800000,1149.440,1149.960,1145.650,1146.670,7153.54,1761545699999,8207406.55440,14854,2634.67,3023094.91310,0
1761545700000,1146.670,1150.610,1146.190,1150.000,6718.68,1761546599999,7721302.70110,13892,3562.40,4093783.99130,0
1761546600000,1150.000,1150.170,1146.000,1148.950,9941.15,1761547499999,11417318.26130,16206,4511.78,5182190.56490,0
1761547500000,1148.960,1153.280,1148.950,1153.180,11059.92,1761548399999,12732815.98690,18598,5731.22,6597674.25280,0
1761548400000,1153.180,1158.480,1152.440,1155.780,37150.69,1761549299999,42935900.61580,34900,14011.79,16191356.23600,0
1761549300000,1155.790,1161.700,1155.610,1161.700,27679.49,1761550199999,32085142.70380,31436,12643.16,14654266.23320,0
1761550200000,1161.460,1161.470,1151.630,1157.080,34982.22,1761551099999,40445392.33610,40926,12584.18,14547077.27880,0
1761551100000,1157.070,1159.360,1155.440,1157.010,16281.37,1761551999999,18840009.65340,22432,6344.31,7342260.88270,0
1761552000000,1157.010,1157.400,1151.160,1152.630,20032.51,1761552899999,23122292.77370,25912,9252.34,10679632.28200,0
1761552900000,1152.640,1154.570,1149.290,1149.510,30884.30,1761553799999,35599992.89520,24160,6995.09,8062075.87600,0
1761553800000,1149.510,1158.820,1149.250,1157.490,20982.90,1761554699999,24246596.66640,29389,11993.50,13855082.26570,0
1761554700000,1157.500,1157.860,1150.810,1152.840,31400.28,1761555599999,36241111.64890,25865,9186.80,10601957.14840,0
1761555600000,1152.850,1157.450,1147.200,1157.250,37259.63,1761556499999,42904969.48910,36943,13787.63,15883648.90290,0
1761556500000,1157.240,1157.500,1153.210,1156.850,11627.59,1761557399999,13436138.33590,20553,5500.71,6356105.13760,0
1761557400000,1156.840,1158.990,1155.820,1158.270,12048.96,1761558299999,13948204.79410,18804,6054.87,7009549.26830,0
1761558300000,1158.270,1158.270,1155.170,1156.720,4460.12,1761559199999,5158542.54900,11937,2251.36,2603726.49350,0
1761559200000,1156.720,1157.130,1151.630,1151.970,14847.42,1761560099999,17132751.53540,23366,7299.52,8424317.49440,0
1761560100000,1151.980,1155.050,1151.690,1153.630,9705.68,1761560999999,11192528.33460,15721,6498.33,7493528.58270,0
1761561000000,1153.620,1154.140,1150.330,1151.420,11036.43,1761561899999,12708375.12520,13345,6768.35,7793011.46820,0
1761561900000,1151.430,1157.320,1151.360,1156.260,6899.73,1761562799999,7968618.45170,14433,3845.36,4440609.68570,0
1761562800000,1156.260,1158.870,1155.740,1158.250,8261.28,1761563699999,9563567.73040,14857,4094.75,4739419.07900,0
1761563700000,1158.260,1159.070,1153.350,1155.880,18132.47,1761564599999,20955051.08910,19048,5358.49,6191001.79210,0
1761564600000,1155.870,1170.840,1154.590,1170.720,37388.41,1761565499999,43552196.48190,45037,21620.07,25184072.26960,0
1761565500000,1170.730,1180.230,1166.500,1180.040,44252.54,1761566399999,51908996.36290,52997,25930.14,30427945.98230,0
1761566400000,1180.050,1182.760,1171.000,1172.890,45061.46,1761567299999,53040195.18050,57814,21350.34,25135296.73060,0
1761567300000,1172.890,1177.000,1170.880,1173.390,18157.55,1761568199999,21319549.57460,25366,7743.66,9092744.50140,0
1761568200000,1173.390,1173.780,1167.000,1169.140,27595.94,1761569099999,32261279.72750,34217,12482.76,14592654.02770,0
1761569100000,1169.150,1169.530,1165.250,1167.180,10934.98,1761569999999,12761934.09010,20079,4528.27,5285058.92030,0
1761570000000,1167.180,1172.450,1165.430,1169.770,13399.63,1761570899999,15663385.26920,21404,8525.42,9964886.39960,0
1761570900000,1169.770,1174.910,1169.330,1172.240,10323.06,1761571799999,12105640.61870,19687,5043.71,5914249.26390,0
1761571800000,1172.250,1173.880,1139.410,1150.180,118583.83,1761572699999,136647647.34200,106390,42899.49,49449221.51390,0
1761572700000,1150.270,1156.000,1147.040,1151.990,44215.57,1761573599999,50929746.68290,53377,23079.79,26584473.44700,0
1761573600000,1151.990,1155.360,1142.420,1144.920,37653.13,1761574499999,43213710.97430,44823,17532.71,20122597.52190,0
1761574500000,1144.920,1145.500,1136.780,1142.850,32827.76,1761575399999,37480145.20540,40106,16163.14,18459931.78720,0
1761575400000,1142.860,1144.230,1139.090,1140.000,26623.71,1761576299999,30406212.89460,28742,13844.75,15814956.38180,0
1761576300000,1140.010,1141.530,1129.000,1134.370,41117.80,1761577199999,46659479.45830,51034,14825.50,16834888.40020,0
1761577200000,1134.370,1142.540,1134.000,1140.740,19750.19,1761578099999,22501799.90730,36232,10430.06,11881500.58790,0
1761578100000,1140.750,1142.670,1138.340,1141.690,11847.72,1761578999999,13512526.67190,28509,5939.98,6775624.79170,0
1761579000000,1141.690,1142.940,1138.080,1139.470,10017.58,1761579899999,11424928.00870,25225,5143.77,5866613.04350,0
1761579900000,1139.470,1144.680,1139.000,1143.000,20057.02,1761580799999,22898045.83150,23697,9574.32,10930751.67220,0
1761580800000,1143.000,1148.190,1143.000,1147.930,19671.57,1761581699999,22537855.19920,31008,11599.49,13289772.91430,0
1761581700000,1147.930,1149.360,1144.770,1147.610,14971.97,1761582599999,17174396.40570,25770,7981.74,9157215.64850,0
1761582600000,1147.620,1150.700,1146.820,1147.360,12172.13,1761583499999,13988152.44230,21085,6448.10,7411145.68000,0
1761583500000,1147.370,1147.590,1143.040,1145.980,14238.33,1761584399999,16305721.22070,23328,5755.97,6592136.99800,0
1761584400000,1145.970,1148.840,1145.000,1146.810,9755.74,1761585299999,11189129.97750,18507,5543.91,6359070.60900,0
1761585300000,1146.800,1147.840,1145.000,1145.930,6623.05,1761586199999,7593107.16180,14026,2506.18,2874129.61830,0
1761586200000,1145.930,1150.000,1145.710,1149.110,7558.36,1761587099999,8679050.11500,13079,3985.30,4576580.62150,0
1761587100000,1149.110,1150.530,1147.960,1149.640,5874.05,1761587999999,6752987.48930,11478,3491.54,4014111.65620,0
1761588000000,1149.640,1153.000,1148.330,1151.270,8293.15,1761588899999,9546161.31690,16636,4632.03,5331577.50050,0
1761588900000,1151.260,1151.440,1144.400,1144.480,7707.25,1761589799999,8840448.11530,15774,3101.97,3556914.81080,0
1761589800000,1144.490,1147.680,1144.210,1147.440,5407.43,1761590699999,6196572.10140,12320,3156.34,3617013.13710,0
1761590700000,1147.440,1148.440,1146.060,1146.580,3768.36,1761591599999,4323355.53130,8685,1791.64,2055311.41130,0
1761591600000,1146.570,1148.870,1142.910,1148.660,7779.20,1761592499999,8908060.15870,15279,4309.48,4934144.86250,0
1761592500000,1148.670,1148.670,1145.500,1145.950,3186.35,1761593399999,3655066.03440,9572,1350.10,1548701.39340,0
1761593400000,1145.950,1146.630,1141.280,1143.480,12033.54,1761594299999,13757036.07190,20533,5301.97,6062514.80810,0
1761594300000,1143.480,1145.490,1143.180,1144.750,3754.32,1761595199999,4295636.11530,9039,2045.51,2340724.69290,0
1761595200000,1144.750,1146.700,1141.270,1142.680,12526.52,1761596099999,14320880.02540,19240,4506.73,5153804.09760,0
1761596100000,1142.690,1145.550,1142.030,1142.470,3091.69,1761596999999,3535227.41590,8590,1292.86,1478488.50140,0
1761597000000,1142.480,1144.350,1141.270,1143.770,9341.48,1761597899999,10666158.04650,11444,3083.57,3522093.05600,0
1761597900000,1143.770,1145.190,1141.870,1142.490,4541.51,1761598799999,5193923.81240,10042,2097.01,2398442.55030,0
1761598800000,1142.480,1147.090,1141.410,1143.710,9194.35,1761599699999,10520989.28540,15783,4936.80,5649575.50710,0
1761599700000,1143.720,1143.720,1136.050,1136.230,18668.60,1761600599999,21273951.14450,20643,4789.05,5457185.80740,0
1761600600000,1136.230,1141.340,1135.080,1140.400,6354.32,1761601499999,7234000.04340,11717,2891.90,3292886.26450,0
1761601500000,1140.410,1143.680,1140.230,1140.430,3223.18,1761602399999,3681152.53270,8083,1750.81,1999701.10370,0
1761602400000,1140.430,1144.260,1138.580,1142.760,6934.65,1761603299999,7920547.90870,14999,3227.64,3686388.78380,0
1761603300000,1142.770,1144.400,1141.040,1142.460,3379.26,1761604199999,3861073.22790,11052,1985.37,2268415.56200,0
1761604200000,1142.470,1142.680,1135.560,1135.820,6893.23,1761605099999,7846855.85450,15288,2843.54,3236951.42400,0
1761605100000,1135.820,1139.360,1135.000,1136.040,6505.07,1761605999999,7392811.94890,12982,2867.93,3260365.58800,0
1761606000000,1136.030,1136.490,1133.310,1134.960,10993.70,1761606899999,12476703.31430,20183,4968.68,5638944.36080,0
1761606900000,1134.950,1137.600,1132.010,1136.930,6997.96,1761607799999,7939730.57590,16995,3471.21,3939046.51530,0
1761607800000,1136.940,1141.620,1136.850,1141.320,5429.17,1761608699999,6184183.69980,12521,3233.67,3683848.62800,0
1761608700000,1141.310,1141.510,1138.200,1138.380,5404.38,1761609599999,6161187.86010,8982,2541.22,2897076.58540,0
1761609600000,1138.370,1140.000,1135.900,1139.380,8839.45,1761610499999,10057862.18390,15272,4644.65,5285779.24530,0
1761610500000,1139.380,1142.270,1139.240,1141.760,5692.57,1761611399999,6494492.82450,12230,3538.66,4037418.32010,0
1761611400000,1141.770,1141.770,1137.720,1140.280,10574.57,1761612299999,12054933.00130,15407,6243.08,7117213.93210,0
1761612300000,1140.270,1141.230,1137.650,1139.030,4919.47,1761613199999,5605762.60780,12416,2039.99,2324399.83060,0
1761613200000,1139.040,1142.950,1139.040,1141.300,6826.10,1761614099999,7788323.79970,14696,4083.45,4659203.27650,0
1761614100000,1141.300,1143.420,1140.400,1140.400,3376.72,1761614999999,3856059.00800,9445,1848.60,2110970.29280,0
1761615000000,1140.410,1146.490,1139.390,1145.250,7988.89,1761615899999,9136330.62180,14116,4820.38,5513486.36030,0
1761615900000,1145.250,1147.330,1144.910,1145.070,5727.05,1761616799999,6563708.84490,11582,2772.39,3177576.87010,0
1761616800000,1145.080,1146.130,1139.870,1140.470,6828.53,1761617699999,7802957.34550,15353,3450.70,3943351.67290,0
1761617700000,1140.460,1140.850,1134.420,1136.320,12445.64,1761618599999,14149835.41280,19546,4687.20,5327809.87220,0
1761618600000,1136.310,1138.410,1135.180,1136.620,5105.15,1761619499999,5802331.07600,12946,2577.32,2929415.30560,0
1761619500000,1136.610,1137.660,1130.400,1133.600,15850.51,1761620399999,17957019.33580,25492,7163.00,8115859.80610,0
1761620400000,1133.590,1137.950,1131.260,1131.590,9226.29,1761621299999,10471981.98160,20634,4642.03,5269304.64390,0
1761621300000,1131.590,1138.270,1131.560,1137.210,10736.99,1761622199999,12191160.61760,19917,6200.22,7039374.99110,0
1761622200000,1137.210,1137.750,1132.650,1134.480,4031.99,1761623099999,4575100.37040,12474,2053.41,2329815.25600,0
1761623100000,1134.470,1138.490,1134.070,1137.940,4543.63,1761623999999,5163387.87470,13087,2313.68,2629028.75700,0
1761624000000,1137.930,1138.230,1134.560,1138.180,4090.87,1761624899999,4650178.98910,12098,1962.71,2230959.19010,0
1761624900000,1138.180,1140.120,1136.910,1138.610,4700.90,1761625799999,5352514.24690,12644,2650.61,3018054.62360,0
1761625800000,1138.610,1139.950,1137.320,1139.060,4909.36,1761626699999,5591254.54330,11714,2859.26,3256291.91320,0
1761626700000,1139.060,1143.240,1138.950,1141.040,5776.42,1761627599999,6596039.93040,12867,2815.49,3215101.02230,0
1761627600000,1141.030,1141.880,1136.390,1137.190,6280.98,1761628499999,7152546.15660,15284,2675.31,3045594.58600,0
1761628500000,1137.190,1138.730,1124.710,1134.560,27419.67,1761629399999,31050108.40140,28443,6663.90,7552266.77900,0
1761629400000,1134.560,1134.560,1123.630,1125.360,26426.20,1761630299999,29802748.57550,40079,9574.20,10797560.52840,0
1761630300000,1125.350,1127.800,1120.100,1121.400,25423.50,1761631199999,28580836.77430,40297,9955.68,11194603.45530,0
1761631200000,1121.410,1126.410,1121.360,1124.970,10756.00,1761632099999,12090292.97990,23272,6012.05,6757899.92830,0
1761632100000,1124.960,1127.610,1123.510,1126.720,6816.98,1761632999999,7675137.38940,16805,4050.12,4559963.78740,0
1761633000000,1126.730,1129.310,1125.720,1128.550,8536.35,1761633899999,9627695.07460,16600,4427.77,4994245.18510,0
1761633900000,1128.550,1130.750,1128.220,1130.130,7563.16,1761634799999,8542678.85570,15017,4585.79,5180085.84710,0
1761634800000,1130.140,1133.000,1129.130,1130.190,12132.69,1761635699999,13723008.51120,19295,4697.19,5313271.49880,0
1761635700000,1130.180,1133.500,1129.550,1133.330,6411.75,1761636599999,7258711.94070,14120,3490.32,3950922.73410,0
1761636600000,1133.340,1134.280,1131.100,1133.330,4177.70,1761637499999,4731165.10380,11423,1830.33,2073003.20700,0
1761637500000,1133.340,1133.790,1130.380,1131.620,4205.34,1761638399999,4759313.68660,10656,2018.33,2284303.00220,0
1761638400000,1131.630,1132.330,1129.030,1129.440,4736.75,1761639299999,5355824.08540,12476,2026.67,2291918.37040,0
1761639300000,1129.430,1135.580,1129.180,1135.160,5003.56,1761640199999,5669012.97430,13656,3087.00,3498026.65770,0
1761640200000,1135.170,1136.430,1134.560,1135.280,7463.60,1761641099999,8475709.27360,15205,3943.95,4478767.81710,0
1761641100000,1135.280,1136.800,1134.000,1134.110,4616.76,1761641999999,5242870.37740,11390,2236.98,2540648.97020,0
1761642000000,1134.100,1136.090,1132.250,1132.760,4657.43,1761642899999,5281779.27120,12416,2119.98,2404584.24220,0
1761642900000,1132.750,1134.900,1131.180,1131.490,4144.60,1761643799999,4695565.56220,10854,1733.51,1964425.47890,0
1761643800000,1131.480,1135.420,1130.770,1134.340,4620.84,1761644699999,5234032.43920,10950,2215.12,2509244.76920,0
1761644700000,1134.350,1135.610,1133.600,1135.190,2927.72,1761645599999,3322047.53950,7361,1367.54,1551711.61150,0
1761645600000,1135.190,1138.440,1133.450,1134.360,12846.03,1761646499999,14596210.28200,15483,6684.47,7595825.13850,0
1761646500000,1134.360,1136.170,1132.300,1136.160,4062.10,1761647399999,4607817.72220,8975,2308.94,2619532.18490,0
1761647400000,1136.160,1136.170,1132.680,1134.490,3642.86,1761648299999,4130652.38390,7987,1355.17,1536903.35100,0
1761648300000,1134.500,1135.870,1134.500,1135.630,2816.82,1761649199999,3198106.92900,7129,1595.91,1811854.06270,0
1761649200000,1135.640,1135.650,1133.830,1134.480,3986.80,1761650099999,4523124.90340,9870,1683.89,1910261.54540,0
1761650100000,1134.480,1136.000,1133.420,1134.850,2925.26,1761650999999,3319880.31520,8916,1260.93,1431035.96730,0
1761651000000,1134.850,1137.260,1134.760,1136.120,5135.89,1761651899999,5834285.78700,10137,2945.07,3346052.09410,0
1761651900000,1136.120,1136.130,1131.000,1131.630,10505.98,1761652799999,11901989.85000,13753,3775.27,4276606.18930,0
1761652800000,1131.620,1136.260,1131.520,1135.690,6480.82,1761653699999,7351960.40830,12817,3471.92,3938220.48620,0
1761653700000,1135.690,1135.990,1133.580,1135.520,3385.05,1761654599999,3841237.52880,8755,1431.04,1623906.08710,0
1761654600000,1135.500,1138.930,1135.300,1138.590,9431.43,1761655499999,10726356.98560,14028,6063.65,6896582.01940,0
1761655500000,1138.580,1141.480,1137.600,1139.950,9850.38,1761656399999,11224388.26150,15385,5756.82,6560137.76510,0
1761656400000,1139.960,1144.400,1139.960,1142.760,13646.33,1761657299999,15589836.83620,22616,7654.14,8744281.02780,0
1761657300000,1142.760,1147.170,1141.480,1144.330,13184.18,1761658199999,15087488.07480,23521,7364.45,8428534.57170,0
1761658200000,1144.340,1145.780,1140.030,1143.890,14365.06,1761659099999,16407494.03510,23208,6675.22,7624282.66060,0
1761659100000,1143.890,1146.120,1141.650,1143.870,11551.45,1761659999999,13215208.12610,21699,6194.96,7087295.26800,0
1761660000000,1143.880,1144.420,1140.030,1143.200,10648.81,1761660899999,12164350.21030,20447,4416.26,5045613.63610,0
1761660900000,1143.200,1146.070,1141.920,1143.990,10489.43,1761661799999,12003042.72320,18481,6267.76,7172482.41000,0
1761661800000,1144.000,1145.460,1132.360,1134.370,27511.16,1761662699999,31320781.82410,38021,10921.72,12430522.25390,0
1761662700000,1134.360,1138.070,1126.490,1136.720,32807.10,1761663599999,37139289.67820,42324,15757.61,17840386.68120,0
1761663600000,1136.730,1140.430,1136.720,1139.160,10402.83,1761664499999,11843584.90350,19672,5266.72,5996653.33850,0
1761664500000,1139.160,1139.160,1134.210,1135.830,7744.39,1761665399999,8800348.96160,17315,3419.83,3886590.41150,0
1761665400000,1135.830,1136.330,1131.050,1131.510,17252.94,1761666299999,19563897.66700,24825,8648.90,9808316.55690,0
1761666300000,1131.510,1136.680,1130.550,1135.200,8287.07,1761667199999,9402828.04830,14293,4403.42,4998281.70870,0
1761667200000,1135.210,1138.350,1134.230,1137.390,7433.11,1761668099999,8447986.79010,15743,3933.46,4470508.47120,0
1761668100000,1137.390,1137.830,1134.490,1136.910,7815.27,1761668999999,8877893.16090,16874,4144.55,4707915.08150,0
1761669000000,1136.920,1141.520,1136.770,1141.460,9195.77,1761669899999,10482109.13560,20225,5106.50,5820580.93990,0
1761669900000,1141.470,1146.670,1141.460,1144.030,15848.32,1761670799999,18140604.39150,21418,8802.32,10074774.70980,0
1761670800000,1144.030,1146.280,1143.330,1145.370,6816.71,1761671699999,7804499.26800,14419,3431.04,3928444.44190,0
1761671700000,1145.380,1146.360,1142.880,1144.270,9243.32,1761672599999,10580537.47560,14181,4102.47,4696678.61840,0
1761672600000,1144.270,1148.570,1142.730,1148.410,9766.34,1761673499999,11195357.85340,15791,5772.30,6617402.23990,0
1761673500000,1148.410,1148.900,1145.060,1147.170,7512.09,1761674399999,8615634.96620,13223,2910.64,3338794.78220,0
1761674400000,1147.160,1147.160,1141.400,1145.190,10432.04,1761675299999,11930938.45910,17396,4204.20,4808093.98530,0
1761675300000,1145.190,1146.430,1140.000,1141.030,6270.94,1761676199999,7169431.93590,13861,2386.04,2728390.44720,0
1761676200000,1141.030,1143.500,1140.000,1141.220,6945.77,1761677099999,7929356.79540,12973,3462.35,3953685.33590,0
1761677100000,1141.230,1144.230,1140.920,1144.220,2585.77,1761677999999,2954461.91390,7906,1379.22,1576114.69690,0
1761678000000,1144.230,1145.120,1142.590,1143.200,4668.44,1761678899999,5340489.82320,11373,2065.31,2362804.14890,0
1761678900000,1143.240,1143.330,1132.210,1132.220,18978.63,1761679799999,21560409.94290,33766,7999.64,9087345.17330,0
1761679800000,1132.210,1136.460,1130.640,1133.150,12529.94,1761680699999,14204570.73760,22226,6948.54,7879216.56960,0
1761680700000,1133.150,1133.330,1125.590,1128.220,16483.26,1761681599999,18595987.00960,26488,6557.04,7397046.38710,0
1761681600000,1128.230,1128.770,1115.000,1119.310,34845.74,1761682499999,39087345.10980,44089,13398.72,15037302.50110,0
1761682500000,1119.300,1121.480,1110.260,1111.870,40997.98,1761683399999,45679233.42580,54063,18246.93,20332388.51530,0
1761683400000,1111.810,1112.210,1088.000,1098.950,108645.11,1761684299999,119345502.01300,131471,39154.69,42969539.05270,0
1761684300000,1098.940,1100.390,1070.950,1090.070,87570.66,1761685199999,95108160.45670,121051,34305.71,37316143.93800,0
1761685200000,1090.070,1092.380,1081.110,1091.090,31373.14,1761686099999,34140511.26090,48792,16742.90,18222917.62270,0
1761686100000,1091.100,1093.110,1088.590,1091.080,13268.16,1761686999999,14474963.19130,21616,7959.18,8682791.58810,0
1761687000000,1091.070,1098.790,1090.270,1098.030,16469.17,1761687899999,18035954.23700,20780,10495.41,11494692.65040,0
1761687900000,1098.030,1102.480,1098.030,1100.180,12658.87,1761688799999,13927653.33920,18010,6661.83,7329983.56940,0
1761688800000,1100.180,1101.780,1094.690,1095.260,16837.69,1761689699999,18480628.97220,28472,7178.56,7880428.97990,0
1761689700000,1095.260,1100.700,1094.180,1100.550,7233.19,1761690599999,7938901.49870,18057,4328.75,4751761.91480,0
1761690600000,1100.540,1102.830,1099.770,1102.730,9286.61,1761691499999,10224883.89530,16805,5547.64,6108245.51760,0
1761691500000,1102.720,1105.940,1101.830,1105.550,10498.36,1761692399999,11594613.08000,18773,6666.73,7362416.05500,0
1761692400000,1105.550,1106.180,1101.660,1102.580,9510.88,1761693299999,10495786.05440,16509,4189.30,4622980.35640,0
1761693300000,1102.570,1104.110,1099.190,1101.320,8210.77,1761694199999,9041239.77570,15202,3717.21,4093300.75450,0
1761694200000,1101.310,1104.710,1100.350,1102.580,8194.14,1761695099999,9034989.20210,15062,4890.62,5393285.15240,0
1761695100000,1102.580,1103.860,1101.420,1102.350,4723.22,1761695999999,5207898.54060,10378,2579.54,2844254.88730,0
1761696000000,1102.340,1104.550,1099.840,1104.400,11058.65,1761696899999,12183568.89470,19737,5874.22,6472734.15500,0
1761696900000,1104.400,1106.610,1103.110,1106.520,10436.76,1761697799999,11530856.33110,16008,6789.81,7502104.10680,0
1761697800000,1106.530,1107.410,1103.940,1104.260,9341.71,1761698699999,10329165.29670,14731,4457.62,4928954.47840,0
1761698700000,1104.270,1104.270,1100.000,1100.340,9991.84,1761699599999,11005614.74290,15689,4373.07,4816758.58340,0
1761699600000,1100.330,1102.060,1098.050,1099.230,8955.61,1761700499999,9847220.46260,16243,3616.54,3977242.92360,0
1761700500000,1099.230,1101.150,1098.090,1100.110,5916.92,1761701399999,6506740.74610,14616,3131.75,3444413.74050,0
1761701400000,1100.100,1108.130,1100.060,1105.290,12743.11,1761702299999,14081927.98110,19994,6773.38,7482610.50770,0
1761702300000,1105.280,1105.500,1102.800,1103.780,6244.68,1761703199999,6896332.16910,13789,2917.76,3222457.56610,0
1761703200000,1103.770,1103.980,1101.050,1102.920,7795.97,1761704099999,8595206.90340,13830,3504.74,3864379.65170,0
1761704100000,1102.910,1106.300,1102.000,1105.730,6955.67,1761704999999,7683365.14330,12336,4213.81,4654763.07040,0
1761705000000,1105.740,1106.100,1104.660,1105.100,4369.70,1761705899999,4829404.70860,8120,2135.65,2360363.32970,0
1761705900000,1105.100,1106.590,1104.400,1105.310,5605.80,1761706799999,6196798.18940,9227,3227.46,3567765.29500,0
1761706800000,1105.300,1105.460,1101.200,1101.380,10019.35,1761707699999,11047326.85160,13291,4204.37,4633837.53140,0
1761707700000,1101.370,1103.550,1100.800,1101.790,5619.03,1761708599999,6192791.55900,9664,2728.07,3006497.39050,0
1761708600000,1101.790,1104.770,1101.360,1104.010,5545.80,1761709499999,6120002.93390,9855,3199.62,3530857.17460,0
1761709500000,1104.010,1104.930,1103.340,1103.820,3140.90,1761710399999,3467591.06690,7060,1378.02,1521450.42380,0
1761710400000,1103.810,1104.930,1103.000,1104.590,5282.06,1761711299999,5830967.14560,9973,2645.72,2920616.12670,0
1761711300000,1104.590,1106.940,1103.990,1106.790,5159.44,1761712199999,5704547.15690,9812,3210.81,3550225.11690,0
1761712200000,1106.800,1109.180,1106.800,1108.240,9031.90,1761713099999,10011133.47720,13066,4998.34,5540107.38680,0
1761713100000,1108.230,1109.780,1108.020,1109.110,3860.39,1761713999999,4281389.78380,7297,2370.13,2628657.76470,0
1761714000000,1109.100,1111.440,1108.200,1109.350,10321.62,1761714899999,11457777.97490,14708,4526.63,5025339.11990,0
1761714900000,1109.350,1111.000,1108.680,1110.790,6047.04,1761715799999,6711751.18240,10724,3969.30,4405590.60720,0
1761715800000,1110.790,1112.840,1108.940,1111.960,7100.23,1761716699999,7890168.08850,13829,4046.55,4497474.05700,0
1761716700000,1111.960,1112.710,1108.520,1109.800,6150.66,1761717599999,6826407.58600,11829,2728.73,3028644.05940,0
1761717600000,1109.790,1110.250,1107.110,1107.860,7735.56,1761718499999,8575583.85490,13440,2980.56,3304285.97360,0
1761718500000,1107.850,1109.420,1107.510,1109.420,3941.66,1761719399999,4368130.35630,8615,2675.78,2965418.80170,0
1761719400000,1109.420,1117.830,1109.420,1116.010,24207.85,1761720299999,26982821.84660,30780,14252.32,15883405.90570,0
1761720300000,1116.010,1120.240,1115.800,1119.940,14198.18,1761721199999,15883980.05260,22166,7591.06,8492675.51500,0
1761721200000,1119.940,1119.940,1115.140,1117.870,14291.97,1761722099999,15969566.49310,20386,5360.00,5989676.47020,0
1761722100000,1117.870,1117.980,1116.140,1116.950,9053.12,1761722999999,10111723.37600,13027,4661.17,5205981.95030,0
1761723000000,1116.950,1116.950,1112.270,1112.830,17255.06,1761723899999,19233391.77180,20241,5550.64,6188032.45780,0
1761723900000,1112.830,1117.290,1111.380,1115.710,12468.75,1761724799999,13904690.80230,19690,6359.58,7092293.44050,0
1761724800000,1115.720,1118.650,1114.010,1115.370,23666.37,1761725699999,26418401.65520,30958,9799.69,10938991.84040,0
1761725700000,1115.370,1116.850,1113.600,1115.750,16555.07,1761726599999,18463977.78830,26276,6785.88,7568452.79440,0
1761726600000,1115.750,1116.560,1110.820,1112.200,20837.24,1761727499999,23193669.07700,27597,7176.25,7987520.80790,0
1761727500000,1112.200,1114.430,1111.420,1113.620,11368.45,1761728399999,12653697.97410,18071,4866.22,5416406.52160,0
1761728400000,1113.620,1115.190,1111.630,1111.840,14302.61,1761729299999,15927219.43590,21508,6331.05,7049161.16490,0
1761729300000,1111.840,1113.440,1110.450,1111.120,16073.67,1761730199999,17871863.01020,20948,6151.10,6839408.72620,0
1761730200000,1111.130,1114.160,1111.130,1113.470,17610.80,1761731099999,19595294.32420,23453,8437.52,9389000.56090,0
1761731100000,1113.460,1115.170,1113.190,1114.290,19069.62,1761731999999,21249098.61520,23186,9095.22,10134888.31720,0
1761732000000,1114.300,1115.250,1111.340,1111.510,43847.57,1761732899999,48800610.43210,52203,24836.95,27641313.70970,0
1761732900000,1111.520,1114.540,1111.030,1113.320,16382.57,1761733799999,18233841.71130,20029,10866.37,12093815.42440,0
1761733800000,1113.320,1119.500,1112.600,1113.210,27643.95,1761734699999,30857701.25440,30923,14291.87,15952372.72070,0
1761734700000,1113.210,1114.460,1110.530,1111.840,16149.91,1761735599999,17962349.09790,20142,7431.56,8266976.85370,0
1761735600000,1111.840,1116.400,1111.090,1114.930,11125.98,1761736499999,12395069.31990,19498,5563.88,6197441.44710,0
1761736500000,1114.940,1116.690,1114.070,1115.530,8961.63,1761737399999,9997754.27360,18275,5763.71,6429652.19370,0
1761737400000,1115.540,1116.660,1111.980,1111.990,11964.30,1761738299999,13333863.15710,18820,5071.49,5652131.27190,0
1761738300000,1111.980,1114.440,1111.980,1113.660,7401.74,1761739199999,8240234.84540,13190,4385.22,4882134.58030,0
1761739200000,1113.670,1114.800,1112.620,1114.200,5311.54,1761740099999,5916489.25340,10481,3215.14,3581281.76650,0
1761740100000,1114.200,1114.530,1111.000,1111.500,8574.75,1761740999999,9537603.75330,11751,3541.63,3939607.45220,0
1761741000000,1111.500,1112.950,1111.170,1112.830,3466.55,1761741899999,3855066.54480,9000,2157.53,2399301.67120,0
1761741900000,1112.830,1115.690,1112.300,1113.770,5622.68,1761742799999,6264300.43630,11478,3338.85,3719815.76700,0
1761742800000,1113.760,1116.980,1113.330,1116.240,5649.60,1761743699999,6302014.63620,13256,2889.87,3223626.32800,0
1761743700000,1116.250,1118.540,1115.110,1116.650,8624.03,1761744599999,9635226.58040,13348,5286.55,5906516.95820,0
1761744600000,1116.650,1116.930,1111.180,1112.110,13218.65,1761745499999,14714837.81990,23444,5748.79,6399106.86120,0
1761745500000,1112.150,1112.650,1108.290,1110.730,15384.49,1761746399999,17083200.34810,24042,6282.43,6977365.88160,0
1761746400000,1110.720,1111.580,1106.400,1109.420,13497.58,1761747299999,14961441.36710,24078,5713.25,6333449.66030,0
1761747300000,1109.420,1109.660,1102.730,1103.950,16064.87,1761748199999,17758381.63760,25031,6374.55,7047188.41160,0
1761748200000,1103.950,1109.480,1103.010,1108.620,9737.45,1761749099999,10776678.12310,18224,5339.90,5910458.09640,0
1761749100000,1108.630,1110.290,1105.490,1107.950,5592.83,1761749999999,6196618.50420,14229,2552.60,2828177.39090,0
1761750000000,1107.950,1109.630,1105.200,1105.210,7766.78,1761750899999,8603456.42500,17038,3555.51,3938788.40340,0
1761750900000,1105.210,1108.240,1103.970,1105.000,7965.86,1761751799999,8811693.39710,17344,3852.43,4261777.27230,0
1761751800000,1105.000,1106.550,1096.830,1100.100,25142.18,1761752699999,27698024.43720,33189,8752.14,9644207.64360,0
1761752700000,1100.100,1101.180,1096.200,1099.360,21436.09,1761753599999,23548772.80060,30692,9506.34,10443451.56710,0
1761753600000,1099.360,1099.580,1094.080,1095.850,23224.08,1761754499999,25461693.41330,33629,9634.03,10562965.60330,0
1761754500000,1095.810,1102.980,1094.760,1100.830,15078.68,1761755399999,16588717.84260,26909,9049.71,9956165.82690,0
1761755400000,1100.840,1102.200,1099.520,1101.490,8531.59,1761756299999,9393353.63510,18327,4911.14,5407912.63640,0
1761756300000,1101.480,1102.130,1098.440,1099.890,6561.30,1761757199999,7216667.88020,14784,2445.68,2690243.64700,0
1761757200000,1099.880,1104.180,1099.540,1102.600,6324.02,1761758099999,6970748.35410,14539,3445.81,3798161.72790,0
1761758100000,1102.600,1103.280,1100.670,1102.050,4548.84,1761758999999,5012318.08020,12481,2521.00,2777922.34600,0
1761759000000,1102.050,1110.670,1101.700,1108.860,12675.55,1761759899999,14035910.09550,22552,7154.67,7922459.99250,0
1761759900000,1108.850,1110.240,1106.780,1110.240,8460.69,1761760799999,9376667.03190,16770,4460.18,4943683.76280,0
1761760800000,1110.240,1113.890,1104.620,1105.560,33824.62,1761761699999,37511570.60390,46970,18918.10,20981095.23040,0
1761761700000,1105.560,1110.720,1105.250,1108.760,7993.87,1761762599999,8860286.16320,17994,4155.93,4605937.12140,0
1761762600000,1108.770,1114.130,1081.820,1090.130,115763.73,1761763499999,126665120.64490,115689,51730.92,56609074.79100,0
1761763500000,1090.130,1111.660,1088.960,1107.030,47356.06,1761764399999,52231066.29990,58466,23301.27,25691993.41190,0
1761764400000,1107.020,1114.070,1104.570,1111.650,28713.91,1761765299999,31847588.53750,40359,16623.73,18443331.65340,0
1761765300000,1111.640,1112.800,1107.470,1110.400,9684.92,1761766199999,10751572.21960,22300,4405.87,4891407.98390,0
1761766200000,1110.390,1110.540,1102.000,1103.910,12593.89,1761767099999,13918302.90470,26483,5398.95,5966760.77570,0
1761767100000,1103.910,1108.570,1103.780,1107.280,8810.28,1761767999999,9752084.10900,16929,5370.36,5944601.65100,0
1761768000000,1107.300,1110.930,1105.250,1109.360,12319.71,1761768899999,13657120.85430,24265,5460.99,6054283.63050,0
1761768900000,1109.350,1116.330,1108.800,1116.220,10827.60,1761769799999,12056234.12160,18664,5920.52,6592838.88680,0
1761769800000,1116.210,1117.070,1113.530,1115.800,7969.61,1761770699999,8888121.90020,15585,3324.42,3708006.12730,0
1761770700000,1115.800,1118.290,1115.370,1117.530,5993.22,1761771599999,6695559.44030,11549,3408.86,3808179.82550,0
1761771600000,1117.530,1118.050,1114.490,1114.930,5590.64,1761772499999,6245311.28920,10985,2996.56,3347603.65890,0
1761772500000,1114.930,1118.140,1114.930,1116.670,3411.86,1761773399999,3811243.98070,7693,1882.30,2102613.56980,0
1761773400000,1116.670,1119.570,1116.080,1116.220,4998.29,1761774299999,5589808.47080,8935,2732.54,3056085.11420,0
1761774300000,1116.220,1118.070,1115.800,1116.100,2842.38,1761775199999,3174450.07590,6919,1236.19,1380750.86680,0
1761775200000,1116.080,1116.750,1112.460,1115.000,7058.75,1761776099999,7867772.02010,15034,3828.94,4268499.64660,0
1761776100000,1114.990,1116.050,1112.450,1112.860,3438.09,1761776999999,3830657.13640,8025,1045.33,1165025.95840,0
1761777000000,1112.850,1114.310,1112.330,1113.400,2355.65,1761777899999,2622154.11260,7153,1054.75,1174088.62190,0
1761777900000,1113.390,1116.070,1113.390,1114.250,3744.52,1761778799999,4172952.99680,7634,2261.49,2520591.41680,0
1761778800000,1114.250,1114.910,1110.200,1110.200,3892.73,1761779699999,4331633.34250,10685,1699.64,1891713.72640,0
1761779700000,1110.210,1112.620,1109.620,1109.730,5394.36,1761780599999,5992584.86510,10169,2806.89,3118335.40110,0
1761780600000,1109.720,1110.000,1103.190,1105.470,10849.50,1761781499999,12008273.11780,20551,5408.08,5986643.66670,0
1761781500000,1105.470,1107.820,1104.270,1107.700,5433.43,1761782399999,6010255.99820,11733,2831.42,3132484.48160,0
1761782400000,1107.690,1110.600,1104.620,1110.490,11781.99,1761783299999,13052242.27040,20642,6981.69,7736955.70290,0
1761783300000,1110.490,1113.850,1110.000,1112.480,7576.21,1761784199999,8424328.62090,14560,4630.90,5149516.64110,0
1761784200000,1112.490,1113.430,1110.250,1112.080,5148.28,1761785099999,5724844.80090,11733,2485.90,2764189.49730,0
1761785100000,1112.080,1117.040,1111.690,1116.970,12966.08,1761785999999,14460052.89210,17582,7176.52,8003468.76820,0
1761786000000,1116.980,1119.610,1114.100,1118.270,6851.77,1761786899999,7653062.76660,15035,4179.08,4668256.50840,0
1761786900000,1118.280,1118.470,1115.590,1116.450,3589.87,1761787799999,4010750.81810,10111,1332.77,1489087.94200,0
1761787800000,1116.460,1118.650,1115.470,1117.890,4686.10,1761788699999,5236089.72100,11403,2651.20,2962504.15810,0
1761788700000,1117.880,1118.150,1113.630,1113.780,8004.86,1761789599999,8932287.04620,11407,3661.84,4085245.78320,0
1761789600000,1113.790,1114.760,1111.680,1114.680,5151.05,1761790499999,5732399.49990,12341,2495.65,2777555.30100,0
1761790500000,1114.690,1118.000,1114.680,1115.990,8729.61,1761791399999,9742183.06890,12861,5308.70,5923057.98040,0
1761791400000,1116.000,1117.510,1115.460,1116.270,4357.91,1761792299999,4865862.24560,8967,1816.57,2028191.65710,0
1761792300000,1116.270,1117.580,1115.120,1117.550,3137.04,1761793199999,3501868.87060,7543,1462.46,1632560.62110,0
1761793200000,1117.550,1117.710,1115.530,1117.220,3174.24,1761794099999,3544733.20550,9238,1201.40,1341605.39370,0
1761794100000,1117.220,1118.030,1116.180,1117.340,2400.47,1761794999999,2681541.96140,7095,1014.57,1133358.91540,0
1761795000000,1117.340,1117.760,1115.640,1117.100,2830.20,1761795899999,3161110.63510,7924,1461.79,1632739.08500,0
1761795900000,1117.100,1118.320,1115.360,1117.920,3326.99,1761796799999,3714928.61700,9297,1764.66,1970539.62580,0
1761796800000,1117.920,1118.010,1108.740,1110.580,12997.73,1761797699999,14451578.12250,24493,5380.35,5982604.75840,0
1761797700000,1110.570,1111.100,1090.180,1097.470,44040.11,1761798599999,48464322.77250,55229,18663.31,20535636.48800,0
1761798600000,1097.470,1104.740,1088.540,1100.730,47005.95,1761799499999,51582365.72230,65719,22656.08,24863145.18300,0
1761799500000,1100.720,1106.360,1099.590,1100.880,16281.72,1761800399999,17966014.23720,28093,8969.32,9898085.27860,0
1761800400000,1100.880,1103.230,1099.090,1102.610,10558.23,1761801299999,11623313.38030,22974,4987.26,5491449.07430,0
1761801300000,1102.620,1104.700,1100.350,1102.600,5452.08,1761802199999,6010724.15210,16563,2576.71,2840831.45470,0
1761802200000,1102.630,1111.400,1102.020,1111.180,11703.94,1761803099999,12961939.18260,22369,6965.86,7713737.32020,0
1761803100000,1111.190,1114.600,1110.420,1112.240,13495.41,1761803999999,15018387.48370,21254,5823.28,6480385.62540,0
1761804000000,1112.230,1114.000,1110.010,1110.470,10211.69,1761804899999,11356315.41510,18521,4014.74,4464438.98500,0
1761804900000,1110.470,1111.730,1108.220,1111.150,7443.24,1761805799999,8261269.85720,14882,3663.55,4066736.83630,0
1761805800000,1111.150,1115.720,1110.600,1114.980,6660.39,1761806699999,7412509.57810,14645,3537.88,3937812.23290,0
1761806700000,1114.980,1115.800,1113.030,1113.140,6408.72,1761807599999,7142326.62580,13043,2436.68,2715766.78070,0
1761807600000,1113.130,1118.230,1112.000,1116.160,8632.32,1761808499999,9629667.00220,14973,4903.67,5470818.68320,0
1761808500000,1116.150,1118.200,1114.040,1116.050,10859.91,1761809399999,12126939.88540,15129,4970.63,5551845.47820,0
1761809400000,1116.050,1118.250,1115.140,1118.000,4816.04,1761810299999,5377727.77810,10073,2334.68,2607415.69350,0
1761810300000,1118.000,1118.460,1116.000,1117.980,6346.48,1761811199999,7091145.96950,10247,2291.61,2560855.22330,0
1761811200000,1117.980,1118.250,1114.110,1114.980,9672.78,1761812099999,10796266.53580,15477,4075.96,4549602.87870,0
1761812100000,1114.990,1115.470,1113.080,1113.550,4426.64,1761812999999,4932091.74220,10063,1710.34,1905597.28710,0
1761813000000,1113.560,1116.000,1113.180,1115.770,3545.72,1761813899999,3953242.11090,8194,2118.81,2362453.11750,0
1761813900000,1115.780,1116.000,1112.220,1112.990,4293.31,1761814799999,4782576.82100,7987,1529.40,1703615.95690,0
1761814800000,1112.990,1114.090,1109.590,1110.940,11638.70,1761815699999,12936220.58800,13850,5690.06,6323676.04150,0
1761815700000,1110.950,1111.930,1107.080,1111.120,12055.15,1761816599999,13371517.38630,16460,4996.08,5543939.37250,0
1761816600000,1111.120,1113.310,1109.730,1110.630,6350.81,1761817499999,7059783.94450,11190,3283.91,3650774.28660,0
1761817500000,1110.640,1112.210,1109.230,1109.330,10072.34,1761818399999,11190481.73530,9204,5638.59,6265073.41920,0
1761818400000,1109.330,1111.860,1107.600,1110.120,13125.23,1761819299999,14564522.89430,17083,7178.21,7966682.81860,0
1761819300000,1110.120,1129.870,1110.110,1124.600,73730.97,1761820199999,82709009.48060,82317,41680.08,46745414.88840,0
1761820200000,1124.600,1125.100,1119.010,1119.300,25143.87,1761821099999,28207346.51680,31039,10673.18,11977339.02380,0
1761821100000,1119.310,1123.430,1118.290,1121.250,12127.38,1761821999999,13595243.64470,18646,7135.48,8000064.21120,0
1761822000000,1121.240,1122.000,1117.410,1120.320,10721.84,1761822899999,12006489.29960,19681,4716.90,5282514.47440,0
1761822900000,1120.320,1120.770,1114.200,1114.840,14292.13,1761823799999,15961052.34120,22541,5530.24,6177474.25190,0
1761823800000,1114.840,1117.200,1113.120,1113.540,8332.48,1761824699999,9289112.45600,15465,4354.54,4855188.07170,0
1761824700000,1113.530,1115.090,1110.680,1111.400,10837.81,1761825599999,12057498.03920,17475,5150.52,5730861.21090,0
1761825600000,1111.390,1113.990,1109.000,1109.940,12115.37,1761826499999,13459321.70990,21858,6470.74,7189717.65360,0
1761826500000,1109.940,1109.950,1098.440,1103.040,36592.94,1761827399999,40376039.95720,45439,17015.28,18771554.91220,0
1761827400000,1103.040,1105.740,1093.000,1093.080,32164.44,1761828299999,35390619.46470,40980,14375.81,15828128.74520,0
1761828300000,1093.000,1098.810,1092.990,1098.350,23864.47,1761829199999,26160276.70750,38023,13669.60,14984414.61470,0
1761829200000,1098.350,1104.300,1096.640,1101.340,18558.18,1761830099999,20431960.59960,29423,10537.20,11601048.90340,0
1761830100000,1101.340,1102.220,1095.640,1096.360,14473.66,1761830999999,15900604.84630,24335,7016.95,7708051.20180,0
1761831000000,1096.360,1096.990,1081.510,1084.790,60488.05,1761831899999,65799989.04010,70176,28399.13,30900202.39960,0
1761831900000,1084.680,1092.330,1078.200,1079.420,43373.34,1761832799999,47074378.85780,53812,16172.49,17571744.29810,0
1761832800000,1079.420,1088.900,1079.090,1085.450,25259.03,1761833699999,27397097.18710,46169,14368.14,15584593.68620,0
1761833700000,1085.450,1086.240,1079.330,1081.290,15613.85,1761834599999,16895620.20360,33473,7418.75,8029651.78680,0
1761834600000,1081.290,1089.270,1079.330,1087.650,15632.33,1761835499999,16958427.65150,34798,8489.75,9212136.29580,0
1761835500000,1087.650,1089.660,1084.420,1087.700,13982.80,1761836399999,15200608.92430,28056,8037.46,8737550.63500,0
1761836400000,1087.710,1088.710,1080.340,1082.490,13827.88,1761837299999,14994557.05660,31378,6495.77,7042068.87370,0
1761837300000,1082.490,1083.310,1077.180,1082.290,16533.67,1761838199999,17852969.75500,29866,7898.96,8527991.79260,0
1761838200000,1082.300,1082.980,1075.500,1078.860,14561.50,1761839099999,15713802.90940,30423,5869.05,6334154.92400,0
1761839100000,1078.850,1079.290,1073.820,1076.360,20844.44,1761839999999,22420363.46250,30808,8861.71,9531730.30940,0
1761840000000,1076.350,1081.290,1070.200,1080.020,21226.27,1761840899999,22849418.84090,38114,10316.20,11110704.33750,0
1761840900000,1080.020,1083.500,1076.800,1082.560,8105.50,1761841799999,8753466.62550,22544,4405.42,4758398.78630,0
1761841800000,1082.550,1082.640,1075.250,1076.300,9158.08,1761842699999,9878705.40050,19791,3760.02,4055490.24350,0
1761842700000,1076.310,1081.530,1076.200,1081.200,7686.90,1761843599999,8290959.89120,18285,5094.22,5495410.24190,0
1761843600000,1081.200,1081.510,1073.080,1074.810,10123.63,1761844499999,10889239.68740,24895,4144.25,4457209.63930,0
1761844500000,1074.810,1074.900,1063.700,1066.760,31679.73,1761845399999,33851218.79550,46705,12113.92,12944471.95430,0
1761845400000,1066.750,1068.250,1062.000,1067.900,19673.67,1761846299999,20940964.00660,36635,9065.86,9651369.60090,0
1761846300000,1067.910,1074.970,1067.800,1070.840,15328.67,1761847199999,16430761.08140,28727,7673.97,8225754.00250,0
1761847200000,1070.830,1071.660,1067.970,1068.490,9360.77,1761848099999,10012324.48340,17257,4813.07,5147917.18180,0
1761848100000,1068.480,1070.750,1065.060,1067.340,8236.24,1761848999999,8793020.25920,18531,3775.03,4029811.89780,0
1761849000000,1067.350,1069.920,1063.320,1063.890,7829.46,1761849899999,8343563.09610,21501,3420.04,3644858.51140,0
1761849900000,1063.880,1067.050,1063.470,1065.720,4356.37,1761850799999,4642651.99510,13379,1986.67,2116971.03580,0
1761850800000,1065.720,1066.110,1060.340,1064.340,13038.01,1761851699999,13858602.74970,26665,5476.76,5822400.24490,0
1761851700000,1064.340,1066.390,1061.660,1064.970,6964.05,1761852599999,7410334.17890,19181,3893.63,4143814.47040,0
1761852600000,1064.980,1066.900,1058.000,1061.380,22285.73,1761853499999,23641354.07140,29691,7552.34,8015654.62120,0
1761853500000,1061.380,1067.780,1059.600,1061.000,15904.99,1761854399999,16914030.61530,30035,6953.33,7395026.96630,0
1761854400000,1060.990,1061.480,1040.370,1052.610,127756.35,1761855299999,134238583.68610,148391,43787.25,45993990.23190,0
1761855300000,1052.610,1057.370,1051.310,1056.910,17719.36,1761856199999,18689110.97720,35716,10182.46,10739274.11810,0
1761856200000,1056.950,1059.980,1051.420,1057.340,18141.89,1761857099999,19163347.59400,34538,9804.94,10358749.77830,0
1761857100000,1057.340,1064.450,1056.970,1064.180,18703.98,1761857999999,19851973.56510,26653,10649.40,11301036.74260,0
1761858000000,1064.180,1066.770,1060.680,1063.490,15377.23,1761858899999,16360259.52980,21762,8131.94,8653627.70160,0
1761858900000,1063.490,1065.990,1060.600,1065.210,7777.83,1761859799999,8273093.07800,14618,3916.29,4165998.06930,0
1761859800000,1065.220,1066.460,1061.600,1066.000,6775.31,1761860699999,7208405.01520,11701,3064.64,3261298.35310,0
1761860700000,1065.970,1070.000,1065.620,1069.760,7363.36,1761861599999,7864617.14830,13664,4980.93,5320005.67510,0
1761861600000,1069.750,1070.340,1065.030,1065.310,7165.18,1761862499999,7651769.91170,15742,2943.14,3144185.74660,0
1761862500000,1065.310,1068.310,1065.000,1066.880,5679.73,1761863399999,6060132.51750,11830,2838.02,3028167.10560,0
1761863400000,1066.880,1067.530,1063.750,1067.080,7441.53,1761864299999,7931910.43580,15854,3616.84,3855435.95870,0
1761864300000,1067.080,1069.420,1066.330,1068.970,6543.32,1761865199999,6987486.04440,13724,3271.24,3493043.51170,0
1761865200000,1068.980,1069.380,1064.250,1066.710,8565.38,1761866099999,9132167.89150,16379,3761.03,4009408.04590,0
1761866100000,1066.720,1072.940,1066.720,1071.600,10811.50,1761866999999,11568779.40810,15657,7568.73,8099437.48600,0
1761867000000,1071.600,1075.330,1071.360,1072.400,12993.25,1761867899999,13946199.74010,19559,7741.49,8309393.17810,0
1761867900000,1072.400,1078.740,1072.000,1078.150,13461.07,1761868799999,14492116.94180,18581,8123.76,8744919.05810,0
1761868800000,1078.150,1079.660,1076.080,1079.500,15108.43,1761869699999,16285092.72410,21794,8730.77,9410727.10560,0
1761869700000,1079.500,1080.200,1074.450,1076.000,13416.28,1761870599999,14460566.24380,18612,6372.77,6871166.28730,0
1761870600000,1076.000,1079.630,1075.750,1079.630,7106.64,1761871499999,7655863.23030,12561,4101.75,4418804.20690,0
1761871500000,1079.630,1084.180,1078.360,1081.290,13879.87,1761872399999,15013066.54260,23139,7484.83,8095588.68060,0
1761872400000,1081.300,1087.840,1080.160,1085.860,17294.51,1761873299999,18753930.83290,25399,9754.78,10580314.08040,0
1761873300000,1085.850,1087.950,1084.470,1086.700,10980.49,1761874199999,11926855.16290,19435,4922.26,5347330.52900,0
1761874200000,1086.710,1087.920,1082.580,1083.200,13024.25,1761875099999,14136124.18740,20230,6527.09,7085589.05090,0
1761875100000,1083.190,1086.360,1082.630,1084.800,6552.41,1761875999999,7108444.54970,15384,2880.85,3125603.52510,0
1761876000000,1084.800,1086.150,1077.690,1079.440,15308.18,1761876899999,16543388.69980,25907,5308.49,5740055.84940,0
1761876900000,1079.450,1082.340,1078.510,1080.990,6481.51,1761877799999,7002377.98390,16097,3700.77,3998159.67090,0
1761877800000,1081.000,1081.560,1076.000,1076.870,10700.84,1761878699999,11536858.30290,18524,4173.92,4500207.48780,0
1761878700000,1076.880,1080.070,1074.190,1077.710,11363.81,1761879599999,12241954.86760,19575,6144.14,6620730.64260,0
1761879600000,1077.720,1084.000,1076.390,1082.570,8210.93,1761880499999,8870947.89690,17425,4944.69,5343363.98970,0
1761880500000,1082.560,1083.470,1081.390,1082.720,4815.01,1761881399999,5212654.29780,11387,2488.99,2694691.31560,0
1761881400000,1082.730,1085.220,1080.600,1081.630,6945.35,1761882299999,7519233.00240,15570,3440.22,3724833.70610,0
1761882300000,1081.640,1085.670,1081.640,1085.390,5219.15,1761883199999,5657602.28360,13435,3153.20,3418091.76530,0
1761883200000,1085.400,1091.240,1084.510,1089.730,17397.88,1761884099999,18936564.84870,26071,9446.60,10282026.76500,0
1761884100000,1089.740,1095.250,1088.400,1094.820,18515.69,1761884999999,20222794.09660,28174,10548.55,11523216.79960,0
1761885000000,1094.830,1096.810,1092.690,1096.070,12609.15,1761885899999,13803083.78750,22460,6042.60,6615935.13810,0
1761885900000,1096.070,1099.860,1095.390,1098.420,13358.05,1761886799999,14663391.41660,20582,7816.03,8580164.34730,0
1761886800000,1098.410,1098.620,1094.070,1095.220,17051.36,1761887699999,18693668.60390,24544,7375.37,8086118.19300,0
1761887700000,1095.220,1095.860,1092.540,1093.900,7775.84,1761888599999,8506375.19650,15231,3631.67,3973205.81900,0
1761888600000,1093.900,1095.520,1092.710,1095.080,6362.97,1761889499999,6963428.67570,12586,3144.15,3441010.82210,0
1761889500000,1095.070,1097.090,1094.160,1095.630,5799.21,1761890399999,6352552.95160,10488,3243.93,3553167.29710,0
1761890400000,1095.630,1103.460,1092.110,1093.410,35464.98,1761891299999,38909638.64170,41448,15796.88,17340099.60780,0
1761891300000,1093.400,1094.600,1091.040,1093.410,10472.84,1761892199999,11444032.99770,17142,4006.49,4378460.83740,0
1761892200000,1093.420,1095.250,1092.120,1092.340,9048.07,1761893099999,9898623.84050,14275,4627.65,5063053.67450,0
1761893100000,1092.340,1095.000,1091.040,1094.960,12261.49,1761893999999,13402101.44490,14052,6969.04,7618765.75220,0
1761894000000,1094.960,1096.060,1091.550,1094.620,8276.21,1761894899999,9051677.68770,15315,3622.78,3962454.67700,0
1761894900000,1094.620,1094.720,1093.000,1094.430,6123.04,1761895799999,6697896.96790,12581,3196.39,3496490.21910,0
1761895800000,1094.420,1096.000,1093.310,1094.480,8354.59,1761896699999,9147953.74070,13826,3989.02,4367855.54800,0
1761896700000,1094.480,1098.230,1094.160,1097.970,14402.26,1761897599999,15789288.99080,20372,7869.31,8627361.50010,0
1761897600000,1097.970,1101.680,1096.620,1097.710,24751.23,1761898499999,27197934.72000,34006,12228.27,13438906.23440,0
1761898500000,1097.710,1103.320,1097.220,1102.090,22516.71,1761899399999,24789481.17450,30698,11605.52,12777838.89350,0
1761899400000,1102.100,1103.000,1097.120,1098.420,18824.43,1761900299999,20706041.36430,26133,6562.20,7217863.27350,0
1761900300000,1098.420,1104.340,1098.410,1102.690,24556.25,1761901199999,27053394.25960,28192,12348.35,13603952.39450,0
1761901200000,1102.680,1103.500,1092.540,1095.990,49118.45,1761902099999,53867981.55950,51850,18944.45,20768612.29030,0
1761902100000,1096.000,1097.880,1088.040,1088.300,47724.21,1761902999999,52137464.54910,47084,18369.99,20068144.66750,0
1761903000000,1088.290,1092.000,1086.830,1090.480,37112.48,1761903899999,40430680.03380,37417,18325.29,19963977.89770,0
1761903900000,1090.490,1094.000,1088.070,1089.000,27010.73,1761904799999,29454692.46380,32443,12896.66,14064412.59960,0
1761904800000,1088.990,1090.800,1085.080,1085.840,26474.57,1761905699999,28814084.52000,30087,10066.22,10957323.03430,0
1761905700000,1085.840,1088.750,1085.590,1087.890,23093.92,1761906599999,25109073.06440,24306,11188.86,12164761.98560,0
1761906600000,1087.890,1090.650,1086.220,1089.690,24031.52,1761907499999,26160161.26470,38072,11764.99,12807169.59870,0
1761907500000,1089.700,1090.140,1082.040,1082.350,43268.39,1761908399999,46958080.21960,49614,16746.14,18173198.85710,0
1761908400000,1082.360,1092.420,1077.630,1084.570,124601.86,1761909299999,134946171.43900,144165,75352.99,81640980.40690,0
1761909300000,1084.560,1084.610,1080.890,1081.630,33832.73,1761910199999,36625743.15810,47208,17214.97,18636898.75530,0
1761910200000,1081.630,1083.820,1081.000,1083.040,21326.29,1761911099999,23088343.86930,23973,10598.18,11473732.81370,0
1761911100000,1083.040,1088.830,1082.800,1088.430,24703.02,1761911999999,26837165.70770,33253,15005.07,16301717.30200,0
1761912000000,1088.420,1093.100,1086.030,1087.970,37515.78,1761912899999,40863716.30340,43432,25347.12,27611023.64240,0
1761912900000,1087.960,1091.260,1087.650,1087.850,12347.13,1761913799999,13452346.17800,19733,5717.13,6229886.95020,0
1761913800000,1087.840,1088.270,1080.000,1080.640,33190.03,1761914699999,35957002.32830,36386,10033.65,10875378.30760,0
1761914700000,1080.650,1082.220,1078.330,1079.130,18451.14,1761915599999,19933986.49380,23242,9370.68,10124082.91240,0
1761915600000,1079.130,1082.270,1078.880,1081.950,10790.90,1761916499999,11659646.65270,18278,6635.45,7170747.48380,0
1761916500000,1081.960,1084.820,1080.000,1081.490,10778.05,1761917399999,11662187.66890,18066,6146.44,6650991.59730,0
1761917400000,1081.480,1082.720,1077.080,1078.230,15845.90,1761918299999,17113617.15720,27637,8206.28,8863732.57690,0
1761918300000,1078.230,1083.690,1077.160,1082.960,14465.67,1761919199999,15649444.26910,23660,7920.61,8569268.90830,0
1761919200000,1082.970,1085.620,1078.910,1079.120,17269.56,1761920099999,18702944.93760,26403,8942.14,9685666.62400,0
1761920100000,1079.120,1082.310,1078.000,1080.430,10612.77,1761920999999,11463406.11490,19610,5301.19,5726346.01430,0
1761921000000,1080.430,1084.180,1079.770,1083.140,12423.57,1761921899999,13444884.28560,20221,6396.52,6921639.72510,0
1761921900000,1083.140,1088.660,1081.860,1087.180,13672.56,1761922799999,14847316.10310,21500,7800.70,8471120.39070,0
1761922800000,1087.190,1090.400,1084.800,1088.600,15664.70,1761923699999,17038680.07590,25435,8615.37,9372843.37880,0
1761923700000,1088.600,1088.990,1082.400,1082.440,9055.40,1761924599999,9828220.33070,17410,4074.14,4422302.26550,0
1761924600000,1082.430,1085.770,1081.890,1085.770,6404.14,1761925499999,6939968.38730,13343,3857.53,4179894.16240,0
1761925500000,1085.760,1087.890,1083.960,1084.050,9857.17,1761926399999,10699569.90830,17649,4237.14,4599839.78020,0
1761926400000,1084.040,1086.230,1082.750,1083.530,7711.89,1761927299999,8361072.38540,14417,4287.57,4648154.83500,0
1761927300000,1083.530,1083.600,1080.120,1082.710,7881.86,1761928199999,8526557.32640,15064,4010.23,4338011.49300,0
1761928200000,1082.700,1083.730,1080.320,1080.780,4413.52,1761929099999,4775965.21480,12814,1876.30,2030345.16640,0
1761929100000,1080.760,1081.430,1072.360,1073.800,26533.24,1761929999999,28564098.96290,33870,11622.30,12512845.32120,0
1761930000000,1073.790,1077.380,1071.100,1075.500,13151.51,1761930899999,14134125.21040,24444,6629.20,7125851.25490,0
1761930900000,1075.500,1076.240,1072.080,1073.940,9697.44,1761931799999,10419444.31020,18916,4523.87,4861504.86370,0
1761931800000,1073.940,1077.940,1073.300,1077.650,8216.22,1761932699999,8842389.62120,16989,4863.08,5233352.41510,0
1761932700000,1077.650,1079.970,1077.160,1078.220,4556.44,1761933599999,4914930.01260,11082,2773.98,2992223.32350,0
1761933600000,1078.230,1080.370,1077.570,1078.440,5154.29,1761934499999,5560930.31040,11902,3257.11,3514193.59000,0
1761934500000,1078.440,1078.570,1075.890,1076.700,4351.88,1761935399999,4687498.78510,10141,1539.77,1658642.25120,0
1761935400000,1076.710,1082.650,1074.490,1082.300,12125.65,1761936299999,13079893.57190,21514,6408.54,6915481.56370,0
1761936300000,1082.350,1082.360,1079.500,1081.170,4196.43,1761937199999,4534734.03720,10907,2249.08,2430438.19240,0
1761937200000,1081.170,1082.300,1078.480,1081.890,4853.18,1761938099999,5245207.25910,11475,2762.04,2985769.61890,0
1761938100000,1081.890,1086.560,1081.230,1085.640,7952.73,1761938999999,8625339.86530,14917,4400.97,4772935.24900,0
1761939000000,1085.630,1089.550,1085.620,1088.230,9265.77,1761939899999,10078344.78330,16936,4507.87,4903371.80230,0
1761939900000,1088.230,1091.380,1088.210,1089.350,12439.85,1761940799999,13558918.41250,17020,7132.75,7774808.47010,0
1761940800000,1089.340,1089.420,1085.250,1088.540,11092.33,1761941699999,12064404.72980,14541,5274.53,5738105.98970,0
1761941700000,1088.540,1089.180,1086.850,1088.330,3532.71,1761942599999,3844258.78070,6356,1669.05,1816230.59700,0
1761942600000,1088.330,1088.670,1086.110,1086.550,2142.31,1761943499999,2328935.09070,5874,960.99,1044761.05410,0
1761943500000,1086.550,1088.060,1083.880,1085.400,3677.08,1761944399999,3991891.84380,8060,1200.04,1303188.81600,0
1761944400000,1085.400,1086.570,1083.200,1083.510,3349.73,1761945299999,3635486.46990,8097,1579.38,1714221.00980,0
1761945300000,1083.500,1086.820,1083.280,1086.150,2063.11,1761946199999,2239562.47510,6540,1137.82,1235182.03730,0
1761946200000,1086.150,1087.700,1084.380,1086.280,1629.96,1761947099999,1770804.93100,5552,881.85,958135.27570,0
1761947100000,1086.280,1087.360,1085.440,1086.730,1272.05,1761947999999,1382012.42210,3952,596.19,647685.17190,0
1761948000000,1086.730,1089.000,1085.610,1087.750,3188.75,1761948899999,3468451.95150,8916,1790.58,1947808.13850,0
1761948900000,1087.750,1088.850,1086.190,1087.450,2032.53,1761949799999,2210818.89290,6498,1114.91,1212719.66510,0
1761949800000,1087.440,1088.550,1086.800,1086.810,1337.80,1761950699999,1455292.57440,5324,698.53,759924.04560,0
1761950700000,1086.810,1088.340,1086.430,1088.060,1286.85,1761951599999,1399776.09520,4996,701.42,763014.79540,0
1761951600000,1088.060,1088.660,1087.190,1087.390,2017.33,1761952499999,2194933.64650,6243,1205.65,1311783.40390,0
1761952500000,1087.390,1089.150,1087.280,1088.830,1734.51,1761953399999,1888036.67150,4852,1048.10,1140836.18490,0
1761953400000,1088.830,1090.000,1087.340,1089.940,4315.35,1761954299999,4700098.60790,6128,2769.00,3016327.63660,0
1761954300000,1089.940,1089.990,1087.710,1088.130,4905.86,1761955199999,5341717.66040,6690,1894.37,2062572.54750,0
