open_time,open,high,low,close,volume,close_time,quote_volume,count,taker_buy_volume,taker_buy_quote_volume,ignore
1748736000000,657.920,657.930,656.850,657.110,3709.45,1748736899999,2438428.41370,6967,1681.66,1105232.40550,0
1748736900000,657.100,657.200,656.000,656.320,3650.12,1748737799999,2396650.46430,11706,1468.56,964244.12940,0
1748737800000,656.330,657.180,656.200,656.790,2139.44,1748738699999,1405058.39770,4908,1165.77,765604.43100,0
1748738700000,656.790,656.840,656.080,656.530,1964.21,1748739599999,1289443.23210,3486,1001.87,657740.96320,0
1748739600000,656.530,656.720,654.760,656.710,6612.92,1748740499999,4335395.82630,7706,3451.97,2263128.89200,0
1748740500000,656.710,656.960,655.370,656.100,3382.98,1748741399999,2219906.68580,5827,1985.19,1302512.02560,0
1748741400000,656.120,656.860,655.640,655.650,4689.23,1748742299999,3077824.66120,9689,3435.27,2254877.00270,0
1748742300000,655.650,656.160,654.260,654.780,5418.47,1748743199999,3548962.27730,8506,3163.29,2071831.55690,0
1748743200000,654.770,654.920,652.310,653.090,11910.23,1748744099999,7782731.48930,19743,7345.74,4800164.66280,0
1748744100000,653.090,655.540,653.090,655.120,3783.66,1748744999999,2475651.64240,7691,2327.88,1523129.15140,0
1748745000000,655.110,656.000,655.110,655.980,2328.09,1748745899999,1526299.74410,4483,1125.21,737686.83700,0
1748745900000,655.980,656.200,655.350,655.620,1799.96,1748746799999,1180451.79660,4121,872.17,571973.05910,0
1748746800000,655.630,655.770,653.080,654.320,8436.29,1748747699999,5515233.71440,8255,5659.30,3698751.66610,0
1748747700000,654.320,654.970,653.000,653.970,3567.09,1748748599999,2332725.40550,5696,1536.65,1004959.11670,0
1748748600000,653.960,655.550,653.960,655.310,1621.13,1748749499999,1061957.95130,3787,1008.45,660583.55820,0
1748749500000,655.310,655.930,655.300,655.310,1571.17,1748750399999,1030057.09980,3845,703.67,461356.64450,0
1748750400000,655.300,655.440,653.290,654.390,5969.19,1748751299999,3904929.33970,6366,3789.44,2478534.42830,0
1748751300000,654.390,655.200,654.200,654.990,1259.32,1748752199999,824465.42080,3461,763.13,499576.51800,0
1748752200000,654.980,656.490,654.980,656.370,2090.76,1748753099999,1371616.35920,9946,1311.93,860674.43440,0
1748753100000,656.380,656.790,656.220,656.680,1545.77,1748753999999,1014842.16670,3694,835.45,548489.20990,0
1748754000000,656.690,656.690,654.770,655.670,6782.75,1748754899999,4446281.51490,7230,3834.10,2513278.30430,0
1748754900000,655.680,656.200,655.680,655.880,894.90,1748755799999,586992.12300,3037,378.96,248570.74460,0
1748755800000,655.880,656.590,655.630,656.170,1194.96,1748756699999,783999.74640,3893,537.92,352899.92290,0
1748756700000,656.180,656.460,655.570,655.970,917.59,1748757599999,601974.12040,2703,483.78,317366.63370,0
1748757600000,655.980,655.980,653.160,653.220,6233.14,1748758499999,4076131.68540,7370,2515.95,1644645.40840,0
1748758500000,653.220,654.900,652.920,654.600,5589.75,1748759399999,3653343.90290,6250,3847.25,2514342.56390,0
1748759400000,654.600,654.920,654.400,654.440,1347.94,1748760299999,882502.22520,3028,582.23,381196.99980,0
1748760300000,654.450,654.630,653.740,653.890,1248.84,1748761199999,816884.85140,3180,436.04,285203.95770,0
1748761200000,653.900,653.900,651.770,653.150,11991.27,1748762099999,7823222.20180,9354,7103.49,4633967.89860,0
1748762100000,653.160,653.520,652.210,653.490,3903.96,1748762999999,2550235.23850,4590,1423.73,929940.23050,0
1748763000000,653.490,653.740,652.810,653.520,1345.59,1748763899999,879144.89880,3791,728.31,475833.60170,0
1748763900000,653.520,653.580,652.800,653.140,1432.47,1748764799999,935832.08190,3709,563.50,368109.56920,0
1748764800000,653.140,653.150,651.310,652.140,7236.30,1748765699999,4717022.11990,8113,4315.24,2812584.93700,0
1748765700000,652.140,652.680,651.440,651.820,2778.94,1748766599999,1811573.05020,6899,1736.94,1132300.66910,0
1748766600000,651.830,652.320,651.320,652.090,2128.76,1748767499999,1387676.52570,5752,985.92,642690.64870,0
1748767500000,652.080,652.490,651.320,651.850,1790.69,1748768399999,1167272.22430,4696,1004.52,654772.53350,0
1748768400000,651.850,652.700,651.400,652.240,3923.12,1748769299999,2557908.17780,6567,1932.10,1259727.92540,0
1748769300000,652.240,652.300,650.020,650.360,8119.64,1748770199999,5284944.42200,11654,4576.75,2979124.07240,0
1748770200000,650.360,650.410,649.040,649.340,5997.61,1748771099999,3896402.63850,10346,2372.19,1541083.29220,0
1748771100000,649.330,649.920,648.050,649.630,7051.48,1748771999999,4575709.78830,12719,3596.28,2334033.95050,0
1748772000000,649.620,650.790,648.890,650.240,2764.45,1748772899999,1796382.95970,8094,1580.69,1027100.64630,0
1748772900000,650.240,650.500,649.670,649.870,2414.37,1748773799999,1569684.70890,6175,1099.86,715051.86050,0
1748773800000,649.860,650.100,648.610,649.050,2984.38,1748774699999,1937190.64230,6303,1610.72,1045429.67640,0
1748774700000,649.050,649.400,647.890,648.760,6053.67,1748775599999,3925455.78540,8375,2770.72,1796975.34090,0
1748775600000,648.760,649.240,647.790,648.720,4273.67,1748776499999,2771600.83470,7847,2502.16,1622842.14100,0
1748776500000,648.710,649.640,648.210,649.370,5463.94,1748777399999,3545910.86530,6432,1869.63,1213602.76820,0
1748777400000,649.360,650.390,648.690,650.190,3000.87,1748778299999,1949732.90030,6138,1590.54,1033463.74830,0
1748778300000,650.180,650.400,649.800,650.110,2076.68,1748779199999,1349900.14290,3771,1211.70,787619.95920,0
1748779200000,650.100,650.550,648.750,650.320,4233.13,1748780099999,2750359.14210,6334,1982.53,1288332.44470,0
1748780100000,650.320,650.380,648.360,648.850,1668.98,1748780999999,1083534.03390,5655,783.66,508782.22770,0
1748781000000,648.850,649.320,647.120,647.840,5910.61,1748781899999,3829158.78750,8768,3351.35,2170978.89310,0
1748781900000,647.840,648.860,647.300,648.620,2722.69,1748782799999,1764011.13700,5124,1229.40,796519.82440,0
1748782800000,648.620,649.910,648.370,649.610,2658.94,1748783699999,1726314.33660,5248,1608.71,1044458.52400,0
1748783700000,649.600,650.760,649.350,649.480,4118.43,1748784599999,2677358.21980,5874,2237.48,1454813.18940,0
1748784600000,649.470,650.480,649.470,650.190,2350.40,1748785499999,1528020.25340,4685,1710.98,1112303.07440,0
1748785500000,650.200,650.400,649.610,649.700,1553.45,1748786399999,1009740.09090,3594,761.44,494919.30280,0
1748786400000,649.690,651.570,649.690,650.690,4657.30,1748787299999,3031143.80790,7125,2596.94,1690173.70630,0
1748787300000,650.690,653.810,650.690,653.750,5391.15,1748788199999,3517401.41240,10466,3230.12,2107599.77920,0
1748788200000,653.750,653.800,652.140,653.110,4531.76,1748789099999,2958404.49390,7345,1839.03,1200501.54870,0
1748789100000,653.120,653.680,652.120,652.260,2534.68,1748789999999,1654745.51110,5184,1260.66,823081.98020,0
1748790000000,652.250,652.730,651.370,651.580,2036.07,1748790899999,1327493.19950,5375,792.45,516674.67430,0
1748790900000,651.590,653.200,651.420,653.000,1959.43,1748791799999,1278493.83310,4470,1218.25,794871.25110,0
1748791800000,653.010,653.370,652.760,653.210,1938.12,1748792699999,1265674.90880,4206,1031.23,673443.86060,0
1748792700000,653.220,654.220,652.670,654.190,3035.29,1748793599999,1983330.49120,5752,1557.29,1017731.63190,0
1748793600000,654.190,656.540,654.110,656.300,8178.68,1748794499999,5359796.05730,14151,5412.54,3546979.38320,0
1748794500000,656.300,657.280,656.040,656.280,4123.58,1748795399999,2707324.48900,10385,2255.09,1480658.64680,0
1748795400000,656.290,657.360,655.630,657.340,3579.78,1748796299999,2349890.23260,6627,1775.72,1165796.74140,0
1748796300000,657.350,657.490,656.470,656.710,3545.39,1748797199999,2329451.51550,6163,1714.18,1126397.30910,0
1748797200000,656.720,657.260,656.030,656.050,3619.61,1748798099999,2376786.62710,6480,1849.83,1214661.88160,0
1748798100000,656.060,656.360,655.690,656.100,2311.59,1748798999999,1516306.70140,3976,1075.88,705714.15050,0
1748799000000,656.100,656.690,655.380,655.490,1579.65,1748799899999,1036348.05630,4681,703.95,461880.90850,0
1748799900000,655.480,656.100,655.190,655.490,1506.37,1748800799999,987683.70160,3575,647.57,424566.32310,0
1748800800000,655.500,655.530,653.390,654.270,5516.50,1748801699999,3609274.07430,6791,2016.78,1319654.89850,0
1748801700000,654.260,654.260,651.880,652.400,4132.46,1748802599999,2698059.64690,8968,1361.15,888935.19560,0
1748802600000,652.390,652.480,650.400,650.800,6298.32,1748803499999,4102055.83780,11039,3397.83,2213069.33350,0
1748803500000,650.810,652.850,650.700,652.850,4130.96,1748804399999,2692462.13940,6221,2459.10,1602567.08100,0
1748804400000,652.840,653.820,652.640,653.080,2691.48,1748805299999,1758254.51990,5647,1452.11,948522.45770,0
1748805300000,653.080,654.090,652.960,653.770,1154.85,1748806199999,754776.10750,3048,568.16,371325.84170,0
1748806200000,653.770,654.240,653.610,654.030,1274.67,1748807099999,833555.44850,3510,577.25,377501.56550,0
1748807100000,654.030,654.780,654.000,654.700,1172.18,1748807999999,767022.97710,3283,750.38,491016.21240,0
1748808000000,654.700,655.900,654.630,655.060,7361.57,1748808899999,4824272.25410,6835,2567.86,1682627.54460,0
1748808900000,655.060,656.300,655.050,656.120,1945.73,1748809799999,1275902.53440,10051,1420.03,931164.38810,0
1748809800000,656.120,656.780,656.010,656.550,1634.53,1748810699999,1072936.02940,4584,1021.85,670737.55320,0
1748810700000,656.540,656.560,655.320,655.950,1930.99,1748811599999,1266774.85150,4610,801.57,525786.41560,0
1748811600000,655.950,658.340,655.800,657.970,10473.77,1748812499999,6887729.75840,9944,5233.86,3441647.52250,0
1748812500000,657.980,658.400,657.750,657.870,2394.57,1748813399999,1575878.89480,4592,1667.68,1097488.67300,0
1748813400000,657.870,658.830,657.110,657.340,3369.56,1748814299999,2216588.51380,5508,1189.59,782719.37180,0
1748814300000,657.330,658.120,657.330,658.110,613.58,1748815199999,403660.07100,2618,355.45,233820.96130,0
1748815200000,658.110,660.550,657.970,660.010,11680.10,1748816099999,7704735.00930,17596,5942.09,3919263.24700,0
1748816100000,660.010,660.260,658.750,658.750,4283.15,1748816999999,2824144.17000,8040,1588.17,1047208.22360,0
1748817000000,658.750,659.280,658.720,658.830,1384.79,1748817899999,912553.66890,4822,760.64,501243.52950,0
1748817900000,658.840,659.160,658.460,659.130,1333.40,1748818799999,878478.22740,4700,675.98,445361.39540,0
1748818800000,659.130,662.130,659.070,661.670,8486.81,1748819699999,5613500.67990,10278,4360.08,2883421.29020,0
1748819700000,661.670,662.440,661.000,662.150,5275.75,1748820599999,3491601.95090,6783,2037.94,1348662.98540,0
1748820600000,662.160,662.160,660.680,660.890,2817.24,1748821499999,1863775.88530,5409,1474.37,975208.02390,0
1748821500000,660.890,661.300,660.430,660.660,1918.86,1748822399999,1267835.81280,4061,1015.05,670696.25870,0
1748822400000,660.650,661.850,660.050,661.840,5227.27,1748823299999,3454741.93120,9270,2723.97,1800257.81760,0
1748823300000,661.850,662.900,660.070,660.070,9638.44,1748824199999,6380916.85330,9940,4277.37,2831270.46030,0
1748824200000,660.070,661.600,659.840,661.430,2833.84,1748825099999,1872347.84460,7767,1425.55,941887.25800,0
1748825100000,661.440,661.440,660.320,660.690,1765.00,1748825999999,1166287.97750,5186,753.09,497592.01170,0
1748826000000,660.700,664.230,660.700,663.510,9953.63,1748826899999,6599899.10730,17683,5691.22,3773439.68200,0
1748826900000,663.520,664.300,662.720,662.930,6407.37,1748827799999,4251422.91960,8801,2962.63,1965925.64730,0
1748827800000,662.930,663.060,661.100,661.190,3972.19,1748828699999,2629645.93430,7123,1511.45,1000594.61330,0
1748828700000,661.180,661.640,660.450,660.460,1779.65,1748829599999,1176549.66800,5176,785.68,519437.01340,0
1748829600000,660.460,662.500,660.290,660.750,6783.83,1748830499999,4486759.08050,9257,3094.58,2046299.30320,0
1748830500000,660.750,661.170,660.130,660.850,2917.38,1748831399999,1926967.99030,6138,1544.94,1020463.25000,0
1748831400000,660.850,661.100,660.060,660.560,2432.84,1748832299999,1606948.58620,5451,1282.58,847162.79670,0
1748832300000,660.560,660.610,658.790,659.050,3835.38,1748833199999,2528710.87580,8011,1785.92,1177349.93200,0
1748833200000,659.060,659.320,657.240,657.240,3797.79,1748834099999,2499906.90970,8943,1670.87,1100047.05040,0
1748834100000,657.250,657.890,656.360,657.290,4219.89,1748834999999,2772916.33190,7704,2058.77,1352916.93890,0
1748835000000,657.290,657.690,656.670,657.290,2199.88,1748835899999,1445869.74540,5724,1300.12,854488.53250,0
1748835900000,657.290,657.460,656.640,656.720,2727.42,1748836799999,1792106.56380,5279,1289.84,847512.39450,0
1748836800000,656.720,658.420,654.780,658.040,20719.23,1748837699999,13605301.51760,21926,9693.08,6369041.81730,0
1748837700000,658.050,658.640,657.400,657.770,3661.51,1748838599999,2409016.11650,6041,1922.12,1264580.11470,0
1748838600000,657.760,658.260,657.710,657.890,1391.66,1748839499999,915708.92000,4094,794.47,522757.68210,0
1748839500000,657.900,658.410,657.050,657.560,1858.01,1748840399999,1221965.24530,4305,982.24,645974.07630,0
1748840400000,657.560,658.480,656.670,658.090,1757.57,1748841299999,1155990.93150,6179,1037.23,682192.40530,0
1748841300000,658.090,658.420,657.000,657.830,1364.47,1748842199999,897337.77140,3956,790.21,519660.01090,0
1748842200000,657.840,657.840,655.880,655.910,1825.71,1748843099999,1198897.96520,5278,800.79,525908.20200,0
1748843100000,655.900,657.160,655.680,657.160,1417.97,1748843999999,931078.56320,4424,857.57,563112.10710,0
1748844000000,657.150,657.860,656.400,656.650,2418.53,1748844899999,1589465.98410,5713,1239.88,814885.06780,0
1748844900000,656.650,657.900,656.240,657.840,1818.62,1748845799999,1194912.36550,4513,1110.47,729644.94530,0
1748845800000,657.830,658.870,657.180,658.730,2899.96,1748846699999,1908566.48440,6116,1697.64,1117326.38140,0
1748846700000,658.730,658.750,657.560,657.790,2963.08,1748847599999,1950517.59110,5804,1395.45,918622.20620,0
1748847600000,657.800,659.120,657.670,658.860,4915.47,1748848499999,3235999.09820,6645,3355.25,2208771.31850,0
1748848500000,658.860,659.250,657.710,657.910,3120.01,1748849399999,2055279.26740,9843,1013.62,667717.49690,0
1748849400000,657.910,658.600,657.560,658.410,1938.12,1748850299999,1275640.99510,5194,936.29,616241.38570,0
1748850300000,658.410,658.620,657.640,657.990,2681.65,1748851199999,1764661.81720,4287,1111.64,731460.04300,0
1748851200000,657.990,658.060,656.700,657.270,5571.64,1748852099999,3662626.22570,7021,3619.98,2379668.86060,0
1748852100000,657.280,658.270,656.810,657.960,2450.20,1748852999999,1610805.73190,5788,1274.67,837900.50300,0
1748853000000,657.960,658.460,656.630,656.790,2420.51,1748853899999,1591704.50420,6228,994.12,653778.59240,0
1748853900000,656.790,657.170,655.130,655.670,4847.51,1748854799999,3180458.20580,12711,1690.94,1109330.68070,0
1748854800000,655.670,655.780,653.050,653.410,13549.13,1748855699999,8860477.47800,11915,7241.47,4735978.39180,0
1748855700000,653.400,654.700,652.960,653.950,4601.66,1748856599999,3007673.79080,7754,2082.35,1361346.48370,0
1748856600000,653.950,655.000,653.560,653.670,3081.18,1748857499999,2015905.43190,7177,1207.56,790143.99420,0
1748857500000,653.660,653.900,652.750,652.910,3096.60,1748858399999,2022877.51970,6816,1571.70,1026800.18630,0
1748858400000,652.910,653.240,651.150,652.870,13906.32,1748859299999,9065843.01510,18638,8747.39,5702032.38470,0
1748859300000,652.870,652.870,651.660,651.910,3871.00,1748860199999,2524586.62150,6910,1894.44,1235416.71020,0
1748860200000,651.910,652.440,651.230,651.810,2000.77,1748861099999,1304386.01960,5677,933.12,608343.39300,0
1748861100000,651.810,652.690,651.710,652.280,1991.74,1748861999999,1298875.36090,4724,1134.55,739927.91220,0
1748862000000,652.280,652.500,650.100,651.410,13827.84,1748862899999,8999417.33410,10241,7992.68,5200855.17530,0
1748862900000,651.400,651.860,650.910,650.910,2755.90,1748863799999,1795114.88110,4790,1294.00,842948.75020,0
1748863800000,650.910,651.530,650.220,650.360,5412.40,1748864699999,3523249.37690,6178,2599.73,1692218.54150,0
1748864700000,650.360,651.300,650.190,651.030,1784.03,1748865599999,1161131.80820,4198,811.85,528353.73180,0
1748865600000,651.030,651.180,649.610,650.610,14045.21,1748866499999,9133036.01670,10568,8659.72,5630770.53100,0
1748866500000,650.610,650.760,649.640,650.750,3567.30,1748867399999,2319025.72780,5746,1290.99,839394.65440,0
1748867400000,650.750,652.790,650.500,652.580,5844.91,1748868299999,3809579.65990,7724,3481.04,2268572.73300,0
1748868300000,652.570,652.710,651.650,652.710,3036.74,1748869199999,1980838.93600,4674,1471.11,959676.96030,0
1748869200000,652.710,653.750,651.660,653.410,10092.01,1748870099999,6588476.09190,8528,6101.04,3982768.15530,0
1748870100000,653.410,654.330,652.760,654.120,7522.56,1748870999999,4917600.38090,7473,2868.74,1875204.42830,0
1748871000000,654.110,655.490,653.850,654.550,6315.90,1748871899999,4135153.40500,15629,2757.93,1805652.05170,0
1748871900000,654.550,654.720,652.460,653.020,6272.42,1748872799999,4097557.27560,8981,2397.52,1566021.86570,0
1748872800000,653.020,654.270,652.140,654.080,6646.47,1748873699999,4342990.11030,10897,3466.89,2265351.53750,0
1748873700000,654.090,656.500,653.220,655.940,6331.53,1748874599999,4149423.44100,10218,3305.66,2166372.25090,0
1748874600000,655.940,656.840,655.220,655.420,5448.40,1748875499999,3574561.23420,8481,2319.05,1521618.88310,0
1748875500000,655.420,655.660,653.860,655.190,3548.01,1748876399999,2322883.24640,6097,1733.19,1134799.32810,0
1748876400000,655.190,655.620,653.810,655.480,3331.12,1748877299999,2180533.24200,6274,1584.48,1037382.73030,0
1748877300000,655.480,657.930,655.250,656.020,5820.78,1748878199999,3822600.93690,8420,2615.92,1717852.55020,0
1748878200000,656.020,657.270,656.000,656.960,3284.56,1748879099999,2156666.76600,6378,1574.89,1034007.93240,0
1748879100000,656.950,657.360,656.010,656.930,2400.34,1748879999999,1576527.44410,4754,1291.46,848268.85500,0
1748880000000,656.930,657.240,655.970,656.200,4445.90,1748880899999,2919491.10330,6279,2068.80,1358516.44560,0
1748880900000,656.200,657.100,655.410,656.050,2772.64,1748881799999,1819787.34480,5135,1324.90,869557.84560,0
1748881800000,656.040,657.140,655.550,656.800,2003.46,1748882699999,1315178.91560,4588,1077.83,707545.04720,0
1748882700000,656.800,658.410,656.800,658.240,3667.68,1748883599999,2411851.89750,5553,2144.47,1410269.20850,0
1748883600000,658.240,658.760,657.940,658.210,3502.86,1748884499999,2306009.10290,6571,1761.67,1159759.35440,0
1748884500000,658.210,660.260,658.160,659.740,5952.35,1748885399999,3925444.62590,11409,3927.24,2589705.60230,0
1748885400000,659.740,659.960,659.000,659.600,2425.39,1748886299999,1599622.92950,5167,1157.34,763319.56250,0
1748886300000,659.600,660.630,659.470,660.630,2888.05,1748887199999,1906266.57310,5049,1795.63,1185221.02210,0
1748887200000,660.630,661.230,660.330,660.920,3871.14,1748888099999,2557978.96390,6899,1851.94,1223759.96000,0
1748888100000,660.920,661.920,660.550,661.160,3851.78,1748888999999,2547257.07560,6407,2172.67,1436804.07040,0
1748889000000,661.160,661.480,659.860,660.090,3734.89,1748889899999,2467225.82850,6405,1332.40,880138.54120,0
1748889900000,660.090,660.090,659.340,660.060,2551.46,1748890799999,1683337.57140,4692,1160.81,765841.79640,0
1748890800000,660.060,661.480,659.240,659.600,4994.69,1748891699999,3298466.72580,7480,2490.30,1644831.08650,0
1748891700000,659.610,661.260,659.320,660.610,3486.74,1748892599999,2302980.09650,5237,2103.85,1389719.61350,0
1748892600000,660.620,660.760,658.830,659.100,4070.81,1748893499999,2685317.61110,6922,1858.71,1226214.13880,0
1748893500000,659.090,661.110,658.780,661.010,2774.26,1748894399999,1830811.68940,4815,1783.83,1177187.97630,0
1748894400000,661.010,662.660,661.010,662.490,5405.18,1748895299999,3577655.14430,8216,3435.61,2273993.78950,0
1748895300000,662.490,662.800,661.990,662.550,2465.67,1748896199999,1633543.21110,5248,957.38,634274.04430,0
1748896200000,662.550,662.820,661.490,662.090,1912.01,1748897099999,1265809.23360,4604,815.68,539958.88540,0
1748897100000,662.090,662.300,660.240,661.020,3159.11,1748897999999,2088046.37680,6236,1284.03,848689.77690,0
1748898000000,661.020,662.410,660.900,662.140,2770.53,1748898899999,1834025.24280,5555,1546.86,1023948.01580,0
1748898900000,662.130,662.530,661.250,661.890,2041.74,1748899799999,1351427.23350,4285,932.87,617395.95230,0
1748899800000,661.900,662.450,661.110,661.890,1965.09,1748900699999,1300704.13340,5100,1103.04,730152.44020,0
1748900700000,661.900,663.590,661.890,662.760,3025.23,1748901599999,2005391.22230,4305,2107.00,1396722.36610,0
1748901600000,662.770,664.750,662.770,663.990,10528.91,1748902499999,6993493.50040,13544,5164.43,3430054.55570,0
1748902500000,663.990,665.400,663.680,665.230,5613.83,1748903399999,3730777.39930,9909,2916.03,1937770.76350,0
1748903400000,665.240,665.240,663.520,663.820,2871.96,1748904299999,1907803.08590,8167,985.79,654786.90270,0
1748904300000,663.830,664.790,663.820,664.710,2123.24,1748905199999,1410595.97180,4174,1176.51,781566.60400,0
1748905200000,664.720,667.000,664.720,664.800,12393.18,1748906099999,8253673.49840,11871,4895.17,3259866.34780,0
1748906100000,664.800,665.840,664.600,665.760,3988.25,1748906999999,2652275.73180,6698,2361.12,1570161.81410,0
1748907000000,665.730,667.060,664.900,666.940,5412.80,1748907899999,3606524.62900,7046,3108.65,2071450.79540,0
1748907900000,666.940,667.240,665.760,665.930,6035.91,1748908799999,4021961.64040,6282,4174.31,2781268.33420,0
1748908800000,665.930,668.840,665.790,668.600,15803.69,1748909699999,10547125.77670,16262,7164.03,4781268.34600,0
1748909700000,668.600,670.360,668.600,668.930,14929.62,1748910599999,9997224.27020,13344,6173.32,4133204.16040,0
1748910600000,668.920,669.630,668.380,669.020,3683.94,1748911499999,2464392.19010,8207,1843.34,1233045.43430,0
1748911500000,669.020,669.350,667.860,668.460,2781.59,1748912399999,1859906.63530,6553,1188.17,794431.64220,0
1748912400000,668.460,672.760,668.460,670.070,14298.81,1748913299999,9592921.11040,21223,6768.22,4541687.16460,0
1748913300000,670.070,673.140,669.870,672.940,11702.65,1748914199999,7859168.32420,12698,5187.02,3484104.07520,0
1748914200000,672.940,672.990,671.170,671.650,5525.12,1748915099999,3713169.27190,8689,2632.55,1768635.80210,0
1748915100000,671.650,672.100,670.700,671.350,5366.59,1748915999999,3603003.52110,8213,2347.48,1575964.85670,0
1748916000000,671.340,673.760,671.340,671.550,13106.09,1748916899999,8814385.56590,13013,5446.31,3662246.22650,0
1748916900000,671.550,671.750,670.310,670.630,4138.13,1748917799999,2775440.90550,7703,1764.69,1183567.57390,0
1748917800000,670.640,671.420,670.280,670.680,4355.12,1748918699999,2921268.01070,6604,2153.47,1444459.27190,0
1748918700000,670.680,670.870,669.210,670.110,9210.02,1748919599999,6170406.76340,9983,4734.50,3172150.21930,0
1748919600000,670.100,670.550,666.810,667.460,11231.31,1748920499999,7506892.94450,17270,4216.48,2818431.64780,0
1748920500000,667.470,668.400,667.000,667.350,3219.36,1748921399999,2149929.41400,6644,1598.10,1067162.50080,0
1748921400000,667.350,667.830,666.680,667.690,2717.22,1748922299999,1813052.55590,5551,1492.63,995966.35020,0
1748922300000,667.700,668.400,667.670,667.820,1799.34,1748923199999,1201886.52200,4679,1156.63,772560.42500,0
1748923200000,667.820,668.360,666.940,667.350,2409.31,1748924099999,1608434.57100,5720,971.85,648885.94750,0
1748924100000,667.340,667.950,666.960,667.730,1955.55,1748924999999,1305037.88040,4649,1166.31,778365.72580,0
1748925000000,667.730,667.740,666.440,667.090,1722.23,1748925899999,1148706.15970,4779,744.97,496892.26040,0
1748925900000,667.090,667.230,666.670,667.090,1181.03,1748926799999,787630.69910,4006,672.77,448657.59450,0
1748926800000,667.080,668.660,667.050,667.430,2994.93,1748927699999,2000412.17850,6168,1636.69,1093115.94620,0
1748927700000,667.430,667.560,666.500,666.870,3040.07,1748928599999,2027872.71100,4265,1220.75,814237.21430,0
1748928600000,666.870,667.640,666.510,667.020,2753.17,1748929499999,1836688.11560,4805,980.57,654214.05080,0
1748929500000,667.030,667.490,666.660,667.470,2414.95,1748930399999,1610900.17630,4358,1408.90,939780.54830,0
1748930400000,667.470,667.660,666.970,667.020,2582.50,1748931299999,1723353.12220,4530,1072.07,715406.01240,0
1748931300000,667.020,667.220,665.620,665.820,3677.89,1748932199999,2450255.55280,4490,1064.66,709515.89560,0
1748932200000,665.810,666.710,665.740,666.380,1894.69,1748933099999,1262156.35240,3954,969.55,645809.99780,0
1748933100000,666.390,667.200,666.350,667.150,2057.42,1748933999999,1372024.02490,4200,1173.66,782649.83590,0
1748934000000,667.150,667.500,666.130,666.180,2976.83,1748934899999,1984888.20090,5494,1337.46,891747.27710,0
1748934900000,666.190,666.700,665.690,665.790,2434.72,1748935799999,1621860.42700,5165,1123.51,748439.12830,0
1748935800000,665.780,666.190,665.680,665.930,2279.39,1748936699999,1517910.53520,4276,937.89,624558.12470,0
1748936700000,665.930,665.980,665.100,665.280,2203.10,1748937599999,1466065.67990,4108,1062.93,707320.07880,0
1748937600000,665.280,665.730,664.510,664.510,4603.05,1748938499999,3061672.80950,7136,1909.07,1269796.43380,0
1748938500000,664.520,664.810,663.800,664.700,5120.19,1748939399999,3401720.79850,6712,2633.11,1749411.61420,0
1748939400000,664.690,665.320,663.940,664.740,2898.08,1748940299999,1925857.42330,5766,1495.81,994021.06040,0
1748940300000,664.750,665.620,664.490,665.410,2368.44,1748941199999,1575444.52140,5046,1332.08,886049.65900,0
1748941200000,665.410,665.520,664.990,665.480,2423.67,1748942099999,1612506.19820,4839,1132.06,753161.59250,0
1748942100000,665.490,665.760,664.890,665.280,3150.82,1748942999999,2096303.68060,4561,1272.88,846946.94910,0
1748943000000,665.270,667.900,665.040,667.010,7150.11,1748943899999,4766301.04110,6888,4087.71,2724560.54250,0
1748943900000,667.010,667.830,666.890,666.990,4299.04,1748944799999,2868818.70810,5737,1894.04,1263860.67140,0
1748944800000,666.980,666.980,665.520,666.460,5995.32,1748945699999,3993299.77610,6397,3219.62,2144028.95430,0
1748945700000,666.460,666.800,666.290,666.670,2166.23,1748946599999,1443907.07700,3917,901.18,600653.61130,0
1748946600000,666.670,667.160,665.960,666.200,4719.53,1748947499999,3145491.03760,5865,2280.23,1519779.31790,0
1748947500000,666.190,666.550,666.100,666.260,1862.22,1748948399999,1240842.54450,3576,750.21,499857.12040,0
1748948400000,666.270,666.560,664.950,665.770,9890.28,1748949299999,6584761.61830,7870,5628.12,3746841.61840,0
1748949300000,665.780,665.780,664.430,664.690,6376.49,1748950199999,4239217.78880,5416,4009.62,2665346.15020,0
1748950200000,664.690,665.260,664.490,664.840,3248.57,1748951099999,2159793.71680,5172,1052.39,699626.49480,0
1748951100000,664.830,665.070,664.700,664.920,1937.90,1748951999999,1288575.33720,3854,1110.65,738507.05860,0
1748952000000,664.930,665.080,662.620,664.310,17691.12,1748952899999,11734178.92170,11119,9791.83,6494111.37540,0
1748952900000,664.310,664.510,663.400,664.240,3497.48,1748953799999,2322736.05150,5757,1242.89,825429.27530,0
1748953800000,664.250,664.250,663.360,663.420,2270.98,1748954699999,1507208.41850,4887,1129.34,749532.43150,0
1748954700000,663.430,664.240,663.320,663.710,2868.47,1748955599999,1903945.57030,4772,1310.11,869655.82710,0
1748955600000,663.700,664.530,662.680,664.520,12419.37,1748956499999,8241496.08120,8408,8520.02,5653594.15810,0
1748956500000,664.520,665.510,664.520,664.840,6243.07,1748957399999,4151439.01400,6684,3384.39,2250513.93740,0
1748957400000,664.840,664.960,662.280,664.750,7980.89,1748958299999,5297826.31040,11388,3886.73,2580024.37930,0
1748958300000,664.740,665.050,663.140,664.060,4777.66,1748959199999,3172975.82700,7889,2409.23,1599967.86570,0
1748959200000,664.070,664.640,661.630,662.240,11818.04,1748960099999,7834370.05730,11476,6567.42,4354596.72990,0
1748960100000,662.240,664.690,661.950,664.610,4185.36,1748960999999,2778274.68730,7652,2192.80,1455370.01740,0
1748961000000,664.610,666.300,664.290,666.200,4531.39,1748961899999,3013908.29480,8151,2818.01,1874557.64020,0
1748961900000,666.200,668.020,665.680,667.260,12222.86,1748962799999,8151597.14620,15563,5941.17,3962232.24190,0
1748962800000,667.260,667.800,666.390,666.650,5857.83,1748963699999,3906712.97540,8672,2412.14,1608789.28950,0
1748963700000,666.660,668.300,666.440,668.060,4544.40,1748964599999,3034443.94310,7378,2503.40,1671437.49200,0
1748964600000,668.070,668.310,666.960,667.920,4058.28,1748965499999,2709259.11970,6898,1971.93,1316562.12200,0
1748965500000,667.920,667.920,666.390,666.850,2936.86,1748966399999,1958867.88220,6366,1046.51,697968.02590,0
1748966400000,666.850,667.400,666.340,667.280,3266.76,1748967299999,2178353.66790,7052,1461.55,974604.51070,0
1748967300000,667.280,667.640,665.590,665.790,3729.57,1748968199999,2485373.29080,6813,1305.76,870356.96670,0
1748968200000,665.790,667.110,665.780,666.580,2123.48,1748969099999,1415383.44720,5439,985.11,656588.19630,0
1748969100000,666.570,666.690,664.590,664.880,6242.30,1748969999999,4154412.74260,7830,1843.90,1226919.35990,0
1748970000000,664.880,665.820,664.590,665.240,2909.78,1748970899999,1934996.47890,5781,1261.36,838808.49950,0
1748970900000,665.250,666.760,665.250,666.690,1733.49,1748971799999,1154831.32760,4937,917.47,611186.76710,0
1748971800000,666.690,666.690,665.260,665.500,2038.75,1748972699999,1357253.50430,4297,953.96,635021.99260,0
1748972700000,665.500,665.720,665.010,665.700,1171.37,1748973599999,779393.67130,3478,582.35,387476.07640,0
1748973600000,665.690,665.860,664.010,664.390,3225.50,1748974499999,2144543.90450,6276,1521.69,1011570.56700,0
1748974500000,664.390,664.880,664.010,664.290,1532.68,1748975399999,1018301.81760,4117,833.48,553767.49950,0
1748975400000,664.290,664.350,662.790,663.940,7176.57,1748976299999,4759612.91910,9333,3184.91,2111948.59240,0
1748976300000,663.940,664.400,663.330,664.070,1643.29,1748977199999,1090845.63080,3586,748.29,496709.72390,0
1748977200000,664.070,664.480,663.660,664.250,1364.50,1748978099999,906169.52690,4383,807.86,536487.31270,0
1748978100000,664.240,665.500,664.240,665.400,2145.91,1748978999999,1427062.34490,3442,1451.60,965267.44010,0
1748979000000,665.390,665.440,664.770,665.250,1322.07,1748979899999,879390.99170,3796,735.48,489227.88940,0
1748979900000,665.240,665.410,664.110,664.910,2668.77,1748980799999,1773895.79400,4441,731.21,486001.90840,0
1748980800000,664.920,665.000,663.160,663.210,4403.83,1748981699999,2923390.09940,5843,1456.01,966488.59900,0
1748981700000,663.220,663.220,659.000,659.300,19363.02,1748982599999,12795258.74320,15028,5624.76,3717369.43550,0
1748982600000,659.300,661.660,658.360,661.330,6767.83,1748983499999,4463542.11720,11130,3257.48,2148398.56760,0
1748983500000,661.340,661.700,660.350,661.020,2904.25,1748984399999,1919812.99240,5730,1354.60,895350.27720,0
1748984400000,661.020,661.360,659.610,659.760,4284.50,1748985299999,2829723.39990,7174,1771.77,1170316.06390,0
1748985300000,659.760,660.040,658.400,659.920,3972.94,1748986199999,2619083.67920,6375,1833.94,1208999.89790,0
1748986200000,659.910,660.170,658.800,659.000,2119.84,1748987099999,1397601.45580,5447,929.52,612826.06450,0
1748987100000,659.000,659.390,656.660,657.820,4105.53,1748987999999,2700930.11270,8212,1916.60,1260936.26870,0
1748988000000,657.820,659.900,657.470,659.790,4449.06,1748988899999,2931986.87690,8614,2457.74,1619731.78970,0
1748988900000,659.790,660.880,659.480,660.810,2406.85,1748989799999,1588893.25260,4981,1546.12,1020683.48760,0
1748989800000,660.810,661.460,660.760,661.400,1926.96,1748990699999,1274026.07150,4206,973.71,643763.42740,0
1748990700000,661.400,661.530,660.640,661.010,1822.60,1748991599999,1205127.03120,3165,852.40,563612.17680,0
1748991600000,661.020,661.540,660.690,661.530,1782.80,1748992499999,1178485.15630,3768,1065.93,704628.83020,0
1748992500000,661.530,661.540,660.220,660.790,2095.65,1748993399999,1384778.30110,4511,1117.33,738268.47330,0
1748993400000,660.790,661.160,660.060,660.640,2353.62,1748994299999,1554893.51700,4574,1001.48,661622.43840,0
1748994300000,660.630,661.330,660.500,661.330,1871.72,1748995199999,1237183.75990,3661,1081.27,714727.80220,0
1748995200000,661.330,661.590,660.770,661.140,3702.86,1748996099999,2448152.93850,5088,1728.50,1142802.72750,0
1748996100000,661.130,662.650,661.130,661.860,5073.01,1748996999999,3359287.54540,8617,2270.58,1503393.76650,0
1748997000000,661.860,661.860,660.640,661.440,2740.65,1748997899999,1812130.28900,8368,1463.03,967385.35690,0
1748997900000,661.440,663.400,661.430,663.160,3294.54,1748998799999,2183314.38300,5252,1843.64,1221847.12940,0
1748998800000,663.170,665.430,663.120,664.480,9993.06,1748999699999,6641869.40440,9184,4442.53,2952046.87740,0
1748999700000,664.480,665.260,663.900,664.870,2461.35,1749000599999,1635581.03370,5551,1199.91,797357.57600,0
1749000600000,664.880,666.120,664.270,666.090,3892.95,1749001499999,2589432.48730,5908,2824.63,1878860.60970,0
1749001500000,666.090,667.020,665.520,666.790,6806.88,1749002399999,4536890.90360,13633,4067.92,2711390.57410,0
1749002400000,666.780,668.440,666.780,667.290,8592.47,1749003299999,5738096.54400,9204,3399.88,2270160.63190,0
1749003300000,667.290,667.880,667.240,667.790,2348.68,1749004199999,1567931.51560,5377,1208.66,806840.67720,0
1749004200000,667.790,667.990,666.710,666.960,3672.80,1749005099999,2451145.46860,5391,983.00,656047.05120,0
1749005100000,666.960,667.240,666.200,666.210,2199.11,1749005999999,1466102.00430,4707,1126.11,750748.66960,0
1749006000000,666.210,669.820,666.200,669.430,14330.68,1749006899999,9584705.36930,9613,9852.90,6590195.85270,0
1749006900000,669.430,669.950,669.400,669.880,4735.63,1749007799999,3171313.06590,5485,2075.06,1389613.50690,0
1749007800000,669.880,669.990,669.250,669.330,2114.00,1749008699999,1415452.70730,4458,806.28,539886.40550,0
1749008700000,669.320,669.520,668.310,668.410,1569.87,1749009599999,1049977.15080,4119,572.37,382795.88910,0
1749009600000,668.400,670.000,668.400,669.370,8019.58,1749010499999,5370539.09620,6131,3679.29,2463806.79240,0
1749010500000,669.370,669.780,668.980,669.780,2557.93,1749011399999,1712408.39200,4174,985.93,660003.78290,0
1749011400000,669.780,669.780,668.270,668.580,1701.00,1749012299999,1137717.37430,4181,547.23,365915.89640,0
1749012300000,668.570,669.000,668.100,668.200,3494.59,1749013199999,2336084.24420,4502,1679.19,1122521.91680,0
1749013200000,668.200,669.890,668.200,668.760,8000.60,1749014099999,5354135.71260,7482,2499.09,1672412.86460,0
1749014100000,668.760,669.380,668.250,668.710,3492.20,1749014999999,2335616.13130,5711,1208.24,807983.38280,0
1749015000000,668.710,669.500,668.580,669.260,4247.91,1749015899999,2842050.40620,6035,2823.96,1889375.70170,0
1749015900000,669.250,669.420,668.580,668.890,967.52,1749016799999,647317.55610,3001,379.44,253848.56440,0
1749016800000,668.890,669.860,668.880,669.180,4001.92,1749017699999,2679080.87710,5854,1477.13,988690.39800,0
1749017700000,669.180,669.320,668.420,668.900,2359.94,1749018599999,1578150.25710,4411,783.67,524081.16710,0
1749018600000,668.890,669.160,668.230,669.010,1756.07,1749019499999,1174238.50980,3857,735.21,491662.35540,0
1749019500000,669.020,669.520,668.470,669.110,2191.72,1749020399999,1466411.85660,4411,997.86,667638.69750,0
1749020400000,669.100,669.480,668.920,669.250,2008.69,1749021299999,1344403.57920,4788,933.31,624654.00390,0
1749021300000,669.240,669.800,668.900,669.440,2590.47,1749022199999,1733745.36780,4103,1055.17,706220.23430,0
1749022200000,669.440,669.790,668.910,669.750,2880.22,1749023099999,1928041.09020,5447,1349.63,903511.83570,0
1749023100000,669.740,670.990,669.230,670.800,11769.54,1749023999999,7888596.40650,13144,9508.76,6372681.92860,0
1749024000000,670.810,671.640,670.710,671.260,11971.65,1749024899999,8034236.44780,7815,9102.17,6108233.70610,0
1749024900000,671.260,671.830,670.970,670.980,4732.40,1749025799999,3177492.65100,7339,1816.73,1219940.95500,0
1749025800000,670.990,671.280,670.600,671.100,2127.54,1749026699999,1427545.35380,4974,728.23,488650.57040,0
1749026700000,671.100,671.180,669.910,670.180,2722.68,1749027599999,1825057.04660,4772,1115.90,747874.51400,0
1749027600000,670.180,670.470,669.670,669.860,2345.14,1749028499999,1571416.29900,5379,1107.02,741728.38400,0
1749028500000,669.870,669.870,668.900,669.400,2999.45,1749029399999,2007637.88020,5132,1284.42,859659.13500,0
1749029400000,669.400,670.480,668.990,670.240,2341.53,1749030299999,1567925.92290,4269,1490.97,998547.57170,0
1749030300000,670.240,670.930,670.160,670.500,4142.53,1749031199999,2777895.79210,4976,2905.36,1948388.99300,0
1749031200000,670.500,670.740,669.790,670.380,2181.22,1749032099999,1462002.67470,4690,1057.05,708469.32800,0
1749032100000,670.380,670.450,669.220,669.290,2325.16,1749032999999,1557048.24700,4484,1049.60,702804.83190,0
1749033000000,669.300,669.810,668.910,669.810,1803.16,1749033899999,1206802.29170,3680,973.07,651296.64760,0
1749033900000,669.810,669.850,669.340,669.620,1300.47,1749034799999,870706.80720,3294,667.47,446866.12240,0
1749034800000,669.620,670.160,669.440,670.120,1675.05,1749035699999,1121931.08590,3894,860.47,576349.84520,0
1749035700000,670.130,670.330,669.000,669.440,2338.48,1749036599999,1565955.96530,3965,862.95,577905.52820,0
1749036600000,669.450,669.620,668.220,668.450,4964.52,1749037499999,3319864.10210,6142,1391.65,930509.75510,0
1749037500000,668.450,668.540,667.500,667.860,2899.82,1749038399999,1937225.59640,4958,1283.80,857649.05020,0
1749038400000,667.860,669.300,667.590,669.190,5673.87,1749039299999,3792468.35250,6619,4104.85,2743730.65510,0
1749039300000,669.180,669.180,667.320,667.530,5344.49,1749040199999,3569740.91880,6840,2893.15,1931914.88730,0
1749040200000,667.530,668.160,666.860,667.750,2857.87,1749041099999,1907901.11760,5788,1276.43,852162.57610,0
1749041100000,667.740,668.000,667.410,667.520,1039.76,1749041999999,694230.92220,3323,521.28,348054.54230,0
1749042000000,667.530,667.830,666.210,666.540,5545.54,1749042899999,3697928.03060,11353,3359.00,2239818.97440,0
1749042900000,666.540,668.240,666.160,666.890,4787.29,1749043799999,3194906.99700,7398,2706.62,1806409.49140,0
1749043800000,666.890,669.120,666.840,667.960,4996.11,1749044699999,3339976.37690,7533,2594.74,1734530.18200,0
1749044700000,667.960,668.620,667.220,667.660,2544.94,1749045599999,1699384.14540,5296,1102.29,736079.78770,0
1749045600000,667.650,667.660,665.130,666.670,10547.20,1749046499999,7025385.78410,13457,5821.63,3877495.52350,0
1749046500000,666.680,667.730,666.330,666.520,4011.03,1749047399999,2675837.17940,6948,1857.01,1239000.19630,0
1749047400000,666.510,667.400,666.300,667.370,2936.70,1749048299999,1958221.12320,6342,1270.63,847313.78690,0
1749048300000,667.380,668.650,666.860,668.470,4378.24,1749049199999,2923606.42600,6761,2565.18,1713163.81230,0
1749049200000,668.460,668.650,667.120,668.270,7131.60,1749050099999,4764448.14820,8387,3664.53,2447862.89990,0
1749050100000,668.270,670.000,668.230,669.190,6903.81,1749050999999,4621844.80450,9153,3833.95,2566850.06130,0
1749051000000,669.200,670.500,668.920,669.610,5381.10,1749051899999,3604342.19850,8490,2802.03,1877065.05110,0
1749051900000,669.610,670.060,668.810,669.420,5254.83,1749052799999,3517644.87540,8006,2013.07,1347480.23810,0
1749052800000,669.430,669.580,668.000,669.440,8014.00,1749053699999,5359354.93390,8559,5127.36,3428573.47400,0
1749053700000,669.440,669.870,669.010,669.090,3202.38,1749054599999,2143859.82590,4983,1821.72,1219548.30420,0
1749054600000,669.090,669.800,668.690,669.220,3636.98,1749055499999,2433908.70060,4702,1646.84,1102254.76230,0
1749055500000,669.230,669.980,669.100,669.910,2330.66,1749056399999,1560675.39490,3795,1506.55,1008818.24140,0
1749056400000,669.920,670.000,667.190,668.310,7328.24,1749057299999,4897395.29160,7094,3807.50,2544372.67200,0
1749057300000,668.310,668.310,666.920,667.080,3350.86,1749058199999,2236704.64500,4541,1588.90,1060591.97010,0
1749058200000,667.080,667.550,666.280,666.680,4079.84,1749059099999,2720545.42530,5777,2221.72,1481687.86980,0
1749059100000,666.690,667.480,666.420,667.460,1580.55,1749059999999,1054093.71350,3474,985.50,657233.26240,0
1749060000000,667.470,667.800,666.130,667.390,3660.19,1749060899999,2441780.21780,5193,2186.45,1458565.65290,0
1749060900000,667.390,668.900,667.280,668.900,2073.27,1749061799999,1385388.13830,3560,1188.37,794110.12120,0
1749061800000,668.900,669.120,668.500,668.940,1494.24,1749062699999,999470.55590,3283,643.90,430690.83190,0
1749062700000,668.950,669.110,667.680,668.010,1677.47,1749063599999,1120995.87530,3459,528.80,353354.73020,0
1749063600000,668.020,668.040,666.630,667.310,3164.25,1749064499999,2111655.52830,4704,2069.43,1380907.05880,0
1749064500000,667.310,668.690,666.880,668.020,2499.02,1749065399999,1669437.76880,4676,1568.26,1047671.09920,0
1749065400000,668.010,668.660,667.700,668.590,1432.95,1749066299999,957601.48880,3594,912.69,609934.49330,0
1749066300000,668.600,668.850,667.340,667.360,1430.88,1749067199999,955946.35160,3965,703.26,469765.48520,0
1749067200000,667.350,667.470,665.070,665.270,6361.61,1749068099999,4235703.60320,7665,3752.84,2498521.59140,0
1749068100000,665.260,665.490,663.990,665.440,17113.73,1749068999999,11378853.71680,9338,4789.68,3184161.63940,0
1749069000000,665.430,665.430,664.000,664.630,2633.04,1749069899999,1749832.87180,5786,1293.02,859163.15640,0
1749069900000,664.620,665.000,663.760,664.280,3090.43,1749070799999,2052838.41150,6615,1535.49,1019880.72530,0
1749070800000,664.280,664.290,661.700,663.910,10266.20,1749071699999,6800773.15620,17586,5847.03,3872815.80130,0
1749071700000,663.910,663.910,662.000,663.570,3444.56,1749072599999,2282737.23330,7133,1865.69,1236315.66680,0
1749072600000,663.560,665.380,663.560,665.200,3092.09,1749073499999,2055777.92470,6570,1686.12,1120863.93850,0
1749073500000,665.200,666.660,665.200,665.430,2413.56,1749074399999,1607644.27650,5108,958.02,638102.05930,0
1749074400000,665.420,665.510,662.220,663.750,8451.84,1749075299999,5606966.26900,10213,4675.43,3100940.74740,0
1749075300000,663.750,664.400,662.460,662.740,2994.83,1749076199999,1986871.42970,6365,1279.65,849112.43500,0
1749076200000,662.730,663.450,662.400,663.190,1849.67,1749077099999,1226197.34620,6059,885.46,586970.91300,0
1749077100000,663.190,663.200,661.940,662.600,2270.70,1749077999999,1504245.51610,4980,1053.12,697585.85330,0
1749078000000,662.600,663.500,662.340,662.430,2247.46,1749078899999,1489737.64160,5512,1123.29,744587.68890,0
1749078900000,662.440,663.300,661.520,663.000,2474.46,1749079799999,1639124.33680,5535,977.79,647735.31260,0
1749079800000,662.990,663.870,662.360,663.870,2090.60,1749080699999,1386771.32210,5987,979.39,649611.02030,0
1749080700000,663.870,663.870,662.670,662.930,2484.30,1749081599999,1648315.59020,5787,826.16,548145.54340,0
1749081600000,662.930,663.950,662.640,663.330,3532.03,1749082499999,2342999.46280,5966,1695.46,1124638.60310,0
1749082500000,663.330,664.650,663.140,664.460,4951.02,1749083399999,3286579.05700,7265,2504.95,1662831.60000,0
1749083400000,664.470,665.620,664.220,664.660,3380.29,1749084299999,2247992.64440,6429,1334.24,887264.16920,0
1749084300000,664.670,665.190,663.640,664.530,5061.96,1749085199999,3362333.46160,5794,1978.51,1314152.46770,0
1749085200000,664.530,665.910,664.310,665.850,2469.17,1749086099999,1642627.06130,5888,1450.03,964576.48240,0
1749086100000,665.860,666.060,665.230,665.970,2528.20,1749086999999,1683070.10590,4396,1000.87,666288.95250,0
1749087000000,665.980,666.090,665.000,666.080,1972.09,1749087899999,1312523.44200,5121,807.67,537516.55130,0
1749087900000,666.090,666.390,665.140,666.060,2411.87,1749088799999,1605851.19990,4570,1004.93,669105.20800,0
1749088800000,666.060,666.430,665.680,666.430,2188.19,1749089699999,1457431.44670,4349,917.81,611311.30680,0
1749089700000,666.430,666.430,665.010,665.270,1945.15,1749090599999,1294748.89940,3691,703.91,468462.72680,0
1749090600000,665.260,666.300,665.090,665.680,2138.20,1749091499999,1423591.81960,3711,1155.51,769327.83660,0
1749091500000,665.690,665.850,664.790,664.790,2131.30,1749092399999,1417854.76040,3530,933.42,620919.37560,0
1749092400000,664.790,665.020,664.170,664.590,2159.44,1749093299999,1434974.88740,4406,1074.68,714092.67870,0
1749093300000,664.580,664.980,664.170,664.540,1169.34,1749094199999,777144.21610,3911,497.32,330525.23840,0
1749094200000,664.530,665.420,664.500,665.320,1171.84,1749095099999,779285.42790,3220,772.77,513898.16960,0
1749095100000,665.330,665.810,665.290,665.590,985.00,1749095999999,655637.07310,2119,427.21,284340.89600,0
1749096000000,665.590,667.210,665.500,667.020,4948.54,1749096899999,3298158.80450,11603,2520.67,1679912.57940,0
1749096900000,667.010,667.290,666.850,666.990,1967.25,1749097799999,1312312.31660,4124,748.59,499358.02990,0
1749097800000,667.000,667.470,666.540,667.170,1699.36,1749098699999,1133593.76390,4544,1083.20,722595.18600,0
1749098700000,667.180,667.650,667.100,667.510,1383.76,1749099599999,923511.06860,3679,760.92,507811.50330,0
1749099600000,667.500,668.440,666.870,666.870,6406.14,1749100499999,4278654.33150,6834,2064.16,1378652.27400,0
1749100500000,666.880,667.190,665.910,665.910,1806.76,1749101399999,1204457.57640,5076,779.02,519383.89630,0
1749101400000,665.920,665.920,664.960,665.360,3342.73,1749102299999,2224556.73810,5488,1307.84,870379.99510,0
1749102300000,665.360,666.380,665.100,666.350,2557.39,1749103199999,1702753.25540,4599,1448.18,964287.24520,0
1749103200000,666.350,667.810,666.350,667.060,6168.64,1749104099999,4117053.78900,7031,2049.30,1367490.99550,0
1749104100000,667.060,667.660,666.620,667.550,4517.70,1749104999999,3013268.62360,5446,2850.96,1901488.64490,0
1749105000000,667.540,667.580,665.870,666.120,2725.88,1749105899999,1817102.04170,5713,1038.84,692461.39350,0
1749105900000,666.120,666.720,666.000,666.480,2048.52,1749106799999,1365243.74700,3852,1228.42,818697.67920,0
1749106800000,666.490,668.220,666.490,667.380,7880.10,1749107699999,5261418.22440,7774,2807.50,1874245.59160,0
1749107700000,667.380,668.500,667.370,668.330,3124.93,1749108599999,2087330.35230,5173,1931.20,1289918.43260,0
1749108600000,668.330,668.460,666.940,667.290,2973.81,1749109499999,1985284.74930,5222,1419.37,947432.75420,0
1749109500000,667.290,668.370,666.840,668.370,3470.92,1749110399999,2316831.75060,4837,1410.79,941947.34780,0
1749110400000,668.370,670.390,668.370,669.690,15067.80,1749111299999,10091518.47580,13347,7700.63,5156746.41840,0
1749111300000,669.690,670.200,668.880,669.640,4605.33,1749112199999,3084156.06870,7219,2219.90,1486578.49250,0
1749112200000,669.640,669.760,668.330,668.650,3106.12,1749113099999,2077699.99960,6633,1458.65,975632.99920,0
1749113100000,668.650,669.210,668.360,668.770,2091.73,1749113999999,1398959.83830,4912,882.16,590010.50990,0
1749114000000,668.760,670.390,668.760,669.570,11512.98,1749114899999,7713996.30230,7320,5785.50,3876273.11280,0
1749114900000,669.560,670.000,668.700,669.050,3392.44,1749115799999,2269934.45900,5706,1150.31,769699.71350,0
1749115800000,669.060,670.740,668.840,670.400,4819.98,1749116699999,3228751.07020,12798,2610.34,1748909.30140,0
1749116700000,670.390,670.460,668.320,668.410,9086.63,1749117599999,6083293.54140,9246,3439.24,2302313.49320,0
1749117600000,668.410,668.860,667.540,667.590,15255.66,1749118499999,10194380.28220,12008,8385.61,5603362.15910,0
1749118500000,667.580,668.000,666.100,666.290,9222.22,1749119399999,6151733.22840,14746,5866.96,3913776.68900,0
1749119400000,666.300,667.500,665.640,665.930,5406.53,1749120299999,3603690.73820,7655,2864.91,1909723.94920,0
1749120300000,665.930,665.930,663.550,663.890,8261.69,1749121199999,5491025.69830,12357,4077.60,2710004.42200,0
1749121200000,663.900,664.030,662.140,663.220,15102.24,1749122099999,10012697.62750,20221,7863.70,5213265.61770,0
1749122100000,663.210,664.260,662.660,663.880,4047.26,1749122999999,2685362.71580,8183,2013.00,1335450.65220,0
1749123000000,663.870,664.140,662.850,662.920,2484.20,1749123899999,1648538.08410,6112,1183.14,785206.76680,0
1749123900000,662.920,663.680,661.940,662.100,5290.34,1749124799999,3505216.12540,9015,2176.56,1442263.09100,0
1749124800000,662.110,664.130,661.700,663.870,8427.59,1749125699999,5586467.12530,11686,3996.28,2649427.92580,0
1749125700000,663.870,665.210,663.810,664.660,9867.94,1749126599999,6557399.21370,10531,6495.31,4316131.49040,0
1749126600000,664.650,664.940,663.580,664.360,7210.43,1749127499999,4789469.91140,10028,3436.57,2282930.23160,0
1749127500000,664.360,665.500,662.600,662.750,8390.71,1749128399999,5572555.46620,10132,3077.32,2044472.70790,0
1749128400000,662.760,663.960,662.680,663.710,12857.15,1749129299999,8525773.91200,9780,8916.16,5912517.50240,0
1749129300000,663.710,664.290,663.000,663.840,3444.35,1749130199999,2285741.43850,5676,1505.09,998750.68270,0
1749130200000,663.840,664.100,662.520,662.990,8050.53,1749131099999,5337531.00830,9680,3292.45,2182899.43470,0
1749131100000,662.990,663.250,661.020,661.210,26666.05,1749131999999,17655335.80290,19031,13326.90,8821883.17340,0
1749132000000,661.200,661.480,658.010,658.680,28583.67,1749132899999,18858642.76440,25595,9422.34,6208254.50560,0
1749132900000,658.690,659.380,656.420,657.430,13640.17,1749133799999,8971999.98260,17309,6676.03,4391659.37510,0
1749133800000,657.430,659.340,656.470,659.060,9546.92,1749134699999,6279230.76810,12100,5237.68,3445129.18020,0
1749134700000,659.060,660.290,658.720,659.930,6706.56,1749135599999,4424215.49300,10024,3354.74,2212934.25750,0
1749135600000,659.930,660.210,657.860,658.830,10714.76,1749136499999,7061070.08630,9823,6531.28,4303754.09720,0
1749136500000,658.830,660.110,658.330,660.030,3295.91,1749137399999,2172997.39580,6866,1963.15,1294229.91310,0
1749137400000,660.020,660.050,658.700,659.320,2845.00,1749138299999,1875872.99160,5583,1241.45,818584.87760,0
1749138300000,659.320,659.420,658.220,659.040,3743.54,1749139199999,2466212.00270,6417,1925.67,1268604.84900,0
1749139200000,659.040,659.040,656.880,657.440,6414.50,1749140099999,4219823.27590,8540,3079.34,2025800.96100,0
1749140100000,657.450,657.550,654.280,655.010,14634.34,1749140999999,9593662.14980,22172,6905.48,4526807.72700,0
1749141000000,655.020,655.140,653.790,654.270,7150.51,1749141899999,4679487.68890,11286,3689.55,2414534.00270,0
1749141900000,654.280,654.890,653.350,653.960,6237.80,1749142799999,4079260.85030,11954,3327.51,2176132.03490,0
1749142800000,653.970,655.020,653.470,654.590,8232.75,1749143699999,5386359.54950,12130,4890.70,3199659.90770,0
1749143700000,654.590,655.960,653.820,654.600,6617.95,1749144599999,4335408.12380,10335,4042.56,2648681.42320,0
1749144600000,654.590,654.780,653.620,654.190,2668.24,1749145499999,1746072.72750,6491,1031.89,675263.54130,0
1749145500000,654.180,654.300,652.530,653.790,7131.81,1749146399999,4659442.90330,8541,2093.92,1368290.19580,0
1749146400000,653.780,653.790,650.590,650.730,15794.02,1749147299999,10295437.07890,17237,6656.33,4339227.01040,0
1749147300000,650.730,653.280,650.150,652.720,7928.14,1749148199999,5168049.20430,15044,4064.31,2649304.35680,0
1749148200000,652.720,654.390,652.240,652.630,8485.15,1749149099999,5545380.69600,10301,5515.96,3604832.51390,0
1749149100000,652.620,653.060,650.090,650.220,8062.46,1749149999999,5252407.62070,9540,3069.00,1999633.78510,0
1749150000000,650.210,650.700,646.240,646.250,20787.23,1749150899999,13480412.05290,17498,8348.00,5414470.23340,0
1749150900000,646.240,646.490,640.500,644.280,56981.36,1749151799999,36667474.81230,56252,29715.94,19123068.25650,0
1749151800000,644.290,646.470,643.660,644.710,11728.71,1749152699999,7566416.79440,17583,4912.15,3168491.81670,0
1749152700000,644.720,645.040,643.560,644.040,5597.90,1749153599999,3606721.61300,11933,2412.72,1554490.04290,0
1749153600000,644.040,644.040,637.380,639.280,30213.28,1749154499999,19349528.35070,29939,11728.99,7516116.67880,0
1749154500000,639.280,639.280,622.050,635.390,88484.15,1749155399999,55928740.92270,97070,32233.41,20387104.69510,0
1749155400000,635.400,635.490,625.760,627.050,35602.30,1749156299999,22421167.29020,44787,14312.80,9017611.92560,0
1749156300000,627.050,632.660,625.010,625.520,29640.76,1749157199999,18626835.87690,37997,15034.16,9451352.86430,0
1749157200000,625.510,631.330,625.110,628.830,25436.44,1749158099999,16002329.51570,38294,12477.71,7849232.38170,0
1749158100000,628.830,631.770,628.650,631.670,12308.13,1749158999999,7762577.19440,15780,6164.02,3886578.54470,0
1749159000000,631.670,634.490,630.760,634.390,12534.60,1749159899999,7931627.92500,22575,5554.64,3515107.57350,0
1749159900000,634.400,634.460,631.790,633.810,5429.86,1749160799999,3437425.55370,10132,2621.40,1659252.91880,0
1749160800000,633.820,633.820,629.080,630.060,11787.77,1749161699999,7432601.45190,16165,6469.08,4078335.08710,0
1749161700000,630.050,632.630,629.800,631.280,6901.91,1749162599999,4358556.20320,11503,3686.99,2328387.31640,0
1749162600000,631.270,633.960,631.050,633.570,10540.81,1749163499999,6669509.82240,15235,6533.99,4133716.16900,0
1749163500000,633.580,635.060,633.180,634.040,10754.63,1749164399999,6819862.20720,10812,4753.08,3014528.00240,0
1749164400000,634.040,635.290,633.360,635.150,5806.09,1749165299999,3683736.46600,9537,2985.85,1894604.39330,0
1749165300000,635.140,635.240,634.000,634.870,4729.96,1749166199999,3001612.55320,8836,2537.80,1610453.96920,0
1749166200000,634.870,635.080,631.740,632.930,12323.69,1749167099999,7803841.55580,11393,3392.50,2148481.58610,0
1749167100000,632.920,633.930,632.260,632.900,3375.16,1749167999999,2136753.15740,7894,1719.12,1088328.54940,0
1749168000000,632.900,633.840,632.000,632.290,6957.50,1749168899999,4402642.21160,14110,3687.29,2333399.65920,0
1749168900000,632.290,632.760,628.560,631.530,20675.62,1749169799999,13032674.18730,17770,6567.39,4141186.37330,0
1749169800000,631.540,633.020,631.520,632.740,5229.81,1749170699999,3306830.45070,9748,2915.98,1843723.45520,0
1749170700000,632.740,633.560,631.060,633.450,5968.12,1749171599999,3774288.60290,8057,2645.68,1673675.43420,0
1749171600000,633.450,633.450,631.270,633.170,6466.79,1749172499999,4089791.45990,9768,2759.49,1745703.71230,0
1749172500000,633.170,634.260,631.720,632.940,7026.01,1749173399999,4445047.64390,9369,2838.31,1796177.24570,0
1749173400000,632.940,633.880,632.600,632.710,3889.86,1749174299999,2463197.71750,7556,1945.19,1231819.24410,0
1749174300000,632.700,633.190,631.650,632.830,2957.07,1749175199999,1870185.47150,6458,1251.16,791357.91140,0
1749175200000,632.830,634.330,632.720,634.290,3535.93,1749176099999,2240477.68770,7853,2017.12,1278147.83400,0
1749176100000,634.280,634.280,632.320,633.090,2839.36,1749176999999,1797242.60970,7148,1301.82,823900.54440,0
1749177000000,633.090,634.560,632.480,634.500,2641.74,1749177899999,1673405.64600,7244,1432.44,907370.77250,0
1749177900000,634.500,636.400,634.260,636.350,5341.96,1749178799999,3394509.81370,8076,3363.22,2137012.81600,0
1749178800000,636.360,636.700,635.670,636.480,5043.63,1749179699999,3208893.67880,8961,2832.63,1802178.47400,0
1749179700000,636.470,637.990,636.060,637.890,6918.40,1749180599999,4407646.46610,10223,4329.05,2757909.35440,0
1749180600000,637.890,639.150,637.840,639.090,7378.80,1749181499999,4711833.84520,9000,4370.54,2790869.80960,0
1749181500000,639.090,641.270,639.080,640.880,8795.78,1749182399999,5631939.76260,12304,5244.73,3358019.64830,0
1749182400000,640.870,641.120,639.000,639.880,6097.05,1749183299999,3901097.57810,10111,2584.47,1653617.26050,0
1749183300000,639.880,640.700,638.430,639.520,4209.06,1749184199999,2691281.10320,7908,1959.49,1253131.49830,0
1749184200000,639.520,640.260,639.280,639.950,2518.99,1749185099999,1611444.82360,6840,1313.63,840411.87980,0
1749185100000,639.960,639.960,638.570,638.640,3251.69,1749185999999,2078760.70700,6428,1204.53,769980.36620,0
1749186000000,638.650,638.800,637.150,637.260,5556.92,1749186899999,3545068.85660,9501,2944.49,1878539.63720,0
1749186900000,637.260,637.460,634.600,635.280,9124.54,1749187799999,5801214.58870,14042,3970.26,2523940.56510,0
1749187800000,635.280,638.120,634.800,637.980,5832.15,1749188699999,3711686.72230,8355,3728.12,2373483.76860,0
1749188700000,637.980,638.120,637.250,637.850,3320.13,1749189599999,2117310.77510,5862,1698.81,1083342.52210,0
1749189600000,637.860,639.530,637.200,639.510,5613.10,1749190499999,3582252.68430,7910,3471.98,2215500.31730,0
1749190500000,639.500,639.770,638.180,639.510,5466.72,1749191399999,3492989.28210,7205,3242.52,2071996.29990,0
1749191400000,639.520,640.000,639.000,639.390,2593.32,1749192299999,1658545.80710,5604,1232.16,788016.00760,0
1749192300000,639.390,640.380,639.240,639.580,5598.70,1749193199999,3582739.13460,5930,3734.05,2389525.10530,0
1749193200000,639.570,640.540,639.570,640.300,3524.66,1749194099999,2255816.47380,6533,2331.47,1491967.27650,0
1749194100000,640.290,642.000,640.050,641.890,8067.53,1749194999999,5173491.59970,8764,4309.13,2763120.37900,0
1749195000000,641.900,641.900,640.170,641.120,8259.83,1749195899999,5295518.24010,8167,4257.35,2729288.76530,0
1749195900000,641.120,641.530,640.210,640.970,5340.53,1749196799999,3423235.19280,6036,3202.98,2053016.55810,0
1749196800000,640.970,641.580,640.360,641.360,5002.43,1749197699999,3206508.82900,6140,2723.53,1745644.37840,0
1749197700000,641.360,641.580,640.800,641.430,3888.09,1749198599999,2493391.36150,5614,2302.75,1476724.07470,0
1749198600000,641.440,642.000,640.910,641.440,2121.12,1749199499999,1360524.77210,4895,933.89,598967.35190,0
1749199500000,641.440,641.500,640.820,640.980,1608.18,1749200399999,1031185.24060,4135,813.79,521807.18420,0
1749200400000,640.990,643.370,640.990,643.030,9650.37,1749201299999,6201904.72090,9061,3554.48,2283985.29060,0
1749201300000,643.030,643.900,642.670,642.830,5108.74,1749202199999,3286639.44920,8991,3039.15,1955233.81670,0
1749202200000,642.840,643.370,642.020,642.340,3405.42,1749203099999,2188233.07590,5429,1606.35,1032113.60240,0
1749203100000,642.350,642.510,641.440,641.450,2699.75,1749203999999,1732638.13260,4990,1333.28,855624.58580,0
1749204000000,641.450,643.850,641.440,643.490,11532.09,1749204899999,7420111.44660,8314,3036.46,1953023.97060,0
1749204900000,643.500,643.930,643.040,643.350,4261.01,1749205799999,2741993.09620,6158,2404.01,1546991.97450,0
1749205800000,643.350,643.480,642.360,642.950,5749.04,1749206699999,3696025.02350,6106,1896.55,1219185.32890,0
1749206700000,642.960,643.480,642.690,643.360,2511.29,1749207599999,1614929.16380,5131,1499.78,964457.07160,0
1749207600000,643.370,645.950,643.310,644.340,14432.53,1749208499999,9306702.02520,13336,7813.61,5038454.39300,0
1749208500000,644.340,646.480,644.290,645.550,8606.65,1749209399999,5556533.57770,8170,3314.49,2139299.31380,0
1749209400000,645.560,645.990,644.340,645.830,4438.82,1749210299999,2863803.03550,7798,1941.71,1252750.22760,0
1749210300000,645.830,646.660,645.600,646.090,3535.85,1749211199999,2284348.38620,6470,1678.36,1084276.14550,0
1749211200000,646.090,648.530,646.040,646.820,20311.64,1749212099999,13152157.05220,18103,7553.86,4890463.35350,0
1749212100000,646.830,647.380,646.340,647.220,4993.22,1749212999999,3229421.04370,9334,2441.16,1578787.14910,0
1749213000000,647.230,648.960,646.400,647.490,12743.31,1749213899999,8254575.48330,17263,6516.02,4221102.52130,0
1749213900000,647.500,648.640,647.310,647.310,4105.06,1749214799999,2659754.10780,8158,1793.46,1162044.36960,0
1749214800000,647.320,649.890,647.310,649.190,11455.59,1749215699999,7436070.94750,11784,4567.42,2964837.73240,0
1749215700000,649.200,649.200,648.260,648.680,2608.60,1749216599999,1692237.33920,6502,1366.26,886304.95900,0
1749216600000,648.690,649.950,648.240,649.360,5862.44,1749217499999,3805755.20340,10196,2990.04,1941102.79710,0
1749217500000,649.370,650.700,648.770,649.160,8547.80,1749218399999,5555182.77550,11256,3945.06,2564140.19220,0
1749218400000,649.150,650.270,648.510,650.260,3432.41,1749219299999,2228902.62400,8357,1571.07,1020267.51140,0
1749219300000,650.270,651.120,649.770,650.580,6785.76,1749220199999,4414099.63620,9629,3726.90,2424476.20470,0
1749220200000,650.580,650.800,649.030,650.370,8074.88,1749221099999,5246817.69750,8793,5179.62,3365644.42370,0
1749221100000,650.360,650.500,649.120,649.760,3679.40,1749221999999,2390360.94350,7641,1680.15,1091537.46060,0
1749222000000,649.760,650.090,648.670,650.020,4803.58,1749222899999,3119539.91080,10252,2474.92,1607389.89760,0
1749222900000,650.020,650.590,646.500,647.260,11128.60,1749223799999,7217114.55380,13801,3484.11,2258734.70100,0
1749223800000,647.250,647.720,645.510,645.950,10171.27,1749224699999,6575419.14500,13310,4594.48,2969732.02100,0
1749224700000,645.950,647.880,645.950,647.490,4482.64,1749225599999,2901277.21140,7406,2814.89,1821762.49420,0
1749225600000,647.460,648.280,646.860,647.420,5386.25,1749226499999,3488236.84910,7395,3150.63,2040443.30780,0
1749226500000,647.420,648.490,647.140,647.510,2402.94,1749227399999,1556622.83400,6453,1387.60,898861.90610,0
1749227400000,647.490,647.700,646.220,646.500,3351.95,1749228299999,2168409.83740,6447,1977.04,1279038.97770,0
1749228300000,646.500,647.480,645.820,646.170,2543.57,1749229199999,1644381.83150,5303,1193.71,771785.87940,0
1749229200000,646.180,646.410,645.290,645.810,5458.86,1749230099999,3525274.59060,7472,1981.04,1279428.70560,0
1749230100000,645.800,646.060,644.710,645.240,7254.84,1749230999999,4682069.21330,7563,3669.51,2367938.03590,0
1749231000000,645.250,645.610,644.840,645.300,2889.42,1749231899999,1864303.57080,5646,1611.38,1039698.60980,0
1749231900000,645.290,646.890,645.050,646.710,3304.42,1749232799999,2133832.80320,5514,2339.78,1510973.17040,0
1749232800000,646.710,646.860,645.410,645.690,3447.55,1749233699999,2227658.14540,5422,1413.42,913311.65660,0
1749233700000,645.680,645.900,644.100,644.250,2693.52,1749234599999,1737286.38650,5452,1235.00,796497.25050,0
1749234600000,644.250,644.590,643.760,644.530,4516.54,1749235499999,2909326.71220,6909,1756.93,1131832.62440,0
1749235500000,644.530,644.630,643.820,644.060,1463.04,1749236399999,942346.87230,3878,686.83,442360.29840,0
1749236400000,644.060,645.080,643.920,645.040,1831.55,1749237299999,1180436.98290,5648,1074.48,692534.50490,0
1749237300000,645.040,645.240,644.440,644.470,2243.48,1749238199999,1446706.06880,4741,1399.24,902282.50880,0
1749238200000,644.460,645.510,644.220,645.400,2362.46,1749239099999,1523552.93760,5241,1547.37,998036.63170,0
1749239100000,645.400,645.580,644.750,644.950,1437.67,1749239999999,927586.77290,4813,673.99,434852.07600,0
1749240000000,644.960,645.800,644.270,645.710,2943.62,1749240899999,1898463.49390,6694,1709.26,1102377.21950,0
1749240900000,645.720,646.290,645.620,645.980,4339.91,1749241799999,2803398.91130,6212,2692.64,1739379.65700,0
1749241800000,645.990,646.560,645.340,646.370,2274.32,1749242699999,1469138.13390,5003,1183.56,764605.59010,0
1749242700000,646.370,646.370,644.840,645.160,1875.37,1749243599999,1210249.58320,5069,716.78,462522.61620,0
1749243600000,645.160,646.250,644.270,645.380,7748.78,1749244499999,5000189.82910,8873,5105.31,3294508.31280,0
1749244500000,645.370,645.630,645.140,645.550,1092.91,1749245399999,705330.43280,3633,657.91,424584.72410,0
1749245400000,645.560,646.200,645.450,646.160,1058.25,1749246299999,683487.44340,3849,554.77,358282.28070,0
1749246300000,646.160,646.280,645.720,645.890,756.98,1749247199999,489053.97890,3247,223.21,144189.81460,0
1749247200000,645.890,646.060,642.000,643.420,17194.62,1749248099999,11062622.02350,20934,9114.39,5864370.19210,0
1749248100000,643.420,643.970,642.890,643.580,3762.62,1749248999999,2421361.06340,6040,2098.07,1350225.72070,0
1749249000000,643.570,643.990,642.930,643.620,2491.39,1749249899999,1603176.53930,5587,1434.28,922994.47130,0
1749249900000,643.620,644.530,643.280,644.400,1602.85,1749250799999,1032255.14710,4539,908.19,584881.44100,0
1749250800000,644.400,644.400,641.140,641.200,8420.62,1749251699999,5408159.11300,8698,4121.89,2646716.13800,0
1749251700000,641.190,642.820,640.790,642.780,9807.04,1749252599999,6288281.84840,6344,6806.24,4363824.53270,0
1749252600000,642.770,643.140,642.300,642.880,1842.12,1749253499999,1183926.68710,4330,733.76,471613.93930,0
1749253500000,642.880,643.140,642.250,642.250,1059.31,1749254399999,680858.00090,3170,363.55,233678.69880,0
1749254400000,642.260,642.790,640.860,641.040,4512.79,1749255299999,2898166.81370,6626,2105.97,1352712.11970,0
1749255300000,641.030,641.160,639.130,640.280,16418.95,1749256199999,10508096.54320,19405,9506.46,6083755.40450,0
1749256200000,640.280,642.200,640.100,642.170,4705.96,1749257099999,3017831.02280,7273,3135.04,2009938.28040,0
1749257100000,642.170,643.960,641.760,643.840,6519.07,1749257999999,4192408.30580,13592,3088.83,1986286.97160,0
1749258000000,643.840,644.400,643.450,643.800,6998.56,1749258899999,4506532.38540,7320,3137.50,2020162.18110,0
1749258900000,643.810,643.810,642.120,642.250,2618.88,1749259799999,1683082.94470,5386,1215.51,781137.22340,0
1749259800000,642.260,642.630,641.830,642.630,2088.78,1749260699999,1341405.14450,5257,988.07,634554.32670,0
1749260700000,642.620,643.250,642.560,642.930,1290.84,1749261599999,829803.23110,4370,676.15,434643.13800,0
1749261600000,642.940,643.680,642.320,643.310,3528.55,1749262499999,2268829.76430,5527,1542.57,991922.99210,0
1749262500000,643.340,644.530,643.290,644.330,3676.11,1749263399999,2366897.64380,5259,1855.92,1195059.11780,0
1749263400000,644.330,644.500,643.700,644.220,2255.29,1749264299999,1452719.03970,5190,1222.62,787532.89110,0
1749264300000,644.220,645.360,644.220,645.080,3913.37,1749265199999,2523554.26300,5924,2417.03,1558516.18410,0
1749265200000,645.090,646.360,644.940,645.890,3343.55,1749266099999,2158514.02850,6544,2057.83,1328551.94850,0
1749266100000,645.890,646.660,645.890,646.360,2151.91,1749266999999,1390762.34570,5087,1194.76,772147.21510,0
1749267000000,646.360,646.840,645.520,646.480,3662.82,1749267899999,2367540.72320,7612,1215.16,785324.71430,0
1749267900000,646.470,646.980,646.210,646.780,2285.81,1749268799999,1477842.85040,8074,1013.93,655566.78750,0
1749268800000,646.780,646.790,645.410,645.620,3785.24,1749269699999,2444742.26600,6097,1445.64,933539.49160,0
1749269700000,645.630,646.400,645.460,645.620,2562.56,1749270599999,1655185.99080,4848,1436.25,927721.40310,0
1749270600000,645.620,646.360,645.150,646.350,1397.92,1749271499999,902529.79230,4137,830.03,535939.32970,0
1749271500000,646.350,646.660,645.660,646.190,2207.67,1749272399999,1426468.49480,3992,1284.19,829754.35730,0
1749272400000,646.190,647.070,645.920,646.800,1993.59,1749273299999,1288817.57340,5144,1203.77,778219.83650,0
1749273300000,646.810,646.990,646.480,646.850,1503.41,1749274199999,972290.82210,3987,742.80,480404.57700,0
1749274200000,646.860,647.580,646.620,647.420,1886.31,1749275099999,1220722.79630,4124,1291.90,836067.53360,0
1749275100000,647.430,647.770,647.360,647.550,1718.82,1749275999999,1113047.14030,4327,911.68,590342.33970,0
1749276000000,647.550,647.740,646.250,646.350,2576.08,1749276899999,1666481.70700,4605,1021.84,661082.37940,0
1749276900000,646.360,646.580,646.160,646.490,1352.48,1749277799999,874240.97420,3266,595.63,385008.09640,0
1749277800000,646.490,647.850,646.430,647.490,2562.30,1749278699999,1658902.47690,3518,1112.97,720422.99630,0
1749278700000,647.480,649.580,647.360,649.420,6264.81,1749279599999,4062907.47380,7501,4485.10,2908845.07690,0
1749279600000,649.420,649.420,648.240,648.370,3680.39,1749280499999,2387554.50620,5682,1002.00,649997.43090,0
1749280500000,648.360,649.390,648.100,648.900,1511.31,1749281399999,980475.22730,4266,694.38,450469.69660,0
1749281400000,648.890,649.090,648.280,648.570,1440.62,1749282299999,934521.85090,4120,703.54,456373.09310,0
1749282300000,648.580,648.800,648.250,648.340,2122.54,1749283199999,1376543.58070,3562,918.06,595400.33550,0
1749283200000,648.340,648.870,647.760,647.880,2912.79,1749284099999,1888398.55360,4672,1566.21,1015535.72350,0
1749284100000,647.870,647.950,647.460,647.650,2116.90,1749284999999,1371160.99320,4008,999.08,647111.12260,0
1749285000000,647.650,647.780,647.350,647.360,1789.42,1749285899999,1158753.04260,3085,830.92,538086.95220,0
1749285900000,647.360,647.430,646.830,646.990,2921.39,1749286799999,1890754.67090,3493,746.37,483021.10600,0
1749286800000,647.000,647.590,646.840,647.210,1544.55,1749287699999,999599.16740,3613,727.54,470848.04520,0
1749287700000,647.210,647.440,646.950,647.220,1462.49,1749288599999,946608.70260,2475,570.19,369055.23440,0
1749288600000,647.220,647.220,646.010,646.210,2439.50,1749289499999,1576971.61820,3239,751.19,485553.58180,0
1749289500000,646.200,646.700,646.200,646.320,1765.87,1749290399999,1141481.67290,2897,1011.24,653660.17390,0
1749290400000,646.310,647.090,646.120,647.010,2376.34,1749291299999,1536240.36720,3989,1336.43,864027.06370,0
1749291300000,647.020,647.780,646.920,647.640,3710.03,1749292199999,2401788.57930,4042,2657.31,1720332.79680,0
1749292200000,647.650,647.790,647.290,647.360,1793.87,1749293099999,1161564.57750,3489,937.11,606770.67950,0
1749293100000,647.370,648.030,647.050,647.910,1255.42,1749293999999,813070.79380,3432,637.19,412688.53450,0
1749294000000,647.900,647.910,647.430,647.780,1573.50,1749294899999,1019075.75080,4190,736.25,476812.90890,0
1749294900000,647.780,648.310,647.380,648.220,2823.95,1749295799999,1829538.47960,4259,1400.42,907392.26820,0
1749295800000,648.220,648.520,647.640,647.710,2390.32,1749296699999,1549047.59920,3976,1326.16,859465.78010,0
1749296700000,647.710,648.050,647.430,648.050,1255.17,1749297599999,812981.85200,3174,718.69,465519.12670,0
1749297600000,648.040,648.580,647.870,648.500,2178.13,1749298499999,1411864.43010,4127,1247.61,808680.85760,0
1749298500000,648.490,648.810,648.210,648.700,1216.12,1749299399999,788710.79240,3757,582.13,377543.98530,0
1749299400000,648.690,649.970,648.680,649.580,3662.86,1749300299999,2378070.68240,6628,2171.96,1410147.09200,0
1749300300000,649.570,649.600,648.780,648.950,1658.10,1749301199999,1076316.22470,4057,678.19,440210.30170,0
1749301200000,648.960,649.640,648.540,649.590,2897.15,1749302099999,1880236.12540,4953,1263.60,820203.31090,0
1749302100000,649.590,649.760,649.310,649.590,1696.77,1749302999999,1102242.63740,4019,727.16,472369.65060,0
1749303000000,649.590,650.390,649.590,650.300,3945.79,1749303899999,2564899.48430,8060,2491.69,1619674.43180,0
1749303900000,650.300,650.540,649.880,650.170,2836.42,1749304799999,1844624.43870,7255,1469.20,955456.82330,0
1749304800000,650.160,650.780,649.840,650.440,3053.15,1749305699999,1985636.34460,5470,1508.22,980892.02740,0
1749305700000,650.440,650.540,649.850,650.370,3219.67,1749306599999,2093526.74960,5157,1477.16,960514.81840,0
1749306600000,650.360,650.970,650.320,650.700,2548.24,1749307499999,1658177.76200,5124,1041.12,677431.91550,0
1749307500000,650.700,650.860,650.000,650.190,2674.42,1749308399999,1739266.49610,4511,1185.78,771213.04470,0
1749308400000,650.190,650.720,649.590,649.710,2982.28,1749309299999,1939218.73970,5639,1163.73,756690.51930,0
1749309300000,649.710,649.750,648.300,649.350,9138.98,1749310199999,5931790.68870,8752,3390.50,2200781.15760,0
1749310200000,649.340,649.520,648.610,648.810,2887.47,1749311099999,1874006.95200,5397,1187.70,770804.84480,0
1749311100000,648.810,650.420,648.810,650.400,3000.91,1749311999999,1950013.35350,5011,1697.12,1102829.89500,0
1749312000000,650.390,652.530,649.960,651.810,14681.51,1749312899999,9569723.11460,11411,7735.21,5042011.90600,0
1749312900000,651.800,652.340,651.700,651.710,2626.61,1749313799999,1712648.79830,5415,1412.99,921306.97530,0
1749313800000,651.710,651.780,650.790,651.370,4060.69,1749314699999,2644444.57270,5888,1895.09,1234103.54010,0
1749314700000,651.370,651.560,649.600,649.800,4186.20,1749315599999,2723142.35390,5809,1524.63,991903.21460,0
1749315600000,649.800,652.000,649.760,650.590,7609.87,1749316499999,4955461.28700,7067,2350.91,1530599.24400,0
1749316500000,650.580,650.820,650.000,650.660,1449.35,1749317399999,942751.78040,3424,641.71,417380.80530,0
1749317400000,650.660,650.760,649.400,650.140,1512.77,1749318299999,983373.23570,4270,641.53,416996.71030,0
1749318300000,650.130,650.140,649.120,649.290,3300.32,1749319199999,2143199.20430,4169,1683.01,1092939.66860,0
1749319200000,649.290,651.690,649.150,650.760,5993.07,1749320099999,3900939.39020,6743,2299.13,1496155.30890,0
1749320100000,650.750,651.500,650.670,650.980,2856.40,1749320999999,1859804.26170,3961,1722.78,1121618.92600,0
1749321000000,650.970,651.330,649.930,650.150,1634.79,1749321899999,1063327.15570,4526,916.39,596010.35950,0
1749321900000,650.150,650.840,649.880,650.840,1270.75,1749322799999,826616.21480,3341,761.24,495177.12780,0
1749322800000,650.830,651.950,650.830,651.440,2995.05,1749323699999,1951695.61700,4376,1077.32,701908.17780,0
1749323700000,651.450,652.060,651.440,652.040,1417.27,1749324599999,923802.63040,3341,829.27,540529.74910,0
1749324600000,652.040,652.160,651.330,651.690,1545.07,1749325499999,1007040.80700,3661,699.35,455801.55890,0
1749325500000,651.680,651.890,651.480,651.730,832.67,1749326399999,542626.57770,2734,368.54,240159.83310,0
1749326400000,651.730,652.450,651.730,652.080,1823.29,1749327299999,1189213.85200,3751,796.63,519527.28900,0
1749327300000,652.080,652.320,651.720,652.020,1218.10,1749328199999,794152.43150,3811,574.98,374830.22750,0
1749328200000,652.010,652.010,651.060,651.070,1740.40,1749329099999,1133684.16960,3643,749.83,488412.92230,0
1749329100000,651.070,651.790,650.880,651.790,1095.60,1749329999999,713592.90360,3359,653.61,425720.11980,0
1749330000000,651.780,653.260,651.760,652.950,4263.38,1749330899999,2782703.75760,6166,2622.81,1711908.74440,0
1749330900000,652.950,653.230,652.770,652.990,1934.53,1749331799999,1263357.81670,3821,840.18,548679.75540,0
1749331800000,652.990,653.360,652.980,653.280,1534.62,1749332699999,1002372.51840,3515,992.10,648019.49290,0
1749332700000,653.280,653.300,652.490,653.000,1068.25,1749333599999,697410.26210,3029,345.85,225795.09170,0
1749333600000,652.990,653.000,652.110,652.210,1705.63,1749334499999,1113003.19540,5068,811.75,529704.29010,0
1749334500000,652.200,652.520,652.020,652.420,1108.24,1749335399999,722932.89390,2823,745.31,486175.46840,0
1749335400000,652.430,653.540,652.360,652.780,2974.28,1749336299999,1942558.78910,4885,1772.15,1157348.93140,0
1749336300000,652.790,652.980,652.080,652.080,944.34,1749337199999,616180.06950,2979,485.79,316967.36470,0
1749337200000,652.080,652.100,650.080,650.740,8447.05,1749338099999,5497608.14650,7488,4803.50,3125454.67900,0
1749338100000,650.740,651.540,650.130,650.960,4571.15,1749338999999,2974809.29490,4974,2369.72,1542288.83500,0
1749339000000,650.960,651.240,650.400,650.520,2432.58,1749339899999,1583085.61280,4154,1038.63,675952.22980,0
1749339900000,650.510,650.800,650.250,650.410,1087.44,1749340799999,707325.72160,2936,439.29,285730.25400,0
1749340800000,650.410,650.480,649.570,649.630,3596.53,1749341699999,2337854.24070,6111,1398.87,909305.74390,0
1749341700000,649.640,649.980,649.430,649.690,4425.91,1749342599999,2875405.75810,3998,2496.62,1621898.88040,0
1749342600000,649.690,649.880,649.120,649.210,2514.47,1749343499999,1633158.79410,3732,1193.47,775221.47380,0
1749343500000,649.200,649.760,649.120,649.760,1147.56,1749344399999,745218.48060,3128,757.24,491779.98090,0
1749344400000,649.760,649.760,648.190,649.290,4803.60,1749345299999,3116567.51420,6276,2607.67,1691764.93770,0
1749345300000,649.280,649.530,648.420,648.480,1210.24,1749346199999,785582.65100,3264,629.92,408917.89860,0
1749346200000,648.480,650.000,648.220,649.520,1632.08,1749347099999,1059824.90240,3815,906.00,588345.78430,0
1749347100000,649.520,650.000,649.060,650.000,3610.43,1749347999999,2344104.78270,2994,2822.76,1832532.12650,0
1749348000000,649.990,649.990,648.250,648.990,4224.85,1749348899999,2740507.93680,4983,2378.72,1542744.41520,0
1749348900000,648.980,649.250,648.830,649.000,934.68,1749349799999,606642.72890,3149,520.15,337587.74070,0
1749349800000,649.010,649.540,649.000,649.470,857.34,1749350699999,556666.90800,2864,447.07,290278.59760,0
1749350700000,649.480,649.590,649.090,649.150,1772.53,1749351599999,1151060.24380,3283,704.89,457740.23430,0
1749351600000,649.160,649.310,648.220,648.650,3085.33,1749352499999,2001018.20150,3987,1288.76,835814.13820,0
1749352500000,648.650,648.780,648.410,648.470,763.12,1749353399999,494943.54880,2284,325.05,210821.09120,0
1749353400000,648.470,648.960,648.430,648.890,953.23,1749354299999,618331.59500,2844,530.00,343774.68150,0
1749354300000,648.890,649.320,648.540,648.980,1291.45,1749355199999,838131.77870,2736,644.50,418244.31750,0
1749355200000,648.980,649.270,648.500,649.270,5222.04,1749356099999,3387554.61480,3655,2407.53,1561926.09700,0
1749356100000,649.260,649.680,649.030,649.530,1788.13,1749356999999,1161312.27300,3173,1085.47,704989.36140,0
1749357000000,649.530,650.080,649.500,650.080,1499.88,1749357899999,974665.50940,3405,867.58,563784.24580,0
1749357900000,650.070,650.220,649.700,649.950,893.64,1749358799999,580860.31990,2581,426.34,277106.65640,0
1749358800000,649.940,649.960,648.600,648.770,2944.82,1749359699999,1911166.91410,4042,1526.00,990336.49060,0
1749359700000,648.780,649.790,648.770,649.510,780.24,1749360599999,506526.01100,2342,416.21,270178.38200,0
1749360600000,649.500,649.630,649.100,649.450,1055.52,1749361499999,685458.06850,2595,600.49,389943.77350,0
1749361500000,649.450,649.740,648.960,648.990,2234.44,1749362399999,1450741.82540,3076,1371.80,890712.99870,0
1749362400000,648.990,649.890,648.910,649.730,1457.93,1749363299999,946493.74190,3205,912.93,592668.79620,0
1749363300000,649.720,650.080,649.540,649.860,1287.02,1749364199999,836379.39750,2964,637.04,414005.16910,0
1749364200000,649.850,650.340,649.530,649.970,1881.81,1749365099999,1223132.92710,3047,1119.37,727573.31500,0
1749365100000,649.970,650.210,649.440,649.510,776.31,1749365999999,504376.18690,1981,362.77,235686.88490,0
1749366000000,649.510,649.840,649.340,649.640,1153.48,1749366899999,749345.08960,2739,537.41,349118.51810,0
1749366900000,649.630,649.870,649.430,649.430,1782.73,1749367799999,1158183.79840,2634,843.26,547816.83580,0
1749367800000,649.440,649.680,649.100,649.250,1767.63,1749368699999,1147913.00860,2632,713.27,463205.89150,0
1749368700000,649.260,649.440,648.780,648.990,2239.99,1749369599999,1453855.09860,2892,1004.49,651932.44920,0
1749369600000,649.000,649.440,649.000,649.230,1591.47,1749370499999,1033269.27040,3234,749.91,486880.68170,0
1749370500000,649.230,649.420,649.080,649.250,850.14,1749371399999,551971.56380,2511,484.55,314612.82570,0
1749371400000,649.260,649.580,649.260,649.490,671.18,1749372299999,435905.27070,2467,378.41,245757.55460,0
1749372300000,649.490,650.130,649.480,649.790,1191.70,1749373199999,774446.65230,2752,637.24,414101.19150,0
1749373200000,649.790,649.860,648.500,648.700,5417.91,1749374099999,3515307.19030,4576,1234.22,800980.54000,0
1749374100000,648.710,648.710,646.760,647.230,7379.15,1749374999999,4779090.32400,7331,3544.50,2294694.44630,0
1749375000000,647.230,647.500,646.700,647.010,4986.24,1749375899999,3226379.88250,7389,2815.83,1821875.67450,0
1749375900000,647.010,647.860,646.770,646.820,1873.07,1749376799999,1212498.38270,4223,967.54,626340.16110,0
1749376800000,646.830,646.900,646.390,646.510,1907.29,1749377699999,1233302.77800,4772,845.36,546622.55540,0
1749377700000,646.500,646.920,646.220,646.440,1338.64,1749378599999,865548.80610,3056,607.95,393095.73190,0
1749378600000,646.440,648.420,646.210,648.310,4011.31,1749379499999,2597386.39920,5041,2778.96,1799709.81470,0
1749379500000,648.310,648.760,647.920,648.660,2234.75,1749380399999,1449024.65850,3684,1119.49,725885.49500,0
1749380400000,648.660,649.060,648.620,648.810,1896.99,1749381299999,1230852.71410,3408,893.76,579903.82200,0
1749381300000,648.800,649.690,648.740,649.500,2171.37,1749382199999,1409706.05880,3770,1145.88,743986.77130,0
1749382200000,649.500,649.830,649.280,649.760,1685.71,1749383099999,1095116.27030,4148,894.57,581162.92330,0
1749383100000,649.760,650.110,649.690,650.110,1701.80,1749383999999,1106018.30680,3981,994.23,646174.12040,0
1749384000000,650.110,650.300,649.890,650.300,2145.53,1749384899999,1394803.12090,6034,1150.79,748133.96790,0
1749384900000,650.300,650.300,649.430,649.850,2294.67,1749385799999,1490958.61500,4373,947.28,615479.44120,0
1749385800000,649.850,650.160,649.420,650.050,2683.52,1749386699999,1743768.46480,4527,1250.74,812753.46540,0
1749386700000,650.040,650.300,649.900,650.170,1830.23,1749387599999,1189939.15820,3724,1121.30,729009.03220,0
1749387600000,650.170,650.520,650.130,650.170,2661.82,1749388499999,1731092.44980,4613,1477.43,960866.13760,0
1749388500000,650.160,650.240,649.590,650.230,1607.75,1749389399999,1044904.07700,3707,695.99,452330.11320,0
1749389400000,650.240,651.300,650.230,650.850,4005.21,1749390299999,2606835.33340,5619,2326.84,1514282.07330,0
1749390300000,650.850,651.740,649.150,649.520,4489.17,1749391199999,2920295.57510,7777,1955.64,1272610.34310,0
1749391200000,649.520,650.570,649.380,650.240,3950.40,1749392099999,2567459.31230,5142,1724.33,1120801.25940,0
1749392100000,650.230,651.120,650.130,650.840,2219.13,1749392999999,1443903.61230,4546,1279.60,832536.98460,0
1749393000000,650.840,651.070,650.500,650.960,1768.20,1749393899999,1150701.56130,3970,901.12,586403.83970,0
1749393900000,650.970,651.060,650.430,650.670,1904.82,1749394799999,1239544.16760,3727,1066.93,694251.32590,0
1749394800000,650.670,651.850,650.540,651.460,4616.75,1749395699999,3006843.29850,5767,2154.09,1403024.34960,0
1749395700000,651.470,651.870,651.310,651.670,2754.93,1749396599999,1795145.86730,4750,1588.33,1034943.09050,0
1749396600000,651.670,651.850,651.410,651.750,1425.29,1749397499999,928758.27430,3906,620.07,404071.87000,0
1749397500000,651.760,651.850,651.060,651.580,1539.04,1749398399999,1002661.45530,4449,982.27,639923.96410,0
1749398400000,651.590,652.810,651.580,652.560,5802.68,1749399299999,3785611.37460,6280,2820.10,1839538.85460,0
1749399300000,652.560,652.970,652.030,652.480,2502.87,1749400199999,1633312.06680,4563,1424.15,929390.54750,0
1749400200000,652.480,652.990,652.260,652.900,2437.08,1749401099999,1590851.04620,3855,1614.06,1053637.96800,0
1749401100000,652.900,653.150,652.380,652.650,3981.63,1749401999999,2599227.97190,4653,2581.43,1685244.91030,0
1749402000000,652.660,653.300,651.850,652.380,5851.11,1749402899999,3820166.98380,5851,2316.02,1512082.43160,0
1749402900000,652.380,652.740,652.230,652.550,1301.86,1749403799999,849481.28740,3208,573.04,373899.96120,0
1749403800000,652.550,652.860,651.850,652.400,1257.94,1749404699999,820636.60890,3144,664.26,433362.81380,0
1749404700000,652.410,652.480,651.660,651.730,1077.35,1749405599999,702511.52170,2693,375.07,244569.85130,0
1749405600000,651.730,653.100,651.640,652.720,5106.36,1749406499999,3331547.42000,4847,2171.41,1416409.42330,0
1749406500000,652.730,653.000,652.520,652.610,1137.28,1749407399999,742315.04280,2299,509.04,332250.42050,0
1749407400000,652.620,652.760,652.340,652.480,1210.32,1749408299999,789791.78370,2134,627.87,409709.85510,0
1749408300000,652.480,652.700,652.260,652.640,892.07,1749409199999,582071.42370,1887,475.36,310177.15400,0
1749409200000,652.650,654.740,652.640,654.010,9654.04,1749410099999,6316198.64180,10795,4045.95,2646287.57230,0
1749410100000,654.020,654.430,653.820,654.220,1469.73,1749410999999,961305.50390,2801,671.94,439462.98400,0
1749411000000,654.220,654.430,654.000,654.120,1299.80,1749411899999,850360.59530,2653,775.59,507408.45420,0
1749411900000,654.130,654.530,654.120,654.330,1594.20,1749412799999,1043032.18120,2418,1110.43,726506.99470,0
1749412800000,654.340,656.190,654.330,654.850,13803.57,1749413699999,9047291.48460,9782,6118.05,4009051.69440,0
1749413700000,654.860,655.120,654.620,655.050,1397.39,1749414599999,915124.43560,2867,661.70,433326.59780,0
1749414600000,655.060,655.160,654.190,654.320,1150.70,1749415499999,753235.20590,2702,439.50,287683.52770,0
1749415500000,654.320,654.410,653.820,654.090,1184.98,1749416399999,775105.33800,2731,570.14,372928.42020,0
1749416400000,654.090,655.840,654.090,655.400,4602.15,1749417299999,3015905.83540,5007,1947.34,1275790.63930,0
1749417300000,655.410,655.580,655.270,655.470,928.49,1749418199999,608555.25950,1976,446.30,292518.41030,0
1749418200000,655.480,655.530,655.340,655.520,795.96,1749419099999,521701.85630,1846,403.60,264532.86310,0
1749419100000,655.520,656.100,654.880,655.000,1358.75,1749419999999,890454.17950,3113,586.35,384268.94320,0
1749420000000,655.010,655.160,653.310,653.330,4532.51,1749420899999,2965148.08080,7772,2085.67,1364496.96080,0
1749420900000,653.340,653.950,652.860,653.210,1887.54,1749421799999,1233433.49000,4348,1000.78,653971.04250,0
1749421800000,653.220,653.280,652.050,652.900,3160.08,1749422699999,2062315.58470,6273,1664.95,1086598.67430,0
1749422700000,652.900,652.910,651.890,652.400,2386.08,1749423599999,1556311.68070,4288,1229.05,801594.09040,0
1749423600000,652.400,652.410,651.580,652.040,3234.41,1749424499999,2108770.03870,5108,1190.08,775905.83450,0
1749424500000,652.030,652.440,651.490,651.800,2171.46,1749425399999,1415430.78490,4277,911.23,593988.59600,0
1749425400000,651.800,652.230,651.600,651.840,1722.81,1749426299999,1123221.59490,3895,1047.92,683205.69960,0
1749426300000,651.840,651.960,651.210,651.640,2761.71,1749427199999,1799309.48720,3784,1454.39,947565.02280,0
1749427200000,651.650,652.670,651.480,651.580,3470.60,1749428099999,2262743.54860,5996,1846.58,1203895.93130,0
1749428100000,651.590,652.420,651.140,652.140,2378.64,1749428999999,1549991.92770,5406,1217.31,793279.49280,0
1749429000000,652.130,653.190,652.010,652.390,1690.09,1749429899999,1102823.96590,4401,900.47,587559.81100,0
1749429900000,652.380,652.390,651.130,652.280,2010.43,1749430799999,1310549.44190,4263,1223.92,797856.66170,0
1749430800000,652.280,652.550,650.700,651.200,5408.86,1749431699999,3522308.51070,5626,2644.94,1722088.93420,0
1749431700000,651.180,651.740,650.840,651.380,1573.71,1749432599999,1024802.93930,4155,873.25,568658.62000,0
1749432600000,651.370,651.400,650.570,650.660,1122.09,1749433499999,730492.77120,3726,410.77,267415.69050,0
1749433500000,650.670,650.860,650.080,650.320,1983.49,1749434399999,1289990.48660,6396,786.88,511761.31900,0
1749434400000,650.330,650.800,649.050,650.720,8387.99,1749435299999,5450631.19590,8470,5349.89,3476043.70970,0
1749435300000,650.720,651.120,650.620,650.800,1463.02,1749436199999,952266.99640,3302,827.24,538423.46200,0
1749436200000,650.800,650.860,649.180,649.780,4889.44,1749437099999,3176991.17860,6530,2189.90,1422775.30560,0
1749437100000,649.770,650.080,649.480,649.750,1135.84,1749437999999,738130.63260,3660,508.66,330539.44510,0
1749438000000,649.740,649.860,648.030,648.980,6931.83,1749438899999,4494558.85680,6802,4744.62,3075628.70770,0
1749438900000,648.980,649.390,648.670,649.260,2669.58,1749439799999,1732545.57910,4726,1585.48,1028896.65610,0
1749439800000,649.250,650.350,649.050,650.210,1294.19,1749440699999,841053.94010,4006,690.86,448942.87520,0
1749440700000,650.200,651.250,650.190,651.250,1960.32,1749441599999,1275782.55340,4315,1274.84,829721.37660,0
1749441600000,651.240,651.240,649.730,650.450,6215.37,1749442499999,4040968.24850,5490,3557.21,2312438.36400,0
1749442500000,650.450,650.650,649.780,650.060,1629.44,1749443399999,1059440.10260,3755,836.85,544065.31350,0
1749443400000,650.050,650.110,649.620,649.780,1634.94,1749444299999,1062575.36700,3301,793.09,515448.32140,0
1749444300000,649.780,650.040,649.270,649.400,1896.60,1749445199999,1232027.10970,3848,769.91,500050.39550,0
1749445200000,649.410,649.440,648.480,648.860,3399.93,1749446099999,2205937.63850,5164,2078.45,1348427.96350,0
1749446100000,648.860,649.300,648.640,648.790,2143.72,1749446999999,1391141.21520,4254,1256.90,815622.43690,0
1749447000000,648.800,648.800,648.250,648.350,1642.20,1749447899999,1064877.57420,4127,696.75,451798.99750,0
1749447900000,648.350,648.690,648.200,648.260,1460.74,1749448799999,947193.71870,3616,795.42,515746.25420,0
1749448800000,648.270,648.580,647.520,648.090,4996.87,1749449699999,3237359.49400,7044,2485.15,1609988.91850,0
1749449700000,648.090,648.870,647.900,648.760,2049.68,1749450599999,1329315.10390,4127,1040.51,674838.49930,0
1749450600000,648.750,649.600,648.620,649.350,1772.95,1749451499999,1150991.59580,3846,1041.51,676186.95460,0
1749451500000,649.340,649.880,649.280,649.810,1697.41,1749452399999,1102727.10940,3279,942.74,612430.07630,0
1749452400000,649.800,649.800,648.290,648.670,3766.65,1749453299999,2443595.17820,4736,1956.43,1268885.15730,0
1749453300000,648.670,648.780,648.220,648.560,1782.77,1749454199999,1156153.69180,3485,1080.78,700912.78340,0
1749454200000,648.570,649.340,648.510,648.940,1429.08,1749455099999,927424.31470,3441,652.49,423445.41050,0
1749455100000,648.950,649.180,648.760,648.960,1211.89,1749455999999,786487.33420,2513,443.77,287991.09370,0
1749456000000,648.970,649.200,647.850,648.510,3303.92,1749456899999,2142632.85170,4496,1759.19,1140791.46290,0
1749456900000,648.510,648.750,647.910,648.110,1155.87,1749457799999,749392.33840,2859,481.84,312386.25660,0
1749457800000,648.120,649.320,647.960,649.310,1928.20,1749458699999,1250950.37510,3925,1137.02,737713.54930,0
1749458700000,649.310,650.100,649.060,649.880,2594.45,1749459599999,1685401.75100,4089,1484.79,964525.19490,0
1749459600000,649.890,650.370,649.580,650.230,3482.43,1749460499999,2263552.02100,3979,2086.56,1356323.77900,0
1749460500000,650.230,651.000,650.000,650.920,3883.40,1749461399999,2526100.07950,4489,1803.55,1173358.46600,0
1749461400000,650.910,651.910,650.760,651.750,3735.61,1749462299999,2433179.14900,5803,2099.03,1367207.62940,0
1749462300000,651.760,652.660,651.680,652.040,8460.74,1749463199999,5518051.49680,8067,3935.61,2566563.73370,0
1749463200000,652.040,654.500,651.810,654.140,8657.02,1749464099999,5654524.04120,12797,4318.07,2821077.94240,0
1749464100000,654.130,654.420,653.030,653.820,9189.03,1749464999999,6006550.40870,13054,5622.99,3675257.49570,0
1749465000000,653.820,654.590,653.820,654.300,3955.55,1749465899999,2587607.57310,6213,1819.12,1189994.52580,0
1749465900000,654.290,654.850,653.480,653.980,3925.07,1749466799999,2567580.71460,5793,1601.25,1047418.92680,0
1749466800000,653.980,654.980,653.980,654.820,3964.08,1749467699999,2594320.94410,5895,2418.36,1582713.86640,0
1749467700000,654.810,655.340,654.510,655.230,4979.71,1749468599999,3261244.03560,5603,2795.94,1831213.17420,0
1749468600000,655.240,656.140,655.050,655.840,3441.11,1749469499999,2256263.26920,6302,1941.87,1273264.46570,0
1749469500000,655.830,655.850,654.470,655.230,3498.73,1749470399999,2291367.99610,5791,1681.12,1100962.91210,0
1749470400000,655.230,655.850,654.600,654.610,5316.64,1749471299999,3483656.89110,6008,2343.01,1535434.63280,0
1749471300000,654.610,655.120,654.530,654.720,3589.64,1749472199999,2350277.69250,3871,2452.02,1605384.96390,0
1749472200000,654.720,655.860,654.720,655.840,2486.63,1749473099999,1629708.16140,3871,1499.76,982950.05310,0
1749473100000,655.840,655.980,655.450,655.810,1418.96,1749473999999,930446.45940,3126,623.44,408802.26140,0
1749474000000,655.810,656.450,655.100,655.360,3752.49,1749474899999,2460912.68670,6057,1790.86,1174528.25760,0
1749474900000,655.370,655.720,655.000,655.120,2021.77,1749475799999,1325165.39470,3648,985.34,645846.16040,0
1749475800000,655.120,656.000,654.000,654.660,6028.21,1749476699999,3947291.73900,6701,2811.40,1840840.07360,0
1749476700000,654.660,654.740,652.790,653.140,11029.42,1749477599999,7209430.64960,8026,4762.78,3113249.64250,0
1749477600000,653.140,654.280,652.390,654.140,7363.10,1749478499999,4811058.62450,7384,4645.47,3035629.82110,0
1749478500000,654.150,654.810,653.820,654.390,1959.39,1749479399999,1281944.75430,4727,1021.31,668164.60270,0
1749479400000,654.390,655.500,654.390,655.290,2947.99,1749480299999,1931186.16100,5259,1688.72,1106175.55410,0
1749480300000,655.290,655.660,654.110,654.920,2608.47,1749481199999,1708217.02500,5310,1623.08,1062983.49240,0
1749481200000,654.920,656.340,654.790,655.970,4091.67,1749482099999,2683177.98960,6551,2174.09,1425682.75400,0
1749482100000,655.970,656.380,655.760,656.310,2533.83,1749482999999,1662444.23720,4712,1093.98,717760.00170,0
1749483000000,656.310,656.730,655.920,656.130,4239.75,1749483899999,2782757.17720,5062,1978.60,1298732.84160,0
1749483900000,656.130,656.740,656.030,656.160,3559.48,1749484799999,2336382.52310,4050,2210.60,1451011.98710,0
1749484800000,656.170,657.640,656.170,657.330,9187.83,1749485699999,6037248.75130,11415,5882.15,3864741.87170,0
1749485700000,657.320,658.350,656.280,658.330,8302.08,1749486599999,5458635.60550,8501,4423.28,2908093.55620,0
1749486600000,658.330,658.710,658.050,658.470,4177.54,1749487499999,2750437.17350,6445,1629.19,1072685.28380,0
1749487500000,658.470,658.540,657.290,657.570,2885.48,1749488399999,1898575.88100,5440,1013.63,667040.88470,0
1749488400000,657.580,659.740,657.490,659.460,8676.86,1749489299999,5718914.47940,8362,4629.06,3050688.79130,0
1749489300000,659.470,659.540,658.810,659.400,2775.13,1749490199999,1829487.95750,4386,1237.11,815577.77980,0
1749490200000,659.410,659.580,658.550,659.030,1973.69,1749491099999,1300796.39100,5101,985.79,649740.89320,0
1749491100000,659.040,659.730,658.420,658.740,3256.90,1749491999999,2146449.90470,4888,1301.20,857551.43700,0
1749492000000,658.740,659.840,658.740,659.050,5930.79,1749492899999,3911478.07400,5323,2096.30,1382485.23430,0
1749492900000,659.040,659.340,658.710,659.020,1914.77,1749493799999,1261897.98760,3631,912.32,601216.24870,0
1749493800000,659.030,659.440,658.230,658.440,2283.42,1749494699999,1504485.86270,4243,1135.86,748462.00690,0
1749494700000,658.450,659.460,657.890,659.440,2365.86,1749495599999,1558103.74270,4170,1340.95,883200.84290,0
1749495600000,659.430,660.720,659.360,659.960,8966.61,1749496499999,5919317.65840,14012,4228.34,2791102.87850,0
1749496500000,659.960,660.760,659.600,660.750,2705.34,1749497399999,1786023.96530,5739,1584.83,1046311.39390,0
1749497400000,660.750,660.760,659.600,659.690,3830.20,1749498299999,2528623.88640,5306,1162.68,767319.32870,0
1749498300000,659.690,659.950,659.080,659.490,1951.76,1749499199999,1287187.31670,4451,1019.36,672258.23100,0
1749499200000,659.500,663.050,659.500,660.730,22894.81,1749500099999,15155380.86480,16280,10717.39,7093514.52720,0
1749500100000,660.730,662.750,660.730,662.270,3590.61,1749500999999,2376127.82050,5995,2208.94,1461924.90570,0
1749501000000,662.280,662.590,661.380,661.380,2116.14,1749501899999,1400890.13260,4487,969.58,641840.44100,0
1749501900000,661.390,662.000,661.320,661.550,2508.23,1749502799999,1659287.34680,3993,1379.60,912649.76400,0
1749502800000,661.540,663.610,661.510,663.010,5950.93,1749503699999,3943841.58120,9778,3428.56,2271899.27020,0
1749503700000,663.020,665.880,663.020,665.820,8926.31,1749504599999,5930861.91800,17029,4998.22,3321054.44520,0
1749504600000,665.810,666.120,664.400,664.400,7475.31,1749505499999,4974815.49230,10653,2864.55,1906424.60730,0
1749505500000,664.400,666.240,663.560,665.440,8470.87,1749506399999,5632043.03660,11151,5553.38,3692472.70080,0
1749506400000,665.450,667.040,665.450,666.250,6681.73,1749507299999,4453522.88600,11285,3585.81,2389956.97320,0
1749507300000,666.260,667.760,665.870,667.510,5281.75,1749508199999,3523002.05690,7634,3449.96,2301024.20290,0
1749508200000,667.510,667.680,663.810,665.470,14325.60,1749509099999,9530958.17540,13573,6813.97,4532098.15520,0
1749509100000,665.470,666.390,665.200,666.190,4064.81,1749509999999,2706157.32930,5981,2347.84,1563114.87630,0
1749510000000,666.180,666.190,664.660,664.910,4275.46,1749510899999,2845549.53880,7211,1589.97,1058140.66520,0
1749510900000,664.910,665.450,664.470,664.680,3215.46,1749511799999,2137847.39230,5139,1679.85,1116935.05480,0
1749511800000,664.690,666.930,664.230,666.800,4355.67,1749512699999,2898920.00120,6816,2662.99,1772210.44790,0
1749512700000,666.850,666.930,665.520,665.610,3624.41,1749513599999,2413956.46220,6437,1549.20,1031902.57740,0
1749513600000,665.610,667.680,665.610,666.980,9754.11,1749514499999,6504320.25080,10255,6053.65,4036090.77050,0
1749514500000,666.990,667.940,666.400,667.650,8333.03,1749515399999,5560313.92620,14487,4135.04,2759392.45310,0
1749515400000,667.650,668.010,666.210,666.620,4325.40,1749516299999,2886022.35040,8590,1881.56,1255449.88730,0
1749516300000,666.630,667.060,665.860,667.060,6293.57,1749517199999,4194059.93720,7309,2148.34,1431931.78590,0
1749517200000,667.050,667.390,666.070,666.510,5163.91,1749518099999,3443108.03950,7608,2190.14,1460269.74050,0
1749518100000,666.500,666.710,666.040,666.080,2989.40,1749518999999,1992035.73390,5586,1441.42,960559.56400,0
1749519000000,666.090,666.710,666.030,666.220,1545.19,1749519899999,1029579.73060,4069,859.62,572756.92950,0
1749519900000,666.220,666.600,666.050,666.330,2295.93,1749520799999,1529744.09270,3702,1161.05,773604.20460,0
1749520800000,666.340,666.360,664.560,665.280,6672.92,1749521699999,4440262.90930,8866,2198.47,1462699.81170,0
1749521700000,665.280,665.490,664.610,665.480,2268.47,1749522599999,1508847.45030,5166,1148.86,764189.20250,0
1749522600000,665.480,665.570,664.900,665.090,1590.71,1749523499999,1058279.78580,5240,686.67,456838.35450,0
1749523500000,665.090,665.640,665.040,665.610,1242.64,1749524399999,826735.25120,3991,693.30,461232.64370,0
1749524400000,665.610,665.920,664.370,664.370,3241.56,1749525299999,2155636.13430,6297,1000.54,665448.91370,0
1749525300000,664.380,664.590,663.850,664.200,2884.78,1749526199999,1916215.69720,10386,1233.57,819396.63640,0
1749526200000,664.190,664.530,663.420,663.850,2841.39,1749527099999,1886386.69420,4407,892.22,592358.37010,0
1749527100000,663.860,664.350,663.640,664.020,2139.70,1749527999999,1420800.91710,3923,1233.32,818956.95360,0
1749528000000,664.030,664.330,663.310,663.400,1913.18,1749528899999,1270167.13800,5018,757.06,502607.30730,0
1749528900000,663.400,663.400,662.820,663.310,3081.47,1749529799999,2043208.05890,4579,1260.19,835599.96170,0
1749529800000,663.310,664.370,663.250,664.180,2229.57,1749530699999,1480179.87900,3849,1113.46,739130.67060,0
1749530700000,664.180,664.220,663.630,663.750,1475.21,1749531599999,979462.44090,3723,741.89,492564.54210,0
1749531600000,663.740,663.840,663.070,663.730,2012.10,1749532499999,1335006.24750,4162,919.29,609935.12660,0
1749532500000,663.730,664.350,662.200,662.560,3781.16,1749533399999,2507414.81190,5969,1746.28,1158180.36000,0
1749533400000,662.560,662.710,661.550,662.370,4479.99,1749534299999,2965616.09680,7040,2049.50,1356735.40720,0
1749534300000,662.370,662.580,661.520,662.020,2332.68,1749535199999,1544125.96270,4866,825.32,546358.56900,0
1749535200000,662.020,662.030,659.820,660.390,15644.25,1749536099999,10333787.44070,13157,9850.14,6505545.19260,0
1749536100000,660.390,661.980,660.390,661.860,2426.06,1749536999999,1604027.43480,4912,1433.38,947720.74320,0
1749537000000,661.860,662.810,661.290,662.580,5476.58,1749537899999,3626297.32780,6858,3155.99,2089966.57530,0
1749537900000,662.580,662.800,662.050,662.240,2033.76,1749538799999,1347240.32570,5293,799.96,529899.05360,0
1749538800000,662.240,662.340,660.560,661.070,3876.78,1749539699999,2563712.58760,6056,1726.61,1141735.98500,0
1749539700000,661.070,662.610,660.720,662.600,2662.38,1749540599999,1762179.49780,5732,1724.62,1141450.46270,0
1749540600000,662.600,662.690,661.100,661.210,2408.01,1749541499999,1593269.46570,5909,742.03,491020.02990,0
1749541500000,661.170,661.170,660.100,660.610,2172.61,1749542399999,1435426.22580,5341,907.88,599782.72610,0
1749542400000,660.610,661.400,660.210,660.270,3852.97,1749543299999,2546291.32140,6411,1974.31,1304817.11570,0
1749543300000,660.270,660.460,657.690,657.890,16983.02,1749544199999,11191280.09190,18775,10263.85,6763376.28640,0
1749544200000,657.900,658.920,657.670,658.790,6768.26,1749545099999,4456617.84580,8912,4268.62,2810665.57240,0
1749545100000,658.790,659.180,657.260,657.720,10320.67,1749545999999,6789102.66080,9066,6210.98,4085320.67270,0
1749546000000,657.720,658.320,656.770,658.320,13054.44,1749546899999,8578474.41510,11332,8677.56,5701976.17800,0
1749546900000,658.310,659.060,657.800,658.800,3854.11,1749547799999,2537820.73800,7147,2481.61,1634117.74360,0
1749547800000,658.800,659.970,658.760,659.070,6956.69,1749548699999,4588188.23440,6974,2587.85,1706624.58570,0
1749548700000,659.060,661.770,658.460,661.070,7336.24,1749549599999,4843829.73760,9034,4311.15,2846434.25830,0
1749549600000,661.070,661.070,659.290,660.260,7272.91,1749550499999,4799087.99930,8410,4327.94,2855462.17330,0
1749550500000,660.270,660.750,659.600,659.720,2955.42,1749551399999,1950856.99980,6314,1222.90,807285.13630,0
1749551400000,659.730,659.730,658.910,659.220,2545.23,1749552299999,1678035.66200,5517,877.02,578248.64250,0
1749552300000,659.210,660.420,658.800,660.410,3388.13,1749553199999,2235215.54390,5860,1946.35,1284376.61480,0
1749553200000,660.410,660.700,658.470,660.530,6572.97,1749554099999,4335805.08780,9039,3387.64,2234892.01930,0
1749554100000,660.530,663.080,660.500,662.920,12679.69,1749554999999,8395469.65810,15197,5586.81,3698445.54160,0
1749555000000,662.910,665.460,662.700,664.450,14016.22,1749555899999,9310557.17620,22067,6625.25,4401077.77700,0
1749555900000,664.430,665.030,663.400,664.920,8423.43,1749556799999,5596128.13270,11660,3574.00,2374607.26050,0
1749556800000,664.910,665.400,663.100,664.020,7053.94,1749557699999,4685840.70530,12326,2244.84,1491237.91950,0
1749557700000,664.020,665.760,663.560,665.230,7513.41,1749558599999,4998720.44900,9574,3939.08,2620776.77850,0
1749558600000,665.240,666.590,664.430,666.190,6403.67,1749559499999,4261212.66180,9115,3278.41,2182136.50940,0
1749559500000,666.190,667.060,665.800,666.940,6561.31,1749560399999,4373336.46790,11854,4085.74,2723458.12600,0
1749560400000,666.940,667.450,666.270,667.310,5771.57,1749561299999,3848432.05740,7643,3524.97,2350625.11300,0
1749561300000,667.300,667.340,665.710,665.820,6331.44,1749562199999,4220573.36980,8754,3066.23,2044186.85200,0
1749562200000,665.820,665.980,661.760,662.050,15358.42,1749563099999,10192376.93990,23030,6435.81,4270670.85450,0
1749563100000,662.040,663.600,661.320,663.430,10040.88,1749563999999,6651807.38070,11332,4848.21,3211606.72510,0
1749564000000,663.440,663.640,660.670,662.410,7245.36,1749564899999,4796717.64260,11179,2759.02,1826502.49220,0
1749564900000,662.400,662.400,660.620,661.190,3271.05,1749565799999,2163725.17190,7696,1527.11,1010115.13580,0
1749565800000,661.190,661.390,658.710,658.990,12498.12,1749566699999,8247483.38290,20350,7221.15,4765021.06400,0
1749566700000,658.990,659.750,658.410,659.250,12969.40,1749567599999,8547770.27120,12605,7840.49,5167407.77690,0
1749567600000,659.250,661.640,658.660,661.550,6796.51,1749568499999,4486882.91960,11832,4141.15,2733933.47510,0
1749568500000,661.560,662.130,661.050,661.260,4214.23,1749569399999,2788273.34520,8300,2077.01,1374133.76920,0
1749569400000,661.240,661.240,657.880,659.570,11299.09,1749570299999,7444735.74180,13585,4281.68,2821081.88580,0
1749570300000,659.570,660.970,659.420,660.960,3145.53,1749571199999,2076970.34760,6890,1505.45,994035.06660,0
1749571200000,660.970,662.500,660.810,662.490,5330.07,1749572099999,3527396.28190,8309,2450.05,1621512.82530,0
1749572100000,662.500,662.780,660.880,662.160,3331.74,1749572999999,2205176.20160,7144,1141.43,755527.48850,0
1749573000000,662.170,663.340,660.880,662.490,5070.86,1749573899999,3358457.69460,9547,3048.24,2019190.88830,0
1749573900000,662.500,664.640,662.300,663.620,8216.47,1749574799999,5450739.05550,13455,4406.92,2923579.09880,0
1749574800000,663.620,664.840,663.200,664.720,4669.25,1749575699999,3101603.39320,7483,2181.24,1448913.90140,0
1749575700000,664.730,665.890,664.480,664.490,4670.71,1749576599999,3106773.49670,7980,2518.92,1675516.97160,0
1749576600000,664.490,665.080,663.580,664.250,3845.13,1749577499999,2554654.84810,7458,1585.20,1053133.40730,0
1749577500000,664.240,664.500,663.570,664.220,1954.86,1749578399999,1298119.58880,5115,663.05,440310.34210,0
1749578400000,664.220,664.320,663.240,663.250,2424.72,1749579299999,1609292.93950,6327,872.05,578750.00660,0
1749579300000,663.250,664.180,663.250,664.040,997.45,1749580199999,662171.67290,3668,518.28,344049.03630,0
1749580200000,664.040,665.220,663.410,665.050,2665.04,1749581099999,1770501.79040,4977,1883.22,1251210.04020,0
1749581100000,665.050,666.980,664.980,666.580,7294.73,1749581999999,4859417.68240,15241,4670.30,3111007.67390,0
1749582000000,666.570,667.660,666.570,667.090,4092.36,1749582899999,2730411.11700,7390,1831.00,1221660.71630,0
1749582900000,667.090,667.990,666.660,667.770,3741.16,1749583799999,2496953.43610,6913,2149.19,1434627.41260,0
1749583800000,667.780,669.090,667.700,668.430,8144.92,1749584699999,5445599.90160,11865,4338.36,2900541.67990,0
1749584700000,668.420,668.420,666.460,667.340,5615.13,1749585599999,3747119.45720,9435,2005.03,1337793.36620,0
1749585600000,667.340,669.450,667.250,668.090,18201.28,1749586499999,12166452.71240,14013,5775.18,3860675.50690,0
1749586500000,668.100,669.110,667.370,668.630,3503.71,1749587399999,2341663.68700,7567,1842.78,1231622.75040,0
1749587400000,668.630,669.770,668.620,669.620,2416.30,1749588299999,1617058.87790,6160,1588.96,1063442.60640,0
1749588300000,669.630,670.460,669.480,670.000,4229.03,1749589199999,2833499.43890,12081,2563.92,1717835.11900,0
1749589200000,670.000,672.000,670.000,670.740,19160.60,1749590099999,12863727.97180,16342,7859.24,5276124.77410,0
1749590100000,670.740,671.860,669.070,671.860,7190.57,1749590999999,4820341.27260,9851,3644.05,2442840.70160,0
1749591000000,671.850,671.890,669.000,669.740,10196.02,1749591899999,6835674.06390,10821,2621.48,1756740.15460,0
1749591900000,669.750,669.800,668.500,669.130,2007.36,1749592799999,1343149.36640,4981,958.50,641335.81610,0
1749592800000,669.140,673.710,669.010,671.770,26428.70,1749593699999,17763551.39630,15581,17199.86,11559305.77990,0
1749593700000,671.760,673.140,671.180,672.510,11592.66,1749594599999,7793882.00840,9460,3900.20,2621297.73530,0
1749594600000,672.510,672.940,670.330,670.560,5160.38,1749595499999,3467446.58850,9050,3035.56,2039921.64090,0
1749595500000,670.560,670.740,669.380,670.080,3672.60,1749596399999,2461557.05850,6212,2166.01,1451766.85840,0
1749596400000,670.080,672.720,670.080,671.000,12767.11,1749597299999,8580560.76010,10501,4195.45,2818682.31970,0
1749597300000,671.000,674.590,670.700,673.610,16389.00,1749598199999,11027086.65280,19241,11910.06,8012199.64940,0
1749598200000,673.610,674.040,672.840,673.670,4297.00,1749599099999,2894342.89810,7169,2317.39,1560918.73540,0
1749599100000,673.670,674.000,673.370,673.660,2583.61,1749599999999,1740553.51470,4755,1389.17,935856.44150,0
1749600000000,673.670,674.430,667.950,671.650,21299.96,1749600899999,14319213.84980,17919,6455.61,4343136.97560,0
1749600900000,671.650,673.880,670.840,672.380,12925.79,1749601799999,8689694.05470,13441,8579.21,5769036.89910,0
1749601800000,672.370,673.690,672.060,672.130,6330.84,1749602699999,4258780.76360,8762,3347.75,2251949.41640,0
1749602700000,672.120,672.500,670.780,671.040,3796.89,1749603599999,2550523.01280,5786,2049.16,1376610.21310,0
1749603600000,671.040,671.770,669.420,670.380,7888.76,1749604499999,5289823.51110,11256,3347.09,2243993.40540,0
1749604500000,670.380,670.440,668.450,669.180,5602.44,1749605399999,3748617.48590,7203,2614.70,1749381.00050,0
1749605400000,669.170,669.380,668.550,669.260,2424.25,1749606299999,1621733.80760,5791,1231.77,823996.43790,0
1749606300000,669.250,669.440,668.520,669.060,3737.41,1749607199999,2499806.36990,5114,1649.05,1103026.70200,0
1749607200000,669.060,670.470,668.990,669.840,3753.07,1749608099999,2513999.03120,6316,2291.28,1534956.55610,0
1749608100000,669.840,670.050,668.900,669.420,1612.65,1749608999999,1079341.24900,3870,928.74,621598.51770,0
1749609000000,669.410,670.080,669.090,669.130,1610.31,1749609899999,1078209.10950,4613,895.83,599804.40090,0
1749609900000,669.130,669.220,668.380,669.150,1734.60,1749610799999,1159987.16250,3726,836.33,559292.40660,0
1749610800000,669.150,670.470,669.080,670.230,2164.33,1749611699999,1449831.52300,4546,1515.68,1015282.31160,0
1749611700000,670.220,670.990,669.710,670.250,3140.05,1749612599999,2104825.67720,4537,1755.70,1176947.55160,0
1749612600000,670.250,670.550,669.840,670.240,2932.46,1749613499999,1965165.22390,3752,1477.82,990279.58640,0
1749613500000,670.230,670.920,670.170,670.720,2418.24,1749614399999,1621736.17360,3917,1372.71,920557.80750,0
1749614400000,670.730,670.730,669.280,669.290,2073.77,1749615299999,1389347.95460,4964,823.76,551875.93190,0
1749615300000,669.280,669.550,668.830,669.550,1824.06,1749616199999,1220618.26980,3885,886.97,593521.97900,0
1749616200000,669.550,670.200,669.380,669.440,1764.63,1749617099999,1181947.83350,3578,1015.87,680404.43540,0
1749617100000,669.450,669.750,669.210,669.450,1114.45,1749617999999,746140.02450,3012,510.70,341928.47800,0
1749618000000,669.460,669.550,668.610,669.000,2187.20,1749618899999,1463387.21310,4890,1259.79,842916.69750,0
1749618900000,669.010,669.790,668.610,669.700,1656.46,1749619799999,1108361.38230,3857,1106.42,740327.65040,0
1749619800000,669.690,669.760,669.130,669.480,887.15,1749620699999,593863.55660,3853,471.94,315910.29210,0
1749620700000,669.480,669.580,668.980,669.320,910.70,1749621599999,609623.54530,3513,378.04,253060.18590,0
1749621600000,669.320,670.600,669.160,670.530,2711.93,1749622499999,1816703.22950,6319,1226.21,821483.90340,0
1749622500000,670.530,672.380,669.600,671.390,7789.25,1749623399999,5227097.34210,9568,4366.83,2930527.74190,0
1749623400000,671.390,671.590,670.390,671.470,3634.48,1749624299999,2439016.65710,5770,1963.29,1317502.27220,0
1749624300000,671.480,672.230,671.030,671.990,4633.46,1749625199999,3111896.94070,5703,2949.96,1981337.35210,0
1749625200000,672.000,672.080,668.690,670.080,19485.73,1749626099999,13059497.83730,11657,14057.75,9421479.70050,0
1749626100000,670.080,670.300,669.080,669.360,5828.40,1749626999999,3902743.24780,6767,3570.91,2391109.13250,0
1749627000000,669.360,669.960,668.570,669.790,4765.79,1749627899999,3189802.56490,7147,2052.13,1373641.36180,0
1749627900000,669.790,670.100,669.500,670.080,2190.26,1749628799999,1467020.15570,4675,1113.66,745942.83930,0
1749628800000,670.070,671.100,669.970,671.100,4259.78,1749629699999,2856745.95270,7158,1985.07,1331243.18660,0
1749629700000,671.100,671.150,670.260,670.860,3173.93,1749630599999,2128769.68790,6041,1289.53,864861.04250,0
1749630600000,670.870,672.360,670.860,671.720,5431.35,1749631499999,3649286.74800,8444,2738.52,1839893.94910,0
1749631500000,671.720,671.720,670.910,671.480,3115.48,1749632399999,2091450.91540,6500,1484.22,996356.30390,0
1749632400000,671.470,671.560,670.720,671.370,6648.19,1749633299999,4461812.15620,7444,2995.57,2010365.55970,0
1749633300000,671.360,671.900,671.000,671.750,4695.21,1749634199999,3153122.20870,5981,2756.76,1851316.67800,0
1749634200000,671.750,671.880,671.090,671.230,5305.41,1749635099999,3561801.39760,7960,2256.75,1515105.33370,0
1749635100000,671.220,671.340,669.660,670.060,11152.00,1749635999999,7477905.71120,11332,5129.30,3439617.09450,0
1749636000000,670.050,670.370,668.770,669.090,14500.83,1749636899999,9706222.96350,14295,9087.27,6082588.85080,0
1749636900000,669.090,669.440,668.680,668.990,4507.36,1749637799999,3015429.24770,7883,2904.12,1942897.59020,0
1749637800000,668.990,669.390,667.680,668.070,5913.65,1749638699999,3953619.35710,8455,2510.41,1678543.04700,0
1749638700000,668.080,668.520,667.710,668.210,4212.96,1749639599999,2814502.04470,6951,2077.95,1388266.22150,0
1749639600000,668.210,668.270,666.500,666.850,6688.47,1749640499999,4461483.74190,9068,2443.61,1629607.93400,0
1749640500000,666.850,667.850,666.030,666.740,6202.60,1749641399999,4136405.06280,14023,2707.74,1805381.74120,0
1749641400000,666.740,667.470,666.020,666.330,3835.62,1749642299999,2556917.35290,6234,2051.23,1367484.05740,0
1749642300000,666.330,667.440,666.140,667.390,3892.96,1749643199999,2595465.47800,5939,2509.51,1673139.64030,0
1749643200000,667.390,667.920,666.200,667.160,9247.07,1749644099999,6168503.52450,11522,5276.44,3519553.11230,0
1749644100000,667.160,667.400,665.710,666.940,5205.96,1749644999999,3468728.97130,7889,2450.03,1632840.21050,0
1749645000000,666.950,670.000,666.950,669.740,12101.95,1749645899999,8095093.14050,16688,6945.47,4645657.27940,0
1749645900000,669.740,669.810,668.360,668.800,5840.65,1749646799999,3908498.79310,11477,2508.27,1678617.68320,0
1749646800000,668.810,669.480,668.170,668.890,3618.64,1749647699999,2420351.42830,7759,2034.59,1360799.02070,0
1749647700000,668.900,670.000,668.810,669.870,5249.55,1749648599999,3515120.88690,7046,3342.61,2238049.21630,0
1749648600000,669.880,669.940,667.140,668.930,7262.59,1749649499999,4856042.73920,11069,2720.61,1818447.26590,0
1749649500000,668.920,669.000,667.480,668.710,2782.44,1749650399999,1859571.46980,7955,1348.88,901433.50230,0
1749650400000,668.720,669.430,668.160,669.420,3164.34,1749651299999,2116277.80210,7372,1918.46,1283052.87990,0
1749651300000,669.420,671.000,669.260,671.000,8730.55,1749652199999,5850213.54100,9356,5631.48,3773426.86850,0
1749652200000,671.000,672.360,670.210,671.370,12456.34,1749653099999,8362158.19460,12963,6472.27,4345525.62780,0
1749653100000,671.380,671.670,670.490,670.810,3152.11,1749653999999,2115176.41290,6329,1457.04,977652.25460,0
1749654000000,670.840,672.180,670.030,670.370,4573.33,1749654899999,3069557.91610,9141,2248.59,1509203.43350,0
1749654900000,670.370,671.850,667.850,669.150,12085.34,1749655799999,8091384.43450,13614,5740.30,3842844.21360,0
1749655800000,669.160,670.670,669.030,669.060,5626.69,1749656699999,3769901.28200,8695,2732.53,1830815.36070,0
1749656700000,669.070,670.120,669.040,669.590,2411.79,1749657599999,1614917.70440,5926,1264.26,846513.30650,0
1749657600000,669.590,669.790,667.000,667.750,9604.93,1749658499999,6416037.14820,11822,3027.49,2022794.81240,0
1749658500000,667.760,669.780,667.400,668.970,7588.38,1749659399999,5073320.56750,9760,3916.99,2618992.18300,0
1749659400000,668.970,669.130,667.530,668.080,2778.02,1749660299999,1856276.93490,6963,1239.80,828433.85580,0
1749660300000,668.090,669.100,667.570,668.390,1934.47,1749661199999,1293169.97300,5496,1106.75,739873.68280,0
1749661200000,668.400,668.510,667.460,668.030,2444.07,1749662099999,1632989.87310,5708,1102.15,736345.97910,0
1749662100000,668.030,669.310,667.700,669.180,2172.55,1749662999999,1452569.73970,4899,1299.47,868797.23230,0
1749663000000,669.180,669.300,667.900,668.190,2004.23,1749663899999,1339742.07290,5231,889.32,594440.82700,0
1749663900000,668.180,668.190,666.000,666.430,7798.13,1749664799999,5199207.41640,15590,3269.81,2180057.91080,0
1749664800000,666.430,667.270,665.660,665.990,5563.82,1749665699999,3706946.10730,10101,2646.99,1763713.08260,0
1749665700000,665.990,667.990,665.170,667.630,10386.96,1749666599999,6924608.54550,11959,6610.50,4407698.69510,0
1749666600000,667.630,668.330,666.660,668.050,2966.34,1749667499999,1980681.56740,6946,1473.48,983839.49900,0
1749667500000,668.060,668.320,667.330,667.380,1727.44,1749668399999,1153775.64270,5062,747.90,499533.12740,0
1749668400000,667.390,667.570,665.220,667.040,5816.06,1749669299999,3874973.62690,8253,2023.21,1348471.34830,0
1749669300000,667.040,668.130,666.570,667.950,1908.00,1749670199999,1273155.48550,5520,1161.99,775351.02610,0
1749670200000,667.950,668.090,666.820,667.620,2061.46,1749671099999,1375910.38200,5238,1049.49,700482.55280,0
1749671100000,667.610,667.680,666.710,667.160,1577.56,1749671999999,1052584.30060,5244,769.20,513212.31140,0
1749672000000,667.160,667.380,665.410,667.000,4619.92,1749672899999,3078205.37450,8405,2519.95,1678996.89020,0
1749672900000,667.010,667.840,667.000,667.780,1956.87,1749673799999,1306236.77160,4324,1050.15,700961.22520,0
1749673800000,667.790,667.980,667.310,667.760,1883.96,1749674699999,1257733.64500,4364,1061.73,708788.62650,0
1749674700000,667.760,668.010,667.370,667.760,1924.94,1749675599999,1285333.01540,4506,1104.82,737724.23330,0
1749675600000,667.760,669.150,667.740,668.840,3880.90,1749676499999,2594155.62360,5838,2256.63,1508420.78560,0
1749676500000,668.850,668.930,667.440,667.450,1619.69,1749677399999,1082483.87040,4053,528.13,352977.37630,0
1749677400000,667.450,667.450,664.000,665.410,5334.26,1749678299999,3548926.32740,9969,2289.93,1523741.93740,0
1749678300000,665.410,666.690,663.000,663.350,6027.24,1749679199999,4005435.99620,10115,3054.39,2030073.95400,0
1749679200000,663.340,665.470,662.060,665.370,8474.27,1749680099999,5623781.27630,14363,4647.72,3084599.84940,0
1749680100000,665.380,665.380,662.400,663.470,5627.56,1749680999999,3734153.57170,10821,2956.00,1961246.52330,0
1749681000000,663.460,663.980,662.610,663.490,2875.77,1749681899999,1907455.04770,8276,1570.67,1041844.64560,0
1749681900000,663.490,664.740,663.130,664.740,2364.74,1749682799999,1570313.83260,6283,1389.54,922727.27360,0
1749682800000,664.750,666.950,664.260,666.360,10783.35,1749683699999,7180331.99190,13754,7310.13,4867300.21720,0
1749683700000,666.370,667.540,666.370,667.340,3121.63,1749684599999,2082363.23130,6063,1765.64,1177821.19880,0
1749684600000,667.340,668.100,667.180,667.900,2776.70,1749685499999,1853890.46760,5500,1422.90,950056.45940,0
1749685500000,667.910,668.010,667.220,667.580,4022.08,1749686399999,2685230.62240,5812,1861.65,1242764.91130,0
1749686400000,667.590,668.260,666.950,667.880,5117.50,1749687299999,3417045.10490,8594,2621.73,1750432.72440,0
1749687300000,667.890,668.760,666.470,666.470,3173.87,1749688199999,2120168.63720,7605,1329.75,888514.88910,0
1749688200000,666.470,667.590,665.480,667.580,3952.93,1749689099999,2634404.54320,7643,2134.31,1422378.18470,0
1749689100000,667.590,668.700,667.580,668.240,3328.21,1749689999999,2223926.93840,5637,1315.62,879024.19810,0
1749690000000,668.240,668.970,667.500,667.970,3048.18,1749690899999,2037287.79050,6231,1303.60,871236.54690,0
1749690900000,667.980,668.800,667.400,667.940,3250.04,1749691799999,2170960.29260,5446,1782.54,1190656.30870,0
1749691800000,667.940,668.630,666.610,668.620,3766.02,1749692699999,2514099.39010,7339,2235.20,1492088.16890,0
1749692700000,668.630,669.370,667.840,669.220,3946.65,1749693599999,2639363.93180,6087,2357.34,1576528.31450,0
1749693600000,669.220,670.240,668.840,669.570,6215.89,1749694499999,4162689.20960,16250,3633.91,2433639.03430,0
1749694500000,669.570,669.940,668.470,668.990,3155.24,1749695399999,2111212.35120,5840,1554.74,1040178.24100,0
1749695400000,669.000,669.080,667.500,667.500,2545.92,1749696299999,1701277.63580,5995,885.87,591890.40470,0
1749696300000,667.500,668.000,667.150,667.340,2326.46,1749697199999,1552984.86830,5544,892.22,595603.65630,0
1749697200000,667.340,667.690,667.000,667.030,2575.97,1749698099999,1719095.53020,5291,1246.94,832151.03070,0
1749698100000,667.040,667.240,664.130,664.750,7200.67,1749698999999,4790751.93480,16024,2314.74,1539900.26570,0
1749699000000,664.750,667.330,664.440,667.330,8578.13,1749699899999,5715694.47810,9361,5063.17,3373778.78440,0
1749699900000,667.330,667.530,665.800,665.880,3021.65,1749700799999,2014141.28950,5580,998.66,665610.88820,0
1749700800000,665.890,666.570,665.110,666.040,5803.66,1749701699999,3864366.16160,7460,2735.74,1821065.73900,0
1749701700000,666.040,666.760,665.010,666.000,4474.79,1749702599999,2979442.01530,6879,2213.71,1474080.00020,0
1749702600000,666.010,666.320,664.500,664.560,2792.77,1749703499999,1857870.53650,6857,1281.03,851999.66210,0
1749703500000,664.550,665.640,664.430,665.310,2048.06,1749704399999,1362476.90510,5128,959.31,638110.79930,0
1749704400000,665.310,665.310,664.150,665.180,2523.58,1749705299999,1677286.80530,6698,1365.78,907690.92700,0
1749705300000,665.180,666.780,665.180,666.530,3622.49,1749706199999,2413267.33360,5822,2075.25,1382561.10980,0
1749706200000,666.520,667.250,666.200,666.220,1679.50,1749707099999,1119698.07680,5029,747.22,498180.85320,0
1749707100000,666.220,667.520,666.210,667.510,2188.31,1749707999999,1459767.14500,4668,1232.94,822343.15720,0
1749708000000,667.520,668.590,667.320,668.000,5692.30,1749708899999,3802202.52150,8028,3282.73,2192600.12570,0
1749708900000,668.010,668.660,667.730,668.600,2907.91,1749709799999,1943075.38430,4843,1158.25,773941.62790,0
1749709800000,668.610,668.720,668.010,668.540,2915.93,1749710699999,1949064.17440,4523,1224.77,818725.78030,0
1749710700000,668.540,668.550,667.870,668.110,1440.65,1749711599999,962630.06310,3097,535.34,357691.42770,0
1749711600000,668.120,668.430,667.810,667.980,2229.23,1749712499999,1489551.90940,4438,892.22,596158.93210,0
1749712500000,667.970,668.390,667.590,667.880,2028.77,1749713399999,1355226.79370,4296,964.59,644330.22930,0
1749713400000,667.880,667.920,666.190,667.460,3021.75,1749714299999,2016290.15140,6252,1113.38,742871.67780,0
1749714300000,667.460,668.340,667.080,667.290,2581.97,1749715199999,1724012.78700,5347,1175.01,784552.06460,0
1749715200000,667.290,667.700,666.070,667.590,5608.29,1749716099999,3739327.82610,8089,2601.98,1735111.11960,0
1749716100000,667.590,667.690,666.750,667.210,2659.96,1749716999999,1774950.60810,5105,1274.69,850564.65500,0
1749717000000,667.210,667.660,666.820,667.620,1562.23,1749717899999,1042324.07670,4757,910.59,607578.70130,0
1749717900000,667.610,668.300,667.230,668.200,2069.42,1749718799999,1382242.21030,4726,1080.20,721482.90590,0
1749718800000,668.200,668.450,667.920,668.140,2621.32,1749719699999,1751580.76040,4843,1399.62,935226.51310,0
1749719700000,668.140,668.500,667.720,668.320,3725.09,1749720599999,2488918.51910,5001,1965.40,1313165.07000,0
1749720600000,668.320,669.170,668.320,669.020,4211.98,1749721499999,2817402.09020,10474,2454.99,1642153.09270,0
1749721500000,669.010,669.020,668.600,668.890,3405.33,1749722399999,2277711.98200,4387,1318.62,881963.43040,0
1749722400000,668.890,669.000,667.680,667.960,4230.94,1749723299999,2827822.14550,6329,1429.05,955047.80180,0
1749723300000,667.930,668.370,666.790,667.340,3928.82,1749724199999,2622404.44050,6975,1661.62,1108969.64410,0
1749724200000,667.340,667.560,666.410,666.720,3368.53,1749725099999,2246177.10330,5226,1876.50,1251212.99840,0
1749725100000,666.720,667.030,665.370,666.250,5764.65,1749725999999,3839869.66050,10088,2453.83,1634441.10600,0
1749726000000,666.240,666.590,665.550,665.730,5188.15,1749726899999,3455329.87070,6453,2345.47,1562096.44850,0
1749726900000,665.730,665.730,663.580,663.880,8294.32,1749727799999,5512244.11400,9683,3019.45,2006616.05990,0
1749727800000,663.890,664.700,663.580,664.320,5577.60,1749728699999,3703801.48090,9166,3102.38,2060207.01740,0
1749728700000,664.310,664.670,663.400,663.540,4818.45,1749729599999,3198959.02800,6971,2092.83,1389387.06280,0
1749729600000,663.540,664.410,661.720,661.720,9792.23,1749730499999,6489494.38140,11465,3881.96,2572724.13810,0
1749730500000,661.720,662.920,661.240,662.810,7830.54,1749731399999,5182642.97350,16173,4433.79,2934481.94020,0
1749731400000,662.810,665.010,662.640,663.310,12435.16,1749732299999,8255709.17340,14820,6234.61,4139435.35480,0
1749732300000,663.310,663.590,661.580,662.070,8014.13,1749733199999,5308710.04490,9167,2736.07,1812368.06270,0
1749733200000,662.070,663.720,662.060,662.250,4782.64,1749734099999,3170511.37880,8674,2470.84,1637816.59190,0
1749734100000,662.250,662.330,661.220,661.720,4079.30,1749734999999,2699833.58730,7163,1885.80,1248079.51060,0
1749735000000,661.720,663.700,661.160,663.510,6275.88,1749735899999,4159743.66730,9975,3327.83,2205758.66660,0
1749735900000,663.510,663.750,662.670,663.650,2848.11,1749736799999,1889108.31570,5458,1343.08,890851.04690,0
1749736800000,663.660,664.680,663.610,664.600,3709.67,1749737699999,2463815.68130,6808,2097.81,1393269.17200,0
1749737700000,664.590,664.730,663.470,663.710,5558.15,1749738599999,3691218.00070,7997,1795.25,1192512.36180,0
1749738600000,663.710,664.700,663.370,664.480,3596.63,1749739499999,2388547.82760,5645,2176.82,1445662.14550,0
1749739500000,664.480,665.130,664.280,664.650,3628.50,1749740399999,2411920.92570,5569,1704.48,1133007.15420,0
1749740400000,664.650,665.130,663.800,663.810,3341.95,1749741299999,2220908.81590,6224,1512.95,1005518.26840,0
1749741300000,663.800,664.120,661.010,661.710,6506.94,1749742199999,4308774.75290,9555,2531.84,1676303.09450,0
1749742200000,661.700,662.460,661.500,662.070,3650.37,1749743099999,2416585.70460,6749,1941.25,1285153.28690,0
1749743100000,662.070,662.170,659.530,659.810,11147.17,1749743999999,7362564.01060,12482,5235.62,3458352.22310,0
1749744000000,659.810,661.910,659.460,661.330,8458.28,1749744899999,5588720.78380,12124,4649.86,3072309.30930,0
1749744900000,661.330,664.750,661.330,664.060,9314.29,1749745799999,6177987.91560,10825,5523.39,3664076.69740,0
1749745800000,664.060,664.300,663.390,664.070,3971.47,1749746699999,2636506.68240,6538,1799.85,1194944.62730,0
1749746700000,664.080,664.950,663.440,664.950,3534.35,1749747599999,2347231.09790,5196,1911.29,1269463.83890,0
1749747600000,664.950,665.520,663.830,664.390,12576.61,1749748499999,8360430.33530,16312,8345.68,5547707.38400,0
1749748500000,664.390,665.920,664.310,665.610,4840.55,1749749399999,3220708.01130,7488,2422.77,1612003.67200,0
1749749400000,665.600,666.660,665.600,666.450,4487.24,1749750299999,2989559.66130,6650,2526.47,1683220.21530,0
1749750300000,666.440,666.800,666.190,666.470,2907.81,1749751199999,1938067.96360,5295,1377.99,918482.63430,0
1749751200000,666.470,666.720,664.960,665.010,4911.31,1749752099999,3270000.74260,7173,2309.98,1538103.11020,0
1749752100000,665.000,665.240,663.010,663.390,3202.85,1749752999999,2126538.09360,5899,1207.56,801729.13790,0
1749753000000,663.390,664.360,661.360,661.440,9479.64,1749753899999,6283268.44300,16260,2845.52,1885945.52880,0
1749753900000,661.450,662.690,661.040,662.480,5610.02,1749754799999,3712202.27590,10679,3041.03,2012201.17340,0
1749754800000,662.480,662.510,661.350,662.370,5061.84,1749755699999,3350977.11450,7335,2445.69,1619010.17610,0
1749755700000,662.370,662.820,661.570,662.150,3082.38,1749756599999,2041190.59830,5705,1298.98,860156.23800,0
1749756600000,662.150,662.360,660.700,660.770,2799.54,1749757499999,1851747.42090,6042,1451.92,960357.43000,0
1749757500000,660.760,660.760,657.300,658.000,13768.11,1749758399999,9065876.98030,21622,6593.69,4341036.10670,0
1749758400000,658.000,658.800,656.430,656.820,7667.44,1749759299999,5043154.63650,14580,3626.10,2385575.92970,0
1749759300000,656.820,658.970,656.090,657.700,13372.48,1749760199999,8793894.99890,16686,8668.53,5700923.38290,0
1749760200000,657.700,657.930,653.410,653.870,12743.95,1749761099999,8350926.60970,16114,4657.73,3052691.82450,0
1749761100000,653.870,654.200,651.420,653.240,14959.64,1749761999999,9764056.35480,27273,7493.37,4891951.04780,0
1749762000000,653.250,654.530,652.050,653.590,8599.80,1749762899999,5618367.78960,15580,4675.34,3054580.89480,0
1749762900000,653.590,655.900,653.420,655.890,4380.76,1749763799999,2867677.73570,8898,2410.71,1578107.62430,0
1749763800000,655.890,655.990,653.550,654.440,4031.09,1749764699999,2638886.69380,7593,1967.74,1288176.94420,0
1749764700000,654.440,655.620,653.280,653.440,2269.61,1749765599999,1485411.74810,6096,1349.17,882848.28360,0
1749765600000,653.440,655.020,653.320,654.910,5552.16,1749766499999,3632844.66780,9792,2991.09,1957036.91710,0
1749766500000,654.910,655.010,653.810,654.120,2884.30,1749767399999,1888113.32600,6943,1148.27,751670.06000,0
1749767400000,654.130,654.530,653.380,653.380,2471.73,1749768299999,1616505.18260,6395,1431.08,935961.01380,0
1749768300000,653.390,654.330,653.340,653.850,2412.42,1749769199999,1577214.77920,6267,1256.39,821357.05050,0
1749769200000,653.860,655.000,653.650,653.790,5221.98,1749770099999,3417806.41960,7633,2931.69,1918922.95130,0
1749770100000,653.800,655.830,653.700,655.690,2775.52,1749770999999,1818375.74710,5784,1368.74,896527.77110,0
1749771000000,655.700,656.650,655.420,656.360,3066.56,1749771899999,2011747.21660,6045,1560.37,1023633.50930,0
1749771900000,656.360,656.680,654.310,654.410,4625.64,1749772799999,3032277.86310,5788,1723.58,1129971.22500,0
1749772800000,654.410,654.440,643.850,645.440,50130.53,1749773699999,32483770.93860,57690,20011.26,12964218.73400,0
1749773700000,645.440,647.660,643.070,643.690,24393.57,1749774599999,15744683.87610,30551,14004.61,9041106.41040,0
1749774600000,643.690,646.100,641.550,645.700,24869.68,1749775499999,16002326.56020,33525,13673.97,8799869.02310,0
1749775500000,645.700,648.300,645.470,647.270,14617.86,1749776399999,9453091.92340,25743,8225.23,5319198.84270,0
1749776400000,647.260,647.400,637.550,640.020,31688.79,1749777299999,20339558.13450,42610,12253.10,7864720.54470,0
1749777300000,640.020,644.040,639.780,642.620,15820.70,1749778199999,10165990.52100,23710,8437.48,5423043.01480,0
1749778200000,642.630,644.500,640.310,644.220,14420.93,1749779099999,9265109.92510,23897,7750.16,4980712.36810,0
1749779100000,644.220,645.700,643.470,645.040,8184.49,1749779999999,5276663.80320,17761,3926.69,2531797.73280,0
1749780000000,645.040,645.080,642.330,643.190,11389.17,1749780899999,7331145.50480,17019,3327.12,2141167.39830,0
1749780900000,643.180,644.340,642.210,643.570,5731.00,1749781799999,3686077.76190,14032,2266.45,1457811.42720,0
1749781800000,643.570,643.950,639.180,639.910,10537.19,1749782699999,6761440.32720,23191,3865.65,2480653.51480,0
1749782700000,639.910,642.860,639.500,642.260,6860.95,1749783599999,4399036.11720,13605,3788.86,2429832.89590,0
1749783600000,642.260,644.730,641.650,644.210,9403.86,1749784499999,6050998.19110,13444,5563.26,3579805.85370,0
1749784500000,644.210,645.360,643.960,644.870,5557.50,1749785399999,3582820.54650,11609,2937.71,1893851.42890,0
1749785400000,644.870,646.340,644.580,645.940,7683.91,1749786299999,4962253.23410,9530,3918.21,2530333.38800,0
1749786300000,645.940,649.350,645.820,649.040,13493.12,1749787199999,8741790.01610,16480,7526.03,4875998.88190,0
1749787200000,649.050,649.060,645.840,646.210,9705.55,1749788099999,6281080.55600,12269,3742.02,2421506.71200,0
1749788100000,646.210,647.740,645.610,647.730,3477.50,1749788999999,2248799.67380,8174,2198.06,1421464.46450,0
1749789000000,647.740,649.000,647.520,648.950,4015.96,1749789899999,2603466.70260,7970,1798.34,1165891.89410,0
1749789900000,648.950,648.950,647.980,648.350,2823.99,1749790799999,1831451.99320,6017,1185.14,768628.39440,0
1749790800000,648.350,648.710,647.450,648.080,3227.39,1749791699999,2091733.37900,7467,1565.23,1014430.08400,0
1749791700000,648.080,648.680,647.620,648.140,3883.55,1749792599999,2517329.79730,6983,1365.66,885169.05810,0
1749792600000,648.140,648.280,647.460,647.690,2136.67,1749793499999,1384459.19880,5466,898.36,582116.33190,0
1749793500000,647.690,648.300,647.370,647.460,3131.38,1749794399999,2028928.60650,5215,1580.74,1024302.15690,0
1749794400000,647.460,648.190,647.020,647.690,3272.67,1749795299999,2119657.64380,7627,1324.71,857950.01710,0
1749795300000,647.690,647.690,646.260,646.380,3796.48,1749796199999,2455681.21900,7021,1167.84,755347.90210,0
1749796200000,646.370,648.380,646.370,648.380,3301.57,1749797099999,2138616.68340,6670,1650.15,1068740.09960,0
1749797100000,648.380,651.880,647.660,651.880,11079.49,1749797999999,7203921.84040,13293,6204.73,4034374.97060,0
1749798000000,651.880,652.400,650.980,652.100,6867.94,1749798899999,4476431.80980,13538,3086.01,2011398.43390,0
1749798900000,652.100,653.400,651.840,653.330,7706.12,1749799799999,5029312.70310,8450,4044.51,2639549.96180,0
1749799800000,653.330,654.240,653.000,654.200,7423.00,1749800699999,4852301.86180,8904,3828.69,2502807.69790,0
1749800700000,654.200,654.900,653.660,654.830,5525.44,1749801599999,3615103.80130,7155,2315.31,1514724.63750,0
1749801600000,654.830,659.700,654.140,659.130,24937.29,1749802499999,16379325.03830,23366,13938.83,9157084.72170,0
1749802500000,659.120,659.130,656.740,657.900,8735.40,1749803399999,5749567.05990,17231,3372.09,2219556.17260,0
1749803400000,657.900,658.630,656.370,656.810,6865.18,1749804299999,4514390.05220,9444,2456.84,1615577.94810,0
1749804300000,656.810,657.690,655.400,656.950,6022.16,1749805199999,3954235.01240,9108,2959.89,1943827.39070,0
1749805200000,656.960,657.900,655.620,656.320,11305.25,1749806099999,7424601.39130,13564,4354.64,2860054.79500,0
1749806100000,656.320,656.990,655.070,655.650,11262.56,1749806999999,7388554.59050,17275,4441.77,2914055.28250,0
1749807000000,655.660,655.720,653.670,653.910,8958.01,1749807899999,5863322.63170,11750,3150.58,2062448.25460,0
1749807900000,653.910,655.260,653.480,654.290,11426.19,1749808799999,7475978.34570,10987,6374.88,4171123.86930,0
1749808800000,654.300,654.810,652.160,652.970,17184.53,1749809699999,11223239.75170,16390,10048.73,6561971.39950,0
1749809700000,652.980,654.200,652.530,653.680,8873.26,1749810599999,5797772.59850,10749,6333.50,4138219.26280,0
1749810600000,653.680,654.840,653.370,654.680,5295.83,1749811499999,3464354.86970,9868,3114.37,2037200.98590,0
1749811500000,654.670,655.430,653.730,655.340,4877.09,1749812399999,3192428.61370,7531,3009.91,1970451.76040,0
1749812400000,655.350,655.720,653.860,654.140,5193.02,1749813299999,3401540.57820,8345,2795.36,1831090.73310,0
1749813300000,654.130,654.440,652.290,652.710,5884.81,1749814199999,3846140.78180,7682,1833.26,1198070.14560,0
1749814200000,652.710,653.950,652.400,653.640,4155.56,1749815099999,2714946.64900,8935,1896.47,1238896.91090,0
1749815100000,653.640,654.900,653.420,654.600,4079.24,1749815999999,2668859.04290,5839,2529.69,1654888.36870,0
1749816000000,654.600,654.830,653.640,653.890,5929.57,1749816899999,3878657.83320,8939,2773.80,1814306.25100,0
1749816900000,653.890,654.100,652.500,652.930,4634.95,1749817799999,3026912.28650,7674,1949.69,1273244.44110,0
1749817800000,652.940,653.680,651.610,651.700,4298.46,1749818699999,2805016.95510,10504,2084.64,1360599.59660,0
1749818700000,651.700,651.960,650.720,651.200,3939.57,1749819599999,2566124.99350,6433,1951.28,1271037.09350,0
1749819600000,651.190,651.190,650.590,651.050,3513.74,1749820499999,2287044.45120,6287,1745.67,1136204.76690,0
1749820500000,651.050,652.280,650.960,651.570,3491.51,1749821399999,2275025.56790,7497,2158.53,1406426.20760,0
1749821400000,651.560,653.730,651.340,653.100,5597.12,1749822299999,3653019.97960,9357,3064.48,2000334.66400,0
1749822300000,653.110,653.120,651.370,651.680,4265.34,1749823199999,2781559.39060,8578,1941.65,1266106.45570,0
1749823200000,651.680,652.880,650.210,650.620,6770.58,1749824099999,4409415.38200,10389,3143.28,2047199.63120,0
1749824100000,650.620,650.630,649.300,649.400,8717.98,1749824999999,5665255.55870,10022,3234.50,2101862.21150,0
1749825000000,649.410,652.990,649.180,652.270,10805.98,1749825899999,7039097.28180,11782,6595.20,4295698.40300,0
1749825900000,652.300,652.500,651.210,652.390,8315.75,1749826799999,5420305.53900,9709,3242.26,2113727.67170,0
1749826800000,652.390,653.720,651.540,652.990,6830.50,1749827699999,4458731.17130,9551,4152.16,2710566.34350,0
1749827700000,652.980,654.260,652.380,653.980,5810.00,1749828599999,3796302.03620,9004,3653.40,2387144.55930,0
1749828600000,653.970,654.410,653.440,654.150,3048.49,1749829499999,1993345.94620,7148,1485.15,971140.13620,0
1749829500000,654.150,654.320,652.790,653.470,3189.99,1749830399999,2085453.48920,5973,1339.10,875599.43790,0
1749830400000,653.480,655.130,652.540,655.070,4580.20,1749831299999,2995654.41420,7513,2620.71,1714444.01130,0
1749831300000,655.040,655.340,653.510,653.630,5103.73,1749832199999,3340501.06030,7110,1747.00,1143300.83280,0
1749832200000,653.640,653.840,652.450,653.240,3925.38,1749833099999,2563463.60470,7711,1908.21,1246172.58850,0
1749833100000,653.240,654.330,652.220,654.190,3636.45,1749833999999,2375765.42860,5829,1784.76,1166043.49090,0
1749834000000,654.190,654.190,653.160,653.290,3122.04,1749834899999,2040664.90910,5254,1150.25,751838.86630,0
1749834900000,653.280,653.790,652.120,652.530,4209.82,1749835799999,2748162.40420,6808,1816.90,1185946.22540,0
1749835800000,652.520,653.060,651.570,651.570,3741.26,1749836699999,2440911.24740,7159,1438.28,938565.27770,0
1749836700000,651.560,652.370,650.620,652.250,4927.50,1749837599999,3210236.03810,6958,2468.19,1608008.59560,0
1749837600000,652.240,652.810,650.750,650.800,3937.02,1749838499999,2566211.16040,6214,1749.33,1140520.18260,0
1749838500000,650.790,651.470,650.010,650.300,2833.33,1749839399999,1843197.90230,7521,1289.07,838635.70800,0
1749839400000,650.290,650.450,649.300,649.730,3334.69,1749840299999,2166627.62550,7026,1383.45,898773.49880,0
1749840300000,649.730,651.400,649.560,650.850,2476.22,1749841199999,1610624.72620,6835,1362.14,885978.06450,0
1749841200000,650.840,651.620,650.000,651.400,1862.34,1749842099999,1212128.20060,6087,964.22,627586.54420,0
1749842100000,651.400,651.840,649.700,650.280,2197.56,1749842999999,1430129.04480,6592,903.55,587966.03240,0
1749843000000,650.290,651.110,649.790,650.300,1508.08,1749843899999,980942.18740,4705,719.41,467937.05720,0
1749843900000,650.290,651.100,649.860,650.960,1425.84,1749844799999,927760.14680,5144,663.02,431405.42850,0
1749844800000,650.960,651.460,650.040,651.410,2920.11,1749845699999,1900069.19520,6973,1457.56,948449.66980,0
1749845700000,651.410,651.780,650.660,651.660,2481.80,1749846599999,1616603.01880,6028,1229.53,800920.95660,0
1749846600000,651.660,652.960,651.500,652.850,1447.27,1749847499999,943853.68440,4688,974.89,635789.54420,0
1749847500000,652.850,652.850,651.280,652.530,2028.50,1749848399999,1322829.67590,4610,1009.10,658001.88950,0
1749848400000,652.530,652.880,651.840,652.570,2816.63,1749849299999,1837061.52750,4966,1741.05,1135490.04290,0
1749849300000,652.580,652.950,652.180,652.880,1698.66,1749850199999,1108505.90090,3878,835.37,545115.92970,0
1749850200000,652.890,653.150,652.280,652.880,1633.67,1749851099999,1066542.25130,4468,725.38,473546.04310,0
1749851100000,652.870,653.310,652.790,653.040,1092.97,1749851999999,713747.65040,2834,512.27,334521.75880,0
1749852000000,653.050,654.000,652.730,653.050,3597.74,1749852899999,2350759.33410,6510,1988.88,1299524.94530,0
1749852900000,653.040,653.560,653.020,653.360,2325.99,1749853799999,1519491.24550,3847,1108.62,724209.11630,0
1749853800000,653.350,653.580,653.070,653.200,832.24,1749854699999,543676.00490,2681,399.45,260953.44480,0
1749854700000,653.190,654.100,653.190,653.860,2114.67,1749855599999,1382686.89700,3437,987.60,645729.59020,0
1749855600000,653.850,654.330,653.440,653.670,2895.67,1749856499999,1893852.76170,5120,1599.13,1045840.80700,0
1749856500000,653.660,654.540,653.660,654.480,1761.58,1749857399999,1152536.39980,3085,1084.44,709512.04020,0
1749857400000,654.470,654.710,654.070,654.430,1715.02,1749858299999,1122286.07200,3713,662.76,433686.91200,0
1749858300000,654.440,655.040,654.330,655.040,2311.00,1749859199999,1512970.49440,4430,1369.78,896836.40340,0
1749859200000,655.030,655.050,653.890,654.060,3902.18,1749860099999,2553701.51960,6116,1444.81,945449.57470,0
1749860100000,654.050,654.260,653.040,653.260,3776.79,1749860999999,2468505.57690,6690,1765.22,1153693.61020,0
1749861000000,653.260,654.160,653.000,654.020,2862.09,1749861899999,1870378.22420,5375,1457.29,952368.15520,0
1749861900000,654.020,654.880,653.300,653.730,2737.91,1749862799999,1791019.84040,5653,1290.44,844183.42070,0
1749862800000,653.740,653.820,652.530,652.760,3336.19,1749863699999,2178658.32280,5959,1548.82,1011451.27990,0
1749863700000,652.750,653.110,652.520,652.570,1925.68,1749864599999,1256937.18500,3957,1040.77,679295.79810,0
1749864600000,652.560,653.060,652.000,652.120,1943.93,1749865499999,1268350.11810,4640,686.10,447674.53980,0
1749865500000,652.110,652.400,650.000,650.510,6519.27,1749866399999,4243548.38860,7145,2252.93,1466331.22010,0
1749866400000,650.500,651.200,650.320,651.140,2358.67,1749867299999,1534516.28610,4664,1519.86,988796.57250,0
1749867300000,651.140,651.710,650.610,650.870,1950.00,1749868199999,1269955.02820,3739,1088.60,709035.63340,0
1749868200000,650.880,651.200,650.830,651.130,1181.80,1749869099999,769371.92070,3338,646.33,420764.40620,0
1749869100000,651.130,651.560,651.020,651.360,1353.20,1749869999999,881302.07340,3378,569.98,371211.54680,0
1749870000000,651.350,651.410,650.910,651.000,2186.02,1749870899999,1423466.82800,3448,1107.01,720869.52120,0
1749870900000,651.000,651.560,650.740,651.560,1407.80,1749871799999,916752.65560,3162,680.40,443086.62040,0
1749871800000,651.550,651.700,651.200,651.210,1387.42,1749872699999,903846.30920,3216,641.88,418163.65810,0
1749872700000,651.210,651.210,650.390,650.870,1205.72,1749873599999,784589.82970,3401,501.46,326286.46230,0
1749873600000,650.870,650.870,650.080,650.420,2321.39,1749874499999,1510008.85970,4332,1158.03,753286.84870,0
1749874500000,650.410,651.150,650.290,651.140,2019.15,1749875399999,1314026.59880,3805,1498.14,974992.45200,0
1749875400000,651.140,651.800,651.140,651.790,1996.80,1749876299999,1300862.93700,3398,1165.48,759297.28220,0
1749876300000,651.800,651.860,650.770,651.110,1594.26,1749877199999,1038511.94660,3137,803.52,523461.00900,0
1749877200000,651.110,651.240,650.570,650.680,2032.73,1749878099999,1322930.26950,4259,1076.40,700528.27020,0
1749878100000,650.680,651.040,650.600,650.900,1779.44,1749878999999,1158090.77650,3013,1077.18,701025.87420,0
1749879000000,650.900,651.800,650.720,651.710,1352.09,1749879899999,880560.35560,3371,969.72,631591.70620,0
1749879900000,651.710,652.170,651.700,652.040,1808.95,1749880799999,1179333.65140,4122,1164.60,759273.06730,0
1749880800000,652.040,652.160,651.580,651.790,2208.69,1749881699999,1439793.68920,4637,1017.25,663130.37330,0
1749881700000,651.790,651.870,650.850,651.490,1754.86,1749882599999,1143032.26510,3631,779.01,507356.22420,0
1749882600000,651.490,651.650,650.920,651.500,1153.93,1749883499999,751651.75370,3150,500.29,325875.29900,0
1749883500000,651.500,651.720,651.360,651.500,1513.96,1749884399999,986461.19440,2746,666.31,434149.43510,0
1749884400000,651.500,651.600,650.330,650.390,3584.60,1749885299999,2333505.78700,4656,1066.62,694289.00130,0
1749885300000,650.390,650.930,649.690,650.810,3189.52,1749886199999,2074255.11270,5097,1251.23,813833.04300,0
1749886200000,650.820,651.740,650.770,651.730,1878.55,1749887099999,1223664.34060,3284,1154.94,752264.31630,0
1749887100000,651.730,651.840,651.360,651.430,1413.24,1749887999999,920830.48890,3146,665.38,433525.33000,0
1749888000000,651.420,651.430,650.280,650.290,2662.19,1749888899999,1732099.11090,3905,956.52,622249.72550,0
1749888900000,650.280,650.560,649.050,650.330,8093.53,1749889799999,5259734.65760,5783,2300.17,1495003.55450,0
1749889800000,650.330,650.630,649.350,650.440,2232.90,1749890699999,1451899.79490,3499,1150.45,748061.19810,0
1749890700000,650.440,650.560,649.830,650.130,1523.55,1749891599999,990637.77610,2491,746.59,485414.11910,0
1749891600000,650.130,650.130,649.440,649.450,3046.47,1749892499999,1979521.99360,4298,1059.85,688683.76430,0
1749892500000,649.440,650.010,649.180,649.410,2259.92,1749893399999,1467907.45140,3627,1014.57,659026.30800,0
1749893400000,649.400,649.500,649.070,649.440,3023.75,1749894299999,1963279.17750,4109,1318.82,856318.83240,0
1749894300000,649.450,649.540,648.690,648.810,3508.08,1749895199999,2276598.68720,4381,1711.83,1110867.95220,0
1749895200000,648.810,649.940,648.710,649.900,3130.69,1749896099999,2032733.07640,4763,2026.19,1315773.55700,0
1749896100000,649.890,649.900,649.120,649.870,2348.73,1749896999999,1525793.51660,3764,1311.10,851720.51680,0
1749897000000,649.870,650.200,649.270,649.920,2903.61,1749897899999,1887071.68660,3659,1877.88,1220461.13490,0
1749897900000,649.930,650.050,649.780,649.860,802.25,1749898799999,521418.89990,2381,452.42,294046.71900,0
1749898800000,649.870,650.250,649.860,650.150,1236.30,1749899699999,803683.99890,3575,599.60,389765.92470,0
1749899700000,650.160,650.480,650.040,650.170,1238.71,1749900599999,805527.21260,2725,590.32,383870.55420,0
1749900600000,650.170,650.400,649.760,649.770,964.88,1749901499999,627349.44820,2540,539.57,350826.16300,0
1749901500000,649.780,650.420,649.680,650.160,1952.55,1749902399999,1269356.05100,3412,975.48,634219.10150,0
1749902400000,650.170,650.320,649.550,649.640,1413.24,1749903299999,918378.18000,4096,555.28,360814.76430,0
1749903300000,649.640,649.920,648.890,649.030,1601.75,1749904199999,1039909.61590,3566,744.13,483080.74820,0
1749904200000,649.030,649.390,648.240,648.390,3869.76,1749905099999,2511120.03770,6772,1805.84,1171956.06930,0
1749905100000,648.400,649.520,648.400,649.410,3502.63,1749905999999,2273606.11480,8727,1597.29,1036685.74240,0
1749906000000,649.410,650.140,648.960,649.370,2178.73,1749906899999,1415224.44700,4794,1126.80,731932.55070,0
1749906900000,649.360,649.440,648.810,648.810,1867.12,1749907799999,1211842.08270,4281,1200.08,778891.92470,0
1749907800000,648.810,648.810,647.590,647.620,3482.96,1749908699999,2257556.02430,5072,1643.12,1065036.54300,0
1749908700000,647.620,648.240,647.400,647.940,2943.75,1749909599999,1906522.44040,4529,1342.39,869433.40610,0
1749909600000,647.940,648.190,647.390,647.650,2288.07,1749910499999,1482085.60150,4401,1173.53,760169.50480,0
1749910500000,647.640,648.030,647.420,647.580,1464.03,1749911399999,948313.38710,3710,905.49,586538.43390,0
1749911400000,647.570,647.710,646.520,646.570,2583.94,1749912299999,1671817.54380,4966,1104.05,714329.51770,0
1749912300000,646.570,646.770,646.030,646.190,3169.61,1749913199999,2048765.77950,5763,1524.20,985198.46490,0
1749913200000,646.180,646.190,645.340,645.620,3933.92,1749914099999,2540549.60000,5829,1675.04,1081795.16540,0
1749914100000,645.610,646.360,645.600,646.050,5245.97,1749914999999,3389248.08910,7658,3294.60,2128498.12470,0
1749915000000,646.060,646.060,644.160,644.250,9083.89,1749915899999,5858885.40300,15260,3682.04,2374627.08670,0
1749915900000,644.260,645.270,643.880,644.940,6515.79,1749916799999,4198627.20970,8289,3669.60,2364732.72680,0
1749916800000,644.940,645.720,644.320,644.640,5207.52,1749917699999,3358777.92870,9097,2681.24,1729497.79050,0
1749917700000,644.640,644.960,643.330,643.350,4937.70,1749918599999,3180042.96440,8154,2082.93,1341501.15390,0
1749918600000,643.340,643.750,642.690,642.880,5649.12,1749919499999,3632843.37740,7872,3117.92,2005130.57130,0
1749919500000,642.890,642.890,640.050,641.050,23648.74,1749920399999,15161266.38280,26062,9970.75,6392357.85470,0
1749920400000,641.050,642.690,640.520,642.420,7066.98,1749921299999,4536113.03960,9876,4443.74,2852115.22510,0
1749921300000,642.410,643.950,642.400,643.240,4043.77,1749922199999,2601479.94230,6832,2450.93,1576603.90300,0
1749922200000,643.240,643.500,641.760,642.250,2856.32,1749923099999,1835824.92120,6620,1161.05,746388.84450,0
1749923100000,642.250,643.260,642.200,642.970,1608.33,1749923999999,1033972.47660,4840,763.28,490708.48080,0
1749924000000,642.980,643.730,642.930,643.050,2960.66,1749924899999,1904446.35440,6362,1428.49,918855.11110,0
1749924900000,643.050,643.060,640.150,640.330,4463.69,1749925799999,2862649.32880,6774,1558.79,999745.15790,0
1749925800000,640.320,640.340,638.520,639.110,12618.00,1749926699999,8065635.69480,12288,5531.17,3535045.82810,0
1749926700000,639.110,641.330,638.550,641.280,5873.17,1749927599999,3759995.41420,7885,3549.20,2271982.40250,0
1749927600000,641.290,641.790,640.880,641.460,3729.14,1749928499999,2391365.87430,7292,1737.17,1113991.30700,0
1749928500000,641.460,641.700,640.950,641.080,1897.82,1749929399999,1217156.70970,5089,779.25,499762.53070,0
1749929400000,641.090,642.130,641.080,641.980,2015.58,1749930299999,1293206.38350,4711,1323.24,848984.94690,0
1749930300000,641.970,641.970,640.270,640.280,1779.65,1749931199999,1140700.29820,4446,562.85,360733.13590,0
1749931200000,640.270,641.020,638.370,638.690,5447.62,1749932099999,3484437.37780,7786,2107.36,1347718.72530,0
1749932100000,638.690,640.230,638.580,639.850,2742.03,1749932999999,1753301.31650,7698,1707.59,1091827.70610,0
1749933000000,639.850,640.920,639.850,640.730,2516.28,1749933899999,1611447.92050,5784,1209.22,774391.69010,0
1749933900000,640.720,640.990,639.930,640.560,2180.82,1749934799999,1396799.72900,4945,1010.38,647252.14580,0
1749934800000,640.570,640.800,640.260,640.670,1700.20,1749935699999,1089056.24410,5294,820.29,525431.11390,0
1749935700000,640.670,641.880,640.360,641.750,2436.09,1749936599999,1561736.51920,5312,1321.90,847461.34960,0
1749936600000,641.740,642.480,641.470,642.390,1715.85,1749937499999,1101492.49010,4729,1049.12,673484.69520,0
1749937500000,642.390,643.610,642.390,643.200,1930.31,1749938399999,1241229.76640,4613,1220.61,784833.26710,0
1749938400000,643.200,643.930,643.000,643.210,2252.08,1749939299999,1449128.26340,5447,1221.77,786142.71370,0
1749939300000,643.220,643.590,643.010,643.290,1595.46,1749940199999,1026370.71780,3984,986.92,634888.11460,0
1749940200000,643.290,643.290,642.280,642.760,1658.40,1749941099999,1065985.86280,4339,621.57,399504.81130,0
1749941100000,642.760,643.730,642.620,643.720,1214.09,1749941999999,781081.60830,3503,753.77,484925.11510,0
1749942000000,643.730,644.230,643.500,644.010,2111.08,1749942899999,1359336.25000,4828,1099.88,708216.67460,0
1749942900000,644.010,644.600,644.010,644.550,1815.48,1749943799999,1169692.52890,3725,1096.45,706438.72340,0
1749943800000,644.550,645.750,644.370,645.750,3872.42,1749944699999,2497971.22410,9054,2401.34,1549085.12440,0
1749944700000,645.750,645.990,645.060,645.230,1739.61,1749945599999,1122981.29180,3966,853.31,550872.71730,0
1749945600000,645.230,645.390,644.560,644.990,2798.73,1749946499999,1805167.69300,5411,1154.23,744409.17200,0
1749946500000,645.000,645.800,644.990,645.480,2162.44,1749947399999,1395781.33190,4003,1279.01,825517.71560,0
1749947400000,645.490,646.350,645.200,645.650,2507.57,1749948299999,1619816.56970,5113,1690.93,1092307.29470,0
1749948300000,645.650,646.040,645.560,645.990,2227.56,1749949199999,1438538.40830,4250,1125.77,726967.11730,0
1749949200000,646.000,646.760,645.600,646.090,3871.46,1749950099999,2501788.96680,7108,2459.22,1589354.92460,0
1749950100000,646.090,646.120,645.210,645.550,2136.50,1749950999999,1379272.00090,3960,1018.32,657417.75280,0
1749951000000,645.560,645.900,645.280,645.900,1107.56,1749951899999,714962.35020,2922,545.76,352306.12010,0
1749951900000,645.900,646.000,645.640,645.900,955.43,1749952799999,617044.99900,2961,502.28,324379.83290,0
1749952800000,645.890,647.250,645.890,647.050,3217.81,1749953699999,2081152.50970,5097,1808.53,1169620.74460,0
1749953700000,647.050,647.350,646.960,647.290,1097.90,1749954599999,710549.66370,3057,602.46,389896.56180,0
1749954600000,647.290,647.330,646.930,647.010,874.42,1749955499999,565879.38600,2884,385.29,249341.67860,0
1749955500000,647.010,647.160,646.630,646.810,1348.59,1749956399999,872341.33370,2529,451.52,292072.30590,0
1749956400000,646.810,647.370,646.740,647.300,1369.45,1749957299999,886124.13440,3390,626.81,405562.55880,0
1749957300000,647.300,647.660,647.260,647.530,1496.79,1749958199999,969118.98650,2674,925.82,599454.99320,0
1749958200000,647.530,647.640,647.110,647.560,1011.11,1749959099999,654548.30050,2862,523.04,338575.65120,0
1749959100000,647.560,647.660,647.080,647.240,1420.74,1749959999999,919606.62750,3288,418.32,270754.22320,0
1749960000000,647.240,648.300,647.230,648.300,3172.94,1749960899999,2055458.82290,4589,2178.30,1411093.45120,0
1749960900000,648.300,648.600,648.090,648.460,2736.66,1749961799999,1774575.57800,6027,1836.93,1191145.30410,0
1749961800000,648.460,648.860,648.140,648.720,2603.07,1749962699999,1688208.54270,4385,1500.17,972830.05440,0
1749962700000,648.720,649.000,648.650,648.940,1604.49,1749963599999,1041067.94570,4177,925.61,600588.20220,0
1749963600000,648.940,649.190,648.760,648.880,1760.62,1749964499999,1142614.68180,3910,818.96,531480.18400,0
1749964500000,648.880,648.890,648.150,648.890,1791.99,1749965399999,1162181.72970,3904,693.79,449963.51750,0
1749965400000,648.890,649.500,648.890,649.500,2065.18,1749966299999,1340853.34130,4134,1143.66,742520.99120,0
1749966300000,649.500,649.900,649.260,649.680,3181.08,1749967199999,2066463.22920,5341,1305.62,848131.10500,0
1749967200000,649.680,649.800,648.540,648.560,3304.78,1749968099999,2145913.28910,5675,1089.42,707417.51140,0
1749968100000,648.550,649.000,647.880,648.230,3268.87,1749968999999,2119143.60340,5037,1148.96,744910.51290,0
1749969000000,648.230,650.880,648.040,650.850,14258.70,1749969899999,9262794.95600,14201,10725.78,6967260.52800,0
1749969900000,650.850,651.760,650.230,650.670,8120.49,1749970799999,5285345.75970,8214,5301.89,3450743.37590,0
1749970800000,650.670,650.770,649.210,650.260,3861.56,1749971699999,2510107.02560,6004,1726.83,1122300.99090,0
1749971700000,650.270,650.270,649.500,649.680,1909.88,1749972599999,1241125.78340,4439,740.97,481507.90200,0
1749972600000,649.680,649.680,648.540,648.750,2702.82,1749973499999,1753898.73470,4589,844.49,547930.45460,0
1749973500000,648.760,649.280,648.670,648.820,1833.65,1749974399999,1190012.90330,4227,959.87,622944.62690,0
1749974400000,648.820,649.090,647.450,647.450,4178.17,1749975299999,2709082.81520,7193,1715.30,1112319.54620,0
1749975300000,647.460,647.910,646.420,646.870,6769.54,1749976199999,4380882.46830,7551,2217.11,1434828.82950,0
1749976200000,646.880,647.630,646.690,647.490,2977.13,1749977099999,1926791.57060,4901,1579.95,1022485.88450,0
1749977100000,647.490,647.600,647.220,647.540,1236.87,1749977999999,800766.31600,3863,462.40,299365.04360,0
1749978000000,647.530,647.530,646.680,646.820,3743.51,1749978899999,2422241.79130,5794,2248.67,1454905.04430,0
1749978900000,646.820,646.860,645.660,646.020,3575.87,1749979799999,2311011.41990,5494,1130.93,730887.33190,0
1749979800000,646.010,646.890,645.710,646.760,2596.32,1749980699999,1677973.91210,5536,1816.75,1174114.05940,0
1749980700000,646.750,647.080,645.900,646.100,1611.16,1749981599999,1041451.96850,4784,829.27,536045.22970,0
1749981600000,646.110,647.970,646.000,647.930,2384.17,1749982499999,1542810.29210,4625,1570.15,1015947.08900,0
1749982500000,647.930,648.260,647.290,647.730,2332.67,1749983399999,1511354.55080,5012,1168.22,756881.07710,0
1749983400000,647.730,648.810,647.690,648.790,1503.69,1749984299999,974749.83330,3824,1045.34,677674.06230,0
1749984300000,648.800,648.810,648.360,648.480,1119.43,1749985199999,726024.80240,3225,452.15,293248.84010,0
1749985200000,648.480,649.220,648.430,648.750,1899.46,1749986099999,1232408.89070,4114,895.95,581313.11950,0
1749986100000,648.740,648.960,647.600,647.940,1161.14,1749986999999,752630.18450,3834,467.04,302718.46640,0
1749987000000,647.930,648.540,647.720,648.150,1390.61,1749987899999,901160.03310,4141,622.54,403409.24090,0
1749987900000,648.160,648.880,648.000,648.080,1944.31,1749988799999,1260828.11030,4329,944.74,612637.36150,0
1749988800000,648.070,649.530,648.070,649.210,3160.49,1749989699999,2050890.61400,5160,2053.58,1332583.41520,0
1749989700000,649.210,649.500,648.400,648.760,1278.63,1749990599999,829933.28230,3282,508.45,329988.86850,0
1749990600000,648.750,649.190,648.650,649.190,1552.01,1749991499999,1007142.44260,3437,824.12,534817.69900,0
1749991500000,649.180,650.200,649.090,650.110,3273.75,1749992399999,2127231.91350,5012,1959.55,1273387.78470,0
1749992400000,650.100,650.940,649.760,650.310,3822.72,1749993299999,2486270.77430,6414,1979.59,1287576.09550,0
1749993300000,650.300,650.400,649.060,649.180,2623.40,1749994199999,1704684.09680,5210,1008.64,655467.74900,0
1749994200000,649.190,649.190,648.000,649.000,2700.40,1749995099999,1751354.23190,5356,1121.38,727237.66130,0
1749995100000,648.990,649.710,648.250,648.580,2820.40,1749995999999,1830491.91920,5495,1364.97,886049.90450,0
1749996000000,648.580,648.680,647.220,647.450,3781.61,1749996899999,2449635.65360,7232,1519.62,984379.89710,0
1749996900000,647.450,647.880,646.810,646.990,3139.53,1749997799999,2031835.58910,5610,1408.09,911325.95830,0
1749997800000,646.990,648.110,646.630,647.240,3526.85,1749998699999,2283161.93890,6892,1596.55,1033650.98200,0
1749998700000,647.240,649.010,647.130,648.360,6575.19,1749999599999,4263207.15560,6997,3583.12,2323059.35210,0
1749999600000,648.360,648.470,646.880,647.410,3287.66,1750000499999,2129133.01970,6085,1437.24,930590.07930,0
1750000500000,647.420,647.700,646.780,647.690,1801.78,1750001399999,1166152.23820,4534,926.69,599794.58240,0
1750001400000,647.690,648.180,647.000,647.640,2449.56,1750002299999,1586168.99560,4887,1460.93,946063.14900,0
1750002300000,647.640,648.060,647.120,647.510,1869.52,1750003199999,1210526.85090,4128,734.18,475409.99280,0
1750003200000,647.510,647.580,646.180,646.270,3247.38,1750004099999,2100631.12710,5392,1021.48,660758.49220,0
1750004100000,646.270,647.060,645.780,647.060,2213.26,1750004999999,1430245.98550,4978,948.49,613013.25710,0
1750005000000,647.060,647.770,647.020,647.580,1673.67,1750005899999,1083468.63190,4613,935.49,605619.09060,0
1750005900000,647.580,647.590,646.930,647.500,1556.26,1750006799999,1007267.62760,3322,556.86,360440.29580,0
1750006800000,647.500,647.500,647.180,647.210,1477.60,1750007699999,956446.23630,3403,943.92,610979.75200,0
1750007700000,647.210,647.660,647.160,647.610,1123.16,1750008599999,727161.39210,3155,616.95,399428.45490,0
1750008600000,647.610,648.810,647.520,648.750,2369.07,1750009499999,1535833.28740,3786,1668.48,1081747.81730,0
1750009500000,648.760,648.850,648.070,648.270,2562.68,1750010399999,1661941.68080,3335,733.81,475831.81020,0
1750010400000,648.280,648.430,647.180,647.580,1882.64,1750011299999,1219108.68250,3939,789.04,510875.54040,0
1750011300000,647.580,647.590,647.180,647.280,739.27,1750012199999,478553.94230,2450,365.61,236661.34110,0
1750012200000,647.280,647.510,647.150,647.510,784.39,1750013099999,507799.39470,2064,361.54,234044.35200,0
1750013100000,647.500,647.680,647.200,647.350,920.89,1750013999999,596231.29450,2636,403.20,261045.71900,0
1750014000000,647.350,647.470,646.760,647.160,3380.91,1750014899999,2187859.99310,3634,754.17,487974.79060,0
1750014900000,647.160,647.170,646.660,646.730,606.56,1750015799999,392410.77340,2829,297.16,192240.64390,0
1750015800000,646.730,647.110,645.370,645.830,2434.39,1750016699999,1572685.28310,5024,772.14,498847.57470,0
1750016700000,645.830,646.540,645.720,646.440,1578.25,1750017599999,1019821.08830,3933,1082.67,699560.80310,0
1750017600000,646.440,646.450,644.790,645.570,3514.91,1750018499999,2268815.19790,6061,1120.24,723059.54050,0
1750018500000,645.570,645.580,643.710,643.920,5036.20,1750019399999,3245402.78730,10318,1157.44,745759.62740,0
1750019400000,643.920,644.850,642.400,642.500,3036.97,1750020299999,1953687.77820,8066,1380.00,887725.92090,0
1750020300000,642.510,643.390,642.400,643.230,2194.32,1750021199999,1410805.03730,5519,1434.29,922154.90590,0
1750021200000,643.220,644.000,642.360,642.660,3132.76,1750022099999,2015044.58800,6102,1509.61,971179.40240,0
1750022100000,642.660,644.270,642.660,644.270,3078.40,1750022999999,1980525.59340,4965,2337.95,1504052.64670,0
1750023000000,644.270,644.380,643.070,643.740,1513.13,1750023899999,974157.26630,4421,591.52,380757.65020,0
1750023900000,643.750,645.180,643.740,645.020,2229.24,1750024799999,1436812.85140,3905,1361.44,877567.15330,0
1750024800000,645.020,646.570,644.370,646.500,6066.42,1750025699999,3917148.44170,9422,3103.75,2004158.13660,0
1750025700000,646.500,647.400,646.160,646.710,2484.15,1750026599999,1606704.22370,6326,1281.15,828594.42570,0
1750026600000,646.710,647.100,646.400,647.010,1494.21,1750027499999,966476.55540,4569,665.12,430190.39310,0
1750027500000,647.000,647.580,646.720,647.050,1310.65,1750028399999,848266.07020,4005,663.10,429169.90860,0
1750028400000,647.050,647.580,646.890,647.220,1517.28,1750029299999,981988.71540,4329,861.30,557417.79970,0
1750029300000,647.230,647.800,646.950,647.290,1968.57,1750030199999,1274255.33480,4258,1026.26,664367.16480,0
1750030200000,647.290,648.290,647.130,648.170,2952.17,1750031099999,1912138.77660,4057,2133.20,1381734.62130,0
1750031100000,648.170,648.170,647.530,647.920,1534.66,1750031999999,994242.44450,3050,652.06,422414.56280,0
1750032000000,647.930,647.970,647.420,647.660,2419.95,1750032899999,1567445.82320,3954,1005.30,651148.52300,0
1750032900000,647.650,648.230,646.400,647.240,3101.83,1750033799999,2007886.06410,5315,1538.29,995828.00820,0
1750033800000,647.240,647.920,646.570,647.420,2407.75,1750034699999,1558457.88230,5169,1188.67,769367.47240,0
1750034700000,647.420,647.720,646.830,647.550,2112.66,1750035599999,1367352.72930,3936,929.47,601579.44230,0
1750035600000,647.550,647.740,646.300,646.710,5092.85,1750036499999,3295360.08110,5970,2802.51,1813446.02240,0
1750036500000,646.710,647.120,646.110,646.750,2296.75,1750037399999,1484887.06740,4870,899.19,581281.13810,0
1750037400000,646.750,648.370,646.000,648.150,4737.31,1750038299999,3066494.97750,6555,3197.80,2070297.62700,0
1750038300000,648.140,650.410,648.140,650.170,6397.73,1750039199999,4155067.06210,9724,4206.60,2731975.18630,0
1750039200000,650.170,651.880,650.110,651.790,11815.60,1750040099999,7691561.33610,9878,6866.16,4470021.97070,0
1750040100000,651.800,652.540,650.810,651.430,6390.57,1750040999999,4165855.54930,13802,2941.97,1918127.50800,0
1750041000000,651.440,651.890,651.080,651.430,2263.08,1750041899999,1474261.34680,5643,1126.62,733935.60630,0
1750041900000,651.430,651.640,651.080,651.530,1394.11,1750042799999,908068.14900,4224,760.05,495075.63090,0
1750042800000,651.530,651.720,650.790,650.910,1837.86,1750043699999,1196721.27850,4270,907.15,590667.37930,0
1750043700000,650.910,651.740,650.750,651.500,1495.04,1750044599999,973552.14710,4126,751.16,489174.15140,0
1750044600000,651.500,651.900,651.090,651.790,1444.97,1750045499999,941444.96350,3992,1017.46,662915.02330,0
1750045500000,651.790,651.790,651.460,651.490,998.62,1750046399999,650745.67950,3712,549.16,357857.36990,0
1750046400000,651.490,652.000,651.050,651.940,1979.34,1750047299999,1289703.63260,4740,1142.03,744230.00060,0
1750047300000,651.950,653.180,651.750,652.720,3199.09,1750048199999,2087492.20030,6275,1902.63,1241462.90020,0
1750048200000,652.720,652.940,652.220,652.410,1591.07,1750049099999,1038212.12110,4591,888.20,579559.55080,0
1750049100000,652.410,652.410,651.620,652.020,1248.73,1750049999999,814159.16760,3968,550.43,358868.28720,0
1750050000000,652.030,652.950,652.020,652.890,2023.84,1750050899999,1320600.06070,4916,1110.10,724353.74840,0
1750050900000,652.900,654.490,652.890,654.420,3812.46,1750051799999,2492740.91540,7167,2505.82,1638315.23610,0
1750051800000,654.420,655.000,654.130,654.440,5755.54,1750052699999,3768202.73650,8194,3136.60,2053594.19800,0
1750052700000,654.430,654.760,654.200,654.590,2151.86,1750053599999,1408342.65400,5196,916.09,599550.53870,0
1750053600000,654.600,654.780,654.250,654.470,2528.18,1750054499999,1654688.72770,5498,973.76,637354.57920,0
1750054500000,654.470,654.740,653.560,653.780,3108.86,1750055399999,2034331.46860,4795,1229.23,804400.48540,0
1750055400000,653.770,654.590,653.650,654.580,3061.96,1750056299999,2002914.88930,4821,1591.02,1040839.32630,0
1750056300000,654.590,654.970,653.560,653.670,4462.92,1750057199999,2920361.81690,5261,1944.33,1272630.93490,0
1750057200000,653.670,655.040,653.670,654.930,6666.89,1750058099999,4363996.15110,8458,4072.86,2665987.71190,0
1750058100000,654.940,655.130,654.120,654.920,3221.10,1750058999999,2108790.11300,5179,1244.88,815059.10970,0
1750059000000,654.930,656.920,654.920,656.200,12774.97,1750059899999,8380820.58580,15653,7666.67,5029272.53060,0
1750059900000,656.200,656.340,655.620,655.960,2773.69,1750060799999,1819636.16820,4220,924.71,606589.50540,0
1750060800000,655.960,656.770,655.800,655.980,5178.47,1750061699999,3398314.70780,5442,2944.23,1932220.48290,0
1750061700000,655.990,656.120,655.020,655.470,1785.36,1750062599999,1170134.29600,4114,792.83,519578.72360,0
1750062600000,655.480,656.500,655.470,656.390,2628.11,1750063499999,1724310.17810,4019,1622.04,1064196.62940,0
1750063500000,656.400,656.500,656.060,656.270,2447.00,1750064399999,1606036.37690,3630,1301.13,853942.37950,0
1750064400000,656.270,656.410,655.790,655.830,3211.57,1750065299999,2107058.41740,4879,1151.28,755299.78950,0
1750065300000,655.840,656.130,655.240,655.530,3510.92,1750066199999,2301880.95360,4040,1436.33,941749.51320,0
1750066200000,655.520,655.950,655.200,655.800,2680.88,1750067099999,1757525.45930,4555,1115.80,731448.20850,0
1750067100000,655.810,656.140,655.400,655.980,2214.14,1750067999999,1452061.59710,4245,1363.96,894493.01140,0
1750068000000,655.980,656.430,654.670,655.310,4766.29,1750068899999,3125132.15290,6341,1943.67,1274306.92500,0
1750068900000,655.310,655.580,654.620,654.700,2353.95,1750069799999,1542110.51530,3359,927.45,607582.17840,0
1750069800000,654.690,654.900,654.360,654.490,1969.12,1750070699999,1289020.55720,3937,742.12,485832.57720,0
1750070700000,654.490,654.490,653.820,654.150,2121.84,1750071599999,1387757.32210,3928,797.06,521296.91630,0
1750071600000,654.160,654.640,653.780,654.260,2821.05,1750072499999,1845463.77920,4136,1464.53,958026.07310,0
1750072500000,654.260,654.480,653.120,653.240,4208.80,1750073399999,2751166.68850,5352,2097.07,1370728.13850,0
1750073400000,653.230,654.600,653.180,654.530,2116.43,1750074299999,1384434.61250,3642,1161.74,759839.95770,0
1750074300000,654.540,654.740,654.340,654.600,1743.52,1750075199999,1141262.40850,3349,834.21,546050.36350,0
1750075200000,654.610,654.610,653.760,654.210,2995.59,1750076099999,1959796.23270,4682,1251.49,818729.68370,0
1750076100000,654.210,654.520,653.800,654.200,2826.18,1750076999999,1848877.79790,3843,1432.75,937295.02500,0
1750077000000,654.200,655.680,654.150,655.530,3271.98,1750077899999,2143023.49350,5155,1954.99,1280370.22830,0
1750077900000,655.530,655.790,655.030,655.160,1657.62,1750078799999,1086609.61570,3360,666.80,437097.70680,0
1750078800000,655.170,655.890,655.130,655.500,2373.59,1750079699999,1555865.47640,4193,1192.83,781865.20540,0
1750079700000,655.500,655.660,655.030,655.200,1934.26,1750080599999,1267508.93310,3146,531.82,348532.58660,0
1750080600000,655.200,656.080,654.980,655.800,3471.73,1750081499999,2276188.57960,6228,2018.78,1323566.67330,0
1750081500000,655.800,656.770,655.080,656.680,5340.66,1750082399999,3502774.65530,6960,3178.70,2084595.42980,0
1750082400000,656.670,657.720,656.140,656.990,9825.12,1750083299999,6456084.95140,11102,4800.56,3154406.89250,0
1750083300000,656.990,658.330,656.320,658.290,4992.95,1750084199999,3284457.00250,7530,2767.55,1820653.96640,0
1750084200000,658.290,659.620,658.140,658.230,9395.68,1750085099999,6190486.25320,9790,5090.02,3353844.47210,0
1750085100000,658.230,658.400,657.350,657.490,4869.88,1750085999999,3203425.91420,6523,2560.87,1684576.61930,0
1750086000000,657.500,658.160,657.470,657.930,3306.74,1750086899999,2175162.57230,6568,1794.71,1180541.95910,0
1750086900000,657.940,658.140,657.270,657.380,2041.64,1750087799999,1342929.83080,4816,936.64,616094.73970,0
1750087800000,657.380,658.020,657.200,658.010,2535.86,1750088699999,1667569.56920,4922,953.33,626881.50880,0
1750088700000,658.020,658.800,657.100,657.580,4604.75,1750089599999,3030494.71760,5618,2686.07,1768148.48680,0
1750089600000,657.570,658.960,657.560,658.910,3383.20,1750090499999,2227291.82780,5926,1670.38,1099655.38570,0
1750090500000,658.910,658.960,657.860,657.870,3125.98,1750091399999,2058144.76940,4204,1386.69,913061.40900,0
1750091400000,657.870,658.400,657.720,657.730,2398.76,1750092299999,1578514.80910,3935,1094.56,720351.97860,0
1750092300000,657.720,658.110,657.120,657.870,2574.24,1750093199999,1692766.42950,3816,1108.09,728675.40850,0
1750093200000,657.870,657.940,657.270,657.510,1642.33,1750094099999,1080007.96140,4146,710.07,466964.65050,0
1750094100000,657.520,657.540,656.600,656.870,3296.81,1750094999999,2166121.49420,4404,1345.50,884014.49530,0
1750095000000,656.870,657.480,656.440,656.460,2748.74,1750095899999,1805759.22200,4826,963.82,633199.47220,0
1750095900000,656.460,656.700,655.730,655.960,3651.77,1750096799999,2396456.43520,4575,1515.75,994801.67730,0
1750096800000,655.960,656.780,655.860,656.720,2228.49,1750097699999,1462779.62410,3537,1415.61,929184.15020,0
1750097700000,656.730,657.560,656.260,657.180,2270.46,1750098599999,1491668.64850,3823,1195.09,785186.23430,0
1750098600000,657.180,657.210,656.550,656.900,1220.59,1750099499999,801868.68170,2694,599.91,394107.62200,0
1750099500000,656.910,657.750,656.800,657.720,1517.44,1750100399999,997462.35580,3089,1005.94,661235.35400,0
1750100400000,657.730,658.680,657.490,658.430,3597.38,1750101299999,2366986.40100,5790,1957.82,1288226.50010,0
1750101300000,658.440,659.160,658.160,658.900,3602.67,1750102199999,2373142.47210,5417,2256.49,1486360.88460,0
1750102200000,658.900,659.130,658.380,658.950,2150.48,1750103099999,1416834.55630,4437,942.21,620782.53880,0
1750103100000,658.960,659.250,658.620,659.240,3567.79,1750103999999,2350570.52630,4231,994.72,655382.62150,0
1750104000000,659.240,659.250,657.360,658.060,3988.74,1750104899999,2624587.53740,5759,1972.90,1298042.87960,0
1750104900000,658.060,658.340,657.790,658.180,1745.56,1750105799999,1148737.66570,4063,933.33,614252.40630,0
1750105800000,658.180,658.810,658.000,658.790,1102.01,1750106699999,725564.04890,3579,643.21,423496.65840,0
1750106700000,658.800,659.240,658.400,659.050,2767.99,1750107599999,1823777.19900,4331,1479.15,974571.99810,0
1750107600000,659.060,659.060,657.640,657.780,3565.77,1750108499999,2346596.76420,4628,1790.05,1178016.47630,0
1750108500000,657.770,658.000,657.700,658.000,1001.13,1750109399999,658581.32590,2864,549.70,361611.01780,0
1750109400000,658.000,658.000,656.790,657.320,1872.55,1750110299999,1230733.04360,4594,771.94,507300.06410,0
1750110300000,657.320,658.110,657.310,658.100,1056.45,1750111199999,695099.51370,3295,484.19,318565.66240,0
1750111200000,658.100,659.000,657.850,658.100,3410.45,1750112099999,2245131.58460,6231,2096.23,1379905.23800,0
1750112100000,658.090,658.090,657.750,658.020,856.85,1750112999999,563725.72160,3343,422.67,278073.54350,0
1750113000000,658.010,658.020,652.620,652.680,12489.72,1750113899999,8181537.50810,14954,4870.04,3189557.93340,0
1750113900000,652.640,653.840,651.240,653.340,15576.43,1750114799999,10166817.64420,24018,8767.83,5722925.32870,0
1750114800000,653.340,654.560,652.250,654.150,7488.94,1750115699999,4893625.59200,11266,3318.43,2168300.84730,0
1750115700000,654.150,654.710,653.080,653.930,4897.63,1750116599999,3203057.71940,7879,3061.58,2002428.50170,0
1750116600000,653.930,654.470,652.420,652.770,4603.29,1750117499999,3007765.18480,9340,2012.30,1314674.76240,0
1750117500000,652.760,652.950,650.060,650.740,7582.57,1750118399999,4937041.30030,11556,3825.29,2490679.98610,0
1750118400000,650.740,650.800,647.820,648.210,18780.07,1750119299999,12193032.37810,30430,8180.64,5310697.36770,0
1750119300000,648.210,652.600,647.020,652.360,11478.60,1750120199999,7465416.86130,17547,5869.42,3817881.11670,0
1750120200000,652.360,652.570,650.710,650.900,5804.99,1750121099999,3784033.80920,11480,2779.81,1812085.35170,0
1750121100000,650.910,654.070,650.910,653.950,6463.85,1750121999999,4220510.64970,15065,3739.23,2441959.76250,0
1750122000000,653.960,654.320,653.100,653.890,4146.72,1750122899999,2711687.06650,7198,1782.41,1165584.60250,0
1750122900000,653.890,654.580,653.590,654.190,2552.59,1750123799999,1669874.18580,5550,1149.36,751881.79400,0
1750123800000,654.190,655.230,653.760,654.520,3487.12,1750124699999,2282454.25910,6578,1782.82,1166983.75860,0
1750124700000,654.520,655.580,654.190,654.980,2847.85,1750125599999,1865425.25610,5971,1361.80,892026.20480,0
1750125600000,654.980,655.110,654.100,654.570,4318.87,1750126499999,2827157.66810,6380,1111.33,727478.46340,0
1750126500000,654.570,654.900,653.080,653.300,3399.52,1750127399999,2222599.93370,6539,1304.86,853072.48300,0
1750127400000,653.290,653.720,652.650,653.510,2733.33,1750128299999,1785733.33440,5441,1373.75,897559.52090,0
1750128300000,653.510,655.750,652.500,655.520,4053.77,1750129199999,2653049.57650,7382,2483.03,1625070.67710,0
1750129200000,655.530,655.980,655.160,655.550,4434.21,1750130099999,2906857.69980,7564,2067.71,1355477.87420,0
1750130100000,655.510,655.780,655.100,655.380,2812.74,1750130999999,1843586.23150,5129,1743.61,1142816.91120,0
1750131000000,655.380,656.110,655.370,655.950,2005.69,1750131899999,1315430.55890,4781,1078.19,707145.51550,0
1750131900000,655.950,656.740,655.870,656.580,3065.81,1750132799999,2012645.82020,11075,1714.52,1125548.33940,0
1750132800000,656.580,656.610,655.760,655.970,2902.65,1750133699999,1905021.59610,5474,973.36,638782.20460,0
1750133700000,655.980,655.980,655.150,655.830,2831.81,1750134599999,1856471.52370,5586,1314.63,861841.23750,0
1750134600000,655.830,655.900,655.340,655.730,1846.72,1750135499999,1210668.30610,4071,710.28,465633.34640,0
1750135500000,655.740,656.450,655.730,656.030,2316.05,1750136399999,1519515.34110,4351,1139.74,747772.62460,0
1750136400000,656.030,656.400,655.740,655.930,2620.40,1750137299999,1719096.31730,5448,1334.34,875390.04260,0
1750137300000,655.930,656.230,655.200,656.160,3414.40,1750138199999,2239377.31020,5230,1844.27,1209677.10470,0
1750138200000,656.160,656.470,655.920,656.180,3118.55,1750139099999,2046543.79850,5414,1944.13,1275833.79160,0
1750139100000,656.180,656.340,655.520,656.340,2715.24,1750139999999,1780958.62120,4422,1328.50,871360.06860,0
1750140000000,656.340,657.870,655.800,657.690,4761.12,1750140899999,3127411.62330,6914,2819.69,1852317.29250,0
1750140900000,657.680,659.230,657.480,659.220,12139.22,1750141799999,7992937.97020,11184,6998.17,4607676.27260,0
1750141800000,659.230,659.250,657.250,657.740,6050.29,1750142699999,3981305.44370,7385,2855.88,1878941.95480,0
1750142700000,657.740,658.320,657.250,658.320,7169.80,1750143599999,4716133.90750,6719,3524.22,2318207.96150,0
1750143600000,658.320,658.730,657.580,657.910,6804.14,1750144499999,4478203.64910,6701,2943.06,1936925.08660,0
1750144500000,657.910,657.980,655.930,655.960,4863.14,1750145399999,3194017.75800,6065,1805.45,1185715.17110,0
1750145400000,655.950,657.420,655.950,656.980,4375.34,1750146299999,2874053.35920,4908,2671.69,1754881.38520,0
1750146300000,656.980,658.280,656.600,657.880,4157.46,1750147199999,2733550.21120,4745,2248.54,1478410.73510,0
1750147200000,657.880,658.750,657.450,657.790,7082.84,1750148099999,4662057.88290,7687,3448.71,2270049.16530,0
1750148100000,657.790,658.560,657.280,658.270,6359.05,1750148999999,4183275.71380,6466,3359.73,2210285.17910,0
1750149000000,658.260,658.670,657.000,657.640,8636.52,1750149899999,5680969.08870,9197,2852.14,1876222.34930,0
1750149900000,657.640,658.510,656.140,656.580,12250.39,1750150799999,8054659.21070,9334,5038.68,3312675.17890,0
1750150800000,656.570,657.040,656.400,656.930,5915.11,1750151699999,3884395.62750,8611,2749.26,1805432.90510,0
1750151700000,656.930,657.980,656.660,657.560,7829.83,1750152599999,5147682.40950,8299,3420.87,2248957.69670,0
1750152600000,657.550,657.700,656.700,657.480,8266.75,1750153499999,5434135.48210,8921,3502.02,2302186.22850,0
1750153500000,657.480,657.780,656.620,656.620,13842.79,1750154399999,9099878.88670,12216,5415.98,3560480.41300,0
1750154400000,656.620,656.840,654.190,654.480,21503.86,1750155299999,14097325.85130,17220,12840.82,8417727.62330,0
1750155300000,654.480,655.900,653.440,654.560,16164.35,1750156199999,10579854.61880,13360,8954.11,5859476.31330,0
1750156200000,654.560,654.960,653.540,653.980,12226.70,1750157099999,7998585.63270,11001,6933.93,4536204.34150,0
1750157100000,653.990,655.140,653.700,655.050,5157.82,1750157999999,3375754.38050,7203,2990.21,1957108.70230,0
1750158000000,655.050,655.050,654.200,654.420,4428.88,1750158899999,2899633.60190,6653,2559.59,1675794.64050,0
1750158900000,654.420,654.570,652.780,653.530,10058.70,1750159799999,6572986.75180,7618,2716.10,1774831.74840,0
1750159800000,653.530,653.530,652.620,652.900,3871.14,1750160699999,2528359.03510,8719,1779.23,1161970.39780,0
1750160700000,652.890,653.970,652.560,653.680,4932.22,1750161599999,3221774.08060,5551,3413.22,2229619.50430,0
1750161600000,653.690,654.340,653.040,653.820,4801.94,1750162499999,3139352.06250,6839,2601.57,1700811.66230,0
1750162500000,653.810,653.840,653.370,653.760,2218.67,1750163399999,1450204.87910,4784,1025.41,670245.05790,0
1750163400000,653.760,654.140,653.230,653.950,3297.80,1750164299999,2155696.05350,5431,1946.14,1272146.45090,0
1750164300000,653.940,654.020,653.170,653.650,1854.11,1750165199999,1211839.16710,4419,716.68,468408.15280,0
1750165200000,653.660,654.580,653.490,654.240,2143.35,1750166099999,1401910.05690,4818,1162.37,760237.16150,0
1750166100000,654.240,656.320,653.970,655.890,7713.34,1750166999999,5054159.89240,6875,5195.86,3405089.83960,0
1750167000000,655.890,656.110,653.570,653.630,5157.08,1750167899999,3378166.70230,7064,1641.19,1075190.83810,0
1750167900000,653.640,654.230,652.290,652.290,4224.26,1750168799999,2758840.80710,6508,1515.52,989805.71460,0
1750168800000,652.300,654.000,651.840,653.560,5366.64,1750169699999,3502781.55790,8045,2709.06,1768666.59970,0
1750169700000,653.560,653.570,652.000,652.530,2819.67,1750170599999,1839962.17160,5121,1260.40,822426.12950,0
1750170600000,652.530,652.620,651.170,651.630,5462.64,1750171499999,3560989.38280,6691,1748.92,1140146.92750,0
1750171500000,651.630,652.830,650.430,650.790,5757.64,1750172399999,3752772.33300,7298,2982.92,1944666.15710,0
1750172400000,650.790,650.820,647.560,648.680,15204.20,1750173299999,9871022.38970,20624,6311.89,4097651.32820,0
1750173300000,648.680,648.680,646.100,646.360,10318.31,1750174199999,6680557.81940,12706,4916.59,3183603.83930,0
1750174200000,646.370,647.550,645.100,646.900,12782.55,1750175099999,8259723.17870,21259,7244.56,4681721.40840,0
1750175100000,646.890,646.890,645.000,646.360,6817.69,1750175999999,4403604.59030,9272,3401.58,2197813.28960,0
1750176000000,646.350,646.630,645.070,645.700,6085.08,1750176899999,3929647.79430,11397,3165.50,2044217.05430,0
1750176900000,645.710,645.950,644.650,645.310,5026.24,1750177799999,3242660.76470,9884,2636.32,1700859.94020,0
1750177800000,645.310,645.600,643.370,643.420,7991.10,1750178699999,5149860.20620,12761,3739.66,2410363.60910,0
1750178700000,643.420,643.420,640.690,640.720,12751.71,1750179599999,8186191.01370,21864,5245.16,3366894.26250,0
1750179600000,640.720,642.110,640.000,640.560,11060.91,1750180499999,7088206.19470,15621,5870.41,3762417.19570,0
1750180500000,640.560,643.490,640.350,643.380,6700.65,1750181399999,4301130.01550,10670,4243.67,2724133.50200,0
1750181400000,643.350,644.580,642.840,642.990,6070.81,1750182299999,3908214.69040,8889,2965.57,1909401.67970,0
1750182300000,642.980,643.110,642.100,642.200,3595.63,1750183199999,2310285.29660,7616,1509.28,969774.29050,0
1750183200000,642.200,643.730,642.000,643.160,4276.19,1750184099999,2748441.30320,8278,2495.64,1603973.43070,0
1750184100000,643.160,643.840,642.430,642.910,3508.56,1750184999999,2256628.66260,6891,1385.53,891298.81970,0
1750185000000,642.910,644.310,642.900,644.120,2282.44,1750185899999,1469577.96560,5598,1364.98,878765.58440,0
1750185900000,644.120,645.930,644.020,645.880,5811.56,1750186799999,3748728.58850,6848,3427.25,2210882.61040,0
1750186800000,645.870,647.500,645.720,647.430,8919.95,1750187699999,5766888.66750,9707,5719.46,3698069.13530,0
1750187700000,647.430,649.270,647.310,649.080,9047.15,1750188599999,5865573.15620,8961,4689.46,3040295.47470,0
1750188600000,649.070,649.650,648.400,649.020,4833.01,1750189499999,3136917.61580,10592,1892.17,1228301.95040,0
1750189500000,649.020,649.800,648.110,648.320,3777.77,1750190399999,2452482.29120,6451,1496.83,971910.53040,0
1750190400000,648.310,648.970,647.730,647.990,4142.40,1750191299999,2685783.67230,7753,1888.71,1224636.61830,0
1750191300000,647.990,648.560,646.680,648.360,4341.47,1750192199999,2811225.10200,7448,2075.54,1343923.15200,0
1750192200000,648.360,648.720,647.400,648.050,1974.01,1750193099999,1279187.15230,4958,669.52,433823.09990,0
1750193100000,648.060,648.130,646.490,646.770,2559.26,1750193999999,1655727.82760,5568,1119.01,723911.62740,0
1750194000000,646.770,646.980,645.520,646.770,4974.89,1750194899999,3215053.55730,9553,2719.96,1757763.16240,0
1750194900000,646.770,647.730,646.310,647.660,3269.55,1750195799999,2115197.71120,6058,1599.06,1034486.04410,0
1750195800000,647.670,648.700,647.670,648.150,2521.37,1750196699999,1634569.17090,5464,1310.85,849768.57390,0
1750196700000,648.160,648.160,647.090,647.380,1175.79,1750197599999,761367.12350,3499,433.84,280896.09900,0
1750197600000,647.390,647.980,646.320,647.800,2341.35,1750198499999,1515007.85340,5821,1211.29,783808.01350,0
1750198500000,647.800,647.820,647.000,647.370,2643.38,1750199399999,1711370.55490,4564,1409.67,912626.72680,0
1750199400000,647.370,647.620,646.210,646.780,2175.94,1750200299999,1407714.43580,5026,996.70,644749.75330,0
1750200300000,646.790,647.410,645.420,645.640,2516.36,1750201199999,1626971.96350,5005,919.60,594600.85850,0
1750201200000,645.630,646.870,645.540,646.540,2094.86,1750202099999,1353589.19200,4888,1005.42,649592.42490,0
1750202100000,646.550,648.200,646.550,648.200,6759.00,1750202999999,4376451.08250,5814,4984.15,3226889.10580,0
1750203000000,648.200,648.810,648.190,648.650,2194.37,1750203899999,1423060.83290,4489,1047.73,679420.90050,0
1750203900000,648.660,648.810,647.940,648.040,1922.17,1750204799999,1246408.19730,2824,866.55,561875.04470,0
1750204800000,648.040,649.290,648.040,648.950,4364.13,1750205699999,2830760.56590,10524,2727.19,1768902.72440,0
1750205700000,648.950,649.490,648.370,648.470,2846.97,1750206599999,1847913.62480,4228,1341.76,871003.39200,0
1750206600000,648.470,650.320,647.860,650.130,4674.50,1750207499999,3035526.78260,5783,3032.04,1969129.50700,0
1750207500000,650.130,651.000,649.070,650.890,5200.68,1750208399999,3380523.83240,6925,2896.49,1883031.07550,0
1750208400000,650.900,652.130,650.760,651.900,4908.62,1750209299999,3198259.59740,7315,3042.64,1982343.42230,0
1750209300000,651.900,654.190,651.890,652.540,11860.94,1750210199999,7747459.47220,15790,7624.28,4979629.91660,0
1750210200000,652.540,652.850,651.960,652.010,4612.90,1750211099999,3009775.92860,8042,2196.73,1433378.91770,0
1750211100000,652.020,652.030,650.590,650.740,3488.90,1750211999999,2272262.46070,5473,953.69,621116.02580,0
1750212000000,650.740,652.240,650.430,651.810,4458.54,1750212899999,2904922.69190,6711,2874.93,1873113.19840,0
1750212900000,651.800,652.580,649.970,652.480,5722.02,1750213799999,3724708.16930,7013,2134.09,1389359.19130,0
1750213800000,652.480,652.810,652.140,652.240,2775.23,1750214699999,1810678.69950,5048,1165.68,760513.12320,0
1750214700000,652.240,653.530,652.240,652.300,3927.21,1750215599999,2564715.10230,6062,2002.36,1307573.65470,0
1750215600000,652.300,653.190,652.280,652.880,2541.60,1750216499999,1659203.84950,5907,1156.93,755236.11910,0
1750216500000,652.880,653.020,652.140,652.680,2227.07,1750217399999,1453385.81650,4711,1186.65,774379.55400,0
1750217400000,652.680,653.460,652.680,652.890,3401.87,1750218299999,2221623.26750,5525,1746.16,1140306.69100,0
1750218300000,652.880,652.890,651.900,652.140,2434.45,1750219199999,1588108.79950,4556,854.25,557262.79950,0
1750219200000,652.140,653.900,651.720,652.660,6589.23,1750220099999,4302174.96060,8294,4499.96,2938524.57800,0
1750220100000,652.660,652.760,651.510,652.180,3862.18,1750220999999,2518895.09400,5362,1614.57,1053042.16160,0
1750221000000,652.180,652.890,652.030,652.680,1530.41,1750221899999,998677.90450,3801,848.07,553393.00350,0
1750221900000,652.680,653.240,652.600,652.840,2090.35,1750222799999,1364843.82120,3753,1154.12,753543.95560,0
1750222800000,652.840,653.320,652.670,652.930,2336.15,1750223699999,1525281.64770,5323,1190.34,777154.25600,0
1750223700000,652.930,653.520,652.740,653.350,2613.21,1750224599999,1706982.51630,4354,1312.12,857125.98740,0
1750224600000,653.350,653.660,652.770,652.980,1994.15,1750225499999,1302619.65620,4221,1031.15,673539.87380,0
1750225500000,652.980,653.130,652.770,652.960,1228.57,1750226399999,802216.97150,2649,470.92,307486.19780,0
1750226400000,652.960,653.450,652.740,653.240,2423.61,1750227299999,1582914.01650,4337,1020.11,666257.69110,0
1750227300000,653.240,653.540,652.950,653.450,2935.13,1750228199999,1917497.48220,3589,1366.48,892652.77440,0
1750228200000,653.450,653.450,651.900,652.070,5805.37,1750229099999,3789076.27630,5313,1849.37,1206655.07630,0
1750229100000,652.080,652.220,651.030,651.170,4420.17,1750229999999,2879516.60160,5018,2126.47,1385240.55520,0
1750230000000,651.170,651.560,650.700,650.740,4473.84,1750230899999,2913041.46470,5881,1802.94,1173881.99830,0
1750230900000,650.730,651.100,650.670,651.010,2363.49,1750231799999,1538309.04090,3910,1018.03,662593.78240,0
1750231800000,651.000,651.600,650.500,651.170,2731.55,1750232699999,1778309.60180,4904,1231.90,802068.89740,0
1750232700000,651.160,651.450,650.960,651.450,1496.91,1750233599999,974837.78110,3408,712.64,464094.36060,0
1750233600000,651.440,652.460,651.440,651.990,4281.95,1750234499999,2792772.76620,5165,2283.87,1489472.65200,0
1750234500000,651.980,652.070,651.020,651.020,2612.34,1750235399999,1702062.49660,4121,892.63,581655.58730,0
1750235400000,651.020,651.100,649.620,650.000,5829.36,1750236299999,3790643.33030,6943,1952.13,1269401.17580,0
1750236300000,649.990,650.740,649.800,649.840,2828.08,1750237199999,1838760.40700,5075,1335.03,868049.74340,0
1750237200000,649.840,650.810,649.840,650.110,4966.11,1750238099999,3229831.82850,5500,2567.26,1669603.70930,0
1750238100000,650.120,650.610,649.800,649.860,2178.44,1750238999999,1416498.31920,4014,891.25,579559.83420,0
1750239000000,649.860,649.940,648.710,648.930,5906.11,1750239899999,3833917.82000,13354,2337.30,1516985.77690,0
1750239900000,648.930,648.940,647.520,647.550,11689.07,1750240799999,7575838.57350,11013,4058.77,2630768.85580,0
1750240800000,647.560,647.820,646.640,647.280,12915.32,1750241699999,8357332.52370,10911,7451.53,4821499.99750,0
1750241700000,647.280,648.000,645.740,645.810,9605.49,1750242599999,6212503.88710,9286,4821.07,3118247.33750,0
1750242600000,645.810,646.000,642.580,643.120,23932.61,1750243499999,15408030.75120,22102,12888.42,8295178.65320,0
1750243500000,643.130,643.620,641.220,642.190,12092.38,1750244399999,7767132.79190,12407,5912.72,3797469.49490,0
1750244400000,642.190,643.810,641.350,643.780,10108.70,1750245299999,6495239.85510,11792,5831.02,3746988.07000,0
1750245300000,643.790,643.920,642.750,643.680,3777.66,1750246199999,2430841.11460,7431,2173.33,1398494.12830,0
1750246200000,643.680,645.340,643.120,644.930,6064.00,1750247099999,3906262.55410,8297,3856.80,2485055.34790,0
1750247100000,644.920,645.480,644.220,644.780,4121.02,1750247999999,2657709.64160,6427,2164.09,1395649.20190,0
1750248000000,644.780,644.820,644.000,644.380,3638.81,1750248899999,2344746.85960,6541,1925.31,1240588.31070,0
1750248900000,644.370,644.400,643.000,643.210,3162.28,1750249799999,2035454.21040,6442,1189.32,765448.90100,0
1750249800000,643.200,643.220,641.900,642.160,3979.03,1750250699999,2556719.77540,7202,1843.63,1184566.96350,0
1750250700000,642.170,642.590,641.710,641.920,2920.31,1750251599999,1875053.51590,6274,1429.46,917787.19130,0
1750251600000,641.920,642.070,639.500,639.710,19524.17,1750252499999,12500761.21460,19925,8114.26,5194506.54780,0
1750252500000,639.720,639.920,636.690,637.130,20269.17,1750253399999,12931247.99930,20281,9629.38,6143518.02020,0
1750253400000,637.120,640.550,636.840,640.190,13656.67,1750254299999,8726203.50990,17218,8218.58,5251461.90090,0
1750254300000,640.180,641.350,638.780,640.130,8162.01,1750255199999,5225612.55230,10986,4125.16,2640974.32120,0
1750255200000,640.140,643.790,639.310,643.470,13206.13,1750256099999,8479487.87280,15699,6905.44,4433437.76960,0
1750256100000,643.460,644.080,642.550,643.680,6628.47,1750256999999,4264894.70130,10869,3164.41,2036279.74210,0
1750257000000,643.680,643.860,642.350,643.560,6601.76,1750257899999,4245418.88760,9738,2877.26,1850189.59780,0
1750257900000,643.560,643.570,641.130,642.110,5759.41,1750258799999,3697509.22670,9218,2460.70,1579741.66530,0
1750258800000,642.100,643.060,640.350,640.520,6256.84,1750259699999,4016619.75250,9178,2792.00,1792244.53990,0
1750259700000,640.510,641.650,638.510,641.310,7536.98,1750260599999,4823783.06410,15236,3623.27,2319222.25120,0
1750260600000,641.310,641.460,639.400,641.010,6596.75,1750261499999,4224469.68460,8708,3793.20,2429089.99590,0
1750261500000,641.040,642.850,640.810,641.640,5181.03,1750262399999,3325746.66090,8535,2912.21,1869382.04030,0
1750262400000,641.630,642.000,639.320,639.890,7513.91,1750263299999,4814273.76150,11598,4203.13,2692789.05060,0
1750263300000,639.900,640.480,639.050,640.130,3889.05,1750264199999,2488274.45880,7528,2414.46,1544765.26730,0
1750264200000,640.130,640.980,639.660,640.670,2807.30,1750265099999,1797654.80020,6684,1661.46,1063927.84490,0
1750265100000,640.680,640.710,639.270,640.390,2362.44,1750265999999,1512072.49700,6045,1053.75,674481.45350,0
1750266000000,640.390,640.500,637.990,639.300,6656.73,1750266899999,4256013.58130,10021,3509.31,2243986.20440,0
1750266900000,639.310,640.530,639.090,639.280,2817.85,1750267799999,1802731.15480,7099,1255.82,803404.31290,0
1750267800000,639.270,640.880,637.020,640.590,7636.41,1750268699999,4875350.68330,11206,3464.09,2212079.17960,0
1750268700000,640.590,641.300,640.150,640.980,2645.47,1750269599999,1695061.30690,6200,1447.94,927783.47500,0
1750269600000,640.970,642.620,639.100,640.400,9488.41,1750270499999,6078940.17390,16157,4794.00,3071694.03180,0
1750270500000,640.410,641.390,639.140,640.910,4365.21,1750271399999,2795918.54030,9137,1533.95,982354.81050,0
1750271400000,640.910,642.540,640.600,641.680,3582.14,1750272299999,2298925.23790,9382,1905.53,1223125.37360,0
1750272300000,641.680,641.970,638.140,638.160,3700.37,1750273199999,2366591.62420,8253,1628.19,1040984.33380,0
1750273200000,638.160,640.670,637.660,640.240,7120.31,1750274099999,4549103.60850,12258,3574.80,2284072.06600,0
1750274100000,640.230,640.890,638.370,638.480,4998.24,1750274999999,3196922.60570,9648,2208.85,1412875.23920,0
1750275000000,638.480,640.340,638.280,640.090,2517.80,1750275899999,1609779.26460,5795,1372.16,877040.40790,0
1750275900000,640.090,640.340,638.960,639.060,1814.12,1750276799999,1160785.97300,5674,962.82,616152.67250,0
1750276800000,639.060,640.060,638.170,639.190,3074.53,1750277699999,1964340.00530,6557,1481.23,946352.61260,0
1750277700000,639.190,640.540,639.140,640.540,2076.86,1750278599999,1329388.96160,4451,1179.99,755346.53980,0
1750278600000,640.540,642.710,640.380,642.650,8684.42,1750279499999,5574682.21680,7488,5015.26,3219361.68970,0
1750279500000,642.650,644.410,642.560,644.180,6185.68,1750280399999,3982659.36360,8218,3637.54,2342063.01620,0
1750280400000,644.190,644.350,642.350,642.570,5493.57,1750281299999,3533613.16420,9194,2406.08,1547698.86490,0
1750281300000,642.570,644.220,642.570,643.960,2564.87,1750282199999,1650585.74390,5805,1465.65,943149.45170,0
1750282200000,643.950,644.660,643.550,644.540,2379.02,1750283099999,1532518.96760,5260,1488.28,958779.04260,0
1750283100000,644.530,645.180,643.720,644.540,2921.61,1750283999999,1883191.56000,4922,1352.72,872150.88510,0
1750284000000,644.530,645.040,643.450,643.580,2748.27,1750284899999,1770797.89890,6508,1081.22,696627.65880,0
1750284900000,643.590,644.790,643.330,644.550,1847.58,1750285799999,1189776.46590,4544,1224.60,788550.95670,0
1750285800000,644.550,644.680,643.840,644.220,1481.20,1750286699999,954161.42000,3907,579.15,373093.15920,0
1750286700000,644.230,644.870,644.220,644.570,1517.21,1750287599999,977963.08710,3547,596.65,384587.36840,0
1750287600000,644.560,645.110,644.400,644.860,1756.09,1750288499999,1132322.95720,4137,818.25,527599.93270,0
1750288500000,644.860,645.140,644.460,644.540,1748.99,1750289399999,1127700.04780,3693,813.15,524291.21640,0
1750289400000,644.550,644.550,642.770,643.090,3182.97,1750290299999,2048963.71890,5017,1205.93,776047.93190,0
1750290300000,643.090,644.370,642.910,644.330,2369.22,1750291199999,1524827.76820,3792,1093.76,704029.56800,0
1750291200000,644.330,644.560,643.390,643.520,3341.08,1750292099999,2152140.16630,5476,1912.09,1231638.82810,0
1750292100000,643.520,645.030,643.100,644.980,2546.28,1750292999999,1640223.16520,5271,1661.61,1070466.37480,0
1750293000000,644.990,645.520,644.700,645.230,4602.25,1750293899999,2969147.26920,6744,2367.27,1527204.69880,0
1750293900000,645.230,645.630,644.410,644.600,3568.44,1750294799999,2302014.81960,5138,1615.08,1041944.13550,0
1750294800000,644.610,644.670,642.020,642.150,5663.46,1750295699999,3641457.62730,8569,2521.68,1621228.53150,0
1750295700000,642.160,643.000,642.070,642.920,3799.51,1750296599999,2440943.07850,5295,2242.67,1440788.68470,0
1750296600000,642.910,642.910,641.830,641.830,2170.79,1750297499999,1394098.86310,5683,895.26,574900.95400,0
1750297500000,641.840,642.090,641.000,641.610,2896.69,1750298399999,1858052.36920,5682,1404.77,900992.08570,0
1750298400000,641.620,642.780,641.130,641.680,2768.39,1750299299999,1777184.85810,5292,1249.67,802374.47050,0
1750299300000,641.690,642.020,641.110,641.850,1623.56,1750300199999,1041556.61280,4947,936.53,600758.99250,0
1750300200000,641.850,643.500,641.660,643.360,2000.44,1750301099999,1285665.00970,4668,1140.97,733349.29280,0
1750301100000,643.360,643.360,642.330,642.470,1359.18,1750301999999,873849.90070,4337,592.11,380671.38360,0
1750302000000,642.460,643.800,642.460,643.780,1574.66,1750302899999,1013245.73880,4274,829.59,533762.11810,0
1750302900000,643.790,644.930,643.780,644.810,2884.28,1750303799999,1858557.45460,5648,2045.75,1318194.26630,0
1750303800000,644.810,644.930,644.260,644.600,1670.24,1750304699999,1076545.98230,4804,850.69,548318.78600,0
1750304700000,644.600,645.210,644.230,645.160,1944.75,1750305599999,1253680.59260,4683,1181.28,761538.62910,0
1750305600000,645.160,645.790,644.740,645.740,3946.29,1750306499999,2546445.68910,6581,2137.24,1379213.87470,0
1750306500000,645.740,645.800,644.510,644.580,3117.47,1750307399999,2011300.69700,5343,1246.31,803989.96850,0
1750307400000,644.580,645.350,644.320,645.340,1749.49,1750308299999,1127908.40310,4206,947.51,610890.70640,0
1750308300000,645.350,645.630,645.230,645.630,1904.49,1750309199999,1229269.00960,4157,1282.19,827598.82880,0
1750309200000,645.630,646.430,645.320,645.630,3740.00,1750310099999,2415934.94270,6458,2105.13,1359929.37110,0
1750310100000,645.620,646.070,645.390,645.820,2279.86,1750310999999,1472230.42220,4767,1124.50,726144.42770,0
1750311000000,645.820,646.240,645.230,645.620,2657.71,1750311899999,1715974.88790,4865,947.88,612059.32150,0
1750311900000,645.620,646.340,645.240,645.440,1999.05,1750312799999,1290837.53430,4547,1062.46,686049.28970,0
1750312800000,645.440,646.390,644.620,644.850,4491.97,1750313699999,2900509.47510,7842,2159.99,1394853.69480,0
1750313700000,644.860,645.090,643.700,643.880,3095.81,1750314599999,1994306.75380,5551,1171.75,754852.66300,0
1750314600000,643.890,644.340,643.790,644.120,2570.57,1750315499999,1655530.67830,4132,1390.27,895320.28430,0
1750315500000,644.120,644.710,643.870,644.570,2370.29,1750316399999,1527087.01980,4255,1445.55,931333.38200,0
1750316400000,644.580,645.560,644.570,645.260,2597.62,1750317299999,1676021.18150,4888,1588.21,1024696.17060,0
1750317300000,645.260,645.480,644.450,644.820,2051.01,1750318199999,1322863.08820,4412,1073.21,692162.22570,0
1750318200000,644.830,645.040,644.410,644.670,1876.34,1750319099999,1209744.34290,3807,899.94,580224.39130,0
1750319100000,644.680,644.900,644.410,644.550,1468.26,1750319999999,946551.12100,2973,682.15,439765.98400,0
1750320000000,644.550,645.580,644.550,645.490,2203.00,1750320899999,1421162.23260,4494,1112.86,717881.91560,0
1750320900000,645.500,645.640,645.390,645.620,1671.92,1750321799999,1079273.35640,3589,814.00,525465.10300,0
1750321800000,645.620,645.650,644.900,645.120,2839.68,1750322699999,1832475.63270,4370,1142.35,737178.20580,0
1750322700000,645.110,645.460,644.300,644.300,1752.27,1750323599999,1130009.32050,3802,627.51,404671.82790,0
1750323600000,644.300,644.830,643.790,643.820,3479.23,1750324499999,2241837.15400,4914,976.49,629110.40100,0
1750324500000,643.820,645.210,643.820,645.210,1769.82,1750325399999,1140685.22740,4252,974.35,628005.26910,0
1750325400000,645.210,645.320,644.840,644.930,1929.99,1750326299999,1245061.20890,3640,1166.01,752195.72680,0
1750326300000,644.920,645.900,644.550,644.670,2938.91,1750327199999,1896378.60300,4436,1349.01,870501.61840,0
1750327200000,644.670,644.990,644.300,644.790,2282.70,1750328099999,1471536.51290,3842,1009.05,650444.80890,0
1750328100000,644.780,645.400,644.710,645.190,2138.83,1750328999999,1379677.56470,4665,1136.07,732817.50520,0
1750329000000,645.180,645.330,644.520,644.590,1560.32,1750329899999,1006311.23450,3400,799.59,515672.34080,0
1750329900000,644.590,644.590,643.960,644.190,1601.76,1750330799999,1031860.89580,2975,838.34,540056.90120,0
1750330800000,644.190,644.200,643.000,643.180,2935.59,1750331699999,1889162.70660,4965,1249.55,804094.93980,0
1750331700000,643.170,643.250,642.670,642.720,1631.30,1750332599999,1048890.73730,3439,634.79,408160.28870,0
1750332600000,642.720,642.790,642.320,642.540,1880.97,1750333499999,1208577.75040,3943,935.88,601328.06100,0
1750333500000,642.540,642.810,642.270,642.370,1917.29,1750334399999,1231846.85490,3563,877.11,563552.25680,0
1750334400000,642.380,642.890,641.820,642.680,4027.48,1750335299999,2586503.33390,5489,1745.24,1120787.15160,0
1750335300000,642.680,642.690,641.540,642.280,6776.89,1750336199999,4350083.67890,5598,3639.75,2336225.74730,0
1750336200000,642.280,642.460,641.460,641.470,2085.73,1750337099999,1339007.03450,4327,803.06,515603.69990,0
1750337100000,641.460,642.040,641.310,642.030,2857.19,1750337999999,1833229.93140,4493,1662.26,1066529.43360,0
1750338000000,642.040,642.370,641.400,641.600,3169.88,1750338899999,2034625.04640,5335,1470.51,943837.15570,0
1750338900000,641.600,642.790,641.440,642.750,3818.79,1750339799999,2451506.74100,5221,2426.02,1557525.87040,0
1750339800000,642.750,642.760,642.000,642.200,2350.50,1750340699999,1509839.61530,4353,934.43,600202.40080,0
1750340700000,642.190,642.270,640.500,640.680,8228.09,1750341599999,5275782.20090,6680,3487.47,2235673.71060,0
1750341600000,640.680,641.700,640.010,641.250,9227.67,1750342499999,5912691.63170,12624,4867.43,3119483.80620,0
1750342500000,641.240,641.940,640.830,641.530,2195.13,1750343399999,1407960.38580,4872,1138.74,730351.11460,0
1750343400000,641.540,641.660,640.090,640.110,2581.45,1750344299999,1653472.84400,4456,972.45,622817.83610,0
1750344300000,640.100,640.960,639.680,640.130,7066.53,1750345199999,4523393.49330,6204,2909.33,1862296.87370,0
1750345200000,640.130,641.140,640.120,641.070,2543.58,1750346099999,1629329.74970,5897,1547.11,991038.12020,0
1750346100000,641.060,641.310,640.270,640.500,1839.20,1750346999999,1178553.77870,4177,926.50,593686.30040,0
1750347000000,640.500,640.540,639.950,640.030,2091.30,1750347899999,1338794.57050,3537,910.64,582961.92540,0
1750347900000,640.020,640.310,639.160,639.480,3227.97,1750348799999,2064666.41540,5297,1406.94,899945.86830,0
1750348800000,639.470,640.190,639.160,639.910,4278.22,1750349699999,2736065.86290,5922,1983.32,1268335.63470,0
1750349700000,639.900,640.220,639.200,639.830,2154.57,1750350599999,1378416.77150,4551,1212.76,775867.59590,0
1750350600000,639.830,639.840,638.860,639.320,2611.84,1750351499999,1669376.55900,5054,1071.71,684958.47310,0
1750351500000,639.310,639.590,638.240,638.420,3797.49,1750352399999,2425637.56340,5834,1551.70,991266.99040,0
1750352400000,638.420,639.610,638.270,639.610,4840.34,1750353299999,3092353.58410,6806,3101.99,1981668.35860,0
1750353300000,639.600,640.180,639.340,640.050,4995.05,1750354199999,3195898.45740,5247,1869.38,1195986.22640,0
1750354200000,640.050,642.130,639.890,642.030,5157.90,1750355099999,3308908.18580,8032,3097.25,1986932.41850,0
1750355100000,642.030,642.590,641.640,642.040,3151.39,1750355999999,2023781.90400,5713,1197.54,769082.35010,0
1750356000000,642.030,642.680,641.690,642.410,3673.42,1750356899999,2358935.33860,5933,2136.98,1372278.96800,0
1750356900000,642.400,642.470,641.670,642.020,3361.16,1750357799999,2157710.73390,4826,1861.61,1195006.67790,0
1750357800000,642.020,642.420,641.540,641.760,2727.89,1750358699999,1750759.57370,4316,1535.21,985278.44720,0
1750358700000,641.760,642.200,641.360,642.130,1659.72,1750359599999,1064836.37000,3393,970.75,622795.10460,0
1750359600000,642.120,642.500,641.420,642.100,2639.34,1750360499999,1694123.76480,4453,1433.28,919901.46820,0
1750360500000,642.100,642.390,641.850,642.230,1119.01,1750361399999,718580.70940,3076,457.90,294040.88070,0
1750361400000,642.220,642.360,641.480,641.670,1199.52,1750362299999,770057.13430,3284,599.84,385078.10960,0
1750362300000,641.670,642.510,641.660,642.270,1869.25,1750363199999,1200141.46570,3545,886.66,569276.64810,0
1750363200000,642.260,642.710,641.980,642.510,2420.53,1750364099999,1554876.23810,4818,1425.10,915452.03970,0
1750364100000,642.510,643.000,642.150,642.460,1935.67,1750364999999,1243984.30480,4394,986.38,633948.58100,0
1750365000000,642.470,642.920,641.550,641.730,1623.92,1750365899999,1042915.68810,4393,568.88,365365.34650,0
1750365900000,641.740,642.560,641.600,642.550,1016.77,1750366799999,652882.99970,3543,703.86,451974.03530,0
1750366800000,642.550,642.900,642.400,642.490,1964.86,1750367699999,1262839.67330,3776,1120.17,719931.46110,0
1750367700000,642.500,643.300,642.500,642.910,1851.35,1750368599999,1190329.22970,4234,1036.36,666308.62890,0
1750368600000,642.910,643.130,642.240,643.000,1730.70,1750369499999,1112474.67860,4027,949.57,610323.32130,0
1750369500000,643.010,643.400,642.610,643.020,1289.96,1750370399999,829436.50100,3419,714.49,459403.84370,0
1750370400000,643.030,643.860,643.020,643.530,2846.73,1750371299999,1831930.85970,7243,1573.37,1012474.01000,0
1750371300000,643.530,643.820,643.300,643.570,1076.72,1750372199999,693017.02100,3548,576.80,371239.50730,0
1750372200000,643.580,644.730,643.570,644.520,4611.22,1750373099999,2971585.60130,4860,3463.66,2232150.38260,0
1750373100000,644.520,644.700,644.160,644.200,1874.01,1750373999999,1207740.19970,3449,752.47,484960.06160,0
1750374000000,644.210,644.770,643.650,644.660,3025.82,1750374899999,1948821.65120,4246,1772.33,1141550.49600,0
1750374900000,644.660,644.880,644.060,644.240,2761.32,1750375799999,1779810.50080,4195,1386.36,893595.55850,0
1750375800000,644.250,644.700,644.060,644.570,1418.07,1750376699999,913796.37770,2924,659.32,424847.22530,0
1750376700000,644.580,644.580,644.250,644.510,1816.00,1750377599999,1170282.10010,2657,1158.01,746247.06530,0
1750377600000,644.520,645.090,644.400,644.870,3751.42,1750378499999,2418671.03520,4483,2012.98,1297852.54880,0
1750378500000,644.870,645.020,643.820,643.990,3117.28,1750379399999,2008916.27870,4733,1250.73,806116.37080,0
1750379400000,643.990,644.220,643.650,643.950,2247.66,1750380299999,1447340.89380,4648,720.72,464107.21190,0
1750380300000,643.940,644.740,643.930,644.620,1812.78,1750381199999,1168274.37520,3238,1023.37,659483.74900,0
1750381200000,644.620,644.760,643.490,644.000,2331.91,1750382099999,1501852.69730,4114,893.66,575594.09270,0
1750382100000,644.000,644.060,643.460,643.510,1827.50,1750382999999,1176604.87130,3221,720.88,464147.55540,0
1750383000000,643.500,644.910,643.500,644.840,2205.36,1750383899999,1420827.80940,3734,1418.73,913970.13690,0
1750383900000,644.840,645.310,644.780,645.220,2898.42,1750384799999,1869707.62350,4283,1315.40,848542.72280,0
1750384800000,645.210,645.520,644.770,644.800,3872.12,1750385699999,2498796.25100,4213,1799.23,1161131.28460,0
1750385700000,644.810,645.100,644.740,644.860,2928.30,1750386599999,1888522.00030,3495,1315.16,848206.06540,0
1750386600000,644.850,644.860,644.090,644.410,1473.12,1750387499999,949381.83640,3587,575.38,370791.94310,0
1750387500000,644.410,644.600,644.130,644.530,1653.26,1750388399999,1065360.88350,2720,619.05,398918.10490,0
1750388400000,644.530,644.540,644.000,644.320,1315.16,1750389299999,847313.05300,3044,672.85,433488.25390,0
1750389300000,644.310,644.840,644.090,644.640,1858.52,1750390199999,1197918.99580,3320,961.74,619874.60260,0
1750390200000,644.630,644.690,644.200,644.540,1358.96,1750391099999,875845.13000,3051,731.78,471609.45540,0
1750391100000,644.540,644.800,644.350,644.670,1250.43,1750391999999,805969.50850,2472,441.86,284813.67430,0
1750392000000,644.680,644.790,641.500,643.340,12185.71,1750392899999,7841257.80380,8499,2331.19,1500693.69010,0
1750392900000,643.340,643.500,641.550,641.940,3910.68,1750393799999,2511722.90190,6722,1542.25,990388.01490,0
1750393800000,641.930,642.090,641.400,641.730,3618.83,1750394699999,2322347.80780,5205,1835.52,1177947.76480,0
1750394700000,641.730,642.130,641.270,641.670,2491.74,1750395599999,1598563.89680,4435,1420.44,911267.59680,0
1750395600000,641.670,642.550,641.670,642.540,1997.95,1750396499999,1283279.33060,3840,1169.53,751126.86620,0
1750396500000,642.540,642.800,642.230,642.680,1710.83,1750397399999,1099272.89420,4370,971.69,624333.48380,0
1750397400000,642.690,643.610,642.690,643.580,2455.29,1750398299999,1579464.54390,3997,1561.76,1004685.03500,0
1750398300000,643.570,644.070,643.570,644.030,2539.98,1750399199999,1635555.33260,3958,1505.99,969760.30100,0
1750399200000,644.040,644.790,643.860,644.400,4731.89,1750400099999,3048779.13750,6230,1902.45,1225759.59100,0
1750400100000,644.410,644.630,644.290,644.390,2595.18,1750400999999,1672581.97880,3965,1118.01,720549.17990,0
1750401000000,644.400,644.920,644.310,644.910,1790.86,1750401899999,1154416.05130,2922,904.37,583001.19060,0
1750401900000,644.920,645.110,644.440,645.020,2498.59,1750402799999,1611132.34950,4586,1355.01,873759.43800,0
1750402800000,645.030,645.300,644.540,645.290,4071.04,1750403699999,2625200.62400,4998,2172.71,1401034.15520,0
1750403700000,645.290,646.410,645.290,646.230,6446.74,1750404599999,4164380.26920,7532,3898.83,2518390.71650,0
1750404600000,646.230,647.180,646.160,646.640,5926.65,1750405499999,3832628.25840,12279,3279.21,2120693.30070,0
1750405500000,646.640,647.460,646.410,647.460,4196.81,1750406399999,2715732.08420,6000,2164.14,1400493.45720,0
1750406400000,647.460,649.320,647.450,648.980,11998.14,1750407299999,7781992.97750,11754,7195.10,4666518.61990,0
1750407300000,648.970,649.330,648.560,648.940,6887.01,1750408199999,4469221.77560,8730,2469.09,1602386.90970,0
1750408200000,648.940,649.000,647.680,647.740,6881.28,1750409099999,4461560.88910,9383,2324.99,1507625.29210,0
1750409100000,647.740,648.680,647.730,648.230,5644.38,1750409999999,3659365.30770,6227,2616.33,1696222.56720,0
1750410000000,648.230,648.850,648.080,648.640,4624.45,1750410899999,2998829.58290,7351,2260.28,1465669.18370,0
1750410900000,648.640,648.680,647.890,647.930,3729.15,1750411799999,2417303.43820,5388,1409.40,913545.50790,0
1750411800000,647.920,648.100,647.460,647.680,4096.26,1750412699999,2653161.38910,6698,1693.54,1096885.77950,0
1750412700000,647.670,647.670,646.630,646.640,8134.61,1750413599999,5264950.33720,8351,3143.51,2034782.53650,0
1750413600000,646.640,647.690,646.120,647.560,13431.55,1750414499999,8687742.97890,9693,9196.32,5948591.33120,0
1750414500000,647.560,647.650,646.830,647.540,4639.49,1750415399999,3003357.68520,5885,2895.43,1874324.25400,0
1750415400000,647.540,648.400,647.400,648.220,2847.81,1750416299999,1845331.18780,5004,2006.20,1299977.47210,0
1750416300000,648.220,648.330,647.240,647.340,3165.55,1750417199999,2050507.37420,4975,1159.26,750900.62050,0
1750417200000,647.340,648.040,647.180,647.190,3201.34,1750418099999,2072953.69540,4610,1783.87,1155140.00970,0
1750418100000,647.190,647.260,646.780,646.850,2598.59,1750418999999,1681300.15450,4226,1247.45,807085.43130,0
1750419000000,646.860,647.180,646.540,647.180,1753.87,1750419899999,1134402.65300,3464,1081.61,699634.47000,0
1750419900000,647.180,647.630,647.080,647.280,1353.91,1750420799999,876385.43310,3598,810.25,524476.15730,0
1750420800000,647.280,647.580,646.890,647.100,2599.38,1750421699999,1682540.48570,4301,1289.96,835022.97880,0
1750421700000,647.090,647.180,646.850,647.060,1240.42,1750422599999,802558.66790,3001,484.84,313698.94460,0
1750422600000,647.060,647.910,647.030,647.550,1799.40,1750423499999,1165176.25660,4220,1075.00,696082.92800,0
1750423500000,647.560,647.780,647.400,647.510,1404.19,1750424399999,909304.14330,2884,713.26,461869.51530,0
1750424400000,647.500,648.210,647.500,647.940,2270.11,1750425299999,1470759.32720,4208,1272.93,824690.16120,0
1750425300000,647.940,648.560,647.860,647.990,2891.36,1750426199999,1874038.94380,3481,1259.40,816426.78600,0
1750426200000,647.990,654.000,647.340,648.270,26565.61,1750427099999,17259073.99100,22022,16880.67,10970795.21110,0
1750427100000,648.270,649.090,646.320,647.450,10813.36,1750427999999,7001644.80860,10095,3120.36,2020784.32640,0
1750428000000,647.450,648.500,646.470,646.780,7431.41,1750428899999,4811159.88340,7766,4283.76,2772950.93930,0
1750428900000,646.780,648.170,646.260,646.720,7111.94,1750429799999,4601440.05950,8274,2876.60,1861378.91560,0
1750429800000,646.720,647.360,645.380,645.610,7072.52,1750430699999,4570964.12780,8165,3539.26,2287856.86600,0
1750430700000,645.600,646.300,642.980,643.220,16562.10,1750431599999,10669141.45560,15853,6944.78,4473623.85630,0
1750431600000,643.230,645.560,643.090,645.560,10483.35,1750432499999,6755079.65300,10879,6901.81,4447537.15240,0
1750432500000,645.560,646.230,645.230,645.770,5243.79,1750433399999,3386205.72540,7257,2665.95,1721535.96610,0
1750433400000,645.760,646.500,644.690,646.360,5201.23,1750434299999,3358163.87530,7346,2861.41,1847722.97190,0
1750434300000,646.350,646.360,644.740,645.500,3638.94,1750435199999,2349594.38490,5737,1273.14,821959.35430,0
1750435200000,645.500,645.710,644.420,644.660,4982.98,1750436099999,3214339.28110,7227,2356.81,1520377.74870,0
1750436100000,644.650,645.230,643.400,644.520,8376.64,1750436999999,5397196.26130,10067,3564.55,2296703.97090,0
1750437000000,644.520,645.090,644.260,644.350,4784.70,1750437899999,3084697.51260,6564,2907.49,1874454.17140,0
1750437900000,644.350,644.890,643.890,644.030,3429.78,1750438799999,2209962.04650,6632,2004.32,1291479.48030,0
1750438800000,644.030,644.700,643.360,644.070,6003.80,1750439699999,3865722.46160,7157,2816.72,1813549.15240,0
1750439700000,644.070,644.200,639.020,639.690,21767.12,1750440599999,13950838.18810,26264,9426.96,6040857.71590,0
1750440600000,639.680,641.020,637.880,640.910,20103.27,1750441499999,12844563.05840,19610,11309.13,7226780.65360,0
1750441500000,640.910,642.480,640.660,642.090,10609.66,1750442399999,6807836.17120,13166,6429.04,4125381.19390,0
1750442400000,642.090,642.090,639.870,641.910,8306.60,1750443299999,5325075.64650,11012,4223.56,2707474.06630,0
1750443300000,641.910,642.750,640.960,641.170,4076.49,1750444199999,2616001.47910,7343,1528.81,981190.10480,0
1750444200000,641.170,642.540,641.100,642.090,2303.72,1750445099999,1478889.38110,5837,1060.54,680754.87640,0
1750445100000,642.090,642.750,641.700,641.920,2088.28,1750445999999,1341337.19290,4517,895.66,575278.82080,0
1750446000000,641.910,641.930,639.370,639.780,4377.76,1750446899999,2804373.97670,7581,1727.57,1106951.41750,0
1750446900000,639.780,640.770,639.750,640.300,1768.98,1750447799999,1132828.83170,4257,1099.07,703791.71620,0
1750447800000,640.310,641.590,640.310,641.480,1740.36,1750448699999,1115865.65020,4604,870.27,557954.83070,0
1750448700000,641.480,643.020,641.480,642.850,5296.92,1750449599999,3403638.39210,5105,3160.53,2030566.44160,0
1750449600000,642.850,645.210,642.760,644.900,9890.80,1750450499999,6370070.54100,8673,5817.09,3745821.90350,0
1750450500000,644.910,645.280,644.270,645.030,3442.91,1750451399999,2220052.31710,5270,1195.08,770605.49490,0
1750451400000,645.040,645.400,644.840,644.840,3582.29,1750452299999,2311387.58350,4951,882.84,569601.74220,0
1750452300000,644.850,644.850,644.000,644.790,3201.71,1750453199999,2063572.96010,4608,1746.02,1125392.02520,0
1750453200000,644.800,644.800,643.800,644.090,3309.12,1750454099999,2131298.50610,4565,1134.94,730953.78380,0
1750454100000,644.090,644.100,643.160,643.280,3404.69,1750454999999,2191491.46540,3414,691.95,445289.01940,0
1750455000000,643.290,643.630,643.200,643.590,1245.11,1750455899999,801089.08270,2926,701.06,451049.05430,0
1750455900000,643.590,643.600,643.000,643.000,1283.40,1750456799999,825706.74470,1990,266.68,171551.08210,0
1750456800000,643.000,643.010,641.700,641.870,3033.86,1750457699999,1948380.97790,6223,1655.49,1063173.50140,0
1750457700000,641.870,642.240,641.280,641.420,2551.85,1750458599999,1637403.15110,4916,1411.25,905535.07570,0
1750458600000,641.420,642.060,640.550,640.920,3008.07,1750459499999,1929061.62620,5302,1769.73,1135012.43280,0
1750459500000,640.920,640.930,640.190,640.690,2252.93,1750460399999,1443193.72630,4729,1011.62,648002.13130,0
1750460400000,640.690,640.850,639.830,639.900,4101.25,1750461299999,2626085.79980,11938,2046.70,1310665.09710,0
1750461300000,639.910,640.810,639.840,640.300,4017.61,1750462199999,2572041.72920,5087,2262.32,1448391.43900,0
1750462200000,640.310,641.280,640.190,641.280,2633.23,1750463099999,1687472.22980,4121,1369.92,877794.74310,0
1750463100000,641.270,641.810,641.230,641.680,1937.88,1750463999999,1243240.07630,3517,967.14,620427.49290,0
1750464000000,641.690,641.790,640.930,641.320,4574.97,1750464899999,2934465.83450,4979,2184.84,1401364.02220,0
1750464900000,641.310,642.840,641.210,642.830,7198.18,1750465799999,4620534.89740,6094,4042.37,2594325.20800,0
1750465800000,642.830,642.840,642.360,642.700,1583.19,1750466699999,1017380.62620,3928,780.02,501250.50230,0
1750466700000,642.710,642.710,641.810,642.030,1434.47,1750467599999,921122.84160,3256,433.31,278218.67170,0
1750467600000,642.040,642.670,641.920,642.590,1240.95,1750468499999,797028.73190,2823,705.80,453303.24760,0
1750468500000,642.590,643.160,642.140,643.120,2022.63,1750469399999,1299934.24180,3634,1188.26,763706.86070,0
1750469400000,643.120,644.450,643.000,644.390,3800.86,1750470299999,2447091.76990,8316,2359.72,1519213.97640,0
1750470300000,644.400,644.420,643.870,644.360,1975.12,1750471199999,1272260.84450,3824,623.79,401809.60990,0
1750471200000,644.360,644.450,643.530,643.670,2774.65,1750472099999,1786938.74100,4711,665.66,428645.31860,0
1750472100000,643.670,643.700,643.200,643.210,2323.30,1750472999999,1494801.98610,4672,1173.98,755276.50030,0
1750473000000,643.210,643.880,643.160,643.740,1653.55,1750473899999,1064105.75530,2900,995.94,640868.94370,0
1750473900000,643.740,644.300,643.740,644.300,1328.15,1750474799999,855416.31170,2512,651.69,419714.17970,0
1750474800000,644.300,644.960,644.290,644.620,2017.64,1750475699999,1300743.42610,3778,927.91,598163.60760,0
1750475700000,644.610,644.930,644.440,644.690,1672.21,1750476599999,1077978.23320,3251,789.93,509225.84180,0
1750476600000,644.680,644.840,644.680,644.700,1086.19,1750477499999,700305.41030,2427,394.60,254408.26630,0
1750477500000,644.690,644.830,644.280,644.340,1366.75,1750478399999,881075.78150,2971,397.22,256076.22550,0
1750478400000,644.330,644.500,643.620,643.630,2258.08,1750479299999,1454445.62840,5111,625.73,403073.44240,0
1750479300000,643.630,643.990,643.380,643.390,1704.00,1750480199999,1096758.39950,3052,764.75,492252.27540,0
1750480200000,643.380,643.390,642.790,642.880,3202.91,1750481099999,2059443.92350,3808,1245.27,800627.90530,0
1750481100000,642.870,642.930,642.480,642.610,1536.15,1750481999999,987197.93460,2513,447.40,287481.19600,0
1750482000000,642.600,642.670,642.200,642.370,1606.95,1750482899999,1032374.82720,3040,667.92,429079.68310,0
1750482900000,642.360,642.970,642.360,642.960,1489.32,1750483799999,957237.00210,2551,992.77,638094.60540,0
1750483800000,642.950,642.960,642.420,642.450,1494.62,1750484699999,960666.78080,1916,635.59,408500.66080,0
1750484700000,642.460,642.940,642.450,642.850,724.75,1750485599999,465779.72030,2094,360.58,231725.63240,0
1750485600000,642.850,643.060,642.660,642.880,1560.60,1750486499999,1003358.44590,2655,938.58,603473.64870,0
1750486500000,642.870,643.370,642.390,643.270,1729.60,1750487399999,1111831.27790,2714,1002.22,644286.88280,0
1750487400000,643.270,643.350,643.050,643.340,531.58,1750488299999,341893.23840,1604,279.36,179675.46660,0
1750488300000,643.340,643.530,643.230,643.240,940.16,1750489199999,604861.40440,1946,337.24,216973.50910,0
1750489200000,643.240,643.300,636.700,640.930,21591.99,1750490099999,13827574.11260,14831,5219.86,3343034.80040,0
1750490100000,640.920,640.920,640.410,640.690,4197.68,1750490999999,2689525.28340,5132,1873.74,1200546.39340,0
1750491000000,640.680,643.870,639.880,641.430,18008.45,1750491899999,11553263.91250,10274,12743.64,8176769.74310,0
1750491900000,641.440,641.670,641.110,641.270,1915.71,1750492799999,1228557.20220,2459,949.49,608860.12360,0
1750492800000,641.260,641.610,641.130,641.140,2122.08,1750493699999,1361071.37840,3325,1149.86,737503.62480,0
1750493700000,641.130,641.240,640.660,640.670,2208.30,1750494599999,1415438.47780,3239,684.75,438908.97770,0
1750494600000,640.660,640.880,640.360,640.620,1525.63,1750495499999,977356.62710,2897,614.17,393441.34820,0
1750495500000,640.620,641.530,640.560,641.340,3223.35,1750496399999,2066095.56380,3983,1841.51,1180385.39220,0
1750496400000,641.340,641.340,640.240,640.320,3858.76,1750497299999,2472396.05840,4406,1328.30,851090.30780,0
1750497300000,640.320,640.600,639.880,639.960,3120.28,1750498199999,1997392.44230,3450,1246.63,798026.46090,0
1750498200000,639.950,639.980,638.900,639.940,7088.42,1750499099999,4532752.59240,7112,2247.42,1437387.11900,0
1750499100000,639.930,640.660,639.670,640.620,3672.50,1750499999999,2351246.86290,4378,2306.40,1476662.37220,0
1750500000000,640.620,641.440,640.620,641.300,2817.76,1750500899999,1806820.88920,3806,1484.47,951800.23500,0
1750500900000,641.310,641.540,640.960,641.530,1558.01,1750501799999,998937.35440,2635,726.80,466020.17860,0
1750501800000,641.540,641.640,640.840,641.040,1525.56,1750502699999,978326.88990,3189,594.85,381462.03770,0
1750502700000,641.050,641.050,639.690,640.380,4124.29,1750503599999,2640124.07740,4149,1662.18,1064095.96630,0
1750503600000,640.390,641.550,640.220,641.550,2076.27,1750504499999,1330743.07490,3298,1302.96,835124.80430,0
1750504500000,641.550,641.880,641.360,641.710,1170.40,1750505399999,750927.77570,2857,620.32,398001.55280,0
1750505400000,641.710,642.090,641.710,641.810,1331.40,1750506299999,854649.69790,2659,699.82,449225.73290,0
1750506300000,641.810,642.380,641.580,642.280,2599.26,1750507199999,1668890.64300,3523,1711.70,1099054.62680,0
1750507200000,642.270,642.690,642.060,642.280,2035.76,1750508099999,1307849.31730,4137,914.59,587555.84260,0
1750508100000,642.280,642.280,641.810,641.970,1186.96,1750508999999,762074.43450,3016,506.98,325493.75340,0
1750509000000,641.970,642.100,641.520,641.690,1918.38,1750509899999,1231180.85220,3018,715.74,459367.48070,0
1750509900000,641.700,641.790,638.000,639.670,15827.55,1750510799999,10125871.74970,9905,3733.09,2389164.29360,0
1750510800000,639.660,639.780,639.290,639.540,3412.03,1750511699999,2182193.42820,4824,1682.25,1075927.69840,0
1750511700000,639.540,639.830,638.500,638.840,6869.34,1750512599999,4390453.81280,6223,3927.48,2510310.66700,0
1750512600000,638.830,638.860,637.000,637.480,11672.12,1750513499999,7444173.29680,10457,4525.93,2886549.06150,0
1750513500000,637.490,637.570,635.680,636.040,19327.65,1750514399999,12303486.57330,21860,10224.67,6508695.14640,0
1750514400000,636.040,636.920,635.360,636.310,8907.65,1750515299999,5665515.07660,10748,4842.92,3080191.98030,0
1750515300000,636.310,636.850,635.600,636.110,5599.09,1750516199999,3562059.59360,9084,2545.11,1619134.74550,0
1750516200000,636.110,638.300,635.910,637.330,6936.30,1750517099999,4421202.30480,11555,4168.85,2657114.85230,0
1750517100000,637.330,637.330,635.390,635.390,4080.34,1750517999999,2595349.47640,6957,1622.89,1032187.43050,0
1750518000000,635.390,636.480,635.300,636.030,5099.24,1750518899999,3241926.61520,7394,2685.06,1707013.35220,0
1750518900000,636.030,636.110,634.170,634.300,7192.88,1750519799999,4567758.23610,9318,2164.26,1374165.99230,0
1750519800000,634.300,635.380,633.850,635.270,6103.72,1750520699999,3872279.59590,8631,2684.44,1703191.36260,0
1750520700000,635.260,636.390,634.280,636.110,4088.92,1750521599999,2597685.48570,7794,1869.94,1187968.46210,0
1750521600000,636.100,636.410,634.910,635.760,3672.41,1750522499999,2334495.71850,7311,1698.91,1079998.69110,0
1750522500000,635.750,636.630,634.410,635.420,8351.68,1750523399999,5308010.71850,9923,2979.84,1894194.81890,0
1750523400000,635.410,635.410,634.180,634.320,3094.14,1750524299999,1963365.59960,6923,1637.30,1038789.78360,0
1750524300000,634.320,634.380,633.300,633.640,4754.46,1750525199999,3013181.27480,14226,1735.13,1099604.21280,0
1750525200000,633.630,634.560,633.500,634.430,2888.17,1750526099999,1830995.42620,6685,1541.66,977331.13940,0
1750526100000,634.430,635.160,633.850,634.050,2219.48,1750526999999,1408222.27920,5688,1209.79,767609.12100,0
1750527000000,634.050,634.060,631.540,632.230,9699.61,1750527899999,6135566.52020,12274,3465.13,2191798.37430,0
1750527900000,632.230,632.470,631.620,631.990,3693.10,1750528799999,2334204.22960,7025,1979.03,1250773.38180,0
1750528800000,632.000,633.690,631.820,632.950,3887.28,1750529699999,2459294.10530,9287,2163.72,1368964.28320,0
1750529700000,632.950,633.120,631.130,632.070,5124.15,1750530599999,3237075.70230,7690,2523.46,1594065.13590,0
1750530600000,632.070,633.720,631.350,633.030,3290.80,1750531499999,2082709.03760,7006,1849.51,1170702.51140,0
1750531500000,633.020,633.020,631.060,631.150,5183.57,1750532399999,3275868.45320,8281,2658.06,1679880.15640,0
1750532400000,631.150,632.170,630.500,631.260,5282.94,1750533299999,3334640.56640,9516,2207.48,1393435.08420,0
1750533300000,631.260,632.090,630.690,631.300,2658.70,1750534199999,1678940.58220,7225,1479.54,934358.24710,0
1750534200000,631.310,631.960,630.200,631.660,4542.58,1750535099999,2865987.89050,13748,2452.79,1547469.56490,0
1750535100000,631.650,632.130,630.510,630.590,2085.93,1750535999999,1316502.50470,6017,914.12,577024.74310,0
1750536000000,630.590,632.410,630.520,632.290,5790.77,1750536899999,3657073.28790,8276,4172.78,2635370.81720,0
1750536900000,632.300,632.300,631.200,631.450,1687.03,1750537799999,1065608.02050,5368,893.87,564564.80710,0
1750537800000,631.460,632.450,631.290,631.790,2973.04,1750538699999,1878506.63950,6804,1583.06,1000322.04050,0
1750538700000,631.790,632.790,631.450,632.550,2219.26,1750539599999,1402935.14940,5664,1306.05,825662.32900,0
1750539600000,632.560,632.950,631.000,631.350,3330.28,1750540499999,2103975.69430,6881,1403.54,886805.78860,0
1750540500000,631.340,631.830,626.330,627.180,17295.08,1750541399999,10858235.52950,20599,5782.65,3628048.22730,0
1750541400000,627.170,627.350,620.910,625.300,35252.21,1750542299999,21983825.93000,44862,16448.72,10257180.15100,0
1750542300000,625.300,626.910,624.400,624.480,5609.91,1750543199999,3510940.04500,17065,2665.40,1668341.49590,0
1750543200000,624.480,627.910,624.210,627.780,10760.77,1750544099999,6739841.32780,16443,6756.26,4232685.61590,0
1750544100000,627.780,629.330,627.180,629.000,8406.11,1750544999999,5282655.01750,9586,4351.73,2734606.69250,0
1750545000000,629.010,629.090,626.480,627.110,6051.46,1750545899999,3798282.01780,9271,2610.59,1638341.94800,0
1750545900000,627.110,627.800,626.440,627.300,3708.96,1750546799999,2326216.32490,6558,1991.50,1249075.99480,0
1750546800000,627.300,627.860,626.250,627.230,4028.52,1750547699999,2526445.45190,7258,1776.65,1114156.74940,0
1750547700000,627.230,627.460,625.840,626.030,4206.63,1750548599999,2635154.68450,6922,2074.93,1299726.41270,0
1750548600000,626.030,626.060,624.000,624.980,10069.61,1750549499999,6293985.93340,12620,4927.51,3079916.18160,0
1750549500000,624.990,629.440,623.080,628.750,14537.01,1750550399999,9104822.21510,18410,7663.41,4801376.39440,0
1750550400000,628.750,629.200,626.500,628.000,12309.70,1750551299999,7735161.21600,13312,6330.34,3978784.51050,0
1750551300000,627.990,630.000,627.920,629.870,8655.49,1750552199999,5445755.11450,16684,4733.23,2978270.56680,0
1750552200000,629.880,631.710,629.600,631.000,7139.40,1750553099999,4504918.12750,10431,4059.07,2560911.87500,0
1750553100000,631.000,633.060,630.590,631.520,9804.60,1750553999999,6195405.29110,17103,6114.10,3863586.82870,0
1750554000000,631.520,632.570,631.000,631.770,4829.04,1750554899999,3051508.17150,7242,2655.76,1678129.97260,0
1750554900000,631.780,631.930,629.850,630.590,5013.60,1750555799999,3161706.91090,7481,2111.94,1331718.77110,0
1750555800000,630.590,630.690,628.720,630.250,5273.16,1750556699999,3319218.90540,12945,2349.93,1479239.32030,0
1750556700000,630.250,630.850,628.830,629.000,3138.84,1750557599999,1976932.87800,6856,1068.24,672889.95990,0
1750557600000,629.000,631.050,627.720,629.760,5511.23,1750558499999,3467663.74230,11395,2453.53,1543845.51510,0
1750558500000,629.750,629.870,627.370,627.860,4682.86,1750559399999,2941526.48530,9292,2268.93,1425170.31780,0
1750559400000,627.860,628.720,626.730,628.460,5022.93,1750560299999,3152271.41850,9348,2386.49,1497855.70860,0
1750560300000,628.470,630.360,628.000,629.790,4570.57,1750561199999,2877515.93400,7824,2140.30,1347466.48860,0
1750561200000,629.790,630.870,629.770,630.210,4039.03,1750562099999,2546251.13130,8614,2079.77,1310965.29450,0
1750562100000,630.220,631.170,627.900,627.960,5231.46,1750562999999,3293023.72030,7964,1790.51,1127001.77850,0
1750563000000,627.970,629.240,627.880,629.170,2004.98,1750563899999,1260020.51350,5427,1290.65,811036.60610,0
1750563900000,629.170,629.330,628.000,629.260,2316.49,1750564799999,1456333.29790,5345,1139.74,716514.32710,0
1750564800000,629.270,631.620,629.200,631.320,5318.37,1750565699999,3354305.04500,8295,3015.20,1901572.53150,0
1750565700000,631.320,631.490,630.260,630.900,2665.97,1750566599999,1682011.52330,6293,1301.70,821363.73130,0
1750566600000,630.900,631.500,630.160,630.410,1925.35,1750567499999,1214871.13890,5205,867.02,547100.69840,0
1750567500000,630.410,631.560,630.360,631.310,1639.30,1750568399999,1034699.78620,4530,751.90,474557.93980,0
1750568400000,631.310,632.460,631.300,631.750,4107.01,1750569299999,2594959.06380,7384,2539.11,1604348.19640,0
1750569300000,631.750,632.360,631.660,632.080,1854.63,1750570199999,1172049.30520,4079,831.73,525609.59180,0
1750570200000,632.090,632.250,631.160,631.440,2324.64,1750571099999,1468305.06710,4334,979.03,618289.51310,0
1750571100000,631.420,633.450,631.420,633.370,5988.38,1750571999999,3787498.27500,8575,4630.77,2929191.99570,0
1750572000000,633.380,635.410,633.210,634.840,14652.36,1750572899999,9293299.99500,15767,8712.14,5525500.91560,0
1750572900000,634.850,635.010,634.070,634.070,2585.56,1750573799999,1640734.10540,5685,1075.55,682569.39170,0
1750573800000,634.080,635.220,634.070,634.560,3445.28,1750574699999,2186983.53660,5804,1989.81,1263015.55620,0
1750574700000,634.560,634.760,634.100,634.240,2324.16,1750575599999,1474456.19290,5106,1027.40,651778.12240,0
1750575600000,634.230,634.240,633.260,633.260,2966.37,1750576499999,1880081.15010,6877,1208.54,765967.11370,0
1750576500000,633.260,633.650,632.820,633.550,2350.14,1750577399999,1488179.32450,5608,1220.17,772681.00540,0
1750577400000,633.540,633.910,632.000,632.610,11971.07,1750578299999,7578713.80610,13222,8109.67,5134342.27370,0
1750578300000,632.610,632.800,632.050,632.700,2820.64,1750579199999,1783831.99010,5419,1051.18,664880.23940,0
1750579200000,632.700,633.140,631.780,632.330,3798.43,1750580099999,2402720.46780,7115,1568.35,992101.33370,0
1750580100000,632.330,632.540,631.650,632.280,1800.66,1750580999999,1138081.77840,5193,746.67,471897.60290,0
1750581000000,632.300,632.430,631.440,632.240,2335.31,1750581899999,1475717.34200,5633,819.32,517779.42010,0
1750581900000,632.240,632.400,631.620,632.180,1776.66,1750582799999,1122656.61290,4190,785.84,496541.25160,0
1750582800000,632.190,633.150,632.040,632.330,3529.22,1750583699999,2232477.23760,6334,2008.09,1270286.08760,0
1750583700000,632.340,632.620,630.370,630.540,4596.35,1750584599999,2901764.76580,6663,1716.08,1083422.40430,0
1750584600000,630.550,631.230,629.840,630.770,4172.35,1750585499999,2630590.53070,8190,2211.04,1394226.71240,0
1750585500000,630.770,631.050,627.820,627.950,6678.20,1750586399999,4199183.67160,10656,2600.09,1634202.51220,0
1750586400000,627.950,629.240,627.330,629.240,5771.83,1750587299999,3624643.85570,9988,2889.10,1814338.13380,0
1750587300000,629.240,629.610,628.280,629.180,3177.64,1750588199999,1999190.56470,6188,2043.48,1285663.21500,0
1750588200000,629.180,629.870,629.100,629.860,1249.36,1750589099999,786366.72460,4490,742.12,467096.78780,0
1750589100000,629.860,630.120,628.840,628.960,2437.27,1750589999999,1534142.21300,4762,950.01,598110.71860,0
1750590000000,628.960,630.510,628.760,630.250,2957.09,1750590899999,1862543.13920,6058,1617.40,1018787.65960,0
1750590900000,630.260,631.460,629.500,630.440,3552.54,1750591799999,2240197.59790,6800,2044.82,1289466.75540,0
1750591800000,630.440,630.930,629.870,630.310,1370.18,1750592699999,863779.80040,5050,697.76,439876.82330,0
1750592700000,630.320,630.630,629.760,630.420,1916.81,1750593599999,1207966.07190,5357,1053.73,664041.98690,0
1750593600000,630.430,631.140,629.260,629.830,6398.37,1750594499999,4032066.54120,7763,2600.90,1639007.93640,0
1750594500000,629.830,629.920,627.930,628.260,8006.60,1750595399999,5031640.96420,8409,2887.89,1814848.84590,0
1750595400000,628.270,628.280,626.560,626.820,6637.96,1750596299999,4163271.29370,8889,3048.44,1911640.19040,0
1750596300000,626.820,628.670,626.540,628.390,4274.18,1750597199999,2682410.87960,6653,2787.82,1749518.60970,0
1750597200000,628.400,628.820,625.300,625.300,7957.66,1750598099999,4986792.96540,14621,2776.73,1741114.92440,0
1750598100000,625.310,625.310,617.000,617.870,47538.35,1750598999999,29494657.94370,46680,18835.34,11685524.15720,0
1750599000000,617.880,619.160,613.640,613.980,44450.62,1750599899999,27403415.62620,48856,19164.14,11818369.26550,0
1750599900000,613.990,617.450,613.740,616.150,14229.37,1750600799999,8765674.10960,19938,7593.44,4677484.57080,0
1750600800000,616.160,618.540,614.860,614.940,14192.93,1750601699999,8755014.98150,19118,5984.33,3692051.92970,0
1750601700000,614.950,615.280,609.000,609.560,43187.05,1750602599999,26399178.57990,41987,18168.18,11104962.65790,0
1750602600000,609.570,613.260,608.510,609.440,29452.00,1750603499999,17995732.86180,33452,12545.60,7665273.67630,0
1750603500000,609.450,615.070,609.320,613.840,23850.94,1750604399999,14634261.83000,27314,14191.64,8705777.95790,0
1750604400000,613.850,614.090,611.180,611.540,18486.69,1750605299999,11326777.11740,17828,8732.07,5349540.20710,0
1750605300000,611.550,612.100,608.060,608.090,19728.03,1750606199999,12039024.89270,22721,8944.37,5458746.95960,0
1750606200000,608.090,609.630,607.700,608.010,10439.79,1750607099999,6354143.86760,13166,5464.08,3325887.34280,0
1750607100000,608.010,608.970,606.420,607.450,15327.47,1750607999999,9309188.70680,14853,7460.68,4532417.13560,0
1750608000000,607.450,609.140,606.810,607.430,14254.81,1750608899999,8669424.79940,16668,7920.36,4817369.61040,0
1750608900000,607.440,608.880,606.580,607.150,7051.01,1750609799999,4284003.66900,12277,3405.22,2068978.25710,0
1750609800000,607.150,609.120,606.900,606.920,8212.64,1750610699999,4994824.19800,11749,4642.64,2823890.86140,0
1750610700000,606.920,609.260,606.680,609.000,7538.73,1750611599999,4583438.22480,11450,3948.15,2400547.99160,0
1750611600000,609.000,612.400,608.380,611.260,19334.83,1750612499999,11811403.69630,18622,10137.19,6190680.59710,0
1750612500000,611.260,611.440,607.630,608.190,8846.38,1750613399999,5391971.91400,12085,3085.50,1880602.00210,0
1750613400000,608.200,609.980,608.060,609.870,5959.63,1750614299999,3630064.85070,9370,2953.56,1798441.35870,0
1750614300000,609.860,611.150,609.380,610.570,5100.07,1750615199999,3113617.07600,8930,2339.55,1428186.15110,0
1750615200000,610.570,611.100,608.290,608.290,4655.32,1750616099999,2839845.52420,9973,1580.31,964352.59300,0
1750616100000,608.290,609.550,607.450,609.100,5666.46,1750616999999,3446701.03950,9775,3051.41,1856441.84520,0
1750617000000,609.100,609.110,607.330,608.550,4231.84,1750617899999,2573540.81750,7608,2401.78,1460609.72310,0
1750617900000,608.550,608.940,607.150,607.350,4302.73,1750618799999,2615852.26610,6907,2511.52,1526787.89910,0
1750618800000,607.350,607.790,605.150,605.510,14815.61,1750619699999,8980471.00540,18683,4981.94,3019214.53050,0
1750619700000,605.510,605.880,604.620,605.460,6218.52,1750620599999,3762929.57740,8852,2794.10,1690870.91920,0
1750620600000,605.470,606.120,604.810,604.850,4172.01,1750621499999,2525761.23550,7365,1745.16,1056558.67910,0
1750621500000,604.840,605.740,604.000,605.160,4764.66,1750622399999,2880986.71000,8614,2220.82,1342811.56120,0
1750622400000,605.160,605.620,601.280,602.090,17389.29,1750623299999,10485948.51340,20805,8276.74,4991207.73060,0
1750623300000,602.090,603.630,600.910,602.070,13839.48,1750624199999,8332902.83860,19475,7304.17,4399256.28400,0
1750624200000,602.040,606.830,601.600,606.750,7613.23,1750625099999,4601126.74910,17113,4177.53,2524690.45130,0
1750625100000,606.740,610.090,605.780,609.390,14452.82,1750625999999,8793274.76330,15315,8763.79,5333814.80400,0
1750626000000,609.390,610.180,607.530,608.100,10535.31,1750626899999,6417951.29450,17659,4838.57,2947759.79470,0
1750626900000,608.110,608.930,606.530,606.780,3445.19,1750627799999,2093690.52810,7497,1552.12,943140.03880,0
1750627800000,606.770,607.910,606.250,607.860,3028.83,1750628699999,1838130.55270,13118,1749.86,1062130.80260,0
1750628700000,607.860,607.960,606.320,606.610,1160.47,1750629599999,704730.96600,4590,437.98,265925.74140,0
1750629600000,606.620,612.080,606.480,611.440,11708.85,1750630499999,7144991.02440,22683,5930.99,3618738.63920,0
1750630500000,611.440,612.850,611.110,612.340,6230.99,1750631399999,3812584.43760,10688,3148.33,1926437.02400,0
1750631400000,612.340,615.440,612.280,615.210,10336.55,1750632299999,6346968.74980,16755,6050.99,3715746.95210,0
1750632300000,615.210,615.820,614.280,615.820,4843.45,1750633199999,2978847.29260,7769,1889.40,1162283.35220,0
1750633200000,615.810,616.220,614.880,615.270,6797.53,1750634099999,4185125.68400,13320,3008.26,1852234.13990,0
1750634100000,615.270,616.750,615.200,616.730,5157.42,1750634999999,3178166.16830,14339,2634.87,1623707.55380,0
1750635000000,616.740,616.740,615.310,616.180,4102.29,1750635899999,2525972.14990,5410,2556.17,1573742.20890,0
1750635900000,616.190,616.320,615.450,615.720,2274.84,1750636799999,1401061.89420,5566,774.23,476872.36130,0
1750636800000,615.720,616.220,615.360,616.080,5685.05,1750637699999,3501044.76390,7698,3065.11,1887625.20950,0
1750637700000,616.070,617.060,615.740,615.930,3559.76,1750638599999,2194064.02480,7507,1614.79,995304.36050,0
1750638600000,615.930,618.190,614.860,617.920,7271.49,1750639499999,4484567.25610,9488,3880.30,2393661.28290,0
1750639500000,617.920,619.550,616.520,616.830,9874.24,1750640399999,6105636.65560,11296,5178.46,3203112.28250,0
1750640400000,616.820,617.630,616.010,617.310,3773.36,1750641299999,2327225.30600,7005,1846.31,1138853.51690,0
1750641300000,617.310,617.390,616.020,616.050,2573.36,1750642199999,1586439.09420,5589,1203.32,741935.83240,0
1750642200000,616.050,617.610,615.890,617.580,2515.16,1750643099999,1551018.92270,5594,1122.87,692579.18500,0
1750643100000,617.580,621.090,617.440,620.610,13293.36,1750643999999,8239429.91910,16333,9796.07,6072003.38920,0
1750644000000,620.610,620.960,619.680,619.780,5722.40,1750644899999,3550314.64860,7963,2942.97,1826048.43400,0
1750644900000,619.780,620.390,619.290,620.170,3023.09,1750645799999,1874350.34470,6311,1366.57,847220.96540,0
1750645800000,620.170,620.390,619.140,619.490,3112.93,1750646699999,1929164.84700,6333,1611.93,998992.23980,0
1750646700000,619.480,619.990,619.120,619.830,2775.34,1750647599999,1719693.95490,4911,1444.37,895010.68370,0
1750647600000,619.820,620.860,619.350,620.790,3363.01,1750648499999,2085889.88330,6463,2096.95,1300733.61850,0
1750648500000,620.790,620.790,619.310,619.450,1920.67,1750649399999,1191030.97760,5366,720.34,446680.47920,0
1750649400000,619.440,619.940,618.330,618.610,2305.45,1750650299999,1427093.43000,6004,875.31,541825.18980,0
1750650300000,618.610,620.000,618.540,620.000,3185.81,1750651199999,1973674.44210,5200,2181.86,1351807.21680,0
1750651200000,620.000,621.100,620.000,620.850,5191.97,1750652099999,3222229.79020,8776,3118.97,1935656.84500,0
1750652100000,620.850,621.870,620.640,621.290,5617.41,1750652999999,3489860.64820,8031,2899.07,1801017.64990,0
1750653000000,621.290,621.510,620.670,620.700,3574.23,1750653899999,2219843.30720,6743,1654.38,1027404.58990,0
1750653900000,620.700,621.380,620.560,621.230,1635.83,1750654799999,1015684.00140,5029,827.31,513668.09630,0
1750654800000,621.240,622.210,621.240,622.080,2627.63,1750655699999,1633828.21070,5772,1860.27,1156686.47560,0
1750655700000,622.090,622.370,621.840,621.880,3006.62,1750656599999,1870379.21350,5892,1544.01,960511.82610,0
1750656600000,621.880,622.260,621.800,622.020,1782.65,1750657499999,1108876.70010,4709,875.47,544563.30200,0
1750657500000,622.020,622.960,621.800,622.500,6273.69,1750658399999,3905265.16140,6838,4141.84,2578255.00570,0
1750658400000,622.490,623.200,622.490,622.900,4654.67,1750659299999,2899487.69300,6339,2729.91,1700486.66150,0
1750659300000,622.890,623.060,622.320,622.530,3341.07,1750660199999,2080540.11370,5427,1637.98,1020106.57490,0
1750660200000,622.530,623.460,622.180,622.740,3552.07,1750661099999,2212027.25190,5865,1591.43,991124.90190,0
1750661100000,622.750,623.560,622.160,623.480,3567.87,1750661999999,2222840.79000,6351,1887.37,1175954.42740,0
1750662000000,623.480,624.540,623.090,623.360,6716.84,1750662899999,4190051.81000,12397,3147.14,1963425.98650,0
1750662900000,623.360,624.000,623.000,623.700,3481.57,1750663799999,2170531.03000,5923,1454.31,906635.14170,0
1750663800000,623.700,624.160,623.380,623.800,2217.16,1750664699999,1383013.41080,4989,969.54,604761.63280,0
1750664700000,623.810,623.900,623.320,623.880,2648.29,1750665599999,1651568.53610,4538,870.15,542688.90870,0
1750665600000,623.870,624.890,623.870,624.690,6059.90,1750666499999,3784000.30450,6996,3251.90,2030620.86360,0
1750666500000,624.680,624.820,624.120,624.390,2383.01,1750667399999,1488285.07190,5223,1000.97,625144.17020,0
1750667400000,624.380,624.640,623.480,623.700,5583.65,1750668299999,3483589.18240,6918,2143.06,1337052.81870,0
1750668300000,623.700,624.180,623.700,624.060,2230.62,1750669199999,1391841.43980,5156,1314.04,819917.08780,0
1750669200000,624.050,624.070,622.660,622.740,5235.01,1750670099999,3263464.01000,8019,1794.08,1118321.51640,0
1750670100000,622.740,622.980,620.740,620.770,10358.33,1750670999999,6438844.41750,11086,2950.02,1834253.62480,0
1750671000000,620.760,621.780,620.760,621.060,6171.32,1750671899999,3834772.28190,7144,2734.42,1699116.53330,0
1750671900000,621.070,621.390,620.710,621.140,2497.79,1750672799999,1551321.08080,5547,1330.05,826064.04340,0
1750672800000,621.140,621.520,620.140,620.450,5861.93,1750673699999,3638684.48760,13622,2524.29,1566994.31650,0
1750673700000,620.450,620.460,619.520,619.550,3517.99,1750674599999,2181065.35770,6666,1304.55,808732.40970,0
1750674600000,619.560,619.720,618.340,618.430,4080.98,1750675499999,2526767.19810,6969,1479.13,915730.43880,0
1750675500000,618.430,618.960,618.430,618.600,3404.40,1750676399999,2106238.82660,6182,1411.07,872990.53810,0
1750676400000,618.610,619.370,618.340,618.490,3841.19,1750677299999,2377025.63540,6650,1553.46,961233.49600,0
1750677300000,618.500,618.500,615.990,617.110,12214.59,1750678199999,7536845.19810,16269,4612.99,2846692.57410,0
1750678200000,617.120,617.130,615.990,616.320,5641.04,1750679099999,3477887.31110,5998,2549.98,1572200.12320,0
1750679100000,616.320,617.690,615.950,617.210,3987.40,1750679999999,2459633.59770,4948,2506.84,1546218.72240,0
1750680000000,617.210,618.150,616.140,617.470,7429.95,1750680899999,4585494.30000,8110,4662.00,2877731.46890,0
1750680900000,617.470,618.500,617.470,617.900,4218.79,1750681799999,2607572.55340,6266,2950.44,1823623.09260,0
1750681800000,617.890,619.610,617.660,619.350,3883.38,1750682699999,2403328.86770,7231,2284.52,1413869.13980,0
1750682700000,619.350,619.990,619.280,619.890,4759.38,1750683599999,2949058.04590,5370,2097.77,1299843.64930,0
1750683600000,619.880,619.890,617.620,617.730,4760.41,1750684499999,2945258.71040,7492,1483.76,918172.74730,0
1750684500000,617.740,618.030,616.860,616.950,2908.26,1750685399999,1795428.54390,6216,940.59,580697.70110,0
1750685400000,616.960,623.450,615.600,622.380,31624.42,1750686299999,19615330.85170,29776,17750.28,11009678.54320,0
1750686300000,622.380,627.570,621.880,626.600,34166.53,1750687199999,21343799.20150,31093,17321.21,10822061.27510,0
1750687200000,626.600,628.000,624.240,625.100,20876.92,1750688099999,13064780.00160,21801,10731.15,6716549.93680,0
1750688100000,625.110,625.130,621.420,621.780,20037.00,1750688999999,12484021.24900,14337,8839.99,5505846.26130,0
1750689000000,621.770,623.280,621.220,623.010,5793.15,1750689899999,3605022.70240,9720,2896.38,1802551.55390,0
1750689900000,623.000,623.420,620.790,621.150,4693.09,1750690799999,2917349.05510,13811,1926.03,1197253.95020,0
1750690800000,621.160,623.000,621.100,622.470,4418.61,1750691699999,2748513.12830,7463,2985.51,1856856.44590,0
1750691700000,622.470,622.840,620.230,620.360,4260.45,1750692599999,2647729.94730,7771,1318.40,819488.57070,0
1750692600000,620.350,621.600,619.940,620.070,3616.33,1750693499999,2244351.72640,7367,1464.42,909089.43070,0
1750693500000,620.060,622.400,619.390,622.400,6729.79,1750694399999,4177400.86820,9465,3803.93,2361257.92950,0
1750694400000,622.390,625.170,622.240,623.640,21234.28,1750695299999,13243050.63810,33563,11261.02,7023120.42460,0
1750695300000,623.630,624.970,619.310,619.730,24929.33,1750696199999,15517283.32480,28786,12097.96,7533427.52470,0
1750696200000,619.730,621.000,616.540,620.280,21015.66,1750697099999,13001405.61020,36270,9851.30,6095391.18080,0
1750697100000,620.270,622.720,617.930,619.870,14045.63,1750697999999,8711175.72650,16875,7789.71,4830803.06320,0
1750698000000,619.880,624.270,618.960,622.450,14257.62,1750698899999,8871710.10050,17605,7810.95,4860718.64980,0
1750698900000,622.450,625.730,622.270,625.030,11897.71,1750699799999,7421318.66460,21251,6007.72,3748656.33430,0
1750699800000,625.030,629.330,625.030,627.110,24628.64,1750700699999,15452118.69700,24721,15089.87,9469034.95330,0
1750700700000,627.110,627.450,625.600,627.010,5287.49,1750701599999,3313159.01820,9068,2637.43,1652761.89770,0
1750701600000,627.010,629.480,627.000,629.050,11482.73,1750702499999,7219753.47080,14420,6215.06,3907142.54870,0
1750702500000,629.050,629.900,628.240,628.390,9397.99,1750703399999,5915208.75350,11369,5425.18,3414946.95130,0
1750703400000,628.390,629.920,628.380,629.610,4632.81,1750704299999,2916073.14410,9063,2426.14,1527037.07150,0
1750704300000,629.610,629.740,628.910,629.540,2067.59,1750705199999,1301528.58310,6657,811.63,510915.54730,0
1750705200000,629.540,629.800,629.070,629.630,3152.51,1750706099999,1984362.31810,7164,1991.77,1253695.48860,0
1750706100000,629.640,629.780,629.160,629.330,2618.25,1750706999999,1648181.26690,5550,729.59,459297.15020,0
1750707000000,629.340,630.860,628.560,628.770,7407.39,1750707899999,4664992.29970,9065,4236.34,2668981.64110,0
1750707900000,628.770,629.880,627.990,629.630,3483.36,1750708799999,2190283.30350,6682,1910.40,1201384.50650,0
1750708800000,629.630,631.960,628.300,631.730,8166.59,1750709699999,5149466.36140,17060,4525.20,2852784.87320,0
1750709700000,631.740,634.670,631.400,634.070,15421.26,1750710599999,9765071.38890,21487,8987.27,5690890.21770,0
1750710600000,634.080,634.280,632.140,633.140,7569.34,1750711499999,4792349.00380,11101,2966.79,1878278.73040,0
1750711500000,633.150,633.280,632.020,632.110,4052.40,1750712399999,2563313.52760,6470,1254.59,793675.48580,0
1750712400000,632.110,633.520,631.240,631.670,7733.49,1750713299999,4891236.66320,11552,4336.52,2743553.10310,0
1750713300000,631.670,633.560,631.550,631.640,4099.99,1750714199999,2594546.03650,8145,1839.57,1164200.23840,0
1750714200000,631.640,632.560,631.540,631.950,2211.20,1750715099999,1397392.89320,5955,949.71,600148.91070,0
1750715100000,631.950,632.590,631.850,632.420,2057.70,1750715999999,1300950.09930,5722,1228.52,776743.39510,0
1750716000000,632.420,639.000,632.410,638.960,24080.64,1750716899999,15325719.93630,26334,14726.80,9370535.80560,0
1750716900000,638.960,642.240,637.920,642.140,19800.19,1750717799999,12676971.35050,24233,10528.64,6741504.47960,0
1750717800000,642.150,642.560,638.120,639.210,14059.26,1750718699999,9007265.37560,17642,5946.78,3810666.51390,0
1750718700000,639.210,641.420,638.450,640.920,6977.85,1750719599999,4466161.51320,9417,3975.32,2544257.22650,0
1750719600000,640.920,641.600,639.950,640.200,7372.53,1750720499999,4723292.05030,10167,3592.21,2301461.72710,0
1750720500000,640.210,640.800,639.410,639.970,5189.46,1750721399999,3321258.42960,7404,3168.11,2027606.52480,0
1750721400000,639.980,640.120,639.120,639.520,6209.80,1750722299999,3971297.47650,8254,2481.16,1586703.27000,0
1750722300000,639.520,640.560,639.290,640.020,5265.23,1750723199999,3369694.66880,7438,3393.82,2171885.55950,0
1750723200000,640.020,640.890,640.020,640.070,8171.55,1750724099999,5233519.07430,9537,4159.98,2664218.44200,0
1750724100000,640.070,640.590,639.340,639.460,5000.06,1750724999999,3199777.82260,6826,2240.41,1433813.84300,0
1750725000000,639.460,640.120,639.130,639.500,5380.93,1750725899999,3440875.91350,7222,2699.74,1726362.45750,0
1750725900000,639.510,639.520,637.890,638.170,7265.31,1750726799999,4638788.41700,14294,2512.82,1604632.93650,0
1750726800000,638.170,638.380,637.250,637.760,4965.81,1750727699999,3166741.51870,7187,2668.28,1701565.43980,0
1750727700000,637.760,639.140,637.300,638.820,4056.61,1750728599999,2588010.98570,5795,2516.36,1605536.24630,0
1750728600000,638.820,639.160,638.110,638.610,2171.33,1750729499999,1386642.39900,5201,1023.92,653905.89480,0
1750729500000,638.600,639.660,638.330,639.000,6874.23,1750730399999,4391938.09100,7240,2272.14,1451705.33030,0
1750730400000,638.990,638.990,636.780,637.390,4616.91,1750731299999,2944423.75650,7580,1772.96,1130654.07000,0
1750731300000,637.380,637.700,635.800,637.470,6175.81,1750732199999,3931814.06630,8238,2290.90,1458825.18870,0
1750732200000,637.480,639.160,637.480,638.100,3503.89,1750733099999,2236923.88320,6527,2012.12,1284646.88750,0
1750733100000,638.100,638.160,637.290,637.700,3081.04,1750733999999,1964764.85560,4795,919.77,586616.79590,0
1750734000000,637.700,638.660,637.560,638.560,3330.10,1750734899999,2124772.08910,4962,2242.92,1431137.47090,0
1750734900000,638.560,639.540,638.400,639.000,3211.08,1750735799999,2052105.71980,5727,1780.61,1137946.02980,0
1750735800000,638.990,639.370,638.630,639.020,2210.39,1750736699999,1412497.82550,3845,766.98,490074.79730,0
1750736700000,639.010,639.250,638.800,639.190,1391.36,1750737599999,889078.74070,3059,780.91,499008.65510,0
1750737600000,639.190,639.690,638.120,638.130,3442.69,1750738499999,2199895.12860,5345,1468.50,938710.30760,0
1750738500000,638.130,638.700,638.120,638.490,2621.58,1750739399999,1673844.40260,4713,1019.78,651121.29160,0
1750739400000,638.500,638.940,638.380,638.890,1366.31,1750740299999,872662.87810,3498,593.34,378962.35230,0
1750740300000,638.900,639.790,638.740,639.770,2095.55,1750741199999,1339948.21830,4410,1433.94,916877.74620,0
1750741200000,639.770,640.310,639.740,640.310,2107.75,1750742099999,1348836.89750,4566,1287.60,824000.89290,0
1750742100000,640.310,641.220,640.160,641.050,4941.54,1750742999999,3166385.42930,6893,2679.30,1716827.35030,0
1750743000000,641.050,641.800,640.640,641.640,5528.80,1750743899999,3545917.40550,9387,2875.98,1844374.59850,0
1750743900000,641.640,642.000,641.120,641.870,5370.05,1750744799999,3445633.08390,5651,2719.06,1744632.56210,0
1750744800000,641.860,642.240,641.120,641.170,5351.55,1750745699999,3434565.54140,7513,2000.64,1284102.14430,0
1750745700000,641.170,641.700,641.020,641.460,2427.74,1750746599999,1557081.02730,5479,1009.55,647494.36330,0
1750746600000,641.460,642.390,641.290,641.930,4334.27,1750747499999,2782073.00450,6217,2460.57,1579203.90830,0
1750747500000,641.920,642.240,640.570,640.640,4057.01,1750748399999,2602651.31950,6336,1687.23,1082541.12440,0
1750748400000,640.630,641.360,640.080,640.290,3617.19,1750749299999,2317147.56360,6255,1461.17,936123.99620,0
1750749300000,640.280,641.290,639.990,640.170,6105.14,1750750199999,3910592.46850,6989,2575.57,1649934.32090,0
1750750200000,640.160,640.200,638.620,638.940,5931.46,1750751099999,3790829.96360,8987,2607.73,1666543.14430,0
1750751100000,638.950,639.080,638.190,638.790,5980.25,1750751999999,3819161.29190,12155,2476.19,1581283.73890,0
1750752000000,638.790,639.110,637.520,637.960,8005.65,1750752899999,5109564.49010,9195,3480.96,2221610.92960,0
1750752900000,637.960,638.650,636.870,638.500,4991.96,1750753799999,3184137.97290,7587,3261.15,2080302.01010,0
1750753800000,638.490,639.060,638.070,638.800,5036.17,1750754699999,3216081.45570,6557,2867.74,1831221.36640,0
1750754700000,638.800,638.800,638.020,638.610,2521.47,1750755599999,1609802.74590,3897,1098.77,701514.24040,0
1750755600000,638.610,639.200,638.260,639.180,3091.34,1750756499999,1974549.20640,5723,1942.36,1240666.68940,0
1750756500000,639.180,641.250,638.960,640.620,4358.36,1750757399999,2790500.97290,6492,2828.46,1810872.42230,0
1750757400000,640.610,640.820,639.440,639.730,2947.63,1750758299999,1886818.58840,5670,1011.60,647540.36770,0
1750758300000,639.740,639.740,638.250,638.290,2625.13,1750759199999,1677503.99780,5503,843.26,538811.91720,0
1750759200000,638.280,638.850,637.500,637.740,4422.17,1750760099999,2821640.19930,7246,1864.35,1189640.90730,0
1750760100000,637.740,638.200,637.440,637.570,4060.04,1750760999999,2589355.15470,4733,1827.49,1165521.39230,0
1750761000000,637.570,638.440,636.480,636.550,9536.10,1750761899999,6080839.01410,8224,4071.35,2596972.41920,0
1750761900000,636.560,636.800,636.360,636.740,1947.61,1750762799999,1239840.29070,4119,1160.14,738556.79800,0
1750762800000,636.740,637.390,636.250,636.700,6652.04,1750763699999,4236197.34560,5301,3011.71,1918144.67770,0
1750763700000,636.700,637.440,635.750,637.430,4212.54,1750764599999,2680285.38720,6793,1788.92,1138465.70640,0
1750764600000,637.430,638.370,636.530,637.270,5883.45,1750765499999,3750105.93350,6361,3275.44,2088245.36050,0
1750765500000,637.260,638.160,636.990,638.070,5325.86,1750766399999,3395860.14600,4742,3624.64,2311451.80990,0
1750766400000,638.080,639.300,638.060,638.730,3645.52,1750767299999,2328432.75540,5545,1885.97,1204672.76520,0
1750767300000,638.740,638.770,637.400,638.170,2741.21,1750768199999,1749167.76840,4532,872.36,556645.65680,0
1750768200000,638.180,639.130,637.870,639.120,1997.86,1750769099999,1275522.24890,5294,1011.10,645557.93520,0
1750769100000,639.120,639.500,638.870,639.450,2081.02,1750769999999,1330336.19380,3887,1059.61,677374.08580,0
1750770000000,639.460,639.800,638.940,639.470,3073.16,1750770899999,1964995.23880,6084,1401.93,896507.26250,0
1750770900000,639.480,640.100,638.420,638.440,2900.11,1750771799999,1853886.00340,5552,1374.65,878906.84020,0
1750771800000,638.440,639.420,637.710,638.700,4353.53,1750772699999,2780338.80840,7465,2340.93,1494928.19700,0
1750772700000,638.700,639.830,637.900,639.760,3963.00,1750773599999,2532191.71120,6343,2375.56,1517979.11020,0
1750773600000,639.760,640.330,639.320,639.640,4512.85,1750774499999,2887710.73460,7833,2067.76,1323187.18790,0
1750774500000,639.640,640.900,639.640,640.310,4876.95,1750775399999,3123061.49040,6767,2312.12,1480627.29250,0
1750775400000,640.320,641.250,640.150,640.560,7068.41,1750776299999,4528229.79400,6613,4661.89,2986368.08200,0
1750776300000,640.570,640.800,639.440,639.840,2774.60,1750777199999,1775873.23120,4492,1253.01,801985.95160,0
1750777200000,639.840,641.000,639.840,640.240,4372.16,1750778099999,2800779.71620,6191,2211.59,1416660.45890,0
1750778100000,640.230,640.440,639.740,639.830,2686.37,1750778999999,1719559.95350,4278,1434.89,918510.84330,0
1750779000000,639.840,639.920,637.720,637.990,6333.45,1750779899999,4043790.91620,8020,1360.66,869115.82280,0
1750779900000,637.980,639.700,637.980,639.070,3887.64,1750780799999,2483374.49200,6496,2144.13,1369678.70370,0
1750780800000,639.070,640.270,639.070,639.680,5321.42,1750781699999,3404405.32390,6714,3292.15,2105999.49610,0
1750781700000,639.670,641.120,639.670,640.920,2614.94,1750782599999,1674863.98720,5489,1518.42,972515.16740,0
1750782600000,640.930,642.840,640.300,642.550,9030.35,1750783499999,5794347.78020,11602,5137.71,3297442.90060,0
1750783500000,642.550,643.700,642.060,643.680,11895.72,1750784399999,7645936.15170,14377,5648.29,3630699.59220,0
1750784400000,643.680,643.680,641.490,641.780,6162.18,1750785299999,3961006.12160,8538,2181.59,1402420.87640,0
1750785300000,641.780,642.840,641.000,641.330,5783.03,1750786199999,3712374.70590,7242,2304.80,1479122.13350,0
1750786200000,641.340,642.250,640.930,642.250,2358.71,1750787099999,1513356.95450,5808,1330.29,853579.96230,0
1750787100000,642.250,643.000,642.240,642.780,3140.26,1750787999999,2018351.41460,5396,1750.18,1124942.13640,0
1750788000000,642.780,643.100,641.730,642.050,3526.53,1750788899999,2265797.02430,6717,1443.27,927196.47050,0
1750788900000,642.040,642.860,641.350,642.860,3344.51,1750789799999,2147271.99450,5847,1706.22,1095442.87620,0
1750789800000,642.860,642.880,642.060,642.440,1585.53,1750790699999,1018750.91680,4851,700.80,450250.58360,0
1750790700000,642.440,642.740,642.090,642.110,1512.14,1750791599999,971368.41570,4342,552.71,355067.64850,0
1750791600000,642.110,642.110,641.250,641.460,2692.42,1750792499999,1728031.88230,5385,1158.73,743661.59790,0
1750792500000,641.460,642.370,641.450,642.180,1621.28,1750793399999,1040925.11130,4231,890.90,571930.77420,0
1750793400000,642.180,642.600,641.640,641.880,1387.52,1750794299999,890988.73480,4135,741.99,476451.50940,0
1750794300000,641.870,642.110,640.780,642.000,3046.86,1750795199999,1954097.40890,4849,1778.63,1140778.81560,0
1750795200000,642.010,642.280,641.880,642.280,1685.31,1750796099999,1082133.60370,3510,684.06,439228.68950,0
1750796100000,642.280,643.140,642.080,643.020,2282.31,1750796999999,1466875.56380,4352,1451.62,932977.17100,0
1750797000000,643.020,643.210,642.920,643.030,1158.71,1750797899999,745162.26420,2981,563.37,362297.02030,0
1750797900000,643.030,643.840,643.020,643.830,1777.57,1750798799999,1143977.60280,3986,1141.89,734871.05730,0
1750798800000,643.840,643.900,642.730,642.740,2300.30,1750799699999,1479959.35930,4717,1150.88,740446.31190,0
1750799700000,642.740,643.600,642.670,643.590,1145.19,1750800599999,736575.91740,3099,870.19,559711.60620,0
1750800600000,643.590,643.750,642.940,643.050,1062.32,1750801499999,683459.53100,3426,511.84,329277.18550,0
1750801500000,643.050,643.430,643.030,643.150,970.75,1750802399999,624363.01980,3125,416.11,267637.52610,0
1750802400000,643.140,643.140,642.000,642.510,3682.56,1750803299999,2366216.08440,6182,1914.28,1230023.70900,0
1750803300000,642.520,642.860,641.890,642.090,1856.38,1750804199999,1192275.16970,4074,946.31,607794.59660,0
1750804200000,642.100,642.650,641.730,642.640,2687.59,1750805099999,1725282.20510,4304,1964.92,1261380.98860,0
1750805100000,642.640,643.040,642.250,642.940,1507.57,1750805999999,968907.60380,3719,885.09,568870.69340,0
1750806000000,642.940,643.040,642.010,642.110,1620.72,1750806899999,1041108.32800,4112,629.70,404461.27440,0
1750806900000,642.110,642.340,641.840,642.250,1646.03,1750807799999,1056909.30450,2801,994.97,638883.06380,0
1750807800000,642.250,642.960,642.200,642.900,1588.31,1750808699999,1020618.12240,3461,913.73,587147.12880,0
1750808700000,642.900,643.380,642.780,643.300,1267.31,1750809599999,814949.84920,2641,778.01,500276.96270,0
1750809600000,643.290,643.950,642.780,643.820,3082.04,1750810499999,1982769.63880,5190,1918.92,1234488.69260,0
1750810500000,643.820,643.960,643.400,643.680,2058.44,1750811399999,1324982.43370,3644,1222.15,786690.08330,0
1750811400000,643.680,643.780,642.240,642.500,2546.71,1750812299999,1637069.88810,4197,907.77,583502.23430,0
1750812300000,642.500,644.530,642.380,644.240,3945.45,1750813199999,2540070.62260,5036,2664.75,1715543.21430,0
1750813200000,644.240,644.520,643.660,643.810,3106.59,1750814099999,2001170.05870,5458,1362.93,877876.11390,0
1750814100000,643.800,644.340,642.600,643.620,4276.86,1750814999999,2751489.92220,5440,2028.05,1304933.81560,0
1750815000000,643.610,645.380,643.020,645.270,7135.46,1750815899999,4599040.03170,7030,4336.29,2795295.84230,0
1750815900000,645.270,645.380,643.800,644.710,2540.41,1750816799999,1637554.98490,4509,1190.94,767599.88480,0
1750816800000,644.720,645.600,644.030,645.060,5321.52,1750817699999,3431931.05830,7853,2557.65,1649524.52490,0
1750817700000,645.060,645.270,644.350,644.350,1692.90,1750818599999,1091577.31130,4558,820.00,528723.79290,0
1750818600000,644.350,644.360,643.500,643.900,2977.87,1750819499999,1917335.73170,5284,1290.35,830730.55780,0
1750819500000,643.900,644.930,643.820,644.420,1918.74,1750820399999,1236203.61630,5086,1101.88,709832.25600,0
1750820400000,644.410,644.560,642.860,643.480,6871.99,1750821299999,4421762.09330,6232,2808.51,1806997.15750,0
1750821300000,643.470,646.090,643.010,644.880,13178.68,1750822199999,8499520.36080,13702,7936.21,5117966.70190,0
1750822200000,644.880,650.750,643.760,646.310,85612.54,1750823099999,55426806.33640,41403,40591.92,26277929.91610,0
1750823100000,646.320,650.460,646.100,648.190,36116.94,1750823999999,23420828.68450,23385,19984.08,12955101.40440,0
1750824000000,648.190,653.090,647.700,647.920,42792.87,1750824899999,27820848.58280,26771,21420.30,13923799.37810,0
1750824900000,647.920,648.670,644.630,645.910,35657.96,1750825799999,23037605.88830,23098,13026.77,8416149.33940,0
1750825800000,645.910,646.430,644.740,645.020,6417.73,1750826699999,4141961.24760,7787,3273.09,2112442.97340,0
1750826700000,645.010,645.300,644.490,644.630,2132.49,1750827599999,1375002.26290,5380,777.39,501264.34840,0
1750827600000,644.620,646.150,644.600,645.260,3885.42,1750828499999,2507271.77340,7153,2578.11,1663564.06830,0
1750828500000,645.260,645.350,642.880,644.770,9967.00,1750829399999,6418434.59920,8545,2842.43,1830718.83700,0
1750829400000,644.770,644.850,644.070,644.250,4002.29,1750830299999,2579169.28960,5480,2008.31,1294096.47090,0
1750830300000,644.250,644.660,643.530,643.600,2393.33,1750831199999,1541525.87350,4842,873.88,562903.64040,0
1750831200000,643.590,644.650,643.240,644.650,3775.65,1750832099999,2430597.94020,6154,1972.99,1270095.97290,0
1750832100000,644.650,645.080,644.160,644.700,3557.03,1750832999999,2292848.63190,5374,1609.14,1037251.35980,0
1750833000000,644.710,645.390,644.000,645.040,2945.79,1750833899999,1899606.15790,5076,2224.99,1434846.96880,0
1750833900000,645.040,645.650,644.410,645.620,3865.94,1750834799999,2493636.84750,4395,2470.29,1593646.49680,0
1750834800000,645.620,645.690,644.720,645.130,2702.61,1750835699999,1743957.51140,4582,996.33,642811.30210,0
1750835700000,645.120,646.530,645.050,646.330,2842.23,1750836599999,1836192.08780,4755,1483.01,958006.50670,0
1750836600000,646.320,646.370,644.730,645.500,3519.87,1750837499999,2272525.45380,5233,1175.99,758961.31250,0
1750837500000,645.500,645.740,644.460,644.970,2498.70,1750838399999,1611772.37550,4174,1118.02,721192.41950,0
1750838400000,644.970,645.090,644.210,644.590,3038.74,1750839299999,1958341.69730,4200,1638.04,1055589.31300,0
1750839300000,644.590,644.710,643.420,643.500,3347.33,1750840199999,2155475.44010,5304,1500.72,966382.02740,0
1750840200000,643.510,643.510,642.900,643.030,2728.66,1750841099999,1754899.09280,4777,1251.76,805024.00660,0
1750841100000,643.030,644.310,642.740,644.300,2254.07,1750841999999,1450273.24310,4469,1405.25,904247.00610,0
1750842000000,644.310,645.040,643.680,644.440,4699.06,1750842899999,3028038.22690,6322,3044.66,1961992.24990,0
1750842900000,644.460,644.850,644.180,644.310,2624.24,1750843799999,1691606.56240,4329,1121.06,722675.61540,0
1750843800000,644.310,644.600,641.410,641.960,10467.28,1750844699999,6723135.06890,10026,4444.45,2853753.34760,0
1750844700000,641.960,643.080,641.960,643.030,2661.55,1750845599999,1710601.18380,4946,1363.87,876554.98080,0
1750845600000,643.030,643.670,642.860,643.510,2386.42,1750846499999,1534993.05700,5187,1410.51,907269.58860,0
1750846500000,643.520,644.820,643.300,644.470,3159.86,1750847399999,2035583.29420,5325,1617.48,1041946.91850,0
1750847400000,644.470,644.520,644.060,644.450,2019.25,1750848299999,1301011.00020,4247,838.97,540533.70120,0
1750848300000,644.460,645.530,644.210,645.520,3531.33,1750849199999,2277084.24330,4997,2207.17,1423527.59330,0
1750849200000,645.530,646.320,645.020,645.140,5088.23,1750850099999,3285551.51620,7776,2279.22,1471805.93240,0
1750850100000,645.140,645.870,644.760,645.850,4026.89,1750850999999,2598328.91520,5969,1946.88,1256337.27420,0
1750851000000,645.870,648.010,645.860,647.440,10552.85,1750851899999,6825549.83480,9109,7531.25,4871608.81200,0
1750851900000,647.430,647.730,646.820,646.830,4899.66,1750852799999,3170944.61770,5504,2157.92,1396485.60330,0
1750852800000,646.830,646.830,645.880,645.980,5581.32,1750853699999,3607349.26540,7814,1869.89,1208495.14900,0
1750853700000,645.980,647.100,645.800,645.830,4686.75,1750854599999,3029543.99800,6671,1952.40,1262189.15790,0
1750854600000,645.820,646.620,645.620,646.460,5301.61,1750855499999,3425164.02970,6282,3035.24,1960919.49720,0
1750855500000,646.450,646.460,645.820,646.020,5073.07,1750856399999,3277459.29190,6941,2304.14,1488554.02970,0
1750856400000,646.030,646.910,645.300,646.780,10442.15,1750857299999,6744660.02820,10769,6436.56,4157682.54530,0
1750857300000,646.780,647.570,646.570,647.300,7101.66,1750858199999,4595915.11450,8130,3897.98,2522665.38480,0
1750858200000,647.300,647.750,645.050,647.300,11458.74,1750859099999,7409456.13190,9851,4956.02,3205474.12120,0
1750859100000,647.300,647.960,646.710,647.060,5324.95,1750859999999,3447516.01520,8243,2788.04,1805272.37880,0
1750860000000,647.070,647.670,646.440,646.440,3663.94,1750860899999,2371368.14100,7112,1633.08,1056917.29700,0
1750860900000,646.450,646.640,644.360,644.500,12011.60,1750861799999,7750248.51490,12789,6123.03,3950680.99630,0
1750861800000,644.510,647.070,644.310,646.630,5974.88,1750862699999,3857546.11410,8651,3830.29,2472694.18670,0
1750862700000,646.630,647.530,645.800,646.070,4172.90,1750863599999,2698469.96920,7885,2012.37,1301301.05200,0
1750863600000,646.070,646.070,644.550,645.160,6629.50,1750864499999,4276445.50870,8890,2426.07,1565020.16460,0
1750864500000,645.160,645.170,643.110,643.240,5741.85,1750865399999,3697257.70680,8215,2640.36,1700046.17250,0
1750865400000,643.240,643.980,642.030,642.590,7325.86,1750866299999,4709444.93240,9083,4238.66,2725083.38540,0
1750866300000,642.580,643.800,642.200,642.370,3982.32,1750867199999,2560412.39590,6273,2277.06,1464115.62960,0
1750867200000,642.360,643.610,642.340,643.420,3443.71,1750868099999,2214455.76980,7093,2147.25,1380773.87460,0
1750868100000,643.420,644.420,643.420,644.190,2104.12,1750868999999,1355190.88630,5772,1220.60,786113.83330,0
1750869000000,644.180,644.400,642.710,643.210,1759.85,1750869899999,1132335.13440,5639,877.43,564533.84340,0
1750869900000,643.200,643.200,641.850,642.410,2786.59,1750870799999,1789843.93490,6046,1227.87,788671.64390,0
1750870800000,642.410,643.940,642.340,643.810,2357.26,1750871699999,1515784.26310,5591,1504.46,967355.97870,0
1750871700000,643.810,645.480,643.810,644.730,3780.32,1750872599999,2437503.14140,6292,1828.33,1178786.56510,0
1750872600000,644.720,644.830,642.960,643.460,2388.21,1750873499999,1537799.84850,5809,911.18,586693.23690,0
1750873500000,643.450,644.900,643.330,644.810,1752.14,1750874399999,1128657.23100,5339,1088.32,701008.57770,0
1750874400000,644.810,645.080,644.080,644.860,2748.05,1750875299999,1771538.83060,5610,1492.48,962150.22130,0
1750875300000,644.860,645.450,644.860,644.970,1676.98,1750876199999,1081995.84690,4667,769.13,496249.77180,0
1750876200000,644.980,645.860,644.550,645.660,2326.16,1750877099999,1501213.20850,5986,1355.64,874920.36690,0
1750877100000,645.660,645.940,645.270,645.670,1538.25,1750877999999,992976.73220,3886,694.48,448307.13430,0
1750878000000,645.680,646.880,645.670,646.860,3284.43,1750878899999,2122858.55080,6443,1985.22,1282994.75490,0
1750878900000,646.860,647.620,646.590,647.470,2732.11,1750879799999,1768441.67720,5916,1466.63,949285.52040,0
1750879800000,647.470,647.470,646.550,647.400,1750.07,1750880699999,1132374.17010,5104,693.87,448950.78620,0
1750880700000,647.400,647.770,647.020,647.560,1947.44,1750881599999,1260661.85040,4739,777.03,503003.14630,0
1750881600000,647.560,647.700,647.070,647.490,2144.99,1750882499999,1388580.80570,5275,1189.91,770280.65150,0
1750882500000,647.500,647.600,647.110,647.300,989.61,1750883399999,640655.61020,4277,489.97,317195.58500,0
1750883400000,647.300,647.300,646.670,646.670,1198.68,1750884299999,775592.29530,4400,593.86,384260.08740,0
1750884300000,646.670,647.540,646.620,647.470,1310.04,1750885199999,847685.99510,4350,931.37,602691.77420,0
1750885200000,647.460,648.280,647.300,647.460,3843.41,1750886099999,2489673.73790,12273,2280.99,1477695.60730,0
1750886100000,647.470,647.930,646.670,646.670,1647.43,1750886999999,1066574.43280,4509,632.35,409455.47320,0
1750887000000,646.670,647.330,646.310,647.040,1842.27,1750887899999,1191618.10050,4568,810.44,524241.16560,0
1750887900000,647.040,647.050,646.540,646.980,732.57,1750888799999,473832.30010,3133,358.68,231991.72850,0
1750888800000,646.990,647.020,645.800,646.430,4123.41,1750889699999,2665310.75080,6017,2173.53,1404776.11060,0
1750889700000,646.440,646.460,645.360,645.550,1541.72,1750890599999,995815.48410,4243,878.83,567623.47140,0
1750890600000,645.550,645.560,644.330,644.600,2751.47,1750891499999,1774477.85950,9287,1512.89,975658.45740,0
1750891500000,644.590,645.270,644.190,645.190,1364.53,1750892399999,879641.60420,3408,746.45,481171.50940,0
1750892400000,645.190,645.530,643.890,645.320,2457.58,1750893299999,1584281.35920,5409,1483.66,956494.44900,0
1750893300000,645.330,645.710,644.750,645.060,1900.88,1750894199999,1226724.82010,3631,1058.62,683179.90280,0
1750894200000,645.060,645.510,644.940,645.300,1445.81,1750895099999,932854.56320,3535,643.33,415087.23260,0
1750895100000,645.300,646.110,645.040,646.100,1538.68,1750895999999,993370.44160,3763,1001.97,646880.80090,0
1750896000000,646.100,647.140,645.890,646.970,3184.29,1750896899999,2058462.72230,5515,2119.04,1369827.45750,0
1750896900000,646.980,647.630,646.810,647.120,2905.90,1750897799999,1880866.62660,4522,1512.46,978918.03910,0
1750897800000,647.130,647.950,646.800,646.890,3879.54,1750898699999,2511605.10530,4713,2306.04,1492951.06750,0
1750898700000,646.890,647.540,646.880,647.230,2374.60,1750899599999,1536998.40220,3927,1188.26,769076.66470,0
1750899600000,647.230,647.230,645.890,646.080,3158.98,1750900499999,2042187.89290,4906,818.97,529406.87120,0
1750900500000,646.080,647.360,645.360,647.300,2918.34,1750901399999,1885548.85860,4677,1427.23,922379.38400,0
1750901400000,647.310,648.540,646.340,647.220,6900.24,1750902299999,4468839.06160,15218,3809.35,2467128.77730,0
1750902300000,647.220,647.930,646.890,647.930,2183.02,1750903199999,1413353.08920,4014,1195.54,773954.74750,0
1750903200000,647.930,648.500,647.640,648.010,4054.41,1750904099999,2627724.22800,5629,1971.91,1278003.63110,0
1750904100000,648.000,648.250,647.870,647.950,1618.24,1750904999999,1048714.39600,3603,841.67,545444.49010,0
1750905000000,647.950,648.220,647.400,647.690,1420.46,1750905899999,920213.90010,3304,476.85,308898.04660,0
1750905900000,647.690,649.450,647.370,649.090,4637.53,1750906799999,3008688.06080,6582,2754.73,1787140.08240,0
1750906800000,649.090,649.940,648.650,649.050,6237.56,1750907699999,4050361.31230,9470,2869.51,1863416.46850,0
1750907700000,649.050,649.280,647.270,647.330,5019.37,1750908599999,3253351.48870,5907,1717.42,1113414.08830,0
1750908600000,647.320,648.300,647.320,647.850,2559.21,1750909499999,1657558.00280,4406,1316.48,852653.34330,0
1750909500000,647.860,648.500,647.720,648.380,1362.97,1750910399999,883443.46170,3544,650.52,421629.05730,0
1750910400000,648.380,649.280,647.830,647.830,6211.40,1750911299999,4029484.18120,6103,4150.66,2692869.77440,0
1750911300000,647.830,647.840,646.560,646.950,6574.74,1750912199999,4255359.10630,5366,1987.63,1286492.46830,0
1750912200000,646.960,647.430,646.390,646.450,2895.29,1750913099999,1872834.47650,3793,1079.82,698459.19610,0
1750913100000,646.450,647.490,646.140,647.490,1700.85,1750913999999,1099762.04470,3462,1152.16,745029.33700,0
1750914000000,647.490,647.620,646.910,647.420,1750.57,1750914899999,1133102.64120,3642,932.20,603367.59280,0
1750914900000,647.410,647.410,646.750,646.810,896.60,1750915799999,580075.12550,2427,410.03,265266.08230,0
1750915800000,646.800,646.950,646.000,646.380,3058.38,1750916699999,1977181.20160,4548,1126.27,728079.14340,0
1750916700000,646.380,646.840,646.340,646.840,1276.79,1750917599999,825562.54990,2057,616.46,398607.93570,0
1750917600000,646.830,647.720,646.600,647.600,1699.27,1750918499999,1099753.71790,3694,848.44,549111.23150,0
1750918500000,647.590,647.720,646.560,646.560,1583.66,1750919399999,1024980.89870,2856,624.63,404281.00450,0
1750919400000,646.560,646.870,646.100,646.110,2010.35,1750920299999,1299739.64600,3391,996.15,644063.73450,0
1750920300000,646.120,646.570,644.960,645.300,9305.29,1750921199999,6007816.30180,4808,2777.55,1793081.02230,0
1750921200000,645.310,645.900,644.380,645.720,9613.19,1750922099999,6199583.78300,8827,5596.57,3608793.26760,0
1750922100000,645.710,646.810,645.710,646.490,2589.62,1750922999999,1673762.50620,4343,1702.49,1100344.08190,0
1750923000000,646.490,646.950,646.390,646.930,1866.74,1750923899999,1207289.40870,3583,1283.23,829925.74430,0
1750923900000,646.920,647.270,646.700,647.270,1823.44,1750924799999,1179666.49630,4405,1105.46,715192.50320,0
1750924800000,647.270,647.880,647.190,647.870,2912.74,1750925699999,1886196.58030,4966,1506.96,975818.90370,0
1750925700000,647.880,648.170,647.270,647.270,2505.54,1750926599999,1623181.93020,9832,1047.62,678685.41000,0
1750926600000,647.270,648.310,646.660,647.850,2848.79,1750927499999,1845206.58100,5454,1218.94,789525.94070,0
1750927500000,647.860,648.050,647.660,647.890,1301.75,1750928399999,843372.14620,3978,613.51,397475.31480,0
1750928400000,647.900,648.240,646.380,646.740,3689.61,1750929299999,2388249.72590,5792,1619.22,1048001.97090,0
1750929300000,646.730,647.640,646.410,646.660,2943.13,1750930199999,1904368.72270,4976,1482.71,959419.79200,0
1750930200000,646.660,646.660,646.200,646.340,1976.38,1750931099999,1277588.33640,4137,925.17,598028.67390,0
1750931100000,646.330,646.560,645.870,646.050,2208.44,1750931999999,1427065.86130,5032,768.08,496321.91680,0
1750932000000,646.050,646.890,645.700,646.650,3505.02,1750932899999,2265266.32260,4964,1962.06,1268001.13260,0
1750932900000,646.650,646.810,646.240,646.530,1568.27,1750933799999,1013939.73860,2886,796.01,514633.44340,0
1750933800000,646.540,647.040,646.000,646.010,2728.58,1750934699999,1764039.84220,4265,1138.36,735901.00400,0
1750934700000,646.010,646.120,645.150,645.710,2289.43,1750935599999,1478173.50010,3855,1062.53,685997.86070,0
1750935600000,645.710,646.110,645.500,646.050,1496.95,1750936499999,966771.64500,3528,725.25,468417.94020,0
1750936500000,646.050,646.110,645.140,645.500,1976.55,1750937399999,1275856.28200,3560,965.04,622890.72920,0
1750937400000,645.500,645.960,645.400,645.440,1432.47,1750938299999,924899.06930,2825,619.05,399697.41210,0
1750938300000,645.440,645.610,644.450,644.500,2715.61,1750939199999,1751397.64330,10014,1029.75,664046.99320,0
1750939200000,644.490,644.930,643.540,644.080,4980.69,1750940099999,3208632.46990,6122,2415.90,1556512.31900,0
1750940100000,644.070,644.350,642.420,643.150,8960.98,1750940999999,5763705.16500,7762,3528.63,2269398.53590,0
1750941000000,643.140,644.140,642.720,644.090,3349.96,1750941899999,2155815.90320,5061,1891.38,1217132.18310,0
1750941900000,644.100,644.430,642.820,643.280,3413.33,1750942799999,2196958.29300,4660,1965.98,1265423.65630,0
1750942800000,643.280,643.860,642.350,642.720,4636.10,1750943699999,2981410.72870,6041,2025.72,1302923.17240,0
1750943700000,642.720,643.280,642.500,643.200,2825.75,1750944599999,1816648.78670,4865,1613.98,1037590.02740,0
1750944600000,643.210,644.340,642.810,644.330,4552.38,1750945499999,2930233.28640,7880,2602.60,1675290.17760,0
1750945500000,644.340,644.500,640.880,642.060,10362.33,1750946399999,6652415.54000,15652,2977.95,1912369.76800,0
1750946400000,642.060,643.240,640.730,642.240,6963.04,1750947299999,4470631.35560,9081,3985.95,2559480.15700,0
1750947300000,642.250,643.880,641.850,643.790,3499.73,1750948199999,2249626.56390,6774,1840.16,1182670.79450,0
1750948200000,643.790,645.380,643.740,645.140,6139.18,1750949099999,3958362.00920,12248,3743.71,2413554.34860,0
1750949100000,645.130,645.780,644.350,644.430,2933.08,1750949999999,1892105.35420,5794,1169.55,754594.94530,0
1750950000000,644.430,645.020,644.420,644.440,3037.56,1750950899999,1958408.28500,4742,1340.25,864068.67760,0
1750950900000,644.440,645.200,642.550,642.560,4233.48,1750951799999,2726334.23010,5882,1221.10,786542.76490,0
1750951800000,642.570,644.350,641.620,643.940,6923.49,1750952699999,4448951.02540,15210,3911.91,2513763.78990,0
1750952700000,643.930,645.120,643.930,644.840,2414.77,1750953599999,1556675.16970,4684,1212.98,781881.96580,0
1750953600000,644.840,645.290,644.130,644.730,2972.64,1750954499999,1916861.63060,10969,1254.83,809175.22450,0
1750954500000,644.740,645.380,644.340,645.210,2610.64,1750955399999,1683506.05750,4302,1528.99,985916.03190,0
1750955400000,645.220,646.090,645.000,645.300,5361.15,1750956299999,3461341.64920,5579,3629.48,2343400.53830,0
1750956300000,645.300,646.340,644.990,646.330,4072.70,1750957199999,2630048.83600,5198,2673.17,1726428.67110,0
1750957200000,646.330,647.490,646.190,646.420,5333.84,1750958099999,3451439.44470,6393,2684.25,1736855.45610,0
1750958100000,646.430,646.740,645.760,646.440,2604.82,1750958999999,1683376.04500,4310,1428.68,923314.69420,0
1750959000000,646.450,647.390,646.240,646.680,4783.02,1750959899999,3094038.90050,5413,2858.06,1848748.30810,0
1750959900000,646.690,646.850,644.940,645.070,3265.29,1750960799999,2108584.37030,4322,1306.03,843064.03670,0
1750960800000,645.070,646.740,644.770,646.540,2428.76,1750961699999,1569155.75780,4907,1393.66,900420.40770,0
1750961700000,646.550,646.780,645.310,645.400,2462.53,1750962599999,1590734.09130,4389,794.77,513432.24800,0
1750962600000,645.390,645.670,644.820,645.210,2270.05,1750963499999,1464535.62850,4635,1041.24,671775.74400,0
1750963500000,645.210,645.510,644.250,645.480,2224.12,1750964399999,1434470.33310,4882,1126.72,726690.10710,0
1750964400000,645.480,646.060,644.770,645.150,3541.41,1750965299999,2285374.49800,5357,1855.19,1197206.52320,0
1750965300000,645.160,646.200,645.160,645.220,1985.70,1750966199999,1282276.32770,3877,966.27,623942.62230,0
1750966200000,645.230,645.600,645.120,645.410,1688.74,1750967099999,1089863.96720,3381,1052.49,679229.74500,0
1750967100000,645.420,645.460,645.010,645.050,1131.50,1750967999999,730106.15010,3634,501.50,323601.04860,0
1750968000000,645.050,645.880,644.600,645.410,2654.45,1750968899999,1712835.56980,4542,1190.84,768378.24900,0
1750968900000,645.410,645.780,645.210,645.620,1304.52,1750969799999,842072.18310,3316,598.39,386281.91900,0
1750969800000,645.620,646.430,645.520,646.160,3125.41,1750970699999,2019352.03300,4624,1525.47,985589.43340,0
1750970700000,646.160,646.160,644.670,644.780,2340.52,1750971599999,1509998.91760,3906,1076.12,694166.42900,0
1750971600000,644.790,645.080,644.290,644.740,2841.02,1750972499999,1831749.78880,5082,1201.03,774301.35210,0
1750972500000,644.740,644.840,643.420,644.310,3409.99,1750973399999,2196517.53730,5401,918.00,591302.42850,0
1750973400000,644.310,644.610,642.420,643.580,4418.48,1750974299999,2842410.49910,6941,2165.77,1393145.07540,0
1750974300000,643.580,644.800,643.400,644.600,1571.52,1750975199999,1012012.32840,3616,944.84,608465.28910,0
1750975200000,644.600,645.180,643.680,643.780,2126.13,1750976099999,1370003.72080,4696,1269.97,818336.75850,0
1750976100000,643.790,644.020,642.810,643.130,1462.54,1750976999999,940966.72400,3632,652.58,419875.59730,0
1750977000000,643.130,643.440,642.260,642.280,1682.59,1750977899999,1081266.29730,3883,613.83,394435.55450,0
1750977900000,642.280,642.860,642.070,642.500,1305.63,1750978799999,838713.76220,3689,625.80,402012.07460,0
1750978800000,642.500,642.690,641.060,641.300,4777.66,1750979699999,3065340.77910,10962,2301.55,1476372.02830,0
1750979700000,641.300,642.000,641.300,641.730,1680.81,1750980599999,1078411.52940,3967,1013.12,649983.82160,0
1750980600000,641.740,642.040,641.360,641.950,1154.87,1750981499999,741125.93380,3256,657.83,422126.64960,0
1750981500000,641.950,642.160,641.760,642.050,1171.97,1750982399999,752368.52060,2985,537.30,344916.59390,0
1750982400000,642.050,642.350,641.790,641.950,3859.35,1750983299999,2477977.17760,5315,2589.75,1662765.57490,0
1750983300000,641.940,643.050,641.940,642.540,3095.26,1750984199999,1989153.32000,4591,1915.55,1231008.95630,0
1750984200000,642.540,642.640,640.880,641.030,2983.36,1750985099999,1914706.46010,4336,808.12,518809.70970,0
1750985100000,641.020,641.290,640.140,640.250,3303.96,1750985999999,2116835.29320,5490,1813.39,1161889.78250,0
1750986000000,640.240,642.850,638.580,642.650,12454.27,1750986899999,7975028.21630,13011,6384.12,4088540.57860,0
1750986900000,642.650,643.220,641.810,643.040,3238.28,1750987799999,2081140.31740,5692,1603.63,1030631.78010,0
1750987800000,643.040,643.900,642.800,643.760,1646.41,1750988699999,1059274.49370,3928,808.29,520032.02680,0
1750988700000,643.770,644.200,643.420,643.750,2332.77,1750989599999,1501860.31460,4090,1152.64,742026.69690,0
1750989600000,643.750,644.640,643.560,644.620,2204.77,1750990499999,1420474.73030,4600,1132.42,729566.99710,0
1750990500000,644.620,644.900,644.260,644.540,1585.95,1750991399999,1022275.14040,3821,772.83,498149.75770,0
1750991400000,644.540,645.080,644.270,644.870,1931.01,1750992299999,1245127.20670,9794,1132.28,730140.83610,0
1750992300000,644.870,645.080,644.520,644.750,2045.33,1750993199999,1318876.36310,3045,728.83,469948.90540,0
1750993200000,644.750,644.920,644.040,644.040,2616.06,1750994099999,1686277.07180,4008,1070.12,689851.87190,0
1750994100000,644.040,645.290,644.030,645.160,2046.25,1750994999999,1319867.60030,3043,1061.29,684456.61140,0
1750995000000,645.160,645.420,645.060,645.070,1498.23,1750995899999,966711.90160,2824,506.00,326496.04160,0
1750995900000,645.060,645.900,644.810,645.760,4667.97,1750996799999,3012869.88080,3733,3176.29,2050000.59630,0
1750996800000,645.750,645.810,645.300,645.530,1975.71,1750997699999,1275493.28700,3805,979.87,632584.64660,0
1750997700000,645.530,646.090,645.140,645.760,3409.00,1750998599999,2201537.60940,3469,1593.91,1029174.89540,0
1750998600000,645.750,645.930,645.600,645.640,1474.58,1750999499999,952228.69320,2668,650.55,420102.60760,0
1750999500000,645.640,645.980,645.540,645.640,1164.88,1751000399999,752161.65980,2891,661.31,426983.79600,0
1751000400000,645.630,646.450,645.570,646.030,1984.19,1751001299999,1281708.30910,3194,949.51,613342.66170,0
1751001300000,646.030,646.030,644.900,644.910,1687.10,1751002199999,1088660.89870,2956,441.20,284664.70450,0
1751002200000,644.900,645.000,644.400,644.430,1594.99,1751003099999,1028137.16530,2793,650.91,419559.70080,0
1751003100000,644.420,644.840,644.380,644.440,821.45,1751003999999,529506.51490,2157,389.61,251139.65540,0
1751004000000,644.430,644.900,644.040,644.900,1671.49,1751004899999,1077020.01710,3563,963.32,620712.78240,0
1751004900000,644.900,645.470,644.440,644.790,1974.94,1751005799999,1273859.21130,4445,662.02,427004.64940,0
1751005800000,644.780,645.900,644.520,645.860,1742.23,1751006699999,1124538.35060,3523,1091.84,704715.90840,0
1751006700000,645.860,646.380,645.570,646.280,1902.62,1751007599999,1229092.92390,3774,1190.30,768939.11690,0
1751007600000,646.290,646.440,645.840,646.210,1861.22,1751008499999,1202657.47360,4242,804.38,519770.53420,0
1751008500000,646.200,646.670,645.160,645.190,2558.57,1751009399999,1652858.30900,5222,1151.90,744401.15460,0
1751009400000,645.180,645.310,643.520,643.530,3860.83,1751010299999,2487964.15960,5283,1302.47,839502.06280,0
1751010300000,643.520,643.860,642.450,643.440,6555.79,1751011199999,4216699.74140,6833,1746.13,1123337.07790,0
1751011200000,643.430,644.550,643.240,644.550,3199.69,1751012099999,2060717.79100,6024,1963.35,1264503.23640,0
1751012100000,644.540,644.600,643.400,643.400,1742.90,1751012999999,1122523.11090,4436,579.22,373075.60980,0
1751013000000,643.400,644.600,643.380,644.400,1793.28,1751013899999,1154951.60500,4467,1089.47,701667.67350,0
1751013900000,644.400,645.340,643.880,644.680,3044.69,1751014799999,1962987.54980,5507,1556.74,1003597.39930,0
1751014800000,644.690,644.720,643.000,643.260,3598.11,1751015699999,2315936.20960,5287,993.42,639203.84060,0
1751015700000,643.260,644.050,643.140,643.310,1997.94,1751016599999,1285915.06410,3842,1074.09,691277.71820,0
1751016600000,643.320,644.660,643.320,644.440,2606.35,1751017499999,1678935.06370,4194,1790.29,1153169.72340,0
1751017500000,644.430,644.840,644.170,644.650,1182.05,1751018399999,761789.40930,2493,622.40,401125.17280,0
1751018400000,644.650,644.660,643.780,643.870,2231.81,1751019299999,1438076.61240,4031,1035.38,667133.65000,0
1751019300000,643.870,644.340,643.750,644.300,1290.40,1751020199999,831031.08160,2777,533.29,343460.28260,0
1751020200000,644.300,644.900,644.220,644.640,1589.43,1751021099999,1024432.69510,3041,1079.02,695453.09310,0
1751021100000,644.650,644.800,644.430,644.670,970.22,1751021999999,625441.76660,2785,522.25,336660.42040,0
1751022000000,644.670,645.150,644.530,645.140,1744.71,1751022899999,1125059.93480,2910,908.75,586018.07720,0
1751022900000,645.140,645.500,644.350,644.360,2260.57,1751023799999,1458199.02390,4110,722.97,466312.10100,0
1751023800000,644.360,644.820,644.320,644.630,1473.96,1751024699999,950048.75720,2865,854.81,550922.54470,0
1751024700000,644.630,645.340,644.340,645.330,1031.26,1751025599999,665060.80860,2722,484.27,312281.55250,0
1751025600000,645.320,646.080,645.320,645.880,3237.28,1751026499999,2090232.30010,4561,1647.68,1063819.62620,0
1751026500000,645.880,647.880,645.800,646.560,16150.65,1751027399999,10451851.98510,10289,8723.43,5644683.45580,0
1751027400000,646.550,646.600,643.360,644.610,9610.59,1751028299999,6198717.96890,9304,2874.06,1854342.17400,0
1751028300000,644.610,645.040,643.620,644.070,2823.48,1751029199999,1818924.35990,4919,1402.52,903548.43580,0
1751029200000,644.070,645.820,643.700,645.520,3351.51,1751030099999,2161593.26460,5075,1385.44,893558.67630,0
1751030100000,645.530,645.550,644.570,644.690,1855.49,1751030999999,1197038.63340,3802,778.68,502337.41040,0
1751031000000,644.690,645.570,644.610,645.210,2592.93,1751031899999,1672906.56830,4982,1286.85,830218.91070,0
1751031900000,645.210,645.580,643.540,645.340,3421.37,1751032799999,2205358.47720,5490,1827.39,1177905.04440,0
1751032800000,645.350,646.800,645.350,645.550,6150.12,1751033699999,3974173.62840,6819,2757.01,1781328.44810,0
1751033700000,645.550,645.760,644.430,644.730,3102.61,1751034599999,2001786.19080,6071,1380.13,890265.93020,0
1751034600000,644.720,645.510,644.100,645.400,3109.25,1751035499999,2004963.21430,6757,1925.52,1241597.72360,0
1751035500000,645.400,645.840,644.690,645.170,2214.19,1751036399999,1428623.18380,4042,1391.84,898003.72440,0
1751036400000,645.170,645.460,644.650,645.070,1713.23,1751037299999,1105113.94510,4972,829.66,535139.57130,0
1751037300000,645.080,645.440,644.550,645.440,1774.01,1751038199999,1144315.02200,4090,889.43,573711.95900,0
1751038200000,645.440,646.980,645.260,646.830,3696.86,1751039099999,2389235.55990,5739,2283.54,1475764.50490,0
1751039100000,646.830,647.180,646.360,646.560,3466.07,1751039999999,2241864.44660,4866,1975.33,1277665.25160,0
1751040000000,646.560,646.710,645.880,645.950,2970.68,1751040899999,1920260.39530,5110,971.58,628024.71210,0
1751040900000,645.960,646.420,645.870,646.370,1668.87,1751041799999,1078286.59130,3391,912.57,589608.90620,0
1751041800000,646.380,648.450,646.210,646.210,6271.59,1751042699999,4060326.21800,7579,3934.81,2547779.09250,0
1751042700000,646.220,646.320,645.780,645.800,2055.96,1751043599999,1328231.65480,3851,1165.39,752849.49500,0
1751043600000,645.810,645.940,644.820,645.000,2530.02,1751044499999,1632280.35590,4796,1334.96,861200.63300,0
1751044500000,645.010,645.360,644.110,644.150,1974.65,1751045399999,1273145.32180,3832,806.43,520009.90300,0
1751045400000,644.150,644.690,643.510,643.510,4527.60,1751046299999,2916040.77230,6125,2881.08,1855585.96400,0
1751046300000,643.510,644.030,642.850,643.920,6578.92,1751047199999,4232564.13170,7595,3471.06,2232984.08800,0
1751047200000,643.930,644.130,643.500,643.600,1959.37,1751048099999,1261448.52190,4705,956.86,616010.02160,0
1751048100000,643.610,644.020,642.780,643.050,2896.42,1751048999999,1863013.59010,5141,1149.44,739345.49490,0
1751049000000,643.040,643.410,642.230,642.500,4228.25,1751049899999,2717357.88370,6570,1627.02,1045632.09660,0
1751049900000,642.490,643.040,642.180,642.680,2054.81,1751050799999,1320384.86170,5228,980.35,629917.45840,0
1751050800000,642.670,644.000,642.140,643.880,3468.47,1751051699999,2230300.13510,6366,1936.26,1245242.79400,0
1751051700000,643.890,644.330,643.380,644.100,1534.90,1751052599999,988453.85560,3698,648.04,417299.30030,0
1751052600000,644.090,644.610,643.830,644.480,1862.07,1751053499999,1199670.57260,3267,813.31,523965.17290,0
1751053500000,644.470,645.450,644.470,645.070,2027.48,1751054399999,1307583.13060,4098,1162.21,749529.13130,0
1751054400000,645.070,645.870,644.780,645.540,2433.42,1751055299999,1570747.74270,3967,1380.18,890878.92930,0
1751055300000,645.550,645.870,645.540,645.720,1391.05,1751056199999,898285.38770,2580,609.15,393351.40490,0
1751056200000,645.720,646.200,645.700,645.790,1693.02,1751057099999,1093609.02530,3450,938.16,606012.73390,0
1751057100000,645.800,646.140,645.440,646.140,1789.28,1751057999999,1155611.48380,2830,1139.80,736152.57860,0
1751058000000,646.140,646.880,646.000,646.420,3477.97,1751058899999,2248136.52010,4709,2108.09,1362741.59560,0
1751058900000,646.420,646.880,645.910,646.860,2431.16,1751059799999,1571709.51870,3794,1150.59,743894.84110,0
1751059800000,646.860,646.860,645.780,646.240,1669.08,1751060699999,1078700.97050,3048,574.19,371083.52830,0
1751060700000,646.240,646.670,646.150,646.230,731.25,1751061599999,472725.31670,1967,254.01,164195.28820,0
1751061600000,646.220,646.640,646.080,646.400,2022.94,1751062499999,1307566.47060,3241,950.67,614499.66930,0
1751062500000,646.400,646.650,646.260,646.310,650.58,1751063399999,420533.15920,1846,351.27,227049.93740,0
1751063400000,646.310,646.410,645.780,646.280,1185.51,1751064299999,766030.88220,2586,520.37,336217.34900,0
1751064300000,646.290,646.560,646.160,646.160,691.65,1751065199999,447087.73460,1748,228.16,147481.21440,0
1751065200000,646.170,646.170,645.460,646.000,1135.25,1751066099999,733121.17550,2784,616.62,398180.88950,0
1751066100000,646.000,646.060,645.140,645.190,1398.94,1751066999999,903218.44120,2811,388.22,250658.95230,0
1751067000000,645.180,645.480,645.080,645.340,644.44,1751067899999,415869.11540,1544,220.14,142050.61530,0
1751067900000,645.350,645.960,645.340,645.560,1072.11,1751068799999,692269.26390,1965,707.93,457104.71830,0
1751068800000,645.570,645.570,644.890,645.060,1724.11,1751069699999,1112237.62370,3228,749.39,483391.08980,0
1751069700000,645.050,645.590,644.940,645.530,1679.31,1751070599999,1083571.81720,3026,1256.33,810611.87280,0
1751070600000,645.530,645.660,645.340,645.430,748.67,1751071499999,483252.34530,2580,335.09,216289.89290,0
1751071500000,645.430,645.840,645.000,645.010,1273.83,1751072399999,822342.94350,2460,808.97,522301.45380,0
1751072400000,645.010,645.150,644.380,644.380,1313.10,1751073299999,846745.54240,2546,478.98,308890.92280,0
1751073300000,644.380,644.590,644.000,644.370,2136.62,1751074199999,1376778.49900,3292,1057.56,681430.22290,0
1751074200000,644.360,645.250,644.220,645.240,666.72,1751075099999,429804.54230,2284,402.30,259353.76690,0
1751075100000,645.250,645.800,645.000,645.650,1024.61,1751075999999,661363.81930,2450,645.11,416408.31620,0
1751076000000,645.650,645.820,644.860,644.970,1307.54,1751076899999,843769.56070,3412,659.88,425847.73290,0
1751076900000,644.960,645.320,644.920,645.280,619.26,1751077799999,399530.36520,2066,321.71,207550.49720,0
1751077800000,645.280,645.400,645.120,645.200,538.79,1751078699999,347660.77500,1663,271.58,175240.01250,0
1751078700000,645.200,645.200,644.740,644.880,1093.38,1751079599999,705224.92480,2158,434.62,280305.08830,0
1751079600000,644.870,645.060,644.440,644.620,954.14,1751080499999,615107.65440,2906,517.07,333321.46190,0
1751080500000,644.610,644.870,644.500,644.500,722.17,1751081399999,465558.61240,2144,412.16,265705.07910,0
1751081400000,644.500,644.680,644.040,644.230,1406.07,1751082299999,905902.83760,2780,481.39,310123.98270,0
1751082300000,644.220,644.500,644.030,644.180,989.56,1751083199999,637475.81300,2397,552.26,355763.81790,0
1751083200000,644.180,644.380,644.060,644.070,1143.51,1751084099999,736647.78720,3101,532.68,343157.23970,0
1751084100000,644.060,644.630,644.060,644.520,998.36,1751084999999,643192.89250,2861,483.49,311478.29220,0
1751085000000,644.520,644.540,644.220,644.500,596.58,1751085899999,384440.44180,2265,336.13,216602.93700,0
1751085900000,644.500,644.970,644.420,644.790,928.94,1751086799999,598875.66090,2831,557.77,359596.26510,0
1751086800000,644.790,645.000,644.350,644.990,2031.24,1751087699999,1309407.83750,3283,797.53,514127.00950,0
1751087700000,645.000,645.020,644.540,644.550,850.33,1751088599999,548257.22870,2089,382.37,246519.63670,0
1751088600000,644.550,644.620,644.240,644.320,733.24,1751089499999,472522.74730,2137,379.28,244413.17290,0
1751089500000,644.320,644.560,644.310,644.460,500.52,1751090399999,322542.51930,1686,286.16,184408.67150,0
1751090400000,644.450,645.320,644.450,645.150,1916.75,1751091299999,1236425.41510,3542,1204.83,777126.49680,0
1751091300000,645.150,646.770,645.110,646.280,6491.26,1751092199999,4192922.85450,6059,4954.36,3200020.22570,0
1751092200000,646.290,646.370,645.870,646.050,2077.56,1751093099999,1342440.30040,2702,487.06,314660.93650,0
1751093100000,646.050,646.280,645.860,646.170,1291.33,1751093999999,834226.79600,2132,580.32,374935.85980,0
1751094000000,646.180,646.670,646.020,646.390,2461.46,1751094899999,1590835.07800,3188,1315.24,850146.83280,0
1751094900000,646.390,646.640,646.180,646.640,1466.38,1751095799999,947953.23160,2312,1142.18,738381.94510,0
1751095800000,646.640,646.670,646.260,646.310,1222.55,1751096699999,790361.02600,2942,550.19,355691.99280,0
1751096700000,646.310,646.980,646.300,646.910,1997.74,1751097599999,1291946.95190,2943,1216.56,786778.55290,0
1751097600000,646.910,647.000,646.090,646.110,1595.08,1751098499999,1031361.29440,3625,656.97,424800.43850,0
1751098500000,646.110,646.240,645.860,645.940,1518.70,1751099399999,981185.24120,3218,664.47,429287.61330,0
1751099400000,645.930,645.930,645.640,645.640,644.98,1751100299999,416497.78790,1874,218.99,141411.18470,0
1751100300000,645.650,645.650,645.080,645.440,766.08,1751101199999,494328.23610,2191,550.09,354933.05930,0
1751101200000,645.430,645.600,645.320,645.410,1186.86,1751102099999,766062.36200,1973,467.89,302008.22670,0
1751102100000,645.420,646.090,645.180,646.080,1315.89,1751102999999,849472.71410,2671,979.27,632133.02800,0
1751103000000,646.080,646.910,646.080,646.610,2726.05,1751103899999,1762923.78120,3141,1201.69,777050.19250,0
1751103900000,646.600,646.800,646.560,646.610,1195.42,1751104799999,773055.03560,2238,619.15,400389.00110,0
1751104800000,646.610,646.740,646.500,646.500,1002.93,1751105699999,648483.72280,2282,548.93,354925.96870,0
1751105700000,646.500,646.710,646.340,646.520,1036.25,1751106599999,669938.33930,2585,614.56,397306.02240,0
1751106600000,646.520,646.570,646.240,646.310,497.10,1751107499999,321315.48840,1919,235.14,151981.99130,0
1751107500000,646.310,646.450,646.310,646.450,410.35,1751108399999,265245.28900,1557,190.35,123039.19160,0
1751108400000,646.440,646.790,646.440,646.540,963.35,1751109299999,622930.99920,2499,562.29,363584.80680,0
1751109300000,646.540,646.680,646.170,646.180,691.43,1751110199999,447025.19560,2202,269.55,174280.61390,0
1751110200000,646.180,646.430,646.140,646.290,898.37,1751111099999,580603.59270,2069,585.24,378227.66020,0
1751111100000,646.290,646.290,646.090,646.210,776.08,1751111999999,501499.13380,1383,218.53,141210.05810,0
1751112000000,646.200,646.520,646.200,646.420,1212.09,1751112899999,783462.26910,2900,831.03,537138.50320,0
1751112900000,646.420,646.420,646.160,646.160,692.64,1751113799999,447586.52760,2465,256.49,165743.20830,0
1751113800000,646.160,646.330,646.020,646.070,1586.84,1751114699999,1025359.92840,2364,447.05,288880.74780,0
1751114700000,646.080,646.180,645.920,645.980,679.25,1751115599999,438820.63400,1816,348.72,225285.99900,0
1751115600000,645.980,646.350,645.620,645.820,2787.86,1751116499999,1800825.15340,3416,1784.34,1152679.78270,0
1751116500000,645.820,645.830,645.190,645.480,2206.64,1751117399999,1424283.15440,2437,486.60,314044.49540,0
1751117400000,645.480,645.830,645.380,645.730,1138.76,1751118299999,735230.93600,2535,581.78,375610.19860,0
1751118300000,645.720,645.730,645.230,645.240,926.34,1751119199999,597878.80020,2214,289.66,186950.33740,0
1751119200000,645.230,645.760,645.200,645.490,3464.10,1751120099999,2236015.13560,4328,1456.95,940426.93350,0
1751120100000,645.500,645.650,645.480,645.530,702.29,1751120999999,453375.29890,2081,307.12,198264.38000,0
1751121000000,645.530,646.100,645.520,645.930,1446.53,1751121899999,934210.16810,2456,1016.39,656408.66110,0
1751121900000,645.930,646.100,645.850,646.070,634.28,1751122799999,409716.25660,1796,433.12,279778.49890,0
1751122800000,646.080,646.390,646.060,646.330,998.64,1751123699999,645300.99930,2439,624.69,403648.92130,0
1751123700000,646.320,646.400,646.150,646.150,614.15,1751124599999,396915.72960,1688,243.53,157392.56990,0
1751124600000,646.160,646.510,646.130,646.510,689.18,1751125499999,445439.53290,1569,479.49,309923.22370,0
1751125500000,646.500,646.760,645.240,646.380,4132.16,1751126399999,2669290.24860,5668,1769.86,1143392.10140,0
1751126400000,646.390,646.980,646.380,646.610,3772.35,1751127299999,2439319.11490,4778,2909.64,1881453.44730,0
1751127300000,646.620,646.620,645.990,646.010,1210.88,1751128199999,782490.34380,2694,669.94,432906.83850,0
1751128200000,646.010,646.260,645.620,645.720,1071.76,1751129099999,692265.33790,2306,627.59,405324.31280,0
1751129100000,645.720,645.720,645.300,645.540,972.97,1751129999999,628008.38970,2125,553.49,357236.68640,0
1751130000000,645.530,645.880,645.510,645.720,1241.75,1751130899999,801762.87460,2662,782.05,504939.60310,0
1751130900000,645.710,645.740,645.500,645.640,898.27,1751131799999,579970.80850,1892,547.79,353679.25200,0
1751131800000,645.630,646.460,645.630,646.360,1261.10,1751132699999,814659.72760,2396,971.19,627367.30030,0
1751132700000,646.360,647.300,646.340,646.830,2638.80,1751133599999,1707039.63740,4467,1787.19,1156123.97700,0
1751133600000,646.830,647.080,646.410,646.480,2147.84,1751134499999,1389064.63430,4082,1317.91,852344.30550,0
1751134500000,646.490,646.600,646.040,646.130,1065.55,1751135399999,688728.78260,2916,596.39,385484.38700,0
1751135400000,646.140,646.440,645.930,646.030,1192.48,1751136299999,770501.77780,3098,465.32,300647.54550,0
1751136300000,646.020,646.620,645.960,646.620,832.12,1751137199999,537825.85370,2024,523.68,338500.92290,0
1751137200000,646.610,646.890,646.610,646.680,1241.82,1751138099999,803170.90600,2841,666.01,430748.70850,0
1751138100000,646.690,647.000,646.680,646.730,799.41,1751138999999,517043.20120,1918,605.38,391534.22310,0
1751139000000,646.730,646.950,646.280,646.940,1372.78,1751139899999,887617.28990,3111,845.92,546974.71930,0
1751139900000,646.950,647.500,646.940,647.180,1627.26,1751140799999,1053215.36640,2328,1041.05,673774.03720,0
1751140800000,647.180,648.020,647.170,647.560,3349.20,1751141699999,2169419.29310,4455,2232.33,1445929.99580,0
1751141700000,647.570,647.570,647.090,647.410,1355.34,1751142599999,877293.18960,2451,564.84,365582.89350,0
1751142600000,647.410,647.540,647.380,647.380,557.21,1751143499999,360783.69050,1761,230.98,149552.63610,0
1751143500000,647.390,647.560,647.380,647.480,529.44,1751144399999,342798.49470,1248,249.53,161559.70170,0
1751144400000,647.480,647.580,647.080,647.090,1358.78,1751145299999,879783.58500,3113,423.71,274355.62750,0
1751145300000,647.080,647.560,647.050,647.370,650.11,1751146199999,420871.68280,2318,311.76,201819.71750,0
1751146200000,647.360,647.890,647.360,647.710,643.52,1751147099999,416817.38570,1995,347.18,224871.67250,0
1751147100000,647.720,648.160,647.710,648.050,665.23,1751147999999,431034.29130,2881,312.46,202453.70240,0
1751148000000,648.050,648.880,647.810,648.230,3718.46,1751148899999,2411084.19610,10972,2132.77,1382791.39440,0
1751148900000,648.230,648.800,648.230,648.710,1491.18,1751149799999,967205.57320,3562,802.49,520454.84270,0
1751149800000,648.720,648.800,648.340,648.790,977.00,1751150699999,633673.91970,2658,489.14,317254.54380,0
1751150700000,648.800,648.830,648.580,648.650,1020.52,1751151599999,662052.35480,2679,397.16,257648.08520,0
1751151600000,648.660,648.990,648.650,648.780,1241.23,1751152499999,805347.38630,3040,693.75,450129.09010,0
1751152500000,648.790,648.920,648.650,648.750,905.37,1751153399999,587362.02730,2714,480.84,311952.96040,0
1751153400000,648.740,648.750,648.150,648.260,1211.08,1751154299999,785264.76280,3565,358.02,232109.12830,0
1751154300000,648.250,648.480,648.230,648.380,937.20,1751155199999,607650.40550,2277,472.46,306320.11610,0
1751155200000,648.370,648.640,647.870,647.950,2488.80,1751156099999,1613689.20400,4041,1211.80,785715.53980,0
1751156100000,647.950,648.550,647.640,648.200,1523.44,1751156999999,987284.66860,3413,881.57,571288.26190,0
1751157000000,648.190,648.400,647.580,647.700,1086.40,1751157899999,704034.98100,2488,430.30,278841.50150,0
1751157900000,647.690,648.180,647.640,647.990,1773.04,1751158799999,1148672.58890,3004,818.57,530358.15540,0
1751158800000,647.990,648.010,647.620,647.620,1346.00,1751159699999,871997.60070,2871,523.30,339030.21150,0
1751159700000,647.620,647.820,647.510,647.550,981.26,1751160599999,635509.02050,2476,408.64,264650.28650,0
1751160600000,647.550,648.020,647.450,647.560,1176.70,1751161499999,762175.86720,2520,719.66,466122.19930,0
1751161500000,647.550,647.800,647.110,647.190,953.29,1751162399999,617145.16860,2119,307.02,198760.89260,0
1751162400000,647.180,647.210,646.680,646.950,2049.92,1751163299999,1326146.28440,3934,672.57,435059.48720,0
1751163300000,646.940,647.560,646.820,647.490,1592.02,1751164199999,1030166.90490,2383,1111.44,719188.24430,0
1751164200000,647.490,648.000,647.480,647.970,825.13,1751165099999,534537.64800,1743,289.13,187272.56340,0
1751165100000,647.970,648.350,647.970,648.350,548.37,1751165999999,355412.56260,1471,443.15,287217.93130,0
1751166000000,648.350,648.350,648.030,648.220,1846.50,1751166899999,1196963.46280,3287,721.59,467745.67550,0
1751166900000,648.220,648.500,648.220,648.490,689.07,1751167799999,446765.45420,2132,389.02,252224.07000,0
1751167800000,648.490,648.550,648.260,648.280,1348.26,1751168699999,874257.11670,2685,376.99,244446.88180,0
1751168700000,648.280,648.420,648.220,648.410,529.10,1751169599999,343042.97190,1581,240.53,155945.14960,0
1751169600000,648.410,648.950,648.410,648.610,3581.76,1751170499999,2323526.94240,3999,1254.49,813751.10040,0
1751170500000,648.610,648.680,648.300,648.450,2221.60,1751171399999,1440731.69430,3149,479.12,310695.39810,0
1751171400000,648.460,648.670,648.380,648.580,1060.89,1751172299999,687980.50950,2010,639.39,414634.63180,0
1751172300000,648.590,648.810,648.580,648.800,898.32,1751173199999,582773.99120,1925,490.74,318358.87220,0
1751173200000,648.800,648.870,648.480,648.770,2721.39,1751174099999,1765376.99220,3937,1103.13,715644.30260,0
1751174100000,648.770,648.860,648.750,648.850,854.18,1751174999999,554187.02120,1999,429.97,278961.58310,0
1751175000000,648.860,648.980,648.770,648.980,818.10,1751175899999,530822.79510,1839,469.00,304317.41710,0
1751175900000,648.970,649.380,648.970,649.310,2276.85,1751176799999,1478156.77580,3440,1410.06,915389.47450,0
1751176800000,649.320,649.370,648.470,648.900,4579.84,1751177699999,2972002.01300,4698,1313.10,852142.26550,0
1751177700000,648.900,649.110,648.890,649.070,2110.34,1751178599999,1369762.22040,2716,1041.20,675796.73210,0
1751178600000,649.060,649.300,649.040,649.220,2776.23,1751179499999,1802146.88110,2801,2274.61,1476507.25680,0
1751179500000,649.220,649.260,649.110,649.180,1112.38,1751180399999,722160.16320,2577,457.80,297203.48630,0
1751180400000,649.170,649.330,649.050,649.290,1077.31,1751181299999,699365.74720,2948,613.67,398379.15850,0
1751181300000,649.290,650.230,649.290,649.710,5836.50,1751182199999,3792846.58550,7133,4335.64,2817489.00520,0
1751182200000,649.710,649.900,649.100,649.100,1076.59,1751183099999,699357.43760,2731,365.81,237664.05270,0
1751183100000,649.100,649.110,648.700,649.090,2155.03,1751183999999,1398414.61790,3916,1043.04,676825.52010,0
1751184000000,649.100,649.430,648.960,649.290,2145.73,1751184899999,1393059.40380,4400,1233.55,800846.25740,0
1751184900000,649.300,649.430,649.260,649.360,1013.71,1751185799999,658245.81920,2597,485.92,315530.67380,0
1751185800000,649.360,649.850,649.350,649.830,1850.99,1751186699999,1202457.12210,3884,1020.28,662801.84090,0
1751186700000,649.830,649.830,649.360,649.560,1831.44,1751187599999,1189685.41120,4275,974.72,633145.50930,0
1751187600000,649.560,649.820,649.250,649.720,1924.18,1751188499999,1249710.76030,4050,1340.94,870902.41600,0
1751188500000,649.720,650.180,649.650,650.170,1657.45,1751189399999,1077271.29140,3367,1138.73,740133.16480,0
1751189400000,650.180,650.510,649.840,649.950,3809.88,1751190299999,2476882.14180,5408,2064.34,1342105.63360,0
1751190300000,649.950,650.050,649.370,649.450,2428.99,1751191199999,1578264.39190,3313,1188.46,772203.85460,0
1751191200000,649.460,650.070,649.450,649.780,2687.52,1751192099999,1746140.70370,4365,1471.90,956299.19290,0
1751192100000,649.780,649.980,649.500,649.560,2639.33,1751192999999,1714922.49080,3232,1620.79,1053127.08410,0
1751193000000,649.570,649.830,649.490,649.780,1536.77,1751193899999,998388.19490,3852,685.07,445060.57130,0
1751193900000,649.770,650.090,649.460,650.000,2436.94,1751194799999,1583663.97710,3367,1305.97,848705.42580,0
1751194800000,650.010,650.010,649.570,649.650,1070.62,1751195699999,695655.51280,2774,537.58,349288.28770,0
1751195700000,649.650,649.930,649.650,649.740,786.92,1751196599999,511328.44570,2572,431.20,280186.45980,0
1751196600000,649.740,650.090,649.710,650.050,1100.99,1751197499999,715584.48020,3227,661.57,430006.88160,0
1751197500000,650.050,651.000,650.010,650.970,3357.50,1751198399999,2184336.46710,4712,2141.52,1393245.14660,0
1751198400000,650.970,651.030,649.990,650.030,3377.20,1751199299999,2196679.14490,5219,1769.96,1151277.23650,0
1751199300000,650.020,650.400,650.020,650.130,1816.99,1751200199999,1181492.16060,3464,978.34,636157.90630,0
1751200200000,650.120,650.340,650.070,650.070,870.09,1751201099999,565760.80270,2356,436.83,284043.79230,0
1751201100000,650.060,650.400,650.000,650.340,1177.23,1751201999999,765478.16850,3007,666.04,433088.86070,0
1751202000000,650.340,650.590,650.120,650.290,1657.89,1751202899999,1078284.89920,3383,611.75,397903.07190,0
1751202900000,650.280,650.750,650.280,650.660,1012.02,1751203799999,658300.53270,2775,526.10,342200.89920,0
1751203800000,650.670,650.670,650.280,650.460,917.37,1751204699999,596666.85020,3125,328.94,213937.37980,0
1751204700000,650.460,650.590,649.930,649.940,1418.83,1751205599999,922482.02400,2814,469.44,305237.56790,0
1751205600000,649.940,650.350,649.910,650.290,1081.05,1751206499999,702768.40560,3008,618.12,401818.91830,0
1751206500000,650.280,650.290,649.400,649.530,1345.28,1751207399999,874044.38420,3535,608.56,395353.27340,0
1751207400000,649.520,649.520,648.410,648.740,7899.20,1751208299999,5125869.33590,5319,1721.69,1117075.07710,0
1751208300000,648.740,649.000,648.110,648.780,4835.42,1751209199999,3135782.48120,5092,1835.65,1190632.12620,0
1751209200000,648.780,649.210,648.000,648.710,2947.51,1751210099999,1911891.65630,4585,1423.79,923666.35160,0
1751210100000,648.710,648.770,648.210,648.610,1564.23,1751210999999,1014388.47370,3199,681.69,442020.55100,0
1751211000000,648.600,649.140,648.480,649.080,1046.59,1751211899999,679026.71110,2550,580.75,376813.93050,0
1751211900000,649.080,649.080,648.310,648.790,1354.50,1751212799999,878654.09260,3572,661.31,428966.48790,0
1751212800000,648.790,648.980,648.500,648.740,1444.13,1751213699999,936830.43490,3518,672.05,435967.08590,0
1751213700000,648.740,649.140,648.290,648.460,1939.48,1751214599999,1258327.83590,3636,888.32,576372.25110,0
1751214600000,648.460,648.870,648.380,648.390,1389.39,1751215499999,901089.45180,2743,552.48,358317.70670,0
1751215500000,648.390,648.710,647.740,648.660,1804.58,1751216399999,1169684.50720,3424,1046.92,678616.51410,0
1751216400000,648.660,648.720,648.470,648.650,1125.62,1751217299999,730083.14740,3577,726.54,471237.99500,0
1751217300000,648.650,649.020,648.430,648.590,989.10,1751218199999,641635.02190,2860,588.30,381632.26000,0
1751218200000,648.590,648.600,647.830,648.080,901.75,1751219099999,584430.04410,2401,309.11,200321.95420,0
1751219100000,648.070,648.530,648.010,648.460,896.35,1751219999999,580986.60340,1951,684.32,443542.35740,0
1751220000000,648.460,648.460,648.130,648.140,869.68,1751220899999,563752.81500,2542,432.09,280073.51760,0
1751220900000,648.130,648.400,647.850,648.390,1123.48,1751221799999,728096.03350,3104,664.21,430451.28240,0
1751221800000,648.390,648.510,648.070,648.460,1749.99,1751222699999,1134516.46530,2812,969.84,628724.06020,0
1751222700000,648.460,649.150,648.450,648.970,2163.83,1751223599999,1404001.68500,2844,1606.31,1042160.59210,0
1751223600000,648.970,649.080,648.610,648.700,1056.17,1751224499999,685273.05440,2489,565.22,366712.81950,0
1751224500000,648.700,648.700,648.390,648.620,884.04,1751225399999,573301.51000,2480,431.81,280019.97710,0
1751225400000,648.620,648.710,648.000,648.100,846.24,1751226299999,548705.03550,1969,317.70,205996.28660,0
1751226300000,648.110,648.520,648.100,648.370,610.17,1751227199999,395629.37740,1693,295.76,191759.38600,0
1751227200000,648.370,648.430,648.210,648.210,777.70,1751228099999,504213.19100,2491,381.55,247370.27930,0
1751228100000,648.220,648.390,647.970,648.340,848.61,1751228999999,550065.28260,2070,421.37,273129.97840,0
1751229000000,648.340,648.340,647.900,647.910,715.76,1751229899999,463898.85550,2379,249.82,161895.65850,0
1751229900000,647.900,648.040,647.600,647.680,1123.88,1751230799999,728083.04730,3044,400.39,259423.71590,0
1751230800000,647.680,647.820,646.460,647.300,3922.07,1751231699999,2538366.94530,5522,1615.73,1045801.82460,0
1751231700000,647.300,648.270,647.280,648.040,1092.14,1751232599999,707401.94200,2633,814.83,527713.95080,0
1751232600000,648.040,648.530,648.040,648.370,987.58,1751233499999,640330.91270,2431,640.55,415307.62160,0
1751233500000,648.360,648.680,648.290,648.560,891.10,1751234399999,577831.76030,1937,591.21,383368.59450,0
1751234400000,648.550,649.550,648.200,649.550,3326.46,1751235299999,2158798.42930,5788,2025.02,1314358.59200,0
1751235300000,649.550,652.520,649.540,652.510,8505.83,1751236199999,5539406.31580,15967,6223.53,4052814.23610,0
1751236200000,652.510,655.300,652.250,654.970,18484.61,1751237099999,12088671.99990,23129,11150.48,7292283.69460,0
1751237100000,654.960,655.560,654.080,654.270,5501.91,1751237999999,3603196.52500,8419,2685.74,1758937.86090,0
1751238000000,654.270,656.060,654.220,654.510,7602.32,1751238899999,4981033.50380,10775,3838.03,2514839.24010,0
1751238900000,654.500,655.760,653.930,655.550,4495.93,1751239799999,2944542.69100,6689,2301.82,1507682.62540,0
1751239800000,655.540,655.680,654.270,654.650,2006.50,1751240699999,1313892.50970,5806,1076.85,705128.07530,0
1751240700000,654.660,655.230,654.540,654.960,1593.07,1751241599999,1043343.65830,4067,824.42,539936.47150,0
1751241600000,654.960,655.880,654.950,655.720,4633.45,1751242499999,3036929.48100,7581,2390.64,1566928.23160,0
1751242500000,655.740,657.260,655.460,656.190,6171.24,1751243399999,4050597.36670,8030,3759.17,2467506.00340,0
1751243400000,656.200,656.640,655.120,655.470,4723.71,1751244299999,3098007.70550,6495,2237.68,1467440.93420,0
1751244300000,655.470,655.680,654.090,654.710,3437.20,1751245199999,2250414.53120,4414,1488.22,974342.65420,0
1751245200000,654.710,655.080,653.510,654.090,5826.24,1751246099999,3811887.65000,7254,2821.76,1846266.48680,0
1751246100000,654.120,654.520,653.220,654.520,2090.33,1751246999999,1367052.52040,4890,1099.23,718882.57950,0
1751247000000,654.520,654.900,654.070,654.470,2651.71,1751247899999,1735521.06590,4430,1814.95,1187887.51700,0
1751247900000,654.460,654.610,653.460,653.560,1751.62,1751248799999,1145250.41370,3419,671.52,439014.14370,0
1751248800000,653.550,655.080,653.550,655.050,2840.24,1751249699999,1858700.17880,5457,1633.98,1069364.91820,0
1751249700000,655.050,655.410,653.750,653.960,2127.65,1751250599999,1392832.39870,4426,833.01,545318.29500,0
1751250600000,653.960,655.340,653.770,655.330,2857.76,1751251499999,1871502.43070,5352,1164.78,762726.69540,0
1751251500000,655.330,655.330,653.720,653.880,2091.55,1751252399999,1368962.58030,3921,630.04,412432.53110,0
1751252400000,653.880,654.600,653.740,654.560,5466.92,1751253299999,3575889.06710,4530,4124.94,2697850.01060,0
1751253300000,654.560,655.000,654.420,654.600,2088.65,1751254199999,1367400.89260,3586,641.90,420227.08830,0
1751254200000,654.600,655.660,654.590,655.660,1385.28,1751255099999,907563.83350,2945,759.19,497416.62010,0
1751255100000,655.650,655.660,654.780,655.410,2735.23,1751255999999,1792278.26430,3214,814.94,534003.55550,0
1751256000000,655.400,656.720,655.140,655.290,7039.95,1751256899999,4618367.16720,7815,2615.78,1715640.71250,0
1751256900000,655.280,655.460,654.710,655.280,2121.08,1751257799999,1389405.53290,4022,1055.38,691318.80680,0
1751257800000,655.270,655.280,654.270,654.380,1285.22,1751258699999,841537.12490,3004,450.35,294850.64630,0
1751258700000,654.370,655.440,654.160,655.000,2072.77,1751259599999,1357379.94520,3624,1010.34,661534.64390,0
1751259600000,654.990,656.240,654.800,655.830,2757.09,1751260499999,1808216.65550,5083,1352.62,887016.00390,0
1751260500000,655.840,655.840,654.520,654.530,1631.09,1751261399999,1068630.16810,3226,564.15,369623.21430,0
1751261400000,654.520,655.000,654.270,654.760,1757.24,1751262299999,1150324.70210,3287,896.54,586859.91850,0
1751262300000,654.750,655.330,654.660,655.120,1565.72,1751263199999,1025474.04970,2611,932.81,610944.18420,0
1751263200000,655.120,655.300,655.080,655.210,1809.64,1751264099999,1185722.10270,3199,706.72,463053.00020,0
1751264100000,655.210,655.210,654.920,655.080,1518.21,1751264999999,994548.78700,2891,493.98,323599.64080,0
1751265000000,655.080,655.170,653.780,654.130,3372.52,1751265899999,2207410.43670,5084,1273.21,833277.52720,0
1751265900000,654.120,654.240,652.360,653.410,6929.40,1751266799999,4526792.85360,10087,3051.09,1993074.54210,0
1751266800000,653.400,654.240,652.600,654.030,4004.02,1751267699999,2616487.77900,7233,2118.17,1384097.83710,0
1751267700000,654.020,654.860,653.780,654.740,2417.96,1751268599999,1582539.14970,4019,1471.37,963003.14600,0
1751268600000,654.740,654.740,654.360,654.370,1189.51,1751269499999,778609.95370,3542,555.13,363369.25940,0
1751269500000,654.370,654.660,654.290,654.520,1961.10,1751270399999,1283413.88810,3788,889.09,581831.62140,0
1751270400000,654.490,655.120,653.990,654.000,3349.13,1751271299999,2192701.97310,4736,1524.45,998217.37950,0
1751271300000,653.990,653.990,652.900,653.420,3172.89,1751272199999,2072985.44640,4527,1271.04,830402.56960,0
1751272200000,653.410,653.450,652.860,653.110,1923.65,1751273099999,1256414.32790,4883,851.12,555887.99470,0
1751273100000,653.110,653.750,652.860,653.370,2083.25,1751273999999,1361003.19200,4029,1004.34,656138.33570,0
1751274000000,653.360,653.870,653.160,653.710,2629.78,1751274899999,1718559.69180,4422,1507.33,985014.60660,0
1751274900000,653.710,654.000,653.510,653.630,1884.43,1751275799999,1232079.33690,3429,1067.92,698229.39390,0
1751275800000,653.630,653.900,652.840,653.220,3772.73,1751276699999,2465333.01600,5120,1538.75,1005548.50290,0
1751276700000,653.220,653.530,651.700,651.830,11048.88,1751277599999,7207810.48830,12190,4760.60,3104930.18970,0
1751277600000,651.830,652.450,651.670,651.860,8832.82,1751278499999,5758731.81580,9890,4415.36,2878757.38570,0
1751278500000,651.860,652.310,651.600,652.020,3059.56,1751279399999,1994519.83460,4050,1695.38,1105213.17870,0
1751279400000,652.010,652.870,651.630,652.270,4305.41,1751280299999,2808560.70910,5286,1972.64,1286734.40960,0
1751280300000,652.260,653.480,652.050,653.100,6175.00,1751281199999,4030940.10900,4704,3321.50,2168057.95000,0
1751281200000,653.100,654.000,652.970,653.840,4105.30,1751282099999,2682835.36530,5516,2099.04,1371550.78300,0
1751282100000,653.840,654.720,653.640,654.180,3941.28,1751282999999,2578075.24240,5287,2332.92,1526068.47650,0
1751283000000,654.170,654.450,654.170,654.300,2027.14,1751283899999,1326403.68880,3509,664.76,434957.37560,0
1751283900000,654.300,654.570,654.030,654.200,1266.59,1751284799999,828796.03550,2728,438.87,287168.08680,0
1751284800000,654.210,654.740,654.180,654.310,1736.13,1751285699999,1136194.98020,3044,602.79,394507.38470,0
1751285700000,654.300,654.550,654.000,654.080,1478.67,1751286599999,967460.98880,2870,576.65,377291.29840,0
1751286600000,654.070,654.240,653.510,653.840,1332.81,1751287499999,871519.89210,2817,465.44,304351.74740,0
1751287500000,653.840,654.010,653.260,653.610,1591.26,1751288399999,1040038.36380,3371,765.95,500614.26690,0
1751288400000,653.600,654.600,653.500,654.400,1872.58,1751289299999,1225069.88290,3463,1007.93,659338.92450,0
1751289300000,654.400,655.460,654.390,655.180,4462.07,1751290199999,2923020.69820,10680,2899.82,1899689.28400,0
1751290200000,655.180,655.420,653.920,654.040,3654.57,1751291099999,2392136.92190,6156,1530.40,1001721.67700,0
1751291100000,654.040,654.240,652.930,653.140,2361.55,1751291999999,1542985.47970,4668,1027.99,671646.87470,0
1751292000000,653.140,653.600,652.020,653.320,4649.16,1751292899999,3034954.07200,7080,2887.29,1884633.09010,0
1751292900000,653.330,653.580,652.780,653.460,2008.70,1751293799999,1312151.82610,4631,884.63,577881.35740,0
1751293800000,653.460,654.180,653.020,653.730,1889.09,1751294699999,1234810.08890,5313,1112.00,726877.53040,0
1751294700000,653.720,653.920,651.190,651.500,5316.48,1751295599999,3467377.20630,13715,2054.83,1340225.14770,0
1751295600000,651.510,653.480,651.500,653.100,7185.80,1751296499999,4690089.14170,9494,3569.63,2329665.52050,0
1751296500000,653.110,654.830,651.930,654.630,5355.43,1751297399999,3498028.71740,8530,2645.84,1728404.54360,0
1751297400000,654.630,655.270,654.020,654.890,7307.53,1751298299999,4784380.33260,14894,3850.54,2520972.17930,0
1751298300000,654.900,656.830,654.890,656.600,7255.17,1751299199999,4760621.61040,9697,4279.01,2807519.37390,0
1751299200000,656.600,656.810,655.610,656.410,4969.63,1751300099999,3261487.24470,7876,2434.93,1597956.52000,0
1751300100000,656.410,656.420,655.180,655.330,3080.42,1751300999999,2019913.68620,4833,1175.57,770798.65610,0
1751301000000,655.330,656.410,655.330,656.300,2299.63,1751301899999,1508612.77150,5220,1518.36,996053.95720,0
1751301900000,656.290,658.970,656.290,658.430,11864.00,1751302799999,7805914.09070,14463,6931.85,4560238.77170,0
1751302800000,658.420,658.660,657.680,658.110,3439.27,1751303699999,2263458.43020,6621,1564.41,1029600.60540,0
1751303700000,658.110,658.440,657.650,657.910,2713.36,1751304599999,1785677.43340,4943,1327.88,873802.15470,0
1751304600000,657.920,658.460,657.910,658.270,2790.12,1751305499999,1836477.95890,4302,1688.76,1111534.31490,0
1751305500000,658.280,658.810,657.760,658.050,2727.89,1751306399999,1795397.98920,4621,1099.22,723497.48730,0
1751306400000,658.050,658.810,656.900,657.070,3645.38,1751307299999,2397589.30100,6458,1339.78,881408.23920,0
1751307300000,657.070,658.100,657.070,657.720,1890.80,1751308199999,1243439.16230,3777,1171.24,770244.19580,0
1751308200000,657.730,657.730,656.980,657.270,2002.00,1751309099999,1316091.27590,3983,627.35,412373.83300,0
1751309100000,657.270,657.640,657.040,657.590,1363.70,1751309999999,896412.50150,3516,776.73,510566.62750,0
1751310000000,657.590,658.050,657.320,657.580,1799.03,1751310899999,1183112.09550,4295,824.38,542151.89870,0
1751310900000,657.570,659.280,657.300,658.770,3198.86,1751311799999,2106130.43140,5514,1783.43,1174313.83270,0
1751311800000,658.770,658.810,657.920,658.080,1897.66,1751312699999,1249378.88350,4587,846.43,557246.58180,0
1751312700000,658.090,659.470,657.810,659.340,3011.09,1751313599999,1982842.22370,5161,1952.40,1285809.80150,0
1751313600000,659.330,659.980,658.520,659.350,6919.34,1751314499999,4562372.31170,9975,3922.11,2586222.95350,0
1751314500000,659.360,659.890,659.010,659.250,3075.36,1751315399999,2028135.29500,4733,1361.80,897992.99990,0
1751315400000,659.250,659.960,659.250,659.540,3262.74,1751316299999,2152254.11580,4808,1219.04,804144.87620,0
1751316300000,659.550,660.000,658.800,658.830,3804.95,1751317199999,2509570.85530,5224,1606.52,1059639.51450,0
1751317200000,658.830,659.080,658.050,658.350,2353.96,1751318099999,1550176.34580,4680,1368.79,901368.37540,0
1751318100000,658.350,658.780,658.120,658.570,1840.65,1751318999999,1212104.58980,4329,1011.96,666423.99180,0
1751319000000,658.580,658.690,658.170,658.220,1017.95,1751319899999,670270.91890,2668,502.47,330842.04960,0
1751319900000,658.230,658.260,656.630,656.990,2414.50,1751320799999,1586870.97630,4608,1124.94,739144.65960,0
1751320800000,656.990,657.940,656.900,657.250,2979.33,1751321699999,1958467.17960,5807,1632.82,1073242.06110,0
1751321700000,657.250,657.420,656.680,657.230,1540.54,1751322599999,1012337.14640,2777,880.05,578300.50950,0
1751322600000,657.240,658.070,657.000,657.530,2516.85,1751323499999,1655321.27540,3783,1068.44,702551.06720,0
1751323500000,657.540,657.540,656.760,657.240,1825.28,1751324399999,1199485.21080,2989,873.54,574046.31730,0
1751324400000,657.250,657.800,657.000,657.800,1322.14,1751325299999,869105.68790,3770,582.49,382910.20980,0
1751325300000,657.800,657.800,657.000,657.290,1901.71,1751326199999,1250369.06020,3062,649.26,426874.43430,0
1751326200000,657.300,657.300,656.740,657.140,1082.21,1751327099999,710994.50640,2601,447.66,294095.09540,0
1751327100000,657.140,657.140,656.700,656.990,1506.19,1751327999999,989523.44840,2936,528.28,347055.33530,0
