open_time,open,high,low,close,volume,close_time,quote_volume,count,taker_buy_volume,taker_buy_quote_volume,ignore
1772323200000,617.130,618.250,616.370,617.090,5778.78,1772324099999,3567346.22800,13374,2836.69,1751337.88440,0
1772324100000,617.090,617.990,616.420,616.490,5937.51,1772324999999,3664989.15420,10847,2634.48,1626163.29950,0
1772325000000,616.490,617.030,615.520,616.160,4124.72,1772325899999,2542156.66740,10469,1694.75,1044580.04940,0
1772325900000,616.160,618.170,615.990,618.120,3237.04,1772326799999,1997379.78780,8916,1849.45,1141418.69320,0
1772326800000,618.120,619.000,615.400,616.520,16620.27,1772327699999,10260386.65630,19454,6252.83,3860577.32470,0
1772327700000,616.520,617.900,614.560,617.220,6741.43,1772328599999,4152764.61920,14726,3465.15,2134971.57990,0
1772328600000,617.210,620.580,616.690,619.580,7449.54,1772329499999,4611401.47650,16085,4235.51,2622166.54960,0
1772329500000,619.590,628.390,619.550,625.140,30277.97,1772330399999,18911503.97490,44606,18138.20,11327858.58380,0
1772330400000,625.150,631.410,625.040,630.160,30481.71,1772331299999,19186174.48060,54667,17634.51,11099887.45010,0
1772331300000,630.170,631.650,628.660,629.810,13468.68,1772332199999,8482847.11940,31194,6656.43,4192296.31590,0
1772332200000,629.820,630.970,628.760,630.550,9956.81,1772333099999,6273070.38810,22476,4980.16,3138059.93270,0
1772333100000,630.540,631.760,629.050,630.010,9398.19,1772333999999,5924596.29460,19932,4764.26,3003520.94770,0
1772334000000,630.000,631.200,629.520,631.010,7092.45,1772334899999,4471399.24230,16292,3708.82,2338339.11500,0
1772334900000,631.010,632.340,628.320,629.630,9998.74,1772335799999,6303854.63810,19456,5148.55,3247048.88200,0
1772335800000,629.630,630.680,628.760,630.510,8031.17,1772336699999,5056881.76890,14266,4481.72,2821685.16130,0
1772336700000,630.510,631.150,628.200,628.760,9899.78,1772337599999,6230759.65860,15367,4484.34,2822331.48600,0
1772337600000,628.770,630.210,628.100,628.420,7799.75,1772338499999,4908332.61930,14920,3171.84,1996227.68510,0
1772338500000,628.410,629.100,625.950,627.950,15806.74,1772339399999,9912066.72840,21141,6973.51,4373348.03980,0
1772339400000,627.950,631.610,627.720,630.860,12841.19,1772340299999,8084227.49350,16809,7656.26,4819221.73130,0
1772340300000,630.850,631.120,629.690,630.010,4589.13,1772341199999,2893168.74700,9238,1976.34,1246009.15260,0
1772341200000,630.010,631.300,628.900,629.570,7187.46,1772342099999,4529925.38160,14327,3029.98,1909702.97480,0
1772342100000,629.560,631.060,629.560,630.420,3564.26,1772342999999,2247046.29130,8138,2319.71,1462449.14150,0
1772343000000,630.420,631.250,629.610,629.620,3700.91,1772343899999,2333569.08500,8732,1681.28,1060206.40440,0
1772343900000,629.610,629.830,627.940,628.050,6435.14,1772344799999,4046380.05380,10228,1817.86,1143152.07170,0
1772344800000,628.050,628.500,625.100,625.830,11374.07,1772345699999,7126163.87310,18822,4767.93,2987009.45900,0
1772345700000,625.830,626.550,625.430,625.730,4813.78,1772346599999,3013279.97430,10380,2289.03,1432896.07010,0
1772346600000,625.720,625.980,623.280,624.230,11265.87,1772347499999,7033420.68120,15266,4454.09,2780310.59840,0
1772347500000,624.220,625.980,623.900,625.440,5399.56,1772348399999,3373872.24480,10599,2836.36,1772501.92410,0
1772348400000,625.430,626.380,624.330,626.020,4530.41,1772349299999,2832647.44090,10219,2451.46,1533065.04070,0
1772349300000,626.020,626.040,624.310,624.390,2426.42,1772350199999,1517160.49430,6636,983.21,614848.29590,0
1772350200000,624.380,626.170,623.720,625.520,5764.85,1772351099999,3603310.26410,10844,3300.83,2063316.98100,0
1772351100000,625.520,625.860,625.000,625.680,1652.38,1772351999999,1033433.01880,5218,941.71,588964.70350,0
1772352000000,625.670,626.720,624.170,626.350,5030.64,1772352899999,3146950.79290,11297,2457.64,1537540.51740,0
1772352900000,626.350,626.720,625.200,625.450,3246.07,1772353799999,2031643.74510,7536,1453.74,909860.17420,0
1772353800000,625.460,625.590,624.550,624.980,2614.99,1772354699999,1634570.19940,7389,1484.35,927752.52140,0
1772354700000,624.980,625.210,619.480,620.390,17230.95,1772355599999,10708572.27060,23492,6477.37,4023671.96200,0
1772355600000,620.390,623.090,619.050,622.390,11205.19,1772356499999,6965770.66140,19692,7177.89,4462963.64290,0
1772356500000,622.380,623.820,622.190,622.450,6601.01,1772357399999,4113052.39410,11531,3805.27,2371206.15130,0
1772357400000,622.440,622.800,620.240,620.840,6360.60,1772358299999,3951266.72470,11564,2876.77,1786976.91060,0
1772358300000,620.840,621.160,619.830,620.430,7472.16,1772359199999,4635322.07140,11518,2806.40,1741015.76780,0
1772359200000,620.420,622.650,619.300,622.250,9094.67,1772360099999,5645875.63970,17327,5128.49,3184345.14260,0
1772360100000,622.250,622.360,620.880,622.000,3619.16,1772360999999,2250172.33310,8442,2133.29,1326358.71970,0
1772361000000,622.010,623.830,621.770,622.130,5224.11,1772361899999,3252973.11760,11543,2801.62,1744699.32410,0
1772361900000,622.120,623.600,622.080,623.500,3041.50,1772362799999,1894942.23500,8009,1767.29,1101041.18720,0
1772362800000,623.500,624.360,623.300,624.220,5065.58,1772363699999,3160256.27390,8535,2444.43,1524923.97740,0
1772363700000,624.210,624.750,623.570,624.170,3912.76,1772364599999,2442535.58580,7846,2384.39,1488483.31240,0
1772364600000,624.180,624.420,622.820,623.320,2292.75,1772365499999,1430027.60990,6727,971.15,605766.91300,0
1772365500000,623.320,624.500,622.840,623.160,2806.44,1772366399999,1749918.18570,6714,1448.65,903263.27580,0
1772366400000,623.150,623.680,622.130,622.430,3879.71,1772367299999,2415891.92990,8737,1598.30,995379.77630,0
1772367300000,622.420,623.530,622.330,622.780,2686.57,1772368199999,1673306.50730,6500,1408.53,877257.83800,0
1772368200000,622.780,623.210,621.360,622.560,4653.17,1772369099999,2895234.58620,10668,2131.50,1326444.70180,0
1772369100000,622.560,622.660,620.790,620.910,4213.15,1772369999999,2618309.97800,9495,1932.24,1200906.63670,0
1772370000000,620.910,622.170,620.250,621.930,5035.65,1772370899999,3128272.15900,11110,2442.35,1517413.50880,0
1772370900000,621.930,622.540,620.080,621.020,5182.88,1772371799999,3218372.21160,11427,2393.03,1486029.05400,0
1772371800000,621.020,621.880,620.580,621.520,3905.34,1772372699999,2426255.71400,8046,1757.71,1092092.95760,0
1772372700000,621.510,629.750,621.480,626.260,31963.66,1772373599999,20028153.37280,40723,18580.02,11641221.59740,0
1772373600000,626.270,629.920,626.050,628.110,12056.26,1772374499999,7572122.36620,28194,6363.34,3996692.71630,0
1772374500000,628.100,628.730,626.320,627.210,6374.94,1772375399999,4000527.39770,16131,2821.38,1770794.01530,0
1772375400000,627.210,628.650,626.510,627.490,7388.65,1772376299999,4637182.16430,16360,4103.93,2575792.99470,0
1772376300000,627.490,628.900,627.220,628.220,4935.76,1772377199999,3099836.56170,11428,2343.64,1471943.85670,0
1772377200000,628.230,629.680,628.180,629.660,6671.30,1772378099999,4196628.47920,14803,3899.94,2453150.84090,0
1772378100000,629.670,630.200,628.000,628.560,10347.44,1772378999999,6510251.52020,14749,5130.84,3228400.97290,0
1772379000000,628.560,630.050,628.500,629.620,4393.28,1772379899999,2764333.25430,10638,2614.29,1645020.06670,0
1772379900000,629.610,629.900,626.630,626.960,6406.20,1772380799999,4026629.70360,12605,2477.74,1557853.86530,0
1772380800000,626.980,629.210,625.680,628.670,9045.75,1772381699999,5677509.98920,16593,4683.24,2940122.95580,0
1772381700000,628.680,629.930,627.840,629.270,7317.78,1772382599999,4600746.42340,11762,3986.45,2506095.93180,0
1772382600000,629.280,629.380,628.190,628.230,4478.83,1772383499999,2815824.64810,8375,2391.31,1503283.47810,0
1772383500000,628.240,628.320,620.250,623.330,29062.87,1772384399999,18117052.78560,40281,13152.09,8195742.49160,0
1772384400000,623.330,624.110,621.750,622.470,8188.03,1772385299999,5101423.98960,21606,3807.83,2372413.91710,0
1772385300000,622.470,622.570,617.500,620.660,16256.77,1772386199999,10075646.57250,26129,7234.05,4484928.89940,0
1772386200000,620.660,621.770,619.250,620.850,5574.57,1772387099999,3460157.92310,13944,2895.28,1797242.64210,0
1772387100000,620.840,621.940,619.800,619.890,6568.16,1772387999999,4078414.05910,12799,3046.60,1891981.04390,0
1772388000000,619.880,625.790,619.640,623.630,16608.21,1772388899999,10351107.69420,25060,9260.34,5770084.68680,0
1772388900000,623.630,625.000,622.770,623.060,4633.14,1772389799999,2890461.31110,9311,2350.27,1466536.81510,0
1772389800000,623.050,623.990,622.000,623.650,4225.51,1772390699999,2632804.56620,7577,2262.79,1409956.04510,0
1772390700000,623.660,624.130,622.840,623.280,3263.07,1772391599999,2034564.39220,6720,1438.42,896929.55460,0
1772391600000,623.280,623.570,620.900,621.080,5658.08,1772392499999,3520695.43370,10096,2351.08,1463127.61150,0
1772392500000,621.090,621.440,619.790,620.830,7475.20,1772393399999,4639966.96010,9674,3331.66,2068241.96760,0
1772393400000,620.840,621.860,618.810,619.630,7994.83,1772394299999,4961457.43710,11570,3751.94,2328982.01330,0
1772394300000,619.620,620.870,619.550,619.990,6290.81,1772395199999,3901312.70160,9662,3145.39,1950690.94560,0
1772395200000,619.980,620.840,616.640,617.590,12797.78,1772396099999,7915073.48140,18727,5618.30,3475880.41550,0
1772396100000,617.590,618.230,615.090,615.100,11074.87,1772396999999,6830070.98140,17990,4110.88,2535666.93290,0
1772397000000,615.100,615.560,611.490,612.540,18774.48,1772397899999,11516963.12960,29783,8658.94,5312718.04150,0
1772397900000,612.540,613.370,611.690,612.650,7839.05,1772398799999,4803111.26700,16467,3781.35,2316976.89430,0
1772398800000,612.650,615.230,612.630,615.220,7514.14,1772399699999,4612050.54010,15670,4411.78,2708091.04350,0
1772399700000,615.220,617.830,611.970,615.160,18850.24,1772400599999,11593802.54710,18590,6167.33,3796542.38470,0
1772400600000,615.150,615.390,611.940,612.420,15200.47,1772401499999,9324717.24510,16168,8023.93,4920960.16500,0
1772401500000,612.410,613.930,612.110,612.150,7389.73,1772402399999,4529437.79000,14461,3598.42,2205688.59040,0
1772402400000,612.150,618.680,611.130,616.510,17517.63,1772403299999,10775844.38590,24952,9724.81,5984056.63250,0
1772403300000,616.530,619.160,616.220,617.350,15945.35,1772404199999,9844238.83170,19203,6549.21,4044815.11480,0
1772404200000,617.350,618.280,612.810,616.200,9690.83,1772405099999,5961628.75710,18801,4805.09,2955538.06280,0
1772405100000,616.210,616.520,614.000,615.520,4978.28,1772405999999,3062446.60560,11487,2275.89,1400162.55830,0
1772406000000,615.530,620.830,614.510,620.080,13037.08,1772406899999,8061131.03170,27913,7155.06,4424309.42510,0
1772406900000,620.090,620.790,619.040,619.350,7298.31,1772407799999,4525486.59150,15201,3586.24,2223935.69830,0
1772407800000,619.350,620.660,619.110,619.910,4661.36,1772408699999,2889554.27520,11168,2326.14,1441819.37250,0
1772408700000,619.910,621.180,616.730,618.200,10122.91,1772409599999,6262326.48040,15252,5260.44,3255027.61160,0
1772409600000,618.200,620.240,617.470,617.480,8069.00,1772410499999,4993536.31140,20145,3297.11,2040752.04490,0
1772410500000,617.470,617.480,614.650,615.770,10626.79,1772411399999,6545855.89910,21154,5539.44,3412267.25160,0
1772411400000,615.760,621.400,615.750,621.310,7435.27,1772412299999,4593835.28810,17034,4982.88,3079405.67280,0
1772412300000,621.310,622.580,619.570,620.070,9335.48,1772413199999,5797589.17640,18279,5541.30,3441913.97430,0
1772413200000,620.080,624.590,618.790,623.340,14770.56,1772414099999,9184300.05950,28337,8620.77,5362180.28220,0
1772414100000,623.350,624.170,620.620,621.240,7762.37,1772414999999,4830349.78130,17740,4106.86,2555816.54180,0
1772415000000,621.250,623.260,621.030,622.150,3944.73,1772415899999,2454286.39730,12370,1920.38,1194808.63380,0
1772415900000,622.150,622.990,620.730,621.960,3363.93,1772416799999,2092285.93110,10109,1669.23,1038140.02750,0
1772416800000,621.960,623.320,617.470,619.260,9491.41,1772417699999,5885563.18980,20517,4564.53,2830329.42060,0
1772417700000,619.250,620.640,618.560,620.140,3544.05,1772418599999,2195744.32550,11350,1700.16,1053408.66550,0
1772418600000,620.140,623.000,620.020,621.330,4844.63,1772419499999,3011616.27270,10542,2291.07,1423722.69040,0
1772419500000,621.330,625.300,621.160,622.470,16889.47,1772420399999,10532052.65220,15585,9369.94,5841302.09860,0
1772420400000,622.470,624.120,620.880,623.300,6390.94,1772421299999,3978446.21440,14358,3930.43,2447022.52650,0
1772421300000,623.290,625.380,623.000,624.780,4545.08,1772422199999,2837017.68780,13474,2764.50,1725470.63440,0
1772422200000,624.770,625.970,624.020,625.050,3933.11,1772423099999,2458344.60750,11131,1792.44,1120506.14920,0
1772423100000,625.050,625.820,624.530,624.740,4056.00,1772423999999,2535344.09440,8591,2198.06,1374110.46940,0
1772424000000,624.740,625.200,623.530,623.940,3745.19,1772424899999,2337979.88560,10086,1865.51,1164553.49710,0
1772424900000,623.940,624.570,622.570,624.540,3768.27,1772425799999,2350573.34030,10832,1846.78,1152106.95420,0
1772425800000,624.530,625.020,623.270,623.620,2773.03,1772426699999,1730896.96590,8416,1095.69,683934.52930,0
1772426700000,623.620,623.670,622.380,623.510,2526.96,1772427599999,1574362.36300,7190,1186.38,739165.61130,0
1772427600000,623.510,623.850,621.560,622.780,3716.74,1772428499999,2313993.63650,10174,1507.17,938393.02660,0
1772428500000,622.790,623.800,622.030,623.000,2225.70,1772429399999,1386776.61140,6979,1157.42,721184.96370,0
1772429400000,623.000,625.950,622.770,625.520,3580.62,1772430299999,2235092.54210,8334,2237.47,1397117.53870,0
1772430300000,625.510,625.810,623.310,623.730,3572.85,1772431199999,2232978.89250,9087,1372.69,858145.53770,0
1772431200000,623.730,623.870,622.220,622.590,3463.12,1772432099999,2157196.62610,9987,1516.82,944867.31070,0
1772432100000,622.590,622.780,617.720,619.930,10202.30,1772432999999,6321438.12480,19752,4944.66,3063206.43180,0
1772433000000,619.940,620.820,619.070,619.630,5003.70,1772433899999,3101768.29210,11374,2375.34,1472637.32960,0
1772433900000,619.640,619.740,616.740,617.370,6078.30,1772434799999,3754383.38450,13168,2139.88,1321772.92490,0
1772434800000,617.360,617.720,613.180,613.930,12458.55,1772435699999,7664876.51930,23550,5483.74,3374498.27310,0
1772435700000,613.920,615.770,613.220,615.350,7223.66,1772436599999,4438709.41310,17043,3865.74,2375630.94360,0
1772436600000,615.360,616.950,615.280,616.940,3754.82,1772437499999,2313944.61110,10747,1929.05,1188847.63520,0
1772437500000,616.950,617.350,616.290,616.750,2851.39,1772438399999,1758852.45960,8199,1602.78,988690.85510,0
1772438400000,616.760,616.830,613.020,616.500,9265.66,1772439299999,5698934.41130,20193,4137.99,2544870.64530,0
1772439300000,616.500,616.710,613.080,613.570,7046.59,1772440199999,4331724.52200,16384,3921.43,2410890.20070,0
1772440200000,613.580,616.800,613.330,616.480,5402.32,1772441099999,3321412.38630,13639,3361.57,2067066.19350,0
1772441100000,616.480,619.340,616.170,618.680,5956.34,1772441999999,3681907.70650,13632,3349.44,2070596.04950,0
1772442000000,618.680,621.200,618.060,620.250,8667.11,1772442899999,5370465.26690,18072,4636.20,2873189.05250,0
1772442900000,620.240,622.350,620.080,620.480,8084.44,1772443799999,5021936.19690,16047,4571.70,2840052.22400,0
1772443800000,620.480,621.560,619.730,620.350,4722.47,1772444699999,2930605.12750,11349,2079.51,1290434.87220,0
1772444700000,620.350,620.450,618.950,618.990,4697.47,1772445599999,2910974.01560,10199,1627.29,1008573.66110,0
1772445600000,618.990,620.260,617.580,617.910,4494.72,1772446499999,2781759.58870,13312,2159.05,1336552.27140,0
1772446500000,617.910,619.490,617.830,619.430,3806.00,1772447399999,2354086.58220,9289,2291.35,1417186.30570,0
1772447400000,619.440,620.590,618.490,620.120,3681.59,1772448299999,2281076.03770,9991,1995.01,1236085.40040,0
1772448300000,620.120,621.230,619.210,621.130,2969.62,1772449199999,1841944.37470,8917,1818.44,1128099.94310,0
1772449200000,621.130,621.250,619.030,619.390,5394.83,1772450099999,3345445.09910,12245,2015.52,1249908.20110,0
1772450100000,619.400,620.990,618.800,619.630,4166.39,1772450999999,2582253.11860,10215,2043.83,1266876.35150,0
1772451000000,619.640,622.260,619.180,621.790,3909.99,1772451899999,2428779.73230,10254,2375.35,1475637.27240,0
1772451900000,621.790,623.250,621.550,622.270,7690.41,1772452799999,4786354.60730,11240,4777.23,2973329.09600,0
1772452800000,622.270,623.120,622.090,622.610,4200.57,1772453699999,2614987.98270,10584,1912.70,1190812.82010,0
1772453700000,622.620,622.650,620.080,621.410,16256.37,1772454599999,10096978.50240,12819,12401.61,7702142.59350,0
1772454600000,621.410,621.800,620.330,621.150,4812.68,1772455499999,2989803.80540,11719,2153.31,1337708.40100,0
1772455500000,621.150,623.360,620.570,622.180,9238.08,1772456399999,5748721.51540,13644,4847.16,3016494.33670,0
1772456400000,622.170,622.310,620.310,621.140,5301.53,1772457299999,3294107.80650,15894,1982.62,1231898.62370,0
1772457300000,621.150,624.670,620.880,622.450,11438.07,1772458199999,7127073.94240,19713,6098.99,3800333.48240,0
1772458200000,622.460,624.090,620.540,621.440,9757.86,1772459099999,6072227.80860,17848,4068.77,2532589.59230,0
1772459100000,621.450,622.220,619.740,620.500,6457.87,1772459999999,4008960.85460,15732,2881.89,1789298.54300,0
1772460000000,620.490,622.450,619.000,621.830,6423.95,1772460899999,3987971.80200,15568,3647.18,2264485.90730,0
1772460900000,621.840,622.630,620.150,621.860,5738.85,1772461799999,3567502.53020,16923,2572.48,1599421.93470,0
1772461800000,621.860,628.660,621.640,628.270,26286.12,1772462699999,16455481.67700,53475,15426.70,9657361.12850,0
1772462700000,628.260,635.380,627.000,634.290,41470.52,1772463599999,26222320.63670,58037,23964.04,15151374.09330,0
1772463600000,634.290,647.040,634.050,645.690,71129.72,1772464499999,45608478.15490,89997,42713.62,27383508.07360,0
1772464500000,645.680,648.390,642.470,645.900,39979.40,1772465399999,25802685.43660,61231,20280.01,13088917.73210,0
1772465400000,645.900,649.960,643.090,649.580,27298.84,1772466299999,17658809.25890,49969,15040.06,9730823.78970,0
1772466300000,649.580,650.090,643.750,646.650,32544.09,1772467199999,21060723.43250,45658,15840.67,10250196.51710,0
1772467200000,646.650,652.500,646.640,650.780,28665.41,1772468099999,18634313.45820,50326,17056.86,11087116.38700,0
1772468100000,650.780,652.000,648.260,648.980,12209.23,1772468999999,7934968.85900,30738,6116.78,3975745.64980,0
1772469000000,648.980,652.610,645.950,651.990,21995.79,1772469899999,14268887.59650,37744,10157.79,6593553.20180,0
1772469900000,651.980,653.440,649.230,649.560,15034.41,1772470799999,9789421.29450,29786,7217.96,4701678.87280,0
1772470800000,649.560,650.490,646.500,647.500,15767.34,1772471699999,10217480.51320,27360,8768.20,5678925.09170,0
1772471700000,647.510,648.430,645.130,646.910,9013.08,1772472599999,5826559.02050,23195,3975.18,2570041.07400,0
1772472600000,646.920,647.530,641.540,642.230,15296.52,1772473499999,9859487.09980,26507,5478.72,3532568.24190,0
1772473500000,642.240,645.160,641.180,644.900,8726.13,1772474399999,5612801.00140,18627,4723.95,3038948.08250,0
1772474400000,644.900,645.010,641.760,644.960,7913.57,1772475299999,5091253.38850,19447,3611.45,2324056.09670,0
1772475300000,644.950,644.960,642.660,642.900,5104.84,1772476199999,3285502.96210,14298,1729.69,1113103.04370,0
1772476200000,642.910,644.000,641.220,642.830,7209.64,1772477099999,4633261.20960,16975,2915.65,1874111.71570,0
1772477100000,642.830,643.160,639.180,640.180,9860.09,1772477999999,6321138.93330,19221,3073.68,1970400.74530,0
1772478000000,640.170,640.400,636.310,637.820,21207.15,1772478899999,13532603.04370,25650,6605.57,4215291.00020,0
1772478900000,637.830,639.610,637.230,637.360,8486.70,1772479799999,5416770.06430,17261,3495.81,2230996.26430,0
1772479800000,637.350,639.400,637.010,637.270,7904.83,1772480699999,5045699.82980,15944,3744.21,2390124.81560,0
1772480700000,637.270,638.510,636.400,636.770,7248.49,1772481599999,4619944.40190,12544,2961.98,1888059.97150,0
1772481600000,636.770,637.800,632.610,633.570,20535.88,1772482499999,13047895.39130,26855,9203.55,5848014.96340,0
1772482500000,633.560,634.800,633.030,634.320,7537.95,1772483399999,4778277.51160,17567,3754.73,2380281.56960,0
1772483400000,634.330,636.070,633.800,635.870,6366.32,1772484299999,4043195.20960,12774,3691.19,2344207.78310,0
1772484300000,635.870,637.160,634.860,634.940,9686.60,1772485199999,6161887.83100,17986,4749.40,3021695.25850,0
1772485200000,634.940,635.150,632.950,634.650,7855.72,1772486099999,4980203.00760,16077,3916.66,2483007.15330,0
1772486100000,634.650,635.390,633.260,635.290,4708.49,1772486999999,2986636.46270,11014,2740.47,1738283.64640,0
1772487000000,635.290,635.670,634.380,634.970,4295.00,1772487899999,2727471.71860,10361,1982.79,1259111.92580,0
1772487900000,634.970,636.480,634.750,635.790,6588.59,1772488799999,4187186.71640,10953,4573.66,2906728.01180,0
1772488800000,635.790,637.420,635.790,637.000,9214.60,1772489699999,5867356.75170,13799,5113.93,3255914.52640,0
1772489700000,636.990,639.220,636.070,638.720,5803.71,1772490599999,3702853.75070,9646,3218.54,2053843.36550,0
1772490600000,638.730,640.820,638.500,640.810,6942.94,1772491499999,4441339.34370,9382,4474.45,2862561.28660,0
1772491500000,640.810,640.860,639.350,639.940,3184.20,1772492399999,2037726.43600,6813,1305.77,835556.90480,0
1772492400000,639.950,640.580,638.400,638.830,5824.28,1772493299999,3725143.05070,14333,2991.74,1913409.11480,0
1772493300000,638.840,639.640,637.460,638.570,7481.40,1772494199999,4778420.17340,13357,3787.86,2419561.75370,0
1772494200000,638.580,638.720,636.730,637.310,7339.08,1772495099999,4679888.87370,14836,2981.14,1901010.14150,0
1772495100000,637.310,638.340,636.560,637.810,6881.47,1772495999999,4386117.98530,11409,4029.32,2568521.95710,0
1772496000000,637.800,638.870,636.930,637.750,6200.35,1772496899999,3954786.26460,15799,2860.22,1824458.14090,0
1772496900000,637.750,638.610,636.670,638.290,5284.54,1772497799999,3369288.47910,13398,2641.19,1684029.94560,0
1772497800000,638.300,641.490,637.000,640.790,10170.39,1772498699999,6507073.16490,17316,5815.09,3721021.52680,0
1772498700000,640.790,641.210,638.670,640.570,5976.06,1772499599999,3823524.11540,12556,2584.40,1653615.42480,0
1772499600000,640.570,642.410,638.980,641.240,5476.65,1772500499999,3509308.41110,15395,2634.85,1688461.57640,0
1772500500000,641.250,641.900,637.720,637.720,8062.45,1772501399999,5158252.57790,17335,4145.22,2652550.62100,0
1772501400000,637.720,638.430,635.550,638.090,6508.57,1772502299999,4146363.59420,17620,3054.44,1946227.66500,0
1772502300000,638.090,638.660,635.540,635.620,4209.64,1772503199999,2682564.82690,12648,1851.17,1179912.46180,0
1772503200000,635.630,636.990,633.380,636.510,11329.51,1772504099999,7198793.91180,23622,5243.59,3331403.15210,0
1772504100000,636.520,636.810,633.680,635.650,12731.11,1772504999999,8082743.44800,18765,4110.97,2610881.93130,0
1772505000000,635.640,636.620,634.160,635.990,5066.04,1772505899999,3218759.13390,12178,2775.40,1763297.83020,0
1772505900000,636.000,637.980,635.530,635.580,4294.53,1772506799999,2734500.87430,10457,2133.23,1358704.93020,0
1772506800000,635.570,636.000,633.900,635.960,3922.11,1772507699999,2490423.75640,10201,1679.44,1066415.90510,0
1772507700000,635.960,635.960,633.770,634.700,3893.34,1772508599999,2470026.95860,8816,1993.64,1264724.69210,0
1772508600000,634.700,636.150,634.380,635.990,3432.63,1772509499999,2181171.99450,9309,2098.62,1333406.52590,0
1772509500000,635.990,636.080,635.120,635.490,2352.52,1772510399999,1495036.07940,5833,1133.42,720292.08910,0
1772510400000,635.490,636.810,635.480,636.120,3065.96,1772511299999,1950157.37280,8709,1407.81,895541.85600,0
1772511300000,636.120,637.290,635.490,635.790,2507.65,1772512199999,1595963.95560,7115,1087.30,692159.71500,0
1772512200000,635.790,636.740,634.720,635.580,3557.60,1772513099999,2261587.47550,8203,1477.85,939546.09820,0
1772513100000,635.570,635.640,633.870,634.190,3769.34,1772513999999,2391452.22350,8112,1577.10,1000621.17240,0
1772514000000,634.200,637.080,633.390,637.080,7326.72,1772514899999,4653853.72110,15376,3795.40,2411535.05900,0
1772514900000,637.070,638.320,636.630,637.470,5769.11,1772515799999,3678460.46620,12269,3522.31,2246129.77770,0
1772515800000,637.470,637.640,629.410,631.260,26091.59,1772516699999,16502301.36070,23411,9758.83,6169137.42330,0
1772516700000,631.250,632.410,628.600,632.110,19502.65,1772517599999,12296442.49580,22478,9573.58,6035913.90150,0
1772517600000,632.120,633.200,631.390,632.590,11690.37,1772518499999,7390026.46200,15752,3860.28,2440889.30950,0
1772518500000,632.580,632.750,630.930,631.900,4283.97,1772519399999,2707461.50470,10277,1595.23,1008247.62240,0
1772519400000,631.900,632.330,630.710,631.890,6244.54,1772520299999,3944581.64820,12400,2820.49,1781777.23110,0
1772520300000,631.900,633.760,630.110,633.060,6632.33,1772521199999,4193327.55100,12375,4041.58,2555763.83950,0
1772521200000,633.060,634.800,632.650,634.790,5697.43,1772522099999,3611561.37530,12050,3312.10,2099537.16970,0
1772522100000,634.790,635.700,634.370,635.260,4242.68,1772522999999,2694733.82960,10429,2366.23,1502954.00990,0
1772523000000,635.260,635.260,633.580,634.120,3766.12,1772523899999,2389006.79560,9100,1469.11,931903.70510,0
1772523900000,634.120,634.230,632.810,633.390,2840.28,1772524799999,1798901.47140,6948,970.24,614480.55390,0
1772524800000,633.390,634.220,630.530,630.830,6305.13,1772525699999,3991265.51360,14296,2518.89,1594884.79380,0
1772525700000,630.830,631.630,629.270,629.360,9010.34,1772526599999,5681639.61140,16252,3921.46,2473046.67300,0
1772526600000,629.350,629.810,623.010,624.790,28090.36,1772527499999,17598530.93280,30418,9265.22,5808310.00270,0
1772527500000,624.780,624.780,622.350,623.760,18516.86,1772528399999,11546509.46200,26594,9788.65,6103677.80590,0
1772528400000,623.750,626.830,623.270,625.440,18643.65,1772529299999,11656694.39910,26731,8917.69,5576394.69210,0
1772529300000,625.430,626.430,621.510,622.180,12147.86,1772530199999,7583637.35330,19910,4950.04,3090354.59300,0
1772530200000,622.180,624.000,620.660,623.340,14701.60,1772531099999,9152664.82220,21660,7947.37,4948746.80300,0
1772531100000,623.340,623.350,621.290,622.360,5715.57,1772531999999,3557221.10250,12314,3034.93,1888750.91920,0
1772532000000,622.360,623.410,621.310,621.830,6678.89,1772532899999,4154648.11290,14085,3450.41,2146373.26720,0
1772532900000,621.820,625.210,621.260,622.830,15829.51,1772533799999,9868807.53810,14816,10266.18,6400333.39630,0
1772533800000,622.820,625.340,622.170,624.860,8371.12,1772534699999,5219790.19830,13947,4560.37,2844484.09500,0
1772534700000,624.870,626.540,624.680,625.460,7854.33,1772535599999,4913658.28190,13907,4318.25,2701539.08120,0
1772535600000,625.460,626.490,625.140,625.740,6747.68,1772536499999,4223479.52980,13437,3579.10,2240340.76990,0
1772536500000,625.750,626.280,624.420,625.320,5204.76,1772537399999,3255181.60560,10432,2465.67,1542003.69510,0
1772537400000,625.320,627.170,625.140,626.670,12677.98,1772538299999,7942944.47100,16118,5410.84,3390181.49190,0
1772538300000,626.660,627.270,626.130,626.210,4305.95,1772539199999,2698634.79460,9416,1943.20,1217868.50630,0
1772539200000,626.210,631.650,625.870,629.750,14319.62,1772540099999,9001370.79050,24432,8007.81,5033445.24100,0
1772540100000,629.740,630.000,627.700,628.620,7261.82,1772540999999,4565593.71350,13839,3015.11,1895575.70660,0
1772541000000,628.620,628.710,625.840,626.460,8193.10,1772541899999,5137784.00800,15330,2631.41,1650281.55620,0
1772541900000,626.470,627.440,625.810,627.210,5361.01,1772542799999,3358836.34730,10290,2283.33,1431040.97670,0
1772542800000,627.210,627.540,624.640,624.790,6691.01,1772543699999,4187052.19090,14590,2875.10,1799532.97090,0
1772543700000,624.780,626.580,624.730,625.900,3968.28,1772544599999,2483625.82710,9086,2026.63,1268380.41150,0
1772544600000,625.900,625.910,623.640,624.390,5432.62,1772545499999,3394279.48690,12875,2360.91,1475109.28570,0
1772545500000,624.380,624.770,623.020,624.210,7184.71,1772546399999,4483453.87510,14588,3736.58,2331987.76280,0
1772546400000,624.210,626.640,623.410,626.420,9285.83,1772547299999,5807515.47880,18446,5195.58,3248994.57190,0
1772547300000,626.420,627.640,625.490,625.670,5806.52,1772548199999,3637303.45090,13773,3127.36,1958951.45200,0
1772548200000,625.670,628.970,621.020,621.300,20832.28,1772549099999,13009845.72250,43217,9229.78,5765805.98970,0
1772549100000,621.310,625.250,620.600,623.300,13284.06,1772549999999,8276484.28780,32403,6905.72,4302131.65060,0
1772550000000,623.300,625.150,622.630,624.800,8580.64,1772550899999,5352026.64660,27402,4857.18,3029681.64300,0
1772550900000,624.800,625.680,622.090,624.650,9061.20,1772551799999,5651672.20200,22712,4540.84,2832382.33610,0
1772551800000,624.650,630.370,624.600,627.930,12857.28,1772552699999,8073231.18520,33926,6596.06,4141744.56430,0
1772552700000,627.940,630.490,627.940,630.200,9130.00,1772553599999,5743795.67560,23698,5385.96,3388857.45030,0
1772553600000,630.200,635.640,629.080,634.860,20540.60,1772554499999,12998771.89420,38321,11476.65,7263055.96220,0
1772554500000,634.860,638.710,633.430,637.380,15282.44,1772555399999,9725073.86650,33967,8225.94,5234797.22540,0
1772555400000,637.370,637.370,628.400,630.510,19133.06,1772556299999,12095426.09610,39851,8876.42,5611536.84360,0
1772556300000,630.510,636.120,630.430,634.370,11853.33,1772557199999,7510517.34030,30873,6612.01,4188942.43300,0
1772557200000,634.370,634.810,629.150,631.820,11055.78,1772558099999,6985590.18470,28515,5549.08,3506238.24190,0
1772558100000,631.830,634.260,631.130,633.520,6740.79,1772558999999,4264176.44980,19857,3138.33,1985343.01340,0
1772559000000,633.510,633.630,630.110,632.380,6213.46,1772559899999,3924611.08360,16624,2757.08,1741228.30510,0
1772559900000,632.370,634.800,631.580,633.690,6587.94,1772560799999,4174132.90250,16204,3714.65,2353710.22010,0
1772560800000,633.690,634.590,631.500,632.320,5113.96,1772561699999,3238043.04410,15272,2261.32,1432046.01740,0
1772561700000,632.320,636.060,632.320,634.970,6162.15,1772562599999,3912372.15880,14259,3697.29,2347486.77410,0
1772562600000,634.960,637.960,634.750,636.030,7991.99,1772563499999,5087507.76080,17780,4449.95,2832703.77980,0
1772563500000,636.030,636.030,633.820,634.370,3703.02,1772564399999,2351563.26760,12875,1431.67,909264.43560,0
1772564400000,634.370,634.670,632.300,633.740,4044.72,1772565299999,2561919.18360,13863,1697.48,1075217.00070,0
1772565300000,633.740,635.090,632.740,633.650,5883.13,1772566199999,3729255.92050,13044,2982.65,1890724.40120,0
1772566200000,633.650,634.910,631.180,633.800,7403.35,1772567099999,4688203.06100,18245,3295.22,2087254.19000,0
1772567100000,633.800,634.430,632.620,632.860,4380.14,1772567999999,2774926.27520,11354,2299.83,1457286.25820,0
1772568000000,632.860,633.460,630.760,630.930,10316.77,1772568899999,6517564.19400,14216,5375.65,3395566.78010,0
1772568900000,630.930,632.600,630.740,631.840,3337.10,1772569799999,2107959.52310,9822,1836.64,1160318.09150,0
1772569800000,631.850,633.560,631.460,633.040,3949.66,1772570699999,2497372.40120,10515,2009.56,1270934.38830,0
1772570700000,633.040,633.160,630.160,631.490,4025.62,1772571599999,2541062.11300,11804,1783.93,1126212.03640,0
1772571600000,631.490,631.500,629.000,629.790,4450.73,1772572499999,2803829.04050,11862,1810.90,1140786.02890,0
1772572500000,629.790,630.520,628.200,629.240,3396.78,1772573399999,2137314.49540,9130,1534.41,965543.73730,0
1772573400000,629.240,630.110,628.850,629.850,1958.78,1772574299999,1232862.05600,6656,986.77,621107.07570,0
1772574300000,629.840,630.320,629.420,629.870,2054.16,1772575199999,1294090.25780,5386,1048.60,660595.57160,0
1772575200000,629.860,633.500,629.860,633.100,4758.75,1772576099999,3009896.20070,12847,2903.33,1836186.64860,0
1772576100000,633.100,633.580,632.280,632.920,3131.41,1772576999999,1982229.76000,7659,1651.99,1045825.54950,0
1772577000000,632.910,634.270,632.570,634.230,3759.64,1772577899999,2382222.92650,6482,2359.77,1495232.67070,0
1772577900000,634.220,634.270,633.010,633.790,2140.88,1772578799999,1356670.16590,5655,904.53,573166.83230,0
1772578800000,633.790,636.850,632.490,635.090,11252.18,1772579699999,7142376.00810,17380,7309.24,4639998.74380,0
1772579700000,635.080,635.390,633.360,633.450,5296.60,1772580599999,3358131.61500,8732,1774.29,1124970.78020,0
1772580600000,633.450,634.610,632.640,634.320,4893.35,1772581499999,3100369.35020,8304,2423.87,1535830.25430,0
1772581500000,634.330,634.850,633.010,633.450,3272.76,1772582399999,2075246.85900,6786,1572.71,997263.40890,0
1772582400000,633.450,633.510,631.950,632.880,6236.70,1772583299999,3946944.47630,13642,2578.60,1632003.87190,0
1772583300000,632.880,634.550,632.870,633.620,4753.00,1772584199999,3012399.63240,10299,2136.78,1354234.88800,0
1772584200000,633.620,633.860,629.410,629.840,8904.43,1772585099999,5618144.79290,15460,3444.18,2172925.15850,0
1772585100000,629.830,632.840,629.830,631.860,4466.72,1772585999999,2821705.07710,10356,2551.61,1611485.59770,0
1772586000000,631.850,633.540,631.090,631.510,4746.44,1772586899999,3000756.89240,13118,1981.99,1253229.53770,0
1772586900000,631.500,633.350,630.340,632.840,4792.01,1772587799999,3027524.77660,11278,2201.36,1391308.05300,0
1772587800000,632.830,636.620,632.510,634.810,8921.36,1772588699999,5664009.17530,19457,5153.01,3271406.48280,0
1772588700000,634.810,634.880,633.250,634.010,4511.60,1772589599999,2860715.03340,11162,2532.84,1606085.22870,0
1772589600000,634.010,634.170,631.510,632.310,6220.13,1772590499999,3934953.35190,14989,2948.65,1865736.63630,0
1772590500000,632.300,633.110,631.040,631.190,2720.89,1772591399999,1718885.60040,9013,1326.51,838082.48540,0
1772591400000,631.200,632.560,630.470,632.250,2806.84,1772592299999,1772159.65310,9578,1394.24,880505.36780,0
1772592300000,632.240,634.520,631.990,633.980,2868.22,1772593199999,1817805.21640,8599,1386.97,878843.28310,0
1772593200000,633.970,634.260,631.740,633.190,4005.44,1772594099999,2535227.15900,11913,2074.71,1312906.91300,0
1772594100000,633.180,634.020,630.310,630.650,4957.41,1772594999999,3134361.22470,12798,2168.86,1371393.15820,0
1772595000000,630.650,630.700,626.000,627.180,16897.76,1772595899999,10604798.09060,28070,6602.94,4144212.69700,0
1772595900000,627.180,629.330,626.160,629.140,5008.17,1772596799999,3143813.42080,13512,3048.63,1914114.67490,0
1772596800000,629.140,630.430,627.730,629.600,5460.91,1772597699999,3435903.17420,14440,2754.26,1733244.41910,0
1772597700000,629.600,629.880,627.090,627.980,4373.94,1772598599999,2746901.87220,10889,2051.41,1288088.53120,0
1772598600000,627.970,629.280,627.080,629.140,3413.87,1772599499999,2144784.71680,11133,1881.15,1182061.32550,0
1772599500000,629.140,630.350,628.740,629.790,3863.95,1772600399999,2432834.80390,8904,2234.20,1406774.58360,0
1772600400000,629.800,630.930,628.830,630.810,4022.96,1772601299999,2534732.05580,10061,2303.57,1451570.96570,0
1772601300000,630.810,630.960,628.750,629.500,4345.75,1772602199999,2737627.38570,9267,2028.74,1278116.55450,0
1772602200000,629.510,633.640,628.810,632.810,6725.64,1772603099999,4248407.98900,13456,4051.96,2560006.26670,0
1772603100000,632.810,633.390,632.010,632.460,4110.18,1772603999999,2600482.35080,8634,2183.16,1381401.34330,0
1772604000000,632.470,632.850,631.550,631.970,3782.71,1772604899999,2391160.65090,8954,1661.74,1050509.43480,0
1772604900000,631.960,632.390,631.210,632.120,3079.38,1772605799999,1945786.44470,7752,1417.72,895812.51010,0
1772605800000,632.120,635.790,631.870,635.290,8978.13,1772606699999,5695043.98000,16852,4823.94,3060833.10600,0
1772606700000,635.300,635.490,633.910,634.770,4644.28,1772607599999,2947441.48990,10100,2354.63,1494369.83560,0
1772607600000,634.770,635.520,633.870,634.540,5834.05,1772608499999,3703281.19970,12488,3478.35,2208034.90360,0
1772608500000,634.540,636.800,634.380,636.790,4867.70,1772609399999,3093665.11630,9188,3064.68,1947947.93990,0
1772609400000,636.800,637.740,635.700,637.590,5855.66,1772610299999,3728923.68690,12563,3630.51,2312280.35600,0
1772610300000,637.580,641.000,637.090,640.020,16353.98,1772611199999,10463928.50650,23650,10289.41,6583578.62220,0
1772611200000,640.020,642.300,638.860,641.080,18925.15,1772612099999,12125341.90260,29986,11168.75,7157329.12640,0
1772612100000,641.090,641.450,639.000,639.380,7318.36,1772612999999,4685736.50830,16356,3450.98,2209986.58420,0
1772613000000,639.380,644.460,639.280,644.180,11150.94,1772613899999,7162429.55500,19834,6621.88,4253903.89670,0
1772613900000,644.180,652.590,644.030,651.360,41370.47,1772614799999,26835388.46160,52667,25579.16,16593677.51070,0
1772614800000,651.350,654.520,650.110,652.080,31060.97,1772615699999,20254462.73280,41433,15023.16,9797920.51850,0
1772615700000,652.080,654.440,650.380,651.300,18913.06,1772616599999,12337533.36660,32818,9344.77,6097267.03170,0
1772616600000,651.310,654.150,649.580,653.300,18166.99,1772617499999,11851244.35590,30855,8813.59,5750152.79510,0
1772617500000,653.310,655.000,649.960,651.880,17796.02,1772618399999,11611141.48650,26719,8245.94,5380994.16010,0
1772618400000,651.870,654.310,650.830,653.280,22818.35,1772619299999,14903213.00110,29524,9320.82,6085185.31380,0
1772619300000,653.270,653.280,651.190,652.630,9276.51,1772620199999,6051605.10310,17810,4162.52,2715666.10430,0
1772620200000,652.630,652.960,650.550,651.020,13635.12,1772621099999,8882051.00550,17706,8339.07,5431381.27610,0
1772621100000,651.020,652.590,650.560,651.430,6644.70,1772621999999,4328888.38940,14327,2502.70,1630539.81710,0
1772622000000,651.440,652.580,650.750,652.190,8154.07,1772622899999,5312837.37730,15322,3534.47,2303163.75800,0
1772622900000,652.200,652.630,650.020,650.480,5339.70,1772623799999,3477331.61070,10895,2527.39,1645699.17740,0
1772623800000,650.490,650.910,647.660,649.140,15255.78,1772624699999,9901225.05030,23326,5964.35,3871046.42720,0
1772624700000,649.130,650.760,648.980,650.510,5984.39,1772625599999,3889788.08910,12784,3325.66,2161915.39060,0
1772625600000,650.500,651.500,649.820,650.710,6284.90,1772626499999,4090270.53010,15048,2795.54,1819408.87600,0
1772626500000,650.720,650.940,646.680,646.830,9994.82,1772627399999,6482073.00940,17754,3819.53,2477511.75500,0
1772627400000,646.820,649.920,646.120,649.510,13001.51,1772628299999,8425161.27400,18826,7368.82,4776078.72700,0
1772628300000,649.520,651.100,648.830,650.820,10225.67,1772629199999,6645895.61140,15530,5633.66,3661058.68770,0
1772629200000,650.820,652.550,650.480,650.920,9113.24,1772630099999,5938567.64170,18368,4339.83,2828122.30200,0
1772630100000,650.930,653.880,650.570,652.650,10067.30,1772630999999,6564483.72780,15796,6090.79,3970892.06950,0
1772631000000,652.640,653.150,651.720,652.300,8807.74,1772631899999,5746827.95690,15430,4243.33,2768760.66890,0
1772631900000,652.310,654.320,652.130,653.580,6798.29,1772632799999,4441177.19120,12837,3565.97,2329850.44500,0
1772632800000,653.580,655.440,653.270,654.340,13384.88,1772633699999,8756264.04580,18393,7849.98,5136237.38910,0
1772633700000,654.340,655.390,650.330,651.710,16817.04,1772634599999,10973825.91960,24563,7753.76,5060136.16810,0
1772634600000,651.710,657.860,649.590,649.870,40569.62,1772635499999,26510913.45800,64493,20762.77,13573917.71740,0
1772635500000,649.870,652.870,648.990,652.140,11903.83,1772636399999,7750997.98200,33895,5533.96,3603072.95280,0
1772636400000,652.130,654.830,651.500,653.310,13544.00,1772637299999,8849845.30310,33894,6873.93,4492035.93910,0
1772637300000,653.300,661.290,653.190,660.990,25369.19,1772638199999,16681222.11930,37864,16185.07,10643304.34950,0
1772638200000,660.990,661.330,656.300,657.220,23307.13,1772639099999,15346356.95150,38123,10381.39,6837147.82110,0
1772639100000,657.230,662.420,657.000,661.380,15623.30,1772639999999,10314001.64740,32782,8465.39,5589182.78530,0
1772640000000,661.380,663.000,656.860,657.440,27476.96,1772640899999,18122648.58680,42342,16520.55,10894536.83260,0
1772640900000,657.440,659.940,656.020,659.500,10627.03,1772641799999,6992307.75900,25470,5443.59,3581856.96040,0
1772641800000,659.490,660.960,659.030,659.920,6549.80,1772642699999,4322471.12450,18360,3594.18,2372082.93910,0
1772642700000,659.930,661.150,659.050,659.600,8427.82,1772643599999,5562096.86860,17190,4450.74,2937573.33910,0
1772643600000,659.600,660.860,657.710,659.400,8143.08,1772644499999,5370293.78810,21122,3153.41,2080063.47510,0
1772644500000,659.410,660.500,655.310,656.380,10161.15,1772645399999,6673906.32860,22657,5099.55,3348829.77890,0
1772645400000,656.380,659.050,656.380,658.660,6081.91,1772646299999,3999470.45900,18688,3312.04,2177816.58830,0
1772646300000,658.660,659.620,658.010,658.430,6078.57,1772647199999,4004549.99150,12939,3339.91,2200335.67400,0
1772647200000,658.420,659.900,656.190,657.400,7737.87,1772648099999,5095122.67000,15990,4570.66,3010847.17420,0
1772648100000,657.400,660.260,657.260,660.100,3505.54,1772648999999,2310457.97660,10667,2059.92,1357588.94680,0
1772649000000,660.110,660.460,657.840,660.110,4620.49,1772649899999,3046186.11680,12891,2015.83,1328821.55260,0
1772649900000,660.110,661.950,659.820,661.670,6950.98,1772650799999,4592393.66660,13163,3120.66,2062275.74980,0
1772650800000,661.670,664.640,661.000,663.930,12430.26,1772651699999,8240147.33900,25306,7427.19,4924866.67240,0
1772651700000,663.940,666.430,662.010,662.370,16616.86,1772652599999,11037058.44100,27220,9164.28,6088876.08420,0
1772652600000,662.360,665.550,662.030,664.570,6003.97,1772653499999,3983686.25510,16332,2870.07,1904758.41910,0
1772653500000,664.580,664.770,662.650,662.690,4726.98,1772654399999,3137233.00090,12233,1816.02,1205502.16920,0
1772654400000,662.700,663.200,660.600,661.380,5522.62,1772655299999,3654493.38740,15085,2687.99,1778769.19640,0
1772655300000,661.380,662.970,660.280,662.090,4718.58,1772656199999,3121339.24880,10894,2153.89,1425211.41060,0
1772656200000,662.080,662.790,661.060,662.470,2586.47,1772657099999,1712252.35560,9447,1247.78,826108.65810,0
1772657100000,662.470,663.040,660.590,660.600,5857.15,1772657999999,3874521.91840,13122,2944.84,1948294.07240,0
1772658000000,660.610,661.350,659.570,659.860,5979.89,1772658899999,3948941.41940,14500,3213.79,2122373.57800,0
1772658900000,659.850,660.480,658.670,659.890,4995.90,1772659799999,3295111.46220,10738,1922.81,1268274.66840,0
1772659800000,659.880,660.580,658.820,659.730,3028.59,1772660699999,1997883.64560,7421,1633.17,1077414.27510,0
1772660700000,659.730,660.320,659.210,660.180,1594.98,1772661599999,1052464.44710,5793,706.70,466342.97340,0
1772661600000,660.180,662.580,660.170,661.130,4587.15,1772662499999,3033660.56530,10280,2470.93,1633844.32040,0
1772662500000,661.120,661.500,660.160,660.170,2605.05,1772663399999,1721715.48080,6440,1101.80,728175.82720,0
1772663400000,660.160,660.330,657.710,658.150,4926.00,1772664299999,3245176.63560,8951,1990.02,1311210.28940,0
1772664300000,658.140,658.760,657.250,657.390,5813.19,1772665199999,3824229.55940,8290,2707.54,1781612.70440,0
1772665200000,657.390,658.700,656.770,658.630,5730.51,1772666099999,3769059.50990,11995,2965.78,1950726.60260,0
1772666100000,658.640,659.240,656.890,658.340,12134.10,1772666999999,7985009.20000,13117,4082.58,2686662.24340,0
1772667000000,658.330,659.170,656.750,658.940,8840.72,1772667899999,5815156.47660,14027,3407.84,2241750.20550,0
1772667900000,658.940,659.370,657.280,658.080,5949.99,1772668799999,3916048.54730,9577,2296.22,1511009.19110,0
1772668800000,658.090,659.000,656.440,657.930,9507.57,1772669699999,6254478.08940,14588,4262.07,2805006.04010,0
1772669700000,657.930,659.600,657.600,658.150,6311.31,1772670599999,4156761.79120,12069,3253.79,2143096.37150,0
1772670600000,658.150,659.460,657.760,659.260,3102.56,1772671499999,2042619.65530,10307,1662.05,1094229.01600,0
1772671500000,659.260,660.260,657.820,657.870,4131.48,1772672399999,2723293.88980,10005,2028.40,1337219.61000,0
1772672400000,657.880,661.140,657.140,660.280,6628.20,1772673299999,4371538.04270,16180,4170.92,2751511.25390,0
1772673300000,660.270,660.750,656.310,657.750,5965.44,1772674199999,3925641.15490,15064,2565.79,1688427.23740,0
1772674200000,657.740,657.780,653.710,654.780,10053.04,1772675099999,6589947.88480,19169,3907.57,2562419.74650,0
1772675100000,654.770,654.910,652.340,653.200,9230.02,1772675999999,6031130.01750,17167,3672.10,2399720.67740,0
1772676000000,653.190,657.000,652.980,656.550,7787.79,1772676899999,5104943.47310,17771,4561.84,2990225.16600,0
1772676900000,656.550,656.990,655.070,655.390,2575.43,1772677799999,1689331.91240,7232,1247.41,818308.69060,0
1772677800000,655.390,655.390,652.700,653.180,4455.72,1772678699999,2911900.52620,10210,1928.34,1260177.72760,0
1772678700000,653.180,654.680,653.070,654.150,3327.09,1772679599999,2175374.85940,8690,1920.31,1255558.92220,0
1772679600000,654.150,655.500,653.900,654.750,3176.65,1772680499999,2079490.38550,9472,1559.81,1021142.48890,0
1772680500000,654.750,654.960,653.170,653.520,4512.01,1772681399999,2950768.27710,8698,1268.16,829470.65680,0
1772681400000,653.530,653.760,652.730,653.010,4121.31,1772682299999,2692048.82000,10627,1994.22,1302711.68900,0
1772682300000,653.020,654.980,652.980,654.400,2869.81,1772683199999,1877358.10820,7190,1773.64,1160409.56460,0
1772683200000,654.410,656.020,653.940,655.580,4372.31,1772684099999,2864413.14060,10258,2650.00,1736212.03040,0
1772684100000,655.590,656.620,654.800,656.220,5575.74,1772684999999,3656754.08150,10991,3111.53,2040907.65560,0
1772685000000,656.220,656.610,654.550,656.500,6444.47,1772685899999,4226627.62580,12060,3513.67,2304668.71760,0
1772685900000,656.500,657.630,654.780,655.500,5978.63,1772686799999,3922738.13380,11405,3313.51,2173920.51570,0
1772686800000,655.510,656.320,655.000,655.860,2462.51,1772687699999,1614578.85830,7111,1278.37,838216.63770,0
1772687700000,655.870,655.960,653.280,653.600,5986.16,1772688599999,3917386.33510,9260,2105.83,1378197.62570,0
1772688600000,653.590,654.580,653.040,653.490,5227.38,1772689499999,3417109.64430,9263,2733.53,1786956.40510,0
1772689500000,653.490,654.140,652.740,653.410,3126.30,1772690399999,2042763.07830,7628,1711.08,1118105.21720,0
1772690400000,653.420,653.790,650.340,651.130,12747.30,1772691299999,8309354.83750,19045,4509.49,2939472.86420,0
1772691300000,651.130,653.630,650.660,652.760,5029.09,1772692199999,3281201.47300,12026,3089.77,2016160.86120,0
1772692200000,652.770,653.900,652.000,653.320,2700.96,1772693099999,1763941.38490,7403,1610.87,1052103.57290,0
1772693100000,653.330,655.470,653.190,654.580,3469.78,1772693999999,2271565.96570,9191,1652.24,1081670.10790,0
1772694000000,654.580,655.210,653.560,654.770,3982.34,1772694899999,2605800.27920,10510,2037.99,1333741.11660,0
1772694900000,654.780,654.950,653.900,653.940,2144.17,1772695799999,1403306.24710,5775,883.44,578206.54810,0
1772695800000,653.940,654.000,650.880,651.360,6694.66,1772696699999,4366165.91160,8967,2938.55,1915715.25860,0
1772696700000,651.360,651.430,648.690,650.450,12012.76,1772697599999,7806511.05840,16862,4410.14,2866026.84880,0
1772697600000,650.450,650.920,649.680,650.510,4661.23,1772698499999,3031122.33360,12731,2345.26,1525031.62710,0
1772698500000,650.510,651.690,650.010,650.540,4175.00,1772699399999,2717910.78770,10304,2003.18,1304196.93910,0
1772699400000,650.550,652.860,650.190,652.420,5949.02,1772700299999,3877371.09190,12378,3523.15,2296438.65570,0
1772700300000,652.430,652.980,651.800,652.740,3183.97,1772701199999,2077650.99050,8720,1664.74,1086327.74790,0
1772701200000,652.750,655.430,652.610,654.420,9836.17,1772702099999,6433472.47730,17988,5263.32,3442604.55680,0
1772702100000,654.420,655.700,653.900,654.950,5694.41,1772702999999,3727274.17490,14809,2939.74,1924268.89100,0
1772703000000,654.950,657.270,654.840,655.550,5862.61,1772703899999,3844849.52060,13441,3068.05,2012499.95160,0
1772703900000,655.560,656.240,655.270,656.090,3108.62,1772704799999,2038837.93730,7656,1517.45,995279.68980,0
1772704800000,656.090,657.170,655.500,657.010,4552.18,1772705699999,2988348.60300,9925,2240.88,1471206.64750,0
1772705700000,657.010,662.310,656.850,661.370,11943.05,1772706599999,7878281.90350,20385,7104.10,4684752.76500,0
1772706600000,661.380,665.490,660.920,662.830,18580.64,1772707499999,12331013.22080,29340,11527.28,7650462.12780,0
1772707500000,662.830,665.640,662.660,664.140,9369.23,1772708399999,6225071.96760,17719,4873.22,3237505.04350,0
1772708400000,664.140,664.570,661.830,662.610,8156.65,1772709299999,5408512.09830,17425,3960.96,2626259.52860,0
1772709300000,662.610,663.080,661.080,662.680,4906.69,1772710199999,3248226.25430,11234,2306.19,1526652.37420,0
1772710200000,662.680,662.680,659.070,659.550,7457.94,1772711099999,4925376.25910,13893,3246.06,2143689.32230,0
1772711100000,659.560,660.300,658.870,659.300,5148.55,1772711999999,3395947.96480,11025,2533.29,1671065.27330,0
1772712000000,659.310,659.440,657.470,657.610,6131.47,1772712899999,4036253.07400,14138,2602.10,1712810.13370,0
1772712900000,657.610,658.030,655.260,656.080,8234.83,1772713799999,5406257.12880,16286,4128.12,2709864.41060,0
1772713800000,656.080,658.830,655.260,658.830,9901.29,1772714699999,6503266.28670,16472,6274.57,4120900.85750,0
1772714700000,658.830,661.040,658.620,660.050,11202.20,1772715599999,7394968.58310,17472,5636.93,3721154.80850,0
1772715600000,660.050,660.370,657.050,657.930,7222.95,1772716499999,4754886.63750,17468,2482.91,1634631.71360,0
1772716500000,657.930,658.570,654.790,656.910,7845.82,1772717399999,5153411.24550,18244,3045.23,2000174.86820,0
1772717400000,656.920,657.050,653.400,656.280,7275.65,1772718299999,4765409.99940,20848,4177.32,2735857.58130,0
1772718300000,656.290,658.720,655.760,657.300,6430.20,1772719199999,4226772.98900,13364,3402.49,2236000.53850,0
1772719200000,657.300,658.150,655.490,657.330,7089.11,1772720099999,4657017.10290,16278,2618.42,1720257.18280,0
1772720100000,657.330,657.390,654.190,655.830,8718.31,1772720999999,5713315.49790,16554,3797.92,2488810.88920,0
1772721000000,655.840,658.640,652.510,652.810,14870.10,1772721899999,9741061.70070,37624,6875.28,4505558.93740,0
1772721900000,652.810,657.660,652.720,656.830,10987.36,1772722799999,7196089.79590,31760,6519.58,4269900.50320,0
1772722800000,656.820,657.370,650.000,651.770,18133.55,1772723699999,11825949.37760,35876,9615.52,6269639.32990,0
1772723700000,651.770,652.890,649.530,650.060,13985.21,1772724599999,9104634.42100,31627,6832.69,4448814.61650,0
1772724600000,650.060,652.650,648.260,651.370,15461.57,1772725499999,10054145.78180,31846,8212.34,5340991.76680,0
1772725500000,651.370,653.700,650.700,653.080,9948.94,1772726399999,6488077.14220,21308,5232.20,3413036.12150,0
1772726400000,653.070,653.180,646.270,648.320,20543.87,1772727299999,13336083.19160,33419,9836.38,6383222.53610,0
1772727300000,648.310,651.040,647.260,650.380,10728.77,1772728199999,6964911.24260,23275,6208.95,4031160.98080,0
1772728200000,650.370,653.840,650.090,652.460,7205.13,1772729099999,4698971.79040,18759,4502.14,2935923.04630,0
1772729100000,652.450,653.620,652.150,652.720,4605.69,1772729999999,3006982.04410,12662,2450.75,1600138.41180,0
1772730000000,652.730,654.680,650.570,651.330,10035.68,1772730899999,6547689.73390,20219,4081.89,2663702.45560,0
1772730900000,651.330,651.490,648.840,648.840,6580.63,1772731799999,4276371.49620,16709,2688.92,1747318.07660,0
1772731800000,648.840,649.220,647.080,648.020,6752.37,1772732699999,4375800.19410,18581,3575.15,2316896.32260,0
1772732700000,648.010,648.720,646.800,647.630,6013.06,1772733599999,3894675.49170,15981,3380.73,2189800.77270,0
1772733600000,647.620,649.280,646.460,648.730,7590.11,1772734499999,4916355.13440,19791,3958.13,2563737.95190,0
1772734500000,648.730,649.220,646.800,647.360,4321.69,1772735399999,2799869.47730,14198,1821.52,1180104.99600,0
1772735400000,647.350,650.530,647.270,649.740,4776.27,1772736299999,3101286.33950,13527,2596.92,1686108.04530,0
1772736300000,649.740,650.750,648.930,650.240,3106.43,1772737199999,2018526.07470,9117,1552.63,1008848.37700,0
1772737200000,650.240,653.100,650.140,652.530,4980.28,1772738099999,3245081.35240,13423,2968.79,1934340.31640,0
1772738100000,652.540,653.600,650.870,651.600,4020.46,1772738999999,2621974.57180,10588,1862.85,1215082.55920,0
1772739000000,651.610,651.980,650.440,651.180,2368.43,1772739899999,1542376.24680,8308,1031.80,671877.65180,0
1772739900000,651.170,651.990,647.760,648.700,13077.08,1772740799999,8486608.68590,11823,4525.21,2935664.56050,0
1772740800000,648.700,650.360,648.000,650.220,4701.88,1772741699999,3052635.30120,13940,2868.84,1862630.46240,0
1772741700000,650.220,651.650,649.520,650.780,4762.20,1772742599999,3097588.20900,11657,2010.86,1308277.34000,0
1772742600000,650.780,651.700,650.170,650.390,3068.71,1772743499999,1997625.66130,7931,1579.87,1028398.10030,0
1772743500000,650.400,651.590,649.560,650.900,2600.33,1772744399999,1691729.83910,6976,1253.55,815555.09620,0
1772744400000,650.880,651.790,650.830,651.190,1616.08,1772745299999,1052524.48620,5347,698.59,454961.20240,0
1772745300000,651.200,652.440,651.100,651.820,2616.80,1772746199999,1705327.66830,6549,1577.50,1028034.89620,0
1772746200000,651.820,652.010,647.880,648.520,5666.41,1772747099999,3679336.64100,10046,1665.44,1081470.52960,0
1772747100000,648.510,648.710,646.620,647.630,4953.80,1772747999999,3207515.94440,8257,2330.96,1509287.35680,0
1772748000000,647.620,648.330,646.510,647.210,3125.28,1772748899999,2023716.08610,7942,1496.76,969151.44770,0
1772748900000,647.200,647.860,646.490,647.050,3580.92,1772749799999,2317549.88920,6329,1570.73,1016637.77340,0
1772749800000,647.050,649.750,646.910,648.970,3984.96,1772750699999,2583922.65710,7770,2659.22,1724234.60330,0
1772750700000,648.960,649.890,648.560,648.560,1974.49,1772751599999,1281848.30490,6055,872.05,566178.86700,0
1772751600000,648.570,649.070,648.320,648.650,2018.56,1772752499999,1309453.04370,6774,977.70,634250.96240,0
1772752500000,648.650,650.080,648.440,649.640,2320.12,1772753399999,1506585.37640,5201,1542.63,1001748.95010,0
1772753400000,649.640,649.710,647.510,648.260,3226.95,1772754299999,2091683.08500,7431,1359.04,880780.23130,0
1772754300000,648.250,648.250,647.110,648.010,2988.35,1772755199999,1935465.01430,5994,1161.03,752075.43060,0
1772755200000,648.010,649.830,647.890,649.710,3764.42,1772756099999,2441476.06860,8514,2412.02,1564348.13210,0
1772756100000,649.720,649.720,648.000,648.190,2057.53,1772756999999,1335276.62100,6983,799.47,518786.79030,0
1772757000000,648.190,648.600,647.960,648.130,1750.57,1772757899999,1134711.97830,5912,887.20,575109.81670,0
1772757900000,648.130,648.520,646.550,647.750,3753.21,1772758799999,2430372.25060,7326,1886.86,1221804.81670,0
1772758800000,647.750,648.680,647.290,647.870,3914.11,1772759699999,2536492.45660,9979,2220.03,1438642.20440,0
1772759700000,647.860,649.130,645.530,646.300,5693.28,1772760599999,3682892.02530,11082,2369.74,1533760.79710,0
1772760600000,646.310,651.400,646.310,651.350,7666.92,1772761499999,4983151.85480,16206,4303.48,2796981.69640,0
1772761500000,651.350,651.780,650.300,651.010,4832.63,1772762399999,3146445.29440,10969,2069.02,1347124.62610,0
1772762400000,651.020,651.650,650.110,651.040,3222.52,1772763299999,2097338.03500,9929,1417.42,922521.76270,0
1772763300000,651.040,651.530,649.280,650.640,4550.01,1772764199999,2958956.67900,11929,2366.99,1539217.28320,0
1772764200000,650.650,650.920,649.480,650.800,2478.69,1772765099999,1611896.35970,8452,1336.72,869247.61110,0
1772765100000,650.800,650.890,649.430,650.010,1724.83,1772765999999,1121232.52710,6154,777.07,505106.81250,0
1772766000000,650.010,650.480,648.550,648.850,1804.10,1772766899999,1172102.68740,7160,777.30,505099.53770,0
1772766900000,648.850,650.570,648.220,648.800,4185.55,1772767799999,2717008.32040,8782,1641.25,1065405.72540,0
1772767800000,648.790,649.160,648.050,648.210,3059.72,1772768699999,1984207.07930,7175,1381.61,895967.45220,0
1772768700000,648.220,650.200,648.100,649.810,9911.56,1772769599999,6438844.23830,8181,4183.20,2716225.60690,0
1772769600000,649.810,650.000,648.300,648.340,1925.37,1772770499999,1249993.93420,7593,825.02,535684.61130,0
1772770500000,648.340,648.630,647.840,648.120,1418.56,1772771399999,919460.08630,5694,732.37,474693.07960,0
1772771400000,648.120,649.040,641.120,643.880,28624.07,1772772299999,18447272.62790,30793,9208.80,5932129.20890,0
1772772300000,643.880,644.400,643.250,644.100,4314.63,1772773199999,2778258.86600,9779,1995.31,1284814.03520,0
1772773200000,644.100,645.320,643.440,645.310,6182.37,1772774099999,3982689.65190,13705,3191.30,2056062.77240,0
1772774100000,645.320,646.420,643.460,644.040,4067.85,1772774999999,2623528.92240,10492,1813.49,1169735.17580,0
1772775000000,644.030,644.640,642.660,643.050,5179.37,1772775899999,3332774.65000,11598,2292.01,1474998.34400,0
1772775900000,643.040,645.520,642.560,644.780,5267.64,1772776799999,3392242.39710,10903,3166.78,2039868.74160,0
1772776800000,644.790,644.970,643.750,644.180,2718.30,1772777699999,1751938.42160,8474,1312.47,845899.58020,0
1772777700000,644.180,645.650,643.790,644.960,2841.23,1772778599999,1832223.10110,6813,1748.32,1127380.59340,0
1772778600000,644.970,645.520,643.730,645.430,2631.85,1772779499999,1696901.10470,7616,1329.38,857195.12080,0
1772779500000,645.430,646.430,644.960,645.070,2602.74,1772780399999,1680191.79060,6897,1474.38,951918.39780,0
1772780400000,645.080,646.490,643.770,644.320,2835.34,1772781299999,1829241.92590,9239,1426.91,920706.79320,0
1772781300000,644.330,647.050,644.000,646.770,5325.82,1772782199999,3442227.36070,8487,4159.07,2688567.70060,0
1772782200000,646.780,647.480,646.370,647.230,4843.41,1772783099999,3133171.83740,9889,2630.01,1701409.93500,0
1772783100000,647.230,647.960,646.530,646.780,3798.54,1772783999999,2458192.91120,8111,1489.83,964143.11220,0
1772784000000,646.790,646.990,645.490,645.890,4753.91,1772784899999,3071786.21590,10910,1820.96,1176585.12270,0
1772784900000,645.890,646.170,645.040,645.080,1837.29,1772785799999,1186067.52450,6791,860.68,555632.21110,0
1772785800000,645.080,645.430,644.070,644.550,3486.07,1772786699999,2247448.32020,9993,1521.47,980871.09810,0
1772786700000,644.550,645.460,644.000,644.420,1854.46,1772787599999,1195316.32180,7680,941.34,606737.79050,0
1772787600000,644.430,645.130,642.000,642.290,5595.27,1772788499999,3600049.51010,13195,2545.51,1637644.09810,0
1772788500000,642.280,642.380,639.290,639.880,20968.29,1772789399999,13427886.76270,21878,9135.15,5848700.98940,0
1772789400000,639.890,640.410,639.050,640.320,7566.08,1772790299999,4840463.30070,16021,4326.06,2767751.59720,0
1772790300000,640.320,641.180,639.540,640.740,4112.55,1772791199999,2633907.75240,10570,2435.87,1560071.11790,0
1772791200000,640.740,641.510,640.290,641.200,3467.56,1772792099999,2222824.03550,9330,1888.03,1210294.22900,0
1772792100000,641.190,641.510,640.650,641.100,2938.36,1772792999999,1883934.62280,7768,1516.93,972588.85920,0
1772793000000,641.110,641.220,640.020,640.210,3141.50,1772793899999,2012132.29690,6381,1363.14,873048.25300,0
1772793900000,640.220,640.550,639.500,639.730,2978.78,1772794799999,1906495.62940,7034,1357.17,868657.37270,0
1772794800000,639.730,640.120,638.510,639.490,5614.96,1772795699999,3588623.26750,10731,2444.72,1562492.48880,0
1772795700000,639.490,639.730,638.940,639.640,2258.28,1772796599999,1443913.31740,6180,1353.89,865686.37110,0
1772796600000,639.640,639.680,637.830,637.880,3967.18,1772797499999,2534044.90900,8479,1441.42,920913.28860,0
1772797500000,637.880,637.910,637.060,637.310,4473.02,1772798399999,2851237.26290,9180,2176.03,1387115.22970,0
1772798400000,637.300,637.350,634.570,635.590,13168.45,1772799299999,8374028.51610,20213,6942.54,4415033.29470,0
1772799300000,635.600,638.270,635.600,637.650,6283.80,1772800199999,4005206.71670,12474,3881.87,2474111.17770,0
1772800200000,637.650,638.100,635.710,636.230,4013.21,1772801099999,2554927.45850,11149,1920.26,1222532.06300,0
1772801100000,636.220,638.230,635.500,637.460,5594.77,1772801999999,3563831.47120,11010,3043.43,1938930.49470,0
1772802000000,637.460,638.240,637.100,637.850,4547.55,1772802899999,2900493.54030,9505,2072.52,1321941.50780,0
1772802900000,637.840,639.670,637.200,638.620,7403.30,1772803799999,4725976.98820,12650,4192.07,2676189.33480,0
1772803800000,638.610,640.690,635.990,639.180,18767.26,1772804699999,11984901.02750,28578,9581.25,6119114.46650,0
1772804700000,639.170,639.180,633.200,633.380,16869.67,1772805599999,10733606.48880,24650,5173.15,3288849.40620,0
1772805600000,633.370,634.000,629.480,630.800,23174.86,1772806499999,14638374.25730,38975,11255.63,7110611.30940,0
1772806500000,630.790,632.780,630.270,632.280,7397.36,1772807399999,4673806.04310,19630,3862.07,2440290.96090,0
1772807400000,632.290,632.910,627.530,629.140,17851.87,1772808299999,11236688.06390,41292,9133.30,5748861.24620,0
1772808300000,629.150,629.970,624.510,626.290,21581.37,1772809199999,13520943.76500,39844,10363.76,6493951.87060,0
1772809200000,626.280,627.390,624.720,626.930,14603.14,1772810099999,9145131.06360,31762,6715.09,4205740.93630,0
1772810100000,626.920,629.280,626.380,628.170,10242.74,1772810999999,6431158.82100,21642,5551.91,3485995.61660,0
1772811000000,628.180,632.040,628.170,628.630,19326.21,1772811899999,12184947.67730,24941,11661.53,7351352.77490,0
1772811900000,628.640,628.690,625.740,627.700,6511.58,1772812799999,4084505.55470,15617,3249.08,2037686.67920,0
1772812800000,627.690,629.990,626.490,627.170,10120.53,1772813699999,6358068.70900,19653,5651.21,3551123.23200,0
1772813700000,627.170,629.600,626.520,629.320,7775.81,1772814599999,4883153.68380,15749,4286.90,2691872.29090,0
1772814600000,629.330,631.020,628.650,630.400,7283.35,1772815499999,4588439.41000,14348,3784.45,2384336.64470,0
1772815500000,630.410,631.200,628.210,628.960,8294.75,1772816399999,5223079.29130,14862,3276.90,2063400.17210,0
1772816400000,628.960,630.080,628.190,628.610,4239.58,1772817299999,2667123.42690,11994,1826.28,1149271.33440,0
1772817300000,628.610,630.410,627.440,628.380,5439.00,1772818199999,3419214.07080,14133,2558.63,1608675.26450,0
1772818200000,628.370,628.760,625.800,626.560,8785.22,1772819099999,5506862.43510,16021,4153.38,2603317.70750,0
1772819100000,626.570,628.470,626.410,628.050,4475.27,1772819999999,2808127.70520,9128,3098.22,1943867.01210,0
1772820000000,628.060,630.220,627.910,629.920,4522.02,1772820899999,2845423.65080,11730,2901.20,1825635.16870,0
1772820900000,629.920,630.780,629.500,630.240,3295.78,1772821799999,2076654.84750,8826,1791.36,1128782.33550,0
1772821800000,630.240,631.700,630.140,631.280,3065.07,1772822699999,1934465.60370,7679,1867.25,1178411.77520,0
1772822700000,631.290,631.730,630.210,630.580,5259.69,1772823599999,3318732.96230,8928,2954.37,1864262.05330,0
1772823600000,630.590,632.490,630.520,632.490,3039.75,1772824499999,1919108.05820,8399,1782.59,1125598.80810,0
1772824500000,632.480,632.830,630.530,631.080,3879.19,1772825399999,2450459.61250,9341,1870.63,1181917.88620,0
1772825400000,631.080,631.430,630.520,630.520,2222.56,1772826299999,1402491.22240,6491,1134.72,716043.60190,0
1772826300000,630.520,630.690,630.060,630.550,2139.99,1772827199999,1349022.40990,5385,1240.64,782080.48260,0
1772827200000,630.560,631.400,630.200,630.530,3315.83,1772828099999,2091691.63630,8216,1811.46,1142778.03730,0
1772828100000,630.540,631.290,627.580,627.990,18606.28,1772828999999,11697253.85700,11742,7358.23,4623956.75120,0
1772829000000,627.990,629.900,627.520,629.100,3476.88,1772829899999,2185107.63930,8838,1945.21,1222603.39980,0
1772829900000,629.110,629.700,628.890,629.050,3623.21,1772830799999,2280496.74860,6918,1750.32,1101736.67830,0
1772830800000,629.050,629.650,628.890,629.390,2048.64,1772831699999,1289287.63930,5705,1123.46,707032.06560,0
1772831700000,629.380,629.580,627.720,628.010,5061.48,1772832599999,3181233.63770,6222,2525.64,1587249.93930,0
1772832600000,628.010,629.090,627.940,629.080,2402.94,1772833499999,1510337.70320,4549,1738.47,1092744.30580,0
1772833500000,629.090,629.760,628.750,629.550,2014.02,1772834399999,1267337.71850,4314,1204.28,757800.38390,0
1772834400000,629.550,630.000,629.160,629.340,3239.81,1772835299999,2039428.75520,6529,1353.10,851794.56170,0
1772835300000,629.330,629.980,629.140,629.340,1574.26,1772836199999,991240.26630,4002,922.46,580849.71820,0
1772836200000,629.340,630.200,628.840,629.940,1842.07,1772837099999,1159797.88650,4505,864.18,544059.81550,0
1772837100000,629.940,630.650,629.910,629.980,3569.60,1772837999999,2249896.25150,3593,787.44,496267.07480,0
1772838000000,629.980,630.030,628.280,628.530,3634.98,1772838899999,2286329.25660,7284,1975.54,1242368.06070,0
1772838900000,628.530,628.590,627.890,628.080,2851.15,1772839799999,1791219.55370,5577,1682.16,1056794.93660,0
1772839800000,628.070,628.220,627.050,627.410,3542.74,1772840699999,2223415.78180,6389,1840.96,1155576.70590,0
1772840700000,627.410,627.610,626.850,627.240,3005.24,1772841599999,1885000.95810,4980,1193.43,748575.55480,0
1772841600000,627.240,628.190,626.280,627.660,3955.56,1772842499999,2480054.47370,8307,1525.79,956775.17150,0
1772842500000,627.660,628.950,627.600,628.550,2176.45,1772843399999,1367389.48630,6059,1510.97,949318.66580,0
1772843400000,628.550,629.640,628.550,628.850,1562.53,1772844299999,983137.03150,4997,947.55,596151.11700,0
1772844300000,628.840,629.440,628.800,628.910,1186.58,1772845199999,746590.79290,3894,400.01,251676.97880,0
1772845200000,628.910,629.450,628.190,628.330,1734.15,1772846099999,1090720.30480,5707,858.50,539927.01320,0
1772846100000,628.330,628.590,627.890,628.360,1269.72,1772846999999,797684.99650,4770,560.78,352312.74140,0
1772847000000,628.350,628.810,628.110,628.690,1405.57,1772847899999,883324.07160,4216,734.90,461860.99190,0
1772847900000,628.700,629.000,628.330,628.330,1080.57,1772848799999,679329.66520,3816,440.82,277134.39720,0
1772848800000,628.330,628.650,627.870,628.060,1297.12,1772849699999,814929.49760,4541,592.84,372443.23170,0
1772849700000,628.060,628.170,626.830,626.850,1936.00,1772850599999,1214542.14180,4997,523.11,328165.64000,0
1772850600000,626.850,626.950,626.210,626.510,2735.36,1772851499999,1714114.66410,5124,1337.57,838191.68380,0
1772851500000,626.500,627.700,626.430,627.480,2035.05,1772852399999,1275918.74580,4786,1260.46,790241.94320,0
1772852400000,627.470,629.650,627.360,629.520,4266.26,1772853299999,2681724.45760,8309,2749.81,1728368.85600,0
1772853300000,629.520,629.520,627.600,627.670,3037.50,1772854199999,1909480.13580,7145,1680.45,1056473.82120,0
1772854200000,627.660,627.870,627.000,627.000,1934.19,1772855099999,1213535.26850,4650,1053.97,661315.90280,0
1772855100000,627.000,627.480,626.640,626.950,1430.18,1772855999999,896794.74550,4117,774.35,485555.54160,0
1772856000000,626.940,627.010,624.550,625.390,7888.10,1772856899999,4933950.96170,10986,2704.72,1691548.75210,0
1772856900000,625.400,626.530,625.260,626.280,1636.59,1772857799999,1024256.29560,5299,1049.54,656810.86970,0
1772857800000,626.280,627.560,626.210,627.310,2405.19,1772858699999,1507797.86210,5327,1149.93,720966.48830,0
1772858700000,627.310,627.470,626.840,627.020,1859.60,1772859599999,1166133.45410,3900,923.69,579229.19520,0
1772859600000,627.010,627.710,627.010,627.570,2066.40,1772860499999,1296371.84200,5352,1306.29,819490.54130,0
1772860500000,627.560,627.930,626.650,627.700,1714.54,1772861399999,1075568.64420,4915,839.99,526992.06210,0
1772861400000,627.700,628.160,627.000,628.060,1747.86,1772862299999,1097118.41270,4610,1071.98,672925.12170,0
1772862300000,628.060,628.460,627.260,627.340,1932.16,1772863199999,1213221.74860,4815,968.87,608391.73150,0
1772863200000,627.340,627.640,626.890,627.110,1557.22,1772864099999,976719.71300,5569,666.86,418258.61230,0
1772864100000,627.110,627.430,626.800,626.930,1203.25,1772864999999,754609.23990,4607,698.49,438068.40870,0
1772865000000,626.930,627.430,626.330,627.360,2222.67,1772865899999,1393327.86850,5598,1208.90,757893.38690,0
1772865900000,627.360,627.630,626.010,626.340,2123.48,1772866799999,1330794.89210,5912,1115.75,699237.67820,0
1772866800000,626.350,626.400,625.230,626.260,3478.70,1772867699999,2177188.98110,9042,1672.31,1046646.51030,0
1772867700000,626.250,626.810,625.640,626.540,2951.60,1772868599999,1848383.53710,5141,2056.50,1287821.60270,0
1772868600000,626.550,627.290,626.280,627.210,1437.97,1772869499999,901264.04600,4207,883.76,553945.15140,0
1772869500000,627.210,627.900,627.200,627.600,2291.67,1772870399999,1438187.41610,4947,1236.49,775989.62630,0
1772870400000,627.600,628.000,627.360,627.960,2206.42,1772871299999,1385053.80860,5258,1050.68,659533.41320,0
1772871300000,627.960,628.840,627.670,628.740,2912.82,1772872199999,1830167.65360,6008,1840.02,1156097.77240,0
1772872200000,628.740,629.200,628.620,628.970,2441.02,1772873099999,1535225.78600,5869,1332.97,838332.39550,0
1772873100000,628.960,629.100,627.540,628.070,2141.06,1772873999999,1345503.91320,4392,734.64,461604.29410,0
1772874000000,628.070,628.570,627.270,628.330,2219.51,1772874899999,1393481.74180,5977,1098.86,689910.36240,0
1772874900000,628.340,629.310,628.340,629.250,2435.65,1772875799999,1532140.75140,5769,1521.40,956979.87510,0
1772875800000,629.250,629.830,629.240,629.650,2299.66,1772876699999,1447854.12160,4820,1293.55,814409.41110,0
1772876700000,629.650,629.970,629.400,629.570,2075.91,1772877599999,1307210.98530,4525,972.69,612528.12910,0
1772877600000,629.570,629.820,629.080,629.720,1771.35,1772878499999,1115154.31570,6220,793.49,499532.29410,0
1772878500000,629.730,629.730,628.090,628.200,2083.80,1772879399999,1310306.78220,4690,551.36,346740.45280,0
1772879400000,628.190,628.260,627.110,627.120,2837.98,1772880299999,1781278.52420,4872,954.54,599114.43320,0
1772880300000,627.120,627.220,626.490,626.660,3308.61,1772881199999,2074162.84660,4983,1383.25,867163.82500,0
1772881200000,626.650,628.690,626.250,628.680,2978.70,1772882099999,1867625.21490,7078,1856.03,1163874.20440,0
1772882100000,628.680,628.730,627.810,627.810,2081.22,1772882999999,1307723.80610,6197,852.78,535856.88800,0
1772883000000,627.820,628.190,627.600,628.140,2218.52,1772883899999,1392906.87760,4499,1153.94,724517.84000,0
1772883900000,628.140,628.260,627.670,627.680,2435.41,1772884799999,1528988.45100,3124,442.74,278059.13950,0
1772884800000,627.680,628.100,627.110,627.110,6079.15,1772885699999,3815199.65600,5065,944.67,592759.46210,0
1772885700000,627.110,627.420,626.850,627.000,1495.68,1772886599999,938014.21840,3907,821.16,514994.51520,0
1772886600000,627.000,627.030,626.720,626.850,1225.10,1772887499999,768007.80150,3236,646.41,405223.44400,0
1772887500000,626.850,626.850,626.210,626.710,2476.47,1772888399999,1551560.42320,4722,1313.77,823092.36720,0
1772888400000,626.710,627.310,626.640,626.910,2656.62,1772889299999,1665526.73880,6207,1545.61,968978.60510,0
1772889300000,626.910,627.190,626.570,626.780,1667.46,1772890199999,1045363.90710,3962,748.98,469529.73800,0
1772890200000,626.780,627.480,626.120,626.720,4032.95,1772891099999,2528415.21720,6599,1811.07,1135289.52680,0
1772891100000,626.720,627.370,626.510,626.550,1681.31,1772891999999,1054003.90710,3305,840.40,526782.03130,0
1772892000000,626.540,626.590,623.430,624.120,18965.71,1772892899999,11849772.15150,16659,8589.02,5365760.56130,0
1772892900000,624.130,624.960,623.910,624.900,4417.71,1772893799999,2758632.68940,6798,2768.65,1728882.00890,0
1772893800000,624.900,627.630,624.830,627.060,6295.67,1772894699999,3942659.99000,10070,3634.47,2276466.47190,0
1772894700000,627.070,627.580,626.620,627.240,2721.87,1772895599999,1707198.88150,6311,1415.45,887834.47890,0
1772895600000,627.230,627.480,626.790,627.030,3282.75,1772896499999,2058812.19140,7911,1355.65,850199.33410,0
1772896500000,627.040,627.570,626.580,627.180,2592.41,1772897399999,1625699.81670,5218,1223.34,767085.21110,0
1772897400000,627.180,627.500,623.700,624.160,10797.42,1772898299999,6747329.55300,11951,4127.79,2578702.54490,0
1772898300000,624.170,625.610,623.790,625.020,4002.35,1772899199999,2500898.95070,6718,3054.05,1908440.94130,0
1772899200000,625.030,625.050,623.700,624.390,4404.77,1772900099999,2749795.25570,8766,2174.54,1357419.57880,0
1772900100000,624.390,624.400,622.570,623.060,5161.82,1772900999999,3216935.04470,9686,1875.15,1168641.61620,0
1772901000000,623.060,623.650,622.450,623.270,2522.57,1772901899999,1571947.94900,6664,1465.99,913613.57590,0
1772901900000,623.260,624.290,623.210,624.000,1716.17,1772902799999,1070409.04320,4909,1053.85,657281.58920,0
1772902800000,624.010,624.780,623.880,624.070,2626.69,1772903699999,1639989.81690,7548,1398.33,873058.55480,0
1772903700000,624.070,625.000,623.930,624.820,1617.00,1772904599999,1010006.16920,4910,1032.56,644962.57530,0
1772904600000,624.830,624.830,624.500,624.600,1169.16,1772905499999,730313.83010,2750,443.06,276753.67890,0
1772905500000,624.610,624.750,623.330,623.520,3375.86,1772906399999,2106262.25330,4563,1288.82,804046.81880,0
1772906400000,623.520,623.860,620.370,621.800,10004.20,1772907299999,6219819.30520,15402,3806.07,2366627.52330,0
1772907300000,621.790,622.580,621.370,622.570,1975.06,1772908199999,1228792.82230,6043,1227.99,764035.73920,0
1772908200000,622.570,622.570,621.550,622.500,2283.04,1772909099999,1419898.38720,5329,1149.73,715074.30460,0
1772909100000,622.500,622.730,622.100,622.480,2257.24,1772909999999,1405043.28890,4621,1225.02,762566.36560,0
1772910000000,622.490,622.490,621.380,621.500,3131.14,1772910899999,1946919.24050,6872,951.12,591369.21550,0
1772910900000,621.500,622.000,619.670,620.160,7684.16,1772911799999,4768112.91470,12698,2967.83,1842027.02100,0
1772911800000,620.160,621.290,620.100,620.830,3987.44,1772912699999,2475016.01510,8068,2615.83,1623712.54940,0
1772912700000,620.830,620.910,618.110,619.680,8764.93,1772913599999,5428605.04310,14715,3583.20,2219429.91600,0
1772913600000,619.680,621.780,619.630,621.180,5060.09,1772914499999,3141580.54910,9797,2494.58,1548921.44810,0
1772914500000,621.190,621.650,620.490,620.500,1489.61,1772915399999,925047.26270,5298,587.84,365055.62310,0
1772915400000,620.500,621.040,620.380,620.800,1661.54,1772916299999,1031278.39500,4717,774.97,481000.93810,0
1772916300000,620.800,621.110,620.670,621.000,2068.45,1772917199999,1284372.37090,3937,1135.29,704930.82900,0
1772917200000,621.000,622.410,621.000,621.660,4589.95,1772918099999,2853930.75180,8235,2847.84,1770478.13580,0
1772918100000,621.660,622.080,621.210,621.700,1303.56,1772918999999,810323.04970,3731,753.55,468396.75530,0
1772919000000,621.700,621.700,620.580,620.680,1821.07,1772919899999,1131050.55090,4586,808.03,501841.71230,0
1772919900000,620.670,621.200,620.240,621.140,1671.75,1772920799999,1037569.25450,4127,648.05,402251.39690,0
1772920800000,621.150,621.450,620.380,620.420,2671.74,1772921699999,1659083.94840,5108,1275.49,791989.20660,0
1772921700000,620.420,620.860,619.000,619.550,3302.55,1772922599999,2046573.80280,5040,841.15,521507.36430,0
1772922600000,619.560,619.950,617.600,619.750,4795.90,1772923499999,2968318.94180,8159,2455.77,1520306.82350,0
1772923500000,619.740,620.830,619.160,619.810,2359.98,1772924399999,1463336.34300,5195,1346.40,834816.33770,0
1772924400000,619.820,620.780,619.560,620.090,1384.81,1772925299999,858852.51250,5521,678.76,420955.00740,0
1772925300000,620.080,620.810,619.970,620.260,1891.46,1772926199999,1173341.13300,4637,804.19,498902.80280,0
1772926200000,620.260,620.480,619.990,620.240,1584.56,1772927099999,982721.11090,3818,911.06,565011.15050,0
1772927100000,620.250,620.510,619.820,620.240,1264.79,1772927999999,784232.41100,3006,648.96,402411.10400,0
1772928000000,620.250,621.770,620.250,621.180,5058.09,1772928899999,3142372.10060,7961,3468.85,2154991.65000,0
1772928900000,621.180,621.960,620.470,620.670,2641.35,1772929799999,1640675.76000,5897,1007.61,625959.43740,0
1772929800000,620.660,620.670,619.400,619.880,2374.19,1772930699999,1472053.96010,5469,1058.40,656222.00960,0
1772930700000,619.890,619.940,618.790,619.140,2248.78,1772931599999,1392421.46120,6047,1228.30,760534.12390,0
1772931600000,619.150,620.190,618.390,619.880,3558.25,1772932499999,2203517.08040,8325,2067.01,1280240.96820,0
1772932500000,619.870,620.280,619.100,619.120,1281.96,1772933399999,794556.45090,4500,396.19,245570.69180,0
1772933400000,619.120,619.710,617.800,619.700,2976.59,1772934299999,1840935.98370,8061,1552.71,960395.85740,0
1772934300000,619.690,620.190,619.400,619.850,1109.54,1772935199999,687645.36510,3937,570.72,353709.65010,0
1772935200000,619.850,619.850,618.650,619.380,1274.50,1772936099999,789268.23700,4798,660.19,408818.75190,0
1772936100000,619.390,619.610,617.840,618.070,2630.62,1772936999999,1627329.25280,5818,849.13,525221.74090,0
1772937000000,618.070,620.070,617.300,619.420,5508.84,1772937899999,3408045.51410,9739,3352.97,2075246.45180,0
1772937900000,619.420,619.420,615.200,616.020,10309.29,1772938799999,6356719.59270,18782,4007.51,2470799.01360,0
1772938800000,616.020,616.710,615.680,616.540,4829.53,1772939699999,2975779.45710,10818,2100.96,1294606.41650,0
1772939700000,616.540,617.600,616.510,616.680,3062.58,1772940599999,1889546.89220,7151,1597.06,985339.40650,0
1772940600000,616.690,616.950,615.960,616.470,2700.46,1772941499999,1664703.85350,6475,1464.30,902705.47140,0
1772941500000,616.460,617.290,616.390,616.830,2277.76,1772942399999,1405104.73720,5331,1252.60,772632.46180,0
1772942400000,616.840,617.560,616.110,616.720,3012.28,1772943299999,1858190.50580,7043,1871.66,1154499.66910,0
1772943300000,616.720,617.650,616.480,617.070,1785.96,1772944199999,1102024.21520,4881,995.36,614211.35600,0
1772944200000,617.080,617.140,615.750,616.320,1889.98,1772945099999,1164776.75190,5661,783.79,483015.42130,0
1772945100000,616.320,616.330,614.040,615.090,6344.13,1772945999999,3902229.15150,11885,2973.07,1828823.42740,0
1772946000000,615.080,617.280,614.990,617.280,2887.43,1772946899999,1779261.23110,8239,1827.68,1126264.31690,0
1772946900000,617.270,618.630,617.120,618.150,3052.58,1772947799999,1886016.24370,7105,1503.64,929073.63070,0
1772947800000,618.150,618.410,617.730,618.180,1470.73,1772948699999,908947.18340,4458,781.45,482985.47940,0
1772948700000,618.180,618.790,617.800,618.000,1578.77,1772949599999,976198.61300,4226,926.53,572920.12060,0
1772949600000,618.000,618.650,617.950,618.050,1924.21,1772950499999,1189744.28470,6188,1028.14,635691.42060,0
1772950500000,618.040,618.330,617.580,617.620,1906.29,1772951399999,1178125.26130,4180,803.79,496730.97090,0
1772951400000,617.610,618.880,617.340,618.840,2604.95,1772952299999,1610298.23770,4525,1831.82,1132422.03020,0
1772952300000,618.840,619.350,618.490,618.910,1733.13,1772953199999,1072728.15220,4436,916.25,567110.44570,0
1772953200000,618.910,621.500,618.770,621.420,7781.68,1772954099999,4829685.19410,11196,4907.53,3046127.61330,0
1772954100000,621.410,622.230,619.830,620.300,4743.89,1772954999999,2945784.52300,8058,2284.59,1419032.22100,0
1772955000000,620.310,620.440,619.750,620.050,2071.01,1772955899999,1284152.39190,4385,977.65,606176.82940,0
1772955900000,620.060,620.160,619.110,619.770,2754.62,1772956799999,1706451.91250,5062,1436.22,889704.44160,0
1772956800000,619.770,620.000,618.490,618.490,3787.63,1772957699999,2345750.28820,7153,1619.63,1003184.63690,0
1772957700000,618.490,618.690,617.870,618.290,2924.39,1772958599999,1808034.19460,4978,1487.28,919495.31080,0
1772958600000,618.290,620.080,617.750,619.710,3690.71,1772959499999,2284495.93820,6683,2357.20,1459080.75950,0
1772959500000,619.700,619.970,619.010,619.330,1732.95,1772960399999,1073329.81820,4358,985.31,610256.10890,0
1772960400000,619.330,621.000,618.730,620.640,4638.89,1772961299999,2874501.72280,8047,3252.65,2015729.26640,0
1772961300000,620.640,621.500,620.190,620.730,4027.39,1772962199999,2500120.54260,7962,1998.70,1240780.68490,0
1772962200000,620.740,620.790,619.900,620.170,3141.65,1772963099999,1948713.40150,5545,1501.71,931472.02710,0
1772963100000,620.170,620.280,619.840,620.020,1856.75,1772963999999,1151289.05980,3861,859.63,532996.63940,0
1772964000000,620.020,620.870,619.980,620.700,3059.26,1772964899999,1898113.41530,5806,1775.70,1101644.49310,0
1772964900000,620.700,624.070,620.450,623.080,10413.95,1772965799999,6485353.77790,13217,6278.27,3909421.85580,0
1772965800000,623.070,623.550,622.630,623.020,5160.61,1772966699999,3215342.49340,9817,2617.57,1631001.09220,0
1772966700000,623.030,623.120,622.570,622.780,1767.78,1772967599999,1100983.74810,4687,859.95,535587.87950,0
1772967600000,622.780,622.780,618.680,619.640,5964.55,1772968499999,3699962.26390,13330,2247.28,1393365.46930,0
1772968500000,619.650,621.450,619.490,621.160,2845.42,1772969399999,1766389.58940,6529,1563.05,970337.83160,0
1772969400000,621.170,622.070,619.210,619.940,4054.14,1772970299999,2515705.76470,8950,2195.52,1362462.35470,0
1772970300000,619.950,620.330,619.420,620.130,2286.05,1772971199999,1417140.84830,5530,1069.45,662986.78010,0
1772971200000,620.130,621.050,617.170,617.460,6230.10,1772972099999,3855600.25490,12715,2581.29,1597565.16170,0
1772972100000,617.450,620.330,615.770,619.880,10993.90,1772972999999,6789655.43480,18374,5789.49,3576505.69380,0
1772973000000,619.880,620.630,619.180,619.870,3095.34,1772973899999,1918166.01060,7284,1621.25,1004747.15570,0
1772973900000,619.870,619.880,618.860,619.190,1686.32,1772974799999,1044332.03160,4518,647.62,401047.82030,0
1772974800000,619.180,619.750,614.720,614.980,11405.97,1772975699999,7036866.40910,14742,3401.17,2098108.12520,0
1772975700000,614.990,616.150,612.810,615.470,14158.49,1772976599999,8700132.28030,20038,5008.57,3079244.60910,0
1772976600000,615.470,615.470,612.820,614.640,5337.29,1772977499999,3278420.17480,12441,2554.09,1568787.44640,0
1772977500000,614.640,616.870,614.490,616.140,6717.47,1772978399999,4136455.00050,12585,3743.77,2305179.45370,0
1772978400000,616.150,617.840,616.000,616.770,5344.51,1772979299999,3297035.27700,9949,3077.33,1898439.12240,0
1772979300000,616.770,617.740,616.120,616.370,2909.98,1772980199999,1795687.30900,7868,1230.29,759262.17510,0
1772980200000,616.370,617.480,615.210,615.740,3362.08,1772981099999,2072182.86400,8598,1410.48,869527.06560,0
1772981100000,615.730,617.800,615.320,617.630,2736.39,1772981999999,1687222.94520,6693,1669.09,1029156.43770,0
1772982000000,617.630,617.910,616.270,617.770,3415.48,1772982899999,2108642.04030,8592,2032.40,1254847.30640,0
1772982900000,617.770,617.770,615.370,615.510,2839.95,1772983799999,1751182.37560,6749,876.61,540514.75910,0
1772983800000,615.510,616.200,615.230,615.780,1814.74,1772984699999,1117435.57320,5835,1065.53,656114.32300,0
1772984700000,615.790,616.410,615.010,615.900,5204.97,1772985599999,3204487.52150,7041,1896.98,1168048.58800,0
1772985600000,615.890,616.250,615.080,615.090,4151.97,1772986499999,2556742.33930,8807,1926.14,1186153.53970,0
1772986500000,615.090,615.710,614.480,615.430,2653.60,1772987399999,1632020.08060,6229,1389.41,854490.82990,0
1772987400000,615.420,615.730,612.670,613.270,10616.37,1772988299999,6518749.94180,12713,3489.77,2141858.60020,0
1772988300000,613.270,613.270,611.490,612.680,6569.95,1772989199999,4021833.20890,11292,2611.84,1598824.85240,0
1772989200000,612.680,614.850,612.310,613.930,6287.50,1772990099999,3859328.26800,12079,4139.09,2540657.58930,0
1772990100000,613.930,614.420,613.480,613.770,2080.15,1772990999999,1277112.29410,5453,847.63,520397.08110,0
1772991000000,613.760,614.130,612.860,612.960,1987.60,1772991899999,1218904.06630,4894,853.06,523095.61790,0
1772991900000,612.960,613.480,612.400,612.990,1944.78,1772992799999,1191987.18000,5121,990.21,606882.88000,0
1772992800000,612.990,613.370,612.570,612.920,1602.40,1772993699999,982347.77630,4948,766.99,470191.04460,0
1772993700000,612.930,613.620,611.820,613.260,2737.88,1772994599999,1677847.54140,6472,1518.31,930488.16350,0
1772994600000,613.260,614.000,612.390,612.540,2228.77,1772995499999,1366573.11140,6244,1020.39,625670.72910,0
1772995500000,612.550,613.680,612.220,613.350,1459.29,1772996399999,894479.57680,4390,791.72,485240.71170,0
1772996400000,613.350,616.160,613.000,615.570,3900.92,1772997299999,2398110.27100,9648,2442.71,1501656.64100,0
1772997300000,615.570,617.990,615.400,617.350,6264.50,1772998199999,3864735.78840,11204,3699.29,2282168.17980,0
1772998200000,617.350,619.350,617.280,619.090,6664.08,1772999099999,4121541.09900,11709,4321.26,2672653.16610,0
1772999100000,619.090,619.730,618.250,618.870,3175.92,1772999999999,1965306.19410,6315,1813.08,1122011.33680,0
1773000000000,618.870,618.980,616.750,617.060,2643.34,1773000899999,1632883.55020,8048,841.11,519667.25360,0
1773000900000,617.060,618.000,616.750,617.170,1896.45,1773001799999,1170729.57410,5366,934.20,576681.21250,0
1773001800000,617.170,619.930,617.110,619.180,5778.98,1773002699999,3575811.65840,10237,2699.35,1669909.53360,0
1773002700000,619.180,619.180,617.400,617.520,2065.02,1773003599999,1276750.10960,6405,843.48,521539.46320,0
1773003600000,617.510,617.990,614.890,615.840,5733.76,1773004499999,3534753.57290,10469,2754.85,1698415.57840,0
1773004500000,615.850,617.210,615.690,616.850,2691.47,1773005399999,1659248.08220,5395,1770.44,1091463.40760,0
1773005400000,616.870,617.330,616.760,617.290,1194.00,1773006299999,736775.65860,3658,568.26,350648.61570,0
1773006300000,617.290,617.470,616.890,617.210,678.74,1773007199999,418895.95050,2601,303.87,187523.67250,0
1773007200000,617.200,617.210,607.560,612.150,35053.70,1773008099999,21415422.79410,47190,13239.57,8091265.80700,0
1773008100000,612.140,613.130,608.760,612.340,9619.87,1773008999999,5876304.12430,22314,4774.44,2916263.00390,0
1773009000000,612.350,615.710,610.800,613.490,8978.86,1773009899999,5508257.78580,19105,5078.19,3115592.60070,0
1773009900000,613.490,615.150,613.480,614.480,5664.82,1773010799999,3480218.73300,12940,3220.78,1978910.58590,0
1773010800000,614.490,615.960,612.530,614.040,8777.88,1773011699999,5390129.46000,19150,3177.72,1951804.07860,0
1773011700000,614.030,615.700,613.520,614.850,3254.23,1773012599999,1999933.26250,10351,1948.70,1197676.72120,0
1773012600000,614.840,615.140,611.940,612.160,3552.46,1773013499999,2178759.48680,10377,1373.17,842396.08190,0
1773013500000,612.160,613.250,611.170,611.700,6117.05,1773014399999,3743113.33090,12566,3330.47,2037861.62880,0
1773014400000,611.710,615.230,611.090,614.820,8020.07,1773015299999,4916751.53710,17393,3659.20,2244262.71620,0
1773015300000,614.830,615.520,610.760,614.240,9300.37,1773016199999,5705139.32180,19142,5055.52,3101097.09980,0
1773016200000,614.270,618.590,614.260,616.620,9572.64,1773017099999,5903306.59530,22587,5768.11,3557622.48750,0
1773017100000,616.620,617.240,614.570,615.270,6091.67,1773017999999,3751650.98380,13789,2513.63,1548498.67530,0
1773018000000,615.260,616.080,613.770,615.560,6110.95,1773018899999,3758673.50710,15991,3677.57,2262123.74200,0
1773018900000,615.570,617.530,614.640,616.790,6528.65,1773019799999,4024450.47630,16196,3501.04,2158183.54170,0
1773019800000,616.780,618.470,615.850,618.130,5559.67,1773020699999,3433200.05910,14564,3218.43,1987478.25330,0
1773020700000,618.130,618.340,614.410,614.450,3853.87,1773021599999,2374368.12870,11276,1542.10,949890.97280,0
1773021600000,614.450,616.230,613.660,614.980,5419.71,1773022499999,3333359.95480,14614,2966.71,1824799.76840,0
1773022500000,614.980,615.330,613.280,614.890,3845.61,1773023399999,2362430.82960,11349,1885.25,1158223.04280,0
1773023400000,614.880,619.080,614.400,618.970,6693.87,1773024299999,4133394.67820,15563,3935.19,2430111.34060,0
1773024300000,618.970,619.500,617.790,617.820,4600.70,1773025199999,2846891.11440,10765,2081.89,1288404.29550,0
1773025200000,617.820,625.480,617.570,625.270,22688.54,1773026099999,14129838.77980,32782,15234.67,9488211.61980,0
1773026100000,625.280,628.270,622.880,623.330,26908.51,1773026999999,16847283.98140,31365,12091.38,7570523.19930,0
1773027000000,623.320,624.440,622.520,622.750,6168.82,1773027899999,3845908.91460,13691,3943.74,2459075.53050,0
1773027900000,622.760,624.230,622.310,623.340,5474.29,1773028799999,3411001.87710,10673,3159.66,1968806.52180,0
1773028800000,623.350,624.330,622.380,622.840,3421.54,1773029699999,2133073.00240,11016,1590.63,991698.20950,0
1773029700000,622.840,626.130,622.720,625.810,4194.92,1773030599999,2621534.42700,10571,2586.35,1616012.19920,0
1773030600000,625.800,625.800,624.320,624.920,3665.25,1773031499999,2291467.33070,10228,1738.26,1086784.28060,0
1773031500000,624.910,625.130,622.500,622.720,3921.13,1773032399999,2445898.36770,9565,1667.81,1040097.48300,0
1773032400000,622.730,623.960,622.370,622.780,3081.68,1773033299999,1920315.66980,8922,1640.72,1022516.65000,0
1773033300000,622.770,624.440,622.460,623.640,4810.60,1773034199999,2998837.67490,10685,2777.26,1730854.86750,0
1773034200000,623.650,629.130,623.350,628.530,18049.62,1773035099999,11316472.12340,24364,8068.95,5056793.15600,0
1773035100000,628.540,630.070,627.120,629.420,24572.62,1773035999999,15452271.19860,27954,11648.73,7328020.02240,0
1773036000000,629.420,630.000,628.120,628.160,13922.34,1773036899999,8758038.00910,19298,5004.83,3148624.21100,0
1773036900000,628.160,629.530,626.480,626.630,5770.95,1773037799999,3622289.15240,12196,2511.52,1576537.91450,0
1773037800000,626.620,627.190,622.630,623.550,15245.59,1773038699999,9514631.12230,14903,7040.65,4391928.48080,0
1773038700000,623.540,624.550,622.870,623.700,4505.16,1773039599999,2809387.37600,9847,2372.94,1479773.78300,0
1773039600000,623.710,623.790,620.120,620.460,7636.88,1773040499999,4748555.01280,17634,2751.76,1711503.25700,0
1773040500000,620.470,621.000,618.200,620.320,9115.09,1773041399999,5647506.98420,17165,3995.38,2476313.21870,0
1773041400000,620.330,622.170,620.120,621.420,5015.76,1773042299999,3115085.99690,12714,3177.64,1973774.08550,0
1773042300000,621.410,622.100,620.530,621.780,2989.16,1773043199999,1857749.30130,9147,1415.79,879889.80100,0
1773043200000,621.800,624.500,621.580,623.950,17062.22,1773044099999,10634838.35070,20092,7885.20,4913886.23660,0
1773044100000,623.950,626.280,623.000,625.480,7927.60,1773044999999,4952629.76620,15444,5088.76,3179454.13120,0
1773045000000,625.470,626.700,624.780,625.420,5548.57,1773045899999,3472398.92670,12128,2576.31,1612373.75610,0
1773045900000,625.410,626.220,625.040,625.660,2937.78,1773046799999,1838065.47130,8704,1538.00,962332.06680,0
1773046800000,625.670,625.800,623.670,625.780,4704.39,1773047699999,2939431.34570,12992,2078.31,1298467.85640,0
1773047700000,625.770,627.350,625.380,626.910,4591.61,1773048599999,2877133.95100,11364,2240.84,1404147.49470,0
1773048600000,626.900,630.430,626.160,629.300,13444.30,1773049499999,8457728.24680,23891,7308.71,4598186.47930,0
1773049500000,629.300,629.670,626.880,627.200,5178.94,1773050399999,3252053.10650,10723,1936.16,1215827.59600,0
1773050400000,627.200,628.520,626.590,627.720,5617.95,1773051299999,3525589.05050,12432,2810.64,1763921.84080,0
1773051300000,627.730,628.700,627.080,627.800,4559.65,1773052199999,2863387.14780,10489,2389.96,1500901.67540,0
1773052200000,627.800,628.250,626.330,626.890,4678.65,1773053099999,2935019.54650,11065,1876.29,1177064.08810,0
1773053100000,626.900,627.260,626.340,627.170,3865.43,1773053999999,2423056.47140,8809,2198.21,1377990.25800,0
1773054000000,627.170,628.130,626.840,627.270,2683.45,1773054899999,1683841.22760,8089,1303.77,818127.47440,0
1773054900000,627.270,627.400,624.090,625.420,6961.54,1773055799999,4353250.81080,12616,3648.81,2281686.02780,0
1773055800000,625.430,627.230,625.320,626.910,2910.58,1773056699999,1823307.15220,7410,1610.27,1008560.14650,0
1773056700000,626.920,627.940,626.050,627.420,2999.25,1773057599999,1881375.13810,7996,1629.12,1021831.17310,0
1773057600000,627.420,628.820,627.420,628.820,5332.22,1773058499999,3350189.49590,9608,3108.68,1953144.76950,0
1773058500000,628.820,630.640,628.710,630.640,9357.18,1773059399999,5890494.81210,13129,3990.87,2512389.20970,0
1773059400000,630.640,632.870,629.940,631.320,12713.18,1773060299999,8028424.86210,19329,7105.12,4487049.82340,0
1773060300000,631.310,631.610,630.710,631.020,3727.10,1773061199999,2352477.16120,9194,1576.28,994915.64140,0
1773061200000,631.030,634.440,630.860,632.970,9725.89,1773062099999,6157160.26470,18395,4993.19,3161301.89260,0
1773062100000,632.960,635.540,631.540,635.280,9900.30,1773062999999,6277363.98090,18316,5316.50,3371160.69190,0
1773063000000,635.290,638.200,634.310,638.140,19927.68,1773063899999,12667679.77170,34225,10288.17,6541716.02370,0
1773063900000,638.140,638.700,635.700,636.430,12923.41,1773064799999,8234738.81520,31486,6288.84,4007527.37770,0
1773064800000,636.420,638.280,633.210,634.110,11148.01,1773065699999,7078202.98050,27589,4962.98,3152139.50810,0
1773065700000,634.110,638.600,634.090,636.580,11753.03,1773066599999,7485992.41490,22374,7020.97,4471921.88670,0
1773066600000,636.580,638.600,636.240,637.950,9137.90,1773067499999,5825255.30140,21693,4645.76,2961818.47780,0
1773067500000,637.950,638.080,635.580,635.910,5266.86,1773068399999,3354347.00630,13767,2082.82,1326497.94470,0
1773068400000,635.910,637.100,635.380,636.920,6307.47,1773069299999,4013958.65450,14970,3677.13,2340068.69070,0
1773069300000,636.920,638.430,635.990,637.800,6394.39,1773070199999,4075097.03190,11968,4087.55,2605743.15330,0
1773070200000,637.810,638.660,634.700,636.560,14214.25,1773071099999,9047585.75660,18708,5434.86,3460244.91470,0
1773071100000,636.560,640.400,636.400,639.300,13018.31,1773071999999,8315684.02560,16732,8219.41,5250731.22420,0
1773072000000,639.300,640.850,637.820,638.300,13004.64,1773072899999,8313924.18310,20596,5246.09,3354796.44480,0
1773072900000,638.310,641.490,638.270,641.020,7010.82,1773073799999,4485513.46260,14226,4212.63,2695663.47920,0
1773073800000,641.030,641.750,638.300,640.180,7034.39,1773074699999,4503505.06010,17072,3479.25,2227709.21140,0
1773074700000,640.180,641.670,638.880,639.410,5229.06,1773075599999,3345698.99040,14073,2638.17,1688124.60340,0
1773075600000,639.420,640.490,638.930,639.820,3530.17,1773076499999,2258066.66300,11714,1827.50,1168918.00400,0
1773076500000,639.830,640.570,637.440,637.810,4883.41,1773077399999,3119199.92410,12374,2231.95,1425513.06300,0
1773077400000,637.800,638.400,635.240,636.100,8992.73,1773078299999,5726730.19760,16041,4264.01,2715386.19570,0
1773078300000,636.100,637.790,635.620,636.870,11461.71,1773079199999,7299791.30350,13598,7829.92,4987449.83720,0
1773079200000,636.870,637.070,634.770,635.580,4829.30,1773080099999,3070732.99760,12209,1884.37,1198392.43630,0
1773080100000,635.570,637.440,635.260,636.610,4111.69,1773080999999,2617270.89240,9274,1938.16,1233800.88700,0
1773081000000,636.610,637.540,635.770,635.930,7476.45,1773081899999,4761369.14630,11621,4061.96,2587203.21970,0
1773081900000,635.930,635.980,634.320,634.830,3466.96,1773082799999,2201266.88630,7612,1163.80,738871.37020,0
1773082800000,634.830,635.300,634.170,634.260,2943.54,1773083699999,1868608.33560,7778,1310.82,832168.26340,0
1773083700000,634.250,642.650,634.210,642.300,16159.23,1773084599999,10330593.87790,28159,10293.76,6581525.36370,0
1773084600000,642.310,643.400,636.670,637.660,22311.46,1773085499999,14252641.84600,29292,11701.35,7471799.77590,0
1773085500000,637.650,638.500,637.220,638.260,10040.55,1773086399999,6403479.30540,11974,6970.12,4445128.23780,0
1773086400000,638.260,638.870,637.770,638.630,4021.87,1773087299999,2567201.85780,10214,2269.95,1448887.46000,0
1773087300000,638.630,638.910,637.850,638.180,2327.96,1773088199999,1486097.37070,6410,849.71,542453.01400,0
1773088200000,638.180,638.270,636.870,637.490,4329.96,1773089099999,2759942.08870,8421,1996.85,1272744.89230,0
1773089100000,637.480,638.930,636.710,638.340,4121.19,1773089999999,2627681.37090,7091,1987.26,1267157.99620,0
1773090000000,638.340,639.980,638.310,639.910,3547.65,1773090899999,2268494.01530,7740,2204.71,1409667.32600,0
1773090900000,639.900,639.990,638.580,639.080,2032.54,1773091799999,1299535.35700,5472,696.60,445389.78520,0
1773091800000,639.080,640.000,638.330,639.960,2129.19,1773092699999,1361325.71920,6626,1188.06,759630.67430,0
1773092700000,639.960,640.830,639.580,640.290,2217.04,1773093599999,1419137.78160,5322,1175.27,752285.85890,0
1773093600000,640.290,640.750,638.700,639.690,3205.83,1773094499999,2050368.14820,10050,1388.47,888098.57920,0
1773094500000,639.680,639.780,639.130,639.470,1096.94,1773095399999,701446.27680,4539,552.95,353591.53290,0
1773095400000,639.470,639.630,637.350,638.050,6096.50,1773096299999,3891161.27780,8779,1855.55,1184254.96030,0
1773096300000,638.060,638.150,636.040,636.880,5585.18,1773097199999,3557459.57370,8117,1784.39,1136378.88480,0
1773097200000,636.880,637.840,636.050,637.370,3322.04,1773098099999,2115883.96900,8314,1472.57,937757.06090,0
1773098100000,637.360,637.360,635.390,635.430,4643.18,1773098999999,2952578.33170,8006,1672.87,1063616.45880,0
1773099000000,635.420,635.740,634.640,634.750,4405.24,1773099899999,2797923.43340,8338,1597.59,1014773.93610,0
1773099900000,634.740,634.780,633.600,634.520,5787.20,1773100799999,3670461.52790,8757,2451.85,1555160.72020,0
1773100800000,634.510,635.820,634.360,634.780,5446.96,1773101699999,3459517.44600,10493,3124.43,1984481.04160,0
1773101700000,634.780,639.250,634.780,638.930,13336.85,1773102599999,8497491.76420,13775,5043.66,3214205.95590,0
1773102600000,638.920,639.880,638.040,639.790,4651.87,1773103499999,2973256.20440,9604,2368.77,1514028.74470,0
1773103500000,639.800,640.500,638.750,639.030,4979.25,1773104399999,3184131.19900,8870,1660.62,1062047.93380,0
1773104400000,639.030,639.860,638.200,639.340,3829.77,1773105299999,2448005.06010,9836,2457.46,1570900.88240,0
1773105300000,639.350,639.720,637.380,637.770,3969.31,1773106199999,2532657.50680,8347,1659.77,1059037.33310,0
1773106200000,637.780,638.840,635.950,636.570,9496.13,1773107099999,6045790.82470,10609,5841.37,3718313.52100,0
1773107100000,636.570,639.940,636.350,638.560,4806.56,1773107999999,3068645.44940,10252,2391.39,1526795.00140,0
1773108000000,638.560,639.020,637.540,638.840,2914.64,1773108899999,1860952.06800,7997,1328.49,848137.28360,0
1773108900000,638.840,639.550,638.050,639.400,1995.48,1773109799999,1274491.63600,6826,986.90,630324.83340,0
1773109800000,639.400,645.840,639.370,644.820,20411.53,1773110699999,13129167.56670,31391,12179.70,7835349.92870,0
1773110700000,644.820,646.000,643.300,644.050,9187.18,1773111599999,5922595.70620,18369,4727.81,3048325.51100,0
1773111600000,644.050,645.080,643.100,644.400,7830.37,1773112499999,5044440.37840,15076,3757.45,2420808.90740,0
1773112500000,644.400,645.160,643.960,644.670,3173.60,1773113399999,2045410.60250,8161,1754.89,1131054.11800,0
1773113400000,644.670,644.720,642.100,642.260,5439.16,1773114299999,3499764.55610,10070,2115.55,1361299.88870,0
1773114300000,642.260,642.260,639.000,639.690,6294.43,1773115199999,4028842.36700,14438,2773.53,1774734.03390,0
1773115200000,639.700,640.810,639.350,640.570,4832.01,1773116099999,3092366.55130,10738,2768.90,1772041.17890,0
1773116100000,640.560,642.280,640.030,641.760,11979.31,1773116999999,7685788.07770,10266,6712.78,4305735.33120,0
1773117000000,641.760,643.810,641.740,643.250,3698.41,1773117899999,2378108.25820,7448,2080.10,1337355.97000,0
1773117900000,643.260,644.580,642.770,643.970,3337.47,1773118799999,2147925.96250,7401,1467.95,944886.62820,0
1773118800000,643.970,646.210,643.540,645.240,5510.64,1773119699999,3554755.29450,11613,2978.52,1921498.64170,0
1773119700000,645.240,646.000,644.840,645.140,3606.49,1773120599999,2327108.11190,7874,1710.04,1103445.20910,0
1773120600000,645.140,645.980,643.810,643.820,4158.81,1773121499999,2683155.33370,8469,1586.22,1023690.28820,0
1773121500000,643.820,644.800,643.780,644.060,2756.43,1773122399999,1775751.98980,5707,1181.10,760885.25310,0
1773122400000,644.060,644.190,643.130,643.450,3554.61,1773123299999,2287747.07350,6949,1647.34,1060282.87590,0
1773123300000,643.460,645.110,642.200,645.030,4910.63,1773124199999,3159774.09520,9472,2448.76,1576176.39670,0
1773124200000,645.030,645.390,643.850,643.970,2425.20,1773125099999,1563403.75870,7396,1007.60,649672.73910,0
1773125100000,643.960,644.540,643.400,643.970,2342.05,1773125999999,1508064.70960,6405,1246.63,802683.63530,0
1773126000000,643.960,645.730,643.290,644.780,5015.18,1773126899999,3232914.86150,12478,2776.37,1789888.13820,0
1773126900000,644.770,646.940,644.480,645.520,6309.77,1773127799999,4074408.51060,11912,3938.17,2543056.06540,0
1773127800000,645.520,645.690,644.540,644.540,2483.34,1773128699999,1601897.79460,7707,1115.94,719945.46020,0
1773128700000,644.540,645.100,643.740,644.410,4123.36,1773129599999,2657256.76670,7709,1680.68,1083206.37020,0
1773129600000,644.410,647.280,643.960,646.290,10101.54,1773130499999,6523538.26040,18596,5640.82,3643095.39850,0
1773130500000,646.290,647.420,645.420,647.010,6497.63,1773131399999,4200542.83400,12523,2394.03,1548100.04080,0
1773131400000,647.020,648.930,646.990,647.700,5728.50,1773132299999,3711805.56280,13393,3368.37,2182513.82600,0
1773132300000,647.690,647.690,645.640,645.860,5243.07,1773133199999,3390134.36570,9847,2120.14,1370909.06380,0
1773133200000,645.850,646.430,644.930,645.290,5122.40,1773134099999,3306890.17410,10062,2225.93,1437076.55640,0
1773134100000,645.290,647.470,644.440,646.760,9235.62,1773134999999,5964622.98180,15266,5623.16,3631740.93690,0
1773135000000,646.770,648.390,646.530,647.380,15035.31,1773135899999,9737365.30990,14878,7519.16,4869520.85750,0
1773135900000,647.380,647.880,646.620,647.420,4112.84,1773136799999,2661910.15710,7361,2368.85,1533053.08060,0
1773136800000,647.420,647.450,645.280,645.650,3186.84,1773137699999,2059800.46340,8554,1363.62,881230.15760,0
1773137700000,645.650,646.440,645.130,646.140,2470.99,1773138599999,1595975.92420,6506,1213.00,783506.64590,0
1773138600000,646.140,647.370,645.450,647.190,4037.91,1773139499999,2610475.54230,8345,2431.37,1571915.80870,0
1773139500000,647.190,647.910,646.780,647.350,2448.62,1773140399999,1585039.76690,5392,1252.73,810907.01630,0
1773140400000,647.350,647.880,646.220,646.260,3782.03,1773141299999,2447148.21060,8091,1828.99,1183459.96290,0
1773141300000,646.250,646.860,645.350,646.050,3792.48,1773142199999,2450746.60990,7165,1909.46,1233960.92630,0
1773142200000,646.060,646.200,644.820,645.300,2107.18,1773143099999,1360491.65750,5673,757.21,488932.61420,0
1773143100000,645.300,645.730,644.860,645.390,2341.28,1773143999999,1510980.76840,5018,791.43,510760.03860,0
1773144000000,645.390,646.460,645.130,646.210,5824.89,1773144899999,3760264.45770,9799,3417.89,2206496.46010,0
1773144900000,646.220,646.790,645.280,645.320,4183.39,1773145799999,2703142.90390,7432,1935.67,1251018.11920,0
1773145800000,645.320,646.450,644.590,645.840,3388.44,1773146699999,2187708.16000,7526,1549.31,1000346.25050,0
1773146700000,645.850,646.680,645.840,646.480,3973.57,1773147599999,2567618.36680,6097,2251.02,1454477.41590,0
1773147600000,646.470,647.710,646.140,647.530,5505.77,1773148499999,3562102.75180,8150,3003.80,1943364.92910,0
1773148500000,647.540,648.000,646.560,646.790,3604.94,1773149399999,2333830.29200,7202,1775.57,1149630.10780,0
1773149400000,646.790,647.220,641.100,642.900,20186.60,1773150299999,12985549.71050,32184,8434.93,5427929.46910,0
1773150300000,642.900,644.480,642.050,642.320,8884.91,1773151199999,5715854.89260,19066,3705.34,2383829.28420,0
1773151200000,642.330,643.500,638.570,639.120,17957.47,1773152099999,11502194.11230,32552,7263.17,4652678.81060,0
1773152100000,639.120,642.050,638.110,641.490,9461.60,1773152999999,6055095.06090,20502,4769.96,3053429.90690,0
1773153000000,641.500,645.480,641.500,645.350,9668.75,1773153899999,6224506.73050,18255,5414.08,3486629.88520,0
1773153900000,645.360,651.870,645.250,650.860,27840.72,1773154799999,18065767.53180,36072,15990.27,10375333.27880,0
1773154800000,650.860,652.240,647.690,648.800,17391.87,1773155699999,11302520.81120,31614,9119.34,5927130.13490,0
1773155700000,648.800,649.600,647.080,648.580,9808.54,1773156599999,6359933.11500,21031,5322.43,3451404.79990,0
1773156600000,648.580,650.340,646.060,647.240,9173.25,1773157499999,5946425.15600,20045,4193.35,2719238.32440,0
1773157500000,647.250,649.290,646.170,649.270,6405.49,1773158399999,4147658.29760,15705,3649.94,2363792.35570,0
1773158400000,649.270,650.160,647.470,649.160,10467.58,1773159299999,6793649.18130,21462,6656.67,4320251.70140,0
1773159300000,649.170,652.440,649.110,650.310,9177.88,1773160199999,5974775.58240,19798,4595.12,2992036.10040,0
1773160200000,650.320,650.910,649.390,650.360,4011.04,1773161099999,2608043.69060,12075,1661.06,1079980.66340,0
1773161100000,650.360,650.500,648.700,649.760,5237.78,1773161999999,3401287.09390,11537,2868.23,1862448.37630,0
1773162000000,649.750,650.160,648.270,648.470,4247.52,1773162899999,2757760.88170,10825,1893.52,1229546.47730,0
1773162900000,648.480,649.120,646.740,647.070,5988.52,1773163799999,3880580.92820,12400,2503.85,1622772.37880,0
1773163800000,647.060,648.130,644.560,645.470,7902.15,1773164699999,5104454.74510,19730,3627.50,2343148.16930,0
1773164700000,645.470,647.240,644.780,646.550,4760.54,1773165599999,3076658.39230,11291,2819.69,1822006.94330,0
1773165600000,646.550,646.640,642.710,642.830,6813.39,1773166499999,4394441.88950,14493,2505.08,1616557.39160,0
1773166500000,642.820,644.350,641.150,643.270,12343.60,1773167399999,7933628.39060,28335,6020.65,3871039.46260,0
1773167400000,643.270,644.140,640.920,641.500,7340.38,1773168299999,4716377.26880,19644,3191.83,2051028.91350,0
1773168300000,641.490,642.630,640.460,641.260,6142.14,1773169199999,3940297.75290,14902,1975.59,1267491.55150,0
1773169200000,641.250,642.580,640.070,641.290,6764.15,1773170099999,4338600.76850,15471,3242.54,2080056.45620,0
1773170100000,641.290,642.480,640.060,640.810,4284.32,1773170999999,2747764.87720,12938,2292.55,1470292.59560,0
1773171000000,640.810,641.940,639.850,641.150,4795.99,1773171899999,3072664.28310,12936,1997.25,1279715.72940,0
1773171900000,641.160,641.770,640.800,641.700,2589.80,1773172799999,1660753.90080,7184,1505.33,965320.04090,0
1773172800000,641.690,643.160,641.560,642.570,4222.38,1773173699999,2712214.11910,8724,2209.07,1418850.87540,0
1773173700000,642.570,643.840,642.030,643.670,4160.89,1773174599999,2676485.70180,6545,2982.36,1918511.45650,0
1773174600000,643.660,644.180,643.150,643.890,3024.55,1773175499999,1946896.09840,6380,1597.31,1028247.68440,0
1773175500000,643.890,644.270,643.600,644.070,1682.31,1773176399999,1083343.03750,3944,739.70,476314.24900,0
1773176400000,644.080,645.210,642.940,643.320,4006.85,1773177299999,2580939.15110,7954,2029.18,1307134.33760,0
1773177300000,643.330,643.850,642.080,642.160,4370.87,1773178199999,2810142.65190,6209,1815.46,1167472.81200,0
1773178200000,642.160,642.780,640.720,640.950,5479.10,1773179099999,3515331.57100,7996,1687.73,1082829.61360,0
1773179100000,640.960,641.470,639.600,641.380,5743.59,1773179999999,3679120.85020,8819,2444.87,1566180.07610,0
1773180000000,641.370,642.300,640.070,640.800,5838.76,1773180899999,3742976.34110,11095,2540.17,1628417.88880,0
1773180900000,640.790,642.360,639.410,641.380,5843.66,1773181799999,3741983.92640,9385,2071.07,1326452.89250,0
1773181800000,641.370,641.880,640.390,641.640,2866.36,1773182699999,1837754.31570,6802,1443.41,925408.93810,0
1773182700000,641.630,642.460,641.410,641.890,1992.53,1773183599999,1279017.06250,5650,986.21,633017.71530,0
1773183600000,641.880,642.990,641.840,642.250,2767.82,1773184499999,1777919.24180,7477,1467.51,942620.20680,0
1773184500000,642.250,642.740,641.030,641.480,2602.57,1773185399999,1670957.33150,6094,971.27,623553.80700,0
1773185400000,641.480,642.100,641.290,641.440,2550.51,1773186299999,1636687.05080,5687,1120.33,718886.34770,0
1773186300000,641.430,641.960,640.950,641.890,2270.51,1773187199999,1456660.40230,5189,1145.45,734888.63250,0
1773187200000,641.890,643.140,640.920,642.800,8196.37,1773188099999,5262429.72810,13142,3754.25,2410409.84960,0
1773188100000,642.810,643.430,642.030,642.920,3320.12,1773188999999,2134445.10160,7016,1696.72,1090898.00240,0
1773189000000,642.920,643.000,641.010,641.270,2358.57,1773189899999,1513418.80290,7109,879.18,564062.60420,0
1773189900000,641.260,643.820,641.260,643.250,4001.82,1773190799999,2573080.16320,7421,2155.85,1385815.13700,0
1773190800000,643.260,644.170,642.860,643.790,3642.45,1773191699999,2344154.74280,7450,2053.70,1321755.65920,0
1773191700000,643.790,643.940,643.000,643.830,2564.78,1773192599999,1650119.62150,6705,1388.33,893215.00160,0
1773192600000,643.830,643.980,642.300,643.030,2148.41,1773193499999,1381758.32890,6262,1115.00,717136.82130,0
1773193500000,643.030,644.290,642.940,644.080,2646.65,1773194399999,1703735.88580,5172,1725.45,1110573.62690,0
1773194400000,644.090,644.290,642.840,642.860,4406.35,1773195299999,2835864.16170,6656,1494.41,961837.53370,0
1773195300000,642.860,643.180,641.050,641.740,4708.85,1773196199999,3022507.93230,7060,2257.91,1449100.14310,0
1773196200000,641.740,641.750,638.580,639.080,8525.13,1773197099999,5453569.83020,12054,3294.03,2107074.57310,0
1773197100000,639.080,640.930,638.670,640.930,4916.28,1773197999999,3144746.93090,7671,3253.94,2081580.40010,0
1773198000000,640.930,642.600,640.610,640.920,5511.83,1773198899999,3536694.67530,9932,2805.53,1800105.60440,0
1773198900000,640.930,641.070,639.440,639.660,4500.91,1773199799999,2880981.19900,7778,1981.96,1268633.64260,0
1773199800000,639.650,640.540,639.620,639.930,3079.41,1773200699999,1971262.95110,5612,889.60,569442.02350,0
1773200700000,639.930,640.420,639.540,639.730,2194.45,1773201599999,1404295.37450,5245,859.73,550206.10690,0
1773201600000,639.740,640.510,639.000,640.420,2412.52,1773202499999,1543055.16190,7612,1095.74,700954.10180,0
1773202500000,640.420,643.310,640.350,642.970,5383.70,1773203399999,3457116.07530,9433,3384.14,2172861.03710,0
1773203400000,642.980,643.710,642.570,642.880,4855.01,1773204299999,3122697.23600,8121,1943.81,1250322.74830,0
1773204300000,642.880,644.840,642.780,644.550,4761.03,1773205199999,3066257.06170,7350,3200.73,2061483.31330,0
1773205200000,644.550,644.810,643.260,643.350,3361.25,1773206099999,2164721.60640,6901,1145.34,737687.55280,0
1773206100000,643.350,643.400,642.360,642.900,2022.37,1773206999999,1300237.46470,5069,731.61,470365.96970,0
1773207000000,642.910,642.910,637.850,639.070,9896.34,1773207899999,6332624.72010,13031,3611.05,2309997.26680,0
1773207900000,639.060,639.740,637.560,637.890,13856.49,1773208799999,8849160.72250,10312,7536.55,4812904.26390,0
1773208800000,637.890,639.450,637.880,639.390,7559.49,1773209699999,4827870.63560,10098,5174.44,3304413.01680,0
1773209700000,639.380,641.000,639.180,640.990,3432.92,1773210599999,2197941.52550,7621,2018.28,1292047.20710,0
1773210600000,640.990,642.840,640.990,642.260,4788.88,1773211499999,3075613.33450,7779,1677.75,1077435.75490,0
1773211500000,642.260,643.550,641.410,642.750,3537.79,1773212399999,2272834.03440,7292,1697.29,1090376.53490,0
1773212400000,642.760,643.040,642.360,642.510,1807.25,1773213299999,1161467.85560,5996,839.37,539441.08710,0
1773213300000,642.510,642.630,641.770,641.950,3063.75,1773214199999,1967392.30830,5352,830.86,533577.61580,0
1773214200000,641.950,641.990,639.780,640.250,5502.87,1773215099999,3525342.18340,8739,2601.52,1666350.96030,0
1773215100000,640.260,641.140,639.820,640.430,4979.39,1773215999999,3189032.99040,7659,2890.63,1851661.24650,0
1773216000000,640.430,641.290,640.310,640.830,2828.11,1773216899999,1812205.48810,7825,1711.12,1096411.15820,0
1773216900000,640.820,640.830,639.570,639.650,2892.45,1773217799999,1851647.26750,7415,812.71,520337.82240,0
1773217800000,639.650,642.550,639.600,642.040,5985.18,1773218699999,3838914.89400,10351,3294.72,2113237.09470,0
1773218700000,642.040,642.440,640.400,642.160,3361.40,1773219599999,2156069.21390,7701,1583.32,1015756.44540,0
1773219600000,642.160,642.160,641.100,641.120,1561.12,1773220499999,1001553.60300,5564,591.97,379770.60910,0
1773220500000,641.130,642.300,641.020,641.020,1682.96,1773221399999,1079948.04680,4514,689.47,442446.34810,0
1773221400000,641.020,641.770,639.620,640.840,2807.44,1773222299999,1798456.35880,6742,1135.69,727616.36390,0
1773222300000,640.840,642.010,639.300,639.730,3325.62,1773223199999,2130926.99700,6770,1680.19,1076839.95280,0
1773223200000,639.720,641.350,639.430,640.800,4258.95,1773224099999,2727030.43060,9548,2071.97,1326783.99140,0
1773224100000,640.810,641.470,640.540,641.460,2713.54,1773224999999,1739185.42810,5997,1170.36,750071.46330,0
1773225000000,641.470,643.940,641.380,643.700,3891.46,1773225899999,2500755.89850,7749,2391.96,1537118.42470,0
1773225900000,643.700,643.950,643.380,643.440,4222.67,1773226799999,2717912.30580,6413,2023.49,1302480.32460,0
1773226800000,643.450,643.610,634.200,637.650,104521.52,1773227699999,66675731.00150,75364,49742.85,31722498.70840,0
1773227700000,637.650,638.750,636.810,637.050,10853.75,1773228599999,6922063.56290,11799,4661.16,2972833.37110,0
1773228600000,637.050,638.140,636.140,636.810,7522.21,1773229499999,4793773.80010,11356,3751.72,2391289.44090,0
1773229500000,636.820,638.480,636.000,638.100,12917.32,1773230399999,8231910.91900,16626,8101.86,5163273.35490,0
1773230400000,638.100,639.310,636.710,638.800,10852.74,1773231299999,6924003.81060,15376,6299.28,4019603.03210,0
1773231300000,638.810,640.940,637.990,640.590,10392.34,1773232199999,6645245.30460,12976,4574.36,2925974.53870,0
1773232200000,640.590,642.750,640.000,640.500,11498.09,1773233099999,7369963.29740,18855,5990.57,3840163.14560,0
1773233100000,640.490,642.000,640.030,641.590,3447.55,1773233999999,2210198.96450,7798,2072.95,1328926.47350,0
1773234000000,641.590,646.000,641.360,645.110,11288.26,1773234899999,7266932.35220,13721,8414.35,5416988.79670,0
1773234900000,645.110,648.500,644.740,646.320,14330.20,1773235799999,9263920.52110,21095,8680.95,5612940.30550,0
1773235800000,646.320,652.290,646.320,648.740,26439.20,1773236699999,17184370.02980,41284,14218.72,9240835.01690,0
1773236700000,648.750,649.370,644.000,646.490,17962.47,1773237599999,11613943.63870,31181,8231.04,5322018.01060,0
1773237600000,646.490,649.740,644.630,646.470,19658.64,1773238499999,12723586.90170,29862,7792.30,5045576.94130,0
1773238500000,646.470,649.400,646.280,649.170,6600.43,1773239399999,4277307.25150,16985,3777.77,2448180.68530,0
1773239400000,649.170,650.880,647.480,650.060,8541.05,1773240299999,5547022.18290,19545,5014.72,3256840.80440,0
1773240300000,650.060,651.390,648.070,648.500,5874.41,1773241199999,3815760.38610,14007,2976.31,1933995.00200,0
1773241200000,648.500,649.290,644.810,646.010,7917.16,1773242099999,5120747.30780,18572,3831.34,2477926.93200,0
1773242100000,646.010,648.000,645.240,645.730,7316.06,1773242999999,4729936.57170,16822,3062.10,1980487.56090,0
1773243000000,645.730,645.850,641.840,644.650,10017.34,1773243899999,6451496.66320,21969,4517.54,2909333.18460,0
1773243900000,644.660,646.220,643.550,645.930,4356.83,1773244799999,2810733.38220,13076,2496.04,1610394.04360,0
1773244800000,645.930,648.400,645.290,648.390,7041.75,1773245699999,4554837.56860,17270,4401.26,2847382.08360,0
1773245700000,648.390,648.550,646.440,647.500,7231.40,1773246599999,4684101.90800,12271,1798.68,1164831.62150,0
1773246600000,647.510,649.310,647.080,649.190,5207.47,1773247499999,3375865.07180,13626,2731.79,1770990.32660,0
1773247500000,649.180,649.790,647.580,648.170,4821.02,1773248399999,3127384.43280,11289,2493.93,1617863.38750,0
1773248400000,648.170,651.390,648.170,650.430,11191.86,1773249299999,7278610.77460,17148,6823.32,4437165.25740,0
1773249300000,650.420,655.910,650.380,654.600,22909.03,1773250199999,14972820.29140,27593,14953.21,9773487.14620,0
1773250200000,654.590,655.110,649.750,652.260,13206.47,1773251099999,8615236.46200,26402,6525.25,4257290.27480,0
1773251100000,652.270,652.850,650.880,651.890,8490.38,1773251999999,5535151.71850,16023,6095.25,3973876.32160,0
1773252000000,651.890,653.000,651.410,652.820,4716.14,1773252899999,3076701.44720,13457,2542.30,1658538.00070,0
1773252900000,652.830,654.450,651.930,652.510,4952.21,1773253799999,3234227.84220,14903,2585.24,1688792.84600,0
1773253800000,652.500,653.160,650.770,651.350,5430.96,1773254699999,3542396.67390,12302,3011.20,1964545.11300,0
1773254700000,651.340,653.720,650.880,652.840,12772.46,1773255599999,8339097.31730,10653,3887.93,2538181.17260,0
1773255600000,652.830,653.120,651.350,651.830,3966.78,1773256499999,2587506.97230,10808,2227.90,1453308.62580,0
1773256500000,651.840,652.300,651.130,651.780,2341.60,1773257399999,1526223.28140,6864,979.74,638592.70090,0
1773257400000,651.780,653.890,651.510,653.340,4302.76,1773258299999,2808500.31730,8309,2484.68,1621837.50900,0
1773258300000,653.340,653.500,652.780,653.230,1723.65,1773259199999,1125818.00630,5514,926.26,605003.62960,0
1773259200000,653.230,653.290,651.900,652.190,2566.92,1773260099999,1674796.89090,7701,1310.06,854704.09650,0
1773260100000,652.190,652.880,651.780,652.100,1935.21,1773260999999,1262541.83210,5729,1136.67,741623.20720,0
1773261000000,652.100,652.880,651.690,652.740,1756.13,1773261899999,1145411.96280,5587,759.86,495636.86130,0
1773261900000,652.730,653.380,652.310,652.990,2338.60,1773262799999,1526684.66420,6522,1143.63,746564.21110,0
1773262800000,652.990,653.860,651.830,652.300,2896.93,1773263699999,1891981.90110,7431,1231.81,804568.02170,0
1773263700000,652.290,652.890,652.160,652.470,1458.13,1773264599999,951541.72400,4002,878.21,573077.82090,0
1773264600000,652.470,653.820,652.470,653.030,2240.26,1773265499999,1463562.63580,5191,1294.58,845677.70700,0
1773265500000,653.040,654.600,653.030,654.320,2129.67,1773266399999,1392850.27710,5344,1310.12,856824.01140,0
1773266400000,654.320,656.660,654.090,655.550,6556.81,1773267299999,4296243.40820,11453,4091.50,2681264.51360,0
1773267300000,655.550,655.560,652.550,652.840,4220.16,1773268199999,2758714.76340,9583,1731.61,1132166.53860,0
1773268200000,652.840,653.210,651.770,652.410,4711.75,1773269099999,3074258.16470,9574,2626.94,1714101.64100,0
1773269100000,652.400,653.540,652.080,652.580,3912.74,1773269999999,2554299.05880,7324,1636.46,1068385.12140,0
1773270000000,652.580,653.500,652.340,652.970,2820.52,1773270899999,1841682.49650,7080,1053.46,687851.31000,0
1773270900000,652.970,652.970,651.530,651.890,3848.00,1773271799999,2508800.69420,6172,1813.16,1182072.85060,0
1773271800000,651.890,652.500,651.190,651.400,3921.84,1773272699999,2556129.98770,8274,1400.74,912993.33500,0
1773272700000,651.400,652.240,650.450,651.730,4776.94,1773273599999,3111305.14040,8178,2136.66,1391776.03080,0
1773273600000,651.730,652.370,650.730,651.740,5860.49,1773274499999,3818367.22320,10075,2097.09,1366621.98080,0
1773274500000,651.740,652.210,650.840,651.270,4021.93,1773275399999,2620545.59140,8090,1595.42,1039492.43170,0
1773275400000,651.270,652.210,650.700,651.770,2602.12,1773276299999,1694942.84550,6914,1556.26,1013745.16610,0
1773276300000,651.780,652.470,651.350,652.210,2381.95,1773277199999,1552857.89960,5568,1034.15,674154.50240,0
1773277200000,652.210,652.290,649.020,649.490,9276.90,1773278099999,6030024.99870,14962,3054.52,1985431.71860,0
1773278100000,649.490,649.890,649.110,649.470,3459.62,1773278999999,2246947.22570,6606,1684.75,1094190.70470,0
1773279000000,649.470,650.220,648.340,649.420,7287.36,1773279899999,4730749.98300,9809,3199.26,2077175.48920,0
1773279900000,649.420,649.500,646.640,646.850,7746.77,1773280799999,5017439.34770,10433,2170.35,1405461.14110,0
1773280800000,646.850,647.880,646.120,647.130,6234.34,1773281699999,4033830.91680,11021,2663.87,1723567.16690,0
1773281700000,647.120,647.140,644.560,645.560,6911.37,1773282599999,4460833.66030,11139,2884.00,1861631.14040,0
1773282600000,645.550,646.100,642.850,644.120,8456.71,1773283499999,5447093.43430,12729,3329.95,2145454.79150,0
1773283500000,644.130,644.860,642.500,643.240,7341.17,1773284399999,4724559.98220,11456,3789.82,2439474.31380,0
1773284400000,643.240,644.360,643.070,643.730,5128.76,1773285299999,3301583.69820,9622,2645.84,1703202.57250,0
1773285300000,643.730,645.000,643.400,644.240,3754.41,1773286199999,2418798.65750,6956,2204.11,1420032.64780,0
1773286200000,644.250,645.120,643.850,644.640,3994.75,1773287099999,2574677.05830,7543,2027.81,1307019.05770,0
1773287100000,644.640,644.650,642.090,643.300,5385.77,1773287999999,3464426.94360,9673,2509.56,1614359.74520,0
1773288000000,643.310,644.330,643.220,643.760,3931.33,1773288899999,2530705.91220,8371,1852.54,1192644.27610,0
1773288900000,643.760,643.920,643.010,643.010,1807.26,1773289799999,1163022.59410,4783,678.38,436548.13330,0
1773289800000,643.010,643.370,641.690,643.020,8324.54,1773290699999,5348366.93100,9384,5427.09,3487103.60470,0
1773290700000,643.030,643.230,642.480,642.980,2945.44,1773291599999,1893347.24900,5362,1906.54,1225555.89590,0
1773291600000,642.990,644.330,642.800,643.730,2741.54,1773292499999,1765227.49500,7294,1677.62,1080147.42180,0
1773292500000,643.730,643.950,642.860,643.230,2748.40,1773293399999,1768127.42810,5588,823.75,530000.33520,0
1773293400000,643.230,644.900,642.980,644.670,4445.14,1773294299999,2861639.34540,7510,2823.34,1817350.69070,0
1773294300000,644.680,644.680,643.410,644.210,2733.23,1773295199999,1760120.04000,5281,1068.22,687794.92310,0
1773295200000,644.220,644.890,643.340,644.890,3257.42,1773296099999,2097593.36680,6544,1503.81,968453.02590,0
1773296100000,644.890,645.390,644.530,644.910,2998.47,1773296999999,1933722.73010,6104,1619.39,1044403.08330,0
1773297000000,644.920,645.310,643.950,644.720,1809.50,1773297899999,1166454.10010,4928,812.83,523986.41230,0
1773297900000,644.720,644.780,644.080,644.460,1714.65,1773298799999,1105001.44390,4175,751.88,484526.71550,0
1773298800000,644.460,644.880,643.810,644.610,2257.83,1773299699999,1455052.33920,5601,887.35,571926.67300,0
1773299700000,644.610,645.480,644.530,645.260,2256.96,1773300599999,1455993.16690,4891,1265.33,816261.02610,0
1773300600000,645.260,646.920,645.140,645.880,5299.58,1773301499999,3424175.61110,8981,3117.64,2014312.65780,0
1773301500000,645.890,646.920,645.340,645.700,7230.69,1773302399999,4671724.71470,8964,2982.32,1927133.64770,0
1773302400000,645.690,647.290,645.510,646.540,8579.17,1773303299999,5548681.75080,12379,4065.87,2629428.67240,0
1773303300000,646.540,648.880,646.400,647.080,4706.15,1773304199999,3048261.98310,10610,2358.55,1527705.45030,0
1773304200000,647.080,647.570,646.320,647.100,2297.64,1773305099999,1486495.34280,5593,924.75,598291.82600,0
1773305100000,647.100,647.540,646.700,647.530,1297.88,1773305999999,839968.73450,3750,709.53,459202.42960,0
1773306000000,647.530,647.530,646.320,646.640,2480.35,1773306899999,1604643.64860,6176,989.38,640073.01320,0
1773306900000,646.640,646.980,645.730,646.640,3712.53,1773307799999,2399436.87050,6714,1686.43,1090004.82360,0
1773307800000,646.650,650.610,646.500,650.230,5218.15,1773308699999,3383905.19150,9879,3439.87,2231114.04110,0
1773308700000,650.240,651.200,648.380,649.950,7048.92,1773309599999,4582204.71000,10685,3326.92,2162653.31570,0
1773309600000,649.960,650.810,649.300,649.820,5474.56,1773310499999,3558948.49690,10818,2367.21,1539258.62170,0
1773310500000,649.830,651.450,649.280,650.750,5854.38,1773311399999,3808610.53090,9192,3758.30,2445550.22450,0
1773311400000,650.750,652.630,650.700,652.040,6257.29,1773312299999,4077773.39260,11170,3137.35,2044624.63670,0
1773312300000,652.050,652.720,651.310,651.950,4350.81,1773313199999,2836835.45620,8033,2071.83,1350923.50350,0
1773313200000,651.950,651.950,650.880,651.100,4164.16,1773314099999,2712624.12580,8202,1699.20,1106912.17880,0
1773314100000,651.110,652.560,651.070,652.190,3049.56,1773314999999,1988045.97110,6191,1729.68,1127662.34650,0
1773315000000,652.200,653.740,652.170,653.600,6194.18,1773315899999,4044531.18060,8580,3278.01,2140571.06940,0
1773315900000,653.590,654.090,651.670,652.340,7463.43,1773316799999,4871858.19300,10822,3305.52,2158111.40940,0
1773316800000,652.330,652.700,651.230,652.060,4804.62,1773317699999,3132497.89450,8713,2523.81,1645629.59230,0
1773317700000,652.050,654.090,651.760,654.020,7001.43,1773318599999,4572914.47610,9433,3827.92,2500210.41500,0
1773318600000,654.030,654.310,653.100,653.800,3721.70,1773319499999,2432649.04860,8129,1683.88,1100646.93980,0
1773319500000,653.810,657.930,653.620,655.570,18901.19,1773320399999,12400102.74500,21183,13041.37,8554591.54260,0
1773320400000,655.580,656.260,654.690,654.820,4938.94,1773321299999,3237611.29220,10216,2321.86,1522121.65150,0
1773321300000,654.820,654.950,652.010,653.050,9529.27,1773322199999,6225626.12250,15020,3781.02,2470091.77410,0
1773322200000,653.050,655.340,651.750,653.060,12393.42,1773323099999,8099998.12870,24676,7665.28,5010521.80130,0
1773323100000,653.060,653.520,650.660,652.800,10985.43,1773323999999,7161886.38230,22258,5337.41,3479423.20160,0
1773324000000,652.780,655.220,652.710,654.690,7571.33,1773324899999,4953687.06540,17546,3897.86,2550003.40290,0
1773324900000,654.690,656.360,649.730,649.990,19369.18,1773325799999,12644454.24310,28142,9036.43,5903843.20790,0
1773325800000,649.980,650.320,646.320,647.640,18680.06,1773326699999,12110596.74590,30441,8772.96,5687758.98810,0
1773326700000,647.640,649.050,645.560,646.930,10852.16,1773327599999,7022166.76570,22729,5143.90,3329632.11640,0
1773327600000,646.930,648.580,646.010,648.430,6669.65,1773328499999,4317633.97900,18121,3650.64,2363485.18400,0
1773328500000,648.430,652.630,648.150,651.710,9086.39,1773329399999,5909502.73260,18334,4855.20,3156876.98670,0
1773329400000,651.720,653.980,651.000,652.230,10848.09,1773330299999,7077419.02400,20602,4992.67,3257253.85600,0
1773330300000,652.220,653.000,649.570,650.300,9656.50,1773331199999,6284975.96920,17376,4312.03,2805987.69540,0
1773331200000,650.300,652.300,648.260,649.790,12246.39,1773332099999,7963061.00630,22787,6703.41,4360697.44360,0
1773332100000,649.790,652.740,649.560,649.640,6232.32,1773332999999,4058947.43350,15253,2891.50,1883243.13080,0
1773333000000,649.630,652.280,649.400,651.780,4385.18,1773333899999,2855848.75220,12501,1916.61,1247960.26320,0
1773333900000,651.800,652.730,650.420,651.700,5342.62,1773334799999,3482379.12000,11370,2763.24,1801245.99660,0
1773334800000,651.690,652.740,651.010,651.460,2554.49,1773335699999,1665186.87990,9764,1065.26,694412.68740,0
1773335700000,651.460,652.040,649.780,650.500,3958.67,1773336599999,2576840.23530,10206,1893.65,1232654.52020,0
1773336600000,650.510,652.580,650.510,652.080,2996.81,1773337499999,1952716.30480,8874,1640.77,1069055.33980,0
1773337500000,652.080,652.210,649.560,650.640,4753.47,1773338399999,3094286.87250,11347,2327.73,1514867.58630,0
1773338400000,650.630,651.620,650.070,651.150,3035.77,1773339299999,1976250.41970,9113,1726.74,1124143.61760,0
1773339300000,651.160,651.640,648.890,649.540,3596.75,1773340199999,2337127.15750,8689,1436.26,933241.57280,0
1773340200000,649.540,650.100,648.390,648.820,2692.24,1773341099999,1748244.50420,7869,1426.50,926367.21980,0
1773341100000,648.810,649.260,647.910,648.020,3309.22,1773341999999,2146390.61510,8082,1581.86,1026124.56030,0
1773342000000,648.030,648.610,646.570,647.680,4982.84,1773342899999,3227072.78170,10838,2323.14,1504644.78820,0
1773342900000,647.670,650.880,647.670,650.710,5696.28,1773343799999,3701290.62800,10711,3657.77,2376380.46580,0
1773343800000,650.720,651.430,650.440,650.850,2722.15,1773344699999,1771953.13200,7416,1026.50,668185.02720,0
1773344700000,650.840,651.770,650.580,651.170,2652.07,1773345599999,1727441.28890,7595,1431.37,932373.52730,0
1773345600000,651.170,651.850,650.340,650.610,2574.80,1773346499999,1676366.93260,7458,1036.26,674802.76200,0
1773346500000,650.600,650.730,649.690,649.960,4878.66,1773347399999,3172373.30480,7064,2784.61,1810724.97640,0
1773347400000,649.960,649.960,649.240,649.370,1941.49,1773348299999,1261219.96240,4510,652.68,423980.05940,0
1773348300000,649.370,649.950,649.160,649.860,1191.35,1773349199999,773951.15860,3207,650.79,422807.31240,0
1773349200000,649.850,651.990,649.850,651.360,2440.65,1773350099999,1588799.76720,5404,1519.66,989120.08720,0
1773350100000,651.350,651.480,650.490,650.830,1483.52,1773350999999,965640.92150,3216,552.43,359606.89230,0
1773351000000,650.830,651.400,650.560,651.350,1087.82,1773351899999,708139.27620,3035,645.11,419948.02330,0
1773351900000,651.350,652.570,651.250,652.020,3526.60,1773352799999,2299234.38620,5600,1584.44,1033030.63020,0
1773352800000,652.010,652.100,651.200,651.810,2386.60,1773353699999,1555526.42440,6981,1315.87,857650.45300,0
1773353700000,651.800,652.300,651.160,651.420,1604.40,1773354599999,1045392.60750,4221,672.84,438440.14450,0
1773354600000,651.410,651.900,650.620,650.650,2105.18,1773355499999,1370822.58620,4588,1080.09,703400.30080,0
1773355500000,650.650,651.460,650.130,651.410,2016.53,1773356399999,1312089.25760,4580,1293.79,841866.77260,0
1773356400000,651.420,654.460,651.370,653.770,9613.18,1773357299999,6280972.98910,12349,6571.92,4293571.32790,0
1773357300000,653.770,655.220,653.090,653.720,8389.52,1773358199999,5487563.15630,12205,4960.24,3244706.77120,0
1773358200000,653.720,653.870,652.860,653.180,2071.71,1773359099999,1353648.04970,5429,748.14,488856.52500,0
1773359100000,653.190,653.300,651.710,651.970,3011.84,1773359999999,1964477.81080,5244,1055.00,688119.05040,0
1773360000000,651.960,654.950,650.620,654.830,6915.95,1773360899999,4512937.07130,13863,3516.54,2295015.70760,0
1773360900000,654.840,662.740,654.840,659.430,34238.41,1773361799999,22569369.28550,50762,21193.17,13967782.61840,0
1773361800000,659.440,664.070,658.620,659.110,29962.93,1773362699999,19826137.54820,42161,16376.04,10838677.79080,0
1773362700000,659.120,659.600,657.420,658.960,7523.65,1773363599999,4954434.90360,18551,3184.93,2097411.07660,0
1773363600000,658.950,661.530,658.880,660.730,9142.03,1773364499999,6038128.94320,18001,5071.73,3349370.32990,0
1773364500000,660.730,661.420,659.040,659.770,4802.49,1773365399999,3169738.83060,12598,1823.02,1203397.73560,0
1773365400000,659.770,661.770,658.250,661.450,6361.51,1773366299999,4197966.09120,14638,3018.72,1992447.42300,0
1773366300000,661.450,662.330,660.750,662.120,4631.09,1773367199999,3064207.56170,9967,2195.10,1452593.89120,0
1773367200000,662.110,662.660,661.330,661.630,5011.24,1773368099999,3316815.22200,10839,2202.81,1458015.40260,0
1773368100000,661.630,662.040,660.880,661.140,4028.42,1773368999999,2664359.05820,8365,1596.87,1056164.56440,0
1773369000000,661.140,661.410,659.400,659.770,5736.44,1773369899999,3788185.76500,11775,2284.01,1508302.92430,0
1773369900000,659.770,661.020,659.300,659.600,5396.77,1773370799999,3562532.23330,11211,2549.24,1682920.01850,0
1773370800000,659.590,660.280,658.580,659.060,4602.99,1773371699999,3036018.13280,9641,2068.00,1364016.77580,0
1773371700000,659.060,660.050,658.320,658.520,2816.74,1773372599999,1856882.78320,6669,1277.34,842177.18250,0
1773372600000,658.520,659.530,657.560,658.980,2994.61,1773373499999,1971835.79830,8490,1620.64,1067218.15480,0
1773373500000,658.980,662.300,658.860,661.730,8227.95,1773374399999,5437083.14540,11276,5629.88,3719616.91860,0
1773374400000,661.730,662.130,660.720,660.940,3403.60,1773375299999,2251602.40620,8533,1630.52,1078777.96490,0
1773375300000,660.940,660.940,659.500,659.860,3535.65,1773376199999,2334468.96960,6640,1462.53,965551.71020,0
1773376200000,659.860,661.190,659.500,660.880,4126.22,1773377099999,2724693.75190,7399,2534.29,1673633.10660,0
1773377100000,660.890,661.170,660.300,660.810,1595.72,1773377999999,1054158.20640,4729,682.89,451143.20170,0
1773378000000,660.810,661.090,659.350,660.100,4638.30,1773378899999,3061284.43860,9082,1772.46,1169643.25120,0
1773378900000,660.100,661.150,659.960,660.610,1805.32,1773379799999,1192672.65920,5868,866.72,572579.92630,0
1773379800000,660.610,662.190,660.500,661.650,3207.28,1773380699999,2121849.66930,6980,1635.68,1082003.43640,0
1773380700000,661.650,661.890,660.720,660.760,2676.20,1773381599999,1769455.62110,6020,1027.31,679216.81380,0
1773381600000,660.750,661.240,660.000,660.460,2667.01,1773382499999,1761868.43790,7205,1193.13,788251.88450,0
1773382500000,660.460,660.900,658.810,659.840,5048.22,1773383399999,3331362.93230,9133,1954.69,1289937.36760,0
1773383400000,659.840,661.810,659.750,661.180,6639.65,1773384299999,4386932.22300,12193,3030.07,2001868.85260,0
1773384300000,661.190,661.250,660.200,660.850,5022.79,1773385199999,3319192.42560,8804,2461.64,1626803.02400,0
1773385200000,660.850,663.450,660.000,662.960,10122.42,1773386099999,6701352.93680,15198,5841.81,3867649.60750,0
1773386100000,662.960,664.560,662.830,663.930,8488.93,1773386999999,5634765.39500,12923,5108.97,3391157.94710,0
1773387000000,663.920,664.430,662.530,662.810,6864.16,1773387899999,4552807.21300,11399,2604.98,1727740.71770,0
1773387900000,662.810,663.000,660.770,661.380,8400.53,1773388799999,5559431.65860,12109,3098.42,2050191.82760,0
1773388800000,661.380,662.870,660.710,662.160,10552.22,1773389699999,6984832.71050,15608,5386.22,3565034.73570,0
1773389700000,662.170,663.580,661.810,663.420,6091.60,1773390599999,4037569.85970,11377,2216.96,1469441.20590,0
1773390600000,663.420,668.200,663.360,667.390,26321.62,1773391499999,17541775.42860,26887,16400.75,10930183.53500,0
1773391500000,667.390,667.530,665.250,665.930,8762.41,1773392399999,5838489.08240,14644,3200.29,2132188.69240,0
1773392400000,665.930,667.620,665.650,665.780,8577.00,1773393299999,5716297.93300,14494,2894.32,1929155.04430,0
1773393300000,665.770,666.370,664.110,665.530,7956.53,1773394199999,5293222.86070,11949,2962.72,1970924.14880,0
1773394200000,665.530,667.170,665.320,666.650,6138.56,1773395099999,4089221.93800,9683,2612.63,1740594.63540,0
1773395100000,666.640,667.920,666.350,666.990,11866.69,1773395999999,7918976.19290,12188,6268.84,4183700.67840,0
1773396000000,667.000,668.700,666.620,667.090,18411.22,1773396899999,12291684.30230,23139,10744.54,7173727.90080,0
1773396900000,667.090,668.730,666.000,666.630,11830.14,1773397799999,7890771.32060,17209,6874.19,4585258.22210,0
1773397800000,666.640,667.960,666.610,667.330,6831.32,1773398699999,4559166.07690,12143,3483.51,2324711.50400,0
1773398700000,667.340,668.750,666.440,667.000,7398.12,1773399599999,4938333.77550,11880,3387.94,2261857.76130,0
1773399600000,667.010,667.730,665.850,666.460,11299.15,1773400499999,7534122.86370,13184,5728.48,3820145.20630,0
1773400500000,666.460,668.330,666.280,666.900,4285.52,1773401399999,2859411.22830,8869,2265.86,1511995.88120,0
1773401400000,666.900,667.320,666.000,666.600,4446.57,1773402299999,2964745.81600,7727,2330.67,1554050.05210,0
1773402300000,666.590,667.040,666.080,666.760,2886.84,1773403199999,1924358.25990,6208,1444.29,962714.62200,0
1773403200000,666.770,669.570,666.650,669.000,11959.93,1773404099999,7993642.98700,13538,7415.89,4955683.38220,0
1773404100000,668.990,669.790,668.350,668.870,5005.97,1773404999999,3348456.35620,9415,2086.83,1395949.95520,0
1773405000000,668.870,670.990,668.480,669.280,13153.63,1773405899999,8806022.74790,15902,8743.86,5854364.50030,0
1773405900000,669.280,673.990,669.280,671.300,21376.94,1773406799999,14365340.30350,27110,12312.32,8275459.61920,0
1773406800000,671.300,673.320,670.710,672.720,11440.84,1773407699999,7688235.76980,19210,6771.36,4550692.93580,0
1773407700000,672.720,679.590,671.840,674.760,34794.66,1773408599999,23514707.11980,40638,21291.56,14391532.50940,0
1773408600000,674.760,676.750,672.690,676.220,16594.55,1773409499999,11198911.03050,28274,8611.53,5813213.61960,0
1773409500000,676.220,676.960,673.800,674.700,15409.91,1773410399999,10408706.76620,21999,7448.89,5031367.96870,0
1773410400000,674.710,676.830,673.630,676.050,17013.22,1773411299999,11492701.57560,24528,8826.97,5962655.60860,0
1773411300000,676.060,678.650,675.000,677.050,22985.68,1773412199999,15560073.63000,28186,12466.15,8438862.53980,0
1773412200000,677.060,678.180,672.200,672.360,19573.68,1773413099999,13217550.36370,26897,8668.64,5854805.42480,0
1773413100000,672.370,672.370,667.720,668.360,30681.53,1773413999999,20561391.62740,40268,14559.78,9756722.52930,0
1773414000000,668.360,670.730,667.010,669.860,12650.44,1773414899999,8468100.80050,25587,6912.21,4627069.18910,0
1773414900000,669.870,671.700,667.460,667.730,12117.96,1773415799999,8112049.05640,19889,5318.42,3561566.19980,0
1773415800000,667.730,669.000,662.080,663.880,21720.07,1773416699999,14448978.89240,28856,8779.78,5840056.29730,0
1773416700000,663.880,665.600,661.440,662.390,12176.24,1773417599999,8074530.46300,23660,5793.02,3842173.21750,0
1773417600000,662.390,663.680,659.600,661.190,31691.54,1773418499999,20963913.58280,34380,15296.17,10117790.17030,0
1773418500000,661.190,661.520,658.300,660.040,14514.72,1773419399999,9578324.80060,25608,7985.56,5270621.62740,0
1773419400000,660.030,663.690,659.900,663.300,10657.78,1773420299999,7054666.27090,17306,6992.76,4628433.78130,0
1773420300000,663.310,663.770,661.910,662.070,6862.80,1773421199999,4550744.57500,12736,3499.17,2320413.44750,0
1773421200000,662.070,663.100,661.610,662.940,4369.02,1773422099999,2893773.72550,11514,2526.34,1673288.77280,0
1773422100000,662.950,664.700,659.150,659.870,20419.00,1773422999999,13531239.10480,19804,6032.79,3995503.92590,0
1773423000000,659.870,660.550,656.060,656.960,12690.88,1773423899999,8352358.86800,19361,5089.15,3349796.06490,0
1773423900000,656.940,657.410,652.910,656.020,35296.49,1773424799999,23117335.21900,32420,16389.20,10732769.62050,0
1773424800000,656.030,657.440,655.470,657.260,8589.18,1773425699999,5637728.57210,17060,4780.75,3138141.05640,0
1773425700000,657.250,657.700,654.220,657.120,10578.67,1773426599999,6936653.57710,19268,5683.42,3727039.37830,0
1773426600000,657.120,658.710,656.720,657.870,6120.48,1773427499999,4024577.02380,11327,3866.71,2542855.22060,0
1773427500000,657.860,657.930,656.430,656.880,2607.54,1773428399999,1713416.55200,7971,1014.63,666833.78270,0
1773428400000,656.880,658.230,656.120,657.670,3535.97,1773429299999,2323438.20890,9760,2008.37,1319828.48210,0
1773429300000,657.680,658.090,656.330,656.750,3103.52,1773430199999,2040109.20300,7848,1385.84,910922.03320,0
1773430200000,656.760,657.680,656.690,657.360,2350.24,1773431099999,1544563.86110,6369,1261.63,829134.00750,0
1773431100000,657.360,657.930,657.030,657.340,3571.38,1773431999999,2348051.00900,7459,1966.24,1292679.19030,0
1773432000000,657.350,658.170,656.800,658.170,2697.83,1773432899999,1773350.48180,6722,1376.72,904997.40190,0
1773432900000,658.170,658.740,657.220,657.430,4822.73,1773433799999,3173334.45420,7488,1768.76,1163938.72330,0
1773433800000,657.430,657.780,656.470,656.940,3926.25,1773434699999,2579203.09570,6394,1760.00,1156043.08850,0
1773434700000,656.940,657.690,656.800,657.410,2648.45,1773435599999,1740662.31950,4957,1555.31,1022140.47340,0
1773435600000,657.410,658.850,657.410,658.340,2710.11,1773436499999,1784103.13140,6124,1527.83,1005687.42950,0
1773436500000,658.340,658.420,656.260,656.720,2117.01,1773437399999,1392091.97200,4476,687.88,452421.27950,0
1773437400000,656.720,658.050,656.100,657.060,4857.78,1773438299999,3192008.90400,7231,2506.19,1647138.17600,0
1773438300000,657.050,658.010,656.900,656.970,2425.66,1773439199999,1594543.49750,4856,1301.31,855445.72340,0
1773439200000,656.980,657.440,653.900,656.160,8358.94,1773440099999,5478393.88040,13271,4029.02,2640470.22160,0
1773440100000,656.170,656.210,654.510,654.750,6410.88,1773440999999,4200892.37680,10704,2893.56,1895950.87520,0
1773441000000,654.750,655.270,653.630,654.890,5146.76,1773441899999,3368176.24720,10797,2735.88,1790463.27240,0
1773441900000,654.890,656.290,654.660,655.660,3640.42,1773442799999,2386014.48060,7180,2154.84,1412321.60670,0
1773442800000,655.660,656.060,654.600,655.270,5021.26,1773443699999,3290649.03550,9842,2891.32,1894918.09370,0
1773443700000,655.260,656.090,655.050,655.610,4292.52,1773444599999,2814243.71040,7459,2448.87,1605627.89380,0
1773444600000,655.600,655.810,655.140,655.460,1887.03,1773445499999,1236892.83810,5066,852.64,558883.85410,0
1773445500000,655.450,656.260,655.270,655.750,2126.62,1773446399999,1394847.11540,4747,887.02,581780.07110,0
1773446400000,655.740,655.740,654.830,655.740,3073.94,1773447299999,2014261.90600,7969,1513.34,991625.71800,0
1773447300000,655.740,656.310,654.620,655.460,4575.51,1773448199999,3000448.48510,6595,2066.93,1355431.14380,0
1773448200000,655.470,655.550,652.550,652.840,5729.10,1773449099999,3746584.84160,9229,2318.12,1516190.27060,0
1773449100000,652.840,653.750,652.580,653.170,5339.08,1773449999999,3486804.40080,8824,2866.82,1872346.09550,0
1773450000000,653.160,654.470,653.010,654.080,3829.33,1773450899999,2504075.17010,7055,2301.17,1504778.78160,0
1773450900000,654.080,655.620,654.050,654.990,2656.02,1773451799999,1739600.18320,4965,1870.15,1224951.62450,0
1773451800000,655.000,655.140,652.950,654.920,4172.36,1773452699999,2729484.22430,8807,1910.45,1249784.71680,0
1773452700000,654.920,656.910,654.920,656.520,4361.33,1773453599999,2861578.96130,6489,3151.19,2067401.98140,0
1773453600000,656.530,656.770,656.000,656.660,2735.15,1773454499999,1795333.10370,5741,1531.74,1005432.85800,0
1773454500000,656.660,656.810,655.790,656.200,1635.94,1773455399999,1073653.24520,4013,845.59,554915.51350,0
1773455400000,656.210,656.270,655.170,655.580,1666.56,1773456299999,1092799.34910,4144,684.55,448911.10480,0
1773456300000,655.580,656.160,655.170,655.600,2499.09,1773457199999,1638416.71780,4503,1660.08,1088310.13560,0
1773457200000,655.600,656.400,655.270,656.090,2223.82,1773458099999,1458743.32680,5730,1408.67,924013.30790,0
1773458100000,656.100,657.070,655.900,656.320,2732.12,1773458999999,1793424.51980,5933,1582.73,1038964.66940,0
1773459000000,656.330,657.220,656.280,657.050,2516.85,1773459899999,1653236.40340,5346,1530.13,1005085.26140,0
1773459900000,657.050,657.100,656.680,656.880,1455.73,1773460799999,956257.18060,3339,843.41,554026.46970,0
1773460800000,656.880,657.350,656.580,656.870,2390.02,1773461699999,1570146.83700,5522,1356.03,890872.61600,0
1773461700000,656.870,656.950,656.150,656.800,1420.85,1773462599999,932759.81900,4081,541.00,355132.09340,0
1773462600000,656.790,658.390,656.440,657.710,4037.88,1773463499999,2655929.88070,5940,2821.22,1855691.45750,0
1773463500000,657.710,658.050,655.270,655.470,3964.01,1773464399999,2603054.38450,6718,1581.89,1038332.30400,0
1773464400000,655.470,656.060,655.000,655.960,2363.22,1773465299999,1549166.69840,5907,1192.55,781798.54240,0
1773465300000,655.960,656.720,655.590,656.280,1579.91,1773466199999,1036668.72990,4145,887.69,582462.10100,0
1773466200000,656.290,656.320,654.570,655.340,2944.51,1773467099999,1929741.71460,5837,1266.42,829844.69340,0
1773467100000,655.330,655.760,655.080,655.610,1490.28,1773467999999,976678.30060,4061,718.32,470773.01630,0
1773468000000,655.610,655.610,654.820,655.000,2270.20,1773468899999,1487123.61530,4263,868.52,568929.15680,0
1773468900000,655.000,655.010,652.700,653.260,4952.73,1773469799999,3237757.30110,7925,2110.50,1379270.01010,0
1773469800000,653.260,653.430,650.890,652.120,8321.55,1773470699999,5426082.00070,12489,3601.59,2348446.81980,0
1773470700000,652.120,653.430,651.960,653.270,4845.45,1773471599999,3163748.20400,8001,3004.34,1961612.47670,0
1773471600000,653.280,654.450,653.190,654.230,2748.83,1773472499999,1797206.47770,6222,1835.50,1200028.53640,0
1773472500000,654.230,654.240,653.130,654.030,2010.37,1773473399999,1314185.25440,5046,976.24,638186.34200,0
1773473400000,654.030,654.180,652.350,652.530,2138.75,1773474299999,1397041.49950,5750,742.91,485420.14560,0
1773474300000,652.530,652.850,652.020,652.220,2453.78,1773475199999,1600775.28110,5216,1245.90,812862.96670,0
1773475200000,652.230,653.690,651.990,653.480,3545.98,1773476099999,2314532.74220,6565,2101.08,1371265.27920,0
1773476100000,653.480,653.800,653.130,653.350,3654.90,1773476999999,2388490.84150,5935,1801.05,1176928.87030,0
1773477000000,653.350,653.410,651.780,651.820,2811.86,1773477899999,1834843.64970,5738,775.16,505805.40620,0
1773477900000,651.830,652.370,651.730,652.040,1458.12,1773478799999,950747.44270,3944,723.72,471892.07920,0
1773478800000,652.040,653.330,651.880,653.330,1548.88,1773479699999,1011072.66930,4941,765.48,499648.02980,0
1773479700000,653.330,653.330,652.440,652.610,1468.86,1773480599999,958843.66050,4355,698.03,455638.65310,0
1773480600000,652.620,652.790,651.980,652.300,1654.42,1773481499999,1079262.43930,3962,580.12,378419.48710,0
1773481500000,652.290,652.300,650.480,651.120,3521.10,1773482399999,2292796.77150,7038,1470.29,957360.65240,0
1773482400000,651.120,651.240,650.630,651.180,2540.93,1773483299999,1654140.74170,5508,790.95,514902.92000,0
1773483300000,651.170,651.170,650.330,650.760,1692.16,1773484199999,1101135.99850,4281,783.47,509818.10450,0
1773484200000,650.760,650.860,649.970,650.570,3108.75,1773485099999,2021727.48830,5812,1083.67,704849.40120,0
1773485100000,650.580,651.360,650.500,650.940,1687.52,1773485999999,1098369.63250,3415,912.39,593830.25440,0
1773486000000,650.940,652.220,650.860,652.030,2583.90,1773486899999,1684108.04890,5677,1458.62,950644.17000,0
1773486900000,652.040,652.850,651.840,652.570,2901.54,1773487799999,1892646.56180,3928,2026.08,1321611.23850,0
1773487800000,652.580,653.470,652.300,653.390,2052.16,1773488699999,1340012.62020,4024,1209.37,789763.31980,0
1773488700000,653.400,653.890,653.060,653.460,2836.54,1773489599999,1853685.92230,4892,1095.93,716191.59840,0
1773489600000,653.460,654.610,652.980,653.240,5424.42,1773490499999,3546430.71530,8756,3022.83,1976335.40590,0
1773490500000,653.250,653.300,652.730,652.920,2257.37,1773491399999,1474051.82030,3810,919.36,600353.74360,0
1773491400000,652.920,653.190,652.460,652.670,2383.13,1773492299999,1555636.45260,4544,827.91,540397.49760,0
1773492300000,652.680,653.890,652.670,653.490,2428.21,1773493199999,1586684.19530,4834,1335.53,872616.77560,0
1773493200000,653.500,653.500,652.850,653.070,1835.44,1773494099999,1198779.39550,4650,835.78,545854.23660,0
1773494100000,653.070,654.300,653.070,654.130,3033.19,1773494999999,1983040.02280,5222,2054.19,1342979.53090,0
1773495000000,654.140,654.490,653.920,654.190,1981.63,1773495899999,1296314.14790,4102,931.62,609412.09280,0
1773495900000,654.200,654.230,653.610,653.980,1181.93,1773496799999,772902.88100,3655,586.15,383275.55480,0
1773496800000,653.980,654.900,652.060,652.080,4855.77,1773497699999,3173567.84890,8677,2051.70,1341488.45350,0
1773497700000,652.090,653.360,651.750,653.360,4448.23,1773498599999,2901980.99320,5665,2781.20,1814180.23750,0
1773498600000,653.370,653.600,651.910,651.980,2219.99,1773499499999,1449232.80370,4990,1018.90,665167.80330,0
1773499500000,651.980,652.700,651.920,652.290,1282.17,1773500399999,836417.57010,3440,821.40,535827.45940,0
1773500400000,652.280,652.920,651.840,652.550,2052.73,1773501299999,1339255.64120,5540,1002.02,653738.58130,0
1773501300000,652.550,653.500,652.500,653.210,1230.26,1773502199999,803582.75760,4036,697.05,455286.68740,0
1773502200000,653.220,653.220,652.370,652.810,1237.65,1773503099999,807933.53150,3751,533.14,348027.85790,0
1773503100000,652.820,653.610,652.810,653.300,1282.38,1773503999999,837703.98220,3407,757.46,494776.60500,0
1773504000000,653.300,653.300,652.270,652.790,1958.53,1773504899999,1278398.09610,5545,953.98,622706.89810,0
1773504900000,652.790,653.880,652.700,653.520,1980.56,1773505799999,1294034.63270,4431,1038.74,678626.42250,0
1773505800000,653.520,654.520,653.520,653.800,2297.95,1773506699999,1503055.36910,4095,1440.97,942539.11410,0
1773506700000,653.800,654.200,653.500,653.970,1331.12,1773507599999,870449.95190,2962,535.18,349934.78710,0
1773507600000,653.960,653.970,653.540,653.860,1054.86,1773508499999,689637.32700,3687,484.09,316480.17090,0
1773508500000,653.870,654.090,653.450,653.900,1808.11,1773509399999,1182159.77920,3319,1150.67,752368.07770,0
1773509400000,653.910,653.910,653.360,653.510,961.60,1773510299999,628487.65490,2799,390.28,255090.07790,0
1773510300000,653.520,653.540,652.700,653.010,1070.25,1773511199999,698968.35800,3281,447.11,291950.27770,0
1773511200000,653.010,653.010,652.410,652.550,1697.20,1773512099999,1107732.27970,4286,589.27,384597.79630,0
1773512100000,652.550,652.650,652.130,652.420,3141.30,1773512999999,2049278.96810,4623,1107.80,722721.11570,0
1773513000000,652.410,653.270,652.350,653.080,1229.65,1773513899999,802766.06010,3284,771.75,503825.99050,0
1773513900000,653.090,653.630,652.970,653.130,1960.33,1773514799999,1280592.92060,3379,1150.83,751787.79030,0
1773514800000,653.140,653.230,652.550,653.220,1899.70,1773515699999,1240393.46350,4581,561.42,366605.00640,0
1773515700000,653.220,653.500,652.860,653.260,901.27,1773516599999,588690.67520,2733,550.13,359317.56760,0
1773516600000,653.270,653.870,653.210,653.770,992.88,1773517499999,648916.56500,3264,536.78,350819.33130,0
1773517500000,653.770,654.000,653.460,653.570,786.17,1773518399999,513952.79870,2465,399.73,261303.90190,0
1773518400000,653.580,653.620,653.110,653.350,1122.30,1773519299999,733270.21050,3430,569.98,372377.52000,0
1773519300000,653.350,653.530,653.270,653.270,726.31,1773520199999,474561.96690,2369,330.73,216089.12640,0
1773520200000,653.280,654.190,653.270,654.090,1479.00,1773521099999,966794.63230,3360,712.57,465761.88540,0
1773521100000,654.090,654.580,653.850,653.850,1248.99,1773521999999,817005.22110,3286,637.56,417066.80860,0
1773522000000,653.860,653.860,653.220,653.310,996.90,1773522899999,651522.92040,3330,411.28,268790.41020,0
1773522900000,653.320,653.520,652.980,653.210,849.67,1773523799999,555094.17970,2218,428.07,279655.98880,0
1773523800000,653.220,654.200,653.200,654.090,954.70,1773524699999,624177.76860,2956,591.36,386637.45370,0
1773524700000,654.100,654.920,653.920,654.760,1559.03,1773525599999,1020501.17880,3578,902.15,590541.47400,0
1773525600000,654.770,655.500,654.390,654.450,3063.45,1773526499999,2006191.63990,6897,2087.14,1366964.14320,0
1773526500000,654.450,654.650,654.170,654.540,1064.88,1773527399999,696876.65600,3116,589.48,385765.73970,0
1773527400000,654.550,655.370,654.550,655.090,1264.98,1773528299999,828573.84050,3183,745.05,488011.31000,0
1773528300000,655.090,655.120,654.600,654.910,778.53,1773529199999,509810.88370,2637,327.60,214508.23390,0
1773529200000,654.910,657.350,654.890,656.520,6408.60,1773530099999,4206902.41060,11850,3572.35,2344856.09690,0
1773530100000,656.520,656.890,655.350,656.420,4171.33,1773530999999,2736499.51920,6817,2136.11,1401346.35540,0
1773531000000,656.490,657.640,656.480,657.420,3198.78,1773531899999,2102439.33340,5731,1695.51,1114300.14120,0
1773531900000,657.420,657.950,657.250,657.610,2383.37,1773532799999,1567393.51390,4720,1098.58,722473.11920,0
1773532800000,657.610,657.870,656.500,657.060,3083.92,1773533699999,2026406.05010,7377,1260.75,828372.53930,0
1773533700000,657.060,657.450,656.000,656.400,3175.66,1773534599999,2085294.70530,6045,1584.78,1040709.42480,0
1773534600000,656.400,656.660,655.760,656.260,1370.96,1773535499999,899558.82480,4122,706.76,463738.20070,0
1773535500000,656.250,656.250,655.400,655.770,1310.16,1773536399999,859092.26280,3660,515.97,338309.21040,0
1773536400000,655.770,656.070,654.550,654.940,2161.74,1773537299999,1416703.58390,5845,829.69,543796.26750,0
1773537300000,654.950,655.410,654.420,654.690,2305.59,1773538199999,1509860.99580,3978,868.68,568890.15000,0
1773538200000,654.680,654.750,654.320,654.690,1242.73,1773539099999,813403.64660,3379,527.15,345038.41320,0
1773539100000,654.690,655.640,654.400,655.370,1806.85,1773539999999,1183815.48120,3918,1048.63,686990.10170,0
1773540000000,655.360,657.960,655.360,657.630,5012.48,1773540899999,3293565.67450,9823,3161.97,2077366.27330,0
1773540900000,657.640,658.110,657.100,657.430,2700.68,1773541799999,1776130.22040,5223,1310.42,861924.77400,0
1773541800000,657.430,658.960,656.700,658.900,3026.69,1773542699999,1990706.30940,6474,1468.27,965957.68220,0
1773542700000,658.900,660.720,658.480,659.310,9397.60,1773543599999,6197401.40490,13485,4876.68,3216137.47080,0
1773543600000,659.310,661.240,659.310,659.570,7312.41,1773544499999,4828618.51990,10852,4170.80,2754013.53430,0
1773544500000,659.560,659.600,658.330,658.720,2645.13,1773545399999,1742982.98060,6255,991.15,653051.33750,0
1773545400000,658.730,659.700,658.190,658.720,1809.61,1773546299999,1192700.50110,5028,914.69,602853.34190,0
1773546300000,658.720,658.940,657.930,658.900,1755.40,1773547199999,1155632.07390,4253,863.06,568239.96190,0
1773547200000,658.910,660.470,658.910,660.150,2565.70,1773548099999,1693085.23120,6137,1456.49,961044.05820,0
1773548100000,660.160,660.640,658.910,658.930,4379.00,1773548999999,2888494.43440,6352,1561.98,1030403.59510,0
1773549000000,658.930,659.420,658.270,659.040,2853.70,1773549899999,1879736.50160,6400,1583.30,1042920.50860,0
1773549900000,659.040,659.280,658.340,659.270,1631.78,1773550799999,1074945.71650,4073,706.93,465702.56410,0
1773550800000,659.280,659.300,658.620,658.630,1710.24,1773551699999,1126806.27170,4143,608.81,401086.93560,0
1773551700000,658.630,660.980,658.500,659.870,6179.35,1773552599999,4078265.94380,10044,3919.50,2586716.40550,0
1773552600000,659.880,660.760,659.530,660.210,2175.61,1773553499999,1436414.98050,5761,1161.32,766783.87740,0
1773553500000,660.210,660.400,659.410,659.410,2748.10,1773554399999,1813351.71380,5574,740.23,488456.64910,0
1773554400000,659.410,660.050,659.340,659.700,1464.82,1773555299999,966311.56660,4652,751.12,495502.46290,0
1773555300000,659.710,659.860,658.740,659.090,1968.72,1773556199999,1297735.25540,4428,889.80,586525.33980,0
1773556200000,659.080,659.080,657.630,657.890,4010.79,1773557099999,2639910.14100,5563,1060.60,698022.43260,0
1773557100000,657.900,658.550,657.800,658.500,1297.51,1773557999999,853938.94720,3261,822.30,541185.83210,0
1773558000000,658.500,659.730,658.190,659.420,1976.31,1773558899999,1302160.37700,5916,1173.37,773145.42480,0
1773558900000,659.420,660.480,659.420,660.010,2506.12,1773559799999,1654157.72990,4493,1237.33,816669.14620,0
1773559800000,660.020,660.070,659.490,659.500,1689.47,1773560699999,1114684.35700,3808,775.87,511911.85670,0
1773560700000,659.500,659.940,659.330,659.940,1072.55,1773561599999,707525.17100,3485,627.26,413767.02030,0
1773561600000,659.940,660.910,659.660,660.740,2953.65,1773562499999,1950337.57600,6582,1633.12,1078317.22170,0
1773562500000,660.750,662.390,660.740,661.690,5177.64,1773563399999,3426920.30810,8652,3295.79,2181243.44320,0
1773563400000,661.690,662.740,661.550,662.670,2720.15,1773564299999,1801113.64840,5494,1662.69,1101013.22430,0
1773564300000,662.680,664.380,662.670,664.230,8772.90,1773565199999,5820031.37860,12279,5222.78,3465072.12360,0
1773565200000,664.220,666.630,664.210,665.700,13573.60,1773566099999,9032646.43000,18807,7814.35,5199710.50270,0
1773566100000,665.700,666.220,664.140,664.330,4852.98,1773566999999,3228777.99070,8696,1749.93,1164585.06340,0
1773567000000,664.330,664.530,663.270,663.390,4033.57,1773567899999,2677938.19610,8304,1747.12,1160099.54520,0
1773567900000,663.390,663.920,662.900,663.690,2556.18,1773568799999,1695777.82940,5363,1580.43,1048472.92770,0
1773568800000,663.700,663.960,662.180,662.780,3685.14,1773569699999,2442959.58210,7711,1306.93,866351.12020,0
1773569700000,662.770,663.860,662.670,663.450,1731.27,1773570599999,1148324.40410,5096,1014.62,672987.56690,0
1773570600000,663.460,663.460,662.570,662.790,1652.21,1773571499999,1095444.33950,4386,740.90,491233.80810,0
1773571500000,662.800,663.090,662.580,662.960,1478.65,1773572399999,980147.46970,3614,574.03,380488.33850,0
1773572400000,662.960,663.090,662.100,662.360,1798.63,1773573299999,1191925.54790,5042,714.92,473791.65550,0
1773573300000,662.370,662.910,661.520,661.580,3291.48,1773574199999,2179266.00520,5594,1448.75,959386.27820,0
1773574200000,661.580,661.760,659.700,660.800,7251.57,1773575099999,4790892.01200,8031,2064.97,1364192.57260,0
1773575100000,660.800,661.780,660.590,661.630,7823.22,1773575999999,5173313.62390,10173,4194.77,2773978.63390,0
1773576000000,661.640,661.640,659.770,660.370,8492.08,1773576899999,5608135.47120,11373,4112.18,2715442.76560,0
1773576900000,660.370,661.640,660.240,661.250,2811.11,1773577799999,1858368.54660,4775,1665.63,1101051.17940,0
1773577800000,661.250,661.540,659.800,660.070,2848.41,1773578699999,1882217.54790,5924,1659.81,1096910.63560,0
1773578700000,660.070,661.980,659.980,661.970,2454.52,1773579599999,1622714.28510,5689,1597.36,1056002.84220,0
1773579600000,661.980,662.570,657.670,658.950,17667.94,1773580499999,11658854.04880,22600,6158.19,4062022.18280,0
1773580500000,658.940,659.600,657.110,659.240,9058.98,1773581399999,5964561.89110,15313,3670.44,2416921.07280,0
1773581400000,659.250,659.470,656.640,657.800,9267.96,1773582299999,6096996.38170,14477,3413.14,2245271.04980,0
1773582300000,657.790,659.940,657.310,659.870,3906.15,1773583199999,2572260.46310,7048,2445.13,1610387.80190,0
1773583200000,659.870,660.270,659.570,660.060,3181.42,1773584099999,2099447.68050,6471,2132.92,1407552.61700,0
1773584100000,660.050,660.050,658.870,659.360,2964.45,1773584999999,1954858.04760,6023,1309.50,863543.99170,0
1773585000000,659.360,659.690,658.360,659.650,2717.89,1773585899999,1791125.64020,6293,1371.47,903972.82980,0
1773585900000,659.660,660.510,659.550,660.280,2505.68,1773586799999,1653879.97660,5930,1274.27,841068.50260,0
1773586800000,660.280,661.230,659.680,660.470,6579.41,1773587699999,4344688.43970,8559,2006.88,1325412.10980,0
1773587700000,660.470,661.000,659.850,660.080,2191.44,1773588599999,1447147.37640,4557,1180.26,779407.53560,0
1773588600000,660.090,660.690,659.550,660.090,1723.44,1773589499999,1137886.04590,4597,769.98,508397.87900,0
1773589500000,660.100,660.220,659.500,659.680,1226.86,1773590399999,809578.45680,3666,602.02,397237.71450,0
1773590400000,659.670,660.960,659.450,660.720,3055.79,1773591299999,2017868.43540,5966,1930.94,1275197.23980,0
1773591300000,660.730,660.870,658.820,659.760,3077.16,1773592199999,2029554.74410,7077,1526.25,1006520.53720,0
1773592200000,659.760,659.990,658.870,659.550,2079.69,1773593099999,1371357.37160,5463,1129.05,744516.57700,0
1773593100000,659.560,659.870,658.400,658.890,5018.27,1773593999999,3308270.68320,7333,2206.28,1454679.88960,0
1773594000000,658.900,660.000,658.850,659.570,2601.08,1773594899999,1715069.93660,6216,1061.82,700218.09590,0
1773594900000,659.560,659.980,659.260,659.800,1273.33,1773595799999,839928.36130,2928,552.97,364755.58100,0
1773595800000,659.800,660.360,659.750,660.210,1007.78,1773596699999,665209.16920,2782,621.90,410455.40820,0
1773596700000,660.220,663.180,659.860,661.860,6595.61,1773597599999,4364100.37590,11592,3903.01,2582724.21570,0
1773597600000,661.870,662.550,661.170,661.450,3543.00,1773598499999,2345162.70290,6898,1257.82,832512.16290,0
1773598500000,661.460,661.840,661.170,661.360,1645.78,1773599399999,1088656.85560,3718,831.78,550181.53980,0
1773599400000,661.360,662.090,661.240,661.240,1479.22,1773600299999,978613.18830,4252,734.88,486182.83840,0
1773600300000,661.250,661.320,658.030,658.360,4614.29,1773601199999,3041220.52550,8879,1584.78,1044242.53580,0
1773601200000,658.360,659.870,658.080,659.640,2891.59,1773602099999,1904958.11690,7296,1743.94,1148924.76520,0
1773602100000,659.650,660.320,659.140,659.970,1153.86,1773602999999,761205.09140,3783,472.09,311441.29400,0
1773603000000,659.970,660.400,659.600,659.870,1501.12,1773603899999,990609.85570,3957,744.39,491237.82530,0
1773603900000,659.880,660.510,659.650,660.380,918.91,1773604799999,606568.38370,2777,550.15,363152.71580,0
1773604800000,660.370,660.890,659.980,660.130,2676.65,1773605699999,1767894.33660,5094,1404.82,927899.40520,0
1773605700000,660.120,660.680,659.620,660.350,2306.52,1773606599999,1522733.91470,4229,1429.36,943679.92090,0
1773606600000,660.350,665.450,660.350,664.450,21525.61,1773607499999,14281556.31290,18658,10435.37,6923644.29950,0
1773607500000,664.460,665.030,663.890,663.900,2817.71,1773608399999,1871384.07620,6030,1169.08,776461.58730,0
1773608400000,663.900,664.540,662.680,663.110,9531.17,1773609299999,6324337.57460,9159,3540.09,2350194.66760,0
1773609300000,663.110,664.830,663.090,664.570,2640.69,1773610199999,1753350.18660,4586,1762.90,1170296.96310,0
1773610200000,664.580,669.190,664.580,668.120,16257.76,1773611099999,10844674.63040,17875,10960.56,7311446.64150,0
1773611100000,668.120,669.260,666.930,667.540,3108.15,1773611999999,2075955.47410,8483,1597.68,1067090.02550,0
1773612000000,667.540,669.990,665.790,666.150,8862.31,1773612899999,5920868.79870,18197,4189.23,2800015.91770,0
1773612900000,666.150,667.190,665.610,667.100,3650.89,1773613799999,2432946.60170,9649,2176.10,1450087.25550,0
1773613800000,667.110,675.330,667.110,673.850,26372.99,1773614699999,17720826.34830,37920,18424.39,12379774.41200,0
1773614700000,673.850,679.550,673.760,676.840,27621.75,1773615599999,18698272.06580,39951,16374.11,11087455.67610,0
1773615600000,676.850,679.250,676.330,677.460,17420.58,1773616499999,11810248.29100,38833,9074.59,6152440.87800,0
1773616500000,677.460,678.200,672.830,673.160,14619.65,1773617399999,9864549.10310,26647,5369.14,3621833.42150,0
1773617400000,673.150,674.710,672.150,674.150,7960.90,1773618299999,5359783.77890,18488,3823.43,2574388.53990,0
1773618300000,674.150,675.000,673.000,674.120,5044.89,1773619199999,3399473.33740,12122,2032.29,1369599.68210,0
1773619200000,674.120,677.000,674.040,674.100,9142.43,1773620099999,6176836.21950,19988,4302.55,2907455.49480,0
1773620100000,674.100,675.370,671.850,672.060,5188.47,1773620999999,3493694.66930,11511,1612.89,1086653.57690,0
1773621000000,672.060,673.140,671.180,671.670,4329.99,1773621899999,2910259.44530,10538,1955.41,1314330.52560,0
1773621900000,671.660,672.960,671.660,672.340,3752.45,1773622799999,2523205.94750,9091,2111.78,1419980.01730,0
1773622800000,672.350,673.600,670.500,670.720,8318.07,1773623699999,5593021.42670,16401,4238.30,2850492.65400,0
1773623700000,670.730,674.440,670.720,673.670,4360.41,1773624599999,2934229.25990,11984,2576.86,1733907.01740,0
1773624600000,673.670,673.670,671.870,673.140,2733.69,1773625499999,1839585.78410,9662,1146.21,771271.72470,0
1773625500000,673.150,677.200,673.130,676.140,6293.22,1773626399999,4253165.33160,11748,3575.37,2416366.47140,0
1773626400000,676.150,677.000,674.570,674.760,4287.01,1773627299999,2897352.40230,10841,1742.49,1178044.78010,0
1773627300000,674.770,675.110,671.370,671.710,4933.98,1773628199999,3320720.93400,9926,2018.84,1358815.88250,0
1773628200000,671.710,672.110,670.990,672.090,3115.12,1773629099999,2092061.94020,7467,1865.85,1253122.42750,0
1773629100000,672.090,674.210,672.010,673.140,3361.82,1773629999999,2262963.98830,7434,1908.60,1284804.35050,0
1773630000000,673.150,673.960,672.480,673.170,3440.03,1773630899999,2315768.00170,8901,1618.22,1089432.52250,0
1773630900000,673.160,677.660,672.700,676.530,8590.50,1773631799999,5805286.92130,15136,5429.21,3668771.65710,0
1773631800000,676.540,686.420,676.530,682.100,46751.53,1773632699999,31915521.63490,58744,27793.75,18967950.76120,0
1773632700000,682.110,682.840,680.320,680.740,10114.88,1773633599999,6892990.93610,19202,4956.49,3378073.57260,0
1773633600000,680.750,683.430,680.740,682.990,8816.75,1773634499999,6013410.19420,17750,4625.70,3154995.02730,0
1773634500000,683.000,685.550,681.800,682.210,10279.35,1773635399999,7024754.08070,17378,4740.36,3239932.24240,0
1773635400000,682.220,684.730,681.700,683.240,11310.15,1773636299999,7727163.98710,22012,6337.81,4330264.02500,0
1773636300000,683.250,687.860,682.760,683.720,18495.28,1773637199999,12665317.34060,24586,7650.60,5240703.87300,0
1773637200000,683.720,685.570,683.000,684.310,8270.93,1773638099999,5656795.50800,16354,4593.04,3141593.48980,0
1773638100000,684.310,685.390,683.260,684.550,5249.10,1773638999999,3592684.63050,12375,2754.45,1885095.59830,0
1773639000000,684.540,685.280,682.490,684.990,7550.82,1773639899999,5162131.18080,11840,3018.73,2064317.38190,0
1773639900000,684.980,686.700,684.460,685.800,10396.17,1773640799999,7126706.87920,18166,5758.53,3947654.83280,0
1773640800000,685.800,685.810,680.740,681.400,10981.64,1773641699999,7495072.36270,16814,4098.50,2796868.01350,0
1773641700000,681.400,682.610,680.970,681.050,6076.71,1773642599999,4143084.09840,10871,3068.00,2091896.98330,0
1773642600000,681.050,682.290,680.950,681.730,5446.82,1773643499999,3713168.41120,8854,3129.73,2133483.52860,0
1773643500000,681.730,681.730,679.670,679.700,4481.92,1773644399999,3050773.48760,8157,1106.16,753071.98420,0
1773644400000,679.710,681.250,679.490,680.270,6092.58,1773645299999,4146581.11620,10140,3529.38,2402309.24330,0
1773645300000,680.270,680.340,678.780,680.250,7757.48,1773646199999,5271785.07820,11382,4493.50,3053858.77380,0
1773646200000,680.260,680.550,677.330,678.120,8320.31,1773647099999,5648343.42680,11623,2884.17,1958332.94320,0
1773647100000,678.120,679.060,678.000,678.480,4150.71,1773647999999,2816427.99510,8334,2299.82,1560550.24490,0
1773648000000,678.490,681.360,678.490,679.500,6312.13,1773648899999,4294129.14020,12139,3545.73,2411908.03630,0
1773648900000,679.500,679.670,677.370,677.410,5218.63,1773649799999,3541535.57060,11287,1910.39,1296583.88840,0
1773649800000,677.400,677.520,674.360,674.780,11468.22,1773650699999,7755158.65130,17041,4551.77,3078797.19010,0
1773650700000,674.790,676.230,674.000,675.460,8016.17,1773651599999,5413187.97590,13457,3581.09,2418452.80140,0
1773651600000,675.460,676.520,675.000,675.890,5164.03,1773652499999,3489851.17830,10957,3019.77,2040873.88280,0
1773652500000,675.890,677.150,675.830,676.520,4643.24,1773653399999,3140757.43530,9651,2922.48,1976812.59730,0
1773653400000,676.530,676.780,675.770,675.780,2575.81,1773654299999,1741962.52020,7872,1038.41,702279.38960,0
1773654300000,675.770,678.110,675.770,676.780,4664.13,1773655199999,3158335.42660,8612,2804.15,1899023.66470,0
1773655200000,676.790,678.490,676.780,678.210,6902.39,1773656099999,4676977.81380,11819,3554.62,2408705.38440,0
1773656100000,678.210,678.950,677.390,677.830,7015.60,1773656999999,4757254.20520,9656,3846.13,2607965.38540,0
1773657000000,677.830,677.830,675.430,675.770,6470.72,1773657899999,4375290.18050,9415,2750.30,1859253.43120,0
1773657900000,675.760,679.390,675.580,679.340,9691.97,1773658799999,6573170.14110,14413,6510.39,4415896.03180,0
1773658800000,679.340,679.860,678.320,678.360,5254.69,1773659699999,3569256.52300,10170,2385.23,1620465.74220,0
1773659700000,678.350,679.060,676.800,676.990,4749.23,1773660599999,3219004.49280,7982,1848.05,1252700.77350,0
1773660600000,676.990,678.090,676.590,677.540,3058.35,1773661499999,2071585.19260,6291,1511.66,1023871.60580,0
1773661500000,677.540,678.210,677.060,677.370,3857.68,1773662399999,2613504.71130,5992,1395.96,945828.89150,0
1773662400000,677.370,680.570,677.370,679.070,14929.01,1773663299999,10134113.11590,17909,7989.54,5424480.32920,0
1773663300000,679.070,680.650,677.820,680.470,15027.56,1773664199999,10208449.95200,19506,8445.33,5737073.77110,0
1773664200000,680.460,681.280,678.640,678.810,8921.10,1773665099999,6066568.12320,14039,4313.10,2933492.13750,0
1773665100000,678.820,679.190,677.620,678.660,5282.01,1773665999999,3581595.78380,8205,2313.35,1568672.35390,0
1773666000000,678.670,679.660,677.770,679.450,3891.47,1773666899999,2641035.33800,8729,1820.13,1235339.71900,0
1773666900000,679.460,679.830,677.980,679.410,5661.55,1773667799999,3843688.54740,8411,1750.00,1188166.69640,0
1773667800000,679.410,683.700,678.950,679.990,23096.62,1773668699999,15743260.63070,33032,12765.09,8702396.45280,0
1773668700000,679.990,682.290,679.000,681.000,11779.50,1773669599999,8015656.38090,21953,6176.01,4202988.54510,0
1773669600000,681.000,682.350,679.600,681.080,14155.91,1773670499999,9640394.50670,23666,8787.61,5984489.51720,0
1773670500000,681.070,681.350,675.520,675.590,13131.56,1773671399999,8912402.33010,21480,4763.30,3234842.23800,0
1773671400000,675.600,675.740,670.170,671.540,31207.02,1773672299999,20983667.72350,44515,13515.85,9087485.53550,0
1773672300000,671.540,675.210,670.810,674.680,14546.13,1773673199999,9784128.72890,25065,7854.52,5284309.37050,0
1773673200000,674.690,675.950,673.420,674.660,9086.43,1773674099999,6128682.95760,21617,4622.54,3118244.64550,0
1773674100000,674.660,676.620,673.420,675.680,7823.75,1773674999999,5284811.42860,17760,4695.23,3172145.54050,0
1773675000000,675.680,677.200,673.750,674.380,8819.73,1773675899999,5956420.26460,18513,5208.36,3517886.02180,0
1773675900000,674.370,674.930,671.120,671.720,5794.11,1773676799999,3897460.94350,15079,2226.94,1497978.36040,0
1773676800000,671.720,673.890,671.320,672.230,7840.42,1773677699999,5271273.12600,16065,4189.88,2817182.25590,0
1773677700000,672.220,673.810,672.170,673.140,6502.50,1773678599999,4376033.49150,13186,4331.58,2915082.77610,0
1773678600000,673.130,675.430,672.420,675.240,4009.99,1773679499999,2702057.79340,11569,2447.38,1649449.17450,0
1773679500000,675.240,676.370,673.890,675.310,5764.59,1773680399999,3893033.01480,14238,2761.99,1865533.21000,0
1773680400000,675.320,676.540,674.530,675.850,7645.77,1773681299999,5165054.28630,15639,3561.29,2406191.91620,0
1773681300000,675.850,676.350,675.020,675.050,3066.36,1773682199999,2071846.41440,8375,1938.40,1309737.36320,0
1773682200000,675.050,677.710,675.050,677.350,6324.00,1773683099999,4281094.69490,12797,4210.37,2850420.20820,0
1773683100000,677.350,678.920,676.940,678.310,4005.57,1773683999999,2715720.87840,10032,2212.95,1500405.31210,0
1773684000000,678.320,680.530,677.770,679.370,10740.22,1773684899999,7295665.54320,18754,5841.68,3968840.34500,0
1773684900000,679.370,680.540,678.590,679.700,5159.34,1773685799999,3506654.87780,12354,2507.39,1704329.41650,0
1773685800000,679.710,680.390,678.460,678.640,4543.70,1773686699999,3086658.92980,10614,1991.87,1353206.05610,0
1773686700000,678.650,678.650,677.050,677.280,4989.29,1773687599999,3381029.38710,8789,2017.19,1366901.88330,0
1773687600000,677.270,681.510,676.250,680.260,8454.37,1773688499999,5740864.78020,15515,4709.64,3198503.10600,0
1773688500000,680.250,681.360,678.680,679.880,5940.03,1773689399999,4040055.84380,10990,2975.15,2023950.95490,0
1773689400000,679.870,681.280,679.820,680.170,3494.84,1773690299999,2378066.20190,7398,1888.03,1284651.21440,0
1773690300000,680.180,680.320,677.690,678.510,8691.40,1773691199999,5899623.89590,14020,2796.32,1898128.31850,0
1773691200000,678.500,678.710,675.680,676.610,4345.38,1773692099999,2941915.58870,11224,2102.69,1423504.60100,0
1773692100000,676.600,676.880,673.710,674.800,12206.83,1773692999999,8238885.94800,17326,3710.61,2504137.93780,0
1773693000000,674.790,677.150,674.790,676.210,4013.97,1773693899999,2713559.96930,8454,2643.81,1787195.84820,0
1773693900000,676.210,677.200,675.900,677.000,4127.09,1773694799999,2792064.71380,7220,1567.35,1060514.13560,0
1773694800000,676.990,680.690,676.280,678.920,11122.70,1773695699999,7549585.02610,16426,6373.51,4326376.53500,0
1773695700000,678.910,679.370,677.220,677.720,3768.65,1773696599999,2556814.98460,8654,1508.83,1023602.79480,0
1773696600000,677.720,682.750,677.610,680.340,10440.97,1773697499999,7108632.59850,17080,6163.30,4195812.40170,0
1773697500000,680.330,682.420,679.470,679.640,6195.46,1773698399999,4219089.85130,11211,3631.84,2473919.03130,0
1773698400000,679.630,684.780,679.630,684.360,10817.15,1773699299999,7392277.98610,19824,6444.61,4403721.90350,0
1773699300000,684.350,684.430,681.430,681.760,5976.24,1773700199999,4080527.39650,12452,2534.44,1730416.24140,0
1773700200000,681.770,683.620,681.570,683.500,4223.62,1773701099999,2883391.78680,8398,2677.95,1828155.94240,0
1773701100000,683.490,683.930,681.000,681.480,4515.69,1773701999999,3082035.75900,7885,2349.72,1603895.98230,0
1773702000000,681.480,681.490,676.180,677.080,11215.22,1773702899999,7606071.02140,16592,4742.25,3215621.65880,0
1773702900000,677.070,678.950,677.050,678.840,4368.78,1773703799999,2961253.74700,9824,2748.01,1862677.67650,0
1773703800000,678.820,680.210,678.710,679.990,3578.24,1773704699999,2431172.88280,9075,2132.29,1448698.80860,0
1773704700000,680.000,680.500,678.260,679.700,4220.91,1773705599999,2868464.97230,8901,1739.96,1182495.63620,0
1773705600000,679.700,684.280,677.620,683.260,12981.72,1773706499999,8838392.48640,24920,7593.48,5170186.55720,0
1773706500000,683.250,683.600,678.380,680.860,11366.76,1773707399999,7742483.13230,20387,5993.65,4081917.26540,0
1773707400000,680.870,683.000,680.420,680.950,12500.31,1773708299999,8520941.73770,18114,6328.12,4313893.84040,0
1773708300000,680.950,682.540,679.670,682.540,3973.58,1773709199999,2705806.14020,10721,2168.25,1476541.11210,0
1773709200000,682.530,686.200,680.630,684.490,17948.91,1773710099999,12272711.57340,28709,11225.32,7674718.75700,0
1773710100000,684.490,686.000,682.920,685.590,9928.72,1773710999999,6794377.35140,17215,4180.32,2861226.88300,0
1773711000000,685.600,686.600,682.790,684.110,11591.17,1773711899999,7938222.41730,20400,5254.64,3599690.92350,0
1773711900000,684.120,684.710,682.370,684.000,5271.00,1773712799999,3602615.58900,11458,2796.54,1911538.27970,0
1773712800000,684.010,684.290,680.530,680.990,6484.26,1773713699999,4421666.51650,13743,2561.08,1746524.85450,0
1773713700000,681.000,681.930,680.620,680.890,5074.69,1773714599999,3456478.73060,9350,2879.55,1961527.97880,0
1773714600000,680.900,684.280,680.470,684.090,5370.61,1773715499999,3665040.46960,10532,3634.68,2480330.60940,0
1773715500000,684.090,684.720,682.540,682.800,4750.66,1773716399999,3247920.59490,9676,2735.35,1870181.23340,0
1773716400000,682.790,683.160,680.880,681.110,3879.59,1773717299999,2646124.38490,10737,1795.21,1224674.40300,0
1773717300000,681.110,681.410,679.330,679.580,7873.23,1773718199999,5355641.37830,11759,3403.59,2315373.71160,0
1773718200000,679.570,679.570,675.550,676.000,12931.59,1773719099999,8757005.32260,20903,5707.48,3863969.81740,0
1773719100000,676.000,676.500,675.050,676.130,9107.71,1773719999999,6155189.80240,15095,4297.34,2904486.37480,0
1773720000000,676.130,677.460,676.060,677.200,5552.60,1773720899999,3758212.24470,11153,3054.01,2067168.35470,0
1773720900000,677.200,677.350,674.110,674.420,7680.73,1773721799999,5186242.96250,12680,2275.40,1536191.93850,0
1773721800000,674.420,674.980,671.900,673.500,13910.34,1773722699999,9364582.97670,18938,6336.03,4266064.78650,0
1773722700000,673.500,675.280,673.340,674.890,3883.81,1773723599999,2619788.68900,8361,2426.23,1636415.81640,0
1773723600000,674.890,675.710,673.780,675.100,4516.98,1773724499999,3048808.74210,10083,2098.88,1416853.00870,0
1773724500000,675.100,677.200,675.100,676.840,5832.79,1773725399999,3943860.21250,8950,3613.05,2443205.43270,0
1773725400000,676.840,677.090,674.280,674.580,7144.53,1773726299999,4827633.10690,11254,3730.85,2520902.64710,0
1773726300000,674.560,675.880,673.620,675.170,5414.35,1773727199999,3653680.78940,11035,3428.78,2313870.78100,0
1773727200000,675.170,676.040,673.520,675.840,4746.29,1773728099999,3202073.47120,11957,2680.16,1808268.93610,0
1773728100000,675.830,676.980,675.280,676.560,3844.30,1773728999999,2599552.00350,7700,2390.61,1616575.07340,0
1773729000000,676.550,676.760,673.770,673.840,3593.77,1773729899999,2427266.37890,7557,1224.49,827108.04760,0
1773729900000,673.840,673.910,672.920,673.380,4728.11,1773730799999,3183822.49170,7874,1780.80,1199191.14780,0
1773730800000,673.390,674.660,673.300,674.420,3489.68,1773731699999,2352472.72390,8394,1638.03,1104254.07730,0
1773731700000,674.420,675.670,674.290,675.140,5520.23,1773732599999,3726019.58970,8647,3391.19,2288890.38830,0
1773732600000,675.120,675.480,674.380,675.110,2812.11,1773733499999,1898019.97540,6224,1257.68,848844.52670,0
1773733500000,675.120,675.140,673.540,674.190,3618.08,1773734399999,2439394.48680,6161,723.44,487714.55410,0
1773734400000,674.190,677.040,674.000,674.410,12331.86,1773735299999,8329417.62160,13975,6004.07,4056786.03350,0
1773735300000,674.400,675.540,673.430,674.640,3321.39,1773736199999,2240198.38740,8470,1730.00,1166943.21600,0
1773736200000,674.640,675.880,674.070,675.450,3408.57,1773737099999,2300789.07610,7713,2004.53,1353171.74330,0
1773737100000,675.450,675.950,673.200,673.650,3923.03,1773737999999,2646808.76990,7848,1540.43,1039564.13040,0
1773738000000,673.650,674.330,672.600,672.670,6097.14,1773738899999,4104920.79630,10000,2469.45,1662512.31940,0
1773738900000,672.670,675.560,672.030,675.010,12058.21,1773739799999,8122686.09180,13510,5984.78,4032497.18930,0
1773739800000,675.010,675.120,673.660,674.180,3391.54,1773740699999,2286493.00230,7564,1372.32,925175.52270,0
1773740700000,674.170,674.330,672.010,672.800,3259.29,1773741599999,2193312.55020,7802,1171.95,788760.23010,0
1773741600000,672.790,674.150,670.910,671.870,13578.81,1773742499999,9129501.44350,15643,6781.19,4560963.56290,0
1773742500000,671.880,672.150,670.180,671.850,8411.80,1773743399999,5645929.79480,11114,2947.66,1979041.23990,0
1773743400000,671.850,672.060,668.890,669.640,11454.16,1773744299999,7676513.09200,12714,3814.52,2557518.22420,0
1773744300000,669.640,670.090,667.830,669.410,14494.62,1773745199999,9697994.30730,13202,7668.42,5131386.62750,0
1773745200000,669.410,670.370,668.960,669.880,5083.79,1773746099999,3405057.27080,10022,3154.42,2112881.00470,0
1773746100000,669.880,670.550,667.550,667.850,19226.52,1773746999999,12861392.11170,18415,5808.57,3886175.59480,0
1773747000000,667.850,668.630,667.380,668.230,6347.68,1773747899999,4240631.19580,9547,3971.43,2653221.84760,0
1773747900000,668.230,668.560,667.300,667.570,3972.83,1773748799999,2653470.90290,6648,2023.41,1351438.84890,0
1773748800000,667.580,669.660,667.410,668.500,5334.82,1773749699999,3566653.68740,10153,3300.61,2206866.52780,0
1773749700000,668.500,669.620,666.760,666.950,8036.82,1773750599999,5370170.15570,13025,3916.90,2617911.22430,0
1773750600000,666.950,666.970,664.660,665.540,10984.74,1773751499999,7312537.73050,13696,3861.49,2570487.04440,0
1773751500000,665.530,665.780,665.010,665.400,3903.82,1773752399999,2597439.80300,8172,1923.28,1279674.82470,0
1773752400000,665.390,666.450,665.190,666.410,4094.82,1773753299999,2726608.23240,7962,2158.68,1437448.85540,0
1773753300000,666.410,666.950,665.830,666.080,3014.32,1773754199999,2008555.27710,6292,1701.88,1134049.26990,0
1773754200000,666.090,668.650,665.860,665.990,34948.45,1773755099999,23328333.23140,25006,26760.14,17863966.05670,0
1773755100000,665.980,666.480,663.450,665.150,11890.44,1773755999999,7906756.43060,20855,4956.29,3296531.26470,0
1773756000000,665.150,667.430,663.200,666.860,6574.78,1773756899999,4375401.22350,16603,3945.99,2626642.56240,0
1773756900000,666.860,668.130,665.400,667.830,5348.69,1773757799999,3568411.82210,13617,2449.79,1634326.26310,0
1773757800000,667.840,669.680,667.640,669.350,7812.10,1773758699999,5225124.93030,15852,4734.72,3167241.36380,0
1773758700000,669.360,670.270,668.020,669.970,6361.41,1773759599999,4259190.47400,12437,3071.20,2056448.32050,0
1773759600000,669.980,673.170,668.290,668.550,15878.52,1773760499999,10657006.43090,26177,7689.35,5161997.88370,0
1773760500000,668.540,669.590,667.410,667.870,4396.75,1773761399999,2938938.48540,12909,2116.46,1414916.47830,0
1773761400000,667.870,668.490,665.010,666.380,7738.38,1773762299999,5157074.88080,15581,3958.57,2638120.15940,0
1773762300000,666.370,668.570,666.060,668.350,4191.12,1773763199999,2797598.73570,9913,2908.60,1941317.07570,0
1773763200000,668.350,669.300,667.570,668.470,3706.07,1773764099999,2477483.85430,11834,2159.48,1443694.04890,0
1773764100000,668.480,671.490,668.290,670.620,5500.60,1773764999999,3687863.53050,12163,2919.57,1957381.17660,0
1773765000000,670.620,670.900,669.020,670.310,4505.50,1773765899999,3017887.13380,10041,2097.84,1405091.69890,0
1773765900000,670.310,671.370,669.580,670.640,2409.13,1773766799999,1615927.08640,6115,1148.22,770105.06590,0
1773766800000,670.640,671.800,669.600,670.860,2396.70,1773767699999,1608122.65040,8813,1186.73,796302.76550,0
1773767700000,670.860,672.300,670.710,671.070,3639.73,1773768599999,2444504.94720,7815,1410.69,947353.24800,0
1773768600000,671.070,671.750,670.270,671.360,1685.01,1773769499999,1130727.13920,6051,691.47,464041.58360,0
1773769500000,671.360,672.580,671.020,672.550,3017.53,1773770399999,2027801.09080,6497,1690.39,1136171.88510,0
1773770400000,672.550,673.790,672.260,672.940,4258.99,1773771299999,2865952.93130,8642,2663.23,1792211.07200,0
1773771300000,672.930,673.570,672.070,672.210,2083.00,1773772199999,1401718.76910,7132,1112.11,748466.71200,0
1773772200000,672.200,674.640,672.200,674.020,4723.90,1773773099999,3184003.39730,8501,3369.46,2271015.59610,0
1773773100000,674.030,674.520,672.640,673.590,2843.31,1773773999999,1915829.56910,6709,983.61,662764.14730,0
1773774000000,673.590,674.400,672.920,673.820,2861.51,1773774899999,1927806.90310,7475,1630.76,1098571.25790,0
1773774900000,673.810,674.290,672.590,673.470,2166.96,1773775799999,1459513.42050,5855,920.11,619763.65190,0
1773775800000,673.480,673.920,672.590,673.070,3675.05,1773776699999,2473716.72700,7263,1659.82,1117218.58230,0
1773776700000,673.060,673.160,671.310,671.710,4035.42,1773777599999,2712037.86410,8372,1284.02,862982.05390,0
1773777600000,671.710,671.890,670.420,670.420,2731.47,1773778499999,1833276.83010,7450,925.42,621210.01590,0
1773778500000,670.420,672.640,670.420,672.560,3188.78,1773779399999,2142724.52700,5172,2243.03,1507474.15930,0
1773779400000,672.560,672.560,671.520,671.960,1826.19,1773780299999,1227112.68500,4336,522.06,350726.16540,0
1773780300000,671.960,672.150,671.580,671.830,956.47,1773781199999,642631.78520,3243,422.42,283803.84340,0
1773781200000,671.820,674.150,671.710,673.350,3218.04,1773782099999,2165185.43730,6682,1841.30,1238805.33890,0
1773782100000,673.340,673.620,672.860,672.880,1425.97,1773782999999,959996.00940,3440,642.09,432283.88900,0
1773783000000,672.880,674.290,672.460,673.950,2533.40,1773783899999,1706184.65110,4964,1377.73,927903.15990,0
1773783900000,673.950,674.260,673.220,673.370,992.23,1773784799999,668487.17660,3255,373.82,251833.98400,0
1773784800000,673.360,674.290,672.720,673.030,2594.91,1773785699999,1747787.28510,7372,1497.67,1008675.14860,0
1773785700000,673.030,673.290,671.950,671.960,1466.15,1773786599999,986160.99730,3935,745.88,501698.80670,0
1773786600000,671.950,671.950,668.930,670.150,4878.24,1773787499999,3268693.29420,8561,1565.77,1049106.05010,0
1773787500000,670.160,671.290,670.000,671.120,2525.90,1773788399999,1694408.17490,4421,1772.28,1188926.33790,0
1773788400000,671.120,671.750,670.490,671.320,1508.51,1773789299999,1012487.74570,5152,919.95,617480.87460,0
1773789300000,671.320,671.400,669.800,670.550,1771.94,1773790199999,1188233.13550,5188,877.37,588327.30060,0
1773790200000,670.540,670.540,668.360,668.680,3106.63,1773791099999,2079401.33610,6247,914.77,612292.43610,0
1773791100000,668.680,669.150,667.810,668.510,4805.37,1773791999999,3212132.86240,6639,2604.46,1741063.92410,0
1773792000000,668.510,669.160,667.670,668.400,4409.16,1773792899999,2947420.45060,11876,2021.80,1351592.62280,0
1773792900000,668.400,668.670,666.350,666.890,6916.37,1773793799999,4616517.33540,13402,2985.32,1992694.21330,0
1773793800000,666.890,666.980,665.450,666.760,9236.64,1773794699999,6153262.25220,11990,4182.90,2786819.49530,0
1773794700000,666.760,668.310,666.760,668.160,3022.45,1773795599999,2017763.68930,6547,1812.57,1210019.35500,0
1773795600000,668.160,669.570,668.150,668.850,3867.31,1773796499999,2587211.38580,8704,1818.29,1216308.31520,0
1773796500000,668.850,669.700,668.480,669.510,1948.78,1773797399999,1304357.75270,6150,999.79,669166.92730,0
1773797400000,669.510,670.580,669.200,669.970,3063.53,1773798299999,2052778.40750,7193,1416.81,949378.34940,0
1773798300000,669.970,670.340,669.160,669.480,1892.25,1773799199999,1267381.66360,5151,965.75,646816.23570,0
1773799200000,669.470,671.390,669.310,671.210,2873.23,1773800099999,1926918.68990,7447,1405.51,942597.86520,0
1773800100000,671.200,671.300,670.490,670.740,2724.96,1773800999999,1828390.56640,5220,1615.98,1084297.49870,0
1773801000000,670.740,672.200,670.680,671.980,4253.52,1773801899999,2856560.11410,7200,2620.79,1759967.06670,0
1773801900000,671.980,672.470,671.310,671.400,1944.37,1773802799999,1306276.44520,5231,996.36,669449.68710,0
1773802800000,671.390,671.980,671.020,671.470,2418.50,1773803699999,1623952.45810,6104,1236.02,830006.26490,0
1773803700000,671.470,674.170,671.250,673.520,4401.15,1773804599999,2961907.98830,7708,2888.37,1943627.67140,0
1773804600000,673.520,675.130,673.320,673.710,6930.41,1773805499999,4673534.89900,10288,3896.33,2627554.05400,0
1773805500000,673.680,673.880,673.050,673.180,1674.85,1773806399999,1127736.80290,4247,776.42,522787.58750,0
1773806400000,673.180,673.580,672.660,672.830,2342.89,1773807299999,1577061.55600,5693,717.12,482736.40790,0
1773807300000,672.820,673.480,671.330,671.380,8995.17,1773808199999,6047458.07630,8332,4905.49,3298500.15130,0
1773808200000,671.380,671.380,670.450,670.750,3395.93,1773809099999,2278269.36630,6439,1477.54,991207.14420,0
1773809100000,670.760,672.220,670.500,671.740,5078.84,1773809999999,3410479.54150,7726,2955.08,1984387.40990,0
1773810000000,671.750,673.220,671.500,673.210,4722.77,1773810899999,3175327.86180,8856,2473.73,1663557.57990,0
1773810900000,673.220,673.350,671.400,671.530,2537.24,1773811799999,1706310.11220,5794,962.62,647529.00850,0
1773811800000,671.520,671.980,670.860,670.920,1872.73,1773812699999,1256991.14420,4959,913.41,613074.41180,0
1773812700000,670.920,672.340,669.770,671.020,10541.05,1773813599999,7072836.26820,9465,6906.74,4635019.28430,0
1773813600000,671.030,673.620,671.020,673.410,6508.59,1773814499999,4377404.71280,9298,3676.72,2472679.44990,0
1773814500000,673.420,674.870,673.100,673.870,4690.64,1773815399999,3160847.30130,8210,2537.36,1709973.83500,0
1773815400000,673.870,674.200,672.760,673.210,1844.24,1773816299999,1242054.96500,5199,763.10,513918.00780,0
1773816300000,673.220,673.580,672.440,672.610,2356.83,1773817199999,1586460.77290,4486,1215.94,818458.64090,0
1773817200000,672.610,673.470,672.070,673.280,3287.89,1773818099999,2211946.62740,6384,2262.87,1522555.36250,0
1773818100000,673.270,673.560,671.890,672.150,2186.00,1773818999999,1470547.31700,4764,1108.32,745575.04500,0
1773819000000,672.150,672.420,671.310,671.760,2360.10,1773819899999,1585574.98880,6125,1247.71,838203.83600,0
1773819900000,671.770,673.860,671.520,673.730,3335.52,1773820799999,2245265.97450,5688,2386.12,1606209.13400,0
1773820800000,673.720,675.540,673.710,675.250,8079.34,1773821699999,5452462.52700,12146,4170.15,2814257.80000,0
1773821700000,675.240,675.870,674.630,675.390,7474.82,1773822599999,5048849.61910,9062,4754.95,3211829.39220,0
1773822600000,675.390,675.390,673.710,674.340,2616.47,1773823499999,1764630.01290,7145,1223.47,825137.76460,0
1773823500000,674.340,674.580,673.700,674.220,1280.38,1773824399999,863172.32400,4499,658.57,443968.38260,0
1773824400000,674.210,674.980,673.780,674.610,2107.51,1773825299999,1421326.06410,6180,1147.83,774089.86740,0
1773825300000,674.600,674.710,674.000,674.130,3032.83,1773826199999,2045212.80170,5022,1274.22,859289.27910,0
1773826200000,674.130,675.270,674.130,674.980,2159.52,1773827099999,1457201.34390,5274,1181.60,797302.40420,0
1773827100000,674.990,675.800,674.710,675.760,3835.67,1773827999999,2589918.44700,6455,2126.51,1435883.82920,0
1773828000000,675.750,676.240,674.630,676.190,3071.51,1773828899999,2074904.08260,7289,1678.37,1133904.24800,0
1773828900000,676.180,676.280,675.200,675.630,2406.42,1773829799999,1625955.70990,5390,1015.53,686147.24790,0
1773829800000,675.630,675.940,671.810,671.880,8547.82,1773830699999,5755956.94580,10538,2202.37,1482899.84900,0
1773830700000,671.880,672.530,671.130,672.260,6523.85,1773831599999,4383854.06340,8902,2992.03,2010612.46670,0
1773831600000,672.260,672.990,670.080,672.210,6041.40,1773832499999,4055725.71390,11706,3012.11,2022187.57280,0
1773832500000,672.210,672.670,668.000,668.520,6843.07,1773833399999,4583824.00000,11485,2263.48,1517022.21140,0
1773833400000,668.520,668.930,661.250,664.060,40956.37,1773834299999,27201349.96470,51588,19474.23,12931948.73770,0
1773834300000,664.080,664.120,661.750,662.670,10323.81,1773835199999,6843880.42550,17478,4687.22,3107361.58780,0
1773835200000,662.660,662.660,659.580,661.140,19849.66,1773836099999,13115638.66860,26603,8280.42,5471465.61240,0
1773836100000,661.140,662.070,660.630,661.640,8883.67,1773836999999,5875933.09950,16802,5529.42,3657409.35410,0
1773837000000,661.640,661.640,655.410,656.870,23165.21,1773837899999,15231750.88590,35333,9423.03,6195626.03350,0
1773837900000,656.880,658.450,655.920,657.290,10747.34,1773838799999,7061294.50210,19449,7626.26,5010430.47070,0
1773838800000,657.290,658.430,654.420,657.770,14203.25,1773839699999,9327139.58050,24423,6965.24,4575269.27370,0
1773839700000,657.770,658.330,656.240,658.210,7035.04,1773840599999,4624896.71040,14860,3574.96,2350709.60550,0
1773840600000,658.210,658.870,656.140,657.340,8083.78,1773841499999,5315474.73640,22927,3988.63,2623036.77910,0
1773841500000,657.350,658.290,655.810,657.090,5265.90,1773842399999,3458657.13930,13010,2963.92,1946702.75720,0
1773842400000,657.090,657.350,654.590,654.680,7762.45,1773843299999,5092657.04300,20324,3496.49,2293996.51580,0
1773843300000,654.690,655.910,651.670,651.890,13399.20,1773844199999,8760754.72950,22609,4722.72,3088793.14640,0
1773844200000,651.880,653.340,649.580,650.010,16682.54,1773845099999,10868390.30950,25645,8375.81,5457730.12150,0
1773845100000,650.020,651.290,647.240,647.640,16653.26,1773845999999,10812905.46260,24389,7017.35,4557662.85410,0
1773846000000,647.640,650.170,644.460,645.630,28884.38,1773846899999,18706570.93390,40148,13553.48,8785539.44550,0
1773846900000,645.640,647.050,644.900,646.540,13534.30,1773847799999,8744197.48390,25446,7693.90,4971603.30690,0
1773847800000,646.540,648.290,646.240,647.950,10138.17,1773848699999,6566091.87340,16660,6365.58,4122871.25300,0
1773848700000,647.940,648.670,645.910,648.210,8440.80,1773849599999,5465326.21820,13899,5132.08,3323166.75760,0
1773849600000,648.200,648.210,645.270,645.430,9807.36,1773850499999,6342501.84170,19546,4705.02,3042720.74750,0
1773850500000,645.430,648.180,644.900,648.000,10990.53,1773851399999,7105320.28430,18130,6160.42,3983711.95150,0
1773851400000,647.990,649.470,646.710,649.310,7972.09,1773852299999,5167212.31710,15550,4443.49,2880287.17610,0
1773852300000,649.300,649.420,647.940,647.990,7038.49,1773853199999,4566559.59180,12971,3201.77,2077302.15440,0
1773853200000,647.990,648.250,646.520,646.740,5097.01,1773854099999,3298279.29480,12317,2072.90,1341430.04370,0
1773854100000,646.740,649.180,646.380,649.020,5115.92,1773854999999,3314065.03300,10766,2853.31,1848523.97630,0
1773855000000,649.030,651.280,647.910,649.320,11987.14,1773855899999,7790520.39450,15460,6980.36,4537274.10650,0
1773855900000,649.320,650.700,648.700,649.670,12895.23,1773856799999,8375680.56550,14107,6122.54,3976898.15060,0
1773856800000,649.660,652.620,649.660,652.320,13839.04,1773857699999,9017099.04530,25157,6865.67,4473779.25480,0
1773857700000,652.310,652.310,648.630,649.520,6651.61,1773858599999,4323138.13520,16436,2932.83,1905660.97660,0
1773858600000,649.520,650.700,648.590,649.950,5072.19,1773859499999,3295581.62090,15591,2453.83,1594303.04200,0
1773859500000,649.950,649.950,646.550,647.380,7411.68,1773860399999,4801687.85280,14633,3520.91,2281093.86200,0
1773860400000,647.380,649.750,647.290,648.940,5426.58,1773861299999,3520627.07470,13196,2898.58,1880135.04560,0
1773861300000,648.950,649.880,648.090,649.050,3223.82,1773862199999,2092145.40020,8946,1301.13,844426.58930,0
1773862200000,649.060,649.560,647.540,647.890,3465.55,1773863099999,2247770.86790,9144,1310.61,850178.68130,0
1773863100000,647.890,647.930,646.500,647.660,2664.60,1773863999999,1724866.34270,7544,1110.76,719026.08290,0
1773864000000,647.670,647.710,643.780,646.370,17464.74,1773864899999,11280057.18290,22751,6828.54,4410442.96830,0
1773864900000,646.370,648.220,646.120,647.670,6569.49,1773865799999,4250335.25680,10506,4497.30,2910003.37650,0
1773865800000,647.670,649.590,647.530,649.510,3902.94,1773866699999,2532715.10320,6905,1923.62,1248040.72050,0
1773866700000,649.520,650.650,648.810,649.790,3102.02,1773867599999,2015754.36500,6162,1317.51,856302.77030,0
1773867600000,649.790,651.500,649.500,650.730,3045.46,1773868499999,1981869.55190,7079,2050.21,1334201.91110,0
1773868500000,650.730,651.800,650.580,651.210,2671.48,1773869399999,1739741.17230,5733,1143.30,744514.94470,0
1773869400000,651.210,652.300,650.500,651.560,3266.65,1773870299999,2127972.57740,5857,1791.55,1167167.43520,0
1773870300000,651.570,652.460,651.400,652.160,1807.41,1773871199999,1178488.26150,3691,846.74,552080.15540,0
1773871200000,652.150,652.280,650.060,650.600,10970.54,1773872099999,7147762.60070,8729,1666.77,1085178.50220,0
1773872100000,650.600,651.450,650.300,651.230,1484.64,1773872999999,966489.32690,5217,746.03,485659.29890,0
1773873000000,651.240,651.340,650.320,651.170,2093.60,1773873899999,1362880.94740,5311,1297.56,844720.65850,0
1773873900000,651.170,651.360,650.840,651.250,1360.50,1773874799999,885911.47600,3667,837.62,545425.38800,0
1773874800000,651.250,652.150,650.700,651.200,2352.88,1773875699999,1532680.53580,6597,1460.72,951569.00850,0
1773875700000,651.200,651.210,650.440,651.150,1721.25,1773876599999,1120244.17690,4670,1035.42,673893.96660,0
1773876600000,651.160,652.610,651.150,651.870,2145.48,1773877499999,1398759.55080,5879,983.49,641158.78950,0
1773877500000,651.860,652.360,651.100,651.870,1953.97,1773878399999,1273430.51030,5589,932.63,607867.08830,0
1773878400000,651.860,652.500,650.590,651.710,4944.21,1773879299999,3221696.87560,11609,2103.60,1370678.11760,0
1773879300000,651.700,652.190,650.660,652.050,2465.74,1773880199999,1606140.98770,6052,1384.29,901767.29390,0
1773880200000,652.060,652.430,650.170,650.790,4696.26,1773881099999,3058031.19990,7950,2282.28,1486074.45590,0
1773881100000,650.780,651.290,650.440,651.060,3138.97,1773881999999,2042988.57410,5879,1597.86,1039927.41530,0
1773882000000,651.060,651.680,650.310,650.880,2968.53,1773882899999,1932634.31850,7599,1347.60,877382.91040,0
1773882900000,650.890,651.330,650.150,651.210,2628.97,1773883799999,1710706.08440,5452,1382.86,899884.69850,0
1773883800000,651.210,651.990,650.640,651.850,2634.12,1773884699999,1715561.65840,6273,1623.05,1056998.97190,0
1773884700000,651.840,652.190,650.980,650.990,4390.70,1773885599999,2860591.40740,6720,1640.24,1068866.33810,0
1773885600000,651.000,651.260,648.560,651.160,5892.53,1773886499999,3830554.04250,11070,3146.78,2045735.48450,0
1773886500000,651.160,652.020,650.860,651.240,3404.90,1773887399999,2218123.57770,6297,1316.02,857340.25910,0
1773887400000,651.250,651.810,650.810,651.430,1446.01,1773888299999,941875.46840,4288,741.18,482763.42250,0
1773888300000,651.430,651.530,649.790,650.250,2021.95,1773889199999,1315503.57170,5590,883.93,575140.79180,0
1773889200000,650.240,651.960,650.050,651.650,4242.14,1773890099999,2760600.48570,7655,2606.43,1695980.50040,0
1773890100000,651.650,656.180,651.650,655.460,12403.83,1773890999999,8118983.98370,17983,7874.68,5154117.01190,0
1773891000000,655.470,655.740,652.270,652.350,7630.01,1773891899999,4988286.81420,12372,3092.40,2021704.11400,0
1773891900000,652.340,653.170,652.000,652.230,3682.63,1773892799999,2403069.78590,7153,1936.68,1263826.00830,0
1773892800000,652.220,652.430,649.110,649.380,6443.14,1773893699999,4190280.05590,13283,2874.03,1869257.23560,0
1773893700000,649.380,649.700,648.030,648.670,4520.94,1773894599999,2933688.04570,8934,1566.87,1016950.87770,0
1773894600000,648.660,648.960,647.850,648.690,3234.11,1773895499999,2097369.53540,7254,1319.95,856099.68100,0
1773895500000,648.680,649.490,647.970,649.040,2314.42,1773896399999,1501456.27030,5048,1246.87,809028.75570,0
1773896400000,649.050,649.840,648.910,649.500,2545.87,1773897299999,1653248.75370,6306,1581.96,1027322.05960,0
1773897300000,649.510,650.140,648.270,648.640,1835.49,1773898199999,1192153.65160,5356,744.53,483658.13510,0
1773898200000,648.640,649.300,647.880,648.830,1889.50,1773899099999,1225179.19900,5947,997.28,646737.82450,0
1773899100000,648.830,649.350,648.350,649.040,1278.52,1773899999999,829763.02230,4686,818.41,531156.40490,0
1773900000000,649.050,650.140,648.000,649.630,2763.83,1773900899999,1793960.31700,7922,1732.31,1124539.84750,0
1773900900000,649.630,650.500,648.820,648.830,2071.43,1773901799999,1345751.18790,5944,1063.48,691006.67440,0
1773901800000,648.840,648.970,647.560,648.760,2993.23,1773902699999,1940492.48940,8415,1453.59,942451.58660,0
1773902700000,648.760,649.400,647.640,648.240,3745.76,1773903599999,2429353.67230,7184,1681.68,1090776.91900,0
1773903600000,648.230,648.460,642.300,643.090,23860.35,1773904499999,15397287.14720,26041,7922.24,5112206.97490,0
1773904500000,643.090,643.990,640.390,642.570,21371.93,1773905399999,13728796.02500,26382,9917.78,6372169.43240,0
1773905400000,642.570,646.770,642.360,645.740,11994.43,1773906299999,7737340.10880,15721,7528.23,4856637.29210,0
1773906300000,645.740,646.120,644.680,644.910,6344.56,1773907199999,4094749.34990,9931,2500.10,1613646.32440,0
1773907200000,644.900,645.830,644.390,645.290,6490.39,1773908099999,4186654.69430,12775,3425.28,2209517.57920,0
1773908100000,645.280,645.780,643.660,644.020,3499.84,1773908999999,2256895.73070,9953,1691.08,1090566.71770,0
1773909000000,644.020,645.770,643.330,643.890,6674.35,1773909899999,4299901.12150,12237,3549.11,2286298.75470,0
1773909900000,643.880,644.520,643.380,644.050,4151.03,1773910799999,2672864.51330,8714,2185.66,1407389.93990,0
1773910800000,644.040,645.000,643.540,644.200,4557.43,1773911699999,2936870.40920,10186,2056.17,1325108.81130,0
1773911700000,644.190,647.620,643.540,645.150,7899.05,1773912599999,5100982.47500,14530,4323.89,2792525.34810,0
1773912600000,645.150,646.920,644.650,646.670,3382.07,1773913499999,2183826.14070,9443,1962.66,1267535.57730,0
1773913500000,646.670,648.630,646.490,647.950,7221.01,1773914399999,4677670.52490,11975,4363.85,2826988.83770,0
1773914400000,647.950,648.230,647.290,647.700,2951.43,1773915299999,1911415.50050,7513,1573.15,1018789.00270,0
1773915300000,647.700,648.380,647.530,647.690,2342.76,1773916199999,1518169.79440,6299,1056.50,684695.03870,0
1773916200000,647.690,647.750,646.000,646.430,2575.75,1773917099999,1665733.13300,6349,876.21,566541.03340,0
1773917100000,646.430,646.590,645.430,645.510,2404.55,1773917999999,1553186.82900,4883,937.51,605564.60130,0
1773918000000,645.500,646.120,644.720,644.900,2563.12,1773918899999,1653826.94830,7375,1114.92,719441.51210,0
1773918900000,644.890,645.410,644.650,645.240,3343.08,1773919799999,2156565.63470,5949,2149.79,1386786.66410,0
1773919800000,645.240,645.520,643.370,643.840,3038.55,1773920699999,1957230.50510,6831,1661.23,1069985.98860,0
1773920700000,643.850,644.020,643.480,643.830,2070.84,1773921599999,1333189.86600,5015,1131.47,728437.07040,0
1773921600000,643.820,643.820,641.480,642.570,8553.32,1773922499999,5494579.92420,14293,2992.64,1922801.81010,0
1773922500000,642.570,642.800,640.940,641.280,5610.91,1773923399999,3600677.10810,10892,1937.01,1243004.77370,0
1773923400000,641.280,642.750,641.150,641.340,6286.82,1773924299999,4035560.10980,10028,3385.74,2173218.10940,0
1773924300000,641.340,641.340,637.730,638.420,12142.68,1773925199999,7761981.48860,19318,5241.55,3350339.87700,0
1773925200000,638.420,639.340,635.970,636.550,14480.34,1773926099999,9232455.47840,21292,6236.41,3977497.23580,0
1773926100000,636.540,639.500,636.150,638.560,9396.35,1773926999999,5990930.01070,15851,4811.55,3068283.03290,0
1773927000000,638.550,641.170,637.120,640.470,11868.82,1773927899999,7583881.19740,27208,7076.38,4522004.34800,0
1773927900000,640.470,641.860,639.420,641.010,7612.67,1773928799999,4876923.06500,17320,4483.23,2871790.92940,0
1773928800000,641.020,642.490,639.170,639.400,8423.64,1773929699999,5397097.85930,17128,3889.57,2492272.07400,0
1773929700000,639.410,639.770,636.620,636.810,5880.56,1773930599999,3752585.81770,13947,2596.25,1656642.74960,0
1773930600000,636.810,637.830,635.440,636.820,7392.44,1773931499999,4706538.66020,15742,3812.52,2427576.13120,0
1773931500000,636.810,638.920,636.530,637.980,6123.46,1773932399999,3905337.95260,13120,3424.54,2184090.21510,0
1773932400000,637.980,640.270,637.620,638.880,6411.58,1773933299999,4097720.63840,14760,3614.85,2310261.46570,0
1773933300000,638.870,639.450,635.280,635.760,8331.65,1773934199999,5305069.68370,15044,3546.40,2258040.08290,0
1773934200000,635.760,636.860,634.560,634.600,6352.27,1773935099999,4037306.90970,14741,2709.73,1722625.31020,0
1773935100000,634.610,638.500,634.170,637.600,8802.39,1773935999999,5600621.65650,18852,5108.34,3250192.35570,0
1773936000000,637.610,637.700,634.350,635.000,9206.09,1773936899999,5852502.90410,15083,3425.41,2177114.87690,0
1773936900000,634.990,635.990,634.210,635.480,6107.58,1773937799999,3878049.72500,13246,2880.94,1829268.05680,0
1773937800000,635.490,637.470,634.200,635.860,24436.20,1773938699999,15538390.43850,19100,10961.66,6970942.93060,0
1773938700000,635.870,636.130,634.500,635.740,4116.35,1773939599999,2615355.68200,9028,2742.51,1742433.43250,0
1773939600000,635.730,635.830,633.000,633.480,11392.74,1773940499999,7225329.06340,11977,6345.74,4023845.40210,0
1773940500000,633.480,637.860,633.050,637.480,6062.57,1773941399999,3853967.80990,12181,3801.58,2416093.84300,0
1773941400000,637.490,637.970,636.000,636.270,3777.57,1773942299999,2405396.19310,7280,1820.12,1158940.16160,0
1773942300000,636.270,638.790,636.000,638.010,4845.53,1773943199999,3089795.13950,7759,3070.82,1958402.85200,0
1773943200000,638.020,638.020,636.850,637.260,3953.84,1773944099999,2520577.75770,7432,2051.65,1308029.67560,0
1773944100000,637.270,637.780,636.260,636.420,2280.37,1773944999999,1452569.75440,5707,1215.69,774428.78710,0
1773945000000,636.430,636.700,635.900,636.290,1761.75,1773945899999,1120957.75620,5289,1007.20,640864.04910,0
1773945900000,636.290,637.700,635.970,637.570,2206.94,1773946799999,1404868.35350,5259,1062.22,676311.25910,0
1773946800000,637.570,641.800,637.510,640.300,13801.97,1773947699999,8832548.60520,22844,6924.93,4431131.07260,0
1773947700000,640.290,642.140,638.790,640.080,24193.62,1773948599999,15482768.99140,18561,12125.03,7759098.27990,0
1773948600000,640.080,640.880,638.760,640.660,5282.93,1773949499999,3379459.48510,10159,2912.90,1863119.17500,0
1773949500000,640.660,640.990,639.400,639.790,2674.96,1773950399999,1712316.67710,6580,1238.17,792540.88560,0
1773950400000,639.790,640.460,639.170,640.450,3313.71,1773951299999,2120329.86080,6505,2122.92,1358484.92790,0
1773951300000,640.460,642.020,640.260,640.320,6140.15,1773952199999,3937183.17610,7062,4133.84,2650989.52580,0
1773952200000,640.320,642.800,640.240,641.920,4281.55,1773953099999,2747394.77060,6440,3040.47,1950807.47910,0
1773953100000,641.930,642.240,641.470,641.760,2004.99,1773953999999,1286848.71890,3876,1042.26,668964.32110,0
1773954000000,641.770,643.670,641.600,643.370,8803.57,1773954899999,5658783.48010,8216,4686.62,3012831.50710,0
1773954900000,643.370,643.370,642.260,642.600,2987.11,1773955799999,1920277.39230,4459,1007.96,647986.16750,0
1773955800000,642.600,642.850,641.420,641.570,1850.53,1773956699999,1188140.38450,3746,793.93,509721.00880,0
1773956700000,641.580,642.300,641.270,641.940,1064.27,1773957599999,682989.92780,3099,523.26,335727.59270,0
1773957600000,641.940,642.240,640.400,641.550,2203.02,1773958499999,1412609.13810,6740,856.87,549529.55960,0
1773958500000,641.550,641.880,641.070,641.510,1110.98,1773959399999,712745.35890,3226,506.84,325131.98760,0
1773959400000,641.510,641.510,638.630,639.260,4308.88,1773960299999,2755685.16060,8607,2101.99,1344070.00510,0
1773960300000,639.250,640.170,639.070,640.170,2371.21,1773961199999,1516664.41690,4326,1430.74,915106.58710,0
1773961200000,640.170,641.300,640.170,641.120,2918.30,1773962099999,1870341.14190,6397,1686.07,1080610.91290,0
1773962100000,641.120,641.120,638.440,639.830,4247.71,1773962999999,2716515.23770,6173,2337.45,1494779.24970,0
1773963000000,639.830,640.110,637.910,638.370,4737.37,1773963899999,3026262.52070,7869,2116.42,1351874.74440,0
1773963900000,638.360,639.270,638.030,638.820,1976.73,1773964799999,1262233.85790,4057,1108.71,707971.67070,0
1773964800000,638.830,640.070,638.140,639.710,3669.58,1773965699999,2344976.31660,7260,1845.40,1179392.81880,0
1773965700000,639.710,640.500,638.750,639.570,3495.62,1773966599999,2236086.88490,6931,1599.25,1023059.97030,0
1773966600000,639.560,641.820,639.260,640.730,6421.10,1773967499999,4113853.51270,8192,4418.08,2831365.02810,0
1773967500000,640.740,641.170,640.130,640.590,4886.13,1773968399999,3129636.94420,5970,1659.00,1062909.58650,0
1773968400000,640.600,642.100,640.550,641.150,4044.40,1773969299999,2594329.60110,8888,2201.02,1411927.15610,0
1773969300000,641.150,641.370,640.450,641.120,2529.18,1773970199999,1621005.48610,6097,1213.07,777436.39560,0
1773970200000,641.120,643.270,641.120,643.230,3721.10,1773971099999,2390422.59090,8398,2515.76,1616155.18330,0
1773971100000,643.240,643.490,641.570,641.630,3107.41,1773971999999,1997255.75830,6209,1145.49,736318.92800,0
1773972000000,641.630,641.900,640.620,641.120,1857.99,1773972899999,1191500.21480,6629,1008.86,646982.38390,0
1773972900000,641.130,641.210,639.790,640.170,3817.36,1773973799999,2444462.92180,6955,1495.91,957867.86560,0
1773973800000,640.170,641.170,638.780,641.090,3957.20,1773974699999,2531235.10340,7175,1687.69,1080018.64960,0
1773974700000,641.090,642.780,640.590,642.220,4047.90,1773975599999,2598163.57040,5909,2535.02,1626955.69290,0
1773975600000,642.210,642.910,641.960,642.100,3672.28,1773976499999,2359253.31860,6338,1853.96,1191141.46220,0
1773976500000,642.100,643.960,642.050,643.830,3185.60,1773977399999,2048553.28750,6710,1889.89,1215496.58910,0
1773977400000,643.830,644.680,642.800,642.900,5088.64,1773978299999,3276581.09360,9275,2432.88,1566989.66430,0
1773978300000,642.890,644.180,642.510,643.920,3155.54,1773979199999,2030628.64590,6273,1466.44,943619.64330,0
1773979200000,643.910,645.590,643.380,644.870,5388.17,1773980099999,3473758.65700,8921,3517.75,2268092.53100,0
1773980100000,644.870,644.930,644.050,644.590,3335.57,1773980999999,2150095.46050,5968,1531.88,987487.34980,0
1773981000000,644.600,644.730,641.570,641.610,7459.80,1773981899999,4794741.32960,8117,2103.74,1351213.65130,0
1773981900000,641.600,643.870,641.240,643.670,3440.49,1773982799999,2210243.53830,6386,1709.98,1098794.45490,0
1773982800000,643.670,644.350,643.120,643.690,3085.86,1773983699999,1986259.28210,6941,1810.70,1165463.26310,0
1773983700000,643.700,644.150,642.090,642.140,3130.20,1773984599999,2013390.69560,5868,1217.70,783260.13750,0
1773984600000,642.140,643.490,641.610,643.340,3634.09,1773985499999,2334494.90440,6907,1854.10,1190985.68500,0
1773985500000,643.330,643.690,642.460,642.890,2907.32,1773986399999,1869938.81040,4680,1231.28,791862.12520,0
1773986400000,642.890,642.890,641.670,642.110,3271.61,1773987299999,2101110.07380,7075,1471.77,945239.56940,0
1773987300000,642.100,642.110,641.010,641.850,2591.43,1773988199999,1662179.94780,5603,1383.04,887113.37970,0
1773988200000,641.850,642.280,640.900,641.810,2986.36,1773989099999,1915941.04270,6725,1743.84,1118817.35080,0
1773989100000,641.800,642.420,641.600,642.070,2293.67,1773989999999,1472550.25340,5041,1217.27,781498.28890,0
1773990000000,642.060,642.060,639.310,640.170,5735.29,1773990899999,3671530.42640,11924,2780.26,1779869.93960,0
1773990900000,640.170,642.620,639.950,641.710,4040.68,1773991799999,2591850.78960,7179,1989.50,1276174.86090,0
1773991800000,641.710,644.300,641.360,644.200,6042.83,1773992699999,3886293.78890,9341,3642.41,2342563.87420,0
1773992700000,644.210,644.300,643.400,643.690,3128.98,1773993599999,2014307.09910,6410,1352.77,870784.39850,0
1773993600000,643.680,647.330,643.300,646.530,11035.82,1773994499999,7123621.18180,17506,6631.04,4280495.88240,0
1773994500000,646.520,646.570,645.580,646.070,5287.82,1773995399999,3416727.61180,11365,2755.35,1780376.40660,0
1773995400000,646.070,646.750,645.420,646.430,3781.13,1773996299999,2443135.82270,9130,2266.41,1464452.76250,0
1773996300000,646.430,646.460,645.580,646.130,3431.93,1773997199999,2217155.93010,7133,1908.32,1232930.32410,0
1773997200000,646.140,646.150,644.470,644.470,3862.27,1773998099999,2492099.11970,8993,1819.59,1174147.14530,0
1773998100000,644.470,644.470,641.180,641.680,7154.55,1773998999999,4598262.70270,11284,3401.93,2185731.76580,0
1773999000000,641.680,643.100,641.670,642.970,3661.34,1773999899999,2352494.62160,7375,2898.73,1862428.68390,0
1773999900000,642.960,642.960,640.730,641.570,4464.62,1774000799999,2865164.10240,7475,1991.98,1278228.22090,0
1774000800000,641.580,641.690,640.260,640.770,3399.36,1774001699999,2178520.49350,8140,1775.58,1137874.41630,0
1774001700000,640.770,641.490,640.010,640.810,3303.04,1774002599999,2116376.28970,6096,1957.16,1254117.50360,0
1774002600000,640.820,643.710,640.700,642.830,5900.91,1774003499999,3790557.25580,7727,3366.03,2162136.66800,0
1774003500000,642.830,643.310,642.480,642.860,2097.14,1774004399999,1348216.53350,4222,1105.78,710877.15860,0
1774004400000,642.850,643.980,642.530,643.900,4390.38,1774005299999,2824764.06010,7753,2025.14,1302971.49670,0
1774005300000,643.900,643.900,642.360,642.450,2041.47,1774006199999,1312503.17130,5162,943.02,606212.31080,0
1774006200000,642.440,642.640,640.330,640.860,4643.18,1774007099999,2976741.73680,7306,2206.15,1414369.53370,0
1774007100000,640.850,641.330,640.210,641.320,2089.86,1774007999999,1338904.00910,4512,1226.41,785783.10950,0
1774008000000,641.330,643.020,641.320,642.560,6424.35,1774008899999,4125694.99240,8631,3620.79,2325542.45020,0
1774008900000,642.560,642.990,641.960,642.180,1974.18,1774009799999,1268473.55080,5171,876.30,563046.28270,0
1774009800000,642.180,642.310,640.090,641.070,5269.55,1774010699999,3378463.83270,7530,2809.23,1801152.01680,0
1774010700000,641.060,641.370,640.550,641.010,2567.07,1774011599999,1645524.55680,4323,1631.67,1045935.09330,0
1774011600000,641.020,642.170,640.530,641.110,3448.90,1774012499999,2211854.84580,8053,1694.38,1086587.52210,0
1774012500000,641.100,642.610,641.020,641.780,3269.51,1774013399999,2098468.17150,6777,1910.60,1226283.15080,0
1774013400000,641.780,641.960,638.360,640.980,17314.54,1774014299999,11074738.38860,25728,6797.37,4348726.32550,0
1774014300000,640.980,641.200,637.230,637.650,10997.48,1774015199999,7025867.80830,17460,4815.03,3077186.21240,0
1774015200000,637.640,640.510,636.310,637.830,20001.76,1774016099999,12775767.85290,26184,10959.02,7000802.71810,0
1774016100000,637.820,640.550,636.720,639.480,14265.45,1774016999999,9108636.44680,20121,8994.15,5744997.52050,0
1774017000000,639.470,641.940,639.470,640.480,8051.37,1774017899999,5160172.30560,16672,4385.34,2811047.31530,0
1774017900000,640.490,641.100,638.300,638.590,6287.52,1774018799999,4019873.25170,11957,2962.97,1894695.80230,0
1774018800000,638.600,639.630,637.550,639.300,6848.98,1774019699999,4372850.34550,14645,3740.88,2388592.87700,0
1774019700000,639.290,641.000,637.760,639.160,8004.73,1774020599999,5118017.85000,15096,4137.40,2644990.48880,0
1774020600000,639.160,640.380,638.620,639.590,4255.61,1774021499999,2721876.96820,11203,2747.26,1757194.78950,0
1774021500000,639.590,641.280,639.500,640.170,18383.26,1774022399999,11776822.01670,12129,6590.37,4220064.20710,0
1774022400000,640.160,641.410,640.020,640.680,3781.75,1774023299999,2423326.72480,9569,2037.23,1305438.97830,0
1774023300000,640.680,641.680,639.900,641.330,3450.92,1774024199999,2211889.30890,8682,1916.94,1228880.76260,0
1774024200000,641.320,641.330,639.380,639.730,3423.60,1774025099999,2191220.07730,8494,1266.65,810669.31850,0
1774025100000,639.720,640.550,638.750,640.150,3044.50,1774025999999,1947944.19000,7659,1999.23,1279191.26780,0
1774026000000,640.150,641.000,639.060,639.800,3181.60,1774026899999,2036858.86200,10177,1721.88,1102372.43170,0
1774026900000,639.800,640.240,638.870,639.020,2418.65,1774027799999,1546924.45550,7502,1436.37,918665.44440,0
1774027800000,639.010,639.200,636.620,637.610,6056.35,1774028699999,3862891.90400,11414,2521.70,1608536.61370,0
1774028700000,637.610,640.780,637.170,640.110,4791.60,1774029599999,3063075.67880,9114,3076.78,1967046.57700,0
1774029600000,640.110,640.670,639.500,640.090,4791.99,1774030499999,3067499.87070,9470,2478.81,1586707.62260,0
1774030500000,640.090,640.200,637.800,637.990,3014.23,1774031399999,1925369.26260,9236,1591.01,1016114.44180,0
1774031400000,637.990,638.040,636.100,637.410,5102.94,1774032299999,3250392.88280,10298,2315.67,1475079.62820,0
1774032300000,637.410,639.010,637.230,637.840,6151.48,1774033199999,3926972.94030,10532,3687.99,2354292.93980,0
1774033200000,637.850,638.980,637.850,638.690,3038.31,1774034099999,1939927.25310,8555,1966.11,1255349.28450,0
1774034100000,638.690,639.120,637.770,638.490,2875.69,1774034999999,1835936.77280,7122,1854.80,1184166.40400,0
1774035000000,638.500,639.380,636.310,639.370,3786.18,1774035899999,2414598.74150,9641,1919.84,1224581.44440,0
1774035900000,639.370,640.370,638.350,640.080,3370.33,1774036799999,2155611.66980,8124,1780.92,1139150.45330,0
1774036800000,640.080,640.640,639.500,640.370,3181.10,1774037699999,2036489.43110,7834,1662.42,1064225.58550,0
1774037700000,640.370,640.370,638.720,638.960,2294.62,1774038599999,1467145.39960,4880,1415.59,905112.53380,0
1774038600000,638.960,639.060,637.460,638.170,2494.95,1774039499999,1591672.09990,6432,1540.70,982833.15390,0
1774039500000,638.160,639.690,638.140,639.630,2132.42,1774040399999,1362613.88350,4209,1425.22,910646.39790,0
1774040400000,639.630,639.970,638.770,639.710,3042.43,1774041299999,1945346.50160,5428,1502.57,960694.37970,0
1774041300000,639.710,642.430,639.570,642.200,5955.28,1774042199999,3820370.58930,9213,3758.64,2411135.05240,0
1774042200000,642.210,643.000,640.780,640.870,3486.91,1774043099999,2238361.96610,6182,1795.46,1152602.59330,0
1774043100000,640.860,641.700,640.860,641.610,1752.69,1774043999999,1124162.94360,3329,1016.41,651866.96190,0
1774044000000,641.610,644.410,641.600,643.780,5175.37,1774044899999,3330485.18080,10860,3092.09,1989566.67760,0
1774044900000,643.780,644.410,643.040,643.250,2463.33,1774045799999,1585586.25140,4563,591.94,381030.98260,0
1774045800000,643.250,643.680,643.000,643.330,983.33,1774046699999,632537.11870,3277,442.78,284817.99990,0
1774046700000,643.340,644.240,642.920,643.540,2538.24,1774047599999,1633949.69180,4308,1527.31,983322.17750,0
1774047600000,643.550,643.900,641.790,641.840,4624.65,1774048499999,2971044.22010,7431,1739.66,1117874.41960,0
1774048500000,641.840,642.360,641.230,642.200,1692.63,1774049399999,1086572.84120,4037,702.89,451229.51690,0
1774049400000,642.200,642.490,641.530,641.920,2511.38,1774050299999,1612013.40670,3753,1267.52,813560.97860,0
1774050300000,641.920,642.360,641.710,642.000,950.44,1774051199999,610225.90070,2691,481.79,309311.00130,0
1774051200000,642.000,642.360,641.570,641.870,1942.65,1774052099999,1247141.20810,4878,1038.72,666836.57380,0
1774052100000,641.870,643.090,641.640,642.430,1987.41,1774052999999,1276775.13020,5235,1210.96,777974.46930,0
1774053000000,642.440,642.440,641.520,641.610,1466.29,1774053899999,941466.28840,4299,478.08,306931.44010,0
1774053900000,641.600,642.090,641.180,641.900,1112.10,1774054799999,713682.62380,3136,491.58,315450.27620,0
1774054800000,641.900,642.800,641.640,641.920,1833.61,1774055699999,1177513.23490,5044,770.24,494657.00350,0
1774055700000,641.930,641.930,641.020,641.030,1474.42,1774056599999,945597.87650,3500,453.29,290687.38880,0
1774056600000,641.020,641.030,640.210,640.220,1742.19,1774057499999,1116098.74440,4757,727.96,466345.17430,0
1774057500000,640.220,640.900,640.110,640.460,1421.84,1774058399999,910716.07080,3458,812.36,520326.64950,0
1774058400000,640.450,640.650,640.020,640.120,2365.07,1774059299999,1514272.30050,4772,1400.09,896461.52650,0
1774059300000,640.130,641.720,640.120,641.490,2359.52,1774060199999,1512756.55040,3750,1654.31,1060588.67800,0
1774060200000,641.490,641.860,640.920,641.660,1331.11,1774061099999,853803.76730,3611,791.58,507715.77050,0
1774061100000,641.660,642.270,641.430,642.260,1425.68,1774061999999,915235.50210,3573,648.91,416565.85320,0
1774062000000,642.260,642.510,641.610,642.000,1911.04,1774062899999,1227002.02560,4613,756.74,485875.45760,0
1774062900000,641.990,642.060,641.570,641.870,1340.98,1774063799999,860660.57480,3022,567.30,364120.81190,0
1774063800000,641.860,642.120,641.450,641.960,1827.56,1774064699999,1173006.27750,4561,1297.88,833061.11110,0
1774064700000,641.960,642.390,641.850,642.150,978.02,1774065599999,628029.09090,2932,539.89,346686.06670,0
1774065600000,642.150,643.250,642.150,642.760,2635.94,1774066499999,1694371.89570,5713,1664.59,1069907.35910,0
1774066500000,642.750,643.240,642.700,643.040,1221.17,1774067399999,785200.91730,3110,575.99,370354.69820,0
1774067400000,643.020,643.020,641.670,641.890,1536.65,1774068299999,986623.04990,3616,497.89,319633.15960,0
1774068300000,641.880,641.940,641.660,641.700,865.78,1774069199999,555649.96660,2566,386.59,248108.40370,0
1774069200000,641.700,642.610,641.690,642.120,2950.25,1774070099999,1894608.65810,5041,1456.38,935271.94250,0
1774070100000,642.120,643.010,642.120,642.740,1647.48,1774070999999,1058920.88640,3637,805.00,517417.84410,0
1774071000000,642.740,643.190,642.410,642.570,1228.85,1774071899999,789910.71630,3329,551.80,354713.66150,0
1774071900000,642.570,642.570,641.990,642.090,895.56,1774072799999,575228.23280,2648,379.87,244020.67930,0
1774072800000,642.080,642.280,641.900,642.190,1062.22,1774073699999,682040.27960,3293,595.02,382038.50300,0
1774073700000,642.190,643.100,642.180,643.100,1093.29,1774074599999,702759.32650,2966,733.69,471606.45850,0
1774074600000,643.090,643.270,642.620,643.200,1298.81,1774075499999,835055.63390,3159,660.43,424642.51030,0
1774075500000,643.190,643.260,642.880,643.070,936.06,1774076399999,601908.18130,2530,320.13,205849.26060,0
1774076400000,643.070,643.250,642.780,643.130,1817.79,1774077299999,1168945.50570,3675,1166.00,749813.92630,0
1774077300000,643.130,644.210,643.120,644.150,3187.81,1774078199999,2052249.65000,4637,2104.65,1354876.45030,0
1774078200000,644.150,644.150,643.410,643.420,2112.48,1774079099999,1359946.94590,3714,1194.00,768676.01830,0
1774079100000,643.410,643.500,642.790,642.980,1785.57,1774079999999,1148256.41930,3652,721.52,464006.08470,0
1774080000000,642.970,643.260,642.750,642.980,1417.52,1774080899999,911398.69330,3519,622.85,400464.27360,0
1774080900000,642.980,643.020,642.030,642.070,2522.95,1774081799999,1620667.54890,4073,1027.91,660292.64460,0
1774081800000,642.070,642.780,641.990,642.770,2135.52,1774082699999,1371922.66650,3437,894.38,574566.43610,0
1774082700000,642.760,643.210,642.720,642.980,1376.01,1774083599999,884778.87480,2965,798.13,513182.39360,0
1774083600000,642.970,644.270,642.920,643.630,5010.13,1774084499999,3224402.97960,5673,1909.90,1229252.75910,0
1774084500000,643.630,643.630,643.150,643.160,1611.94,1774085399999,1037131.51870,2655,678.04,436261.14860,0
1774085400000,643.160,643.590,642.960,643.240,1397.14,1774086299999,898608.28750,2848,616.05,396228.54900,0
1774086300000,643.240,643.390,643.000,643.010,861.17,1774087199999,553912.22380,2078,358.25,230424.94200,0
1774087200000,643.000,643.120,642.000,642.220,1941.76,1774088099999,1247667.12630,3854,719.18,462093.69950,0
1774088100000,642.210,642.740,642.080,642.500,2019.98,1774088999999,1297560.24440,3194,1381.26,887310.14580,0
1774089000000,642.490,642.860,642.310,642.690,943.39,1774089899999,606203.19530,2118,560.96,360452.24360,0
1774089900000,642.690,642.740,642.440,642.660,574.05,1774090799999,368904.00490,1549,277.77,178501.84730,0
1774090800000,642.650,642.930,642.650,642.720,999.53,1774091699999,642517.66750,2737,619.67,398323.34530,0
1774091700000,642.710,643.240,642.650,643.220,1016.92,1774092599999,653848.69700,2269,692.84,445455.11550,0
1774092600000,643.230,643.370,642.750,643.370,861.78,1774093499999,554228.76980,2326,494.68,318112.75520,0
1774093500000,643.370,644.000,643.310,643.650,2566.82,1774094399999,1652217.71380,3449,1892.92,1218447.10140,0
1774094400000,643.650,644.090,643.300,644.030,3210.33,1774095299999,2066714.78470,4769,1471.12,947130.42970,0
1774095300000,644.030,644.180,643.700,643.980,1162.94,1774096199999,748904.93050,3305,378.97,244057.49950,0
1774096200000,643.980,644.140,643.690,643.860,974.64,1774097099999,627570.61190,2636,407.92,262662.30500,0
1774097100000,643.860,644.000,643.450,643.740,2383.90,1774097999999,1534750.85760,3435,1294.01,833120.34030,0
1774098000000,643.740,643.920,643.510,643.770,1140.69,1774098899999,734282.53220,3310,661.78,425994.54090,0
1774098900000,643.770,644.080,643.080,643.610,2194.51,1774099799999,1412240.99510,3673,1264.09,813471.56830,0
1774099800000,643.610,643.940,643.380,643.650,938.98,1774100699999,604429.61140,3274,472.07,303863.04790,0
1774100700000,643.650,644.110,643.490,643.990,1164.66,1774101599999,749845.15820,2667,695.97,448081.46640,0
1774101600000,643.990,646.350,643.730,645.550,9089.11,1774102499999,5865005.05760,10135,4510.34,2909601.94300,0
1774102500000,645.550,645.830,644.950,644.960,2296.26,1774103399999,1481944.56440,5126,1103.22,711988.52850,0
1774103400000,644.960,645.340,644.480,644.490,2635.11,1774104299999,1699198.24710,4604,1358.32,875870.34150,0
1774104300000,644.480,644.550,642.010,642.100,6130.92,1774105199999,3940566.64180,8498,3036.75,1951587.24410,0
1774105200000,642.110,642.750,641.870,642.740,3704.46,1774106099999,2379600.68830,6524,2398.51,1540742.99460,0
1774106100000,642.740,642.900,641.230,642.400,4722.38,1774106999999,3032316.57120,6695,2355.63,1512681.62810,0
1774107000000,642.390,643.200,642.180,642.470,2989.30,1774107899999,1921357.31220,4724,1672.59,1075125.72450,0
1774107900000,642.460,643.000,642.300,642.790,1536.88,1774108799999,987778.22750,3716,835.32,536823.04940,0
1774108800000,642.780,643.320,642.260,642.500,3186.26,1774109699999,2048120.73320,5193,1675.96,1077473.15030,0
1774109700000,642.490,642.660,641.230,641.560,2152.02,1774110599999,1381655.31590,4346,1127.61,723976.62740,0
1774110600000,641.550,641.960,640.790,641.350,2452.38,1774111499999,1572722.96510,4398,1103.52,707896.14020,0
1774111500000,641.350,641.890,640.750,641.240,2771.50,1774112399999,1777847.42250,4025,1412.33,905957.30280,0
1774112400000,641.240,641.880,640.530,641.070,4180.00,1774113299999,2679876.53450,5630,2391.88,1533815.41950,0
1774113300000,641.070,641.630,640.700,641.380,1168.97,1774114199999,749440.04180,3410,550.56,353023.48980,0
1774114200000,641.390,641.910,641.380,641.740,1118.50,1774115099999,717685.17630,2630,803.34,515468.14070,0
1774115100000,641.750,641.840,641.210,641.220,694.94,1774115999999,445781.37490,2140,284.05,182212.77590,0
1774116000000,641.220,641.350,640.900,641.110,1188.33,1774116899999,761809.11960,3558,475.53,304851.44390,0
1774116900000,641.120,641.670,641.060,641.410,912.28,1774117799999,585133.09900,2658,617.34,395964.25250,0
1774117800000,641.420,642.510,641.410,642.110,1594.39,1774118699999,1023590.52950,3512,1178.45,756550.34250,0
1774118700000,642.110,642.120,641.370,641.440,937.58,1774119599999,601628.39020,2218,511.85,328440.82730,0
1774119600000,641.440,641.590,641.350,641.500,883.77,1774120499999,566896.47700,2378,494.31,317073.31080,0
1774120500000,641.490,641.980,641.400,641.750,1592.11,1774121399999,1021632.80500,2497,1191.36,764484.10740,0
1774121400000,641.760,641.760,641.190,641.320,602.00,1774122299999,386112.71290,2232,353.96,227008.92380,0
1774122300000,641.330,641.730,641.320,641.430,506.61,1774123199999,324988.61850,1874,239.53,153645.57990,0
1774123200000,641.430,641.960,641.430,641.700,720.39,1774124099999,462218.71750,3052,455.09,291981.13460,0
1774124100000,641.710,642.190,641.430,642.120,932.50,1774124999999,598595.05340,2476,574.94,369047.38010,0
1774125000000,642.130,642.410,642.050,642.200,987.51,1774125899999,634234.11180,2504,473.98,304406.63980,0
1774125900000,642.200,642.440,642.130,642.340,431.31,1774126799999,277031.36360,1549,164.12,105409.80270,0
1774126800000,642.340,642.610,641.880,642.040,1273.58,1774127699999,817972.82140,3950,501.55,322151.20910,0
1774127700000,642.030,642.240,641.960,642.020,519.41,1774128599999,333496.02460,2133,181.67,116642.13010,0
1774128600000,642.030,642.160,641.830,641.970,548.29,1774129499999,352000.30220,1934,276.92,177781.62230,0
1774129500000,641.970,641.990,641.520,641.660,654.64,1774130399999,420103.36230,1765,279.90,179609.59990,0
1774130400000,641.650,641.730,641.030,641.520,1302.55,1774131299999,835333.76240,4263,764.15,490044.15010,0
1774131300000,641.520,641.940,641.330,641.750,1753.79,1774132199999,1125259.66130,2763,1040.59,667721.80960,0
1774132200000,641.760,642.350,641.640,642.070,906.40,1774133099999,582002.84020,2395,524.03,336470.46530,0
1774133100000,642.080,642.310,641.750,642.150,939.52,1774133999999,603218.60010,2591,587.93,377483.19890,0
1774134000000,642.160,642.160,641.350,641.600,905.74,1774134899999,581260.44960,3838,488.74,313626.75320,0
1774134900000,641.610,641.720,641.220,641.420,1207.16,1774135799999,774468.40240,2627,665.55,426999.10400,0
1774135800000,641.430,641.820,641.180,641.510,975.17,1774136699999,625536.51840,2858,561.94,360463.26930,0
1774136700000,641.520,641.610,627.320,630.290,66802.93,1774137599999,42258800.89160,68778,26273.04,16612158.89530,0
1774137600000,630.290,630.320,622.000,627.100,41303.71,1774138499999,25843803.36960,62572,18532.02,11594850.54160,0
1774138500000,627.090,629.990,626.700,629.840,9154.01,1774139399999,5757036.07220,22352,5121.27,3220875.99620,0
1774139400000,629.850,632.450,629.840,631.370,8879.76,1774140299999,5604858.96150,19129,4492.93,2836102.02950,0
1774140300000,631.380,632.000,628.750,630.060,7261.39,1774141199999,4575360.87650,15046,2701.93,1702882.12500,0
1774141200000,630.060,631.890,629.690,630.650,8611.35,1774142099999,5431492.79120,16756,4838.10,3051963.11480,0
1774142100000,630.650,631.820,630.050,630.780,4109.52,1774142999999,2592989.73200,9816,2476.50,1562834.39060,0
1774143000000,630.790,631.040,628.800,629.310,4346.00,1774143899999,2737185.67420,9996,1747.95,1101036.04260,0
1774143900000,629.310,630.960,629.310,630.800,2194.08,1774144799999,1382688.60660,6124,1281.82,807752.64840,0
1774144800000,630.800,632.190,630.800,631.750,3852.07,1774145699999,2432571.28890,9226,2457.54,1551894.93840,0
1774145700000,631.750,634.980,631.340,634.370,6185.58,1774146599999,3914893.62750,11615,3650.42,2310681.82410,0
1774146600000,634.380,634.500,633.020,633.480,4186.06,1774147499999,2652227.75120,9401,2337.90,1481264.76320,0
1774147500000,633.480,634.740,633.040,633.980,2809.73,1774148399999,1781373.77720,7815,1493.71,946977.38110,0
1774148400000,633.970,633.980,632.520,633.330,2707.69,1774149299999,1714227.95300,7054,830.66,525963.52960,0
1774149300000,633.340,636.420,633.170,635.530,6156.48,1774150199999,3910897.97870,10091,4310.71,2738634.36170,0
1774150200000,635.520,637.510,633.690,634.720,19463.44,1774151099999,12363275.18580,16768,9215.72,5853289.28960,0
1774151100000,634.720,634.760,634.090,634.520,1837.77,1774151999999,1165924.85630,4604,825.41,523648.40170,0
1774152000000,634.520,636.170,634.300,635.340,13740.06,1774152899999,8733477.14400,10016,5097.27,3238223.42600,0
1774152900000,635.340,636.310,631.760,633.130,17030.32,1774153799999,10783141.55610,12929,9401.65,5951610.42420,0
1774153800000,633.130,635.330,632.830,634.490,13832.04,1774154699999,8779464.58900,9531,4679.83,2969206.10710,0
1774154700000,634.490,635.310,634.480,634.950,2298.76,1774155599999,1459482.83920,5341,1487.12,944164.08940,0
1774155600000,634.960,634.960,632.650,633.570,15748.22,1774156499999,9973700.93130,8653,10503.66,6650385.17270,0
1774156500000,633.560,634.160,633.120,633.590,4637.20,1774157399999,2938113.89520,7243,3291.12,2085284.28240,0
1774157400000,633.600,634.180,633.420,633.480,2245.74,1774158299999,1423254.69190,3989,1284.44,814062.68540,0
1774158300000,633.490,633.810,633.010,633.390,2320.21,1774159199999,1469537.15870,4636,1356.39,859068.89330,0
1774159200000,633.400,633.420,632.370,632.430,3807.36,1774160099999,2408830.55790,6330,2231.10,1411520.66670,0
1774160100000,632.430,633.200,632.070,633.200,1760.77,1774160999999,1113788.97160,4431,820.23,518888.68800,0
1774161000000,633.210,633.550,632.780,633.410,1463.54,1774161899999,926713.19000,3890,768.85,486804.60000,0
1774161900000,633.410,633.980,633.010,633.360,3191.24,1774162799999,2021555.35720,4955,1670.68,1058353.77690,0
1774162800000,633.350,634.370,632.950,633.260,5176.71,1774163699999,3280090.63210,8528,2547.46,1614230.41300,0
1774163700000,633.270,634.190,633.260,633.960,1158.69,1774164599999,734281.79770,3144,776.21,491847.14420,0
1774164600000,633.970,633.970,632.080,632.530,4172.13,1774165499999,2640232.80950,7687,1667.23,1055025.99640,0
1774165500000,632.530,633.100,631.550,631.770,4202.43,1774166399999,2656913.21620,7513,1865.05,1179411.94050,0
1774166400000,631.780,631.840,630.090,631.070,6280.67,1774167299999,3961584.06460,11643,2312.19,1458313.27960,0
1774167300000,631.080,631.080,628.450,629.160,8247.88,1774168199999,5193468.73660,13455,3496.08,2201540.38650,0
1774168200000,629.160,630.420,628.900,630.040,6206.58,1774169099999,3908650.89750,8796,3638.98,2291606.16990,0
1774169100000,630.040,630.700,629.840,630.390,2497.27,1774169999999,1573866.87950,4983,1325.57,835444.25050,0
1774170000000,630.400,631.270,630.220,631.140,2464.09,1774170899999,1554413.01640,5650,1154.63,728390.30980,0
1774170900000,631.140,631.430,629.450,629.740,3971.28,1774171799999,2503609.71030,7045,1605.72,1012556.65890,0
1774171800000,629.750,630.750,629.710,630.670,1577.88,1774172699999,994475.65410,4614,842.46,530971.78020,0
1774172700000,630.660,630.980,630.360,630.680,1082.41,1774173599999,682666.41640,3358,530.64,334662.32660,0
1774173600000,630.680,631.100,629.870,630.170,1941.21,1774174499999,1223691.81850,4762,1012.72,638461.29690,0
1774174500000,630.160,630.330,629.500,629.960,2271.36,1774175399999,1430929.46560,4424,784.29,494096.51290,0
1774175400000,629.960,630.290,628.830,629.180,3309.80,1774176299999,2083614.41100,5441,883.63,556126.00930,0
1774176300000,629.180,629.670,628.940,629.250,1725.83,1774177199999,1086116.10440,3904,840.37,528875.77720,0
1774177200000,629.250,629.700,628.760,629.060,2170.50,1774178099999,1365744.46630,5538,1204.35,757788.48190,0
1774178100000,629.070,629.580,627.770,628.180,4628.96,1774178999999,2908717.27980,7955,1582.30,994348.15170,0
1774179000000,628.180,629.000,627.130,628.560,3649.09,1774179899999,2291945.20640,7651,1267.68,796390.33400,0
1774179900000,628.560,628.710,627.260,627.500,4180.02,1774180799999,2624040.07280,7422,1375.21,863361.91260,0
1774180800000,627.500,628.400,627.490,628.190,3441.57,1774181699999,2161092.37470,7140,1149.06,721564.22970,0
1774181700000,628.200,630.630,628.090,629.990,4711.60,1774182599999,2965455.69070,7943,2742.20,1725888.62690,0
1774182600000,630.000,630.110,629.580,629.690,2396.08,1774183499999,1509116.67110,4626,920.88,580009.32820,0
1774183500000,629.680,629.990,628.640,629.150,3242.50,1774184399999,2040699.35640,5317,1102.16,693705.69220,0
1774184400000,629.150,631.370,629.150,630.990,4254.70,1774185299999,2683352.93360,9225,2450.07,1545036.36370,0
1774185300000,631.000,631.100,629.670,630.030,2855.88,1774186199999,1800574.14330,5153,964.42,608036.75870,0
1774186200000,630.020,630.720,628.610,629.160,3089.37,1774187099999,1944865.13780,6285,1189.59,748945.92240,0
1774187100000,629.150,630.140,628.640,629.860,2667.86,1774187999999,1678768.10300,4800,1255.83,790297.43050,0
1774188000000,629.850,630.360,628.370,630.020,3268.30,1774188899999,2056706.21820,7995,1260.27,793133.79340,0
1774188900000,630.000,631.410,629.910,630.560,2198.64,1774189799999,1386429.86670,5460,1216.56,767174.30550,0
1774189800000,630.560,630.900,630.050,630.470,1812.29,1774190699999,1142586.87170,4435,865.09,545412.95620,0
1774190700000,630.470,630.470,629.300,629.620,1585.18,1774191599999,998264.97360,3614,671.03,422564.09230,0
1774191600000,629.620,631.090,629.610,630.900,3294.92,1774192499999,2077874.01180,6005,1878.26,1184461.76960,0
1774192500000,630.900,631.360,629.850,630.140,3240.90,1774193399999,2043655.13510,6327,1219.95,769377.13090,0
1774193400000,630.140,630.340,628.950,629.250,3206.85,1774194299999,2018726.94700,4443,1394.55,877855.67320,0
1774194300000,629.250,629.530,628.870,629.400,1895.32,1774195199999,1192476.74270,3935,1105.15,695318.57250,0
1774195200000,629.390,629.780,629.040,629.470,1937.58,1774196099999,1219392.26540,5404,973.63,612770.82580,0
1774196100000,629.460,629.830,629.150,629.400,1756.44,1774196999999,1105557.02560,4382,927.05,583481.42430,0
1774197000000,629.400,630.140,629.100,629.600,8838.31,1774197899999,5563852.86160,6539,6747.83,4247698.09090,0
1774197900000,629.600,630.550,629.600,630.250,2637.48,1774198799999,1661739.81630,4220,1596.66,1005895.38010,0
1774198800000,630.240,631.100,629.610,631.100,3208.70,1774199699999,2023515.04750,5509,1922.08,1212195.94370,0
1774199700000,631.100,631.890,630.410,630.660,8521.81,1774200599999,5379139.40340,9689,4355.11,2748880.90960,0
1774200600000,630.670,631.290,630.140,630.850,5208.02,1774201499999,3284953.21880,7245,2324.66,1466256.13270,0
1774201500000,630.840,631.250,630.230,630.420,2805.60,1774202399999,1769914.61750,4853,1680.03,1059876.75430,0
1774202400000,630.410,630.640,629.340,630.400,5204.52,1774203299999,3278375.50530,8271,2310.13,1455167.98960,0
1774203300000,630.410,630.750,629.680,630.580,2863.48,1774204199999,1804579.60900,4940,1761.40,1110020.96150,0
1774204200000,630.590,631.200,627.330,628.750,8089.93,1774205099999,5087892.81160,13508,3584.54,2254698.86940,0
1774205100000,628.740,629.390,628.500,629.300,3175.73,1774205999999,1997534.18430,6082,1513.47,952023.32120,0
1774206000000,629.290,629.290,626.720,627.050,5882.99,1774206899999,3693317.30290,10621,2564.87,1610236.68160,0
1774206900000,627.040,627.460,626.430,626.950,5353.34,1774207799999,3356469.05620,7722,2549.52,1598570.93910,0
1774207800000,626.960,628.310,626.100,627.950,5191.97,1774208699999,3255310.46600,8181,2496.96,1565831.04120,0
1774208700000,627.940,628.180,626.790,627.140,2037.88,1774209599999,1278373.71200,5465,934.65,586264.76300,0
1774209600000,627.140,628.270,627.140,628.260,2595.88,1774210499999,1629523.16390,6970,1373.48,862247.41450,0
1774210500000,628.250,629.660,628.220,628.840,2905.95,1774211399999,1827932.52000,5848,1725.49,1085431.69020,0
1774211400000,628.840,629.170,627.850,628.750,1759.87,1774212299999,1106144.43920,5260,824.43,518226.10240,0
1774212300000,628.740,628.740,627.350,627.730,2511.57,1774213199999,1577255.41390,5558,1368.56,859462.49810,0
1774213200000,627.730,628.320,622.920,624.120,15950.25,1774214099999,9964190.69690,24199,6434.02,4019457.51750,0
1774214100000,624.120,625.490,621.560,625.250,10303.62,1774214999999,6420305.31810,17949,5217.75,3252186.63070,0
1774215000000,625.240,626.290,623.840,625.460,5009.45,1774215899999,3131396.63920,9245,2379.97,1487819.69870,0
1774215900000,625.460,625.640,624.550,625.580,2497.85,1774216799999,1561363.47660,5697,1526.83,954462.45680,0
1774216800000,625.580,626.900,622.530,624.870,10998.37,1774217699999,6871487.16710,22710,5717.81,3572868.94460,0
1774217700000,624.870,629.300,624.620,628.380,5386.63,1774218599999,3379731.45070,13563,2966.53,1861165.88340,0
1774218600000,628.380,629.000,627.790,628.030,2756.85,1774219499999,1732429.96530,8212,1139.61,716151.31150,0
1774219500000,628.030,629.730,628.030,629.580,2464.23,1774220399999,1550435.89230,6442,1671.66,1051808.96310,0
1774220400000,629.580,631.010,628.920,629.740,4715.83,1774221299999,2970639.20290,10943,2713.59,1709589.84760,0
1774221300000,629.750,630.010,628.100,628.100,4400.46,1774222199999,2767938.26650,8324,1933.30,1216278.88690,0
1774222200000,628.100,628.400,627.030,627.440,3365.18,1774223099999,2112140.61680,7469,1254.55,787345.73560,0
1774223100000,627.450,627.600,625.760,626.080,3772.10,1774223999999,2362986.93920,7646,1817.90,1138611.94390,0
1774224000000,626.080,627.760,625.230,626.490,6592.44,1774224899999,4130558.16880,14050,3433.52,2151254.11230,0
1774224900000,626.490,626.790,625.450,625.700,4431.10,1774225799999,2773749.20970,11014,2010.25,1258357.51740,0
1774225800000,625.690,625.710,621.750,623.760,8750.29,1774226699999,5455170.23690,19178,3697.97,2305161.80950,0
1774226700000,623.770,625.580,623.730,624.500,5059.17,1774227599999,3160049.52660,12487,2888.09,1803874.16480,0
1774227600000,624.490,626.500,623.240,625.420,7386.02,1774228499999,4614949.28350,15712,3740.61,2338054.56530,0
1774228500000,625.430,627.810,625.410,627.550,5373.25,1774229399999,3368133.94770,11031,2805.75,1758925.35060,0
1774229400000,627.560,627.720,626.190,626.620,3168.52,1774230299999,1986621.53150,10018,1357.09,850867.41180,0
1774230300000,626.630,627.600,625.920,626.090,8132.24,1774231199999,5096625.78180,12128,4598.51,2881784.45740,0
1774231200000,626.090,627.460,625.150,625.310,3401.98,1774232099999,2130656.41920,9933,1622.14,1016017.34180,0
1774232100000,625.300,629.990,625.160,629.600,5365.28,1774232999999,3368751.45180,11042,2860.27,1796057.34370,0
1774233000000,629.600,629.730,628.290,628.290,2865.62,1774233899999,1802960.94090,8050,1257.56,791245.72330,0
1774233900000,628.290,628.620,627.480,628.470,1864.30,1774234799999,1170906.01430,5660,795.62,499721.46130,0
1774234800000,628.480,630.540,628.330,628.490,5358.98,1774235699999,3373859.89420,12442,2680.47,1687599.42830,0
1774235700000,628.490,628.970,627.640,627.820,1795.86,1774236599999,1128180.77550,5888,889.22,558649.15660,0
1774236600000,627.820,628.040,626.770,627.290,1532.16,1774237499999,961305.83810,5469,750.09,470640.59170,0
1774237500000,627.290,627.390,626.140,626.240,1917.85,1774238399999,1201782.32960,4829,894.45,560538.55920,0
1774238400000,626.250,627.150,626.220,626.640,1811.09,1774239299999,1135023.66440,6188,786.61,492956.05740,0
1774239300000,626.640,627.340,626.500,627.090,1787.05,1774240199999,1120338.15320,4854,921.63,577817.99150,0
1774240200000,627.100,628.100,626.880,627.110,2591.20,1774241099999,1626049.71770,5798,1357.38,851865.96280,0
1774241100000,627.120,629.690,627.080,629.260,5513.89,1774241999999,3466373.08040,8292,4260.37,2678324.17040,0
1774242000000,629.260,631.370,629.250,631.300,6404.29,1774242899999,4037335.80110,12670,3408.30,2148567.51310,0
1774242900000,631.300,631.550,630.120,630.300,2596.09,1774243799999,1637519.84260,7719,929.47,586336.22550,0
1774243800000,630.300,631.340,629.570,629.630,3327.95,1774244699999,2097455.94520,7860,1417.47,893433.38230,0
1774244700000,629.640,631.790,629.410,631.530,4299.01,1774245599999,2711224.31490,7734,2414.52,1523054.64110,0
1774245600000,631.540,631.550,628.540,628.880,4406.02,1774246499999,2775348.24300,9090,1917.54,1207747.57740,0
1774246500000,628.890,629.400,628.000,628.470,3892.95,1774247399999,2447291.86310,7778,2010.58,1263889.76800,0
1774247400000,628.480,628.550,621.430,622.170,16145.46,1774248299999,10080327.42930,23388,7147.30,4462475.01640,0
1774248300000,622.160,622.750,620.830,622.570,9826.33,1774249199999,6109908.22680,18187,5359.49,3332371.98480,0
1774249200000,622.570,622.700,620.000,622.210,12765.63,1774250099999,7931841.14630,21197,6490.30,4033176.99690,0
1774250100000,622.210,622.670,620.000,621.360,5443.24,1774250999999,3381654.33930,13552,3011.18,1870794.50910,0
1774251000000,621.360,625.080,620.940,624.930,6899.56,1774251899999,4303160.10590,14998,3946.46,2461118.37270,0
1774251900000,624.940,625.280,623.570,623.950,4194.83,1774252799999,2620310.54710,9647,1648.63,1029807.67010,0
1774252800000,623.960,625.730,623.730,625.640,5050.94,1774253699999,3154474.74010,12649,2859.75,1786124.01330,0
1774253700000,625.650,626.000,624.240,624.380,4223.34,1774254599999,2639383.69110,9820,1534.18,958924.51420,0
1774254600000,624.370,625.400,624.010,624.590,2552.20,1774255499999,1594613.55740,8069,1269.38,793145.91460,0
1774255500000,624.600,624.930,623.090,623.960,5463.68,1774256399999,3409840.84030,11163,2961.22,1848114.28340,0
1774256400000,623.970,624.310,622.800,623.640,5407.66,1774257299999,3371306.11800,13750,3369.03,2100436.11500,0
1774257300000,623.640,625.490,623.620,624.480,5270.57,1774258199999,3291282.44220,9950,2445.93,1527159.23210,0
1774258200000,624.470,624.470,621.070,623.470,8571.98,1774259099999,5338573.24080,13660,4348.98,2709114.54690,0
1774259100000,623.470,625.800,623.460,625.490,4522.36,1774259999999,2825107.73650,7283,2584.21,1614238.78640,0
1774260000000,625.480,627.790,624.960,626.880,8655.15,1774260899999,5420931.98530,14469,3800.50,2380934.49570,0
1774260900000,626.880,627.190,625.500,625.870,3077.54,1774261799999,1927530.17410,6645,1194.85,748438.74620,0
1774261800000,625.860,625.860,624.790,625.230,1946.48,1774262699999,1217002.34410,5456,808.64,505575.57710,0
1774262700000,625.230,626.460,624.630,626.250,2998.06,1774263599999,1875747.13680,6753,1542.57,965207.60800,0
1774263600000,626.250,650.680,626.250,647.220,171829.17,1774264499999,110586051.25150,166331,93886.73,60405777.15940,0
1774264500000,647.240,650.530,642.700,645.930,66705.12,1774265399999,43171211.01660,86135,36545.45,23660204.70220,0
1774265400000,645.930,648.580,642.040,642.930,22039.60,1774266299999,14211728.82630,36819,9739.18,6281846.59170,0
1774266300000,642.950,643.250,637.600,638.170,24502.75,1774267199999,15683682.50040,37462,10770.62,6895182.50300,0
1774267200000,638.160,640.350,635.520,639.350,21576.82,1774268099999,13764772.09400,42623,11821.56,7543292.83320,0
1774268100000,639.350,642.440,639.100,641.340,9889.21,1774268999999,6338850.53570,21995,6261.73,4013215.16090,0
1774269000000,641.340,645.430,640.550,644.760,11931.85,1774269899999,7674475.81660,24858,6738.05,4334264.47580,0
1774269900000,644.770,645.510,643.630,644.910,8746.01,1774270799999,5637800.43890,18149,4743.41,3057561.45800,0
1774270800000,644.920,646.310,644.000,644.220,8881.39,1774271699999,5728314.25240,19047,4357.42,2810823.73600,0
1774271700000,644.220,645.510,643.470,643.680,5907.51,1774272599999,3806856.26100,13244,2623.17,1690447.97540,0
1774272600000,643.670,648.480,642.640,646.780,14585.21,1774273499999,9413724.76560,32951,8379.10,5409736.05950,0
1774273500000,646.780,649.430,645.720,647.660,19191.83,1774274399999,12419016.68920,30922,8428.47,5455075.48740,0
1774274400000,647.660,649.400,646.030,647.160,18254.32,1774275299999,11826326.10160,32004,11073.38,7175181.03460,0
1774275300000,647.160,648.500,645.920,646.460,10200.72,1774276199999,6602087.92350,21159,5576.86,3610024.31220,0
1774276200000,646.460,647.100,645.010,646.200,8839.67,1774277099999,5709971.12430,19686,3988.28,2576482.63040,0
1774277100000,646.210,646.860,644.310,646.270,8587.02,1774277999999,5543705.80480,16564,4053.51,2616900.13240,0
1774278000000,646.270,647.790,644.960,645.070,9187.64,1774278899999,5939292.61500,18492,4316.52,2790756.41880,0
1774278900000,645.060,645.300,642.670,643.440,25034.89,1774279799999,16127698.16180,22254,11177.55,7197634.03270,0
1774279800000,643.440,643.690,639.440,640.160,16377.12,1774280699999,10506378.33530,21565,7374.72,4731764.33380,0
1774280700000,640.200,641.310,636.750,637.350,21833.34,1774281599999,13944216.79470,28815,11469.52,7325781.36260,0
1774281600000,637.350,639.080,636.690,638.740,14830.19,1774282499999,9457185.81620,23420,5875.34,3747110.91630,0
1774282500000,638.730,639.060,634.740,634.950,16313.18,1774283399999,10376490.06090,24816,6879.84,4375687.58590,0
1774283400000,634.940,636.310,633.880,635.250,10070.48,1774284299999,6394377.15390,18610,5057.70,3211398.91320,0
1774284300000,635.250,637.500,635.010,635.890,13824.08,1774285199999,8795756.49520,18015,7703.08,4901494.56590,0
1774285200000,635.890,637.010,635.390,635.540,11444.87,1774286099999,7280836.02750,16998,6816.08,4336933.39070,0
1774286100000,635.540,635.810,632.840,633.140,12551.07,1774286999999,7956005.66660,17793,5339.01,3384251.96330,0
1774287000000,633.140,637.590,632.990,636.310,19732.36,1774287899999,12544276.88560,22690,11337.85,7208535.36610,0
1774287900000,636.310,638.430,636.230,638.210,8023.67,1774288799999,5116383.50890,10459,4845.27,3089658.97250,0
1774288800000,638.210,638.550,636.290,636.940,5300.71,1774289699999,3378503.81650,11301,2674.42,1704746.67820,0
1774289700000,636.950,637.790,636.810,637.210,3429.52,1774290599999,2185710.02540,6741,1758.63,1120748.60970,0
1774290600000,637.210,639.360,637.210,638.430,5691.74,1774291499999,3633980.60970,9953,3267.61,2086130.64640,0
1774291500000,638.430,639.940,638.370,639.710,6088.51,1774292399999,3892344.63570,10541,3309.04,2115584.21000,0
1774292400000,639.700,640.930,638.650,639.100,6700.62,1774293299999,4285963.40430,12406,3556.96,2275378.50440,0
1774293300000,639.090,639.800,638.600,639.420,2116.78,1774294199999,1352882.63020,5948,1295.44,827934.98720,0
1774294200000,639.410,639.570,638.510,638.730,1864.47,1774295099999,1191367.19300,4521,888.26,567557.91260,0
1774295100000,638.730,639.330,637.370,637.860,3971.33,1774295999999,2534259.77790,7102,2117.86,1351606.28540,0
1774296000000,637.850,638.300,636.670,638.030,4337.00,1774296899999,2764261.82270,8018,2019.47,1287140.95810,0
1774296900000,638.020,638.630,637.900,638.270,1442.96,1774297799999,920984.72560,3934,767.44,489830.83300,0
1774297800000,638.260,639.920,638.240,639.850,2523.40,1774298699999,1612812.10800,4901,1833.98,1172122.72480,0
1774298700000,639.840,639.940,639.050,639.490,1395.37,1774299599999,892374.92780,3196,614.70,393107.60340,0
1774299600000,639.490,640.260,639.450,639.520,3281.70,1774300499999,2099686.34950,5319,2083.11,1332884.50910,0
1774300500000,639.520,640.040,639.480,639.610,905.06,1774301399999,579003.11850,3390,473.94,303192.81530,0
1774301400000,639.610,640.880,639.610,640.430,2604.97,1774302299999,1667988.11710,4574,1740.49,1114378.22340,0
1774302300000,640.430,641.420,639.610,639.910,4168.97,1774303199999,2670937.95110,5434,2108.74,1350901.34460,0
1774303200000,639.910,640.110,638.000,638.730,6093.53,1774304099999,3894174.28080,10772,2175.89,1390327.91020,0
1774304100000,638.730,639.120,638.000,638.410,1774.04,1774304999999,1132841.83730,4272,876.75,559847.55060,0
1774305000000,638.410,638.700,637.400,638.480,2926.86,1774305899999,1867472.40200,6587,1283.77,819120.13470,0
1774305900000,638.490,639.170,638.230,638.750,3320.55,1774306799999,2120817.82740,4434,1503.99,960454.78300,0
1774306800000,638.760,638.820,636.970,637.440,2944.43,1774307699999,1877883.82120,6799,1423.12,907637.75870,0
1774307700000,637.440,638.170,636.400,638.000,3352.20,1774308599999,2136024.23150,5690,1793.27,1142692.36660,0
1774308600000,638.000,638.720,637.320,638.450,1748.02,1774309499999,1115215.11170,4594,1107.68,706668.22430,0
1774309500000,638.450,639.500,637.570,639.300,2999.00,1774310399999,1915155.51610,5831,1913.45,1221990.48270,0
1774310400000,639.300,640.390,638.470,638.570,5994.53,1774311299999,3833443.97870,11474,3168.21,2026150.99820,0
1774311300000,638.560,638.710,637.390,637.730,4366.41,1774312199999,2785826.83980,8182,1848.69,1179409.05330,0
1774312200000,637.730,637.910,634.850,636.370,7399.35,1774313099999,4709330.54530,13334,3089.08,1965875.70940,0
1774313100000,636.360,638.030,636.340,636.770,3262.62,1774313999999,2078877.35610,6947,1659.50,1057401.80010,0
1774314000000,636.770,637.110,635.470,635.540,3969.41,1774314899999,2525788.80810,9466,1996.40,1270491.19650,0
1774314900000,635.530,636.930,634.810,636.510,5839.90,1774315799999,3712073.45370,9102,2036.59,1294965.91120,0
1774315800000,636.500,636.620,632.540,633.250,7610.47,1774316699999,4827289.41470,12968,3387.67,2149074.60630,0
1774316700000,633.250,634.740,632.720,633.700,5876.12,1774317599999,3724412.20240,11008,3133.57,1986108.16720,0
1774317600000,633.710,635.500,632.570,632.730,6295.43,1774318499999,3989882.57030,12712,2885.67,1828982.85450,0
1774318500000,632.730,633.680,632.060,633.050,3836.02,1774319399999,2426897.30700,8695,1821.56,1152465.57650,0
1774319400000,633.050,634.270,632.010,633.510,4009.72,1774320299999,2539218.25570,9263,1922.87,1217847.72790,0
1774320300000,633.510,634.050,632.530,632.840,3518.19,1774321199999,2228263.65980,6486,1047.83,663622.88550,0
1774321200000,632.840,633.250,632.390,632.690,3348.88,1774322099999,2119193.33070,7070,1898.62,1201479.08060,0
1774322100000,632.700,633.560,632.540,633.180,1809.74,1774322999999,1145647.58630,5256,760.87,481666.58040,0
1774323000000,633.190,633.320,632.340,633.070,2344.39,1774323899999,1483681.04610,6254,1025.78,649185.36020,0
1774323900000,633.060,633.370,632.390,632.700,2270.22,1774324799999,1436823.14490,5167,924.01,584770.34190,0
1774324800000,632.700,634.000,632.170,632.420,6466.90,1774325699999,4092726.41760,10293,2956.75,1871340.89280,0
1774325700000,632.420,632.420,630.710,631.040,6498.69,1774326599999,4103636.59170,8628,1786.26,1127849.00320,0
1774326600000,631.040,631.070,629.190,629.550,6464.76,1774327499999,4071654.96990,9802,1940.83,1222146.74930,0
1774327500000,629.560,630.210,628.800,629.320,4036.55,1774328399999,2540882.07250,8044,1601.95,1008502.40570,0
1774328400000,629.330,629.380,627.130,627.470,11117.57,1774329299999,6981071.54250,12124,2221.55,1394738.61040,0
1774329300000,627.470,629.200,627.340,627.630,3830.50,1774330199999,2405808.69100,9517,1907.44,1198060.59330,0
1774330200000,627.630,629.500,627.480,628.930,3269.80,1774331099999,2055026.57960,7458,2094.64,1316384.18820,0
1774331100000,628.940,629.660,628.930,629.240,2116.34,1774331999999,1331761.02300,5432,1251.41,787519.94200,0
1774332000000,629.240,630.140,628.940,629.600,3371.40,1774332899999,2122711.43270,7921,2236.79,1408399.66490,0
1774332900000,629.600,630.480,629.020,629.770,2817.45,1774333799999,1774017.99180,7096,1461.29,920163.13560,0
1774333800000,629.780,630.730,629.730,629.870,2862.99,1774334699999,1804330.23210,6674,1416.38,892623.48060,0
1774334700000,629.870,631.260,629.710,630.940,3234.92,1774335599999,2039541.55020,6792,2063.69,1301205.28640,0
1774335600000,630.950,635.000,630.730,634.210,9384.80,1774336499999,5943578.36900,17173,5791.25,3667267.25840,0
1774336500000,634.210,635.430,633.870,635.170,5716.18,1774337399999,3627916.57260,11201,3219.68,2043463.20710,0
1774337400000,635.170,635.680,634.250,635.230,4182.54,1774338299999,2655626.32450,8852,1945.02,1235059.75080,0
1774338300000,635.230,638.570,634.660,637.920,7740.93,1774339199999,4929372.07530,13035,4844.98,3085284.67430,0
1774339200000,637.900,638.500,637.080,637.120,6571.63,1774340099999,4191661.98030,14147,3143.64,2005351.13340,0
1774340100000,637.130,637.130,634.780,635.070,6472.64,1774340999999,4114395.41980,11120,1917.40,1218836.01530,0
1774341000000,635.070,635.990,634.820,635.860,2785.83,1774341899999,1770130.05400,7263,1625.07,1032588.32680,0
1774341900000,635.870,635.980,634.330,634.790,3281.67,1774342799999,2084071.92710,7627,1511.66,959987.27830,0
1774342800000,634.800,635.180,634.030,634.030,2741.48,1774343699999,1740047.33330,7211,1406.60,892877.75730,0
1774343700000,634.040,635.780,633.920,635.400,3227.56,1774344599999,2049465.60360,5970,1465.91,930855.54410,0
1774344600000,635.390,637.280,635.090,637.240,3833.83,1774345499999,2439455.45840,7368,2806.25,1785687.13690,0
1774345500000,637.240,638.830,637.040,638.480,6653.51,1774346399999,4244675.51770,9548,4052.27,2585205.41880,0
1774346400000,638.490,638.570,637.260,637.800,3239.17,1774347299999,2065927.03710,6986,1355.57,864537.07670,0
1774347300000,637.810,638.000,636.360,636.890,5990.41,1774348199999,3816281.52610,7201,1933.16,1231559.57880,0
1774348200000,636.880,638.270,636.620,638.270,2654.70,1774349099999,1692441.61180,6642,1636.85,1043685.78460,0
1774349100000,638.260,638.320,637.350,637.960,2241.78,1774349999999,1429705.81730,5512,805.93,514007.03430,0
1774350000000,637.960,638.180,636.310,637.220,4653.40,1774350899999,2965451.13220,9789,2292.25,1460788.57630,0
1774350900000,637.230,637.230,635.870,636.770,2551.86,1774351799999,1624020.50920,6676,1225.40,779859.20150,0
1774351800000,636.770,639.930,636.600,639.350,6915.52,1774352699999,4416409.80540,11552,4382.09,2798510.17500,0
1774352700000,639.350,639.650,637.460,638.870,3857.41,1774353599999,2463849.33160,8761,1807.55,1154474.43240,0
1774353600000,638.860,639.350,637.940,638.860,3094.96,1774354499999,1976215.57270,8096,1449.82,925757.19830,0
1774354500000,638.860,639.210,638.240,638.630,2094.08,1774355399999,1337506.33990,6111,921.66,588668.37610,0
1774355400000,638.630,638.630,636.550,637.150,2985.62,1774356299999,1902288.23620,8341,1094.93,697587.16030,0
1774356300000,637.140,638.330,637.090,637.440,1601.31,1774357199999,1020910.98970,5703,712.81,454438.36510,0
1774357200000,637.430,638.180,635.890,637.560,4791.86,1774358099999,3052739.03310,11390,2461.10,1568020.31170,0
1774358100000,637.550,637.880,635.520,635.790,6505.91,1774358999999,4139576.56260,10815,2602.46,1655849.28290,0
1774359000000,635.800,636.720,632.640,632.840,18637.52,1774359899999,11823565.01320,26632,8650.26,5488241.38150,0
1774359900000,632.840,634.040,631.100,632.190,14616.39,1774360799999,9244601.20310,23731,6385.12,4039159.99320,0
1774360800000,632.200,634.340,629.570,630.270,15739.36,1774361699999,9942809.24920,22858,8613.91,5441918.73890,0
1774361700000,630.270,631.690,629.270,631.200,10315.61,1774362599999,6502928.30880,17522,5514.30,3476477.51120,0
1774362600000,631.200,631.740,629.140,629.970,8466.81,1774363499999,5337882.87430,15881,3113.25,1962723.08350,0
1774363500000,629.980,631.650,627.100,629.860,20588.55,1774364399999,12957371.10460,33722,9406.03,5920786.43780,0
1774364400000,629.870,631.430,629.670,630.990,12436.01,1774365299999,7841213.20820,18393,8991.27,5669402.54300,0
1774365300000,630.990,632.720,630.640,631.400,6360.15,1774366199999,4018276.70610,13702,3428.97,2166441.54580,0
1774366200000,631.410,633.200,630.100,632.390,5584.58,1774367099999,3528964.98020,10808,3057.50,1932063.19340,0
1774367100000,632.390,632.670,630.620,630.860,3927.44,1774367999999,2481114.66980,7934,1659.96,1048663.01100,0
1774368000000,630.850,631.610,630.290,631.550,6889.47,1774368899999,4345188.19230,11405,3161.44,1993930.95050,0
1774368900000,631.540,631.950,629.720,630.590,5199.02,1774369799999,3280515.25860,9246,2648.19,1671603.52180,0
1774369800000,630.590,630.980,627.920,629.440,7394.16,1774370699999,4652562.22480,12758,2944.53,1852932.38040,0
1774370700000,629.450,629.860,628.620,629.140,3914.53,1774371599999,2463065.59410,7449,2341.47,1473182.52040,0
1774371600000,629.150,629.590,626.660,628.090,11301.13,1774372499999,7093755.88510,18648,4662.48,2927367.38300,0
1774372500000,628.090,628.850,627.840,628.480,5496.46,1774373399999,3453686.03930,11871,2730.11,1715569.21370,0
1774373400000,628.480,629.280,626.900,627.060,4858.32,1774374299999,3052005.24220,11277,2327.28,1462260.12040,0
1774374300000,627.050,629.000,627.050,628.710,4926.69,1774375199999,3094393.11630,12068,2792.13,1753878.20140,0
1774375200000,628.710,629.760,628.650,629.180,5876.29,1774376099999,3697224.37650,11158,2641.77,1662120.79640,0
1774376100000,629.180,630.080,628.440,629.980,3139.91,1774376999999,1976021.75310,7997,1507.24,948818.91110,0
1774377000000,629.990,632.380,629.910,630.780,5971.29,1774377899999,3769219.84880,10437,3468.16,2189193.83680,0
1774377900000,630.780,631.420,630.330,630.580,1864.70,1774378799999,1176274.70510,4755,929.99,586600.26920,0
1774378800000,630.570,631.940,630.550,631.730,4771.99,1774379699999,3012053.22970,7730,1832.45,1156676.75280,0
1774379700000,631.730,632.000,631.000,631.130,1881.10,1774380599999,1188177.39350,4137,668.51,422258.01360,0
1774380600000,631.120,631.280,630.210,630.410,2112.24,1774381499999,1331955.09580,5519,761.36,480124.36940,0
1774381500000,630.400,630.400,629.410,630.110,2697.77,1774382399999,1699163.73620,5528,1165.78,734214.71870,0
1774382400000,630.100,630.490,629.630,630.450,3267.42,1774383299999,2058502.07300,5773,1515.16,954590.57240,0
1774383300000,630.450,637.030,630.430,634.940,15720.75,1774384199999,9972514.40560,21626,8863.67,5622130.61830,0
1774384200000,634.940,637.000,634.940,636.280,6734.46,1774385099999,4283068.38800,13438,3720.09,2365810.18720,0
1774385100000,636.280,637.450,635.500,636.650,4428.93,1774385999999,2819540.73240,8628,2428.27,1545850.73640,0
1774386000000,636.650,637.290,635.470,635.690,4112.57,1774386899999,2617372.17740,7289,1294.70,823993.99700,0
1774386900000,635.690,636.110,635.010,635.950,2364.17,1774387799999,1502517.83720,4389,1110.09,705485.98480,0
1774387800000,635.950,637.620,635.720,636.930,2679.59,1774388699999,1705721.47470,5863,1395.56,888346.84960,0
1774388700000,636.930,637.530,636.430,637.530,1444.83,1774389599999,920433.68360,4174,795.05,506497.64760,0
1774389600000,637.530,638.690,636.600,638.330,4928.62,1774390499999,3144258.48760,10687,2998.74,1913216.18320,0
1774390500000,638.320,638.320,636.150,636.370,2842.99,1774391399999,1811533.89140,6203,1084.06,690743.54080,0
1774391400000,636.370,636.910,635.700,636.470,2693.50,1774392299999,1713704.81700,5934,1169.38,744016.98090,0
1774392300000,636.460,637.080,636.210,636.660,2307.19,1774393199999,1468945.11090,4909,1137.48,724254.22520,0
1774393200000,636.660,637.970,636.260,637.740,3204.72,1774394099999,2041940.25320,7105,1770.80,1128283.36160,0
1774394100000,637.740,639.220,637.710,638.900,4928.21,1774394999999,3147256.62520,9279,2970.88,1897319.69600,0
1774395000000,638.900,639.870,638.260,638.660,5421.69,1774395899999,3465145.28540,7785,1917.17,1225778.79690,0
1774395900000,638.660,638.890,638.050,638.310,2330.57,1774396799999,1487958.35160,4660,1051.88,671579.59630,0
1774396800000,638.310,640.490,637.940,640.020,9545.97,1774397699999,6101205.61480,13717,4594.21,2936395.61130,0
1774397700000,640.020,640.100,638.880,639.000,4032.13,1774398599999,2577996.15990,6908,1548.04,989697.31430,0
1774398600000,639.000,641.540,637.390,640.790,5641.34,1774399499999,3608604.51140,10946,3234.50,2069728.85400,0
1774399500000,640.790,641.250,639.940,639.950,2213.46,1774400399999,1417814.62100,5694,842.12,539441.27210,0
1774400400000,639.950,641.200,639.630,640.060,4615.91,1774401299999,2955129.16560,8583,2670.79,1709953.87370,0
1774401300000,640.050,640.190,639.250,639.670,3741.61,1774402199999,2393285.75860,6433,1195.63,764731.16390,0
1774402200000,639.660,640.240,638.700,639.760,4465.86,1774403099999,2854930.50980,7223,1774.05,1134319.69520,0
1774403100000,639.760,639.930,638.860,638.910,1868.22,1774403999999,1194852.59260,4437,460.37,294434.87040,0
1774404000000,638.910,639.180,638.320,638.900,2829.98,1774404899999,1807860.10880,6989,1272.16,812704.10480,0
1774404900000,638.890,639.350,638.460,638.980,1571.79,1774405799999,1004289.73320,4577,726.25,464064.34830,0
1774405800000,638.970,639.880,638.510,639.880,2975.27,1774406699999,1902292.10710,5413,1859.17,1188755.48690,0
1774406700000,639.880,640.090,638.930,639.270,3670.77,1774407599999,2347481.36320,5810,2086.48,1334344.88380,0
1774407600000,639.260,640.450,638.930,639.240,5948.21,1774408499999,3805815.80240,7320,2860.95,1830720.04730,0
1774408500000,639.230,640.520,638.570,640.460,2503.78,1774409399999,1600889.57760,5345,1266.78,809982.24550,0
1774409400000,640.460,642.670,640.460,642.430,5612.67,1774410299999,3602577.72330,8115,3383.38,2171248.92200,0
1774410300000,642.440,643.020,641.960,642.210,5958.49,1774411199999,3829338.67220,7646,3486.16,2240293.09720,0
1774411200000,642.200,643.120,641.830,642.610,3124.45,1774412099999,2007819.99850,6716,1684.70,1082731.78300,0
1774412100000,642.600,642.690,641.500,641.990,3298.02,1774412999999,2117370.92550,6037,812.28,521451.45760,0
1774413000000,641.990,642.260,641.570,641.630,1766.73,1774413899999,1134085.93800,4294,808.65,519103.73970,0
1774413900000,641.630,643.180,641.520,642.750,2326.61,1774414799999,1494165.21840,4550,1230.75,790611.33620,0
1774414800000,642.750,645.880,642.300,645.380,13256.23,1774415699999,8546161.29820,17594,7828.93,5047343.57510,0
1774415700000,645.390,645.590,644.000,644.540,3226.33,1774416599999,2080038.56020,6203,1085.94,700075.44130,0
1774416600000,644.550,644.920,644.000,644.420,2087.90,1774417499999,1345435.52090,4700,736.46,474580.65480,0
1774417500000,644.420,644.430,643.530,643.850,2622.25,1774418399999,1688497.63390,4227,1077.52,693756.65610,0
1774418400000,643.840,644.510,643.740,644.330,2968.07,1774419299999,1911799.40240,5771,1631.96,1051136.44990,0
1774419300000,644.330,647.200,644.330,646.500,8502.43,1774420199999,5493829.00870,10700,5936.71,3836073.20670,0
1774420200000,646.510,646.850,645.880,646.060,3465.44,1774421099999,2239848.34550,6780,1647.62,1064937.98620,0
1774421100000,646.070,646.450,644.730,644.950,2939.26,1774421999999,1898123.07600,6063,1176.04,759556.67140,0
1774422000000,644.940,646.250,644.720,646.200,3264.71,1774422899999,2106643.10440,6174,1631.55,1052856.66540,0
1774422900000,646.200,646.230,644.560,644.560,3859.61,1774423799999,2489979.38620,5658,1228.99,792924.13130,0
1774423800000,644.570,646.060,644.420,644.420,3699.87,1774424699999,2387168.34970,6242,2190.56,1413520.01100,0
1774424700000,644.420,644.570,643.080,643.700,6979.42,1774425599999,4492753.44690,8401,2129.63,1370977.68110,0
1774425600000,643.700,644.860,643.610,643.990,7363.45,1774426499999,4743806.11470,10562,3704.21,2386597.45820,0
1774426500000,643.980,647.110,643.980,646.650,7629.84,1774427399999,4929024.50740,9566,4764.38,3077998.96350,0
1774427400000,646.660,648.830,646.600,647.970,11095.66,1774428299999,7187882.53780,15970,6280.55,4068710.89480,0
1774428300000,647.970,648.000,646.790,647.130,4378.73,1774429199999,2834346.84690,7376,1541.41,997742.32640,0
1774429200000,647.130,648.000,646.850,647.950,3927.95,1774430099999,2543179.43850,7383,1945.47,1259588.87540,0
1774430100000,647.950,649.460,647.880,648.960,8647.47,1774430999999,5610725.07710,10147,4685.32,3039917.89840,0
1774431000000,648.950,649.790,648.820,649.570,12324.46,1774431899999,8001632.90190,10867,6312.23,4098396.19900,0
1774431900000,649.570,650.150,648.360,649.230,8670.93,1774432799999,5631215.61670,12087,4011.54,2605693.49590,0
1774432800000,649.230,649.500,648.000,648.050,11969.06,1774433699999,7762654.10750,15343,6792.24,4404918.61790,0
1774433700000,648.040,648.210,647.240,647.270,5295.17,1774434599999,3429782.58730,8853,2852.53,1847700.26930,0
1774434600000,647.270,647.290,646.080,646.580,6352.72,1774435499999,4108677.13130,7849,3227.60,2087580.67600,0
1774435500000,646.580,647.700,646.570,647.100,4738.69,1774436399999,3066863.75940,6630,3079.73,1993119.23740,0
1774436400000,647.100,647.500,646.880,647.100,2310.08,1774437299999,1494990.09800,5874,1404.83,909142.99490,0
1774437300000,647.090,649.200,647.020,649.010,5535.92,1774438199999,3588430.74810,8876,3647.94,2364915.43190,0
1774438200000,649.010,651.240,648.900,649.400,11241.97,1774439099999,7308108.87480,16415,6687.04,4347291.22250,0
1774439100000,649.400,649.740,648.050,648.570,5496.26,1774439999999,3565141.88070,9307,2620.68,1699984.49200,0
1774440000000,648.570,650.580,648.570,649.870,7407.66,1774440899999,4812200.96630,9352,5191.00,3372571.45500,0
1774440900000,649.870,649.910,646.010,647.450,15040.47,1774441799999,9740487.45890,19313,8673.71,5617666.36410,0
1774441800000,647.450,648.110,645.960,647.410,6691.55,1774442699999,4329177.11550,11156,3304.07,2137936.44100,0
1774442700000,647.400,650.960,646.740,649.210,6016.56,1774443599999,3902955.38900,11453,3842.03,2492299.01580,0
1774443600000,649.210,650.000,648.430,649.730,4247.89,1774444499999,2758762.67660,9100,2382.77,1547470.81590,0
1774444500000,649.740,650.220,649.150,649.450,3097.30,1774445399999,2012161.89270,5846,1786.78,1160709.96450,0
1774445400000,649.440,653.180,649.360,651.320,11587.15,1774446299999,7552272.77130,20164,7077.54,4613020.94410,0
1774446300000,651.310,651.780,649.480,649.730,5598.75,1774447199999,3642600.57030,13411,2878.05,1872379.43700,0
1774447200000,649.730,650.540,648.090,648.610,10423.60,1774448099999,6765666.03730,17672,3662.23,2377459.78150,0
1774448100000,648.610,649.480,647.460,647.970,5916.79,1774448999999,3836456.87390,13115,2477.81,1606991.08180,0
1774449000000,647.980,648.940,647.510,647.980,3044.10,1774449899999,1973210.56930,9146,1650.20,1069745.44710,0
1774449900000,647.980,648.810,647.270,647.380,2600.02,1774450799999,1684736.99110,6407,1160.73,752312.08130,0
1774450800000,647.390,647.790,644.110,644.490,10021.24,1774451699999,6471411.81640,14928,3737.33,2414122.77020,0
1774451700000,644.490,645.550,642.000,645.460,16211.30,1774452599999,10436153.51500,20745,8215.89,5290217.24190,0
1774452600000,645.450,645.920,644.290,645.020,6197.14,1774453499999,3997374.57230,10410,2557.97,1650121.48550,0
1774453500000,645.020,646.400,644.290,645.790,6898.02,1774454399999,4451633.35530,9986,3947.84,2548198.02440,0
1774454400000,645.790,647.550,645.200,647.100,5055.78,1774455299999,3268787.20540,10570,3300.99,2134285.18910,0
1774455300000,647.100,651.360,646.650,649.320,17667.45,1774456199999,11467420.50340,19916,8320.50,5401642.63410,0
1774456200000,649.320,649.830,648.340,648.710,7482.85,1774457099999,4857956.04430,11272,3847.58,2498263.86900,0
1774457100000,648.710,648.870,647.420,647.800,6134.89,1774457999999,3976703.64370,8132,2721.38,1764084.27680,0
1774458000000,647.800,648.540,646.740,647.120,3331.17,1774458899999,2156828.52610,8466,1505.32,974727.54520,0
1774458900000,647.120,647.800,645.860,647.090,5409.40,1774459799999,3499091.34400,7472,3604.82,2331720.85530,0
1774459800000,647.080,647.210,645.780,646.130,3895.05,1774460699999,2517730.82960,7189,2200.56,1422467.10410,0
1774460700000,646.130,646.530,645.210,645.580,3381.54,1774461599999,2183505.75360,6753,1391.66,898744.51130,0
1774461600000,645.570,646.380,645.150,645.380,4225.78,1774462499999,2728529.06160,7179,2493.97,1610484.09500,0
1774462500000,645.380,646.830,645.380,645.950,3146.59,1774463399999,2033098.01750,5792,2222.12,1435784.16190,0
1774463400000,645.950,646.120,644.610,644.790,4325.75,1774464299999,2790383.97710,4645,1047.86,675991.77920,0
1774464300000,644.790,645.540,644.260,645.520,2797.10,1774465199999,1803925.70950,5606,1613.99,1040942.09730,0
1774465200000,645.510,647.230,645.250,646.760,5346.36,1774466099999,3455985.32090,8657,2788.58,1802433.99040,0
1774466100000,646.760,647.270,646.470,646.860,1601.38,1774466999999,1035751.82980,4613,808.39,522864.81070,0
1774467000000,646.860,647.500,645.880,646.400,1638.03,1774467899999,1059280.22650,4867,846.91,547764.24660,0
1774467900000,646.410,646.960,645.260,646.270,1772.69,1774468799999,1145080.89360,4824,634.91,410164.51900,0
1774468800000,646.280,646.330,644.560,644.890,3585.82,1774469699999,2313446.39630,6271,1216.70,784926.19350,0
1774469700000,644.890,645.380,644.280,644.860,1834.93,1774470599999,1183279.99670,3902,1012.78,653169.29220,0
1774470600000,644.860,646.000,644.480,646.000,1421.51,1774471499999,917058.22670,3376,1004.31,647901.73700,0
1774471500000,646.000,646.990,645.850,646.900,2051.38,1774472399999,1326137.61160,3491,1164.58,752843.86000,0
1774472400000,646.910,648.880,646.600,648.050,3927.46,1774473299999,2543816.71160,6045,2346.20,1519472.30200,0
1774473300000,648.050,648.200,646.720,646.960,3251.32,1774474199999,2104495.55500,4540,1183.35,765959.71450,0
1774474200000,646.960,647.770,646.420,647.410,2621.68,1774475099999,1696539.48370,4074,999.62,646876.91060,0
1774475100000,647.410,647.640,646.900,647.360,943.39,1774475999999,610587.90650,2786,471.89,305423.39050,0
1774476000000,647.360,648.260,646.350,646.420,2941.58,1774476899999,1903691.52420,6814,972.14,629168.77360,0
1774476900000,646.410,646.780,646.000,646.700,1260.57,1774477799999,814881.46570,3791,559.34,361594.52720,0
1774477800000,646.690,650.440,646.680,649.020,6423.35,1774478699999,4166928.63150,11266,3869.74,2510321.66810,0
1774478700000,649.030,649.530,648.730,649.170,1649.81,1774479599999,1070834.40150,4575,740.15,480413.79110,0
1774479600000,649.170,649.240,648.320,648.470,2747.31,1774480499999,1782163.11660,4638,1656.92,1074597.70180,0
1774480500000,648.460,648.700,647.770,647.910,1635.21,1774481399999,1059829.78240,4445,846.25,548442.36700,0
1774481400000,647.910,648.220,647.040,647.170,1817.57,1774482299999,1177135.38940,4463,868.03,562149.78600,0
1774482300000,647.170,647.910,646.840,647.850,1384.48,1774483199999,896180.23410,3054,908.18,587879.00910,0
1774483200000,647.840,648.750,647.000,647.560,4285.23,1774484099999,2776869.45180,7695,2455.48,1591369.07610,0
1774484100000,647.560,648.520,647.110,647.560,1766.69,1774484999999,1144360.32820,5854,938.00,607583.64860,0
1774485000000,647.550,648.100,647.300,647.590,1687.19,1774485899999,1092772.76410,4366,805.18,521517.35250,0
1774485900000,647.580,648.370,646.360,647.340,2331.84,1774486799999,1509518.37800,5527,1057.29,684473.74850,0
1774486800000,647.340,647.940,646.600,646.830,1811.02,1774487699999,1172020.14300,5313,832.47,538767.82010,0
1774487700000,646.830,647.770,645.880,647.290,2029.52,1774488599999,1312383.42390,5340,1165.82,753947.70960,0
1774488600000,647.280,647.910,646.540,646.710,1809.95,1774489499999,1171528.12650,5003,810.20,524481.01240,0
1774489500000,646.700,647.080,646.170,646.710,1431.92,1774490399999,925906.58750,4006,528.82,341944.45210,0
1774490400000,646.710,646.840,645.200,645.550,2834.02,1774491299999,1830234.86930,6533,1254.77,810327.58050,0
1774491300000,645.550,645.590,644.470,644.840,3444.53,1774492199999,2221254.59380,6297,1811.20,1167956.55060,0
1774492200000,644.830,644.830,642.660,643.520,6175.85,1774493099999,3974508.52890,10336,2762.80,1777904.01450,0
1774493100000,643.520,643.940,643.440,643.740,1695.69,1774493999999,1091549.40500,3911,826.68,532126.00560,0
1774494000000,643.740,643.750,642.170,643.750,4750.66,1774494899999,3053568.87300,7911,2446.61,1572492.31810,0
1774494900000,643.750,643.750,641.430,641.610,6737.34,1774495799999,4327486.75170,8593,3935.72,2527751.93890,0
1774495800000,641.610,643.230,641.610,642.680,2449.81,1774496699999,1573832.29170,5579,1553.05,997768.29530,0
1774496700000,642.680,643.440,642.670,643.080,2216.68,1774497599999,1425398.33860,3659,1113.57,715990.05050,0
1774497600000,643.100,643.100,641.450,641.540,4823.94,1774498499999,3097828.25860,6578,1494.11,959437.48870,0
1774498500000,641.540,642.610,641.280,642.600,1835.32,1774499399999,1177828.32260,4229,945.13,606612.35830,0
1774499400000,642.590,643.420,642.480,643.040,2596.37,1774500299999,1669675.44180,4660,1393.76,896220.27710,0
1774500300000,643.030,643.430,642.250,642.380,1832.76,1774501199999,1178251.45240,3206,746.05,479559.51230,0
1774501200000,642.380,642.570,639.380,639.790,9001.18,1774502099999,5765085.39950,12597,2779.01,1780003.84420,0
1774502100000,639.780,639.860,638.600,639.550,7568.74,1774502999999,4838903.34610,9955,3761.84,2405221.28550,0
1774503000000,639.550,639.860,637.030,637.320,8204.62,1774503899999,5238445.66310,11037,2567.27,1640184.87390,0
1774503900000,637.330,637.730,634.540,635.240,13460.31,1774504799999,8562308.04040,19089,6306.80,4012374.99000,0
1774504800000,635.230,636.060,634.000,635.380,17386.12,1774505699999,11040625.40780,20539,8103.39,5147160.77990,0
1774505700000,635.370,635.730,633.370,634.780,6742.85,1774506599999,4279326.20360,12194,2912.81,1848812.39730,0
1774506600000,634.780,635.150,634.280,634.440,3343.88,1774507499999,2122151.35320,8377,1744.59,1107176.62250,0
1774507500000,634.440,635.640,634.280,635.270,3485.56,1774508399999,2213631.19070,6579,2046.63,1299770.36320,0
1774508400000,635.270,635.900,634.500,634.680,3991.63,1774509299999,2534904.05920,7792,2039.29,1295083.92800,0
1774509300000,634.690,635.650,633.850,634.780,4137.52,1774510199999,2626716.85650,7891,1576.65,1000974.62620,0
1774510200000,634.780,635.800,634.090,635.200,5897.52,1774511099999,3744435.32690,8584,2863.87,1818022.72650,0
1774511100000,635.190,635.810,635.130,635.390,2818.85,1774511999999,1791526.47130,5012,1549.91,985040.63050,0
1774512000000,635.390,635.440,633.440,633.530,6833.62,1774512899999,4337014.45250,10653,2917.18,1851400.58370,0
1774512900000,633.540,633.930,632.950,632.960,5238.39,1774513799999,3318116.23530,8143,1809.07,1145927.82600,0
1774513800000,632.950,633.610,632.480,633.070,3647.65,1774514699999,2309030.98660,7396,1998.89,1265393.47690,0
1774514700000,633.070,634.040,632.900,633.550,2695.79,1774515599999,1707936.86440,6996,1718.59,1088828.13780,0
1774515600000,633.560,633.920,632.590,633.220,3480.30,1774516499999,2203968.68230,8360,1813.26,1148249.10020,0
1774516500000,633.220,633.830,632.390,633.680,3230.93,1774517399999,2045897.69350,5837,2011.21,1273680.43190,0
1774517400000,633.680,633.680,628.120,629.570,31724.37,1774518299999,19981528.22150,27692,10568.79,6654962.49910,0
1774518300000,629.570,630.280,629.140,629.960,4278.92,1774519199999,2694697.31470,8428,2010.19,1265903.46290,0
1774519200000,629.950,630.050,628.800,629.450,5743.82,1774520099999,3615815.97890,9663,3589.94,2259976.64680,0
1774520100000,629.460,631.530,629.460,631.390,6902.94,1774520999999,4353425.91450,8647,4957.91,3126861.29600,0
1774521000000,631.390,631.530,630.280,630.670,3144.15,1774521899999,1983968.49840,7094,1492.04,941545.45700,0
1774521900000,630.670,631.080,630.500,630.590,1841.68,1774522799999,1161575.06340,5073,879.79,554873.20890,0
1774522800000,630.590,630.900,628.440,629.630,6761.99,1774523699999,4258083.42320,10814,2092.93,1317977.77630,0
1774523700000,629.620,629.940,628.000,628.850,4342.27,1774524599999,2730478.55160,8917,2111.73,1328000.19960,0
1774524600000,628.850,629.760,628.680,629.320,3237.02,1774525499999,2036683.27350,7080,1688.01,1062145.33800,0
1774525500000,629.330,629.890,628.920,629.090,1952.23,1774526399999,1228854.13160,4398,1133.96,713804.55680,0
1774526400000,629.090,629.350,628.300,629.080,3513.47,1774527299999,2209356.70320,7848,1436.77,903527.69900,0
1774527300000,629.080,629.650,629.000,629.470,2205.68,1774528199999,1388083.14880,4916,1276.78,803497.14470,0
1774528200000,629.470,629.860,628.480,629.200,2737.59,1774529099999,1722397.00790,6249,1233.66,776215.22750,0
1774529100000,629.210,629.760,629.170,629.500,2107.74,1774529999999,1326793.06970,4577,1081.20,680577.55920,0
1774530000000,629.500,630.430,629.320,630.300,3914.75,1774530899999,2465948.15070,8012,1851.70,1166462.18610,0
1774530900000,630.310,630.520,629.850,630.120,3402.50,1774531799999,2144372.14380,5174,1889.95,1191146.36290,0
1774531800000,630.120,630.640,628.550,630.630,5599.99,1774532699999,3524904.67300,14004,2612.82,1644851.70990,0
1774532700000,630.630,632.580,630.630,631.350,14487.20,1774533599999,9150486.98150,19723,8380.69,5293707.75780,0
1774533600000,631.360,632.300,630.530,631.220,4397.72,1774534499999,2776667.70700,10248,2085.53,1316901.15570,0
1774534500000,631.220,631.650,629.370,629.710,7646.36,1774535399999,4819001.74880,10672,2249.82,1418209.07140,0
1774535400000,629.710,631.100,629.390,629.630,4076.05,1774536299999,2568781.88020,10174,2430.49,1531745.21410,0
1774536300000,629.620,630.050,628.050,629.530,5371.76,1774537199999,3379493.97940,11442,2835.10,1783754.04410,0
1774537200000,629.530,629.620,626.120,626.400,6746.19,1774538099999,4234664.41430,13975,2690.46,1689173.92980,0
1774538100000,626.400,628.380,625.000,627.770,12295.83,1774538999999,7705372.21620,17618,6473.91,4058066.35660,0
1774539000000,627.770,627.960,627.130,627.430,3508.52,1774539899999,2201627.22360,8409,1776.55,1114859.36420,0
1774539900000,627.440,628.500,626.680,626.790,5111.23,1774540799999,3208731.89480,8921,2712.48,1702788.72280,0
1774540800000,626.780,627.410,626.450,626.820,4405.77,1774541699999,2761953.73570,9310,2456.72,1540159.93660,0
1774541700000,626.810,627.100,625.820,626.110,5844.87,1774542599999,3661741.71700,9178,3147.16,1971807.30030,0
1774542600000,626.110,627.380,625.890,627.370,3668.00,1774543499999,2298573.99200,6835,2146.60,1345408.50300,0
1774543500000,627.370,627.500,626.800,626.950,2457.81,1774544399999,1541407.20760,5071,931.09,583941.98130,0
1774544400000,626.950,628.300,626.710,627.990,4395.18,1774545299999,2759389.29050,7951,2124.00,1333313.40190,0
1774545300000,627.990,628.430,627.840,628.420,2372.20,1774546199999,1490086.54620,4486,1399.93,879387.42350,0
1774546200000,628.430,628.760,627.610,627.900,2970.59,1774547099999,1866321.44150,4958,1508.85,948064.74550,0
1774547100000,627.900,627.900,624.470,625.580,9331.33,1774547999999,5839199.77530,11871,3855.44,2412991.14220,0
1774548000000,625.580,626.360,624.170,625.580,6989.03,1774548899999,4370926.35770,13705,3313.82,2072814.67300,0
1774548900000,625.570,625.570,622.630,623.000,13596.77,1774549799999,8480683.39060,18534,3714.88,2317294.52350,0
1774549800000,623.010,624.600,623.010,624.480,5427.17,1774550699999,3385797.49560,9747,2650.08,1653098.84380,0
1774550700000,624.470,625.550,624.270,625.480,2587.68,1774551599999,1617643.21930,6268,1646.17,1029038.43300,0
1774551600000,625.490,625.800,624.980,625.470,2264.56,1774552499999,1416213.57620,5899,1106.95,692242.33210,0
1774552500000,625.480,625.880,624.740,625.050,2411.22,1774553399999,1507969.75520,4524,1124.60,703294.36820,0
1774553400000,625.060,626.370,624.680,626.290,2669.71,1774554299999,1670572.47280,5442,1514.43,947575.43240,0
1774554300000,626.300,626.440,625.320,625.350,2290.62,1774555199999,1434018.91080,4348,1051.25,658160.68790,0
1774555200000,625.350,631.220,625.000,629.820,20158.83,1774556099999,12687521.25890,22905,11462.49,7214182.74590,0
1774556100000,629.830,631.260,629.510,630.430,6729.32,1774556999999,4241363.32420,14419,3602.78,2270811.82120,0
1774557000000,630.440,631.260,630.420,630.740,2767.78,1774557899999,1746100.25890,5975,1620.86,1022514.57730,0
1774557900000,630.740,631.060,629.490,629.740,2565.92,1774558799999,1616845.54480,4991,1097.41,691546.50900,0
1774558800000,629.730,629.730,628.700,628.980,3260.03,1774559699999,2050947.86690,6450,1651.04,1038605.42110,0
1774559700000,628.980,630.920,628.420,630.890,5239.21,1774560599999,3300096.66550,6636,3147.66,1982543.14520,0
1774560600000,630.900,631.340,630.320,630.780,4370.63,1774561499999,2757147.35130,5428,1734.40,1094253.64440,0
1774561500000,630.790,631.330,630.360,630.640,1895.91,1774562399999,1196141.61650,4442,998.04,629651.35740,0
1774562400000,630.640,631.160,630.120,630.660,2517.96,1774563299999,1587974.91210,7398,1379.46,869929.36070,0
1774563300000,630.670,630.770,627.820,628.730,3612.01,1774564199999,2272664.42460,8199,1299.13,817227.07170,0
1774564200000,628.720,629.300,628.400,629.170,1252.30,1774565099999,787585.10420,4866,589.51,370763.04620,0
1774565100000,629.180,629.630,629.010,629.630,1112.35,1774565999999,700056.05420,3193,570.31,358912.39490,0
1774566000000,629.630,630.440,628.760,628.770,2836.34,1774566899999,1785789.37100,5582,1415.16,890997.41760,0
1774566900000,628.770,629.400,627.530,628.250,3805.10,1774567799999,2390960.37030,5890,2105.04,1322608.37690,0
1774567800000,628.240,628.790,627.670,628.790,2602.73,1774568699999,1635130.00980,5188,1409.34,885409.29350,0
1774568700000,628.780,629.590,628.690,628.750,1255.65,1774569599999,789927.60040,3028,464.48,292206.87090,0
1774569600000,628.750,629.650,628.130,629.080,3690.56,1774570499999,2320357.70990,7835,1453.93,914189.83030,0
1774570500000,629.080,629.300,627.900,628.200,2258.08,1774571399999,1419518.63670,6514,1125.92,707730.63310,0
1774571400000,628.200,629.040,627.260,628.500,3443.47,1774572299999,2163196.05750,7420,1778.06,1116935.88550,0
1774572300000,628.490,629.110,627.820,629.000,1385.20,1774573199999,870610.08410,4166,813.82,511489.67250,0
1774573200000,629.000,630.200,628.410,629.740,4752.18,1774574099999,2991742.41700,7095,3141.08,1977625.85820,0
1774574100000,629.750,630.550,629.660,630.400,2787.53,1774574999999,1756558.23500,5818,1722.21,1085319.30530,0
1774575000000,630.410,630.910,629.920,630.220,1599.50,1774575899999,1008226.60560,4577,678.60,427749.22190,0
1774575900000,630.220,631.500,630.140,631.290,2915.82,1774576799999,1839744.30220,6181,1756.43,1108262.21530,0
1774576800000,631.300,631.850,630.910,630.930,3718.19,1774577699999,2347909.71330,6630,2106.87,1330480.63060,0
1774577700000,630.920,630.940,630.440,630.930,1467.44,1774578599999,925413.56500,3663,661.87,417394.70640,0
1774578600000,630.930,631.630,630.000,630.420,2478.55,1774579499999,1563377.65690,4620,1265.63,798264.72500,0
1774579500000,630.410,630.850,630.140,630.280,1379.44,1774580399999,869807.10970,3042,762.45,480758.03720,0
1774580400000,630.280,630.500,628.710,629.000,3866.95,1774581299999,2433968.05040,6797,1539.28,968849.96980,0
1774581300000,629.010,629.170,628.000,628.670,2076.68,1774582199999,1305434.71380,4547,945.67,594371.52020,0
1774582200000,628.670,629.290,628.360,628.580,1584.13,1774583099999,996135.10580,4210,794.54,499641.03960,0
1774583100000,628.580,628.590,628.100,628.290,1083.48,1774583999999,680834.23200,3101,392.68,246748.82940,0
1774584000000,628.280,628.290,624.730,625.700,11286.11,1774584899999,7067017.10840,16056,3342.21,2092532.34830,0
1774584900000,625.700,627.670,625.500,627.360,5197.97,1774585799999,3256957.74740,9364,3204.68,2007927.75460,0
1774585800000,627.350,627.490,626.890,627.250,1966.90,1774586699999,1233645.44840,4436,647.11,405856.85290,0
1774586700000,627.240,627.620,627.060,627.140,1212.62,1774587599999,760594.24310,3185,408.83,256448.59530,0
1774587600000,627.140,629.530,626.860,629.400,4196.08,1774588499999,2636149.43180,8300,3095.80,1945034.30660,0
1774588500000,629.390,629.880,627.610,627.820,2275.63,1774589399999,1430738.81910,5529,898.29,564911.20600,0
1774589400000,627.820,628.400,626.410,626.970,7240.86,1774590299999,4541038.83770,6337,4157.24,2606847.06590,0
1774590300000,626.960,627.740,626.880,627.640,1811.51,1774591199999,1136282.66090,4028,977.10,612841.14070,0
1774591200000,627.640,628.190,627.280,628.170,1391.81,1774592099999,873762.77470,4056,620.58,389594.25270,0
1774592100000,628.180,628.600,627.790,628.190,1273.65,1774592999999,800071.45940,3803,520.55,326986.05720,0
1774593000000,628.190,628.590,627.900,628.050,1278.01,1774593899999,802914.01130,3475,537.81,337889.66870,0
1774593900000,628.050,628.240,627.520,627.920,1313.30,1774594799999,824672.77250,3301,797.43,500750.50220,0
1774594800000,627.910,629.120,627.190,628.660,2246.55,1774595699999,1410956.96990,5633,1386.83,871098.74710,0
1774595700000,628.660,629.470,628.460,629.400,1657.04,1774596599999,1042462.78650,3992,849.69,534535.24850,0
1774596600000,629.400,629.810,627.770,628.320,5526.95,1774597499999,3474657.55220,8054,2464.55,1549350.48360,0
1774597500000,628.330,628.910,628.000,628.320,3693.76,1774598399999,2321391.88250,5605,2268.69,1425846.83070,0
1774598400000,628.330,628.960,627.530,627.840,2505.39,1774599299999,1573804.45210,6589,1268.29,796699.99350,0
1774599300000,627.850,628.090,624.640,624.650,19360.56,1774600199999,12111921.71970,10815,9416.79,5888729.19320,0
1774600200000,624.650,625.290,617.440,619.660,39124.21,1774601099999,24268815.33220,42965,13288.30,8245543.31920,0
1774601100000,619.660,621.380,619.420,620.210,9014.75,1774601999999,5592264.82370,13600,5103.87,3166454.41840,0
1774602000000,620.210,620.470,617.560,619.210,10091.10,1774602899999,6246148.77320,15950,4359.57,2698442.75370,0
1774602900000,619.210,621.240,619.100,621.050,3584.96,1774603799999,2223419.04710,8617,2062.99,1279547.76170,0
1774603800000,621.040,621.040,619.390,619.680,2787.13,1774604699999,1728306.13050,6935,1022.56,634046.73670,0
1774604700000,619.680,620.580,619.530,619.600,2304.25,1774605599999,1428759.03400,5463,1216.22,754057.59830,0
1774605600000,619.610,619.980,618.810,619.180,3330.06,1774606499999,2062521.10660,8209,1379.43,854380.89770,0
1774606500000,619.170,619.580,618.760,619.080,2658.51,1774607399999,1645948.32690,6109,1272.54,787889.84600,0
1774607400000,619.080,619.180,608.560,610.470,55319.61,1774608299999,33872393.20230,46180,17588.65,10772331.78530,0
1774608300000,610.480,611.850,607.290,608.620,23266.06,1774609199999,14179477.45990,31108,11297.82,6885513.05590,0
1774609200000,608.630,610.880,606.690,610.780,17300.02,1774610099999,10538554.47250,26947,9374.18,5711732.37000,0
1774610100000,610.780,612.460,607.100,611.020,26980.98,1774610999999,16467559.33240,23013,11986.43,7323016.18940,0
1774611000000,611.020,611.740,610.670,611.420,6477.96,1774611899999,3959501.67740,9413,3507.49,2144104.77330,0
1774611900000,611.420,611.890,610.630,610.660,6321.81,1774612799999,3863768.90300,8870,2107.94,1288502.13190,0
1774612800000,610.660,611.280,610.010,610.580,5895.48,1774613699999,3599739.14480,10208,3384.39,2066671.46920,0
1774613700000,610.590,611.200,610.300,610.600,3473.39,1774614599999,2121179.29100,6778,2004.74,1224302.57700,0
1774614600000,610.590,610.760,609.270,610.660,6027.00,1774615499999,3677189.34430,10135,2144.18,1308281.49360,0
1774615500000,610.660,611.520,609.750,610.870,3947.58,1774616399999,2410501.04310,8319,1777.94,1085684.95940,0
1774616400000,610.880,611.870,610.400,610.810,8653.85,1774617299999,5289896.44540,11993,4022.41,2458658.88770,0
1774617300000,610.820,612.050,610.640,611.280,4144.94,1774618199999,2534007.21130,8509,1967.10,1202494.78020,0
1774618200000,611.280,611.460,607.220,609.590,18933.52,1774619099999,11536663.02850,24725,9703.30,5912829.00960,0
1774619100000,609.580,610.240,607.050,607.910,10435.37,1774619999999,6350424.09220,16145,4624.99,2813664.76260,0
1774620000000,607.910,610.140,607.650,609.570,8487.42,1774620899999,5168516.24730,16547,4491.32,2734962.30560,0
1774620900000,609.570,609.610,605.840,606.040,11865.86,1774621799999,7201480.78440,17097,5855.81,3553993.27800,0
1774621800000,606.030,607.460,605.480,607.390,8275.26,1774622699999,5019304.17300,16408,4689.53,2844737.59800,0
1774622700000,607.400,609.360,606.560,609.280,5685.99,1774623599999,3458850.07550,11906,3414.31,2076989.81120,0
1774623600000,609.280,610.680,609.280,610.100,7804.01,1774624499999,4760169.74210,13728,3862.85,2356403.50160,0
1774624500000,610.100,612.500,608.910,611.730,11899.01,1774625399999,7268378.84020,19281,6083.29,3716562.97280,0
1774625400000,611.720,613.780,611.450,612.400,8950.94,1774626299999,5484388.87600,15445,4097.13,2510329.31130,0
1774626300000,612.390,612.970,609.960,610.330,6627.60,1774627199999,4050328.86620,11520,1924.66,1176662.10310,0
1774627200000,610.330,610.360,607.420,608.560,10718.89,1774628099999,6523136.42600,17078,4807.68,2925728.71720,0
1774628100000,608.550,609.460,607.580,608.980,10965.78,1774628999999,6673021.82550,11749,3480.31,2117953.26980,0
1774629000000,608.970,609.920,608.120,609.710,3629.80,1774629899999,2210194.61570,8860,2190.46,1334022.00130,0
1774629900000,609.700,610.580,608.580,609.100,2960.98,1774630799999,1804970.04440,8210,1613.39,983572.24450,0
1774630800000,609.100,611.670,608.760,610.870,5153.12,1774631699999,3144947.49200,12356,2706.57,1652198.18280,0
1774631700000,610.850,611.090,608.570,608.640,4107.56,1774632599999,2504349.92030,8381,1336.55,814666.77520,0
1774632600000,608.640,609.200,607.000,607.070,5249.10,1774633499999,3191510.30590,9489,1902.45,1157281.87830,0
1774633500000,607.070,607.780,606.620,607.210,3951.81,1774634399999,2399662.54370,8578,1976.60,1200375.80920,0
1774634400000,607.220,607.960,607.040,607.110,2776.82,1774635299999,1686923.60120,8372,1681.72,1021684.20780,0
1774635300000,607.100,608.500,606.370,607.670,4029.87,1774636199999,2447506.88740,10332,2213.43,1344542.88510,0
1774636200000,607.670,609.090,607.480,608.450,3362.03,1774637099999,2044970.55670,8447,2101.51,1278353.17690,0
1774637100000,608.450,609.420,608.420,609.050,2458.33,1774637999999,1497195.16320,5738,1464.26,891789.69850,0
1774638000000,609.050,609.130,607.910,608.660,3385.52,1774638899999,2059849.70430,7890,1766.81,1074998.20560,0
1774638900000,608.650,609.840,608.400,609.570,2512.11,1774639799999,1530420.96940,6592,1496.59,911809.40560,0
1774639800000,609.560,610.500,609.400,609.710,2725.68,1774640699999,1662708.65860,6756,1358.58,828757.96500,0
1774640700000,609.710,610.510,609.300,609.800,2710.39,1774641599999,1653210.41300,7027,1463.75,892830.50890,0
1774641600000,609.800,610.740,609.750,610.140,2180.42,1774642499999,1330862.06570,6245,1250.91,763522.67640,0
1774642500000,610.140,610.460,608.420,609.170,2313.50,1774643399999,1409849.61180,5461,1055.64,643292.04730,0
1774643400000,609.160,609.910,608.660,609.630,2167.70,1774644299999,1320671.81850,4706,1511.14,920644.61730,0
1774644300000,609.620,611.190,609.490,610.930,2231.27,1774645199999,1362432.35510,4773,1315.43,803198.57410,0
1774645200000,610.930,611.900,610.810,611.700,2630.57,1774646099999,1608453.36370,5049,1327.56,811718.10210,0
1774646100000,611.700,611.760,611.240,611.460,672.63,1774646999999,411286.63850,2483,423.74,259100.34370,0
1774647000000,611.460,611.720,610.840,611.410,1680.29,1774647899999,1027109.40710,3891,861.62,526700.09640,0
1774647900000,611.420,611.500,610.390,610.680,1251.06,1774648799999,764122.66870,3972,533.94,326104.22280,0
1774648800000,610.690,610.770,609.840,610.140,2777.29,1774649699999,1694615.50530,4813,1102.89,672947.81540,0
1774649700000,610.130,610.320,609.640,610.040,1062.04,1774650599999,647898.79430,2968,562.19,342961.88250,0
1774650600000,610.040,610.440,609.500,610.420,1434.98,1774651499999,875232.43620,3261,708.14,431897.82550,0
1774651500000,610.410,610.740,610.110,610.260,3286.45,1774652399999,2006046.76760,3469,2221.55,1356004.54870,0
1774652400000,610.260,610.650,609.560,610.650,3712.94,1774653299999,2264928.75690,4922,2513.93,1533498.61430,0
1774653300000,610.650,611.550,610.310,611.290,2154.76,1774654199999,1316630.03440,3900,1172.62,716533.99410,0
1774654200000,611.300,612.140,611.300,612.090,2570.51,1774655099999,1572684.86020,4436,1699.89,1039993.32490,0
1774655100000,612.090,614.160,612.080,613.720,10365.39,1774655999999,6357617.58040,12414,7242.56,4442054.76700,0
1774656000000,613.720,613.910,612.400,612.710,5224.43,1774656899999,3202807.54820,9474,2045.42,1253857.94640,0
1774656900000,612.700,613.200,612.310,613.120,2089.62,1774657799999,1280518.59370,4884,902.03,552744.06640,0
1774657800000,613.120,613.700,612.660,613.180,2409.74,1774658699999,1477869.65520,5289,1260.79,773278.01360,0
1774658700000,613.190,613.190,611.970,612.260,2791.51,1774659599999,1709826.84760,5013,884.15,541497.02850,0
1774659600000,612.260,612.450,610.680,610.970,7139.51,1774660499999,4367606.49020,10482,3638.62,2226054.91120,0
1774660500000,610.970,611.760,610.890,610.990,2192.36,1774661399999,1340192.06610,5301,1155.05,706083.64190,0
1774661400000,610.990,611.490,609.730,610.570,2999.60,1774662299999,1831375.48320,6785,1494.68,912585.31450,0
1774662300000,610.560,611.210,610.430,611.130,2144.13,1774663199999,1309646.29940,5077,1385.06,845995.02560,0
1774663200000,611.140,612.570,611.140,612.240,2405.32,1774664099999,1472153.71090,6491,1331.30,814752.35780,0
1774664100000,612.230,612.570,610.900,611.330,2245.04,1774664999999,1372889.45440,5201,1143.19,699035.46150,0
1774665000000,611.320,611.320,610.340,610.900,3142.78,1774665899999,1919806.12910,5594,1836.58,1121873.88580,0
1774665900000,610.890,611.400,610.630,610.780,1904.22,1774666799999,1163594.54570,3539,1171.50,715909.18850,0
1774666800000,610.780,611.280,610.450,610.580,2442.95,1774667699999,1492390.72630,5049,1245.65,761026.80360,0
1774667700000,610.590,611.250,610.580,611.250,1233.72,1774668599999,753831.91470,3775,791.21,483413.80900,0
1774668600000,611.250,611.770,610.900,611.620,1333.35,1774669499999,815096.81290,4184,652.91,399145.42500,0
1774669500000,611.620,611.630,610.800,611.060,1623.63,1774670399999,992221.08620,3826,744.09,454673.93040,0
1774670400000,611.060,611.210,610.330,610.620,1756.96,1774671299999,1073005.32700,4693,620.20,378769.59870,0
1774671300000,610.610,611.720,610.610,611.220,2469.78,1774672199999,1509438.55280,5110,1145.70,700241.93270,0
1774672200000,611.220,611.320,610.660,610.840,1917.67,1774673099999,1171789.48120,3960,905.38,553253.73420,0
1774673100000,610.840,611.190,610.690,611.040,1209.57,1774673999999,738974.82130,3116,423.58,258786.03320,0
1774674000000,611.030,611.090,610.400,610.890,1491.27,1774674899999,910775.16440,4048,704.87,430475.42530,0
1774674900000,610.890,611.950,610.550,611.780,2418.28,1774675799999,1478585.26100,4731,1444.13,882991.22360,0
1774675800000,611.770,611.790,611.260,611.790,1394.73,1774676699999,852911.66270,4052,553.74,338617.69520,0
1774676700000,611.790,612.230,611.740,612.170,1927.79,1774677599999,1179865.46110,3940,781.47,478266.12510,0
1774677600000,612.160,612.920,611.830,612.410,3279.02,1774678499999,2008307.87830,7637,1790.81,1096818.98090,0
1774678500000,612.410,613.790,612.300,613.430,3818.49,1774679399999,2341681.72770,7359,2333.91,1431183.15050,0
1774679400000,613.440,613.690,613.170,613.170,2107.42,1774680299999,1292732.35950,4356,914.67,561109.47370,0
1774680300000,613.170,614.020,613.140,613.680,2777.16,1774681199999,1704067.42200,4986,1569.83,963225.95130,0
1774681200000,613.670,613.770,613.310,613.650,1260.86,1774682099999,773600.11710,4117,688.95,422699.57990,0
1774682100000,613.660,614.280,613.620,613.890,1473.41,1774682999999,904620.85320,3608,902.37,554022.22980,0
1774683000000,613.900,613.900,612.880,613.430,2818.53,1774683899999,1728604.50030,4927,1196.95,734091.81740,0
1774683900000,613.430,613.930,613.100,613.810,1956.43,1774684799999,1200418.94590,3982,886.87,544146.28190,0
1774684800000,613.820,614.120,613.220,613.360,2770.46,1774685699999,1700279.43600,5965,1406.76,863398.79370,0
1774685700000,613.360,613.870,613.110,613.330,2514.09,1774686599999,1542157.29430,4245,1474.41,904370.36660,0
1774686600000,613.330,613.650,612.930,612.930,1853.08,1774687499999,1136322.73440,3895,915.04,561116.81600,0
1774687500000,612.930,612.980,612.450,612.460,3068.31,1774688399999,1880185.19730,4996,1481.62,907882.92710,0
1774688400000,612.460,612.460,611.340,611.610,2492.81,1774689299999,1525050.73650,5566,1021.78,625069.85540,0
1774689300000,611.600,611.810,611.280,611.770,2908.33,1774690199999,1778528.89650,4044,1619.60,990442.85000,0
1774690200000,611.760,611.850,611.220,611.580,1702.59,1774691099999,1041273.64650,3527,736.89,450660.43800,0
1774691100000,611.570,612.040,611.570,612.040,1221.43,1774691999999,747284.84300,2564,769.18,470579.43590,0
1774692000000,612.040,613.260,611.990,612.610,3308.53,1774692899999,2027320.33340,5268,2056.08,1259847.98590,0
1774692900000,612.610,612.610,611.000,611.010,2829.15,1774693799999,1730823.78290,4640,1075.32,657874.88250,0
1774693800000,611.010,611.190,610.300,610.690,1912.54,1774694699999,1168022.86990,4161,841.32,513779.67650,0
1774694700000,610.680,611.330,610.330,611.260,2178.89,1774695599999,1330879.84920,3971,1172.87,716358.80980,0
1774695600000,611.270,611.930,611.150,611.720,2142.65,1774696499999,1310193.09960,3997,1248.00,763128.35640,0
1774696500000,611.730,612.040,611.640,612.040,1039.03,1774697399999,635726.60610,2121,629.74,385309.64980,0
1774697400000,612.040,612.370,612.040,612.160,1821.97,1774698299999,1115357.96870,3129,990.74,606494.85270,0
1774698300000,612.170,612.860,612.120,612.670,2016.74,1774699199999,1235538.33040,3267,1050.63,643650.41940,0
1774699200000,612.660,613.140,612.110,613.050,2245.11,1774700099999,1375434.58330,4945,1010.04,618816.17760,0
1774700100000,613.060,613.750,612.750,612.860,3691.30,1774700999999,2263527.28070,5626,1359.99,833935.80210,0
1774701000000,612.870,612.870,611.390,612.010,2856.11,1774701899999,1747923.55040,5233,892.43,546157.23330,0
1774701900000,612.000,612.570,611.940,612.290,1318.69,1774702799999,807433.42550,3310,750.00,459251.08110,0
1774702800000,612.290,612.690,612.100,612.640,1367.18,1774703699999,837195.55100,3876,707.01,432938.64600,0
1774703700000,612.640,612.860,612.190,612.800,2060.70,1774704599999,1262491.38660,4131,727.44,445681.96080,0
1774704600000,612.800,618.390,612.800,616.250,24971.59,1774705499999,15388588.49830,25414,14948.49,9209572.89900,0
1774705500000,616.260,617.000,615.180,615.650,8198.94,1774706399999,5049789.21560,12507,4673.68,2878669.95070,0
1774706400000,615.650,615.850,614.870,615.130,4421.62,1774707299999,2720608.14970,10420,2550.31,1569203.18770,0
1774707300000,615.130,616.330,614.580,616.050,4619.91,1774708199999,2844856.10360,8698,3035.15,1869009.08500,0
1774708200000,616.060,617.590,615.320,616.950,5343.67,1774709099999,3294413.45390,8847,3143.20,1937930.43300,0
1774709100000,616.960,617.350,614.500,615.060,5806.85,1774709999999,3573889.54150,8601,1873.81,1153608.72850,0
1774710000000,615.050,615.760,614.500,615.660,1902.39,1774710899999,1170056.90570,6183,1187.59,730440.93820,0
1774710900000,615.650,618.800,615.460,617.180,11534.50,1774711799999,7123872.07790,17652,5993.42,3701699.88990,0
1774711800000,617.180,618.020,616.740,617.510,3803.85,1774712699999,2348024.01380,8302,2214.81,1367053.56490,0
1774712700000,617.510,617.510,616.420,617.040,2258.35,1774713599999,1393396.30100,5086,788.98,486756.70830,0
1774713600000,617.040,617.260,616.320,616.600,2746.11,1774714499999,1693699.77900,6853,1340.40,826696.72230,0
1774714500000,616.600,617.200,616.390,617.010,1711.41,1774715399999,1055789.15910,4889,884.84,545861.16380,0
1774715400000,617.020,617.120,616.240,616.480,2464.42,1774716299999,1519663.38020,4725,1140.45,703310.85730,0
1774716300000,616.480,616.940,616.090,616.660,2068.05,1774717199999,1274996.99570,4826,1039.89,641119.20690,0
1774717200000,616.660,617.450,616.550,616.840,2065.32,1774718099999,1274386.22310,5561,786.37,485158.00870,0
1774718100000,616.840,616.840,615.730,615.840,2494.86,1774718999999,1537561.75200,4948,928.64,572285.68410,0
1774719000000,615.830,616.710,615.230,616.030,2266.98,1774719899999,1396378.85560,5167,1222.36,752936.66620,0
1774719900000,616.030,616.210,615.630,616.040,977.41,1774720799999,601973.26530,2962,452.79,278864.95290,0
1774720800000,616.040,616.910,616.030,616.750,1749.12,1774721699999,1078500.71630,3888,1078.80,665137.23480,0
1774721700000,616.750,616.790,616.340,616.340,1337.67,1774722599999,824710.62710,2888,327.93,202172.75580,0
1774722600000,616.340,616.980,616.330,616.970,1457.84,1774723499999,898928.50210,2823,558.71,344497.95220,0
1774723500000,616.970,616.970,616.520,616.520,913.24,1774724399999,563294.10360,2420,425.03,262152.08160,0
1774724400000,616.510,616.620,615.460,615.710,1581.91,1774725299999,974645.47100,4380,586.09,361073.00500,0
1774725300000,615.710,616.080,615.520,616.080,1743.93,1774726199999,1073929.43000,2972,630.51,388300.58940,0
1774726200000,616.080,616.320,615.940,616.080,1336.44,1774727099999,823446.28140,2901,639.92,394285.84840,0
1774727100000,616.070,616.500,615.920,616.490,905.24,1774727999999,557803.47960,2483,387.44,238745.43250,0
1774728000000,616.490,617.990,616.490,617.700,4874.92,1774728899999,3009561.67140,7200,2703.03,1668618.71470,0
1774728900000,617.700,617.830,617.120,617.310,1865.66,1774729799999,1152147.29820,3799,748.98,462559.33370,0
1774729800000,617.310,617.860,617.310,617.460,1096.77,1774730699999,677339.09980,2744,584.54,360986.85140,0
1774730700000,617.460,617.890,617.450,617.710,1110.15,1774731599999,685728.15990,2442,552.07,340988.33810,0
1774731600000,617.710,617.880,616.820,617.300,1717.88,1774732499999,1060544.21080,4133,761.70,470183.34500,0
1774732500000,617.300,617.390,616.620,616.680,1658.99,1774733399999,1023392.82490,2856,629.55,388355.24370,0
1774733400000,616.680,616.680,616.070,616.550,1459.17,1774734299999,899365.41520,3004,564.88,348145.65570,0
1774734300000,616.540,616.550,614.640,615.350,3379.21,1774735199999,2079551.39700,6770,1525.81,939046.15290,0
1774735200000,615.350,616.180,614.900,614.910,3198.00,1774736099999,1968449.06500,7399,1711.28,1053297.46470,0
1774736100000,614.900,616.270,614.870,616.030,1821.90,1774736999999,1121958.95270,4177,1014.74,624875.28380,0
1774737000000,616.030,616.100,615.230,615.260,1711.98,1774737899999,1053931.50980,3585,664.92,409326.07020,0
1774737900000,615.260,615.810,615.260,615.550,966.54,1774738799999,594978.98310,2839,448.81,276250.24320,0
1774738800000,615.540,615.540,610.270,612.020,20177.16,1774739699999,12354551.65810,17378,8699.39,5325895.87090,0
1774739700000,612.020,612.570,611.060,611.670,5091.73,1774740599999,3114999.98170,8047,2402.92,1470087.57500,0
1774740600000,611.660,612.180,610.810,610.950,2938.32,1774741499999,1797541.23040,5543,1173.04,717647.12350,0
1774741500000,610.940,611.230,610.510,610.900,3010.29,1774742399999,1838805.41760,4790,1275.48,779117.75080,0
1774742400000,610.900,611.390,610.600,610.830,3450.77,1774743299999,2108465.39480,6661,1579.10,964819.30940,0
1774743300000,610.830,611.400,609.630,610.760,5174.43,1774744199999,3158193.89970,8227,2400.45,1465342.56610,0
1774744200000,610.750,611.690,610.350,610.820,2599.31,1774745099999,1587913.67060,6613,1652.46,1009416.98980,0
1774745100000,610.830,611.750,610.770,611.680,2261.99,1774745999999,1382602.13250,4946,1426.51,871960.41730,0
1774746000000,611.690,613.380,611.630,612.860,4771.04,1774746899999,2923032.87980,7714,3127.70,1916202.29040,0
1774746900000,612.860,613.160,612.400,612.500,1639.94,1774747799999,1004825.69770,4295,708.26,433992.05200,0
1774747800000,612.500,612.590,611.090,611.990,2632.81,1774748699999,1610754.52990,5207,1300.12,795271.57760,0
1774748700000,611.990,612.810,611.630,612.500,1274.76,1774749599999,780521.57020,3971,675.28,413491.58690,0
1774749600000,612.510,613.130,612.300,613.030,1785.65,1774750499999,1094078.73000,4729,1075.31,658841.17400,0
1774750500000,613.030,613.310,612.430,613.100,1672.93,1774751399999,1025339.20320,3704,791.91,485443.83500,0
1774751400000,613.110,613.610,612.570,613.270,1453.66,1774752299999,891416.15460,4208,800.19,490724.99420,0
1774752300000,613.270,613.680,613.090,613.300,1770.74,1774753199999,1086037.75790,4097,776.31,476135.00000,0
1774753200000,613.310,613.780,612.930,612.980,2168.72,1774754099999,1330326.72390,4804,1184.55,726645.42910,0
1774754100000,612.990,615.100,612.860,614.070,5642.77,1774754999999,3466225.68500,9711,2200.13,1351476.60750,0
1774755000000,614.070,614.450,613.580,613.770,1867.05,1774755899999,1146450.48510,3900,720.28,442289.90840,0
1774755900000,613.780,614.050,613.460,613.790,1350.06,1774756799999,828677.19100,3118,613.17,376370.37510,0
1774756800000,613.800,614.000,613.460,613.770,1272.17,1774757699999,780853.82800,3688,490.60,301122.06570,0
1774757700000,613.780,613.780,612.730,613.200,1835.85,1774758599999,1125874.27140,4186,720.66,441967.71300,0
1774758600000,613.200,613.500,612.890,613.070,2101.93,1774759499999,1288911.61310,3548,1276.00,782467.27260,0
1774759500000,613.070,613.140,612.740,612.770,1188.26,1774760399999,728268.71850,2822,514.91,315582.66000,0
1774760400000,612.770,612.800,611.940,612.140,2478.43,1774761299999,1517530.37840,5068,1009.65,618212.05620,0
1774761300000,612.150,612.780,611.680,612.330,3281.43,1774762199999,2009169.29940,5002,1981.50,1213338.78010,0
1774762200000,612.340,613.000,612.290,612.810,1779.51,1774763099999,1090239.92740,3754,1348.16,825943.35710,0
1774763100000,612.820,613.900,612.780,613.340,1754.15,1774763999999,1076050.89610,3777,1046.64,642012.25990,0
1774764000000,613.340,614.410,613.340,614.280,1772.20,1774764899999,1088104.24460,3951,1080.62,663417.72330,0
1774764900000,614.280,614.490,613.020,613.440,1563.09,1774765799999,959318.73670,3678,494.64,303553.65410,0
1774765800000,613.440,613.880,613.390,613.820,1146.14,1774766699999,703241.55930,2794,585.53,359253.19070,0
1774766700000,613.820,614.380,613.560,613.560,2036.22,1774767599999,1250415.10320,3605,986.93,606081.41010,0
1774767600000,613.560,613.570,612.600,613.030,2031.67,1774768499999,1245572.10670,4972,979.48,600495.68370,0
1774768500000,613.030,613.290,612.800,613.220,872.68,1774769399999,534970.91270,2384,413.15,253261.09160,0
1774769400000,613.220,613.450,612.870,613.000,1599.66,1774770299999,980939.90050,3165,518.79,318084.83630,0
1774770300000,613.000,613.920,612.630,613.350,1687.53,1774771199999,1034931.40920,4032,804.11,493084.12870,0
1774771200000,613.350,613.890,613.120,613.740,2034.63,1774772099999,1248319.95820,4346,1139.47,699079.06530,0
1774772100000,613.740,613.970,613.320,613.770,1147.20,1774772999999,704019.33280,3071,527.14,323486.18860,0
1774773000000,613.780,614.200,613.670,613.910,1730.94,1774773899999,1062579.41380,3322,692.86,425358.22460,0
1774773900000,613.920,614.120,613.390,613.610,1579.49,1774774799999,969327.27600,3005,573.92,352262.48900,0
1774774800000,613.620,613.970,612.930,613.290,7524.58,1774775699999,4615649.74000,5922,1495.82,917548.03240,0
1774775700000,613.280,613.910,613.220,613.540,1039.99,1774776599999,638095.70350,3039,469.68,288172.55500,0
1774776600000,613.540,613.720,612.230,612.680,2250.05,1774777499999,1378965.24960,4820,999.06,612256.36790,0
1774777500000,612.680,613.220,612.670,613.120,992.99,1774778399999,608765.55550,2672,590.51,362011.51340,0
1774778400000,613.110,613.120,612.370,612.780,1624.54,1774779299999,995411.90740,4253,986.50,604434.89440,0
1774779300000,612.780,612.780,611.460,611.710,3980.02,1774780199999,2435984.10260,5873,2016.94,1234591.55990,0
1774780200000,611.710,612.020,610.880,611.950,2657.01,1774781099999,1624616.18400,5385,1219.06,745364.07370,0
1774781100000,611.940,612.320,611.860,611.900,969.53,1774781999999,593416.73260,2864,511.69,313198.50410,0
1774782000000,611.890,614.200,611.810,612.910,5700.65,1774782899999,3495732.61790,8944,2322.47,1423854.09200,0
1774782900000,612.910,613.550,612.610,613.480,1481.15,1774783799999,908177.18420,4287,850.51,521497.64410,0
1774783800000,613.490,614.150,613.320,613.970,1671.37,1774784699999,1025829.35810,4417,881.86,541274.41020,0
1774784700000,613.970,614.460,613.320,613.370,1928.00,1774785599999,1183291.97300,4068,798.01,489837.65260,0
1774785600000,613.370,613.510,612.420,612.490,1477.87,1774786499999,906033.73540,4329,582.12,356882.10880,0
1774786500000,612.480,612.790,612.200,612.490,1536.41,1774787399999,941006.35880,3934,852.72,522263.94110,0
1774787400000,612.500,612.800,611.680,611.760,1752.50,1774788299999,1072817.66280,4385,818.80,501265.36560,0
1774788300000,611.770,612.690,611.670,612.570,1177.46,1774789199999,720947.41340,3807,606.71,371484.13080,0
1774789200000,612.570,612.670,609.730,610.370,7979.88,1774790099999,4872967.07590,11565,3383.80,2066665.31220,0
1774790100000,610.370,611.190,609.940,610.570,4123.67,1774790999999,2517126.14190,6094,2056.19,1255015.30730,0
1774791000000,610.570,611.140,610.460,610.570,1899.73,1774791899999,1160141.81480,3888,1047.29,639554.21710,0
1774791900000,610.570,610.870,609.750,610.060,2715.15,1774792799999,1656759.02000,4915,1253.00,764573.40640,0
1774792800000,610.060,612.190,609.410,610.810,7388.32,1774793699999,4511193.92560,10818,4128.43,2521255.32740,0
1774793700000,610.810,611.070,609.810,609.810,1954.28,1774794599999,1192892.30330,5156,789.29,481855.29180,0
1774794600000,609.810,610.510,609.700,610.440,2279.18,1774795499999,1390632.92020,4469,1197.55,730710.82460,0
1774795500000,610.440,610.450,608.890,609.120,4328.09,1774796399999,2637567.10710,5836,1877.75,1144181.08250,0
1774796400000,609.120,610.020,607.420,608.110,8256.76,1774797299999,5024597.03910,11788,3231.86,1966811.52250,0
1774797300000,608.110,609.020,607.280,607.770,6722.66,1774798199999,4088384.82110,9992,3751.96,2281842.63700,0
1774798200000,607.770,608.560,607.350,608.540,3504.40,1774799099999,2130123.88100,6265,1940.81,1179885.56080,0
1774799100000,608.550,609.890,608.550,609.400,3578.65,1774799999999,2180262.30280,4886,2350.53,1432184.63620,0
1774800000000,609.410,609.660,608.860,609.120,2689.70,1774800899999,1638906.26150,5453,1098.15,669128.23750,0
1774800900000,609.120,610.940,608.970,610.350,3525.97,1774801799999,2151774.12020,6356,1535.70,937113.72130,0
1774801800000,610.350,610.350,609.420,609.420,1559.74,1774802699999,951029.98450,3852,636.66,388151.06020,0
1774802700000,609.420,609.750,609.190,609.360,1032.15,1774803599999,628951.73040,2819,404.05,246217.99900,0
1774803600000,609.350,609.900,608.840,609.030,3611.00,1774804499999,2200176.71110,4473,897.74,547120.89180,0
1774804500000,609.030,609.040,607.420,608.120,3748.29,1774805399999,2279846.72840,7301,1516.98,922546.08870,0
1774805400000,608.120,609.390,607.990,609.330,1291.36,1774806299999,785946.07460,4109,878.02,534354.72360,0
1774806300000,609.320,609.400,608.800,608.810,737.58,1774807199999,449336.76560,2541,318.08,193784.63450,0
1774807200000,608.800,608.960,608.390,608.710,1899.42,1774808099999,1156244.18500,3776,507.64,309021.48990,0
1774808100000,608.700,609.390,608.240,608.490,1184.11,1774808999999,720844.46340,3315,625.36,380696.70890,0
1774809000000,608.490,609.890,608.480,609.440,1962.27,1774809899999,1195425.10660,3951,1110.70,676585.04760,0
1774809900000,609.430,609.630,609.090,609.350,864.84,1774810799999,527047.20300,2713,413.86,252210.47570,0
1774810800000,609.340,609.370,608.750,609.000,1037.60,1774811699999,631958.55360,3335,403.52,245765.93420,0
1774811700000,609.000,609.420,609.000,609.110,1070.22,1774812599999,652011.92520,2602,459.86,280130.96320,0
1774812600000,609.100,609.630,608.750,608.960,941.32,1774813499999,573409.88180,2742,428.69,261149.15580,0
1774813500000,608.960,609.280,608.840,609.020,1327.20,1774814399999,808224.48020,2642,517.39,315076.64290,0
1774814400000,609.010,610.430,608.910,609.980,2564.55,1774815299999,1564046.24150,4561,1436.18,875837.18770,0
1774815300000,609.980,612.110,609.980,611.420,3739.78,1774816199999,2285164.61210,6549,2030.06,1240380.80000,0
1774816200000,611.420,611.750,610.770,610.770,1362.07,1774817099999,832788.72180,3219,560.72,342878.75890,0
1774817100000,610.770,610.770,609.240,609.480,3654.87,1774817999999,2229129.11770,5136,1808.67,1102910.19740,0
1774818000000,609.480,610.040,609.180,609.830,2668.60,1774818899999,1626915.34980,4346,1260.80,768572.15680,0
1774818900000,609.830,609.950,609.430,609.720,915.76,1774819799999,558348.54980,2330,603.26,367818.53910,0
1774819800000,609.720,610.180,609.570,609.990,971.05,1774820699999,592239.91080,2673,524.59,319929.93280,0
1774820700000,609.990,610.930,609.990,610.850,1054.97,1774821599999,644048.14610,2466,650.30,396950.68450,0
1774821600000,610.850,610.850,607.230,607.860,7041.17,1774822499999,4282574.41270,14025,3068.77,1866507.76740,0
1774822500000,607.850,609.020,607.620,608.720,2818.89,1774823399999,1714728.70090,6915,1513.80,920842.75340,0
1774823400000,608.720,608.820,601.170,601.530,21469.94,1774824299999,12977677.95630,25393,8352.87,5051518.18730,0
1774824300000,601.530,604.420,596.010,604.030,49701.09,1774825199999,29805054.85090,63902,19792.00,11872538.65320,0
1774825200000,604.030,607.130,603.700,605.870,16302.44,1774826099999,9874468.80140,30274,8413.55,5096113.23990,0
1774826100000,605.880,607.720,604.770,605.500,5890.27,1774826999999,3571164.26600,15077,3296.92,1999171.24760,0
1774827000000,605.500,606.390,604.790,605.600,4225.11,1774827899999,2557745.17970,10948,1940.81,1175043.24240,0
1774827900000,605.600,606.910,604.500,605.860,5836.98,1774828799999,3536300.02710,14143,2966.17,1797061.69930,0
1774828800000,605.880,606.290,604.810,605.810,6299.46,1774829699999,3815516.28130,14676,3500.16,2120029.16290,0
1774829700000,605.800,614.200,605.350,610.620,26396.54,1774830599999,16137294.68030,40658,15051.90,9200929.65450,0
1774830600000,610.620,612.250,608.380,609.140,6557.88,1774831499999,4003319.40130,18584,2578.18,1573845.13010,0
1774831500000,609.150,609.910,607.930,609.360,3962.37,1774832399999,2413465.31680,10498,2231.12,1359077.15410,0
1774832400000,609.370,612.480,609.360,610.900,7918.85,1774833299999,4839775.71860,16683,4799.91,2933217.98500,0
1774833300000,610.900,613.150,610.420,612.580,4853.39,1774834199999,2970447.16590,11685,3373.11,2064636.10080,0
1774834200000,612.570,613.980,612.180,613.810,6322.26,1774835099999,3876223.21120,13791,3940.59,2416131.80530,0
1774835100000,613.810,614.900,613.280,613.880,5662.43,1774835999999,3477281.11210,11585,3637.62,2233694.56600,0
1774836000000,613.890,615.400,613.200,614.790,5038.22,1774836899999,3095131.50680,13068,2531.31,1555267.00300,0
1774836900000,614.780,615.300,612.920,613.220,3974.54,1774837799999,2439175.03070,9462,1307.60,802427.76410,0
1774837800000,613.220,615.510,612.320,615.480,5046.56,1774838699999,3096172.21530,9854,2702.62,1658663.89280,0
1774838700000,615.480,619.080,615.330,616.560,22758.76,1774839599999,14053642.62280,30328,12353.02,7628757.18030,0
1774839600000,616.550,616.600,614.670,614.900,5248.15,1774840499999,3229882.22060,12671,2501.26,1539181.80670,0
1774840500000,614.910,616.910,614.800,616.260,3592.00,1774841399999,2212319.98440,9297,2132.39,1313349.95110,0
1774841400000,616.270,616.540,615.530,615.850,2821.00,1774842299999,1737661.61160,7931,1385.90,853693.45390,0
1774842300000,615.850,616.740,615.260,615.620,2841.02,1774843199999,1749633.98110,7497,1449.75,892858.48530,0
1774843200000,615.630,618.030,615.630,616.950,6505.31,1774844099999,4013873.73120,14277,3847.29,2373828.64080,0
1774844100000,616.950,618.040,616.200,616.710,9874.03,1774844999999,6092462.31050,10400,7361.26,4542074.25790,0
1774845000000,616.710,617.580,615.740,616.060,3060.48,1774845899999,1886701.82020,8228,1648.06,1016082.70340,0
1774845900000,616.070,617.670,615.820,617.040,2881.63,1774846799999,1777169.52060,7911,1556.02,959707.20600,0
1774846800000,617.040,618.800,616.820,617.330,7560.13,1774847699999,4670271.01000,15209,4449.74,2749022.12130,0
1774847700000,617.340,617.930,617.100,617.520,2417.14,1774848599999,1492469.46300,7847,1304.41,805395.11770,0
1774848600000,617.530,617.900,616.260,616.710,3382.52,1774849499999,2087493.80190,7784,1583.85,977525.97420,0
1774849500000,616.710,617.370,616.210,616.940,2955.53,1774850399999,1823002.65090,7046,1510.88,931925.60190,0
1774850400000,616.930,618.000,616.560,616.750,3599.92,1774851299999,2222362.35420,8684,1703.51,1051703.48600,0
1774851300000,616.740,616.860,615.650,616.220,3684.50,1774852199999,2270320.04370,7612,1559.32,960834.62780,0
1774852200000,616.220,616.410,615.740,616.160,1819.31,1774853099999,1120622.76170,5490,983.72,605932.25400,0
1774853100000,616.150,616.430,615.610,615.720,2177.76,1774853999999,1341437.52400,5025,1195.58,736464.02500,0
1774854000000,615.720,617.800,615.620,617.110,2580.12,1774854899999,1591296.85830,6561,1520.93,937877.81300,0
1774854900000,617.110,617.210,615.700,615.790,2597.04,1774855799999,1601576.80780,5860,864.43,533192.18810,0
1774855800000,615.790,616.380,615.250,616.020,2756.27,1774856699999,1697632.90780,6089,1351.02,832180.65940,0
1774856700000,616.010,619.160,615.930,618.240,8608.30,1774857599999,5320194.01400,14320,4916.53,3038475.28130,0
1774857600000,618.230,620.480,617.180,620.150,19470.16,1774858499999,12049171.72370,20363,12111.38,7495146.98080,0
1774858500000,620.160,620.410,618.790,619.380,13488.22,1774859399999,8359037.64010,12076,3555.94,2202840.63780,0
1774859400000,619.390,621.750,619.200,620.660,9532.97,1774860299999,5916050.11700,13757,6208.70,3853098.62890,0
1774860300000,620.670,621.050,619.750,620.120,7926.36,1774861199999,4918515.69480,10321,4215.61,2615919.14900,0
1774861200000,620.120,620.120,618.490,618.690,4777.22,1774862099999,2958252.69030,9449,1764.20,1092397.62150,0
1774862100000,618.680,619.070,617.900,618.110,3423.39,1774862999999,2116633.31560,7464,1737.08,1073979.96310,0
1774863000000,618.100,618.310,617.580,618.240,3144.36,1774863899999,1942981.42840,6475,2063.78,1275269.61890,0
1774863900000,618.240,618.470,617.900,617.940,2545.61,1774864799999,1573488.42450,4051,1133.64,700681.05330,0
1774864800000,617.940,618.150,617.610,617.970,1724.87,1774865699999,1065837.21150,4842,832.67,514502.13670,0
1774865700000,617.960,618.210,617.300,617.310,1771.62,1774866599999,1094478.20590,4134,853.30,527153.63760,0
1774866600000,617.300,617.530,616.430,617.180,3378.72,1774867499999,2084587.71390,6102,1779.48,1097969.50710,0
1774867500000,617.180,618.440,616.940,618.230,2147.59,1774868399999,1326617.36140,5085,1508.89,932030.51290,0
1774868400000,618.240,619.240,618.240,618.840,2510.82,1774869299999,1553430.94390,6682,1843.59,1140608.63270,0
1774869300000,618.840,621.650,617.960,618.600,17405.70,1774870199999,10786546.29130,19613,8920.70,5530589.01190,0
1774870200000,618.600,619.520,618.410,618.800,4264.99,1774871099999,2639419.26970,10567,2069.58,1280781.84210,0
1774871100000,618.800,618.920,617.630,618.030,4829.42,1774871999999,2985650.71830,8186,2162.03,1336672.13520,0
1774872000000,618.030,619.740,617.910,619.000,5532.56,1774872899999,3424862.91760,11143,3675.86,2275552.32270,0
1774872900000,619.010,619.620,618.510,618.910,3071.58,1774873799999,1901512.54750,7681,2109.60,1305972.88670,0
1774873800000,618.920,620.220,618.790,619.440,3910.69,1774874699999,2422662.69170,9475,2544.81,1576579.75920,0
1774874700000,619.450,620.040,618.930,619.800,3485.21,1774875599999,2159438.54360,7198,2465.04,1527386.43380,0
1774875600000,619.810,620.640,619.070,619.500,10713.47,1774876499999,6639444.63170,12056,3567.94,2211472.27840,0
1774876500000,619.510,621.210,618.960,618.970,5062.11,1774877399999,3139293.47790,10841,2423.23,1502872.61990,0
1774877400000,618.960,619.820,617.770,618.070,8495.19,1774878299999,5255727.37270,16079,5236.66,3239858.27320,0
1774878300000,618.070,618.790,616.630,617.070,8880.39,1774879199999,5485309.13180,13048,4243.86,2621714.45430,0
1774879200000,617.080,618.500,616.780,618.110,3792.52,1774880099999,2342163.90390,10820,2529.63,1562279.74810,0
1774880100000,618.120,618.180,615.440,615.880,7147.49,1774880999999,4407400.69230,11766,2808.05,1731830.06750,0
1774881000000,615.880,616.200,613.620,614.070,11868.63,1774881899999,7292852.00870,17325,4937.26,3033592.94010,0
1774881900000,614.060,618.000,613.780,617.360,10263.19,1774882799999,6319572.26650,17464,5365.70,3303767.73740,0
1774882800000,617.360,618.390,616.330,616.500,6637.42,1774883699999,4096631.29480,13351,3505.78,2163804.98260,0
1774883700000,616.500,617.230,615.710,616.760,2649.32,1774884599999,1632774.79660,7826,1516.23,934570.07650,0
1774884600000,616.750,619.680,616.490,619.220,7212.28,1774885499999,4461802.87060,11719,4192.31,2593671.49930,0
1774885500000,619.220,619.770,618.490,618.720,3526.36,1774886399999,2182657.52470,7447,2125.13,1315328.05140,0
1774886400000,618.720,618.950,616.900,617.040,5247.08,1774887299999,3239658.26670,9792,2198.89,1357675.52610,0
1774887300000,617.040,617.360,616.130,616.400,3167.17,1774888199999,1953074.90170,6646,1952.17,1203823.77100,0
1774888200000,616.400,616.990,616.020,616.550,2514.18,1774889099999,1550074.93380,6134,1335.96,823632.56110,0
1774889100000,616.550,616.960,615.460,616.880,2353.38,1774889999999,1450118.77050,6290,1092.30,673152.19140,0
1774890000000,616.880,617.820,615.410,615.770,3473.23,1774890899999,2141360.32020,7971,1544.46,952395.57570,0
1774890900000,615.760,615.890,611.900,613.290,10442.69,1774891799999,6408113.44110,14816,4665.15,2862825.78220,0
1774891800000,613.290,614.520,612.700,614.510,3887.16,1774892699999,2385162.75810,9889,2302.34,1412789.50260,0
1774892700000,614.520,615.160,613.260,613.490,3072.97,1774893599999,1887182.08220,7030,1594.40,979143.46980,0
1774893600000,613.480,613.880,612.120,612.810,4905.51,1774894499999,3007276.71450,9377,2512.69,1540544.80240,0
1774894500000,612.810,612.850,610.510,610.900,12788.63,1774895399999,7819824.70830,10154,7919.86,4842742.64240,0
1774895400000,610.910,612.230,610.380,612.030,3074.38,1774896299999,1879566.37750,6723,1856.54,1135147.62680,0
1774896300000,612.030,612.220,610.280,611.010,4394.67,1774897199999,2684885.60080,7136,2092.41,1278384.00040,0
1774897200000,611.000,611.130,609.240,610.120,5641.03,1774898099999,3441258.02660,10691,2164.21,1320444.02740,0
1774898100000,610.120,610.480,608.260,608.670,5128.77,1774898999999,3124367.12620,9635,1695.69,1033142.73200,0
1774899000000,608.670,609.270,608.350,609.180,2779.28,1774899899999,1692052.60940,7459,1677.26,1021115.48270,0
1774899900000,609.180,611.070,608.960,610.740,4300.71,1774900799999,2623552.41370,7798,2558.84,1561179.95830,0
1774900800000,610.740,611.850,608.930,610.310,15924.31,1774901699999,9719472.79870,11352,5740.72,3503307.85720,0
1774901700000,610.310,610.470,609.820,610.020,2568.34,1774902599999,1567123.95510,4371,1065.31,649999.08860,0
1774902600000,610.030,610.390,609.420,610.060,2473.77,1774903499999,1508601.87550,4424,1225.26,747166.69650,0
1774903500000,610.050,610.710,609.730,610.320,2138.13,1774904399999,1304746.76860,3464,1197.15,730591.24330,0
1774904400000,610.330,612.270,609.720,611.720,5604.47,1774905299999,3424726.95250,8567,3636.53,2222398.48600,0
1774905300000,611.720,613.370,611.640,612.280,4412.40,1774906199999,2702566.63740,8001,2638.74,1616107.25390,0
1774906200000,612.270,613.570,612.130,613.110,2085.64,1774907099999,1277882.99190,4655,1206.14,739020.51300,0
1774907100000,613.120,613.540,612.430,612.550,3594.91,1774907999999,2203427.61180,5930,2125.59,1302855.54830,0
1774908000000,612.560,613.900,611.210,611.860,4531.46,1774908899999,2775315.30120,9288,2151.98,1318032.88540,0
1774908900000,611.860,612.570,611.500,612.060,2087.11,1774909799999,1277495.00810,4820,1104.48,676031.79460,0
1774909800000,612.060,612.210,611.320,611.810,1239.20,1774910699999,758062.21710,3626,688.43,421123.35060,0
1774910700000,611.810,611.940,610.740,611.240,3520.96,1774911599999,2151855.41470,5040,1835.86,1121937.72320,0
1774911600000,611.250,611.250,607.220,608.130,13139.24,1774912499999,7996589.01950,17898,5437.22,3308000.01030,0
1774912500000,608.130,609.040,608.010,608.670,3599.96,1774913399999,2190669.51450,6765,2233.46,1359066.34830,0
1774913400000,608.680,609.340,608.330,609.250,3389.35,1774914299999,2063469.69640,5924,2042.88,1243723.74890,0
1774914300000,609.260,609.420,608.500,609.420,1519.54,1774915199999,925534.70520,4538,873.58,532092.47790,0
1774915200000,609.420,610.260,608.340,609.260,5763.13,1774916099999,3512117.55880,10461,3581.43,2182772.29220,0
1774916100000,609.260,610.280,608.450,610.120,5079.14,1774916999999,3094234.63890,9320,2559.94,1559690.67970,0
1774917000000,610.120,610.770,609.330,610.430,4894.53,1774917899999,2986025.35930,10863,2644.24,1613281.97980,0
1774917900000,610.430,612.580,610.410,611.500,7883.50,1774918799999,4821451.29370,16278,3740.42,2287542.18160,0
1774918800000,611.500,612.550,610.580,612.340,5349.32,1774919699999,3272137.20460,10569,2466.91,1508859.10550,0
1774919700000,612.340,616.450,612.170,615.880,14293.06,1774920599999,8780017.04440,20683,7333.93,4504447.14590,0
1774920600000,615.880,619.900,615.420,616.430,20323.62,1774921499999,12555907.57150,30473,11239.76,6944701.89280,0
1774921500000,616.440,617.180,615.420,616.680,6109.99,1774922399999,3766876.44820,13937,3969.90,2447585.28640,0
1774922400000,616.680,616.870,615.450,616.320,3592.90,1774923299999,2213745.84190,9179,1687.77,1039841.20920,0
1774923300000,616.310,617.740,616.310,617.250,3446.86,1774924199999,2127899.40200,9109,1688.38,1042258.16250,0
1774924200000,617.240,617.420,615.920,617.010,2575.35,1774925099999,1588286.01910,7278,1084.87,669099.54840,0
1774925100000,617.010,617.120,615.040,615.050,4804.57,1774925999999,2958626.18850,8954,2257.46,1389998.09720,0
1774926000000,615.040,615.300,613.930,614.420,5040.98,1774926899999,3097907.08740,8903,2196.27,1349699.49970,0
1774926900000,614.420,614.830,613.480,614.060,2899.23,1774927799999,1780427.17210,7180,1684.96,1034708.81330,0
1774927800000,614.050,614.630,612.630,613.240,3395.81,1774928699999,2082637.51850,7076,1210.11,742363.53260,0
1774928700000,613.250,613.900,612.860,613.690,2539.43,1774929599999,1557953.50570,5079,1499.39,919882.11920,0
1774929600000,613.690,614.470,612.820,613.370,4923.44,1774930499999,3022133.54980,8367,2904.70,1783099.21690,0
1774930500000,613.360,614.670,611.730,612.210,4534.43,1774931399999,2780994.86600,7922,2100.92,1288798.62050,0
1774931400000,612.210,612.670,611.840,612.270,2130.20,1774932299999,1304206.62500,5725,1125.88,689328.79370,0
1774932300000,612.260,613.290,612.260,612.510,2394.35,1774933199999,1467000.43220,5093,1071.28,656327.62330,0
1774933200000,612.510,612.640,611.240,611.530,4366.22,1774934099999,2671986.27370,7866,1916.74,1173029.06350,0
1774934100000,611.530,613.480,611.300,613.110,2915.88,1774934999999,1786104.89000,6777,1765.51,1081361.22670,0
1774935000000,613.100,613.750,612.630,613.010,2562.09,1774935899999,1571043.98010,6922,1581.71,969987.16630,0
1774935900000,613.020,613.970,612.980,613.430,2431.80,1774936799999,1491944.86440,5974,1563.35,959104.07930,0
1774936800000,613.420,613.590,612.010,612.260,4219.21,1774937699999,2585182.84570,7128,2009.84,1231258.69560,0
1774937700000,612.250,612.470,611.010,611.670,3069.46,1774938599999,1877954.02680,6991,1405.09,859766.73250,0
1774938600000,611.670,612.090,611.200,611.810,2317.80,1774939499999,1417725.70560,6526,1385.03,847210.58570,0
1774939500000,611.810,612.860,611.700,612.310,2266.60,1774940399999,1387687.11550,5171,1408.75,862417.49550,0
1774940400000,612.310,612.630,610.390,610.820,4922.48,1774941299999,3010599.90460,7702,1979.29,1210732.65670,0
1774941300000,610.820,610.870,609.310,610.330,5981.79,1774942199999,3648813.95060,10500,2781.53,1696731.69900,0
1774942200000,610.330,611.510,610.240,610.910,3307.25,1774943099999,2020435.69140,6737,1841.43,1125002.17950,0
1774943100000,610.910,611.650,610.890,611.140,3420.91,1774943999999,2090803.64580,5562,1837.16,1122767.94970,0
1774944000000,611.140,611.320,609.870,610.090,7252.14,1774944899999,4428143.05770,9773,3883.00,2371112.93040,0
1774944900000,610.080,610.800,609.520,609.960,3380.39,1774945799999,2062665.98960,7442,1823.40,1112666.25920,0
1774945800000,609.960,609.980,607.250,607.530,7866.84,1774946699999,4786249.02340,12465,4076.50,2480252.88880,0
1774946700000,607.530,608.610,606.480,607.400,11660.72,1774947599999,7086528.51940,15109,6630.52,4030327.78350,0
1774947600000,607.410,608.460,606.700,607.380,6826.79,1774948499999,4147569.67460,12657,3558.76,2162256.09800,0
1774948500000,607.390,607.520,604.560,605.540,12576.99,1774949399999,7619480.80280,18038,4640.23,2811634.17080,0
1774949400000,605.540,606.760,605.080,606.230,5093.00,1774950299999,3085918.55110,11272,3237.47,1961625.40440,0
1774950300000,606.230,606.280,598.600,600.440,42969.75,1774951199999,25845499.15000,40348,14967.65,8999628.06760,0
1774951200000,600.440,602.380,599.750,602.150,12552.90,1774952099999,7545723.61880,19553,7446.04,4476875.10410,0
1774952100000,602.160,603.270,601.800,602.710,4557.65,1774952999999,2745931.29930,10372,2201.99,1326791.49450,0
1774953000000,602.710,603.110,601.300,602.060,5327.80,1774953899999,3207929.84860,10565,2041.65,1229393.68290,0
1774953900000,602.050,603.330,601.880,602.700,3926.15,1774954799999,2366592.75630,7799,2301.57,1387378.73460,0
1774954800000,602.700,605.040,602.220,604.760,13045.35,1774955699999,7875858.26820,18286,7210.84,4353626.89140,0
1774955700000,604.760,605.900,604.450,604.980,8894.71,1774956599999,5382666.72150,16398,5019.12,3037321.13350,0
1774956600000,604.980,606.430,604.980,606.000,5276.43,1774957499999,3195934.63110,8938,2495.28,1511265.65950,0
1774957500000,606.000,606.010,604.430,605.140,3195.75,1774958399999,1933597.54480,6206,1272.20,769719.45500,0
1774958400000,605.150,606.520,604.210,604.390,5871.98,1774959299999,3554256.98220,11999,2437.00,1475431.55310,0
1774959300000,604.390,606.690,604.110,606.600,5589.36,1774960199999,3384098.43360,11995,3225.61,1953086.22380,0
1774960200000,606.590,607.710,606.230,607.350,7139.24,1774961099999,4334243.24280,10239,4423.83,2685806.56230,0
1774961100000,607.360,607.500,605.840,606.020,3200.80,1774961999999,1941195.29070,6739,1408.22,853960.92400,0
1774962000000,606.020,607.680,606.010,607.070,4975.24,1774962899999,3019200.03860,8670,3197.42,1940223.51560,0
1774962900000,607.070,608.330,606.700,607.530,4370.41,1774963799999,2655187.83410,8424,2436.65,1480355.19950,0
1774963800000,607.530,609.940,607.050,608.270,14330.25,1774964699999,8724694.11410,23049,6946.58,4229639.94050,0
1774964700000,608.270,613.940,608.230,612.270,25403.73,1774965599999,15541372.24150,29496,16824.27,10292040.24250,0
1774965600000,612.280,614.350,611.040,613.530,12546.58,1774966499999,7686599.11410,22284,6602.54,4045199.08840,0
1774966500000,613.520,616.040,613.420,614.850,13088.92,1774967399999,8047143.21350,21936,5829.46,3584299.35460,0
1774967400000,614.850,615.160,609.630,611.580,20890.83,1774968299999,12785431.90990,20312,9068.83,5551346.16680,0
1774968300000,611.580,611.850,606.580,608.360,26549.93,1774969199999,16147925.98280,32513,13843.69,8418918.47070,0
1774969200000,608.350,611.660,608.350,611.290,10943.88,1774970099999,6673103.11200,21829,5642.33,3440614.61040,0
1774970100000,611.290,611.800,609.480,609.920,5895.56,1774970999999,3600748.45090,14994,2446.67,1494755.49330,0
1774971000000,609.920,611.130,609.170,609.570,6018.13,1774971899999,3673336.38380,12154,2593.44,1582895.67450,0
1774971900000,609.560,610.300,607.700,608.020,9583.37,1774972799999,5838855.44120,11646,6979.87,4253292.92850,0
1774972800000,608.020,609.790,607.940,609.310,5478.90,1774973699999,3336597.99090,11916,2713.59,1652306.54990,0
1774973700000,609.300,610.790,609.040,609.670,3634.97,1774974599999,2216576.58200,8421,2193.07,1337342.94960,0
1774974600000,609.680,616.690,608.500,614.740,24735.11,1774975499999,15187972.98470,32000,15140.72,9295887.88720,0
1774975500000,614.740,615.380,612.730,614.600,17080.41,1774976399999,10490127.40570,30735,9397.57,5771924.29270,0
1774976400000,614.590,619.710,614.200,619.330,24433.70,1774977299999,15069627.99560,35470,15654.99,9654610.52840,0
1774977300000,619.320,620.000,616.710,617.100,18352.85,1774978199999,11349657.48020,27669,9252.94,5723095.94460,0
1774978200000,617.110,618.140,614.510,615.300,8503.45,1774979099999,5238861.23300,18675,3356.70,2067975.66650,0
1774979100000,615.300,615.920,613.880,614.220,5678.52,1774979999999,3491308.76210,11935,2808.18,1726454.77390,0
1774980000000,614.210,616.280,614.210,616.280,5178.37,1774980899999,3185601.77570,9739,3311.37,2036990.06830,0
1774980900000,616.280,617.370,614.910,615.830,4718.07,1774981799999,2906375.15360,11278,2563.26,1579038.86870,0
1774981800000,615.830,616.670,614.930,616.290,2705.89,1774982699999,1666578.15600,7661,1358.30,836591.39140,0
1774982700000,616.290,616.880,615.590,616.290,2203.37,1774983599999,1357650.71350,6331,1044.54,643601.73100,0
1774983600000,616.280,617.400,616.130,616.650,4023.74,1774984499999,2482181.69040,9814,2405.89,1484227.30940,0
1774984500000,616.650,616.960,615.450,615.920,2486.16,1774985399999,1531717.24600,7493,1116.57,687848.52350,0
1774985400000,615.930,616.410,615.340,615.810,2493.43,1774986299999,1535721.74770,7244,1221.95,752604.18250,0
1774986300000,615.810,616.740,615.310,616.030,2687.83,1774987199999,1655776.52200,8050,1522.44,937870.15560,0
1774987200000,616.030,618.400,615.940,617.940,5834.64,1774988099999,3600202.87150,12238,3378.71,2084469.23650,0
1774988100000,617.930,618.110,616.750,617.070,2067.59,1774988999999,1276647.38560,6351,810.89,500685.66310,0
1774989000000,617.080,617.740,616.410,617.190,1803.61,1774989899999,1112848.35340,5645,1026.91,633535.65080,0
1774989900000,617.200,620.030,617.050,619.420,13926.51,1774990799999,8620489.95240,10302,9902.57,6129652.72160,0
1774990800000,619.410,619.680,617.400,617.670,5860.56,1774991699999,3622092.40960,8626,3199.18,1976983.19770,0
1774991700000,617.660,618.180,617.220,617.850,2564.49,1774992599999,1583921.46530,5318,971.70,600118.80020,0
1774992600000,617.860,618.490,617.750,618.140,1176.15,1774993499999,726940.67070,3980,554.12,342469.45750,0
1774993500000,618.150,619.660,617.830,618.270,2044.12,1774994399999,1264491.38680,5587,924.69,572033.70950,0
1774994400000,618.280,618.700,616.920,618.480,3839.83,1774995299999,2372699.48010,9330,2003.65,1238116.00600,0
1774995300000,618.490,618.790,617.220,617.220,2117.87,1774996199999,1309075.54340,6191,729.40,450804.64500,0
1774996200000,617.220,617.950,615.280,617.610,9453.36,1774997099999,5825935.41310,10170,3885.44,2394721.20890,0
1774997100000,617.610,617.640,616.980,617.210,1782.82,1774997999999,1100553.91220,4528,939.10,579674.42450,0
1774998000000,617.220,618.000,616.510,617.440,2800.82,1774998899999,1729188.56350,7771,1441.48,889868.66670,0
1774998900000,617.430,618.330,616.520,616.810,3265.99,1774999799999,2016707.38040,7940,1733.27,1070400.38300,0
1774999800000,616.820,618.000,616.690,617.620,2860.69,1775000699999,1766487.89460,7302,1461.29,902406.39200,0
1775000700000,617.620,618.270,616.970,617.640,3020.13,1775001599999,1865263.30660,7230,1027.22,634398.81720,0
