open_time,open,high,low,close,volume,close_time,quote_volume,count,taker_buy_volume,taker_buy_quote_volume,ignore
1767225600000,864.710,865.780,864.230,865.570,4049.56,1767226499999,3502503.89350,6603,2496.11,2158885.57170,0
1767226500000,865.580,866.790,865.570,866.780,2004.09,1767227399999,1736203.46680,3522,1259.97,1091527.75380,0
1767227400000,866.790,866.820,866.240,866.410,1462.96,1767228299999,1267738.31150,3655,533.49,462285.54470,0
1767228300000,866.420,867.000,866.010,866.750,1427.63,1767229199999,1237128.92460,3739,759.39,658078.55670,0
1767229200000,866.760,871.800,866.600,869.940,14982.02,1767230099999,13027662.36970,15473,10185.25,8854582.29750,0
1767230100000,869.950,870.940,869.380,869.610,4825.03,1767230999999,4197992.16630,8202,2201.83,1915703.95470,0
1767231000000,869.620,871.410,869.020,870.950,4176.95,1767231899999,3635576.29950,6211,2288.18,1991678.21430,0
1767231900000,870.950,874.360,870.540,873.490,12081.44,1767232799999,10540554.15040,12620,8544.90,7454935.58550,0
1767232800000,873.490,875.000,872.650,873.000,7811.62,1767233699999,6827365.10770,12114,3781.54,3305725.24580,0
1767233700000,873.000,873.290,871.600,872.430,5023.13,1767234599999,4382503.44870,8425,2262.17,1973681.58500,0
1767234600000,872.430,873.380,871.260,871.560,3374.69,1767235499999,2943948.09040,7750,1725.35,1505345.39060,0
1767235500000,871.560,872.820,871.200,872.110,4434.08,1767236399999,3867063.27600,6897,2106.61,1837148.88260,0
1767236400000,872.100,873.950,872.100,873.210,5547.40,1767237299999,4844536.45360,8200,3746.83,3272105.84570,0
1767237300000,873.210,873.540,870.720,870.750,6843.30,1767238199999,5966477.24410,9061,1768.87,1542434.32230,0
1767238200000,870.750,870.900,869.180,869.910,5437.46,1767239099999,4729497.75230,8612,1890.17,1644022.16280,0
1767239100000,869.910,870.030,869.290,869.670,1469.10,1767239999999,1277619.28230,4008,666.63,579735.36740,0
1767240000000,869.670,869.750,868.120,868.290,2921.53,1767240899999,2538272.96790,5773,1068.03,927912.41440,0
1767240900000,868.290,868.400,867.110,867.240,3397.34,1767241799999,2947770.94520,6403,1701.16,1475955.47750,0
1767241800000,867.230,867.740,865.500,865.510,5562.08,1767242699999,4818663.08200,7672,2450.12,2122543.55070,0
1767242700000,865.510,865.540,862.320,863.970,11025.89,1767243599999,9523774.85520,13992,3984.08,3441553.65460,0
1767243600000,863.960,865.620,863.800,865.150,4866.00,1767244499999,4208441.56110,8064,3074.95,2659434.22600,0
1767244500000,865.140,865.680,864.720,865.510,1609.91,1767245399999,1393005.91630,4380,829.03,717330.77130,0
1767245400000,865.510,865.620,863.960,864.280,2890.45,1767246299999,2500086.61470,5684,1161.17,1004174.64680,0
1767246300000,864.280,864.600,863.000,863.440,2706.07,1767247199999,2337516.15160,5840,1277.37,1103440.38340,0
1767247200000,863.440,864.730,862.860,864.610,4524.52,1767248099999,3908270.63890,6724,3140.07,2712464.94500,0
1767248100000,864.610,865.200,864.200,864.370,5854.89,1767248999999,5063364.96430,6050,2206.47,1908050.75080,0
1767249000000,864.370,864.370,863.780,863.960,1175.16,1767249899999,1015348.06550,3018,636.01,549516.11490,0
1767249900000,863.960,864.110,862.120,862.290,3138.71,1767250799999,2708322.51190,5695,1293.13,1115629.92400,0
1767250800000,862.280,862.290,861.000,861.290,7648.85,1767251699999,6589643.07900,10528,2396.40,2064539.16840,0
1767251700000,861.290,861.760,859.710,859.890,6717.35,1767252599999,5780843.74460,7817,1721.60,1482057.43050,0
1767252600000,859.890,860.840,859.650,860.340,3365.83,1767253499999,2896157.17560,6096,1897.63,1632803.51180,0
1767253500000,860.340,860.550,859.700,859.910,2740.53,1767254399999,2357233.35910,5076,1069.01,919490.94590,0
1767254400000,859.910,860.890,859.180,860.410,5721.98,1767255299999,4922135.75050,8531,2592.60,2230147.12850,0
1767255300000,860.400,861.030,860.400,861.020,2733.93,1767256199999,2352912.66720,5317,1943.55,1672721.69450,0
1767256200000,861.020,862.210,860.580,860.820,3295.19,1767257099999,2838049.65800,5874,1736.98,1496080.90800,0
1767257100000,860.820,861.970,860.820,861.800,2275.60,1767257999999,1960084.14350,4596,1522.25,1311182.55510,0
1767258000000,861.800,862.130,861.160,861.500,2612.07,1767258899999,2250320.96380,5586,1560.80,1344625.97510,0
1767258900000,861.510,862.180,861.120,861.120,2629.28,1767259799999,2265525.48200,4852,1305.66,1125032.88850,0
1767259800000,861.120,861.920,861.090,861.810,1505.17,1767260699999,1296557.02610,3836,936.81,806967.15350,0
1767260700000,861.800,861.810,860.290,860.570,3323.67,1767261599999,2862097.28210,4580,1111.18,956760.82780,0
1767261600000,860.580,861.510,860.580,861.410,1305.47,1767262499999,1124158.59590,3761,770.55,663542.71210,0
1767262500000,861.410,861.790,860.950,861.530,1941.52,1767263399999,1672310.99940,4330,1058.54,911748.73980,0
1767263400000,861.520,861.810,861.310,861.710,1271.11,1767264299999,1095180.03770,3530,762.67,657108.23180,0
1767264300000,861.700,862.290,861.500,861.500,1700.89,1767265199999,1465989.45530,3768,1032.29,889739.27260,0
1767265200000,861.500,861.640,861.160,861.210,1691.33,1767266099999,1456868.76250,4493,713.58,614656.15640,0
1767266100000,861.210,861.810,861.040,861.310,2667.05,1767266999999,2297363.35020,4747,1316.18,1133834.18170,0
1767267000000,861.300,861.970,860.980,861.290,3112.81,1767267899999,2680983.48100,4586,2126.60,1831644.21250,0
1767267900000,861.280,862.490,861.240,861.890,3439.12,1767268799999,2964090.95780,5101,1801.64,1552901.56080,0
1767268800000,861.890,861.890,859.590,859.810,4460.43,1767269699999,3838721.76680,7429,1034.12,890148.51370,0
1767269700000,859.800,859.820,856.240,857.250,14678.26,1767270599999,12590989.88990,17521,4724.58,4052080.97530,0
1767270600000,857.240,858.800,857.000,858.790,7336.42,1767271499999,6292967.68320,9104,3520.02,3019380.81820,0
1767271500000,858.790,859.680,858.780,859.370,2640.89,1767272399999,2269090.82420,5427,1806.13,1551905.75920,0
1767272400000,859.370,860.620,858.940,860.620,3323.60,1767273299999,2858055.07000,6494,1886.52,1622570.18170,0
1767273300000,860.620,861.240,859.510,860.450,4170.59,1767274199999,3589386.26110,7714,2122.16,1826471.34180,0
1767274200000,860.460,860.460,859.700,859.700,1377.97,1767275099999,1185168.71390,3140,620.67,533812.39580,0
1767275100000,859.700,859.700,858.720,859.010,2783.61,1767275999999,2391622.14940,5452,1361.11,1169530.50420,0
1767276000000,859.010,859.980,858.630,859.670,2354.51,1767276899999,2023173.34530,6190,923.21,793310.22230,0
1767276900000,859.670,859.680,858.110,858.220,2012.39,1767277799999,1728045.78600,5147,617.93,530635.95830,0
1767277800000,858.210,858.730,857.330,858.290,3393.99,1767278699999,2912017.39250,7313,1369.49,1175158.28280,0
1767278700000,858.290,858.960,857.890,858.230,2629.66,1767279599999,2257283.88830,5854,1466.99,1259324.27610,0
1767279600000,858.220,858.650,856.780,857.660,3299.28,1767280499999,2829406.82480,8898,1322.93,1134514.13070,0
1767280500000,857.650,858.300,856.600,857.940,5601.91,1767281399999,4803398.01690,10755,2950.40,2529893.60760,0
1767281400000,857.940,860.900,857.860,859.270,5014.39,1767282299999,4309435.75850,9220,2699.10,2319389.43960,0
1767282300000,859.270,860.860,858.730,859.710,4293.79,1767283199999,3690974.38010,7691,2334.07,2006428.89490,0
1767283200000,859.710,860.270,858.650,858.840,3672.72,1767284099999,3156794.51390,7891,1864.19,1602257.67970,0
1767284100000,858.830,859.570,858.660,859.140,3530.80,1767284999999,3033475.03690,8014,1970.14,1692716.34040,0
1767285000000,859.130,859.140,858.230,858.420,3023.55,1767285899999,2596096.85950,6151,1241.93,1066350.00640,0
1767285900000,858.420,858.420,857.710,858.420,2142.54,1767286799999,1838339.08880,4239,1096.77,941050.70880,0
1767286800000,858.410,859.400,857.410,859.360,2797.15,1767287699999,2401212.61130,5833,1471.16,1262877.01300,0
1767287700000,859.350,860.670,859.020,859.990,3463.08,1767288599999,2977750.28740,6474,2199.35,1891072.93610,0
1767288600000,859.990,861.300,859.720,860.250,6750.28,1767289499999,5808879.06480,9971,2338.14,2012210.18680,0
1767289500000,860.240,861.490,859.950,860.320,2723.63,1767290399999,2344503.50620,4739,1331.43,1146129.54250,0
1767290400000,860.320,860.530,859.440,859.450,2441.53,1767291299999,2099772.09800,5941,826.93,711241.98700,0
1767291300000,859.450,860.350,859.150,859.560,1375.28,1767292199999,1182421.33300,3777,581.53,499953.05120,0
1767292200000,859.550,860.050,859.420,859.910,1279.62,1767293099999,1100033.90380,3354,554.97,477082.02000,0
1767293100000,859.910,860.390,859.900,860.360,916.98,1767293999999,788862.31240,2389,502.55,432320.08970,0
1767294000000,860.360,861.110,860.210,860.270,1555.98,1767294899999,1339019.83200,4248,769.85,662520.28420,0
1767294900000,860.270,860.370,859.350,859.710,2912.23,1767295799999,2503745.97280,6406,1003.21,862535.96300,0
1767295800000,859.710,861.310,859.560,861.170,2036.91,1767296699999,1752885.20130,4098,1294.90,1114345.19710,0
1767296700000,861.170,861.810,860.950,861.810,2597.42,1767297599999,2237428.17240,4313,1602.39,1380354.05110,0
1767297600000,861.810,862.450,861.000,861.360,3781.86,1767298499999,3258833.43490,6498,1602.96,1381357.73270,0
1767298500000,861.350,861.690,860.560,861.160,1610.13,1767299399999,1386572.92090,4107,642.04,552968.63750,0
1767299400000,861.160,861.160,860.390,860.910,1419.94,1767300299999,1222221.20930,3605,639.96,550847.31230,0
1767300300000,860.920,861.580,860.800,861.310,1172.44,1767301199999,1009742.93600,2809,675.76,581983.27940,0
1767301200000,861.310,862.630,861.120,862.550,2159.15,1767302099999,1860977.77430,4389,1640.46,1413955.21790,0
1767302100000,862.550,863.060,862.440,862.800,1747.78,1767302999999,1507923.74410,3817,910.18,785276.16000,0
1767303000000,862.800,862.800,862.000,862.080,1212.13,1767303899999,1045228.73410,4040,632.78,545649.36300,0
1767303900000,862.090,862.750,861.920,862.620,782.35,1767304799999,674715.25850,2536,460.90,397504.58490,0
1767304800000,862.610,863.380,862.460,862.570,2051.42,1767305699999,1770281.89630,4832,919.71,793696.63700,0
1767305700000,862.570,862.730,862.050,862.280,1114.48,1767306599999,961077.06660,2873,407.46,351366.58730,0
1767306600000,862.270,862.840,861.610,862.210,2445.45,1767307499999,2108581.12710,4521,864.46,745391.22830,0
1767307500000,862.210,864.180,862.000,863.760,3054.94,1767308399999,2637582.59560,5686,1548.84,1337256.66380,0
1767308400000,863.760,864.240,862.630,862.970,4394.75,1767309299999,3793817.40550,7668,1646.25,1421221.93010,0
1767309300000,862.960,864.580,862.950,864.420,2488.89,1767310199999,2150481.85950,5318,1621.68,1401093.45850,0
1767310200000,864.420,864.960,863.960,864.800,3961.17,1767311099999,3424138.83240,5623,2198.15,1900239.57110,0
1767311100000,864.790,864.890,863.870,864.620,2433.67,1767311999999,2103605.44950,4480,803.77,694801.06650,0
1767312000000,864.620,864.980,861.610,862.330,7330.75,1767312899999,6325754.15670,10006,2595.97,2239821.80060,0
1767312900000,862.320,862.850,861.870,862.850,3037.36,1767313799999,2619625.63980,4466,1720.49,1483886.71930,0
1767313800000,862.850,864.210,862.700,863.680,2360.10,1767314699999,2038295.67080,5268,1476.01,1274774.47480,0
1767314700000,863.680,865.340,863.280,864.730,9809.43,1767315599999,8477610.81940,7728,3398.93,2937699.34210,0
1767315600000,864.730,865.100,863.560,863.900,3344.29,1767316499999,2890348.14250,5528,1735.04,1499427.66630,0
1767316500000,863.900,863.900,862.830,863.000,2133.76,1767317399999,1841848.42050,5079,913.43,788441.57140,0
1767317400000,863.000,863.000,862.100,862.510,1900.27,1767318299999,1639179.11280,5201,739.82,638149.85300,0
1767318300000,862.510,863.480,862.320,862.780,3607.14,1767319199999,3112410.77730,5144,1861.17,1606050.06570,0
1767319200000,862.780,862.810,861.000,861.620,4511.37,1767320099999,3887086.62230,7878,2116.54,1823495.18810,0
1767320100000,861.630,861.630,859.780,860.120,4006.49,1767320999999,3447528.78520,7329,1377.02,1184856.14610,0
1767321000000,860.120,861.760,860.060,861.580,2471.85,1767321899999,2128464.53640,4830,1080.21,930074.79920,0
1767321900000,861.570,863.400,861.500,863.400,2382.02,1767322799999,2054880.11790,4668,1535.38,1324585.54160,0
1767322800000,863.390,865.080,862.800,864.910,4516.22,1767323699999,3901380.05000,8456,2506.75,2165479.14280,0
1767323700000,864.910,865.020,863.890,864.420,3403.89,1767324599999,2942362.33570,6125,1478.03,1277608.84930,0
1767324600000,864.410,867.640,864.410,865.500,8666.76,1767325499999,7507117.52650,12290,4520.07,3915247.07600,0
1767325500000,865.510,867.040,865.510,866.200,5559.06,1767326399999,4816647.52160,9745,2724.51,2360690.86540,0
1767326400000,866.200,866.620,865.160,865.690,6682.85,1767327299999,5786617.11060,8871,2093.87,1813377.39610,0
1767327300000,865.690,866.130,864.250,864.780,4100.99,1767328199999,3548091.73100,7048,1537.38,1330383.95130,0
1767328200000,864.780,865.730,864.450,865.100,2533.01,1767329099999,2191182.36810,5164,993.88,859788.28430,0
1767329100000,865.110,866.120,864.870,865.220,1731.46,1767329999999,1498661.65210,4339,902.06,780826.48530,0
1767330000000,865.230,865.310,864.000,865.050,3001.92,1767330899999,2595821.96300,5737,940.33,813194.17930,0
1767330900000,865.050,866.110,863.290,863.610,5341.77,1767331799999,4617502.99770,8243,2382.67,2060009.14800,0
1767331800000,863.610,864.920,863.260,864.890,1728.67,1767332699999,1493872.67320,3953,1019.15,880732.25590,0
1767332700000,864.890,867.430,864.880,866.340,3680.35,1767333599999,3187876.19750,5816,2272.04,1967763.67820,0
1767333600000,866.350,866.730,865.900,866.310,3109.31,1767334499999,2693777.83900,5408,1523.17,1319565.53810,0
1767334500000,866.310,866.800,866.040,866.760,1706.42,1767335399999,1478440.59230,4193,903.33,782681.76580,0
1767335400000,866.770,868.050,866.770,867.930,4244.53,1767336299999,3682141.84120,7119,2353.61,2041750.00190,0
1767336300000,867.940,868.160,866.410,866.440,2720.63,1767337199999,2359824.64830,6512,930.37,807108.76310,0
1767337200000,866.430,867.040,866.380,866.810,1822.13,1767338099999,1579454.90790,5781,808.27,700627.61440,0
1767338100000,866.820,867.010,865.250,865.550,2518.65,1767338999999,2181291.62000,5914,819.47,709768.37660,0
1767339000000,865.550,866.000,864.890,865.590,6490.09,1767339899999,5617332.29250,7375,3892.01,3368702.24900,0
1767339900000,865.580,865.780,864.950,865.190,1591.38,1767340799999,1376996.88900,3156,580.62,502349.16190,0
1767340800000,865.190,869.760,865.180,868.750,12068.12,1767341699999,10475060.21250,12973,6728.25,5838684.69150,0
1767341700000,868.750,869.230,867.270,867.270,7878.56,1767342599999,6840999.74950,8260,4642.40,4031145.21530,0
1767342600000,867.280,868.690,866.930,867.650,2080.24,1767343499999,1805377.25170,5936,1054.30,914933.32760,0
1767343500000,867.660,868.420,867.650,868.270,1500.53,1767344399999,1302466.21300,4750,813.03,705692.23150,0
1767344400000,868.280,870.450,867.930,869.720,5712.44,1767345299999,4966058.63410,9722,3308.63,2876467.93640,0
1767345300000,869.730,869.890,868.640,868.920,2914.10,1767346199999,2532613.95940,6659,1584.80,1377318.60280,0
1767346200000,868.930,870.900,868.850,870.870,2820.48,1767347099999,2452406.69230,6676,1661.41,1444846.98110,0
1767347100000,870.880,872.500,870.060,871.670,10517.33,1767347999999,9165715.22530,17055,6387.43,5566738.85440,0
1767348000000,871.680,874.080,871.280,873.040,11227.43,1767348899999,9801094.45910,16864,6283.97,5485892.60150,0
1767348900000,873.040,874.940,872.000,872.220,9168.10,1767349799999,8005855.59660,14781,3626.64,3168460.29380,0
1767349800000,872.230,872.800,872.110,872.260,3185.85,1767350699999,2779572.62130,8033,1188.07,1036573.89960,0
1767350700000,872.270,873.000,872.260,872.320,3019.30,1767351599999,2634715.54610,6560,1031.28,899928.90210,0
1767351600000,872.320,872.350,869.270,869.790,7575.22,1767352499999,6595392.97880,11068,2507.97,2183393.48410,0
1767352500000,869.800,870.450,868.670,869.310,4685.19,1767353399999,4074173.52720,7976,1924.29,1673637.13100,0
1767353400000,869.320,869.960,867.100,868.640,6802.08,1767354299999,5906621.05660,9251,2171.00,1886329.75590,0
1767354300000,868.650,870.320,867.810,869.940,4336.58,1767355199999,3768651.94720,7120,2951.32,2564822.73300,0
1767355200000,869.940,870.800,869.430,870.750,2522.76,1767356099999,2195417.75820,5974,1307.58,1137986.06720,0
1767356100000,870.740,870.940,869.780,870.280,2376.64,1767356999999,2068725.81520,4891,1304.58,1135550.50890,0
1767357000000,870.290,871.660,870.240,871.290,3578.70,1767357899999,3117384.12110,7678,1610.94,1403227.53890,0
1767357900000,871.290,871.370,869.850,869.970,3417.39,1767358799999,2974018.59900,5163,1679.37,1461346.60060,0
1767358800000,869.960,870.450,869.500,870.110,2122.43,1767359699999,1846455.36510,5650,888.27,772768.91550,0
1767359700000,870.110,872.680,870.110,872.250,5354.50,1767360599999,4667778.75870,8146,3017.43,2630459.04040,0
1767360600000,872.260,872.340,870.930,871.620,2004.67,1767361499999,1747267.48890,5116,1043.78,909748.63640,0
1767361500000,871.620,872.210,870.360,870.900,2087.09,1767362399999,1818638.51740,4840,981.95,855764.61460,0
1767362400000,870.910,871.760,869.570,870.140,2924.51,1767363299999,2545857.46720,7143,884.98,770461.16700,0
1767363300000,870.140,870.710,867.050,869.080,8774.43,1767364199999,7619868.70670,14399,3958.49,3437715.81010,0
1767364200000,869.080,872.880,865.590,872.300,14438.45,1767365099999,12550700.45020,26347,7831.46,6808907.26780,0
1767365100000,872.310,879.000,871.490,875.900,35560.64,1767365999999,31160430.68800,40748,22035.12,19312104.14520,0
1767366000000,875.910,879.190,873.680,874.320,24041.54,1767366899999,21079188.65160,32393,14131.78,12393756.93980,0
1767366900000,874.310,875.700,870.900,874.050,10779.04,1767367799999,9408444.91430,22301,4934.09,4307185.12410,0
1767367800000,874.040,881.650,873.400,880.730,15768.20,1767368699999,13851952.79170,26309,10964.22,9632091.30770,0
1767368700000,880.720,883.140,877.760,878.750,16106.76,1767369599999,14189485.14140,27438,10143.85,8938517.33590,0
1767369600000,878.760,881.500,878.160,880.760,11489.76,1767370499999,10106224.45710,21110,6901.89,6070952.92050,0
1767370500000,880.770,883.140,880.020,882.200,9423.96,1767371399999,8309580.37400,21093,5426.32,4785104.66200,0
1767371400000,882.210,888.000,882.040,885.310,25976.95,1767372299999,23017544.49110,36932,16313.02,14455557.74720,0
1767372300000,885.310,887.230,883.470,887.230,9032.61,1767373199999,7998015.92970,20867,4665.46,4131855.93100,0
1767373200000,887.230,890.650,887.120,889.890,21756.85,1767374099999,19340113.30310,28934,14874.15,13220723.32780,0
1767374100000,889.890,891.800,888.000,888.280,12191.71,1767374999999,10852442.62230,24114,6119.66,5448217.95560,0
1767375000000,888.290,888.750,886.200,887.500,7829.04,1767375899999,6947744.21970,18679,4192.01,3720339.77880,0
1767375900000,887.510,887.640,884.550,887.610,5680.04,1767376799999,5034266.41550,14112,2564.40,2273186.36150,0
1767376800000,887.610,888.810,886.810,887.780,5944.60,1767377699999,5277163.05060,12282,3440.21,3053951.52270,0
1767377700000,887.770,888.650,886.270,886.570,3296.94,1767378599999,2925457.69530,9156,1842.50,1634940.11230,0
1767378600000,886.580,886.580,883.370,883.760,6052.22,1767379499999,5353107.75460,13538,2347.91,2076589.07810,0
1767379500000,883.760,884.600,879.580,881.340,9356.00,1767380399999,8247030.01860,18326,4015.46,3539431.77030,0
1767380400000,881.340,882.710,880.630,882.420,3672.24,1767381299999,3237606.16210,10644,1910.19,1684113.27220,0
1767381300000,882.420,883.770,881.430,882.290,2404.98,1767382199999,2122543.48250,7301,1361.17,1201364.39640,0
1767382200000,882.290,883.120,881.500,882.080,2538.23,1767383099999,2239618.92520,7657,1414.83,1248403.09390,0
1767383100000,882.080,882.690,881.000,881.200,1914.32,1767383999999,1687723.85340,6131,983.62,867200.36460,0
1767384000000,881.210,883.900,881.210,883.520,4284.69,1767384899999,3782104.50450,12572,3153.66,2783690.21430,0
1767384900000,883.510,883.510,881.110,881.350,1997.37,1767385799999,1761975.26930,6946,1127.00,994147.95340,0
1767385800000,881.340,881.640,880.020,881.250,2151.79,1767386699999,1895151.52350,6182,1051.42,926094.68810,0
1767386700000,881.250,881.330,879.070,879.820,2057.18,1767387599999,1809916.93010,6351,942.04,828797.53890,0
1767387600000,879.810,880.470,879.790,880.190,1197.29,1767388499999,1053731.63590,4007,615.75,541901.81540,0
1767388500000,880.180,881.800,879.560,881.440,2694.60,1767389399999,2372841.82980,4630,1146.49,1009423.47290,0
1767389400000,881.450,881.460,880.610,881.450,1250.44,1767390299999,1101795.60720,3829,782.39,689389.19150,0
1767390300000,881.450,883.550,881.450,882.780,3299.50,1767391199999,2912001.62090,5697,2240.29,1977063.86510,0
1767391200000,882.780,885.530,882.430,883.600,5025.71,1767392099999,4444020.66370,10774,3184.42,2815807.99960,0
1767392100000,883.600,885.360,883.590,883.660,1839.10,1767392999999,1626103.75140,5018,967.27,855312.04500,0
1767393000000,883.670,885.050,883.170,884.550,2171.38,1767393899999,1919372.15290,5512,1157.96,1023628.54690,0
1767393900000,884.560,885.880,884.550,885.500,1760.89,1767394799999,1559246.67570,5192,955.98,846456.91480,0
1767394800000,885.510,886.220,884.620,884.690,2211.77,1767395699999,1958126.15210,6587,1107.41,980544.30260,0
1767395700000,884.700,885.490,883.140,883.700,3316.13,1767396599999,2932032.01650,7402,1336.18,1181233.42400,0
1767396600000,883.710,883.830,882.180,882.400,3064.73,1767397499999,2705663.65630,6761,1139.81,1006307.44420,0
1767397500000,882.400,882.400,880.970,881.800,3995.79,1767398399999,3522725.53630,6047,1425.53,1256660.60850,0
1767398400000,881.790,884.910,881.680,884.490,8893.54,1767399299999,7857213.47770,8864,6950.53,6140313.55250,0
1767399300000,884.500,884.500,881.940,882.650,4003.41,1767400199999,3535013.00030,10078,2069.52,1827285.15020,0
1767400200000,882.650,882.650,881.170,881.360,2410.49,1767401099999,2125367.69070,7271,1291.17,1138385.81040,0
1767401100000,881.370,882.720,881.330,882.080,2857.36,1767401999999,2520180.65370,6526,1693.51,1493591.54050,0
1767402000000,882.090,882.400,880.680,881.760,2944.09,1767402899999,2595277.86210,6624,1494.70,1317618.84280,0
1767402900000,881.760,881.800,880.120,880.590,4794.82,1767403799999,4223543.62420,6625,1605.08,1413652.93650,0
1767403800000,880.580,881.390,880.400,881.240,2554.09,1767404699999,2249709.18940,4530,1003.70,884030.43980,0
1767404700000,881.250,881.650,879.580,880.240,2281.72,1767405599999,2008777.78380,5488,826.93,728222.32690,0
1767405600000,880.240,880.300,875.500,876.520,22889.04,1767406499999,20074509.90060,25391,7307.90,6407284.55350,0
1767406500000,876.520,878.740,876.360,878.290,3823.78,1767407399999,3356016.21350,7774,2655.69,2330792.21140,0
1767407400000,878.300,879.400,877.680,879.090,4227.64,1767408299999,3713995.95540,7782,2177.45,1912919.73810,0
1767408300000,879.090,879.880,878.460,878.470,2246.59,1767409199999,1975358.89650,5074,968.14,851352.72970,0
1767409200000,878.460,878.830,877.530,877.960,2389.77,1767410099999,2098585.35910,6188,1101.35,967164.92490,0
1767410100000,877.960,878.690,877.770,878.430,1634.64,1767410999999,1435601.43370,4423,899.34,789825.65840,0
1767411000000,878.430,879.430,878.420,879.190,1698.18,1767411899999,1492462.85280,4803,1026.89,902512.43950,0
1767411900000,879.180,879.720,878.860,879.670,3058.45,1767412799999,2689527.18220,5706,1874.28,1648215.37850,0
1767412800000,879.670,880.520,878.610,878.670,5283.91,1767413699999,4648033.34950,7809,2925.97,2573842.46510,0
1767413700000,878.670,880.150,878.670,879.780,1657.72,1767414599999,1457939.94160,4162,915.07,804801.80780,0
1767414600000,879.780,880.520,878.290,878.360,3399.63,1767415499999,2989729.30050,5674,1380.06,1213665.90920,0
1767415500000,878.360,880.050,878.350,879.750,3030.76,1767416399999,2665101.30770,5845,1745.23,1534607.97280,0
1767416400000,879.740,879.820,878.720,878.730,1279.16,1767417299999,1124849.72960,3926,444.44,390844.74440,0
1767417300000,878.730,878.930,876.880,877.210,3484.47,1767418199999,3059025.95630,5129,922.25,809518.63830,0
1767418200000,877.200,877.210,874.770,875.910,6988.07,1767419099999,6119806.36810,9639,2079.53,1821047.04700,0
1767419100000,875.910,877.520,875.740,877.060,4226.26,1767419999999,3704962.49280,6054,2786.38,2442457.31150,0
1767420000000,877.050,877.400,875.890,877.090,4009.85,1767420899999,3515693.83660,6722,2050.56,1797985.57730,0
1767420900000,877.090,877.540,876.380,876.510,1673.44,1767421799999,1467553.53930,4314,712.35,624703.69290,0
1767421800000,876.500,876.510,874.000,874.180,4912.43,1767422699999,4298550.31190,8401,1730.69,1514132.21990,0
1767422700000,874.180,874.980,873.460,874.610,4499.35,1767423599999,3932724.47740,9467,2833.34,2476579.79440,0
1767423600000,874.610,875.730,873.410,873.500,3118.11,1767424499999,2727816.21740,7522,1454.17,1272117.80310,0
1767424500000,873.500,873.510,870.010,870.190,20354.67,1767425399999,17745225.02300,23073,6789.06,5919016.76090,0
1767425400000,870.180,873.010,869.050,872.600,9979.73,1767426299999,8692961.57930,15615,5584.08,4863473.86180,0
1767426300000,872.590,873.580,871.750,873.570,3618.42,1767427199999,3158624.23500,7308,1636.33,1428438.60670,0
1767427200000,873.570,874.500,872.150,872.880,4798.64,1767428099999,4190743.66050,10528,2516.47,2197841.58940,0
1767428100000,872.870,874.320,872.760,874.180,3824.49,1767428999999,3340631.01720,6745,2533.68,2213104.26080,0
1767429000000,874.190,876.000,873.970,875.720,6582.84,1767429899999,5759910.58530,9749,2427.36,2124144.03690,0
1767429900000,875.730,876.200,874.500,874.710,3235.87,1767430799999,2833324.19930,5355,1340.03,1173404.82930,0
1767430800000,874.710,875.770,874.500,874.650,1675.30,1767431699999,1465839.44130,4510,835.11,730665.31060,0
1767431700000,874.640,875.540,874.110,875.450,1720.22,1767432599999,1504671.22180,4155,940.61,822886.97140,0
1767432600000,875.450,876.100,875.050,875.670,2601.61,1767433499999,2277894.54200,5439,1457.55,1276208.76520,0
1767433500000,875.680,876.080,875.000,875.180,1928.58,1767434399999,1688663.96260,4445,1126.77,986621.22470,0
1767434400000,875.190,875.430,874.020,874.210,1960.53,1767435299999,1714772.69470,4632,774.78,677634.95950,0
1767435300000,874.200,874.320,873.790,874.220,1790.26,1767436199999,1564789.31960,3867,887.87,776045.12690,0
1767436200000,874.230,874.880,873.370,874.390,2440.85,1767437099999,2134261.04670,4686,1086.36,949887.72960,0
1767437100000,874.400,874.930,873.910,873.980,1020.70,1767437999999,892439.89210,3399,492.17,430331.15280,0
1767438000000,873.990,874.100,872.910,873.270,2027.00,1767438899999,1770280.61160,4662,676.95,591203.57740,0
1767438900000,873.270,873.870,872.980,873.700,1868.76,1767439799999,1632235.94540,3623,1073.92,938049.07090,0
1767439800000,873.710,874.520,873.380,874.420,1632.15,1767440699999,1426518.60600,3588,933.70,816102.46030,0
1767440700000,874.420,874.780,874.250,874.620,1599.03,1767441599999,1398369.34530,3201,788.44,689510.76060,0
1767441600000,874.620,874.780,874.000,874.530,1437.97,1767442499999,1257439.50770,3406,534.56,467419.51750,0
1767442500000,874.540,875.920,874.530,875.920,2043.69,1767443399999,1788728.48970,3954,1389.48,1216097.36800,0
1767443400000,875.910,876.000,874.990,875.380,1195.01,1767444299999,1046146.35930,3278,558.81,489210.32660,0
1767444300000,875.380,876.360,875.380,875.700,3297.97,1767445199999,2888214.29660,5984,1952.51,1709875.10740,0
1767445200000,875.700,876.310,875.380,876.030,2101.99,1767446099999,1841215.48560,4559,1156.37,1012911.04990,0
1767446100000,876.040,876.500,876.040,876.300,2030.91,1767446999999,1779686.92660,3854,1328.58,1164222.20500,0
1767447000000,876.300,877.880,876.290,877.010,4115.54,1767447899999,3610722.15510,6092,2512.12,2203885.09550,0
1767447900000,877.010,877.940,877.010,877.320,2613.30,1767448799999,2293438.26390,4070,1598.69,1403022.83880,0
1767448800000,877.320,877.410,875.790,875.880,7826.30,1767449699999,6859902.77880,8210,3370.19,2953915.15360,0
1767449700000,875.880,876.150,874.660,874.790,6447.22,1767450599999,5644346.02480,6507,3118.66,2730210.51980,0
1767450600000,874.780,875.990,873.710,875.480,8436.92,1767451499999,7379440.85750,10118,4046.73,3539868.10090,0
1767451500000,875.490,875.520,873.690,874.650,2570.04,1767452399999,2247239.24660,5646,1018.01,890087.09510,0
1767452400000,874.650,874.760,872.280,872.740,4647.26,1767453299999,4059171.45850,8664,1852.54,1617893.57540,0
1767453300000,872.740,874.510,872.500,874.230,2848.76,1767454199999,2488213.25100,5787,1721.94,1504025.16790,0
1767454200000,874.220,874.820,874.220,874.810,1222.29,1767455099999,1068891.54360,3192,889.84,778162.11010,0
1767455100000,874.810,875.350,873.610,873.890,2660.94,1767455999999,2327198.25290,4705,917.50,802553.25950,0
1767456000000,873.880,875.380,873.800,874.880,2064.32,1767456899999,1805407.73500,5258,1240.02,1084457.61420,0
1767456900000,874.880,875.500,873.860,875.070,2098.48,1767457799999,1835867.04730,5115,1046.71,915763.17890,0
1767457800000,875.070,876.720,875.070,876.040,3716.32,1767458699999,3256030.63360,6023,1885.92,1652212.29990,0
1767458700000,876.040,876.960,875.670,876.220,4924.16,1767459599999,4315135.72360,5848,2581.27,2262304.35780,0
1767459600000,876.220,876.480,875.610,875.730,1744.04,1767460499999,1527949.32820,4447,781.64,684837.81070,0
1767460500000,875.720,877.000,875.680,876.920,2295.67,1767461399999,2012580.83160,3380,1680.70,1473459.05500,0
1767461400000,876.930,877.730,876.920,877.410,1343.86,1767462299999,1179002.68370,3205,785.81,689393.70010,0
1767462300000,877.400,877.410,876.610,877.220,1111.96,1767463199999,975217.29250,3148,407.78,357635.97390,0
1767463200000,877.230,877.230,875.720,876.620,4047.32,1767464099999,3545996.08200,7639,880.32,771312.93970,0
1767464100000,876.620,877.650,876.470,877.050,1922.58,1767464999999,1686334.55350,4385,1088.02,954355.41290,0
1767465000000,877.040,877.650,877.010,877.350,1595.42,1767465899999,1399636.87490,3478,976.21,856402.16750,0
1767465900000,877.340,877.710,877.140,877.380,1185.90,1767466799999,1040543.88640,2868,375.53,329499.53200,0
1767466800000,877.370,877.380,876.640,876.800,794.00,1767467699999,696322.09040,3245,255.80,224320.45070,0
1767467700000,876.790,877.610,876.790,877.610,588.98,1767468599999,516753.42360,2460,383.34,336322.78730,0
1767468600000,877.600,877.610,877.150,877.260,524.94,1767469499999,460565.17320,2332,232.51,203989.83920,0
1767469500000,877.260,877.400,876.890,876.890,737.05,1767470399999,646516.74270,2257,199.29,174824.91520,0
1767470400000,876.880,877.150,875.930,876.360,2052.36,1767471299999,1798617.40200,4458,863.63,756875.18970,0
1767471300000,876.350,876.610,876.350,876.480,569.89,1767472199999,499509.94360,2187,259.55,227490.56860,0
1767472200000,876.480,877.810,876.480,877.470,888.61,1767473099999,779580.49430,2847,636.30,558195.44550,0
1767473100000,877.460,877.840,877.460,877.820,850.91,1767473999999,746834.10240,2604,491.44,431326.51770,0
1767474000000,877.810,877.920,877.270,877.820,1778.91,1767474899999,1561298.73680,3198,810.92,711696.17970,0
1767474900000,877.810,879.450,877.810,879.440,2696.32,1767475799999,2369400.77400,5309,1769.32,1554683.74600,0
1767475800000,879.440,879.990,878.680,879.850,2437.17,1767476699999,2143321.52860,5957,985.00,866310.33560,0
1767476700000,879.860,879.860,879.280,879.620,951.87,1767477599999,837261.35010,2902,359.72,316420.50490,0
1767477600000,879.620,880.370,879.240,879.800,1737.00,1767478499999,1528329.13430,4224,1209.72,1064415.93470,0
1767478500000,879.790,880.290,879.680,879.960,1575.26,1767479399999,1386234.55020,3176,661.77,582318.79100,0
1767479400000,879.950,880.500,879.190,879.300,2282.10,1767480299999,2007835.04160,3882,476.65,419386.45790,0
1767480300000,879.290,879.300,878.430,878.990,1035.18,1767481199999,909686.61390,2909,518.16,455288.44780,0
1767481200000,878.980,879.900,878.500,879.190,2348.62,1767482099999,2064674.82400,4888,780.59,686249.56090,0
1767482100000,879.180,880.090,879.180,879.890,1937.63,1767482999999,1704660.64090,3438,1140.44,1003261.93350,0
1767483000000,879.890,879.890,879.390,879.530,1602.73,1767483899999,1409870.96280,4134,775.03,681779.78020,0
1767483900000,879.540,879.630,879.020,879.070,844.78,1767484799999,742866.32950,2243,277.58,244113.01050,0
1767484800000,879.080,883.930,878.920,883.070,15275.25,1767485699999,13472507.15750,21229,8966.90,7907914.09310,0
1767485700000,883.070,883.440,880.330,880.590,6409.60,1767486599999,5650024.81600,11578,2724.06,2401670.20890,0
1767486600000,880.600,882.270,879.780,879.970,6137.00,1767487499999,5407216.23170,9838,2031.88,1790014.79210,0
1767487500000,879.970,882.290,879.280,881.560,2411.98,1767488399999,2124648.86600,7289,1299.94,1145120.28520,0
1767488400000,881.560,884.050,880.930,883.800,8819.21,1767489299999,7785807.41420,12818,5155.21,4551505.73110,0
1767489300000,883.800,884.300,882.310,882.510,3204.25,1767490199999,2830161.31970,8012,1522.99,1345271.83900,0
1767490200000,882.520,882.540,881.230,881.850,2840.25,1767491099999,2504565.33980,7579,1127.40,994250.88730,0
1767491100000,881.850,883.510,881.560,883.050,2032.00,1767491999999,1793258.49360,5383,898.19,792622.70150,0
1767492000000,883.050,883.120,881.600,881.610,1677.82,1767492899999,1480166.29840,5581,709.66,626018.06100,0
1767492900000,881.610,882.460,881.450,881.990,1611.51,1767493799999,1421392.37330,4700,852.08,751585.93010,0
1767493800000,881.990,882.020,881.110,881.370,1435.49,1767494699999,1265611.69940,4901,714.86,630258.09830,0
1767494700000,881.370,881.620,880.710,881.320,1401.76,1767495599999,1234974.33200,3564,419.94,369959.29320,0
1767495600000,881.320,883.430,881.310,883.270,1962.59,1767496499999,1731822.87180,4987,1065.40,940084.46310,0
1767496500000,883.270,883.500,881.810,882.290,3877.16,1767497399999,3422379.78600,7956,1358.10,1198977.43160,0
1767497400000,882.290,883.300,881.240,883.140,2469.17,1767498299999,2178209.85760,7292,1044.36,921530.32220,0
1767498300000,883.140,884.110,883.130,883.630,2009.36,1767499199999,1775511.36610,6800,980.43,866362.94260,0
1767499200000,883.620,884.790,883.260,884.780,2235.49,1767500099999,1976196.87570,6007,1219.58,1078222.24130,0
1767500100000,884.780,885.770,884.440,884.920,5848.98,1767500999999,5176368.65600,8093,3154.06,2791507.50420,0
1767501000000,884.930,888.850,884.660,888.840,9306.68,1767501899999,8258032.65990,12787,6703.86,5948340.97850,0
1767501900000,888.830,891.580,888.570,889.440,16192.55,1767502799999,14412233.56890,23366,8624.02,7675912.01870,0
1767502800000,889.410,889.610,886.010,886.450,6759.03,1767503699999,5998098.05040,14154,2178.33,1932945.36630,0
1767503700000,886.460,888.640,886.450,888.160,2745.12,1767504599999,2437346.60090,6825,1579.22,1401991.81450,0
1767504600000,888.160,888.880,887.670,888.140,2043.06,1767505499999,1814648.90260,6968,963.11,855430.54810,0
1767505500000,888.140,889.000,888.130,888.590,1867.16,1767506399999,1659127.85560,4869,735.71,653770.43880,0
1767506400000,888.600,890.390,888.480,889.860,4667.36,1767507299999,4151300.34120,9425,2175.73,1935150.27220,0
1767507300000,889.870,889.870,887.840,887.990,5593.81,1767508199999,4971512.34450,10282,2159.18,1919084.57240,0
1767508200000,887.980,888.480,885.200,885.670,4808.13,1767509099999,4263555.74560,11501,1400.73,1241917.65760,0
1767509100000,885.670,886.760,884.310,885.160,4263.72,1767509999999,3775001.46020,9598,1499.82,1328324.67700,0
1767510000000,885.160,885.800,884.900,885.520,3073.37,1767510899999,2720936.40560,6020,1296.91,1148298.32360,0
1767510900000,885.530,885.530,883.410,884.700,3967.51,1767511799999,3508755.40390,6852,1191.63,1053923.13370,0
1767511800000,884.700,885.700,883.800,885.640,2202.25,1767512699999,1948722.89740,6183,1101.03,974273.41000,0
1767512700000,885.640,886.270,884.940,885.110,2464.40,1767513599999,2182343.90860,5611,1279.27,1132934.12310,0
1767513600000,885.110,885.150,882.840,884.470,4522.56,1767514499999,3997734.54820,9953,1953.17,1726421.04030,0
1767514500000,884.470,885.460,883.690,884.280,2561.56,1767515399999,2265903.85030,5993,1182.94,1046387.33830,0
1767515400000,884.280,886.550,884.280,886.480,3365.58,1767516299999,2980596.51750,6049,2308.93,2044752.93530,0
1767516300000,886.490,887.100,886.270,886.410,1895.25,1767517199999,1680666.76240,5249,705.46,625570.87440,0
1767517200000,886.420,886.720,884.900,885.590,2263.89,1767518099999,2004748.46100,6230,743.04,657971.43360,0
1767518100000,885.600,886.830,885.270,885.630,2379.20,1767518999999,2107785.72460,6268,1046.44,927070.07550,0
1767519000000,885.640,886.410,885.540,886.240,1178.35,1767519899999,1044000.37350,4572,534.92,473910.03170,0
1767519900000,886.240,887.350,885.640,886.780,2164.87,1767520799999,1919284.42510,5853,1060.85,940570.62200,0
1767520800000,886.780,888.110,886.180,887.700,3526.62,1767521699999,3129340.91950,7500,2281.96,2025110.05970,0
1767521700000,887.690,887.780,886.910,887.500,1807.25,1767522599999,1603545.92210,5837,769.92,683162.16950,0
1767522600000,887.510,888.040,887.050,887.630,1986.72,1767523499999,1763393.87000,5020,1068.32,948233.36080,0
1767523500000,887.640,887.810,887.160,887.790,1438.13,1767524399999,1276362.21400,4038,740.52,657221.26220,0
1767524400000,887.790,887.790,885.900,885.980,2457.18,1767525299999,2178429.50240,7662,691.55,613069.49110,0
1767525300000,885.990,886.500,885.500,885.820,3103.64,1767526199999,2749624.26670,6146,1808.30,1601993.81760,0
1767526200000,885.830,886.680,885.400,886.420,1638.05,1767527099999,1451394.07020,4775,820.89,727420.63070,0
1767527100000,886.430,886.460,885.040,885.390,3188.70,1767527999999,2823698.05530,5120,1707.02,1511670.97490,0
1767528000000,885.360,885.730,884.430,885.720,3244.33,1767528899999,2871351.60320,5827,1140.19,1009160.50540,0
1767528900000,885.720,888.470,885.720,887.940,3579.29,1767529799999,3176249.78560,7240,2193.22,1946142.22350,0
1767529800000,887.950,888.160,886.710,886.710,3320.93,1767530699999,2947111.09500,6735,1410.13,1251402.59190,0
1767530700000,886.720,887.710,886.620,887.710,1567.07,1767531599999,1390395.72610,4700,878.39,779364.49680,0
1767531600000,887.710,888.870,887.020,888.800,2450.21,1767532499999,2175449.19550,5743,1342.73,1192237.89300,0
1767532500000,888.790,889.350,887.580,889.350,4309.21,1767533399999,3828824.60920,7993,2215.74,1968818.75410,0
1767533400000,889.340,890.660,888.760,888.760,5802.88,1767534299999,5163961.73510,9194,3371.40,3000438.58860,0
1767534300000,888.770,889.690,888.700,889.310,2354.07,1767535199999,2093141.99000,5515,1307.21,1162193.69310,0
1767535200000,889.310,889.350,888.110,888.950,2398.56,1767536099999,2131907.40300,6257,1164.70,1035171.34390,0
1767536100000,888.950,889.060,886.720,887.040,2852.45,1767536999999,2531927.92130,6578,992.47,880847.47420,0
1767537000000,887.040,887.610,885.570,886.530,4154.74,1767537899999,3682885.72070,8489,1541.34,1366517.94440,0
1767537900000,886.530,887.740,885.410,887.510,3763.42,1767538799999,3336406.49330,6485,2012.91,1784740.87270,0
1767538800000,887.500,888.630,886.620,888.060,3119.45,1767539699999,2769778.86330,7026,1548.96,1375395.51540,0
1767539700000,888.070,889.030,887.760,888.630,2216.55,1767540599999,1969505.51410,5371,1155.18,1026450.67480,0
1767540600000,888.640,888.940,887.130,887.160,2737.67,1767541499999,2431054.62460,6475,1145.67,1017518.01550,0
1767541500000,887.160,889.990,885.560,889.790,7225.05,1767542399999,6416280.74910,10095,5127.20,4553822.84780,0
1767542400000,889.790,895.770,889.780,892.950,23788.56,1767543299999,21251171.02990,28457,14443.83,12901320.09760,0
1767543300000,892.950,893.320,891.160,892.140,4929.49,1767544199999,4397174.43690,10540,2389.21,2131181.65110,0
1767544200000,892.150,894.100,892.140,893.980,4628.71,1767545099999,4135287.08740,9492,2586.85,2310901.42070,0
1767545100000,893.990,898.420,893.990,897.900,18421.33,1767545999999,16526562.47680,21288,12486.60,11201044.40940,0
1767546000000,897.910,899.900,897.380,898.740,10934.51,1767546899999,9827853.70200,15897,6337.23,5696082.09250,0
1767546900000,898.750,902.140,897.010,901.370,18998.63,1767547799999,17104786.86320,20629,10644.98,9585029.13180,0
1767547800000,901.370,903.770,900.650,902.290,14745.34,1767548699999,13306446.12850,18671,8738.42,7886274.96720,0
1767548700000,902.300,902.600,900.760,901.550,7200.01,1767549599999,6491293.65280,9634,3902.46,3518239.67300,0
1767549600000,901.550,901.590,898.600,899.600,8017.18,1767550499999,7213661.33390,12547,3035.89,2731644.91620,0
1767550500000,899.600,899.930,897.280,898.480,6195.72,1767551399999,5566600.69720,9615,3220.69,2893492.20100,0
1767551400000,898.480,898.520,895.350,897.400,6866.45,1767552299999,6159758.57100,11791,3154.16,2829531.71530,0
1767552300000,897.390,897.510,895.520,895.860,2968.60,1767553199999,2660875.41900,6736,1264.04,1133102.02310,0
1767553200000,895.850,896.130,891.590,892.830,8401.40,1767554099999,7503293.74260,17146,3462.99,3092617.70350,0
1767554100000,892.830,894.230,892.020,893.030,3651.11,1767554999999,3260635.34500,8923,2084.57,1861602.37250,0
1767555000000,893.040,893.630,891.300,891.520,3477.36,1767555899999,3102470.13820,7271,1496.38,1335245.06140,0
1767555900000,891.520,893.600,891.520,893.260,3168.02,1767556799999,2827563.81210,5506,2130.13,1901353.44820,0
1767556800000,893.260,898.420,893.250,896.880,9179.40,1767557699999,8225366.00630,15893,5800.95,5196977.13490,0
1767557700000,896.870,896.920,895.930,896.580,2037.81,1767558599999,1826747.10260,4879,1183.77,1061163.93110,0
1767558600000,896.570,896.800,895.830,895.840,2204.79,1767559499999,1976214.92190,4553,526.65,472144.21140,0
1767559500000,895.830,897.480,895.710,896.890,1394.26,1767560399999,1249942.67690,3697,844.46,757035.37630,0
1767560400000,896.880,897.830,895.840,896.510,2528.19,1767561299999,2267371.05420,6237,1218.51,1092901.07520,0
1767561300000,896.510,897.330,896.270,897.180,1072.07,1767562199999,961330.44000,3490,645.24,578586.41600,0
1767562200000,897.170,898.210,895.730,895.800,2446.98,1767563099999,2194691.21210,5887,1258.16,1128781.70460,0
1767563100000,895.790,897.650,895.600,897.650,2459.83,1767563999999,2205693.90680,4763,1671.38,1498645.09610,0
1767564000000,897.650,898.120,895.580,896.150,2377.90,1767564899999,2133328.87580,6460,1238.94,1111659.86560,0
1767564900000,896.150,896.150,892.910,894.200,11081.07,1767565799999,9908195.98760,10024,3436.74,3072965.67260,0
1767565800000,894.160,894.930,892.850,893.730,2653.36,1767566699999,2371553.77180,4548,1322.26,1182098.63610,0
1767566700000,893.720,894.330,893.260,894.150,942.94,1767567599999,842790.09380,2885,527.75,471719.22300,0
1767567600000,894.160,897.010,893.890,894.050,5871.32,1767568499999,5259230.38120,10788,3627.18,3249244.80620,0
1767568500000,894.050,896.360,893.910,895.310,2330.79,1767569399999,2086216.24920,6789,1353.00,1210978.36410,0
1767569400000,895.320,896.110,893.840,894.080,2683.81,1767570299999,2401182.88470,7074,1013.72,907057.47030,0
1767570300000,894.070,896.420,893.470,895.990,6720.34,1767571199999,6009959.05100,7346,1986.39,1777446.82420,0
1767571200000,895.980,899.980,895.920,897.500,13437.09,1767572099999,12067029.95550,21268,7112.04,6387475.87330,0
1767572100000,897.500,898.730,896.320,898.500,4192.38,1767572999999,3763665.10330,10957,2013.86,1807826.62730,0
1767573000000,898.500,898.580,895.200,898.410,5698.71,1767573899999,5111562.39950,11079,2574.88,2309419.88910,0
1767573900000,898.410,901.830,898.270,900.780,13794.86,1767574799999,12420589.28280,15988,9643.62,8682173.73500,0
1767574800000,900.790,904.840,899.750,903.600,11675.04,1767575699999,10542564.95730,21156,6668.97,6022244.72670,0
1767575700000,903.610,903.960,901.400,903.930,6405.35,1767576599999,5782769.69880,13500,3417.15,3085257.75160,0
1767576600000,903.940,907.650,902.810,906.090,15830.11,1767577499999,14334756.31140,24677,10002.74,9058834.23400,0
1767577500000,906.100,906.730,903.600,903.840,6066.37,1767578399999,5490831.13790,12569,2545.31,2304645.08050,0
1767578400000,903.850,904.950,901.730,902.170,7009.22,1767579299999,6331386.12950,15879,3452.16,3118868.33200,0
1767579300000,902.180,903.150,900.010,900.070,5157.18,1767580199999,4648281.16940,10465,2003.45,1805872.29870,0
1767580200000,900.080,901.690,899.520,900.390,4336.45,1767581099999,3905222.08580,10706,2214.82,1994851.87750,0
1767581100000,900.400,902.190,900.390,901.820,3335.50,1767581999999,3005954.69540,7969,1609.60,1450549.65370,0
1767582000000,901.820,902.660,900.400,900.570,2639.02,1767582899999,2379173.04230,8459,1213.01,1093579.49820,0
1767582900000,900.580,901.540,899.930,900.420,3814.72,1767583799999,3435412.46820,8057,1922.12,1730835.28880,0
1767583800000,900.430,901.190,899.590,900.150,4243.13,1767584699999,3820879.07110,8258,2149.38,1935590.87900,0
1767584700000,900.160,901.400,899.850,900.490,2378.96,1767585599999,2142088.87080,5946,1091.66,982954.08440,0
1767585600000,900.500,901.180,897.750,898.220,4312.65,1767586499999,3878588.18200,9815,1601.62,1440681.74400,0
1767586500000,898.220,899.290,892.270,892.710,15299.38,1767587399999,13687644.14360,20806,4577.01,4096524.81480,0
1767587400000,892.710,893.950,890.740,893.500,16357.89,1767588299999,14601471.16560,20475,9092.62,8118847.67150,0
1767588300000,893.500,896.390,893.500,895.830,6225.20,1767589199999,5574518.05470,9638,4458.70,3992587.23470,0
1767589200000,895.830,895.840,894.640,894.940,3574.07,1767590099999,3199975.61000,7855,1651.70,1478673.80070,0
1767590100000,894.930,895.960,894.840,895.260,1775.68,1767590999999,1589929.63780,4936,754.37,675469.36980,0
1767591000000,895.250,895.660,894.470,894.480,2871.76,1767591899999,2570437.19070,6229,834.30,746816.07270,0
1767591900000,894.470,894.960,893.000,893.190,4848.55,1767592799999,4333865.79390,8347,1852.43,1655858.16250,0
1767592800000,893.180,894.870,892.870,894.850,3221.44,1767593699999,2879758.96060,7892,2213.39,1978862.01450,0
1767593700000,894.850,895.770,893.560,894.240,3732.44,1767594599999,3340303.94740,8069,1755.80,1571155.87360,0
1767594600000,894.240,896.930,892.720,896.920,6151.61,1767595499999,5508618.21160,10781,3156.82,2827267.83890,0
1767595500000,896.930,900.720,895.740,900.470,11938.52,1767596399999,10722168.95820,17227,5434.56,4881478.55160,0
1767596400000,900.470,901.030,898.860,899.510,8397.63,1767597299999,7559450.83360,10922,2906.60,2616027.68800,0
1767597300000,899.520,899.970,898.440,899.600,2689.97,1767598199999,2418839.81280,6484,1341.34,1206284.00660,0
1767598200000,899.610,899.690,898.700,899.180,2486.82,1767599099999,2236108.97120,5822,1255.70,1129093.56910,0
1767599100000,899.190,900.240,899.060,899.740,2279.61,1767599999999,2050891.15660,4323,1194.04,1074219.92860,0
1767600000000,899.740,901.160,898.970,900.730,6347.42,1767600899999,5713011.23010,9330,4468.54,4021995.74550,0
1767600900000,900.730,900.870,899.770,900.670,2245.86,1767601799999,2022123.13910,6506,1309.06,1178620.79630,0
1767601800000,900.670,900.740,898.090,898.100,2723.25,1767602699999,2448422.43310,8045,933.80,839502.85110,0
1767602700000,898.100,899.040,897.640,898.910,1825.89,1767603599999,1640293.89880,6349,908.42,816087.24290,0
1767603600000,898.910,899.200,896.050,896.690,4450.59,1767604499999,3992314.42350,11813,2269.58,2035799.92490,0
1767604500000,896.690,899.200,896.540,899.040,2171.54,1767605399999,1949895.37170,6150,1299.30,1166616.36810,0
1767605400000,899.050,900.160,898.130,900.060,3039.92,1767606299999,2734272.98950,6306,1507.14,1355633.00200,0
1767606300000,900.060,900.400,898.010,898.330,3296.33,1767607199999,2964993.41590,7803,1062.31,955583.96240,0
1767607200000,898.340,903.000,898.340,902.440,5931.57,1767608099999,5342921.50720,10478,3690.46,3324472.55600,0
1767608100000,902.450,906.400,902.440,904.870,8184.44,1767608999999,7401975.75200,12380,5467.29,4945238.51970,0
1767609000000,904.880,905.000,902.300,902.760,6071.66,1767609899999,5488357.99310,12826,2193.78,1983114.20590,0
1767609900000,902.770,906.010,902.750,904.220,4986.91,1767610799999,4512093.51780,9116,2865.67,2593178.89730,0
1767610800000,904.230,904.490,903.220,903.260,3264.60,1767611699999,2950483.36340,9216,1426.81,1289529.55980,0
1767611700000,903.270,905.860,902.940,904.780,3093.48,1767612599999,2798529.51480,8662,1537.60,1391117.51460,0
1767612600000,904.790,907.950,904.160,906.610,10202.21,1767613499999,9247317.56150,16624,6741.17,6110632.79830,0
1767613500000,906.620,909.800,906.510,909.590,7540.21,1767614399999,6849252.45150,13519,4825.60,4383314.52060,0
1767614400000,909.600,909.650,907.320,907.660,6392.45,1767615299999,5805811.01560,13816,2260.51,2052833.69190,0
1767615300000,907.660,908.860,905.880,906.610,5112.38,1767616199999,4637339.95300,11288,2277.07,2065696.10660,0
1767616200000,906.620,906.690,904.360,905.710,5019.13,1767617099999,4544337.35800,11968,1989.16,1800958.21400,0
1767617100000,905.720,907.290,905.340,906.800,4034.90,1767617999999,3657077.29390,10420,2103.15,1906244.40200,0
1767618000000,906.810,907.790,905.080,905.670,4570.92,1767618899999,4143788.75870,11686,2408.30,2183393.31140,0
1767618900000,905.680,905.940,904.400,904.520,4003.34,1767619799999,3623640.87090,11531,1486.33,1345448.32290,0
1767619800000,904.520,904.920,901.570,902.560,8979.15,1767620699999,8109308.92620,16586,3428.82,3096690.04240,0
1767620700000,902.560,904.790,902.530,904.400,4101.30,1767621599999,3706083.08800,8763,2697.26,2437302.49050,0
1767621600000,904.390,904.840,902.260,902.260,4005.35,1767622499999,3618063.76590,10632,1974.94,1783985.74250,0
1767622500000,902.270,903.830,901.630,902.940,3392.67,1767623399999,3062580.69380,8711,1850.49,1670557.92970,0
1767623400000,902.950,907.090,900.830,905.820,16145.76,1767624299999,14593521.07540,28287,6699.18,6057707.97160,0
1767624300000,905.810,907.320,903.480,905.040,11364.76,1767625199999,10294246.29990,22595,5646.17,5115164.59410,0
1767625200000,905.040,906.040,902.090,903.880,6870.82,1767626099999,6210114.36870,17682,3147.80,2845001.89050,0
1767626100000,903.890,905.830,901.420,902.640,7353.17,1767626999999,6641051.27380,14140,4097.36,3699824.77830,0
1767627000000,902.640,907.420,902.120,906.170,9561.53,1767627899999,8661478.42150,16867,4904.53,4443134.09600,0
1767627900000,906.180,907.820,905.200,906.820,7466.94,1767628799999,6769520.59670,13477,3877.73,3515496.53010,0
1767628800000,906.810,907.930,905.280,906.800,7375.54,1767629699999,6687015.44820,15634,3169.61,2874177.42940,0
1767629700000,906.810,907.690,903.760,905.320,5993.85,1767630599999,5429998.61340,13649,2017.50,1827755.98870,0
1767630600000,905.330,906.360,904.450,905.890,4788.29,1767631499999,4335217.14130,11739,2857.34,2587140.40530,0
1767631500000,905.890,906.830,904.550,905.430,3614.79,1767632399999,3273219.21590,9154,1574.30,1425528.02120,0
1767632400000,905.440,905.660,903.750,905.470,3388.72,1767633299999,3066495.56600,8852,1479.61,1338866.05360,0
1767633300000,905.470,905.580,901.700,902.760,6260.01,1767634199999,5653205.21670,12705,2904.29,2622811.33740,0
1767634200000,902.760,905.670,902.690,904.750,4344.36,1767635099999,3928198.76160,10293,2066.74,1868811.28800,0
1767635100000,904.760,907.870,904.760,907.240,10110.35,1767635999999,9166341.55420,16111,5643.81,5116899.25990,0
1767636000000,907.240,907.760,905.620,906.760,6878.67,1767636899999,6236329.35300,12431,3341.90,3030012.49890,0
1767636900000,906.760,906.780,904.130,904.930,3816.08,1767637799999,3454229.28630,9320,1452.96,1315216.91370,0
1767637800000,904.930,906.460,904.630,906.360,2880.22,1767638699999,2608419.59610,7628,1242.38,1125086.60400,0
1767638700000,906.370,909.240,906.270,908.910,7693.83,1767639599999,6986566.86590,11293,4523.69,4107973.01730,0
1767639600000,908.920,909.000,907.400,908.280,4268.03,1767640499999,3876360.51830,9234,1839.56,1670750.27710,0
1767640500000,908.290,913.320,907.460,912.780,12761.17,1767641399999,11621593.07220,17424,9231.83,8407323.15200,0
1767641400000,912.770,914.860,911.090,911.430,10621.10,1767642299999,9698037.75800,17155,5864.40,5355630.87010,0
1767642300000,911.430,911.900,910.010,911.640,4439.16,1767643199999,4043637.71040,9101,2108.80,1920934.09990,0
1767643200000,911.650,915.450,911.250,913.360,8971.39,1767644099999,8198418.76190,16264,4620.13,4221949.51330,0
1767644100000,913.360,917.530,913.330,916.980,8453.42,1767644999999,7738389.04530,15232,5281.00,4834657.52980,0
1767645000000,916.980,917.040,913.410,913.730,5565.84,1767645899999,5091807.96060,13107,2841.62,2599816.27900,0
1767645900000,913.740,914.290,911.720,912.910,4841.80,1767646799999,4420599.46430,10493,2113.72,1929796.14030,0
1767646800000,912.920,914.000,910.320,910.430,4287.07,1767647699999,3911107.29340,10340,2102.07,1918284.22060,0
1767647700000,910.420,912.030,909.550,909.560,3280.06,1767648599999,2987865.68300,8472,1459.17,1329182.27790,0
1767648600000,909.550,911.460,909.460,911.330,2419.91,1767649499999,2203592.28740,5914,1506.96,1372270.59970,0
1767649500000,911.320,912.710,911.230,912.710,2184.72,1767650399999,1992729.34120,5325,1397.96,1275106.83770,0
1767650400000,912.700,913.810,912.080,913.490,2803.48,1767651299999,2560051.67830,5746,1291.35,1179239.78780,0
1767651300000,913.490,915.230,913.350,913.800,2908.63,1767652199999,2659444.63360,5747,1544.47,1412135.57610,0
1767652200000,913.790,914.780,913.790,914.570,1456.45,1767653099999,1331613.27830,4151,811.48,741908.74010,0
1767653100000,914.570,914.720,912.270,913.560,2226.61,1767653999999,2033363.22730,5199,639.70,584245.89360,0
1767654000000,913.560,913.930,911.850,912.480,2289.71,1767654899999,2089312.78100,6402,1122.31,1024114.12990,0
1767654900000,912.470,913.150,911.620,912.300,2686.95,1767655799999,2451317.04540,6057,1321.62,1205724.01470,0
1767655800000,912.290,912.800,911.550,912.210,2170.92,1767656699999,1980342.42590,5361,1085.19,989999.02060,0
1767656700000,912.200,912.210,910.800,910.900,2019.01,1767657599999,1840184.18970,4767,832.75,758968.76810,0
1767657600000,910.900,912.200,909.000,909.540,6617.25,1767658499999,6023035.25330,11055,2569.20,2338628.95490,0
1767658500000,909.540,910.470,908.410,909.740,4213.60,1767659399999,3831137.56190,8809,1795.31,1632434.70950,0
1767659400000,909.740,909.740,905.230,906.070,8951.85,1767660299999,8115429.23590,13314,3035.44,2752022.10290,0
1767660300000,906.070,910.300,905.770,909.360,5300.43,1767661199999,4813775.50570,9784,3860.36,3505989.61290,0
1767661200000,909.350,911.440,909.000,910.120,4430.11,1767662099999,4031803.33320,9573,2329.41,2120067.64850,0
1767662100000,910.130,912.000,909.300,911.600,3764.08,1767662999999,3428289.02860,8343,2031.20,1849983.41150,0
1767663000000,911.600,911.600,908.630,908.780,4420.11,1767663899999,4020443.06460,7772,1475.26,1342130.96360,0
1767663900000,908.790,909.320,906.610,907.540,4142.23,1767664799999,3760030.16700,8780,1458.32,1323699.17680,0
1767664800000,907.540,908.250,906.840,908.020,4362.85,1767665699999,3959477.07170,8530,1841.76,1671626.98660,0
1767665700000,908.030,908.820,907.570,907.890,2203.31,1767666599999,2001221.88020,5958,1115.55,1013202.12910,0
1767666600000,907.900,908.150,905.570,906.420,5438.03,1767667499999,4929148.79370,8589,1693.40,1534858.00240,0
1767667500000,906.430,906.810,905.540,905.670,1941.15,1767668399999,1758786.38180,5756,888.82,805374.35740,0
1767668400000,905.670,906.730,905.600,906.270,3028.70,1767669299999,2744495.28440,7178,1397.43,1266406.01890,0
1767669300000,906.280,907.910,906.150,907.630,2877.31,1767670199999,2610023.42710,6913,1990.02,1805128.85450,0
1767670200000,907.630,909.350,907.450,908.290,2558.02,1767671099999,2324045.20370,7379,1200.18,1090461.54010,0
1767671100000,908.300,908.660,907.580,908.570,1744.70,1767671999999,1584581.16950,4120,766.08,695738.95060,0
1767672000000,908.560,910.630,908.380,910.430,2503.48,1767672899999,2276988.77930,6867,1625.12,1478119.52990,0
1767672900000,910.430,910.720,907.070,907.650,3589.38,1767673799999,3262211.79780,6261,1214.85,1104331.35690,0
1767673800000,907.650,909.650,907.510,908.620,1790.59,1767674699999,1627158.43240,4661,1084.91,985871.93880,0
1767674700000,908.610,909.310,908.150,908.180,1427.86,1767675599999,1297596.95110,3156,645.16,586341.38780,0
1767675600000,908.170,908.510,906.670,906.670,3343.03,1767676499999,3033652.09610,7086,1461.98,1326846.31990,0
1767676500000,906.660,907.590,904.000,905.020,8337.30,1767677399999,7548056.55540,10584,2711.98,2455799.98180,0
1767677400000,905.020,906.220,905.010,905.180,3623.40,1767678299999,3281573.78880,7154,2416.20,2188278.61400,0
1767678300000,905.180,906.590,904.950,906.130,4590.73,1767679199999,4157463.86940,6885,1603.41,1452130.54290,0
1767679200000,906.130,908.410,905.250,908.360,4582.72,1767680099999,4156133.03870,8708,2664.56,2416569.80750,0
1767680100000,908.360,908.510,905.170,906.860,3801.90,1767680999999,3447490.39460,6936,1435.38,1301309.22570,0
1767681000000,906.860,910.410,906.790,910.070,5419.65,1767681899999,4925886.23830,8349,3406.72,3096953.12050,0
1767681900000,910.070,910.170,908.160,908.200,5768.63,1767682799999,5246142.14090,8226,2185.77,1988019.36160,0
1767682800000,908.190,908.330,907.020,907.280,3043.27,1767683699999,2762206.58300,7427,1436.31,1303640.16050,0
1767683700000,907.280,907.630,905.000,906.460,5001.69,1767684599999,4531656.27780,8118,2422.75,2194989.50720,0
1767684600000,906.470,906.620,904.440,905.830,6694.02,1767685499999,6062026.16190,10142,3652.63,3308238.93220,0
1767685500000,905.830,906.490,903.310,905.260,6568.92,1767686399999,5945518.92630,10581,3085.12,2793284.64220,0
1767686400000,905.270,906.990,905.100,906.540,4293.44,1767687299999,3890087.38210,8060,2575.56,2333622.58660,0
1767687300000,906.540,906.760,904.900,905.560,2565.54,1767688199999,2323575.45500,6907,1107.50,1002968.90400,0
1767688200000,905.560,906.890,905.110,905.500,2505.47,1767689099999,2269929.29380,5984,1105.12,1001411.57800,0
1767689100000,905.510,908.870,905.510,908.080,3449.37,1767689999999,3130620.91240,7134,2134.05,1936503.29130,0
1767690000000,908.080,911.080,908.040,910.200,8423.92,1767690899999,7665948.38480,12594,4274.31,3889432.45570,0
1767690900000,910.200,914.780,910.140,913.640,11761.70,1767691799999,10738062.47610,14411,7183.53,6556847.43800,0
1767691800000,913.630,913.730,911.040,912.730,5201.26,1767692699999,4744866.27230,9708,2324.89,2120952.34880,0
1767692700000,912.730,914.020,912.350,913.390,3863.08,1767693599999,3528201.44180,6440,2236.70,2042876.08100,0
1767693600000,913.390,915.650,912.670,914.560,6392.74,1767694499999,5845327.60360,9745,4266.22,3901150.66800,0
1767694500000,914.550,915.000,913.620,913.740,2593.89,1767695399999,2371633.79820,5702,1250.82,1143669.26810,0
1767695400000,913.740,913.750,912.190,913.210,3055.34,1767696299999,2789367.30170,6667,1305.48,1191851.39390,0
1767696300000,913.210,913.560,911.380,912.160,3007.54,1767697199999,2744007.20620,5590,1084.05,989029.04130,0
1767697200000,912.160,915.140,911.500,913.370,4184.12,1767698099999,3822999.20030,8975,2461.61,2249136.36610,0
1767698100000,913.380,913.680,912.810,913.520,3068.87,1767698999999,2802576.12760,6467,1501.76,1371449.40720,0
1767699000000,913.520,914.500,913.200,914.050,2006.12,1767699899999,1833197.36420,4728,987.86,902661.04790,0
1767699900000,914.050,914.380,912.900,913.660,2684.05,1767700799999,2452400.93180,5242,1472.25,1345229.88460,0
1767700800000,913.660,914.190,912.740,913.830,3157.33,1767701699999,2884927.97010,7211,1532.60,1400445.33300,0
1767701700000,913.830,913.830,912.670,913.360,3661.23,1767702599999,3343186.20260,5249,1239.00,1131413.67660,0
1767702600000,913.360,913.370,912.000,912.630,2917.44,1767703499999,2662735.47710,5176,915.90,835804.85910,0
1767703500000,912.640,914.000,912.510,913.290,1929.46,1767704399999,1761910.39800,4389,858.80,784246.91830,0
1767704400000,913.280,914.420,912.890,913.750,2700.80,1767705299999,2467742.52520,6747,1515.42,1384730.47620,0
1767705300000,913.740,915.230,913.650,914.530,6847.52,1767706199999,6263952.81920,7632,5293.04,4842285.94970,0
1767706200000,914.530,915.190,914.100,914.400,2495.02,1767707099999,2281756.59130,6697,1227.00,1122100.63160,0
1767707100000,914.390,915.000,912.740,914.640,5622.33,1767707999999,5138101.15520,9243,3313.08,3027811.96320,0
1767708000000,914.640,918.890,914.640,917.910,14115.77,1767708899999,12947397.94680,19846,9610.51,8815080.66270,0
1767708900000,917.900,922.290,917.900,922.060,34292.51,1767709799999,31558647.75000,35426,21235.07,19542339.92870,0
1767709800000,922.060,923.080,919.060,919.790,19496.33,1767710699999,17955673.78040,26880,9596.66,8839547.31170,0
1767710700000,919.800,923.830,917.830,921.180,21877.40,1767711599999,20141512.54100,27940,9973.89,9184028.17870,0
1767711600000,921.180,923.170,919.420,920.810,14832.50,1767712499999,13665245.23400,19678,7162.73,6597126.87920,0
1767712500000,920.810,923.400,919.900,922.550,12497.73,1767713399999,11518743.13130,17629,5158.19,4754891.74810,0
1767713400000,922.540,924.840,916.160,918.500,18531.62,1767714299999,17051724.26160,24188,8887.02,8180373.49560,0
1767714300000,918.490,920.220,917.350,919.800,7929.58,1767715199999,7285655.46280,15765,4324.93,3973786.85760,0
1767715200000,919.800,921.440,915.510,917.670,11887.61,1767716099999,10916028.33580,20088,5659.10,5196649.19010,0
1767716100000,917.670,917.800,911.190,911.680,20338.69,1767716999999,18584439.85050,24811,7440.08,6799426.40400,0
1767717000000,911.690,913.150,905.700,907.760,26032.20,1767717899999,23668158.95400,32982,11179.46,10161977.42480,0
1767717900000,907.800,909.480,905.400,908.500,18456.49,1767718799999,16747284.46730,24756,9104.89,8263693.72350,0
1767718800000,908.500,909.800,906.580,908.090,9669.44,1767719699999,8780939.01860,16830,3740.42,3397702.92200,0
1767719700000,908.100,909.150,906.050,908.290,6113.80,1767720599999,5549078.44460,12619,2721.35,2470502.31140,0
1767720600000,908.290,909.800,905.220,906.450,6599.08,1767721499999,5988292.01010,14734,3023.34,2743571.92850,0
1767721500000,906.450,906.450,892.560,894.210,57009.51,1767722399999,51203792.68400,52233,18666.79,16769632.96480,0
1767722400000,894.210,901.360,892.030,900.210,22328.60,1767723299999,20027351.11980,31287,12116.01,10872315.37300,0
1767723300000,900.210,902.100,899.930,900.980,6016.24,1767724199999,5420053.17570,13753,3387.52,3051877.34340,0
1767724200000,900.980,903.010,900.590,901.450,5625.59,1767725099999,5072399.64950,11776,3277.30,2955275.22960,0
1767725100000,901.440,903.430,900.930,901.340,4203.09,1767725999999,3791538.38590,10166,1871.90,1688907.46390,0
1767726000000,901.350,902.720,900.870,902.600,2831.31,1767726899999,2553645.55120,8191,1892.36,1706915.65580,0
1767726900000,902.610,902.870,901.140,902.000,3654.70,1767727799999,3296420.04960,6872,1702.53,1535852.75930,0
1767727800000,902.000,903.220,900.690,901.080,3138.42,1767728699999,2831436.12960,6500,1780.28,1606388.66250,0
1767728700000,901.080,902.280,900.930,901.580,1507.99,1767729599999,1359649.04660,5046,1088.45,981367.36440,0
1767729600000,901.580,904.900,901.300,904.630,4834.82,1767730499999,4367477.40680,10155,2872.03,2594735.01200,0
1767730500000,904.630,906.340,904.470,905.110,5113.40,1767731399999,4630298.76470,9532,2380.74,2155911.55530,0
1767731400000,905.110,907.690,905.110,906.850,3390.90,1767732299999,3074376.09940,7338,2251.11,2040940.94590,0
1767732300000,906.850,907.230,905.760,905.900,1777.85,1767733199999,1611364.03510,5390,729.13,660919.10120,0
1767733200000,905.900,908.310,904.600,908.010,5432.74,1767734099999,4923905.05820,10630,3073.84,2786468.96450,0
1767734100000,908.010,914.420,907.920,913.600,17298.50,1767734999999,15783131.54780,25237,9880.79,9013279.72780,0
1767735000000,913.600,915.900,913.600,915.280,7304.93,1767735899999,6681942.10910,12744,3955.74,3618664.09850,0
1767735900000,915.290,915.740,911.660,913.050,5362.35,1767736799999,4897379.50720,10202,2149.81,1963468.80050,0
1767736800000,913.050,916.010,912.930,913.810,5139.56,1767737699999,4700184.71380,10984,2644.73,2418645.33920,0
1767737700000,913.810,915.460,913.000,914.860,4073.76,1767738599999,3724010.81260,7781,2277.88,2082169.66890,0
1767738600000,914.850,914.860,912.110,912.990,3727.40,1767739499999,3403814.65840,6463,1558.38,1423138.11480,0
1767739500000,912.980,914.400,912.720,914.090,2209.16,1767740399999,2018378.27660,4961,1520.85,1389514.96970,0
1767740400000,914.090,919.260,914.090,918.910,7737.11,1767741299999,7096232.26990,12639,5151.20,4724625.62320,0
1767741300000,918.910,920.850,918.910,919.360,8162.70,1767742199999,7508966.29190,10695,4316.62,3970756.60190,0
1767742200000,919.360,919.760,917.770,918.640,3967.19,1767743099999,3644777.90620,7316,1653.27,1518833.11320,0
1767743100000,918.630,919.260,918.150,918.400,2257.64,1767743999999,2074127.74310,5782,857.23,787542.60600,0
1767744000000,918.400,919.780,917.010,918.180,8996.63,1767744899999,8261906.34310,12086,5566.46,5111943.50580,0
1767744900000,918.180,918.320,915.870,916.140,4878.68,1767745799999,4474838.36270,8959,1702.39,1561576.66220,0
1767745800000,916.140,916.470,914.100,914.510,5551.19,1767746699999,5080864.59050,8744,1649.83,1509948.89950,0
1767746700000,914.510,914.510,909.140,909.470,9392.32,1767747599999,8565446.14590,12719,2633.16,2400761.65020,0
1767747600000,909.460,912.170,909.150,910.560,4250.94,1767748499999,3872789.02460,9973,2493.92,2271931.86710,0
1767748500000,910.560,910.560,905.340,908.290,12074.84,1767749399999,10962014.22450,19538,5264.24,4780309.27430,0
1767749400000,908.310,908.710,906.280,907.470,3826.06,1767750299999,3471861.84690,11772,1937.07,1757766.37400,0
1767750300000,907.460,908.790,906.000,907.380,4471.29,1767751199999,4056937.36200,9954,1849.05,1677718.50940,0
1767751200000,907.380,909.750,905.060,909.480,5687.39,1767752099999,5161697.98760,13094,2972.96,2699643.83400,0
1767752100000,909.490,909.820,907.870,909.330,2765.78,1767752999999,2513759.10230,7690,1390.15,1263503.78000,0
1767753000000,909.320,911.830,908.220,911.800,3997.80,1767753899999,3639353.73570,9040,2506.86,2282305.61640,0
1767753900000,911.800,912.940,910.980,912.050,3060.38,1767754799999,2790797.65740,7479,1857.64,1694063.76820,0
1767754800000,912.050,913.460,911.460,913.430,3670.98,1767755699999,3350484.27140,7808,2096.37,1913263.44310,0
1767755700000,913.440,913.550,911.660,911.700,3362.48,1767756599999,3069334.17300,7679,865.92,790471.33690,0
1767756600000,911.690,911.910,910.110,911.070,4244.10,1767757499999,3866198.33800,7395,2073.32,1888781.21540,0
1767757500000,911.070,911.110,910.080,910.320,3226.89,1767758399999,2938245.78940,5172,2056.66,1872724.70110,0
1767758400000,910.320,911.250,909.430,910.300,2522.63,1767759299999,2296904.07130,7140,985.04,896875.49060,0
1767759300000,910.300,910.770,909.500,910.680,1287.43,1767760199999,1171888.99920,5062,678.10,617245.33060,0
1767760200000,910.680,911.420,909.830,911.330,1706.86,1767761099999,1554506.24430,5635,890.82,811355.30230,0
1767761100000,911.330,911.860,910.980,911.050,2573.35,1767761999999,2345574.42260,4957,1262.55,1150819.89510,0
1767762000000,911.050,912.880,910.570,912.730,2948.95,1767762899999,2687786.76540,6079,2111.23,1924508.84010,0
1767762900000,912.740,914.630,912.500,912.990,3798.98,1767763799999,3470520.72590,7425,1894.34,1730761.89480,0
1767763800000,912.990,915.770,912.990,914.990,3655.81,1767764699999,3344255.53410,7967,2135.12,1953255.99740,0
1767764700000,915.000,915.010,912.940,913.280,3754.30,1767765599999,3430127.94460,7656,1115.66,1019280.13950,0
1767765600000,913.270,915.110,913.000,914.020,3415.76,1767766499999,3121549.05050,7461,1987.37,1816363.25910,0
1767766500000,914.030,917.010,913.830,916.770,6173.62,1767767399999,5654101.29620,7329,3970.71,3636874.84490,0
1767767400000,916.770,917.720,915.300,915.500,5347.68,1767768299999,4901784.34600,9432,2411.07,2210392.19820,0
1767768300000,915.500,916.300,914.410,914.710,4080.56,1767769199999,3735407.33730,6470,1634.12,1496200.48700,0
1767769200000,914.710,917.500,914.710,917.490,2938.25,1767770099999,2691322.87030,6269,1707.04,1563947.61490,0
1767770100000,917.500,918.000,916.010,916.960,4418.58,1767770999999,4052524.99220,7438,1395.06,1279430.51010,0
1767771000000,916.970,917.870,915.770,917.680,5334.36,1767771899999,4890023.29130,8396,2557.27,2344354.53030,0
1767771900000,917.690,919.420,917.340,919.200,9232.32,1767772799999,8479654.53620,11615,4970.42,4565118.67450,0
1767772800000,919.200,920.970,918.210,918.350,15946.92,1767773699999,14669320.55500,19851,7138.78,6567953.19460,0
1767773700000,918.350,918.900,916.510,918.890,8973.68,1767774599999,8233528.43440,13617,3179.81,2917510.39700,0
1767774600000,918.900,919.810,915.980,916.950,11531.30,1767775499999,10585074.87300,14417,4342.54,3985078.51170,0
1767775500000,916.950,919.140,916.670,917.930,7529.05,1767776399999,6913134.29480,10707,4157.73,3818073.14460,0
1767776400000,917.920,918.500,915.140,915.360,9532.20,1767777299999,8740966.99610,14157,3185.55,2921380.74670,0
1767777300000,915.370,916.790,913.710,914.760,12784.07,1767778199999,11698049.90260,16883,4559.02,4171604.69550,0
1767778200000,914.770,915.480,911.370,911.560,14902.47,1767779099999,13609697.37260,19599,5955.47,5438884.43590,0
1767779100000,911.550,912.850,909.460,910.610,13731.07,1767779999999,12512287.96730,18517,5658.94,5156661.25610,0
1767780000000,910.610,912.760,908.710,912.080,32551.24,1767780899999,29641564.90380,32326,21170.58,19277480.34650,0
1767780900000,912.090,912.190,909.060,909.970,7823.34,1767781799999,7121677.88230,11687,4249.04,3867663.43090,0
1767781800000,909.970,911.800,909.760,910.250,8470.40,1767782699999,7714306.79900,12973,4762.25,4337219.71390,0
1767782700000,910.260,911.830,909.830,911.430,4720.15,1767783599999,4299854.95590,8625,2775.26,2528285.75720,0
1767783600000,911.440,913.500,910.700,913.290,11731.62,1767784499999,10701236.66920,12047,5033.28,4592561.88370,0
1767784500000,913.280,913.360,911.820,911.940,4879.32,1767785399999,4451741.97470,7818,1877.92,1713268.73070,0
1767785400000,911.950,912.670,910.700,911.790,4515.49,1767786299999,4116256.52170,7804,2289.18,2086839.98820,0
1767786300000,911.800,911.800,910.670,911.050,2983.69,1767787199999,2718791.49780,5456,1579.29,1439119.63350,0
1767787200000,911.040,911.610,907.420,907.500,7740.11,1767788099999,7036966.96390,11337,2196.06,1996458.90500,0
1767788100000,907.500,908.490,907.490,908.040,3360.50,1767788999999,3051488.88430,7930,1999.11,1815318.96280,0
1767789000000,908.050,908.960,906.100,906.750,4903.18,1767789899999,4449021.42670,8770,2230.04,2024120.70530,0
1767789900000,906.760,907.510,905.650,905.730,3232.31,1767790799999,2930238.73810,6985,1311.90,1189541.11470,0
1767790800000,905.730,906.880,904.000,904.130,8521.20,1767791699999,7714325.17720,12553,4324.90,3916556.83790,0
1767791700000,904.130,908.100,903.000,907.630,7245.32,1767792599999,6565938.09540,13190,4184.23,3792678.09030,0
1767792600000,907.640,908.020,905.800,906.040,3271.03,1767793499999,2966509.18480,7301,1700.76,1542412.03230,0
1767793500000,906.090,906.360,904.420,904.740,3139.22,1767794399999,2841322.71920,7578,1644.84,1488796.74480,0
1767794400000,904.740,904.740,899.000,900.320,16126.58,1767795299999,14532748.21510,24325,6114.17,5509630.96010,0
1767795300000,900.330,902.230,899.500,901.150,7763.74,1767796199999,6992246.29280,15688,4614.25,4155820.81590,0
1767796200000,901.160,905.570,898.640,903.610,14613.49,1767797099999,13192056.95600,28165,7656.90,6911956.88180,0
1767797100000,903.620,905.760,902.850,904.100,5324.86,1767797999999,4814812.82100,13443,2860.68,2586684.05320,0
1767798000000,904.110,904.320,898.830,900.500,9935.43,1767798899999,8948658.61810,21716,4446.72,4004877.64220,0
1767798900000,900.510,901.400,895.420,900.590,16224.93,1767799799999,14571623.08250,29252,8771.21,7877601.72470,0
1767799800000,900.590,900.870,898.680,899.720,8988.26,1767800699999,8086980.43060,17273,4753.16,4276527.78750,0
1767800700000,899.730,901.590,899.000,899.880,5995.87,1767801599999,5398570.43520,11982,3505.49,3156641.85070,0
1767801600000,899.890,901.400,899.290,900.990,3928.20,1767802499999,3536250.11640,10650,1867.05,1680890.88220,0
1767802500000,900.990,902.000,899.470,901.990,5412.23,1767803399999,4875064.07460,9405,2986.39,2689802.14170,0
1767803400000,902.000,902.240,897.850,900.170,5102.38,1767804299999,4591702.14280,10782,2484.17,2235487.93170,0
1767804300000,900.170,901.080,899.000,899.140,4019.41,1767805199999,3617556.99310,6642,1597.11,1437541.27250,0
1767805200000,899.150,900.240,898.000,899.230,3971.76,1767806099999,3571456.57360,9461,2031.57,1826881.49760,0
1767806100000,899.220,902.240,899.200,901.910,2884.12,1767806999999,2598481.52860,7503,1461.07,1316358.82200,0
1767807000000,901.920,902.480,900.050,900.590,2456.76,1767807899999,2214874.50910,6244,1120.19,1009908.67390,0
1767807900000,900.590,900.850,896.950,898.070,4316.93,1767808799999,3878145.21710,8757,1478.22,1327779.94930,0
1767808800000,898.080,898.830,897.510,898.350,2780.08,1767809699999,2496670.23090,7575,1192.02,1070537.68190,0
1767809700000,898.350,898.640,895.650,898.320,4978.22,1767810599999,4466375.96100,9153,1817.49,1630789.78560,0
1767810600000,898.320,900.200,897.770,897.780,2967.70,1767811499999,2668992.07790,6832,1517.53,1364848.78750,0
1767811500000,897.770,898.220,895.800,897.240,3986.96,1767812399999,3576377.77130,8232,1977.99,1774456.18810,0
1767812400000,897.230,898.220,894.340,894.990,6739.10,1767813299999,6037708.66190,10301,2211.14,1981855.90390,0
1767813300000,894.990,895.450,892.720,894.800,7602.35,1767814199999,6796796.12270,13132,3403.01,3043129.89720,0
1767814200000,894.790,897.550,894.710,896.050,3441.66,1767815099999,3084429.44510,8556,2030.76,1819897.86500,0
1767815100000,896.050,899.080,896.040,897.610,5011.51,1767815999999,4500057.64470,7108,3104.99,2787868.11900,0
1767816000000,897.600,898.520,895.770,896.120,2457.18,1767816899999,2204519.38790,7205,1191.48,1069121.71910,0
1767816900000,896.110,896.370,894.360,895.790,3077.64,1767817799999,2756034.39830,7792,1696.18,1518803.57030,0
1767817800000,895.780,897.540,895.450,896.400,1676.36,1767818699999,1502983.98290,7097,857.65,768947.57950,0
1767818700000,896.390,897.130,895.830,896.370,1767.66,1767819599999,1584364.66590,5497,739.53,662910.49310,0
1767819600000,896.350,897.860,896.010,897.380,1577.48,1767820499999,1414547.24720,5812,833.92,747867.16200,0
1767820500000,897.390,898.550,897.340,898.520,1415.57,1767821399999,1271373.32270,4172,955.63,858290.40950,0
1767821400000,898.520,898.960,897.880,898.320,1045.30,1767822299999,939111.16180,3582,632.77,568529.37960,0
1767822300000,898.320,898.940,897.790,898.300,1747.05,1767823199999,1569400.16530,3803,1225.34,1100695.82250,0
1767823200000,898.300,898.300,896.900,897.760,1762.19,1767824099999,1581658.48760,5363,843.96,757461.39970,0
1767824100000,897.760,899.250,897.760,899.040,1147.30,1767824999999,1031142.54130,3482,749.46,673569.50690,0
1767825000000,899.030,900.870,898.730,898.740,2267.24,1767825899999,2039781.16110,5394,1315.61,1183681.02370,0
1767825900000,898.730,898.830,897.100,898.400,1330.86,1767826799999,1195225.28280,3626,674.15,605422.34270,0
1767826800000,898.400,898.720,895.760,898.720,2952.76,1767827699999,2648580.06470,8065,1580.77,1418013.66980,0
1767827700000,898.710,901.780,898.710,901.090,9267.30,1767828599999,8345065.96260,13937,5034.66,4533119.30770,0
1767828600000,901.090,901.440,900.030,900.150,2214.21,1767829499999,1994038.95130,4832,1077.71,970548.61760,0
1767829500000,900.140,901.240,899.750,900.860,2067.95,1767830399999,1862044.80310,4148,1184.05,1066099.65180,0
1767830400000,900.850,901.130,899.050,899.130,3011.62,1767831299999,2710672.69950,7265,1274.10,1146837.01110,0
1767831300000,899.130,899.130,897.610,898.250,2648.17,1767832199999,2378709.04950,5781,845.37,759375.67570,0
1767832200000,898.250,900.870,897.740,900.870,3491.54,1767833099999,3139633.56100,6622,2428.56,2183781.80220,0
1767833100000,900.860,902.790,900.860,902.630,3341.79,1767833999999,3014815.95330,7114,1891.80,1706678.54330,0
1767834000000,902.620,903.930,901.950,903.920,3988.12,1767834899999,3600976.19500,7657,1910.99,1725685.03620,0
1767834900000,903.920,905.360,902.790,904.710,4442.37,1767835799999,4017050.05480,6830,2566.85,2321292.06520,0
1767835800000,904.700,904.700,903.000,903.010,1785.49,1767836699999,1613529.24670,4644,652.56,589593.18520,0
1767836700000,903.010,903.390,901.300,901.770,4469.61,1767837599999,4032250.68760,7410,1513.69,1365703.31650,0
1767837600000,901.770,902.530,899.270,900.490,8207.50,1767838499999,7393679.62800,13739,2829.34,2548804.36650,0
1767838500000,900.480,901.250,896.350,897.300,10410.71,1767839399999,9352735.72770,14742,3810.57,3422645.01120,0
1767839400000,897.310,897.310,894.480,895.000,9145.87,1767840299999,8189404.44990,13415,3102.05,2777704.48580,0
1767840300000,895.000,896.010,893.930,896.000,4783.46,1767841199999,4280683.77940,9252,2118.43,1896236.50880,0
1767841200000,895.990,898.180,895.410,897.990,3835.96,1767842099999,3441414.27580,8176,2047.12,1836377.59240,0
1767842100000,897.990,898.800,895.440,895.760,3271.65,1767842999999,2935820.30300,6669,1505.46,1351126.51720,0
1767843000000,895.760,897.130,892.810,893.660,5953.92,1767843899999,5326763.63260,8961,2386.32,2135442.89120,0
1767843900000,893.670,895.210,893.210,894.020,4936.15,1767844799999,4413125.34760,9866,2437.66,2179448.78510,0
1767844800000,894.030,895.240,891.550,892.960,7959.76,1767845699999,7108123.45480,12839,3571.19,3189404.74140,0
1767845700000,892.970,896.510,892.800,896.240,5784.11,1767846599999,5172274.74270,8457,3932.61,3516627.01570,0
1767846600000,896.240,897.000,895.300,895.560,3158.54,1767847499999,2830590.80420,6694,1261.54,1130574.19240,0
1767847500000,895.570,896.400,894.800,894.810,1920.71,1767848399999,1719518.66720,4592,943.60,844787.28140,0
1767848400000,894.810,897.380,894.540,896.130,3382.60,1767849299999,3031874.29550,8866,1427.18,1278938.57550,0
1767849300000,896.130,897.990,895.770,895.970,3076.51,1767850199999,2758993.91700,5736,1821.30,1633557.64440,0
1767850200000,895.960,897.240,895.450,895.780,2444.28,1767851099999,2190547.16290,5371,990.00,887344.35350,0
1767851100000,895.780,896.080,894.670,894.820,2477.86,1767851999999,2218198.88350,5057,1151.82,1031048.06080,0
1767852000000,894.830,895.480,890.200,891.050,11974.12,1767852899999,10680329.32710,17597,4239.92,3782446.50640,0
1767852900000,891.050,891.050,882.000,882.840,49056.13,1767853799999,43471130.09870,40495,14855.89,13168759.75850,0
1767853800000,882.850,885.680,882.770,884.700,10123.15,1767854699999,8951863.93990,15540,4852.83,4291914.45600,0
1767854700000,884.700,885.020,880.160,880.480,19469.38,1767855599999,17181314.62930,23345,6819.09,6018859.63110,0
1767855600000,880.470,881.200,875.000,879.440,41527.51,1767856499999,36447163.49780,48605,18430.12,16179171.68060,0
1767856500000,879.440,882.720,878.830,882.310,10107.13,1767857399999,8903268.28250,15151,6515.28,5739338.10190,0
1767857400000,882.320,884.200,881.910,883.300,9103.38,1767858299999,8040604.61310,15138,4933.93,4357949.72470,0
1767858300000,883.310,885.920,883.140,885.020,6376.66,1767859199999,5640768.05110,10909,3347.95,2961662.64170,0
1767859200000,885.030,887.160,884.710,887.010,6040.52,1767860099999,5350652.74540,12367,3362.04,2978258.99790,0
1767860100000,887.020,888.000,885.450,887.190,7218.54,1767860999999,6402263.13020,10648,3938.00,3493391.67540,0
1767861000000,887.190,887.840,885.070,885.980,6829.20,1767861899999,6050877.55610,11503,3533.96,3131096.53720,0
1767861900000,885.990,886.180,882.820,883.670,6670.75,1767862799999,5898596.45350,10452,2775.67,2454459.37560,0
1767862800000,883.670,885.560,883.510,884.820,4586.22,1767863699999,4057297.16590,10128,2426.00,2146059.14580,0
1767863700000,884.820,884.820,881.330,881.340,5852.46,1767864599999,5163866.60140,11522,2562.95,2261699.81440,0
1767864600000,881.340,882.980,881.340,882.740,5137.17,1767865499999,4531878.50750,9267,3297.33,2909032.20410,0
1767865500000,882.740,883.930,881.790,882.380,3706.26,1767866399999,3272952.52800,8284,2117.56,1869853.07720,0
1767866400000,882.390,883.780,879.240,883.200,10748.34,1767867299999,9476383.61610,17639,5554.96,4897779.47220,0
1767867300000,883.200,885.820,882.600,885.250,6416.20,1767868199999,5674716.47550,10679,3680.55,3255264.28940,0
1767868200000,885.250,885.930,884.650,885.750,3380.86,1767869099999,2993701.02640,7167,1948.26,1725196.11970,0
1767869100000,885.760,887.680,885.750,886.770,6879.27,1767869999999,6100166.75460,9104,3747.18,3323109.75230,0
1767870000000,886.770,887.910,885.670,885.930,4279.68,1767870899999,3793786.45700,9114,1755.66,1556458.53220,0
1767870900000,885.940,886.910,883.860,885.970,7745.27,1767871799999,6857383.43420,11871,3841.60,3401667.12050,0
1767871800000,885.970,885.980,884.350,884.800,5321.83,1767872699999,4711574.12000,9638,2634.02,2331708.39570,0
1767872700000,884.800,886.900,884.730,886.740,3317.89,1767873599999,2940048.79110,7125,1962.62,1739073.99510,0
1767873600000,886.740,886.890,883.530,884.130,7065.74,1767874499999,6251817.58460,12646,3643.11,3222948.94750,0
1767874500000,884.120,885.210,883.050,885.070,4267.74,1767875399999,3774608.67770,9084,2238.41,1979842.22390,0
1767875400000,885.060,885.790,882.220,885.140,6234.99,1767876299999,5511174.78270,10853,2888.12,2552655.34810,0
1767876300000,885.140,885.720,883.210,884.180,3351.33,1767877199999,2965193.31010,7371,1240.45,1097578.93420,0
1767877200000,884.170,885.440,883.780,884.850,2722.14,1767878099999,2407784.34800,6478,1289.02,1140255.74200,0
1767878100000,884.860,886.250,884.030,886.080,3096.28,1767878999999,2741774.42430,6657,1788.46,1583888.67940,0
1767879000000,886.090,886.280,883.410,885.010,3686.59,1767879899999,3261862.31730,8928,1138.21,1006877.02080,0
1767879900000,885.000,885.430,883.640,884.990,2188.96,1767880799999,1936622.21780,5936,1138.20,1006988.28310,0
1767880800000,885.000,885.000,881.600,883.920,5211.29,1767881699999,4604149.80890,11444,1988.24,1756866.25790,0
1767881700000,883.920,884.060,878.400,880.840,9939.81,1767882599999,8755452.82860,16321,3927.55,3459546.08240,0
1767882600000,880.830,882.830,878.410,878.690,12158.90,1767883499999,10712835.05090,25022,7226.19,6367996.94330,0
1767883500000,878.680,885.600,877.740,883.900,10166.09,1767884399999,8969561.31830,20766,5528.44,4878750.37720,0
1767884400000,883.900,887.260,882.000,886.020,7200.86,1767885299999,6375484.45790,17916,4141.65,3667199.40840,0
1767885300000,886.020,889.150,885.730,888.460,9686.05,1767886199999,8597496.60180,17631,5493.97,4876683.75140,0
1767886200000,888.460,889.510,885.440,887.080,6161.91,1767887099999,5468581.27790,13849,3060.96,2716830.08440,0
1767887100000,887.080,889.420,886.210,889.040,3884.17,1767887999999,3447064.75640,10065,1837.83,1630977.08910,0
1767888000000,889.040,889.840,887.250,887.890,6402.05,1767888899999,5689483.56370,14200,2427.28,2157296.15230,0
1767888900000,887.890,888.300,886.770,887.780,3660.21,1767889799999,3248099.68340,9818,1847.40,1639426.35920,0
1767889800000,887.770,889.680,885.840,889.100,3665.05,1767890699999,3253584.03920,10500,1714.19,1521869.39110,0
1767890700000,889.100,890.460,888.040,890.250,5606.67,1767891599999,4985908.03020,9607,2533.25,2252959.16750,0
1767891600000,890.240,891.000,889.360,890.190,6285.09,1767892499999,5595500.11330,12714,3000.23,2671143.69210,0
1767892500000,890.190,890.650,887.890,888.150,2760.89,1767893399999,2455586.67010,7773,1252.20,1113848.23010,0
1767893400000,888.140,889.690,888.140,889.630,3627.64,1767894299999,3224632.37150,7292,1394.02,1239143.58110,0
1767894300000,889.630,891.750,889.130,891.640,4904.66,1767895199999,4368732.26460,8894,2782.43,2478839.74050,0
1767895200000,891.640,891.930,889.330,889.330,4801.23,1767896099999,4276794.65920,9384,2085.08,1857534.42370,0
1767896100000,889.330,890.250,888.760,889.610,2199.76,1767896999999,1956595.73060,5911,1107.37,984940.84180,0
1767897000000,889.620,890.150,887.690,888.270,2283.28,1767897899999,2029153.87180,5934,770.39,684714.48320,0
1767897900000,888.280,889.090,887.630,888.720,2545.25,1767898799999,2260911.77220,5433,809.43,719147.27340,0
1767898800000,888.710,890.660,888.590,889.630,2112.72,1767899699999,1879800.61490,5789,1196.82,1064872.78580,0
1767899700000,889.640,889.640,887.090,888.720,2056.66,1767900599999,1827005.72010,5713,1033.82,918469.92270,0
1767900600000,888.730,890.690,888.720,889.510,1428.85,1767901499999,1271502.84090,4802,624.22,555487.87140,0
1767901500000,889.510,889.960,887.170,888.540,2651.64,1767902399999,2355659.57810,5487,1025.77,911401.85790,0
1767902400000,888.550,888.550,885.850,886.580,4286.79,1767903299999,3801384.74430,8905,2016.88,1788403.21200,0
1767903300000,886.570,887.370,885.380,886.020,1634.00,1767904199999,1448307.54660,5324,717.44,635970.78000,0
1767904200000,886.020,890.600,886.020,890.190,5642.81,1767905099999,5015348.04090,9136,4369.28,3883304.77270,0
1767905100000,890.180,891.540,890.100,890.830,2977.29,1767905999999,2652444.00340,7294,1368.68,1219281.37310,0
1767906000000,890.830,891.770,890.710,891.220,2038.19,1767906899999,1816486.80050,5911,924.42,823879.58120,0
1767906900000,891.220,891.690,889.780,890.180,5279.32,1767907799999,4701058.53750,5778,2279.23,2029213.32430,0
1767907800000,890.180,892.340,889.810,891.990,3076.63,1767908699999,2742656.90370,6129,1897.03,1690969.19120,0
1767908700000,891.980,892.490,891.710,892.380,1840.21,1767909599999,1641732.71690,3769,1130.63,1008714.33340,0
1767909600000,892.390,894.430,892.390,893.930,3937.00,1767910499999,3517674.60240,7054,2308.28,2062351.47660,0
1767910500000,893.930,893.940,892.640,893.420,2617.13,1767911399999,2338042.54860,4046,1425.01,1273142.94790,0
1767911400000,893.410,893.420,890.480,891.180,3173.05,1767912299999,2828927.44530,6623,1050.36,936475.05950,0
1767912300000,891.180,892.470,891.180,892.470,1174.07,1767913199999,1047401.91560,3267,758.33,676528.08410,0
1767913200000,892.460,893.820,892.160,893.500,1746.96,1767914099999,1560204.83860,5715,911.63,814195.18420,0
1767914100000,893.500,894.800,893.300,894.780,3302.17,1767914999999,2952962.07070,5327,2267.07,2027357.45870,0
1767915000000,894.790,894.790,893.000,893.400,2621.71,1767915899999,2343229.64800,5082,960.04,857998.73020,0
1767915900000,893.410,893.800,892.170,892.580,1715.29,1767916799999,1531511.84970,4357,677.85,605251.35730,0
1767916800000,892.580,893.590,892.580,893.330,2521.78,1767917699999,2252479.65270,5503,1555.48,1389328.64720,0
1767917700000,893.330,893.600,892.230,892.310,1811.21,1767918599999,1617379.95750,3762,689.70,616000.52690,0
1767918600000,892.320,893.610,892.120,893.590,1503.95,1767919499999,1342750.96340,3839,828.26,739537.18050,0
1767919500000,893.590,894.500,893.210,894.460,1742.57,1767920399999,1557915.55950,3644,994.26,888919.18850,0
1767920400000,894.470,894.890,893.710,894.230,2304.85,1767921299999,2061351.05940,5060,1215.27,1086918.60150,0
1767921300000,894.220,896.250,890.800,895.650,9365.43,1767922199999,8372492.38050,11617,5668.69,5069395.80870,0
1767922200000,895.660,896.380,888.120,890.150,12845.34,1767923099999,11444574.25500,17503,4579.79,4081835.05600,0
1767923100000,890.150,891.150,889.770,890.590,2131.92,1767923999999,1898663.23880,4527,1131.34,1007624.48910,0
1767924000000,890.590,894.140,890.280,893.670,3688.60,1767924899999,3292886.10520,8442,2180.08,1946119.66090,0
1767924900000,893.680,894.190,893.150,893.520,2844.27,1767925799999,2541565.49770,5388,959.02,857043.38290,0
1767925800000,893.520,894.010,892.490,893.020,1927.23,1767926699999,1721437.87730,4853,661.57,591015.47340,0
1767926700000,893.010,893.400,891.660,892.050,2580.98,1767927599999,2303474.83520,4410,1647.47,1470669.18750,0
1767927600000,892.040,894.180,891.570,893.870,2718.81,1767928499999,2427722.88700,5106,1626.38,1452108.02240,0
1767928500000,893.860,894.530,892.390,893.160,2116.06,1767929399999,1890836.41950,5108,947.32,846540.44020,0
1767929400000,893.160,895.730,892.780,895.420,2281.13,1767930299999,2041085.64660,5526,1511.75,1352640.45600,0
1767930300000,895.420,896.800,895.220,896.010,6080.18,1767931199999,5448770.31660,8114,3457.10,3098335.49810,0
1767931200000,896.010,896.900,895.730,895.950,2248.87,1767932099999,2015741.91000,6910,985.97,883792.95880,0
1767932100000,895.940,896.870,895.580,896.450,1453.59,1767932999999,1302763.67340,4206,795.21,712680.23550,0
1767933000000,896.440,896.790,894.810,895.350,2186.70,1767933899999,1958386.95090,5624,731.47,655161.78940,0
1767933900000,895.350,896.330,895.340,896.050,1415.21,1767934799999,1267924.75810,3406,678.03,607398.79470,0
1767934800000,896.040,897.810,895.890,897.440,4241.78,1767935699999,3805905.65900,6351,2474.72,2220434.63060,0
1767935700000,897.430,897.780,896.310,897.160,3162.97,1767936599999,2837391.30510,5422,1679.63,1506870.94270,0
1767936600000,897.150,897.810,896.500,897.200,2350.58,1767937499999,2109350.17350,4637,1078.06,967428.33840,0
1767937500000,897.190,898.640,897.000,898.600,3758.63,1767938399999,3375128.53010,4935,2306.13,2070844.95710,0
1767938400000,898.600,898.920,897.800,898.480,3765.39,1767939299999,3383065.43760,5545,2191.59,1969059.10700,0
1767939300000,898.480,899.300,896.100,896.110,4362.79,1767940199999,3915994.80110,6061,1593.69,1430903.79820,0
1767940200000,896.110,897.500,895.810,896.380,3006.18,1767941099999,2695426.06120,5992,1406.08,1260710.74530,0
1767941100000,896.370,896.990,896.160,896.880,1720.04,1767941999999,1542252.17980,3986,908.70,814748.43440,0
1767942000000,896.880,896.890,894.860,895.230,3231.39,1767942899999,2893639.39410,5765,941.16,842785.82420,0
1767942900000,895.240,896.190,895.170,896.180,1763.20,1767943799999,1579212.06030,4205,941.93,843588.82260,0
1767943800000,896.180,896.240,895.180,895.880,1922.82,1767944699999,1722303.60980,4228,740.36,663138.19230,0
1767944700000,895.880,895.880,894.000,894.010,2804.66,1767945599999,2509748.47830,5294,989.28,885384.39790,0
1767945600000,894.010,894.800,892.580,893.520,6125.65,1767946499999,5473694.23190,9262,2537.71,2267646.13700,0
1767946500000,893.530,894.800,893.290,894.250,2557.51,1767947399999,2286611.08630,5001,1572.04,1405451.75380,0
1767947400000,894.260,894.540,890.620,890.780,6749.71,1767948299999,6022403.05730,10040,2514.24,2243148.47070,0
1767948300000,890.790,891.220,886.280,890.170,18633.27,1767949199999,16556997.18590,22376,8564.62,7611322.91820,0
1767949200000,890.180,892.050,890.000,890.480,6106.88,1767950099999,5441377.11300,11845,2422.50,2158460.22070,0
1767950100000,890.490,891.950,890.040,891.630,5664.51,1767950999999,5047259.17110,7404,2012.46,1793180.13240,0
1767951000000,891.640,891.640,889.580,889.660,4909.97,1767951899999,4372517.77750,7088,1199.14,1068030.03280,0
1767951900000,889.670,889.670,888.100,888.540,5646.46,1767952799999,5019101.82970,7658,1903.28,1691803.93830,0
1767952800000,888.540,890.000,887.840,889.800,2974.34,1767953699999,2644233.12720,7036,1617.86,1438655.12410,0
1767953700000,889.810,890.420,889.800,889.860,1748.11,1767954599999,1555879.61050,4409,1039.71,925374.69310,0
1767954600000,889.870,890.660,889.410,890.380,2245.89,1767955499999,1999017.51510,3986,1145.83,1019944.66090,0
1767955500000,890.390,890.660,890.290,890.400,1541.18,1767956399999,1372432.46070,2741,813.57,724478.94790,0
1767956400000,890.410,891.920,890.400,891.300,2917.64,1767957299999,2599973.75570,5686,1712.50,1526031.49280,0
1767957300000,891.300,891.880,891.150,891.540,1542.32,1767958199999,1374970.91760,3774,822.98,733666.99030,0
1767958200000,891.540,892.110,891.080,891.560,1494.07,1767959099999,1332078.77780,4023,886.35,790256.54080,0
1767959100000,891.550,891.680,889.690,889.830,2941.84,1767959999999,2620232.08600,5296,956.03,851615.90840,0
1767960000000,889.830,890.560,889.230,889.330,3243.19,1767960899999,2885929.19020,5380,1247.27,1109939.15250,0
1767960900000,889.320,889.330,888.160,888.880,2729.28,1767961799999,2425241.31620,4994,1117.50,992986.60970,0
1767961800000,888.880,889.810,888.610,889.080,2058.57,1767962699999,1830644.61320,4529,1325.02,1178306.75340,0
1767962700000,889.080,890.150,888.900,889.470,1371.27,1767963599999,1219769.28630,4032,625.53,556406.92790,0
1767963600000,889.480,890.610,888.310,890.460,4656.75,1767964499999,4141688.09470,8120,2600.74,2313265.97910,0
1767964500000,890.460,892.080,890.400,891.440,3598.78,1767965399999,3207542.22320,6286,2118.64,1888389.72840,0
1767965400000,891.440,894.500,889.830,890.670,8104.08,1767966299999,7225239.42500,15489,4171.21,3719007.60580,0
1767966300000,890.660,891.600,889.690,890.800,2739.54,1767967199999,2439715.76120,6074,1364.21,1214850.69070,0
1767967200000,890.800,890.840,887.600,887.900,5479.66,1767968099999,4870077.90920,9421,2223.49,1976150.10050,0
1767968100000,887.900,889.860,887.780,889.700,4122.16,1767968999999,3663650.88320,6661,2302.47,2046504.47270,0
1767969000000,889.700,890.970,886.360,887.510,8952.68,1767969899999,7953654.30720,18510,4946.21,4394004.97770,0
1767969900000,887.510,888.540,886.230,887.770,6136.76,1767970799999,5445958.93690,14941,3632.55,3223613.70090,0
1767970800000,887.780,889.830,885.350,889.470,8486.45,1767971699999,7531342.96880,19871,3926.22,3485655.29800,0
1767971700000,889.470,898.500,888.760,897.690,16933.51,1767972599999,15140393.43160,25798,9735.36,8704966.11880,0
1767972600000,897.690,900.800,894.390,894.740,23209.33,1767973499999,20839875.26610,33654,10898.22,9787697.25570,0
1767973500000,894.740,897.000,892.600,895.180,9135.61,1767974399999,8175843.79700,17600,5096.79,4561776.70150,0
1767974400000,895.170,901.360,895.130,901.160,12608.73,1767975299999,11327096.19520,19557,7746.34,6958571.53300,0
1767975300000,901.160,901.600,897.880,898.830,9513.28,1767976199999,8560530.58650,15327,4477.98,4029809.47790,0
1767976200000,898.840,899.250,896.920,898.750,4213.92,1767977099999,3784599.75470,10071,2437.68,2189431.12060,0
1767977100000,898.750,900.490,898.170,899.490,3610.14,1767977999999,3247107.80060,8597,2119.83,1906613.53330,0
1767978000000,899.500,900.330,897.530,898.250,7426.30,1767978899999,6676698.33560,12061,4492.88,4039674.89690,0
1767978900000,898.260,898.360,895.680,897.420,5673.14,1767979799999,5088198.84890,9953,2946.98,2643272.40820,0
1767979800000,897.410,897.840,896.000,896.820,3277.97,1767980699999,2940495.55860,7223,1772.61,1590093.56380,0
1767980700000,896.820,899.760,896.570,899.370,2993.97,1767981599999,2690933.73070,6561,1754.59,1576884.85090,0
1767981600000,899.370,900.100,897.500,897.690,4372.35,1767982499999,3931053.06460,9007,2338.75,2102716.20380,0
1767982500000,897.690,897.690,893.620,893.930,7239.69,1767983399999,6481795.73380,12520,3351.59,3001145.53790,0
1767983400000,893.930,896.650,891.900,895.520,7320.31,1767984299999,6545341.89010,13289,3826.10,3421101.39680,0
1767984300000,895.520,896.630,894.740,896.060,1981.63,1767985199999,1775568.81230,5673,1013.69,908303.80930,0
1767985200000,896.050,896.130,893.590,893.590,2580.81,1767986099999,2309367.44370,7146,1079.76,966247.30060,0
1767986100000,893.600,893.890,891.820,892.640,3147.75,1767986999999,2810006.15160,7324,1639.71,1463827.73900,0
1767987000000,892.640,893.360,891.330,892.710,2770.41,1767987899999,2472063.16610,7168,1512.32,1349462.55040,0
1767987900000,892.720,895.280,892.520,893.780,3905.61,1767988799999,3492115.29710,6947,2565.83,2294073.86420,0
1767988800000,893.770,895.390,893.200,895.320,2374.44,1767989699999,2123460.76290,7180,1370.15,1225318.94240,0
1767989700000,895.310,896.570,894.830,895.170,2534.98,1767990599999,2270430.04940,5724,1414.04,1266462.46530,0
1767990600000,895.170,896.520,893.960,894.020,1500.07,1767991499999,1343195.15910,5071,625.73,560398.01950,0
1767991500000,894.020,895.080,893.310,893.700,1620.56,1767992399999,1449105.11750,4399,831.18,743431.02390,0
1767992400000,893.700,894.740,892.360,894.630,2691.99,1767993299999,2405877.09220,6252,1647.39,1472407.49590,0
1767993300000,894.620,896.400,894.480,895.880,2525.63,1767994199999,2261814.57680,6134,1129.19,1011332.96610,0
1767994200000,895.870,896.440,894.940,895.550,1682.46,1767995099999,1506985.47480,3579,924.61,828206.36560,0
1767995100000,895.540,896.780,895.460,896.680,1017.77,1767995999999,911974.16140,2396,698.71,626086.70850,0
1767996000000,896.680,897.430,895.320,895.930,3033.95,1767996899999,2720040.68870,4748,1616.48,1449212.27080,0
1767996900000,895.920,896.160,894.870,895.940,1422.95,1767997799999,1274482.39200,3602,662.60,593473.53170,0
1767997800000,895.940,896.830,895.540,895.930,1501.69,1767998699999,1345797.92750,3631,721.27,646367.26270,0
1767998700000,895.930,897.400,895.930,897.030,743.45,1767999599999,666716.52180,2376,451.01,404452.92480,0
1767999600000,897.030,897.480,896.660,897.430,1360.13,1768000499999,1220247.00770,4393,750.89,673634.81820,0
1768000500000,897.430,898.790,896.880,898.250,2362.07,1768001399999,2121016.38090,3910,1741.70,1564104.88930,0
1768001400000,898.250,898.720,897.470,897.920,1996.01,1768002299999,1792689.90600,4156,1053.05,945791.93630,0
1768002300000,897.920,898.170,896.910,897.360,1213.37,1768003199999,1088851.07990,2794,536.74,481696.75200,0
1768003200000,897.350,898.590,897.350,897.850,2528.26,1768004099999,2270471.02920,4951,1218.13,1093912.28830,0
1768004100000,897.840,898.850,897.220,898.840,2187.15,1768004999999,1963730.67430,4351,1438.16,1291316.83200,0
1768005000000,898.850,899.990,898.750,899.350,4878.54,1768005899999,4387445.11320,5530,3085.69,2774872.66930,0
1768005900000,899.350,899.350,898.280,898.320,2245.54,1768006799999,2018334.56280,4594,780.78,701849.83820,0
1768006800000,898.310,899.790,898.170,899.780,3593.26,1768007699999,3230232.20780,5054,1897.31,1705792.15240,0
1768007700000,899.780,900.570,899.680,900.240,3680.62,1768008599999,3313164.02710,5683,2021.66,1819970.01300,0
1768008600000,900.240,900.250,899.680,899.910,1450.37,1768009499999,1305189.87450,4609,313.85,282424.30390,0
1768009500000,899.910,900.290,898.670,899.760,2526.84,1768010399999,2273389.28550,4477,905.94,814885.65140,0
1768010400000,899.770,900.300,899.400,900.290,1666.67,1768011299999,1499628.67700,4928,863.41,776904.31270,0
1768011300000,900.300,901.840,900.150,901.220,4077.47,1768012199999,3674402.94620,6550,2289.34,2062968.66760,0
1768012200000,901.220,901.230,899.660,899.920,3830.37,1768013099999,3449039.10040,6061,1173.10,1056218.72700,0
1768013100000,899.910,900.850,899.870,900.500,1400.11,1768013999999,1260364.47930,3716,791.46,712463.10110,0
1768014000000,900.510,901.000,899.220,900.840,5416.46,1768014899999,4875803.86960,9014,2131.35,1918961.04540,0
1768014900000,900.840,901.850,899.890,901.500,11471.53,1768015799999,10335528.96890,9385,4769.41,4296923.90480,0
1768015800000,901.510,906.260,901.500,906.030,23052.90,1768016699999,20836869.44450,19970,15750.00,14233977.85250,0
1768016700000,906.030,908.800,905.130,907.960,19266.82,1768017599999,17478153.99470,25033,11038.94,10014321.01870,0
1768017600000,907.960,909.440,906.050,906.140,11217.36,1768018499999,10182489.75390,18796,6139.94,5575024.04800,0
1768018500000,906.140,906.180,904.000,905.140,6189.84,1768019399999,5601064.38410,10809,2527.02,2286646.11790,0
1768019400000,905.150,905.180,903.760,904.910,3389.81,1768020299999,3065714.71410,6432,1810.49,1637397.08880,0
1768020300000,904.910,907.840,904.900,906.990,6466.28,1768021199999,5862281.37070,9918,3657.01,3315115.34740,0
1768021200000,907.000,908.630,905.830,908.620,5514.87,1768022099999,5003026.85760,11048,3289.98,2984902.10180,0
1768022100000,908.630,909.440,907.780,908.710,4843.07,1768022999999,4399977.76110,8477,2783.34,2528746.44260,0
1768023000000,908.700,911.230,907.990,909.270,8974.11,1768023899999,8164978.58570,14117,5538.27,5039096.81570,0
1768023900000,909.260,910.050,907.460,908.000,4055.69,1768024799999,3686216.56320,7742,1832.01,1665480.03170,0
1768024800000,908.000,910.210,907.990,909.690,4238.64,1768025699999,3853725.52400,8603,2256.16,2051361.23330,0
1768025700000,909.680,909.690,907.570,908.280,4038.91,1768026599999,3669090.13210,7495,1678.23,1524466.55400,0
1768026600000,908.290,908.780,906.790,907.070,4424.15,1768027499999,4015771.05280,8464,2086.96,1894485.87380,0
1768027500000,907.080,907.430,906.500,906.930,3078.02,1768028399999,2791324.27960,6348,1372.10,1244295.98180,0
1768028400000,906.940,909.350,906.720,908.150,5372.70,1768029299999,4880870.15680,9455,3045.93,2766970.52470,0
1768029300000,908.150,908.390,907.460,907.610,2192.43,1768030199999,1990373.77530,4792,768.37,697554.40530,0
1768030200000,907.620,908.000,907.060,907.270,2498.80,1768031099999,2267742.37880,5162,1069.31,970399.17980,0
1768031100000,907.280,907.280,905.710,905.970,4910.69,1768031999999,4450212.08280,6644,1358.93,1231413.67730,0
1768032000000,905.970,907.040,905.600,906.290,4027.64,1768032899999,3650069.60020,7368,1818.78,1648339.00160,0
1768032900000,906.290,906.340,904.520,904.820,3908.65,1768033799999,3537584.78520,6580,1376.29,1245532.50140,0
1768033800000,904.820,905.040,903.310,904.390,4062.24,1768034699999,3672929.45040,7430,1654.58,1495993.31550,0
1768034700000,904.400,905.180,903.500,904.400,5245.94,1768035599999,4743657.91410,7242,1964.50,1776342.19770,0
1768035600000,904.410,904.580,902.510,902.910,8522.85,1768036499999,7700524.09690,11501,3010.41,2719825.27700,0
1768036500000,902.900,902.980,901.020,901.310,7936.13,1768037399999,7159268.47710,10248,2496.35,2252119.07120,0
1768037400000,901.300,903.650,899.330,902.240,16195.79,1768038299999,14600788.61300,16643,9215.90,8310729.18040,0
1768038300000,902.250,902.280,900.130,901.460,9265.01,1768039199999,8348536.71370,12343,3314.65,2986731.78580,0
1768039200000,901.470,902.420,900.670,901.950,3535.94,1768040099999,3187849.52260,6901,1858.54,1675662.69710,0
1768040100000,901.960,903.650,901.640,902.740,4735.09,1768040999999,4274324.40020,6579,2773.83,2504109.28490,0
1768041000000,902.740,902.740,901.140,901.220,2888.71,1768041899999,2605491.53430,5540,1258.04,1134711.24130,0
1768041900000,901.230,903.260,901.220,903.250,3789.79,1768042799999,3418655.04100,7278,2531.68,2283908.44540,0
1768042800000,903.250,903.250,902.070,902.780,4041.92,1768043699999,3649199.33170,6171,2836.25,2560662.60770,0
1768043700000,902.780,902.880,901.880,901.910,1501.08,1768044599999,1354383.83490,3594,696.68,628571.66820,0
1768044600000,901.900,902.480,901.860,902.040,1492.02,1768045499999,1346065.53490,4587,806.74,727809.62830,0
1768045500000,902.040,902.040,900.940,900.940,2554.16,1768046399999,2302508.94810,5189,982.84,885990.81550,0
1768046400000,900.950,901.140,899.960,900.640,5765.28,1768047299999,5192426.25600,7447,1589.95,1432151.40180,0
1768047300000,900.640,901.280,900.170,900.510,3539.90,1768048199999,3188031.19690,5723,1911.60,1721590.64200,0
1768048200000,900.520,901.270,900.140,900.270,2294.93,1768049099999,2066830.39540,5034,931.40,838801.70230,0
1768049100000,900.280,900.990,899.950,900.000,2802.30,1768049999999,2522974.48150,4907,1087.68,979181.44570,0
1768050000000,900.000,900.820,899.500,900.600,2980.20,1768050899999,2682906.45320,6094,1337.43,1204126.95470,0
1768050900000,900.600,902.730,900.510,902.720,3780.76,1768051799999,3410594.84040,6222,2741.20,2472785.88950,0
1768051800000,902.730,903.650,902.160,902.440,2478.81,1768052699999,2238292.39170,4794,1197.02,1080847.43880,0
1768052700000,902.450,903.160,902.250,903.150,1746.67,1768053599999,1576779.71250,4014,1059.85,956769.61100,0
1768053600000,903.160,903.440,901.790,903.380,4613.24,1768054499999,4163661.51170,8975,1983.46,1790185.49070,0
1768054500000,903.380,904.780,903.360,904.010,5533.98,1768055399999,5003786.39590,8741,3461.24,3129578.14180,0
1768055400000,904.010,905.040,903.290,905.030,5064.18,1768056299999,4578733.53830,7907,2997.56,2710427.02560,0
1768056300000,905.030,906.440,905.030,905.430,6175.04,1768057199999,5593139.83050,7236,3877.33,3511924.47210,0
1768057200000,905.440,907.860,904.790,907.140,6587.09,1768058099999,5972739.12550,9708,3756.03,3405828.28770,0
1768058100000,907.140,909.440,906.140,909.220,8677.66,1768058999999,7876589.18150,11419,5197.00,4717082.81900,0
1768059000000,909.220,911.420,908.960,909.250,17463.17,1768059899999,15895509.84150,18639,10166.11,9253434.66870,0
1768059900000,909.250,910.220,908.100,909.270,5943.11,1768060799999,5403224.85340,9569,2334.18,2122253.81500,0
1768060800000,909.270,910.000,908.360,908.990,5346.72,1768061699999,4861262.34880,10722,2574.74,2341110.84740,0
1768061700000,908.980,909.930,907.510,907.790,6015.83,1768062599999,5463652.62640,9246,2577.31,2340976.44350,0
1768062600000,907.790,910.300,907.310,909.430,6102.78,1768063499999,5546885.47430,9826,2980.46,2708901.87920,0
1768063500000,909.430,910.100,907.590,909.980,4736.39,1768064399999,4303704.70690,7827,2252.61,2047021.10720,0
1768064400000,909.970,911.310,908.930,909.720,4885.56,1768065299999,4446559.12510,8998,2324.18,2115635.02290,0
1768065300000,909.730,910.920,909.300,910.290,3162.44,1768066199999,2878000.95240,6713,1857.70,1690603.54550,0
1768066200000,910.290,910.300,909.420,909.990,3145.87,1768067099999,2862567.58140,6398,1704.95,1551415.07660,0
1768067100000,909.990,910.000,908.110,908.740,5932.83,1768067999999,5393491.93730,8881,2051.02,1864673.95390,0
1768068000000,908.730,910.500,908.730,909.940,4795.20,1768068899999,4362833.37200,7756,2994.20,2724221.18670,0
1768068900000,909.940,911.000,909.940,910.950,2661.28,1768069799999,2423456.44450,4991,1658.42,1510159.01200,0
1768069800000,910.960,914.190,910.040,913.500,10441.43,1768070699999,9526643.21270,12761,7288.13,6649608.92880,0
1768070700000,913.510,914.050,911.740,912.930,5988.68,1768071599999,5467772.10370,8873,2876.45,2626242.74540,0
1768071600000,912.940,914.560,912.050,912.380,6429.26,1768072499999,5872590.19950,9914,3334.51,3046195.74800,0
1768072500000,912.390,914.000,912.380,914.000,2661.14,1768073399999,2430868.86400,5125,1434.87,1310666.64680,0
1768073400000,914.000,916.410,913.990,914.490,13593.25,1768074299999,12445071.95470,16144,6647.74,6085863.82750,0
1768074300000,914.500,915.760,913.620,914.660,5422.77,1768075199999,4958580.98450,7980,2537.85,2320636.51440,0
1768075200000,914.660,916.280,914.120,915.560,4859.96,1768076099999,4447525.25470,8560,2684.22,2456285.08710,0
1768076100000,915.570,916.700,914.170,914.170,5186.23,1768076999999,4748476.55250,7891,2667.45,2442781.10290,0
1768077000000,914.170,914.200,912.270,912.270,4215.55,1768077899999,3848256.01340,8518,1269.90,1159146.49950,0
1768077900000,912.270,912.280,910.120,910.260,7102.01,1768078799999,6470112.69880,8943,2225.06,2026906.92770,0
1768078800000,910.260,910.650,908.760,908.800,5572.50,1768079699999,5068265.14460,7897,1941.54,1765848.81090,0
1768079700000,908.810,909.140,908.250,908.250,2841.29,1768080599999,2581764.92620,5273,1353.07,1229522.18890,0
1768080600000,908.260,908.570,905.570,906.460,12127.34,1768081499999,10996107.85550,13226,5947.01,5392360.79740,0
1768081500000,906.460,906.560,903.740,905.100,13276.59,1768082399999,12013210.02370,13938,5971.19,5402704.87210,0
1768082400000,905.100,905.390,903.040,903.260,8156.17,1768083299999,7375750.38450,11427,2794.71,2527320.69310,0
1768083300000,903.260,903.680,902.760,903.380,5063.25,1768084199999,4573030.32990,7299,1828.76,1651841.38500,0
1768084200000,903.390,905.390,903.380,905.080,6007.41,1768085099999,5434990.26900,8639,3979.52,3600142.07160,0
1768085100000,905.090,905.090,903.970,903.980,1869.59,1768085999999,1691161.11250,4885,1175.96,1063750.28650,0
1768086000000,903.980,906.410,903.900,905.990,3490.73,1768086899999,3161214.42940,8069,2562.86,2320792.09600,0
1768086900000,905.990,907.830,905.160,906.900,4363.96,1768087799999,3956163.32910,6976,3115.47,2824369.87600,0
1768087800000,906.900,907.810,906.420,907.800,2411.93,1768088699999,2187501.18630,4595,1400.79,1270468.69880,0
1768088700000,907.800,908.750,907.300,908.440,3430.05,1768089599999,3114672.77080,6362,2046.54,1858414.22180,0
1768089600000,908.450,909.510,907.460,909.470,4061.31,1768090499999,3689926.78670,7493,2214.58,2012170.02860,0
1768090500000,909.460,910.000,906.810,907.560,4462.93,1768091399999,4053416.63320,7699,1985.32,1803205.78270,0
1768091400000,907.550,907.550,905.710,906.030,3259.95,1768092299999,2954728.12950,5715,1016.88,921579.10420,0
1768092300000,906.020,906.990,905.950,906.760,1441.92,1768093199999,1307140.31420,3853,839.53,761039.72910,0
1768093200000,906.750,906.760,905.270,905.430,3116.22,1768094099999,2823356.34950,5368,1156.48,1047728.53280,0
1768094100000,905.420,906.390,904.790,905.630,2961.02,1768094999999,2680990.25590,5706,1393.36,1261527.95580,0
1768095000000,905.640,908.600,905.630,907.280,4007.25,1768095899999,3635331.19790,8020,2181.41,1978729.28020,0
1768095900000,907.280,909.010,907.000,908.570,2747.90,1768096799999,2495495.01370,5504,1507.76,1369188.75300,0
1768096800000,908.570,910.330,908.510,910.180,4254.63,1768097699999,3868813.48670,8417,2925.43,2660252.03730,0
1768097700000,910.180,910.450,909.040,909.330,4815.37,1768098599999,4380081.29230,6844,2083.70,1895300.07800,0
1768098600000,909.320,910.320,908.350,910.320,2662.22,1768099499999,2419990.85260,5866,1219.73,1108930.89250,0
1768099500000,910.310,911.740,910.090,910.950,5164.45,1768100399999,4704516.40290,8189,3126.70,2848171.70830,0
1768100400000,910.950,911.960,910.230,910.540,4013.34,1768101299999,3656750.11130,7501,2127.61,1938430.39560,0
1768101300000,910.530,911.670,909.470,909.650,3509.32,1768102199999,3194478.04250,5743,2015.25,1834215.71430,0
1768102200000,909.660,911.630,909.600,911.630,1846.04,1768103099999,1680979.65710,5262,1032.54,940279.56680,0
1768103100000,911.620,914.600,911.400,913.870,8818.28,1768103999999,8051392.86770,11119,5552.14,5069568.06530,0
1768104000000,913.870,915.670,912.780,914.630,10181.02,1768104899999,9308422.26380,14117,6358.50,5813486.60220,0
1768104900000,914.640,914.670,912.000,912.680,4107.09,1768105799999,3749162.70340,8207,1690.16,1542858.54210,0
1768105800000,912.670,914.570,912.670,913.260,3771.95,1768106699999,3446139.56350,8703,1908.65,1743863.85650,0
1768106700000,913.260,913.980,913.250,913.860,2214.91,1768107599999,2023608.20590,5330,1096.43,1001727.94500,0
1768107600000,913.860,913.860,912.110,912.360,3557.17,1768108499999,3246615.42530,6234,1414.29,1290736.58920,0
1768108500000,912.370,912.670,911.330,912.150,2574.51,1768109399999,2347580.83280,4885,1130.07,1030500.57290,0
1768109400000,912.140,912.440,911.510,912.340,2715.23,1768110299999,2476199.07680,4129,1761.66,1606512.68880,0
1768110300000,912.350,915.250,912.340,913.910,6587.86,1768111199999,6022473.97030,8664,3284.62,3002475.96990,0
1768111200000,913.910,914.980,913.410,914.200,2886.59,1768112099999,2638517.53400,6409,1537.28,1405225.80890,0
1768112100000,914.200,914.570,911.150,912.800,5087.32,1768112999999,4642253.44940,8178,2443.28,2230018.14340,0
1768113000000,912.800,914.120,912.380,914.120,2682.09,1768113899999,2449403.06740,4641,1162.28,1061634.99200,0
1768113900000,914.120,914.570,913.510,914.350,2311.68,1768114799999,2113163.77960,5042,1122.43,1026074.69980,0
1768114800000,914.350,915.000,913.420,914.280,5109.22,1768115699999,4671209.73230,7706,2421.49,2214098.52980,0
1768115700000,914.270,915.100,913.490,913.840,2917.79,1768116599999,2668485.54510,5013,1271.11,1162622.99070,0
1768116600000,913.830,917.010,912.700,915.840,12896.57,1768117499999,11803014.69110,11749,8928.36,8171454.09180,0
1768117500000,915.830,915.910,913.840,914.100,4805.99,1768118399999,4397325.71790,7125,1731.88,1584430.03850,0
1768118400000,914.110,914.420,913.300,914.410,3301.34,1768119299999,3017149.24320,6301,1404.82,1283861.45760,0
1768119300000,914.400,915.480,913.970,915.380,2214.22,1768120199999,2025230.37440,4745,1141.36,1043941.20730,0
1768120200000,915.380,915.950,915.190,915.950,2388.77,1768121099999,2186905.94780,5325,1067.96,977730.39460,0
1768121100000,915.950,918.000,915.790,917.430,6202.53,1768121999999,5687496.27050,9437,3469.33,3181192.82340,0
1768122000000,917.420,917.710,915.740,915.830,6052.71,1768122899999,5549084.79830,9478,2543.51,2331745.37210,0
1768122900000,915.840,917.000,915.060,915.660,3677.12,1768123799999,3367831.79100,6191,1300.58,1191078.27850,0
1768123800000,915.660,915.870,912.240,913.270,12705.47,1768124699999,11609484.81250,14378,3763.04,3438777.15910,0
1768124700000,913.270,914.070,913.000,913.950,3058.62,1768125599999,2793931.28930,6735,1883.26,1720333.14880,0
1768125600000,913.960,914.040,912.200,913.620,4879.57,1768126499999,4454761.23850,11132,1805.47,1648241.36490,0
1768126500000,913.620,914.000,913.410,913.870,1436.96,1768127399999,1313038.02520,3649,848.03,774888.68820,0
1768127400000,913.880,913.960,913.030,913.770,1873.95,1768128299999,1712042.14020,4656,870.64,795491.70470,0
1768128300000,913.770,913.980,913.180,913.270,1407.35,1768129199999,1285665.77630,3985,547.64,500274.86220,0
1768129200000,913.280,913.730,912.670,912.830,1760.21,1768130099999,1607352.13690,4573,840.47,767477.13900,0
1768130100000,912.840,913.860,912.700,913.530,1513.96,1768130999999,1382702.78920,3420,893.54,816053.06620,0
1768131000000,913.540,913.970,913.330,913.330,1356.90,1768131899999,1239682.46260,2960,779.90,712553.07620,0
1768131900000,913.340,913.340,912.220,912.640,2334.02,1768132799999,2129967.34380,4030,995.43,908367.05990,0
1768132800000,912.650,913.560,912.650,913.550,1490.91,1768133699999,1361524.28930,4133,725.33,662390.49540,0
1768133700000,913.550,914.170,913.000,913.540,2995.43,1768134599999,2736784.75340,5382,1324.51,1210176.81640,0
1768134600000,913.540,913.750,912.890,913.610,2090.68,1768135499999,1909428.07700,4581,897.97,820143.81180,0
1768135500000,913.620,914.800,913.460,913.890,4628.06,1768136399999,4231203.49480,6960,2469.50,2257685.71470,0
1768136400000,913.900,914.300,913.370,914.170,2885.28,1768137299999,2636664.57450,5303,1468.89,1342348.07280,0
1768137300000,914.170,914.500,912.510,914.390,3615.56,1768138199999,3302840.41770,5644,1832.04,1673692.90290,0
1768138200000,914.390,914.450,913.250,913.490,2470.32,1768139099999,2257495.77270,4457,1281.35,1170948.45380,0
1768139100000,913.480,914.480,912.800,914.480,2505.05,1768139999999,2288840.56170,4680,1338.71,1223203.05200,0
1768140000000,914.470,915.820,913.660,915.700,4693.30,1768140899999,4294309.95320,7191,2915.01,2667077.45010,0
1768140900000,915.690,916.000,914.650,914.740,3415.79,1768141799999,3126710.30410,5463,1521.34,1392662.22940,0
1768141800000,914.740,915.220,912.560,913.360,7986.73,1768142699999,7295633.82110,10628,3283.88,2999824.90210,0
1768142700000,913.350,913.650,911.050,911.730,18219.65,1768143599999,16624670.55350,15252,7071.98,6453000.61050,0
1768143600000,911.720,912.290,909.790,910.500,17032.30,1768144499999,15517531.87590,17973,8148.98,7425197.39200,0
1768144500000,910.490,911.660,908.500,909.140,11135.53,1768145399999,10132348.53020,12263,6245.11,5683337.18520,0
1768145400000,909.150,910.330,907.780,908.110,8496.78,1768146299999,7723711.91080,12113,4030.93,3665287.01730,0
1768146300000,908.110,909.630,906.540,909.220,12510.80,1768147199999,11359819.97270,14387,6550.03,5948506.96470,0
1768147200000,909.210,911.000,909.210,909.880,7620.51,1768148099999,6935526.19590,10150,3803.44,3461336.34250,0
1768148100000,909.890,910.860,909.140,909.670,6145.62,1768148999999,5592096.43050,9029,2853.62,2596468.07450,0
1768149000000,909.670,911.720,909.500,910.220,9886.07,1768149899999,9002366.44090,13566,5309.36,4834909.06530,0
1768149900000,910.220,910.320,908.020,908.310,5136.08,1768150799999,4668457.31330,8098,1912.24,1738147.09060,0
1768150800000,908.310,909.350,908.180,909.080,3092.92,1768151699999,2810765.59730,6478,1591.39,1446334.89280,0
1768151700000,909.080,909.090,907.300,908.030,4036.46,1768152599999,3664395.06010,6057,1752.93,1591346.73100,0
1768152600000,908.040,908.040,906.400,907.850,3388.60,1768153499999,3074333.81850,6315,1381.03,1253051.09300,0
1768153500000,907.850,908.180,907.530,907.700,1657.01,1768154399999,1504338.28660,3587,948.38,861010.32410,0
1768154400000,907.710,907.710,906.040,906.260,6184.30,1768155299999,5606577.97200,7665,2393.52,2169748.22240,0
1768155300000,906.260,907.320,905.630,907.050,7937.95,1768156199999,7194721.03420,8270,4524.40,4100795.25400,0
1768156200000,907.060,907.060,905.830,906.090,2328.29,1768157099999,2110170.17910,4607,852.05,772203.18880,0
1768157100000,906.100,907.890,906.090,906.750,3463.76,1768157999999,3141956.48720,5133,1804.10,1636553.05900,0
1768158000000,906.760,907.300,905.930,907.020,1605.77,1768158899999,1455633.55680,4862,708.19,642073.78220,0
1768158900000,907.030,907.280,906.190,906.320,1495.43,1768159799999,1355999.93530,3700,661.07,599453.13750,0
1768159800000,906.320,906.610,903.710,904.360,5071.42,1768160699999,4588817.13320,6725,1150.85,1041353.17480,0
1768160700000,904.360,905.120,904.180,904.900,3567.33,1768161599999,3227087.29870,5741,1782.38,1612446.43190,0
1768161600000,904.900,905.100,902.430,903.230,7360.38,1768162499999,6649582.14460,11945,3334.67,3013092.94880,0
1768162500000,903.220,903.230,901.110,902.040,8081.57,1768163399999,7290322.10720,12339,3327.26,3001386.87040,0
1768163400000,902.040,902.500,901.110,901.380,4509.18,1768164299999,4066295.60770,8248,1866.04,1682934.00980,0
1768164300000,901.370,903.280,901.360,902.650,3469.74,1768165199999,3131440.09940,5715,2149.21,1939547.10360,0
1768165200000,902.640,902.640,900.420,901.160,4149.71,1768166099999,3739698.40980,8980,1504.72,1355943.78220,0
1768166100000,901.150,902.750,901.060,902.550,2258.01,1768166999999,2036898.65270,5385,1226.10,1105999.20680,0
1768167000000,902.560,903.870,902.470,903.860,2761.79,1768167899999,2494616.04770,5973,1511.95,1365627.11310,0
1768167900000,903.870,905.840,903.870,905.220,4711.14,1768168799999,4264671.42160,7526,3051.62,2762352.02640,0
1768168800000,905.220,905.220,901.680,902.320,5243.97,1768169699999,4734878.35470,8884,2045.30,1846456.41890,0
1768169700000,902.310,904.090,902.060,903.770,3034.98,1768170599999,2740603.02920,5663,1225.09,1106413.16800,0
1768170600000,903.760,904.620,902.870,904.340,2915.42,1768171499999,2635172.79360,5828,1763.03,1593597.71080,0
1768171500000,904.340,904.770,903.220,903.220,1576.55,1768172399999,1425156.16880,4199,569.42,514757.81690,0
1768172400000,903.220,903.480,899.030,903.470,13170.24,1768173299999,11861864.19060,18507,6087.70,5483466.29960,0
1768173300000,903.470,905.030,902.790,903.270,6211.41,1768174199999,5613495.19490,12322,3021.50,2730642.87130,0
1768174200000,903.270,904.630,902.750,904.180,2864.21,1768175099999,2588621.94210,6413,1400.32,1265414.48750,0
1768175100000,904.180,904.850,903.600,904.750,3178.64,1768175999999,2874598.93820,6465,1348.14,1219184.23490,0
1768176000000,904.750,906.700,902.810,902.820,10798.09,1768176899999,9773129.06090,16574,6022.61,5452129.14790,0
1768176900000,902.810,904.630,902.190,903.620,7342.35,1768177799999,6632988.48440,13160,3792.81,3426185.06650,0
1768177800000,903.610,904.200,900.130,900.480,8800.31,1768178699999,7935967.21690,14593,2916.74,2630451.90090,0
1768178700000,900.490,902.340,897.060,902.340,18694.13,1768179599999,16810130.61060,24544,8141.35,7323599.49210,0
1768179600000,902.340,905.920,902.160,903.190,15126.68,1768180499999,13671804.55580,22864,6844.88,6187375.83510,0
1768180500000,903.180,905.860,902.280,904.850,7557.56,1768181399999,6833254.72640,13500,4705.95,4255220.39070,0
1768181400000,904.860,904.980,900.720,902.750,5618.86,1768182299999,5070535.20230,11524,2521.19,2274750.46070,0
1768182300000,902.750,905.210,902.540,903.820,3722.35,1768183199999,3364669.40470,8152,1805.32,1631821.96550,0
1768183200000,903.830,906.040,902.280,905.990,6829.66,1768184099999,6176193.50030,11992,3699.55,3346405.13300,0
1768184100000,905.990,907.670,904.740,905.980,5507.60,1768184999999,4990904.20980,12439,2571.24,2330071.32700,0
1768185000000,905.980,907.960,905.000,907.380,4810.96,1768185899999,4362206.70210,9726,3232.72,2931669.38880,0
1768185900000,907.380,910.300,906.880,909.250,19976.10,1768186799999,18152919.61200,21094,9288.28,8440049.75240,0
1768186800000,909.260,910.910,907.520,910.390,13611.42,1768187699999,12374986.77520,20919,5789.28,5264628.62750,0
1768187700000,910.390,910.930,908.220,908.740,8443.48,1768188599999,7683551.93360,13357,2881.11,2621842.01460,0
1768188600000,908.740,909.080,906.690,907.040,6595.20,1768189499999,5985920.30740,10535,2032.70,1844896.86820,0
1768189500000,907.050,907.320,905.240,905.500,6894.22,1768190399999,6247365.61120,8364,2763.75,2504291.75250,0
1768190400000,905.510,907.620,905.230,907.350,5507.02,1768191299999,4991447.23310,8525,3674.56,3330672.27890,0
1768191300000,907.350,908.760,907.220,908.130,2650.83,1768192199999,2407425.76950,5257,1444.14,1311452.71580,0
1768192200000,908.140,909.550,908.060,909.370,4003.31,1768193099999,3637982.03940,6395,1852.22,1683435.98200,0
1768193100000,909.380,910.480,909.290,909.690,5008.12,1768193999999,4557081.89950,6547,1966.02,1788916.58990,0
1768194000000,909.700,909.700,908.410,908.700,4204.90,1768194899999,3822105.76570,7375,2209.58,2008431.99340,0
1768194900000,908.700,910.240,908.350,910.040,3358.97,1768195799999,3055493.17250,6182,1811.29,1647670.28500,0
1768195800000,910.030,910.300,908.630,908.710,3279.29,1768196699999,2982915.47190,5959,1479.55,1346054.10650,0
1768196700000,908.710,908.890,907.510,908.330,4818.52,1768197599999,4376009.42580,6471,2076.87,1886166.29270,0
1768197600000,908.320,909.280,907.470,909.260,2993.51,1768198499999,2719146.27920,6521,1814.90,1648677.78710,0
1768198500000,909.270,909.370,907.930,908.260,2670.95,1768199399999,2426946.58280,4461,1029.15,934996.01440,0
1768199400000,908.260,908.410,906.710,908.060,3832.81,1768200299999,3478245.94000,6702,1858.27,1686357.22240,0
1768200300000,908.070,908.070,907.010,907.670,2019.01,1768201199999,1832114.42970,4342,864.48,784498.45380,0
1768201200000,907.670,908.780,907.380,907.380,1964.76,1768202099999,1783993.83110,5692,1137.37,1032692.19130,0
1768202100000,907.390,907.720,905.320,906.540,4646.23,1768202999999,4210713.98610,6572,1604.03,1453560.88620,0
1768203000000,906.550,906.550,904.150,905.060,5258.21,1768203899999,4757993.81710,8549,2623.44,2373774.74570,0
1768203900000,905.070,905.690,904.180,905.100,5848.35,1768204799999,5293232.60680,7818,3164.19,2863760.82970,0
1768204800000,905.100,908.580,904.860,907.910,7214.41,1768205699999,6543086.85600,11642,4385.10,3976937.50790,0
1768205700000,907.910,908.750,907.410,907.890,4253.23,1768206599999,3862070.82840,7146,2542.62,2308874.97210,0
1768206600000,907.880,907.880,902.310,902.750,16752.51,1768207499999,15152138.66360,20859,7262.55,6566846.80300,0
1768207500000,902.750,905.140,899.630,903.580,15067.72,1768208399999,13597358.20130,21492,7791.04,7031941.36550,0
1768208400000,903.590,904.080,902.570,903.120,4464.17,1768209299999,4033192.74530,8923,1767.02,1596448.56780,0
1768209300000,903.130,903.890,902.360,902.360,3741.78,1768210199999,3379658.46770,7505,1648.33,1488805.70450,0
1768210200000,902.350,903.960,901.880,902.220,4406.94,1768211099999,3978990.30630,7574,2042.44,1844180.95130,0
1768211100000,902.220,902.750,900.740,901.260,4294.75,1768211999999,3872488.55900,7455,2154.65,1942907.83610,0
1768212000000,901.260,902.470,899.590,901.090,5500.72,1768212899999,4955613.61640,10557,2289.20,2062820.11230,0
1768212900000,901.090,901.190,899.860,900.520,2546.96,1768213799999,2293542.82680,5994,921.17,829538.26830,0
1768213800000,900.520,901.090,900.330,900.760,3105.08,1768214699999,2796839.87170,6350,1878.05,1691661.93170,0
1768214700000,900.750,900.750,899.000,899.520,3533.01,1768215599999,3178121.43340,6937,1386.63,1247319.72440,0
1768215600000,899.520,900.760,898.660,900.360,4973.21,1768216499999,4474592.55560,8710,2774.24,2496047.41520,0
1768216500000,900.370,902.400,900.350,901.620,3238.58,1768217399999,2919459.54190,6878,2343.46,2112518.73730,0
1768217400000,901.630,902.280,900.910,901.810,2188.69,1768218299999,1973421.78020,4825,975.24,879375.80520,0
1768218300000,901.800,902.370,901.650,901.750,1840.71,1768219199999,1660334.56470,3774,679.06,612504.94380,0
1768219200000,901.750,901.790,900.640,901.500,2100.75,1768220099999,1893146.90500,5882,968.41,872712.80670,0
1768220100000,901.500,903.290,901.470,902.070,3593.43,1768220999999,3242500.71380,5780,2213.99,1997772.74100,0
1768221000000,902.060,902.450,900.640,901.340,3141.66,1768221899999,2832404.05830,5219,1319.24,1189345.20150,0
1768221900000,901.330,904.380,900.930,902.380,10285.32,1768222799999,9287099.40780,10000,7024.62,6342251.01350,0
1768222800000,902.370,902.550,898.690,899.290,9616.03,1768223699999,8660226.73890,12044,3160.84,2846403.67910,0
1768223700000,899.290,901.010,899.150,900.760,2657.39,1768224599999,2392193.24360,5982,1721.74,1549921.33080,0
1768224600000,900.750,901.500,899.890,900.120,3002.83,1768225499999,2704907.69440,5500,1327.72,1196042.74770,0
1768225500000,900.110,901.090,899.300,900.540,2261.25,1768226399999,2035924.26790,5351,1332.31,1199548.86330,0
1768226400000,900.540,900.870,899.870,900.130,1818.61,1768227299999,1637297.79040,7218,833.18,750113.00620,0
1768227300000,900.130,900.280,894.060,896.490,18299.96,1768228199999,16407904.03830,24357,6363.29,5704893.60710,0
1768228200000,896.480,901.470,896.190,900.080,11453.12,1768229099999,10297411.83040,22269,5811.00,5224653.87030,0
1768229100000,900.080,902.600,898.870,900.180,7429.13,1768229999999,6690972.33670,13045,3019.79,2719517.26500,0
1768230000000,900.170,901.210,899.200,900.860,5977.55,1768230899999,5380193.57530,13021,2309.39,2078636.57700,0
1768230900000,900.860,904.210,900.600,902.990,7526.18,1768231799999,6793781.93370,14593,3913.89,3533088.42640,0
1768231800000,903.000,905.470,902.310,904.710,9092.81,1768232699999,8220054.29160,14305,4694.86,4244911.40490,0
1768232700000,904.700,905.800,903.650,904.750,10168.10,1768233599999,9200295.27980,13549,5162.78,4671844.11680,0
1768233600000,904.750,907.100,904.720,906.110,13669.85,1768234499999,12386623.59970,16003,6915.77,6267231.48910,0
1768234500000,906.110,908.500,904.690,908.370,11894.24,1768235399999,10787057.42980,17219,7047.73,6392355.43860,0
1768235400000,908.360,908.690,905.490,906.370,9513.65,1768236299999,8626316.14270,14046,3966.07,3595720.54800,0
1768236300000,906.370,906.990,905.000,906.190,4832.54,1768237199999,4379271.68450,8561,1807.09,1637750.52760,0
1768237200000,906.190,907.680,905.580,906.600,4444.43,1768238099999,4029620.58390,9538,2233.77,2025342.15330,0
1768238100000,906.590,907.620,904.470,905.340,4946.27,1768238999999,4481361.35590,8759,1703.38,1543366.68540,0
1768239000000,905.330,905.640,900.410,903.220,14103.46,1768239899999,12723719.72640,17992,6575.36,5931423.59300,0
1768239900000,903.220,905.280,903.130,905.010,3982.06,1768240799999,3602034.10460,7280,2483.69,2246697.28220,0
1768240800000,905.000,907.910,904.900,907.310,6224.81,1768241699999,5642377.17550,10730,3053.67,2768121.11650,0
1768241700000,907.300,908.330,907.060,907.820,3113.50,1768242599999,2826058.56740,7385,1718.08,1559444.00350,0
1768242600000,907.810,908.090,905.200,906.290,3908.35,1768243499999,3542757.34060,8618,1470.83,1333258.36790,0
1768243500000,906.290,908.570,906.290,908.370,5658.89,1768244399999,5137731.46260,7132,3754.61,3408391.91960,0
1768244400000,908.370,908.370,906.060,907.280,8178.88,1768245299999,7419465.88190,8275,5358.96,4860985.44650,0
1768245300000,907.280,909.780,907.280,908.510,10437.67,1768246199999,9482975.96660,8242,6627.51,6020580.57850,0
1768246200000,908.510,908.520,907.540,907.760,1840.45,1768247099999,1671006.18340,4901,791.96,719023.65170,0
1768247100000,907.760,908.700,907.020,908.320,1338.44,1768247999999,1215355.79050,4258,557.45,506212.01600,0
1768248000000,908.320,908.980,907.390,907.980,5429.78,1768248899999,4931634.32960,8039,3527.57,3203994.30310,0
1768248900000,907.970,907.980,906.660,907.190,1933.39,1768249799999,1753642.36720,4495,774.65,702571.43190,0
1768249800000,907.200,907.200,905.670,905.980,1867.43,1768250699999,1692096.15990,4879,743.91,674014.67070,0
1768250700000,905.990,906.520,905.600,905.750,1734.66,1768251599999,1571557.27350,4293,750.89,680245.45580,0
1768251600000,905.750,906.270,903.630,905.920,7283.53,1768252499999,6588335.25940,8661,2798.86,2531273.65960,0
1768252500000,905.930,906.720,904.230,904.560,1983.86,1768253399999,1796822.58680,5679,902.71,817791.62910,0
1768253400000,904.560,904.810,903.690,903.930,1495.14,1768254299999,1352252.24980,4009,585.15,529236.96090,0
1768254300000,903.940,904.200,901.590,903.060,3954.20,1768255199999,3569733.78960,7615,1902.85,1717793.55690,0
1768255200000,903.060,905.910,903.000,905.450,4153.37,1768256099999,3758521.84170,7331,2613.55,2364948.37960,0
1768256100000,905.460,906.250,904.530,905.450,2434.31,1768256999999,2204247.07810,4106,1205.90,1092029.37950,0
1768257000000,905.460,907.610,905.340,906.800,3293.98,1768257899999,2986448.95910,5893,1923.30,1743922.70820,0
1768257900000,906.800,906.800,906.060,906.320,2280.54,1768258799999,2067358.34960,4834,1218.86,1104885.33230,0
1768258800000,906.320,906.330,904.460,905.520,2957.06,1768259699999,2676957.44370,6599,1292.36,1169830.65720,0
1768259700000,905.520,906.990,905.140,906.890,1554.63,1768260599999,1408632.31340,3661,824.95,747543.33570,0
1768260600000,906.890,907.990,906.450,907.310,2682.82,1768261499999,2433959.47160,5022,1588.03,1440733.01780,0
1768261500000,907.310,907.550,905.700,906.320,3156.85,1768262399999,2862194.36790,4662,984.95,892907.66750,0
1768262400000,906.320,907.190,905.150,905.150,6047.63,1768263299999,5480093.68770,9089,2988.14,2707835.17310,0
1768263300000,905.150,907.680,904.680,907.080,4204.17,1768264199999,3810743.92730,6687,2538.65,2301207.64250,0
1768264200000,907.080,908.480,905.570,906.360,4689.91,1768265099999,4255580.92730,6655,2244.68,2037159.99920,0
1768265100000,906.350,907.360,906.030,906.770,2570.28,1768265999999,2330546.52260,4698,1090.26,988621.55220,0
1768266000000,906.770,907.850,906.120,907.790,2748.79,1768266899999,2493645.42940,5946,1885.93,1710944.33930,0
1768266900000,907.790,907.790,905.110,905.760,2973.98,1768267799999,2695308.76630,5601,1700.99,1541568.55680,0
1768267800000,905.760,905.910,903.280,903.350,6703.25,1768268699999,6062155.54360,8245,2345.74,2121182.06700,0
1768268700000,903.340,903.990,903.000,903.900,4841.78,1768269599999,4374526.22700,6143,2359.91,2132244.70570,0
1768269600000,903.900,905.340,903.400,903.400,4855.20,1768270499999,4390522.14540,7899,2077.08,1878392.87730,0
1768270500000,903.410,904.550,902.690,903.710,5558.68,1768271399999,5022237.52610,6456,2363.90,2136287.45830,0
1768271400000,903.710,905.100,903.700,904.520,2919.58,1768272299999,2641005.76710,5738,1336.09,1208608.92980,0
1768272300000,904.510,906.030,904.470,905.350,2978.14,1768273199999,2696336.89360,5120,1907.39,1726933.40930,0
1768273200000,905.360,906.320,904.000,904.530,3239.39,1768274099999,2931619.76450,7287,1734.59,1569821.95180,0
1768274100000,904.530,907.460,904.530,906.070,4551.36,1768274999999,4124699.34950,6276,2490.61,2256885.25790,0
1768275000000,906.080,906.290,904.430,905.360,2598.70,1768275899999,2352755.31900,5667,1242.09,1124586.62770,0
1768275900000,905.360,907.000,905.070,906.990,2191.38,1768276799999,1985724.98350,5360,1353.25,1226256.97410,0
1768276800000,907.000,908.520,906.990,907.450,6967.07,1768277699999,6324500.44270,8368,4786.38,4344690.47170,0
1768277700000,907.440,908.840,907.100,907.590,4404.77,1768278599999,4000500.29400,6826,2531.60,2299386.13370,0
1768278600000,907.600,909.060,907.460,908.890,6889.05,1768279499999,6258985.56440,6092,2164.38,1966200.08080,0
1768279500000,908.890,910.150,908.740,910.140,6138.59,1768280399999,5582707.47490,6804,4247.43,3863097.49410,0
1768280400000,910.150,910.920,909.370,910.640,14320.27,1768281299999,13035642.37500,11376,8155.65,7424284.81700,0
1768281300000,910.650,912.660,909.260,911.450,17033.86,1768282199999,15517220.25570,17550,9346.09,8514555.74750,0
1768282200000,911.430,911.480,909.910,910.230,4239.59,1768283099999,3859676.37300,7813,1511.60,1376194.27950,0
1768283100000,910.230,910.610,909.380,909.790,3962.25,1768283999999,3605268.95040,6276,1883.91,1714146.10740,0
1768284000000,909.790,910.460,908.480,909.010,4450.40,1768284899999,4046659.00840,8163,1862.10,1693322.81410,0
1768284900000,909.010,911.250,908.870,910.290,3758.81,1768285799999,3422294.93080,6305,1721.84,1567392.27160,0
1768285800000,910.290,912.190,910.280,911.030,4495.91,1768286699999,4098331.59820,7815,2638.40,2405116.24320,0
1768286700000,911.040,912.670,910.380,912.190,6100.59,1768287599999,5563185.82900,8445,3280.07,2991325.47850,0
1768287600000,912.180,915.680,912.020,914.650,23327.41,1768288499999,21332708.95740,23773,13409.14,12261867.39150,0
1768288500000,914.650,915.300,912.520,913.000,17438.20,1768289399999,15936801.50470,16309,6532.95,5971550.40630,0
1768289400000,913.000,913.240,911.250,912.360,9493.78,1768290299999,8660291.60490,10013,3966.72,3618497.59010,0
1768290300000,912.370,913.240,910.100,910.160,10013.88,1768291199999,9132679.97450,10192,3363.40,3068012.98630,0
1768291200000,910.170,911.250,908.400,910.500,20274.24,1768292099999,18448095.96810,19973,7702.08,7007595.22720,0
1768292100000,910.500,911.600,909.480,910.210,11298.87,1768292999999,10287518.18810,11951,4496.29,4093859.78770,0
1768293000000,910.210,912.140,909.870,910.060,13086.69,1768293899999,11925120.42220,13201,5102.96,4650333.00230,0
1768293900000,910.060,911.610,910.000,910.430,12255.45,1768294799999,11162407.12400,12260,5107.23,4651959.80650,0
1768294800000,910.430,912.100,910.200,912.060,14700.18,1768295699999,13398759.28940,16655,7566.35,6896243.40380,0
1768295700000,912.070,912.100,909.190,909.950,22334.07,1768296599999,20335447.73060,23130,8217.94,7482567.25340,0
1768296600000,909.940,910.610,907.940,908.490,19801.91,1768297499999,18002460.09280,23772,7123.04,6476046.27440,0
1768297500000,908.490,910.610,908.320,908.720,21725.91,1768298399999,19757833.91930,20311,8621.30,7839984.52580,0
1768298400000,908.720,911.360,907.960,909.640,47725.99,1768299299999,43427607.44380,44598,29363.28,26718202.97180,0
1768299300000,909.640,910.500,908.800,909.930,13917.93,1768300199999,12660044.11410,14541,9048.63,8230728.43650,0
1768300200000,909.940,911.320,909.680,909.910,7778.50,1768301099999,7081949.33630,10492,5645.35,5139783.73190,0
1768301100000,909.920,910.110,909.110,909.560,4722.26,1768301999999,4295365.89490,6807,2865.53,2606437.80050,0
1768302000000,909.560,909.630,908.780,908.930,3507.27,1768302899999,3188541.03680,6477,1907.17,1733807.28180,0
1768302900000,908.940,910.180,908.880,909.600,3684.78,1768303799999,3351141.55100,5992,2433.18,2212823.67550,0
1768303800000,909.610,909.610,908.710,908.750,3265.76,1768304699999,2968691.05170,5590,1919.50,1744817.79170,0
1768304700000,908.760,909.000,908.290,908.410,3611.46,1768305599999,3281239.83510,5507,2313.75,2102198.24440,0
1768305600000,908.410,908.630,906.790,906.960,7390.13,1768306499999,6706981.17780,8806,3436.96,3119303.68570,0
1768306500000,906.960,908.440,906.940,908.250,3512.44,1768307399999,3188992.79060,5769,2154.67,1956216.02100,0
1768307400000,908.260,909.760,907.930,909.640,5691.67,1768308299999,5172256.48190,7401,3292.10,2991790.89350,0
1768308300000,909.640,910.500,909.410,910.060,3909.88,1768309199999,3557743.91580,5833,2399.05,2182954.59100,0
1768309200000,910.050,910.530,909.010,910.370,3372.73,1768310099999,3068575.00550,6908,1870.50,1701897.59240,0
1768310100000,910.380,912.000,910.220,911.790,4428.62,1768310999999,4035203.72400,6231,3487.40,3177694.27730,0
1768311000000,911.800,913.890,910.260,911.290,21166.74,1768311899999,19301811.87030,23484,10365.72,9453397.31410,0
1768311900000,911.280,911.690,910.250,910.400,3710.70,1768312799999,3380066.74210,7118,1927.28,1755607.72990,0
1768312800000,910.390,910.430,908.840,909.860,5244.44,1768313699999,4770715.46700,8751,2573.22,2340754.06470,0
1768313700000,909.850,911.910,909.810,911.790,3426.55,1768314599999,3120887.80640,7312,2197.79,2001739.89120,0
1768314600000,911.780,914.700,910.970,913.090,12811.14,1768315499999,11698203.28270,19887,6664.88,6085763.93290,0
1768315500000,913.090,913.720,910.410,910.990,7184.82,1768316399999,6551616.32800,13261,2901.44,2645358.73300,0
1768316400000,910.980,912.890,909.170,912.220,8731.26,1768317299999,7956970.57280,15114,4122.14,3756409.05580,0
1768317300000,912.220,912.220,909.960,911.600,3427.05,1768318199999,3122599.79470,9717,1820.62,1658829.91480,0
1768318200000,911.600,916.400,911.510,915.030,14777.23,1768319099999,13520157.29330,19737,8510.63,7786274.39340,0
1768319100000,915.030,917.290,913.720,917.080,13773.14,1768319999999,12615089.98470,15358,8975.04,8220850.42180,0
1768320000000,917.080,921.260,917.020,918.450,32196.21,1768320899999,29604432.25280,32768,20166.95,18544064.30370,0
1768320900000,918.450,920.940,917.220,919.830,15580.85,1768321799999,14320386.03980,20610,8000.33,7352627.61900,0
1768321800000,919.820,924.210,919.130,922.370,19537.10,1768322699999,18022150.69320,25112,12886.08,11886889.68980,0
1768322700000,922.380,923.280,920.530,920.730,6347.66,1768323599999,5854269.77150,12565,3282.70,3027772.10770,0
1768323600000,920.730,922.940,919.030,920.500,7084.65,1768324499999,6523116.90900,13956,2887.62,2659455.99670,0
1768324500000,920.500,921.200,917.510,920.860,10773.58,1768325399999,9908283.90210,13604,6743.87,6203459.98980,0
1768325400000,920.860,921.410,919.700,920.840,6650.39,1768326299999,6122423.93880,13435,2458.16,2263184.00640,0
1768326300000,920.840,922.140,920.310,921.130,3830.63,1768327199999,3529181.44310,9737,1989.78,1833104.61200,0
1768327200000,921.120,939.970,920.730,939.390,75678.75,1768328099999,70469223.43260,64541,49448.21,46038932.84090,0
1768328100000,939.400,940.340,935.300,936.200,34890.75,1768328999999,32713013.51030,36392,20506.71,19228845.94790,0
1768329000000,936.200,937.990,934.010,934.640,7532.63,1768329899999,7053033.40660,16109,3344.66,3131911.25340,0
1768329900000,934.640,940.540,934.210,940.450,12106.66,1768330799999,11356176.45120,20397,7367.53,6911178.91310,0
1768330800000,940.410,946.420,940.370,942.340,33695.76,1768331699999,31796896.34010,37835,21206.23,20011448.28980,0
1768331700000,942.330,943.590,939.040,941.150,11551.12,1768332599999,10870504.14020,17308,4623.63,4351876.30790,0
1768332600000,941.150,943.400,940.670,940.710,8579.10,1768333499999,8081087.66570,14746,4044.39,3809790.67880,0
1768333500000,940.710,942.670,940.070,942.270,5488.04,1768334399999,5166426.50840,10936,2942.11,2769917.53440,0
1768334400000,942.270,946.800,942.260,944.600,12201.88,1768335299999,11529249.13130,22622,7778.36,7348777.57830,0
1768335300000,944.590,945.770,942.310,943.030,7082.27,1768336199999,6685317.21190,15072,3206.68,3027521.39570,0
1768336200000,943.040,943.590,940.710,942.840,6766.98,1768337099999,6375749.54630,13909,2961.30,2790123.14000,0
1768337100000,942.830,944.210,941.990,943.850,4813.03,1768337999999,4539325.25150,11021,1921.81,1812584.38630,0
1768338000000,943.850,944.650,942.150,942.250,2922.81,1768338899999,2757544.36870,9042,1363.56,1286620.74000,0
1768338900000,942.250,943.790,941.500,943.000,3585.19,1768339799999,3379396.79570,8865,1658.27,1563112.41530,0
1768339800000,943.010,944.300,942.930,943.760,3474.53,1768340699999,3278407.56860,8115,1821.00,1718156.11970,0
1768340700000,943.770,944.350,942.430,942.460,3297.61,1768341599999,3110045.42440,7171,1527.96,1441047.57930,0
1768341600000,942.450,955.000,941.140,950.460,40633.99,1768342499999,38579090.03710,49819,25019.89,23762050.59140,0
1768342500000,950.460,950.840,945.160,945.500,11626.78,1768343399999,11015906.01940,20516,5768.05,5464027.08020,0
1768343400000,945.490,945.700,942.640,944.620,7826.07,1768344299999,7390743.48110,15664,3274.49,3092270.35010,0
1768344300000,944.630,951.060,944.620,946.740,7942.30,1768345199999,7527082.51120,16205,4315.25,4090145.02150,0
1768345200000,946.760,949.340,946.430,948.730,10512.05,1768346099999,9963777.46450,21507,5209.43,4938153.00820,0
1768346100000,948.740,948.900,943.800,944.500,7096.55,1768346999999,6713986.57100,13856,2546.28,2408984.55490,0
1768347000000,944.490,945.150,942.710,943.990,6401.16,1768347899999,6041195.72760,13384,2737.96,2584070.72440,0
1768347900000,943.990,944.250,941.910,944.240,5715.84,1768348799999,5390714.84010,11150,2285.52,2155890.23830,0
1768348800000,944.250,947.270,944.040,946.670,9815.96,1768349699999,9281798.11490,17131,6082.16,5751299.67570,0
1768349700000,946.660,948.970,946.020,947.040,5713.12,1768350599999,5414441.86040,11336,2861.45,2711831.99360,0
1768350600000,947.050,947.800,945.250,947.220,4307.71,1768351499999,4076940.32710,10336,1656.80,1568204.10910,0
1768351500000,947.210,949.790,946.280,948.310,6431.35,1768352399999,6098860.19420,11615,3490.23,3310115.40640,0
1768352400000,948.300,950.540,947.400,950.330,5706.32,1768353299999,5415907.11770,12024,3553.70,3373292.61400,0
1768353300000,950.340,951.960,949.560,949.890,6640.00,1768354199999,6312539.22040,12226,3269.80,3108623.32550,0
1768354200000,949.880,952.370,947.780,948.770,7140.35,1768355099999,6785056.04560,13485,2784.63,2645812.43320,0
1768355100000,948.780,948.920,946.810,948.030,4081.15,1768355999999,3869094.95250,8490,1930.08,1830009.25070,0
1768356000000,948.030,952.860,948.030,952.740,7388.11,1768356899999,7024812.27950,15101,4987.89,4742023.13130,0
1768356900000,952.740,955.650,950.450,951.320,7563.76,1768357799999,7206110.61080,13835,4110.56,3916711.27620,0
1768357800000,951.320,951.790,949.500,949.860,4802.60,1768358699999,4564060.55000,9256,1918.84,1823712.42770,0
1768358700000,949.870,950.490,947.980,949.000,5125.56,1768359599999,4864072.16230,9697,1874.70,1778970.44870,0
1768359600000,949.000,949.010,946.510,948.190,4236.61,1768360499999,4015159.81890,9785,1657.27,1570827.37550,0
1768360500000,948.190,948.720,947.410,948.290,3018.19,1768361399999,2861259.80300,6752,1573.10,1491271.56800,0
1768361400000,948.290,950.670,947.730,950.340,5604.91,1768362299999,5321846.02520,9541,3722.86,3535318.79220,0
1768362300000,950.330,951.360,950.270,950.770,4796.17,1768363199999,4560190.74560,8832,2734.80,2600336.22230,0
1768363200000,950.770,953.070,943.860,945.650,30674.68,1768364099999,29074973.27680,28147,14392.00,13645769.81170,0
1768364100000,945.660,946.490,945.320,945.660,4521.06,1768364999999,4276397.13440,7710,1771.37,1675539.63190,0
1768365000000,945.670,945.670,943.790,943.930,6289.51,1768365899999,5941404.12550,8476,1910.15,1804524.50940,0
1768365900000,943.940,945.550,943.750,944.930,3420.88,1768366799999,3232395.34660,5607,2178.01,2058151.04260,0
1768366800000,944.930,944.930,942.640,943.530,4798.76,1768367699999,4527679.77250,9208,1581.98,1492513.61770,0
1768367700000,943.540,943.690,941.540,942.230,13593.76,1768368599999,12807014.63690,13444,6157.84,5800962.49740,0
1768368600000,942.220,943.230,941.460,942.020,7483.68,1768369499999,7052550.52310,9118,3569.64,3364324.75590,0
1768369500000,942.020,942.500,940.690,941.050,5401.17,1768370399999,5085076.81450,7806,2131.31,2006637.39220,0
1768370400000,941.060,941.180,936.900,939.990,14012.14,1768371299999,13158090.52990,17308,4897.42,4598675.22760,0
1768371300000,939.990,940.130,936.710,937.610,7309.99,1768372199999,6858151.73860,11084,2461.60,2309983.98750,0
1768372200000,937.610,939.980,936.630,939.830,7441.75,1768373099999,6981452.18150,11022,4188.96,3930808.54720,0
1768373100000,939.830,940.310,939.200,939.320,4199.51,1768373999999,3946436.01260,6713,2468.39,2319584.44180,0
1768374000000,939.320,941.010,939.250,939.890,5185.90,1768374899999,4876231.99720,9027,2926.23,2751486.18050,0
1768374900000,939.890,940.650,938.200,938.210,3300.89,1768375799999,3101378.44510,6142,1403.40,1318730.53080,0
1768375800000,938.200,938.210,935.800,936.700,8861.34,1768376699999,8303131.97660,10474,4321.81,4049607.77310,0
1768376700000,936.710,938.170,936.700,937.910,3187.87,1768377599999,2989416.11640,6825,1937.48,1816734.82900,0
1768377600000,937.920,939.200,937.830,938.440,3361.40,1768378499999,3155009.64110,9080,1900.94,1784121.73510,0
1768378500000,938.440,938.880,937.770,937.770,2528.92,1768379399999,2372721.07250,6210,1072.64,1006367.33850,0
1768379400000,937.770,938.500,937.000,937.220,2875.87,1768380299999,2696651.79000,7305,1298.89,1217861.29390,0
1768380300000,937.230,937.850,935.450,936.700,5293.70,1768381199999,4958909.03380,8566,2116.17,1982612.82900,0
1768381200000,936.690,939.030,936.450,938.750,3936.94,1768382099999,3692603.83120,9788,2120.19,1988739.95590,0
1768382100000,938.760,938.840,937.760,937.940,3095.46,1768382999999,2904103.45020,7095,1577.67,1480078.58780,0
1768383000000,937.950,939.470,937.820,938.570,3313.92,1768383899999,3110638.30240,8318,1421.39,1334073.65210,0
1768383900000,938.570,938.640,937.720,938.310,2070.89,1768384799999,1942837.16070,5670,966.32,906571.55140,0
1768384800000,938.310,938.790,937.790,938.750,2971.49,1768385699999,2788209.30830,7198,1239.65,1163178.04940,0
1768385700000,938.750,939.380,935.710,936.990,7664.96,1768386599999,7185666.17740,11839,3062.36,2871253.42370,0
1768386600000,936.990,937.870,935.160,936.980,4054.02,1768387499999,3797005.11050,9338,2065.05,1934535.58910,0
1768387500000,936.970,937.310,936.600,936.610,2159.49,1768388399999,2023505.32300,6466,1130.50,1059332.24460,0
1768388400000,936.620,936.700,930.610,930.690,23866.75,1768389299999,22262955.50020,22611,8089.99,7547294.68520,0
1768389300000,930.690,932.500,929.390,932.460,12098.15,1768390199999,11260705.14360,15117,5818.30,5416926.45250,0
1768390200000,932.470,932.890,930.520,931.350,5034.59,1768391099999,4690222.83790,9326,2133.70,1987892.42620,0
1768391100000,931.360,931.930,928.880,929.370,6207.12,1768391999999,5772725.19410,9716,2228.38,2072890.30100,0
1768392000000,929.360,933.500,928.970,933.350,8213.83,1768392899999,7650794.63280,13411,5480.80,5105989.40810,0
1768392900000,933.350,934.950,932.780,934.870,7822.34,1768393799999,7305173.28870,9364,5159.70,4818751.31190,0
1768393800000,934.870,935.820,934.110,935.260,4645.51,1768394699999,4343547.99060,7986,2592.16,2423787.35270,0
1768394700000,935.270,935.280,934.510,934.910,2408.66,1768395599999,2251843.01880,4575,1064.11,994812.75340,0
1768395600000,934.920,935.050,933.140,933.870,3572.32,1768396499999,3336477.27590,7747,1300.81,1215022.37130,0
1768396500000,933.860,936.120,933.680,935.090,4112.01,1768397399999,3844859.10220,7535,2701.41,2526294.05390,0
1768397400000,935.100,935.460,933.820,934.550,3309.98,1768398299999,3093800.32260,7002,1430.71,1337176.71580,0
1768398300000,934.550,934.650,932.230,932.980,4817.38,1768399199999,4494396.35090,6607,1931.09,1801228.30390,0
1768399200000,932.980,937.700,932.850,937.000,8663.16,1768400099999,8110030.87550,12667,5984.27,5601375.50960,0
1768400100000,937.000,939.000,936.600,937.550,10845.73,1768400999999,10171985.83620,14282,5481.13,5141295.06160,0
1768401000000,937.550,940.900,936.410,938.720,12068.64,1768401899999,11334264.69190,22227,6052.63,5685126.62240,0
1768401900000,938.730,944.340,938.550,942.130,20126.95,1768402799999,18965861.44380,28056,10041.30,9461118.58830,0
1768402800000,942.130,946.750,939.140,945.570,16936.51,1768403699999,15961821.02760,30930,8418.91,7934725.34630,0
1768403700000,945.560,945.760,942.160,942.540,11521.29,1768404599999,10873974.82110,19276,4182.33,3947311.02300,0
1768404600000,942.550,945.050,939.800,940.430,10374.29,1768405499999,9773341.71880,17536,4528.85,4267836.18390,0
1768405500000,940.420,943.450,939.470,942.650,5084.26,1768406399999,4786340.69840,12710,2919.54,2748487.22570,0
1768406400000,942.640,947.000,942.630,946.370,7335.70,1768407299999,6934162.40130,17462,4128.77,3902848.20660,0
1768407300000,946.360,946.610,943.860,945.540,5884.09,1768408199999,5560280.70620,13577,2322.65,2195059.35130,0
1768408200000,945.540,948.210,943.490,946.410,11302.52,1768409099999,10692129.02080,21073,5532.98,5234388.82140,0
1768409100000,946.400,947.420,944.080,944.450,6398.17,1768409999999,6050712.83680,14579,3038.96,2874464.23200,0
1768410000000,944.440,946.000,943.150,945.690,5925.89,1768410899999,5600130.47000,13067,2944.45,2782797.15490,0
1768410900000,945.690,946.710,944.230,944.460,6179.34,1768411799999,5842021.35870,11466,3078.49,2910586.32350,0
1768411800000,944.460,944.590,940.600,944.100,10143.18,1768412699999,9560757.63760,16625,4692.43,4424126.99910,0
1768412700000,944.090,945.840,941.790,942.940,6339.23,1768413599999,5984494.13610,13002,2963.90,2798731.53730,0
1768413600000,942.930,944.090,941.540,942.150,4834.54,1768414499999,4559434.71740,12490,1840.46,1735694.93680,0
1768414500000,942.140,945.000,940.410,944.770,4967.12,1768415399999,4685616.60710,12989,2660.23,2509574.42930,0
1768415400000,944.760,945.470,939.050,940.450,8279.07,1768416299999,7788216.62870,18084,3930.17,3697178.63850,0
1768416300000,940.450,944.570,938.570,943.780,6007.50,1768417199999,5654127.37240,14056,2634.76,2480500.06470,0
1768417200000,943.770,945.500,942.800,944.580,5092.52,1768418099999,4807434.45560,12689,2772.14,2616849.93730,0
1768418100000,944.590,947.670,943.450,947.370,7061.68,1768418999999,6674880.15770,13703,4169.54,3941510.74460,0
1768419000000,947.380,948.280,944.290,945.250,4501.45,1768419899999,4257507.53720,10462,2042.22,1931731.85450,0
1768419900000,945.240,946.680,943.890,944.510,2347.83,1768420799999,2219385.67290,7389,1188.16,1123193.79640,0
1768420800000,944.510,948.780,943.800,947.160,5767.23,1768421699999,5459489.22130,15172,2976.20,2817034.78440,0
1768421700000,947.160,947.160,944.850,945.550,2663.44,1768422599999,2518732.67150,8980,1446.71,1368000.86780,0
1768422600000,945.550,947.310,945.320,946.300,1775.56,1768423499999,1680665.67230,8751,975.72,923551.65100,0
1768423500000,946.310,946.710,944.240,945.220,4211.24,1768424399999,3981141.57490,11184,1425.04,1346864.63580,0
1768424400000,945.210,945.380,944.340,944.770,2145.86,1768425299999,2027629.47010,7306,965.40,912231.16900,0
1768425300000,944.780,946.050,943.790,945.980,1887.52,1768426199999,1783635.70100,5731,862.84,815351.26320,0
1768426200000,945.980,947.230,945.580,945.590,1886.22,1768427099999,1785590.05690,4991,884.61,837385.46250,0
1768427100000,945.580,946.320,944.190,946.310,3091.01,1768427999999,2921384.08360,6069,1686.69,1594103.31750,0
1768428000000,946.310,948.370,945.550,948.090,4093.63,1768428899999,3877089.96460,8909,2220.72,2103231.72270,0
1768428900000,948.080,949.250,947.440,947.710,4312.54,1768429799999,4090349.12450,8043,2382.16,2259578.97640,0
1768429800000,947.720,948.200,945.600,946.190,6969.29,1768430699999,6600230.05730,9693,2822.54,2673231.99130,0
1768430700000,946.180,947.030,945.100,945.760,3340.11,1768431599999,3159489.10260,6275,1359.05,1285665.51160,0
1768431600000,945.760,950.610,945.760,949.440,7607.17,1768432499999,7221102.06690,12776,5015.42,4760153.77180,0
1768432500000,949.440,950.800,948.020,948.190,7851.92,1768433399999,7455971.80120,9642,4335.09,4117227.85000,0
1768433400000,948.180,948.820,947.260,948.650,3381.83,1768434299999,3206296.82100,7720,1913.68,1814373.07630,0
1768434300000,948.650,950.490,948.650,949.060,2930.73,1768435199999,2783362.73390,6478,1579.25,1499893.94980,0
1768435200000,949.060,949.460,946.700,947.640,6544.33,1768436099999,6203194.02070,11684,2775.87,2631300.69220,0
1768436100000,947.630,948.020,944.270,944.710,8833.11,1768436999999,8354520.10110,10960,1994.92,1886590.64000,0
1768437000000,944.710,945.030,942.370,942.580,6351.06,1768437899999,5990350.96540,11531,2207.27,2081958.44890,0
1768437900000,942.580,943.050,940.010,941.510,9227.60,1768438799999,8686198.58800,12528,4190.98,3944891.70440,0
1768438800000,941.510,943.190,941.510,941.540,4275.52,1768439699999,4029288.68710,9928,2206.64,2079481.02930,0
1768439700000,941.540,941.570,938.080,938.170,6487.37,1768440599999,6093877.45940,12118,1904.67,1788970.31620,0
1768440600000,938.170,938.690,935.510,937.330,8836.29,1768441499999,8280348.73670,14957,3193.88,2992837.98570,0
1768441500000,937.320,937.520,935.050,937.360,6413.60,1768442399999,6005213.40720,10456,2454.17,2298011.97470,0
1768442400000,937.360,939.390,937.030,937.230,5522.60,1768443299999,5181579.34610,9819,3597.00,3374654.34840,0
1768443300000,937.230,938.660,936.800,937.810,3139.24,1768444199999,2944091.76090,8309,2067.90,1939365.76890,0
1768444200000,937.800,939.230,934.800,937.500,9786.58,1768445099999,9174927.67660,13974,3618.96,3391321.35440,0
1768445100000,937.500,937.500,932.800,934.660,9538.35,1768445999999,8913123.11700,16520,4045.01,3779655.59400,0
1768446000000,934.660,935.700,933.530,935.020,4520.92,1768446899999,4225523.84160,11130,2205.91,2062251.32530,0
1768446900000,935.010,935.940,930.510,930.610,8961.71,1768447799999,8355778.28860,15910,3530.85,3292362.82450,0
1768447800000,930.610,932.110,929.470,930.640,16264.53,1768448699999,15141020.99370,21202,8482.73,7898124.06570,0
1768448700000,930.650,932.440,930.360,932.410,4784.13,1768449599999,4455279.53040,10775,2784.11,2592872.00920,0
1768449600000,932.410,934.900,931.880,934.880,4912.68,1768450499999,4588138.00080,11174,2767.38,2584450.33520,0
1768450500000,934.880,937.360,934.010,935.770,6106.65,1768451399999,5714191.29490,12232,3466.99,3244041.82030,0
1768451400000,935.760,936.720,935.100,936.250,3096.30,1768452299999,2898160.83220,8240,1639.53,1534621.97690,0
1768452300000,936.250,937.250,935.800,936.390,2961.79,1768453199999,2774182.33850,6928,1430.65,1340008.54260,0
1768453200000,936.380,937.530,936.030,936.670,4062.64,1768454099999,3805761.61440,9049,1894.41,1774643.64210,0
1768454100000,936.670,937.500,936.510,936.890,2175.68,1768454999999,2038540.15530,6318,1274.50,1194110.78940,0
1768455000000,936.890,938.190,936.720,938.060,3521.84,1768455899999,3301309.75870,8112,1744.21,1635110.48090,0
1768455900000,938.050,938.680,936.530,936.720,2998.59,1768456799999,2811213.69020,7270,1425.99,1337012.94900,0
1768456800000,936.720,937.810,936.490,936.920,1871.20,1768457699999,1753260.57710,6554,909.48,852161.09540,0
1768457700000,936.910,937.680,936.340,936.890,3250.01,1768458599999,3045818.00400,7837,1793.85,1681133.17950,0
1768458600000,936.900,937.090,934.310,934.320,4520.91,1768459499999,4228553.07480,7197,1124.36,1051898.52000,0
1768459500000,934.320,935.170,934.150,934.160,1680.94,1768460399999,1570944.67690,5074,694.11,648717.56540,0
1768460400000,934.160,936.740,934.040,935.850,2847.08,1768461299999,2663074.44300,7816,1775.14,1660198.00070,0
1768461300000,935.840,938.990,935.840,938.690,4667.59,1768462199999,4377607.49660,7344,3118.79,2924886.56260,0
1768462200000,938.700,940.590,938.590,939.660,7075.60,1768463099999,6647759.48630,10371,4421.32,4153978.39330,0
1768463100000,939.660,940.000,938.790,939.590,3223.22,1768463999999,3027845.90290,5761,1725.82,1621285.10500,0
1768464000000,939.600,940.410,938.690,939.180,3791.84,1768464899999,3562112.40000,8715,1769.79,1662719.99040,0
1768464900000,939.180,940.310,938.690,939.030,2719.46,1768465799999,2554546.03750,7288,1334.66,1253856.15150,0
1768465800000,939.020,940.540,938.690,940.310,2498.18,1768466699999,2347551.65700,7292,1344.47,1263351.44590,0
1768466700000,940.310,943.400,940.310,943.290,7659.13,1768467599999,7214249.01800,12236,5805.31,5468099.08660,0
1768467600000,943.280,943.530,941.630,941.670,5453.16,1768468499999,5139092.01000,10143,2243.00,2113798.54710,0
1768468500000,941.670,942.300,941.070,941.750,2721.09,1768469399999,2562693.59540,7400,1319.70,1242874.80600,0
1768469400000,941.760,943.670,940.080,942.990,8308.78,1768470299999,7825431.13250,13002,3591.31,3383020.44580,0
1768470300000,942.990,943.200,941.500,941.670,4107.99,1768471199999,3872264.95760,9376,1985.27,1871391.77200,0
1768471200000,941.680,941.990,940.910,941.470,3973.73,1768472099999,3740852.57010,8519,1566.56,1474764.96680,0
1768472100000,941.480,941.940,940.600,940.780,3004.76,1768472999999,2828213.66150,7601,1279.23,1204033.07530,0
1768473000000,940.770,941.360,940.410,940.720,2141.86,1768473899999,2015032.50530,5461,967.37,910154.62190,0
1768473900000,940.720,941.320,939.710,939.770,2466.33,1768474799999,2319447.40760,4936,1059.73,996760.58440,0
1768474800000,939.770,940.850,939.670,940.680,2026.86,1768475699999,1905539.18910,5398,825.73,776308.83860,0
1768475700000,940.680,941.000,940.280,940.820,2081.11,1768476599999,1957406.23350,4422,1038.92,977140.61980,0
1768476600000,940.820,941.180,938.420,938.870,3426.63,1768477499999,3218748.49990,7720,1303.27,1224451.39870,0
1768477500000,938.860,939.230,938.200,938.740,1693.12,1768478399999,1589509.72940,5320,677.79,636303.45490,0
1768478400000,938.740,940.100,938.450,939.850,2823.80,1768479299999,2652760.50960,6944,1632.74,1533837.91470,0
1768479300000,939.860,939.870,938.090,938.250,2778.10,1768480199999,2607951.67470,6147,988.54,927915.70860,0
1768480200000,938.250,939.480,937.870,939.470,2492.47,1768481099999,2339418.72310,4713,1181.90,1109505.75590,0
1768481100000,939.470,941.780,939.370,941.340,3071.06,1768481999999,2888841.13960,6327,1791.02,1684722.90550,0
1768482000000,941.340,943.000,940.790,942.320,6140.23,1768482899999,5784942.56750,8503,3897.87,3672892.98740,0
1768482900000,942.320,943.590,942.320,943.480,3172.51,1768483799999,2991469.09500,5752,1931.34,1821162.85810,0
1768483800000,943.490,943.590,940.540,943.050,5857.56,1768484699999,5517746.19840,10963,2999.99,2826227.25500,0
1768484700000,943.050,945.530,943.050,943.860,6526.68,1768485599999,6164576.55590,11324,3952.32,3733266.37770,0
1768485600000,943.850,946.220,943.650,945.820,5317.28,1768486499999,5026901.34650,10585,3124.35,2953812.11550,0
1768486500000,945.810,945.970,943.410,944.550,4059.57,1768487399999,3834239.53150,9380,1693.03,1599024.00320,0
1768487400000,944.550,945.060,936.000,936.250,23674.62,1768488299999,22237898.62220,35200,7851.09,7373078.27310,0
1768488300000,936.260,941.130,934.000,939.070,20582.59,1768489199999,19312756.87740,31534,12012.52,11274968.35790,0
1768489200000,939.080,940.770,936.620,938.470,10413.92,1768490099999,9776831.24230,22216,4231.39,3974068.14200,0
1768490100000,938.470,940.050,935.000,936.080,10310.05,1768490999999,9662005.78020,20213,5788.61,5425106.61530,0
1768491000000,936.080,937.000,931.480,933.740,13517.70,1768491899999,12627880.07680,23691,5228.56,4884294.07600,0
1768491900000,933.730,938.410,930.650,938.120,23086.38,1768492799999,21561077.60070,33722,11978.24,11187177.33490,0
1768492800000,938.110,939.340,935.090,937.110,10158.18,1768493699999,9516059.18430,23035,5233.38,4902633.62090,0
1768493700000,937.120,939.540,936.720,937.400,4898.45,1768494599999,4595775.36450,13685,2158.99,2025816.77550,0
1768494600000,937.410,941.230,937.160,940.700,5516.87,1768495499999,5181862.59520,14533,3133.31,2943921.41570,0
1768495500000,940.700,941.140,939.470,940.670,4122.07,1768496399999,3876453.75950,10320,2245.34,2111496.83500,0
1768496400000,940.670,941.620,938.530,939.330,4188.04,1768497299999,3937964.95710,12144,2180.53,2050681.85990,0
1768497300000,939.330,940.650,938.540,940.630,2148.47,1768498199999,2018574.69200,8307,1042.08,979117.56950,0
1768498200000,940.630,943.100,940.110,942.590,4954.78,1768499099999,4667925.34060,10821,2522.37,2376181.92810,0
1768499100000,942.600,943.140,937.690,938.610,6952.04,1768499999999,6538454.23450,13083,2157.18,2028935.12140,0
1768500000000,938.620,938.920,934.100,935.750,9517.32,1768500899999,8910101.24340,16295,4120.98,3858354.14450,0
1768500900000,935.760,936.210,934.030,935.780,5730.64,1768501799999,5358194.93290,11337,3538.33,3308169.58300,0
1768501800000,935.780,936.660,931.460,934.000,6498.64,1768502699999,6068063.86310,13568,3691.54,3447757.69610,0
1768502700000,934.000,934.100,931.570,932.180,3711.68,1768503599999,3461616.06010,10347,1675.07,1562077.24820,0
1768503600000,932.170,932.170,925.760,927.800,28945.99,1768504499999,26866335.78210,29942,11270.13,10457584.09050,0
1768504500000,927.790,929.350,925.480,926.690,7943.67,1768505399999,7368865.37090,14830,3628.17,3366127.59060,0
1768505400000,926.690,927.890,925.270,926.880,6738.20,1768506299999,6243654.98860,15234,2619.89,2427724.48560,0
1768506300000,926.870,929.940,926.870,928.470,4032.26,1768507199999,3744145.79100,10399,2497.74,2319142.55250,0
1768507200000,928.470,929.440,927.390,928.800,3481.82,1768508099999,3232916.12800,10874,1774.98,1648260.77280,0
1768508100000,928.790,929.250,925.560,925.880,3214.36,1768508999999,2979781.09620,10405,1400.71,1298661.62850,0
1768509000000,925.870,927.720,925.690,926.030,3110.40,1768509899999,2881861.99020,8979,1477.28,1368787.57320,0
1768509900000,926.020,926.600,923.950,925.940,7053.07,1768510799999,6525535.27280,11425,2990.78,2767939.28270,0
1768510800000,925.940,927.710,925.490,927.540,3033.16,1768511699999,2811194.80740,7568,1717.07,1591479.73420,0
1768511700000,927.540,929.440,927.540,929.390,2112.90,1768512599999,1962191.01800,5823,1194.09,1108937.47870,0
1768512600000,929.380,930.180,928.900,930.010,2098.62,1768513499999,1950820.34470,5424,1138.20,1058159.03100,0
1768513500000,930.000,931.000,929.940,930.150,1798.58,1768514399999,1673445.68480,4837,1055.88,982438.66640,0
1768514400000,930.140,930.900,929.580,930.860,2228.19,1768515299999,2073038.46840,5670,1297.13,1206799.72090,0
1768515300000,930.860,932.710,930.620,932.460,2680.07,1768516199999,2497357.22310,5417,1815.56,1691656.36650,0
1768516200000,932.460,933.920,932.000,932.950,3412.76,1768517099999,3184265.61830,6729,1833.51,1710791.76340,0
1768517100000,932.940,933.310,932.000,932.310,1989.12,1768517999999,1855366.70830,3710,673.86,628484.34100,0
1768518000000,932.300,932.620,930.000,932.110,3361.81,1768518899999,3130467.90160,8637,1626.67,1514812.97670,0
1768518900000,932.110,933.040,931.880,932.070,2263.06,1768519799999,2110481.51660,4853,1273.87,1188004.85970,0
1768519800000,932.060,932.070,930.900,931.140,1912.00,1768520699999,1780872.39870,4071,757.81,705768.81690,0
1768520700000,931.140,931.960,931.040,931.530,1729.15,1768521599999,1610702.25090,3597,1151.91,1072959.02860,0
1768521600000,931.530,932.250,930.060,930.600,3076.62,1768522499999,2864751.17480,6897,1239.92,1154574.58360,0
1768522500000,930.590,933.670,930.590,933.530,3835.32,1768523399999,3577750.11070,6523,3012.60,2810168.69360,0
1768523400000,933.540,934.200,933.070,933.760,3032.49,1768524299999,2831633.25590,5687,1617.12,1510029.42410,0
1768524300000,933.770,934.210,933.080,933.580,2859.64,1768525199999,2669958.28920,5008,989.84,924128.33480,0
1768525200000,933.570,933.670,929.580,930.110,3589.27,1768526099999,3341798.46300,7914,1207.69,1124218.88940,0
1768526100000,930.100,931.630,930.090,931.350,1965.22,1768526999999,1829317.88660,4692,1191.65,1109228.37970,0
1768527000000,931.350,933.270,931.340,931.860,1973.38,1768527899999,1839668.02970,6461,1100.48,1025896.35720,0
1768527900000,931.860,933.200,931.770,932.910,1615.59,1768528799999,1506710.58110,4161,900.97,840201.90760,0
1768528800000,932.900,933.000,930.640,931.240,2992.02,1768529699999,2786871.23310,8330,1239.63,1154574.36140,0
1768529700000,931.230,933.500,929.530,933.490,3941.56,1768530599999,3668716.72580,8094,1992.70,1854946.17950,0
1768530600000,933.480,933.490,930.740,931.040,2556.54,1768531499999,2383266.84550,6355,1169.70,1090391.10740,0
1768531500000,931.030,932.230,930.920,932.200,2738.93,1768532399999,2551930.20530,6495,1398.98,1303282.49930,0
1768532400000,932.200,933.040,931.660,932.580,1338.06,1768533299999,1247820.43100,5596,530.52,494716.90200,0
1768533300000,932.570,932.580,931.390,931.760,1926.42,1768534199999,1795211.38260,5473,759.01,707292.32080,0
1768534200000,931.760,931.760,930.340,930.610,2577.86,1768535099999,2399368.49660,6795,1129.29,1051017.95210,0
1768535100000,930.600,930.870,929.760,929.800,2076.29,1768535999999,1931397.10830,5609,794.71,739298.12540,0
1768536000000,929.800,930.750,929.290,929.760,3370.04,1768536899999,3133889.39970,7126,1737.99,1616159.50770,0
1768536900000,929.760,931.570,929.760,930.110,1727.17,1768537799999,1607673.02920,5414,879.34,818485.92150,0
1768537800000,930.100,930.520,927.430,928.770,6638.10,1768538699999,6164542.43690,10994,2145.83,1992855.82520,0
1768538700000,928.770,929.490,927.380,928.750,3033.33,1768539599999,2815479.14920,7133,1268.18,1177231.24630,0
1768539600000,928.740,930.180,928.130,929.860,2142.88,1768540499999,1991363.04880,6994,1360.30,1264125.17770,0
1768540500000,929.850,930.420,929.380,930.340,1786.28,1768541399999,1661215.75370,5114,1008.10,937530.15010,0
1768541400000,930.340,933.670,930.340,933.250,5207.59,1768542299999,4854068.84420,8775,2951.87,2751475.01060,0
1768542300000,933.240,934.470,932.920,933.790,5123.84,1768543199999,4784219.67580,6753,2596.63,2424585.08040,0
1768543200000,933.780,934.120,932.720,932.970,2915.05,1768544099999,2720785.12360,6839,1562.94,1458900.66460,0
1768544100000,932.960,934.140,932.730,934.090,1381.66,1768544999999,1289791.28600,3595,864.52,807019.41720,0
1768545000000,934.100,935.550,933.780,935.540,3616.60,1768545899999,3380556.16520,5414,2769.72,2588950.02550,0
1768545900000,935.540,936.230,935.330,936.220,4054.78,1768546799999,3794616.90320,5859,2092.71,1958401.49950,0
1768546800000,936.230,936.540,935.200,935.860,3333.60,1768547699999,3120104.17330,6813,1330.19,1244977.26160,0
1768547700000,935.850,936.220,934.660,934.970,2675.34,1768548599999,2502879.96880,4599,894.18,836619.52810,0
1768548600000,934.960,934.970,933.010,933.070,3373.28,1768549499999,3150924.21780,6706,1187.81,1109447.61210,0
1768549500000,933.070,934.560,933.060,934.510,2465.56,1768550399999,2302717.96220,4287,1726.92,1612871.66160,0
1768550400000,934.510,937.200,934.500,936.670,3402.13,1768551299999,3184809.16460,7003,2340.02,2190476.46600,0
1768551300000,936.680,937.850,936.250,937.540,5261.89,1768552199999,4931695.77520,7976,2550.95,2390900.20340,0
1768552200000,937.550,938.960,936.740,938.580,3737.88,1768553099999,3505750.02230,7255,2536.46,2378925.78220,0
1768553100000,938.570,938.590,937.450,937.580,3091.51,1768553999999,2900144.45700,7498,1358.96,1274911.04680,0
1768554000000,937.590,938.200,937.090,937.940,1933.43,1768554899999,1812675.69190,5941,1030.24,965931.58860,0
1768554900000,937.950,937.950,936.140,936.740,1902.34,1768555799999,1782344.97690,5912,668.99,626858.52190,0
1768555800000,936.740,936.740,935.580,936.100,2028.55,1768556699999,1898737.09670,4939,953.37,892339.45820,0
1768556700000,936.100,936.140,935.290,935.870,1237.58,1768557599999,1158121.43190,3396,508.23,475601.34300,0
1768557600000,935.870,936.410,935.100,936.360,1250.03,1768558499999,1169804.05350,4341,593.14,555096.88480,0
1768558500000,936.360,936.360,934.210,934.790,2147.10,1768559399999,2007254.32600,4953,824.68,770888.00210,0
1768559400000,934.780,934.790,933.770,934.360,2142.00,1768560299999,2001198.78060,5069,1013.55,946955.35960,0
1768560300000,934.350,934.750,933.560,934.150,1393.90,1768561199999,1302087.72090,4475,681.15,636333.47140,0
1768561200000,934.150,935.080,933.560,933.660,2116.88,1768562099999,1978082.67860,5431,1064.79,995124.26810,0
1768562100000,933.660,934.790,932.390,934.650,3427.14,1768562999999,3199954.33500,9802,1385.66,1293941.74100,0
1768563000000,934.650,935.930,933.680,933.700,3028.51,1768563899999,2831668.34120,7175,1300.38,1215873.26000,0
1768563900000,933.690,936.000,933.560,935.740,2908.10,1768564799999,2720038.13050,6437,1549.01,1448662.46850,0
1768564800000,935.740,936.650,935.300,936.560,2970.50,1768565699999,2780877.40950,6774,1281.59,1199696.30740,0
1768565700000,936.560,938.000,936.310,937.310,4723.99,1768566599999,4427306.16270,7090,3194.73,2994029.97050,0
1768566600000,937.310,937.320,935.890,936.540,2199.38,1768567499999,2059471.35040,6639,938.04,878327.49170,0
1768567500000,936.530,936.900,934.730,935.190,3413.81,1768568399999,3193555.77930,7976,1514.54,1416791.20410,0
1768568400000,935.190,935.200,933.520,934.430,3767.33,1768569299999,3520196.30200,9941,1586.70,1482606.33610,0
1768569300000,934.430,935.200,933.720,934.860,1703.71,1768570199999,1592083.62410,4075,845.71,790333.53350,0
1768570200000,934.860,935.090,931.700,933.840,4769.14,1768571099999,4450537.65420,10130,2205.11,2057683.67470,0
1768571100000,933.840,935.280,933.730,935.020,2551.93,1768571999999,2385404.65520,5067,1603.40,1498758.44640,0
1768572000000,935.020,936.250,934.300,934.300,3197.38,1768572899999,2991057.33790,7653,1471.90,1376993.98330,0
1768572900000,934.300,935.650,932.840,935.650,4709.47,1768573799999,4397265.79870,10647,1657.41,1548152.73260,0
1768573800000,935.640,936.210,931.300,931.300,6862.79,1768574699999,6405078.83460,20170,2894.89,2701722.18570,0
1768574700000,931.300,933.310,930.520,931.050,5636.76,1768575599999,5252901.79970,14793,3227.55,3007931.65120,0
1768575600000,931.040,934.180,929.500,932.900,7115.84,1768576499999,6631131.96670,19217,2821.66,2630721.73010,0
1768576500000,932.910,933.230,927.810,927.980,12796.04,1768577399999,11891577.46250,23895,6804.22,6323682.01260,0
1768577400000,927.970,929.470,924.290,927.430,20847.97,1768578299999,19325913.25650,34681,10400.15,9642856.99440,0
1768578300000,927.430,927.860,923.820,927.280,13436.73,1768579199999,12442172.20800,23396,6826.46,6322580.65640,0
1768579200000,927.270,929.400,926.700,929.210,6101.81,1768580099999,5663637.37530,17284,3093.19,2871341.44080,0
1768580100000,929.200,930.990,928.090,929.140,7709.78,1768580999999,7169543.70560,18308,4938.97,4592929.64060,0
1768581000000,929.130,930.890,928.760,930.540,3455.14,1768581899999,3213072.65860,9647,1533.48,1426041.82500,0
1768581900000,930.540,931.200,929.450,930.210,2592.83,1768582799999,2412846.15470,7873,1564.24,1455760.81210,0
1768582800000,930.210,930.400,928.500,929.270,1997.38,1768583699999,1856586.99380,8771,855.86,795467.00640,0
1768583700000,929.270,929.940,927.390,929.730,3530.12,1768584599999,3278876.16140,10245,1554.94,1444320.86910,0
1768584600000,929.730,931.250,929.700,930.980,3150.83,1768585499999,2932025.96620,7559,1579.55,1469807.48550,0
1768585500000,930.970,931.870,929.940,931.510,2582.02,1768586399999,2403602.59740,7283,1404.75,1307730.01480,0
1768586400000,931.500,932.360,931.000,931.540,3411.71,1768587299999,3178382.43960,8562,1502.26,1399565.72090,0
1768587300000,931.530,932.750,931.320,932.420,1832.93,1768588199999,1708427.36710,5626,1000.37,932515.17270,0
1768588200000,932.410,932.510,931.450,932.020,1417.66,1768589099999,1321255.29720,4519,533.38,497089.18660,0
1768589100000,932.020,932.520,930.900,931.620,1572.26,1768589999999,1464818.21580,5509,842.84,785176.51880,0
1768590000000,931.620,931.630,929.800,930.270,2006.32,1768590899999,1866722.65210,7799,788.13,733237.07330,0
1768590900000,930.270,930.900,929.600,930.280,1416.92,1768591799999,1317926.05180,5137,825.96,768293.90080,0
1768591800000,930.290,932.360,930.250,931.560,2081.40,1768592699999,1939152.15910,6934,871.01,811442.48250,0
1768592700000,931.560,932.210,931.370,931.700,1110.48,1768593599999,1034591.60310,4081,425.53,396449.45410,0
1768593600000,931.690,931.690,929.060,930.820,3089.90,1768594499999,2874052.26170,7330,1016.12,945147.01930,0
1768594500000,930.820,933.360,930.730,933.330,2615.66,1768595399999,2438746.42690,7313,1629.02,1518846.85450,0
1768595400000,933.340,933.970,932.890,933.920,1971.82,1768596299999,1840706.86540,6340,979.31,914193.59260,0
1768596300000,933.920,934.830,933.730,934.740,1646.49,1768597199999,1538291.52500,5162,862.94,806215.86700,0
1768597200000,934.740,935.070,933.510,933.720,3335.39,1768598099999,3116907.33780,8286,1368.54,1278993.88680,0
1768598100000,933.710,934.720,933.330,934.680,1289.60,1768598999999,1204363.02200,4065,632.20,590413.08860,0
1768599000000,934.680,935.930,934.470,935.830,1825.79,1768599899999,1707470.62460,4909,1311.54,1226544.13890,0
1768599900000,935.840,936.250,935.380,935.620,1644.00,1768600799999,1538662.24430,4677,788.62,738109.06750,0
1768600800000,935.620,935.940,934.000,934.950,2545.42,1768601699999,2380497.70990,6186,1374.09,1285228.82650,0
1768601700000,934.940,935.940,934.890,935.230,1584.03,1768602599999,1481729.53920,3890,778.57,728320.12100,0
1768602600000,935.240,936.600,934.930,936.470,2087.70,1768603499999,1954013.63530,4826,1285.76,1203399.44850,0
1768603500000,936.470,938.910,936.470,938.330,5363.82,1768604399999,5030850.56780,7377,3522.29,3303317.13960,0
1768604400000,938.330,939.480,937.710,938.490,4275.89,1768605299999,4013641.76230,9875,2592.45,2433498.74040,0
1768605300000,938.490,939.860,937.550,939.740,3644.61,1768606199999,3420962.02380,7106,2122.61,1992364.73290,0
1768606200000,939.740,939.740,937.710,937.720,1285.69,1768607099999,1206940.12190,4672,556.72,522607.32240,0
1768607100000,937.720,938.640,937.720,938.520,1789.04,1768607999999,1678652.61860,3881,1072.86,1006647.33940,0
1768608000000,938.540,938.920,937.230,938.450,3552.97,1768608899999,3333039.26510,7407,1486.26,1394252.87440,0
1768608900000,938.460,938.970,937.710,937.720,1993.32,1768609799999,1870621.81330,4743,713.51,669562.23810,0
1768609800000,937.710,937.710,936.790,937.270,2913.41,1768610699999,2730503.90600,5335,1673.36,1568377.17290,0
1768610700000,937.270,937.390,936.130,936.350,3002.18,1768611599999,2811792.97430,4992,855.40,801176.72920,0
1768611600000,936.350,937.120,936.000,936.200,1607.39,1768612499999,1505359.58140,4619,665.23,622962.02940,0
1768612500000,936.200,937.710,936.200,937.470,1974.02,1768613399999,1850273.41180,3132,1024.11,959804.56610,0
1768613400000,937.470,938.200,937.260,937.430,1773.82,1768614299999,1663339.81390,4516,942.66,883914.38820,0
1768614300000,937.420,939.530,937.220,938.800,4468.48,1768615199999,4194601.23090,6330,2336.01,2192629.74370,0
1768615200000,938.800,938.900,936.600,936.610,1768.64,1768616099999,1658199.58240,5420,532.74,499420.93790,0
1768616100000,936.610,937.180,936.220,936.550,1753.65,1768616999999,1642580.66020,3720,780.34,730864.30080,0
1768617000000,936.560,937.210,935.840,936.280,1628.79,1768617899999,1525084.62230,4317,621.90,582355.71210,0
1768617900000,936.270,937.980,936.110,937.980,1166.71,1768618799999,1093497.53380,3298,590.80,553705.97190,0
1768618800000,937.970,938.080,936.760,937.140,1938.58,1768619699999,1816631.02530,4024,1102.61,1033126.33140,0
1768619700000,937.140,937.710,937.120,937.440,1083.68,1768620599999,1015801.49840,2913,512.49,480362.50790,0
1768620600000,937.430,937.440,936.360,937.220,795.80,1768621499999,745547.69210,3071,354.74,332328.87100,0
1768621500000,937.220,938.250,936.900,938.070,1316.33,1768622399999,1234047.62000,3331,707.95,663694.00050,0
1768622400000,938.060,938.400,937.630,937.780,1550.69,1768623299999,1454623.95400,4800,774.84,726860.07300,0
1768623300000,937.770,937.960,936.480,937.860,1738.29,1768624199999,1628870.67350,4396,801.67,751194.60560,0
1768624200000,937.870,938.000,937.430,937.960,751.41,1768625099999,704660.44800,2696,380.59,356903.71130,0
1768625100000,937.960,938.770,937.760,938.400,1074.08,1768625999999,1007908.28090,3189,638.18,598838.84870,0
1768626000000,938.400,938.610,938.040,938.220,990.38,1768626899999,929270.58660,3318,420.27,394320.92740,0
1768626900000,938.220,938.220,937.110,937.890,1198.04,1768627799999,1123478.08300,2984,435.65,408505.30530,0
1768627800000,937.890,938.640,937.520,938.610,889.17,1768628699999,834160.27530,3471,509.85,478304.27670,0
1768628700000,938.620,939.500,938.610,938.860,1731.42,1768629599999,1625921.16200,4130,797.81,749213.20060,0
1768629600000,938.850,938.850,936.620,937.550,3527.86,1768630499999,3307099.69880,8557,1172.15,1098729.07950,0
1768630500000,937.540,937.550,936.990,937.190,1118.76,1768631399999,1048557.70750,3065,325.45,305040.55440,0
1768631400000,937.190,938.650,937.080,938.320,1362.09,1768632299999,1277341.46810,3641,626.73,587821.40920,0
1768632300000,938.310,938.320,937.640,937.650,833.19,1768633199999,781564.03970,2642,426.38,399968.82100,0
1768633200000,937.640,937.650,935.880,936.600,2674.31,1768634099999,2504287.65440,6499,1302.54,1219758.04270,0
1768634100000,936.590,937.370,936.120,937.250,1131.41,1768634999999,1059854.55310,3482,607.69,569292.70100,0
1768635000000,937.260,937.910,936.950,937.000,1577.32,1768635899999,1478563.83310,3593,725.80,680378.05400,0
1768635900000,937.010,937.170,936.250,936.280,1478.59,1768636799999,1385118.44580,3612,767.16,718748.69990,0
1768636800000,936.270,937.710,936.050,937.620,2250.38,1768637699999,2108456.01960,4607,1588.67,1488622.22370,0
1768637700000,937.620,938.560,937.620,938.320,1160.02,1768638599999,1088400.07270,3144,665.83,624711.08240,0
1768638600000,938.310,938.610,938.260,938.610,999.87,1768639499999,938325.64250,2802,507.77,476525.05510,0
1768639500000,938.610,938.730,938.280,938.520,959.93,1768640399999,900925.57000,2957,441.29,414166.99020,0
1768640400000,938.520,939.030,938.040,938.100,2040.52,1768641299999,1915275.08550,4524,693.57,651009.73230,0
1768641300000,938.090,938.920,937.470,938.770,1202.47,1768642199999,1127926.59130,2896,625.34,586541.82280,0
1768642200000,938.770,941.450,938.380,941.450,4845.39,1768643099999,4555376.44330,6992,3808.61,3580962.96030,0
1768643100000,941.440,942.880,941.430,942.600,7534.96,1768643999999,7098332.52020,9828,4650.39,4380877.98970,0
1768644000000,942.610,943.990,942.200,943.550,7244.10,1768644899999,6831560.25010,11249,4331.07,4084701.23770,0
1768644900000,943.540,944.080,942.630,942.740,4264.31,1768645799999,4023001.99120,7024,2141.02,2020010.91770,0
1768645800000,942.750,942.780,941.800,942.040,3635.25,1768646699999,3425617.10250,6264,1906.67,1796858.02580,0
1768646700000,942.050,942.380,941.370,942.000,1727.17,1768647599999,1626952.84890,5041,903.01,850585.19080,0
1768647600000,942.000,942.500,940.550,942.180,3382.98,1768648499999,3185964.35040,6705,1313.37,1236926.06380,0
1768648500000,942.180,944.320,942.180,944.240,3924.09,1768649399999,3701988.02230,6199,2452.37,2313620.59120,0
1768649400000,944.240,945.140,943.550,943.560,4393.68,1768650299999,4150579.28540,7832,2504.86,2366417.24030,0
1768650300000,943.560,944.200,943.100,943.280,3038.34,1768651199999,2867123.93000,6259,906.22,855182.44600,0
1768651200000,943.280,944.570,943.060,944.390,2345.02,1768652099999,2212854.89570,5779,1186.08,1119336.06270,0
1768652100000,944.400,945.000,943.440,943.550,3936.18,1768652999999,3716953.96960,6261,2105.91,1988958.61020,0
1768653000000,943.550,943.990,943.440,943.580,1363.49,1768653899999,1286693.00140,4563,571.96,539723.82630,0
1768653900000,943.580,943.580,942.750,942.950,2408.10,1768654799999,2270925.81950,5349,789.31,744347.43430,0
1768654800000,942.950,943.830,942.660,943.280,2921.23,1768655699999,2754910.71150,5834,1836.79,1732170.36760,0
1768655700000,943.280,943.530,942.150,942.300,3707.17,1768656599999,3495151.36830,6245,1562.08,1472866.53030,0
1768656600000,942.300,943.000,942.000,942.240,3283.80,1768657499999,3094799.52620,6120,1562.34,1472482.66430,0
1768657500000,942.240,944.080,942.190,944.070,1818.12,1768658399999,1714294.64310,3728,1234.12,1163580.07870,0
1768658400000,944.070,944.080,942.110,943.490,2277.93,1768659299999,2147743.14580,5639,977.97,921916.97170,0
1768659300000,943.490,944.000,942.750,943.410,1660.83,1768660199999,1566785.79350,4179,699.43,659809.09830,0
1768660200000,943.420,944.770,943.150,943.990,2448.77,1768661099999,2311269.61370,5854,1275.02,1203443.19550,0
1768661100000,943.990,944.780,943.810,944.020,2049.65,1768661999999,1935423.38260,4967,1002.80,946862.77190,0
1768662000000,944.030,944.240,943.020,943.580,2625.86,1768662899999,2477900.63000,9083,1118.04,1055065.38040,0
1768662900000,943.580,946.420,943.580,945.890,6993.77,1768663799999,6611808.66660,11815,4687.29,4431031.11150,0
1768663800000,945.900,947.990,944.880,947.810,7078.38,1768664699999,6698577.05530,13388,3793.63,3590970.94350,0
1768664700000,947.800,960.500,947.800,956.030,56447.48,1768665599999,53858738.15630,65957,34912.53,33323436.44550,0
1768665600000,956.020,956.790,952.390,954.900,21476.20,1768666499999,20504086.41610,30988,10003.39,9552556.45670,0
1768666500000,954.910,954.920,950.020,951.080,8746.55,1768667399999,8324210.41190,17457,3549.47,3378249.75250,0
1768667400000,951.080,952.960,949.600,952.750,5456.14,1768668299999,5189027.45400,13144,3125.24,2972840.14570,0
1768668300000,952.740,952.890,950.060,951.110,4349.96,1768669199999,4138272.39550,9837,2202.12,2095013.49840,0
1768669200000,951.110,954.000,950.560,953.450,4586.86,1768670099999,4368453.53180,9535,2859.42,2722994.39750,0
1768670100000,953.440,954.580,952.940,953.270,2974.77,1768670999999,2836912.30950,7437,1458.69,1391155.76750,0
1768671000000,953.270,953.500,952.270,953.070,1403.91,1768671899999,1337950.09510,5441,540.06,514665.53970,0
1768671900000,953.070,953.640,951.810,953.260,1983.52,1768672799999,1889404.98450,5791,1000.20,952733.83880,0
1768672800000,953.250,953.360,952.300,952.360,2184.03,1768673699999,2080963.82670,7010,1032.17,983460.68160,0
1768673700000,952.370,952.670,952.190,952.470,864.80,1768674599999,823654.09850,3381,389.46,370926.74400,0
1768674600000,952.470,954.480,952.460,954.290,2431.65,1768675499999,2319071.75970,6455,1395.63,1330899.93830,0
1768675500000,954.280,954.560,953.330,953.860,1860.68,1768676399999,1775293.87910,5099,887.50,846746.19520,0
1768676400000,953.870,954.250,953.050,953.950,2591.18,1768677299999,2471126.34000,6317,1284.43,1224850.49850,0
1768677300000,953.960,954.240,953.120,953.390,2052.50,1768678199999,1957003.24630,4467,1199.47,1143665.62330,0
1768678200000,953.400,954.050,952.660,953.240,2719.52,1768679099999,2592671.54410,7134,1476.72,1407846.99460,0
1768679100000,953.240,953.440,952.130,953.070,2361.26,1768679999999,2249950.80300,6377,1051.35,1001767.61020,0
1768680000000,953.070,953.840,952.890,953.470,943.88,1768680899999,899833.33590,4038,523.11,498684.73510,0
1768680900000,953.470,953.810,952.050,952.060,1172.36,1768681799999,1117197.69860,3569,405.33,386314.29410,0
1768681800000,952.060,952.060,950.350,951.040,3015.89,1768682699999,2867935.14600,6426,822.54,782158.57230,0
1768682700000,951.050,953.010,950.990,952.800,2923.74,1768683599999,2783774.03650,4869,2211.01,2105328.81900,0
1768683600000,952.800,954.740,952.570,953.410,2668.75,1768684499999,2545383.94600,6325,1380.92,1317013.71920,0
1768684500000,953.410,953.870,952.730,953.070,1320.00,1768685399999,1258210.63580,4067,628.41,598977.38460,0
1768685400000,953.070,953.070,951.770,952.210,1282.91,1768686299999,1221696.12080,5357,418.46,398480.43780,0
1768686300000,952.210,952.380,951.830,952.320,659.30,1768687199999,627697.25710,3660,350.69,333870.93030,0
1768687200000,952.320,952.320,951.000,951.450,2155.14,1768688099999,2050969.09620,5896,879.93,837392.03640,0
1768688100000,951.450,953.470,951.440,952.170,6338.05,1768688999999,6039761.87870,6398,2256.35,2149779.53270,0
1768689000000,952.160,952.160,947.750,949.130,7288.00,1768689899999,6916966.73200,11934,1651.06,1567349.50870,0
1768689900000,949.130,949.220,945.460,946.970,9705.09,1768690799999,9188907.44180,17003,2831.18,2681091.13290,0
1768690800000,946.970,949.070,946.670,947.430,5895.57,1768691699999,5586252.36540,11776,2472.95,2343159.46480,0
1768691700000,947.420,949.260,946.860,947.320,5614.57,1768692599999,5321017.15870,8269,3539.84,3355011.93320,0
1768692600000,947.320,948.520,947.310,948.170,1228.23,1768693499999,1164399.40890,3817,708.46,671602.41140,0
1768693500000,948.170,948.430,947.560,947.570,1261.06,1768694399999,1195480.92840,3333,539.35,511319.28580,0
1768694400000,947.570,949.010,946.620,949.010,3517.72,1768695299999,3333379.10730,7308,2357.66,2234101.67170,0
1768695300000,949.000,951.040,947.480,948.070,10061.34,1768696199999,9547533.95970,14500,3978.85,3777015.60860,0
1768696200000,948.060,949.390,947.530,947.820,1760.81,1768697099999,1670095.54650,6599,930.94,882905.28270,0
1768697100000,947.830,948.110,945.900,946.110,3040.89,1768697999999,2878689.55850,7553,730.90,692035.44650,0
1768698000000,946.100,946.420,943.500,944.290,7360.61,1768698899999,6953766.85820,13973,2603.97,2459987.05620,0
1768698900000,944.290,945.390,943.590,945.380,2060.14,1768699799999,1946119.55640,6804,1285.02,1214003.62350,0
1768699800000,945.380,946.580,944.730,945.720,3015.20,1768700699999,2851757.63200,7667,1809.85,1711635.75680,0
1768700700000,945.720,946.710,944.280,945.550,2318.66,1768701599999,2192388.01060,6079,1108.21,1047979.49770,0
1768701600000,945.540,948.000,945.540,947.250,3135.47,1768702499999,2969522.06820,8728,1957.16,1853493.11620,0
1768702500000,947.240,947.890,946.650,947.230,2119.65,1768703399999,2008134.12730,5365,1148.33,1087934.24610,0
1768703400000,947.230,947.230,945.300,946.730,2639.94,1768704299999,2497908.73160,8307,1218.15,1152687.17720,0
1768704300000,946.720,946.980,945.310,946.790,2037.24,1768705199999,1927310.36510,5787,1052.99,996191.39270,0
1768705200000,946.790,948.340,946.760,948.200,2347.38,1768706099999,2224184.44600,7770,1262.11,1195922.46850,0
1768706100000,948.200,949.900,948.050,949.860,3413.21,1768706999999,3238295.71760,7388,2102.86,1995141.15340,0
1768707000000,949.860,950.500,949.100,949.530,3545.50,1768707899999,3367317.87270,8317,2011.51,1910482.63610,0
1768707900000,949.540,951.560,948.870,950.970,6157.23,1768708799999,5853599.50270,7002,2284.26,2170602.07860,0
1768708800000,950.970,950.970,948.990,949.140,2609.77,1768709699999,2479182.84970,7625,1336.94,1269993.75200,0
1768709700000,949.140,950.070,948.730,949.350,1514.87,1768710599999,1438046.07180,4058,678.13,643708.25090,0
1768710600000,949.360,949.440,948.340,948.790,1680.80,1768711499999,1594590.28560,3691,635.36,602741.50280,0
1768711500000,948.800,949.400,948.660,949.110,865.88,1768712399999,821802.48540,2577,395.80,375639.23670,0
1768712400000,949.120,950.000,948.400,950.000,1109.37,1768713299999,1052678.85370,3944,598.07,567603.60350,0
1768713300000,949.990,950.000,948.790,949.020,1150.34,1768714199999,1092144.82000,3654,531.63,504736.83380,0
1768714200000,949.020,949.020,947.650,948.490,1749.42,1768715099999,1658627.31450,4291,759.55,720122.90810,0
1768715100000,948.500,948.990,947.670,948.010,1370.15,1768715999999,1299219.20910,3894,625.61,593213.99620,0
1768716000000,948.010,948.620,947.660,948.270,1463.07,1768716899999,1387093.70830,4156,628.96,596319.86970,0
1768716900000,948.280,948.420,946.480,947.610,2614.25,1768717799999,2477319.14450,5124,1094.46,1037085.11460,0
1768717800000,947.620,947.930,946.730,947.530,1938.89,1768718699999,1836811.62490,4880,1007.06,954043.33830,0
1768718700000,947.530,947.950,946.880,947.420,1296.12,1768719599999,1227729.40300,3310,584.54,553686.82080,0
1768719600000,947.420,948.430,946.060,946.530,2466.10,1768720499999,2336220.44500,7485,1155.03,1094376.79190,0
1768720500000,946.530,946.770,946.050,946.760,1451.47,1768721399999,1373694.88390,4575,751.18,710923.82600,0
1768721400000,946.760,947.520,946.270,947.380,2141.09,1768722299999,2027110.92870,5761,876.04,829402.74880,0
1768722300000,947.390,947.420,945.110,945.110,2675.70,1768723199999,2531461.80610,5889,1095.33,1036351.14360,0
1768723200000,945.110,945.110,944.410,944.600,4755.60,1768724099999,4492770.95290,8608,2398.82,2266153.15220,0
1768724100000,944.610,945.920,944.110,945.880,2313.61,1768724999999,2186183.94390,5658,1260.21,1190879.74250,0
1768725000000,945.880,947.000,945.670,946.930,4851.65,1768725899999,4590203.18020,6309,3695.51,3496233.26410,0
1768725900000,946.930,947.530,946.230,946.610,2041.48,1768726799999,1933070.30760,4619,804.06,761377.44510,0
1768726800000,946.610,947.750,946.230,946.800,2083.61,1768727699999,1973097.93790,6247,951.32,900883.88260,0
1768727700000,946.810,947.500,946.050,946.140,1666.92,1768728599999,1578126.88510,5120,883.41,836343.85130,0
1768728600000,946.150,947.030,945.550,945.710,2086.30,1768729499999,1974049.40170,5878,712.27,673936.55160,0
1768729500000,945.710,946.420,945.690,946.010,2093.67,1768730399999,1980977.90750,4682,1219.73,1154065.66690,0
1768730400000,946.020,946.280,944.110,944.550,5427.74,1768731299999,5128409.12460,9470,1860.25,1757648.21780,0
1768731300000,944.560,945.050,944.460,944.900,1333.84,1768732199999,1260186.63940,3901,551.63,521171.60360,0
1768732200000,944.900,945.600,944.750,945.590,1395.01,1768733099999,1318342.28210,3965,845.32,798878.53940,0
1768733100000,945.590,945.720,945.000,945.000,948.43,1768733999999,896665.48000,2885,327.07,309232.04090,0
1768734000000,945.010,945.490,944.380,945.480,1531.72,1768734899999,1447341.84030,5358,837.57,791400.31220,0
1768734900000,945.480,946.980,945.090,946.650,1638.41,1768735799999,1549831.13250,4380,1003.16,948969.06090,0
1768735800000,946.650,947.710,945.400,947.180,3595.16,1768736699999,3403563.23500,5433,2406.68,2278643.22870,0
1768736700000,947.180,947.650,946.610,947.110,1734.62,1768737599999,1642916.09110,3907,927.45,878383.12220,0
1768737600000,947.120,947.750,946.010,947.740,2023.53,1768738499999,1915532.86030,4945,1086.22,1028330.65650,0
1768738500000,947.750,948.270,946.960,948.140,2080.78,1768739399999,1971798.88800,4227,1083.35,1026616.03780,0
1768739400000,948.150,948.950,948.040,948.250,1766.12,1768740299999,1675108.67550,4021,971.49,921434.50320,0
1768740300000,948.250,948.910,947.850,948.450,2157.03,1768741199999,2045785.86770,4608,1104.42,1047457.05200,0
1768741200000,948.460,948.500,946.750,947.750,2118.46,1768742099999,2007273.04800,5543,694.22,657793.35000,0
1768742100000,947.750,948.790,945.800,946.390,3043.07,1768742999999,2882552.31090,6057,1109.84,1051308.90650,0
1768743000000,946.380,948.900,945.930,948.210,3705.49,1768743899999,3510167.94360,6843,2625.08,2486992.73900,0
1768743900000,948.210,948.850,947.120,947.370,1767.46,1768744799999,1675279.45410,4284,880.74,834790.18480,0
1768744800000,947.380,948.210,946.540,948.100,1610.01,1768745699999,1524914.61580,5176,913.18,864975.80270,0
1768745700000,948.100,949.460,947.420,947.810,4248.99,1768746599999,4030366.68690,8815,2242.45,2127445.86440,0
1768746600000,947.820,948.510,947.430,947.430,2560.22,1768747499999,2427044.20160,6091,1211.18,1148131.34140,0
1768747500000,947.440,947.910,945.460,945.650,4666.96,1768748399999,4418569.42420,7392,2044.08,1935660.31870,0
1768748400000,945.660,946.560,944.650,945.920,5926.06,1768749299999,5604195.69140,11256,2534.49,2396597.69220,0
1768749300000,945.920,947.320,945.500,947.300,3059.08,1768750199999,2895730.55390,5701,2218.01,2099517.86630,0
1768750200000,947.310,950.680,947.190,950.070,6759.34,1768751099999,6417335.93540,10077,4078.08,3871521.34030,0
1768751100000,950.070,951.290,949.950,950.470,3888.70,1768751999999,3696028.66990,7206,2073.36,1970632.28750,0
1768752000000,950.470,950.600,949.060,949.810,4422.57,1768752899999,4200726.64460,10127,1647.07,1564371.29490,0
1768752900000,949.810,950.850,949.170,949.620,3555.56,1768753799999,3376943.54240,7035,2041.22,1938591.62030,0
1768753800000,949.620,951.410,949.510,951.210,2784.32,1768754699999,2647005.25960,6140,1948.53,1852475.30300,0
1768754700000,951.200,951.500,950.320,950.700,2231.81,1768755599999,2122430.31330,5117,1074.43,1021781.59800,0
1768755600000,950.700,950.840,949.470,949.560,1848.92,1768756499999,1756716.43330,5769,660.45,627506.17620,0
1768756500000,949.570,951.020,949.420,950.710,2025.12,1768757399999,1924341.84880,3899,1059.04,1006441.54440,0
1768757400000,950.700,950.900,949.210,949.710,1179.30,1768758299999,1120459.59940,3919,460.03,437159.33780,0
1768758300000,949.710,952.530,949.710,952.050,3596.32,1768759199999,3422127.64730,6204,2335.78,2222558.79950,0
1768759200000,952.050,952.760,950.820,951.390,3577.60,1768760099999,3404536.65970,7364,1865.66,1775395.88300,0
1768760100000,951.390,953.600,950.690,953.600,2535.28,1768760999999,2413806.15290,6006,1659.82,1580569.34740,0
1768761000000,953.590,953.830,951.810,951.820,2373.87,1768761899999,2261651.58030,6483,890.93,848754.96780,0
1768761900000,951.820,952.980,951.630,952.000,2739.01,1768762799999,2608599.91510,6337,1393.62,1327332.69070,0
1768762800000,952.000,952.730,951.750,951.750,1225.05,1768763699999,1166560.57670,4147,505.56,481410.88110,0
1768763700000,951.740,951.960,951.000,951.340,1180.22,1768764599999,1122973.77560,4075,510.57,485811.22330,0
1768764600000,951.330,951.620,950.910,950.910,760.04,1768765499999,723005.68040,3502,343.46,326720.37850,0
1768765500000,950.920,950.920,949.440,950.080,1577.64,1768766399999,1498774.07550,4300,475.00,451221.98870,0
1768766400000,950.080,950.900,949.510,950.900,1233.54,1768767299999,1171974.53680,4560,645.89,613639.42530,0
1768767300000,950.890,953.260,950.890,953.130,3018.67,1768768199999,2874074.90190,4380,2240.67,2133039.85000,0
1768768200000,953.120,953.680,951.990,952.500,2016.56,1768769099999,1922114.60060,4991,988.49,942227.87330,0
1768769100000,952.500,952.980,952.170,952.740,848.36,1768769999999,808189.00150,3232,413.60,394010.13010,0
1768770000000,952.740,952.930,951.740,952.070,1268.57,1768770899999,1208097.70760,4308,398.45,379441.61650,0
1768770900000,952.070,952.340,951.210,951.220,615.05,1768771799999,585394.26760,2444,175.22,166782.07620,0
1768771800000,951.220,951.630,950.900,951.240,800.01,1768772699999,761070.29960,2835,332.89,316671.68410,0
1768772700000,951.230,952.550,950.940,951.700,1011.07,1768773599999,962344.07890,3298,545.51,519198.76710,0
1768773600000,951.700,952.120,951.190,951.400,1386.08,1768774499999,1318981.79970,4444,588.00,559542.83700,0
1768774500000,951.390,951.620,950.320,950.350,1400.96,1768775399999,1332047.05240,3061,742.61,706099.72930,0
1768775400000,950.350,951.650,950.200,951.290,1597.73,1768776299999,1519066.67790,3472,667.34,634558.02240,0
1768776300000,951.280,951.500,951.280,951.470,297.05,1768777199999,282613.51500,1462,142.03,135125.46350,0
1768777200000,951.470,951.470,946.350,947.040,10923.56,1768778099999,10358098.68350,18553,5062.20,4798692.50080,0
1768778100000,947.040,948.000,941.250,941.590,17735.53,1768778999999,16747597.27560,26285,6381.70,6026816.84120,0
1768779000000,941.590,943.720,939.450,941.040,19893.64,1768779899999,18720332.94170,31350,9666.79,9099320.79810,0
1768779900000,941.030,941.030,931.760,932.720,33488.90,1768780799999,31327492.04150,49130,14706.18,13756559.10990,0
1768780800000,932.730,932.730,900.670,913.670,133143.24,1768781699999,122151169.60940,138857,60583.84,55608124.38440,0
1768781700000,913.660,916.310,907.640,913.230,54590.99,1768782599999,49817679.82500,75333,28534.77,26044303.50150,0
1768782600000,913.220,922.480,909.220,922.080,38373.46,1768783499999,35190513.70570,63742,20816.86,19095739.96930,0
1768783500000,922.090,922.140,918.400,918.970,13230.03,1768784399999,12174379.84120,28021,6400.38,5889842.42360,0
1768784400000,918.970,921.170,917.470,920.050,11003.43,1768785299999,10115223.59460,26864,5364.22,4931769.37070,0
1768785300000,920.060,921.470,918.950,919.570,7141.85,1768786199999,6571541.69310,17750,3775.29,3473627.56180,0
1768786200000,919.560,922.340,918.110,918.310,9725.90,1768787099999,8950058.63370,19134,4953.34,4558409.17170,0
1768787100000,918.320,920.120,916.480,919.950,9645.43,1768787999999,8853717.55970,19789,4833.43,4437026.36500,0
1768788000000,919.960,919.960,917.430,918.240,8101.06,1768788899999,7443675.60810,17055,3879.81,3565009.43780,0
1768788900000,918.230,921.870,918.020,919.630,7594.70,1768789799999,6987955.91740,13218,4381.24,4030683.35580,0
1768789800000,919.630,922.200,919.150,921.480,6545.90,1768790699999,6028811.24020,10884,4227.62,3894004.28020,0
1768790700000,921.490,921.500,920.270,920.970,5597.34,1768791599999,5154458.41330,8669,2765.81,2546980.72900,0
1768791600000,920.970,924.520,920.630,924.370,9408.45,1768792499999,8684653.21650,15202,5899.48,5445647.65640,0
1768792500000,924.360,924.370,921.340,922.220,5015.74,1768793399999,4629959.00070,9804,2006.78,1852467.36610,0
1768793400000,922.220,923.890,921.520,923.820,2963.30,1768794299999,2734204.99740,8265,1613.85,1489129.84660,0
1768794300000,923.820,925.800,923.590,925.170,5583.90,1768795199999,5163923.61370,9583,3175.31,2936530.13960,0
1768795200000,925.180,925.370,922.830,923.420,6808.81,1768796099999,6290983.01480,13220,3255.02,3007221.38170,0
1768796100000,923.410,926.260,922.890,926.110,4264.15,1768796999999,3940922.79310,9583,2315.48,2140385.36230,0
1768797000000,926.100,927.600,925.380,927.000,8203.83,1768797899999,7601297.16990,12652,4796.78,4444850.43830,0
1768797900000,927.000,927.710,926.330,926.380,5257.96,1768798799999,4873888.61640,8667,2535.10,2349986.52200,0
1768798800000,926.380,928.000,925.590,925.600,6044.03,1768799699999,5603139.40760,10847,2586.36,2398131.89990,0
1768799700000,925.600,926.070,923.180,926.070,9169.50,1768800599999,8477901.44190,11573,3008.67,2781088.39410,0
1768800600000,926.060,927.840,925.110,925.120,5610.57,1768801499999,5196844.70260,9943,2328.52,2157101.83360,0
1768801500000,925.110,926.470,924.410,925.110,3839.27,1768802399999,3551821.53300,7182,1179.17,1090941.00910,0
1768802400000,925.110,926.300,924.300,925.610,5030.42,1768803299999,4654921.85430,9706,2513.09,2325594.62850,0
1768803300000,925.620,925.620,923.330,924.070,6040.26,1768804199999,5582643.53710,10773,2130.74,1969355.66850,0
1768804200000,924.080,926.040,923.420,923.870,3906.13,1768805099999,3611705.14660,9729,1626.32,1503994.51590,0
1768805100000,923.880,925.240,923.000,925.240,2895.55,1768805999999,2675924.92690,6857,1135.67,1049846.22410,0
1768806000000,925.250,925.750,924.240,925.240,2157.56,1768806899999,1995853.39280,7072,940.92,870441.37960,0
1768806900000,925.250,925.550,923.970,923.970,2272.13,1768807799999,2101353.70340,7586,947.20,876058.23340,0
1768807800000,923.980,925.650,923.470,925.340,2942.11,1768808699999,2720048.67270,7024,1462.35,1351997.83910,0
1768808700000,925.340,927.970,925.330,927.330,6300.39,1768809599999,5839103.77880,8601,3083.45,2857508.22560,0
1768809600000,927.340,927.340,925.280,925.860,5456.25,1768810499999,5054463.93820,10935,2390.80,2214802.87670,0
1768810500000,925.870,929.000,925.700,926.540,8631.13,1768811399999,8008563.28250,15431,4361.98,4047830.42750,0
1768811400000,926.540,927.660,925.110,925.520,5242.76,1768812299999,4856993.31020,11295,2159.99,2001159.20790,0
1768812300000,925.530,927.800,925.250,926.910,3241.78,1768813199999,3004091.47200,8486,1574.23,1458747.64880,0
1768813200000,926.900,927.000,924.440,924.940,3817.27,1768814099999,3534363.21950,9918,1350.72,1250688.02570,0
1768814100000,924.940,926.250,924.720,925.210,2704.76,1768814999999,2503612.03280,8976,1233.40,1141714.56230,0
1768815000000,925.220,926.990,924.630,926.850,3049.64,1768815899999,2824146.29690,7621,1337.55,1238633.11140,0
1768815900000,926.850,928.470,926.840,928.340,3920.26,1768816799999,3637533.61510,7685,1752.81,1626288.03680,0
1768816800000,928.330,929.000,926.780,928.700,4237.28,1768817699999,3932535.52090,9312,2048.33,1901367.15200,0
1768817700000,928.710,929.980,928.110,928.720,9093.62,1768818599999,8449158.12350,11730,4965.19,4613120.83940,0
1768818600000,928.730,928.940,927.220,928.290,3404.06,1768819499999,3159573.68420,7598,1601.23,1486187.08500,0
1768819500000,928.300,928.420,926.490,926.690,3212.99,1768820399999,2979168.78040,6467,936.30,868114.74720,0
1768820400000,926.700,927.390,925.590,927.340,6048.33,1768821299999,5604240.16720,9787,2215.78,2053243.01620,0
1768821300000,927.350,929.160,926.300,928.080,3866.55,1768822199999,3587373.39260,8698,2005.71,1860992.81530,0
1768822200000,928.090,928.970,927.330,928.070,3224.23,1768823099999,2992372.96800,7090,1143.41,1061202.08940,0
1768823100000,928.080,928.870,927.530,928.150,4012.94,1768823999999,3724370.47050,7289,1552.53,1440827.54710,0
1768824000000,928.150,928.330,925.280,925.440,8515.14,1768824899999,7888489.92920,13460,2509.70,2324681.60220,0
1768824900000,925.430,928.100,925.430,926.600,5957.88,1768825799999,5522239.48370,9664,2312.69,2143551.03090,0
1768825800000,926.600,928.410,926.590,927.610,7495.07,1768826699999,6953435.66090,10783,2652.27,2460613.28010,0
1768826700000,927.620,928.230,926.800,927.880,4771.65,1768827599999,4425282.53670,8284,1917.72,1778569.40930,0
1768827600000,927.870,927.870,926.010,926.740,4675.23,1768828499999,4332324.66310,8803,1291.88,1197099.58550,0
1768828500000,926.750,927.400,925.610,927.150,6857.02,1768829399999,6354591.41730,10143,2303.14,2134455.07340,0
1768829400000,927.150,929.850,926.650,927.990,11220.67,1768830299999,10419868.10420,13369,4242.03,3939295.27210,0
1768830300000,928.000,929.750,927.840,928.660,9358.68,1768831199999,8694292.03420,13649,2763.50,2567305.58090,0
1768831200000,928.670,929.390,925.650,926.620,24603.83,1768832099999,22812867.29880,30655,17588.73,16307734.53790,0
1768832100000,926.620,927.100,925.380,925.610,8574.58,1768832999999,7942357.91400,12125,5469.00,5065927.55960,0
1768833000000,925.610,926.700,924.410,924.770,6548.70,1768833899999,6060229.79070,12175,3154.68,2919658.20000,0
1768833900000,924.770,925.370,923.570,924.590,6151.45,1768834799999,5685970.79580,9295,3388.18,3131796.41800,0
1768834800000,924.590,926.650,924.590,926.460,4818.95,1768835699999,4460407.71980,11108,2898.72,2683101.83750,0
1768835700000,926.450,926.770,925.000,925.730,3150.34,1768836599999,2916838.67810,7868,1610.79,1491451.71770,0
1768836600000,925.730,926.550,924.770,925.120,2049.53,1768837499999,1896758.53320,6329,996.53,922218.64850,0
1768837500000,925.110,925.980,924.770,925.790,1667.64,1768838399999,1542982.53210,5345,822.69,761229.65430,0
1768838400000,925.780,926.620,925.380,926.300,2824.68,1768839299999,2616077.74970,6729,1433.58,1327678.91800,0
1768839300000,926.310,927.380,925.620,926.660,1921.69,1768840199999,1780867.93020,5690,1191.31,1103987.73130,0
1768840200000,926.660,927.190,926.190,927.180,2176.25,1768841099999,2016568.64570,5720,1154.89,1070140.29300,0
1768841100000,927.190,929.400,927.090,928.980,4752.03,1768841999999,4411925.33190,9397,2694.87,2502048.83710,0
1768842000000,928.990,928.990,927.840,928.140,2938.92,1768842899999,2728380.17930,7339,1344.98,1248604.95480,0
1768842900000,928.150,928.880,927.600,928.200,1639.43,1768843799999,1521742.61570,4008,945.20,877312.53750,0
1768843800000,928.190,928.200,927.050,927.900,1770.53,1768844699999,1642420.71190,5010,907.96,842216.19150,0
1768844700000,927.890,928.970,927.600,928.090,1839.99,1768845599999,1708344.15150,4860,996.89,925508.35060,0
1768845600000,928.080,928.090,926.070,926.290,2316.93,1768846499999,2147091.12330,5961,766.85,710535.37570,0
1768846500000,926.280,926.390,925.700,925.790,1180.45,1768847399999,1093112.33900,3399,598.99,554667.57450,0
1768847400000,925.790,927.910,925.700,927.910,2138.81,1768848299999,1982399.86890,5655,1492.85,1383685.90420,0
1768848300000,927.900,928.160,926.940,927.550,977.68,1768849199999,906831.46770,3895,530.16,491715.04810,0
1768849200000,927.550,928.660,927.550,928.630,1437.97,1768850099999,1334539.15830,4556,852.19,790888.60250,0
1768850100000,928.640,929.620,928.480,928.610,2306.73,1768850999999,2143363.87200,5009,922.31,856972.13010,0
1768851000000,928.600,928.600,927.040,927.720,1225.82,1768851899999,1137272.69930,4029,645.83,599099.25160,0
1768851900000,927.730,927.910,926.730,927.100,1629.77,1768852799999,1511394.79500,3296,1017.85,943955.40150,0
1768852800000,927.100,927.640,926.330,926.650,1992.28,1768853699999,1846533.44150,6145,991.91,919358.00420,0
1768853700000,926.650,928.250,925.830,927.990,5424.99,1768854599999,5027927.28970,8504,2912.97,2699772.36070,0
1768854600000,927.980,928.080,926.800,927.010,1251.62,1768855499999,1160558.54640,4605,650.07,602718.86610,0
1768855500000,927.000,927.290,926.440,926.700,901.34,1768856399999,835461.31380,3710,497.15,460801.98070,0
1768856400000,926.700,927.910,926.000,926.170,1610.25,1768857299999,1492801.08850,6368,755.68,700575.85400,0
1768857300000,926.160,926.300,925.150,926.130,2327.18,1768858199999,2154485.73350,5175,984.21,911197.92020,0
1768858200000,926.130,926.320,925.500,926.280,841.99,1768859099999,779576.52650,3819,467.95,433255.36050,0
1768859100000,926.280,926.430,925.400,925.480,1156.07,1768859999999,1070284.55150,3634,413.00,382388.45620,0
1768860000000,925.480,925.980,923.570,925.070,4136.87,1768860899999,3825913.30890,8498,1898.32,1755738.32100,0
1768860900000,925.060,927.040,925.060,926.220,2788.84,1768861799999,2583170.60300,5341,1922.82,1780796.78610,0
1768861800000,926.220,926.390,923.900,924.340,2514.77,1768862699999,2325608.97790,7162,1085.54,1003808.12120,0
1768862700000,924.330,924.630,922.030,922.120,3353.25,1768863599999,3096196.27790,6964,989.85,914063.12440,0
1768863600000,922.110,924.140,919.720,923.470,11909.51,1768864499999,10979671.12030,21604,5719.65,5274247.35190,0
1768864500000,923.470,925.000,921.430,925.000,4056.34,1768865399999,3743899.81980,11966,2514.09,2320272.69590,0
1768865400000,924.990,926.150,923.850,924.240,3205.68,1768866299999,2964753.96600,8980,1427.75,1320543.77190,0
1768866300000,924.230,925.190,923.090,924.130,2458.70,1768867199999,2271456.26990,6118,1352.17,1249166.60750,0
1768867200000,924.120,926.490,923.880,924.610,5502.52,1768868099999,5090599.97610,13384,2726.12,2522012.31410,0
1768868100000,924.610,929.100,924.500,928.600,11102.70,1768868999999,10297312.44880,17446,5793.99,5373428.96350,0
1768869000000,928.600,931.480,928.350,930.300,13744.58,1768869899999,12783310.72140,16245,6616.78,6154365.68260,0
1768869900000,930.310,931.310,929.080,929.590,5094.09,1768870799999,4738243.16180,8707,2375.71,2209787.63150,0
1768870800000,929.590,931.690,928.250,929.740,6090.26,1768871699999,5663819.26260,13296,3670.64,3413869.55040,0
1768871700000,929.730,933.410,929.400,932.010,7727.81,1768872599999,7202405.76760,13385,4267.40,3977406.20020,0
1768872600000,932.010,932.440,931.150,931.920,3833.95,1768873499999,3572419.84010,7928,1864.65,1737433.29280,0
1768873500000,931.910,933.600,931.390,932.730,3954.10,1768874399999,3686600.23500,7431,1893.60,1765576.27840,0
1768874400000,932.730,932.950,928.110,928.640,8330.67,1768875299999,7747546.73490,12630,3436.83,3196894.99650,0
1768875300000,928.640,928.840,927.200,928.670,4962.07,1768876199999,4605733.27880,8496,2554.48,2371129.73750,0
1768876200000,928.680,930.370,928.550,929.930,3621.08,1768877099999,3366585.70940,7639,1839.13,1709897.37210,0
1768877100000,929.930,930.830,928.650,928.720,2875.73,1768877999999,2673777.55460,6643,1330.08,1236813.00990,0
1768878000000,928.710,929.370,928.000,928.650,5049.86,1768878899999,4688417.44880,7031,1780.48,1653460.93270,0
1768878900000,928.640,929.740,928.300,928.580,3473.26,1768879799999,3226630.27770,6384,2108.43,1958916.54440,0
1768879800000,928.570,928.600,927.000,928.600,6331.36,1768880699999,5874453.14760,9518,2397.93,2224714.01000,0
1768880700000,928.590,929.110,927.520,927.880,2086.65,1768881599999,1937045.20790,5525,1078.57,1001323.04920,0
1768881600000,927.880,928.190,927.040,927.240,2063.36,1768882499999,1913889.42190,6144,815.93,756780.95000,0
1768882500000,927.230,927.720,926.500,927.720,2261.32,1768883399999,2096162.35730,5264,1110.99,1029896.81120,0
1768883400000,927.710,928.920,927.420,927.710,2358.93,1768884299999,2189373.93210,5503,1308.14,1214083.73780,0
1768884300000,927.700,928.780,926.560,926.970,3552.59,1768885199999,3295704.08240,6817,1700.43,1577517.02590,0
1768885200000,926.960,926.970,920.280,921.380,21461.29,1768886099999,19816870.61190,26356,8434.73,7786655.40740,0
1768886100000,921.380,924.290,920.870,923.160,9446.52,1768886999999,8715054.99220,15293,6166.53,5688904.93680,0
1768887000000,923.170,923.980,920.710,921.600,5714.93,1768887899999,5270746.30210,10329,2816.25,2597764.49610,0
1768887900000,921.600,923.270,921.460,922.680,3124.52,1768888799999,2882336.38900,7723,1879.58,1733854.49200,0
1768888800000,922.670,922.830,921.470,921.480,3372.91,1768889699999,3110658.80030,8343,2088.06,1925784.05900,0
1768889700000,921.470,921.640,915.780,919.310,20752.88,1768890599999,19051150.67860,28936,7914.94,7265410.99740,0
1768890600000,919.300,919.330,914.440,917.650,9672.54,1768891499999,8864443.30000,19744,4167.92,3820015.76920,0
1768891500000,917.640,917.850,915.120,915.870,5807.94,1768892399999,5319513.68190,13063,2837.01,2598406.13240,0
1768892400000,915.860,918.270,915.030,917.770,5827.33,1768893299999,5341094.88060,13637,3354.82,3075333.64480,0
1768893300000,917.760,918.340,916.800,917.140,3815.56,1768894199999,3501046.88810,9526,1959.10,1797755.74430,0
1768894200000,917.130,919.420,916.230,918.810,4218.16,1768895099999,3872934.78200,10203,2179.53,2001398.56530,0
1768895100000,918.800,919.860,917.940,918.130,4182.68,1768895999999,3844221.19580,9414,2574.45,2366283.71130,0
1768896000000,918.130,918.230,912.480,914.760,9925.16,1768896899999,9086612.08870,19233,4150.54,3799905.67050,0
1768896900000,914.760,916.740,913.730,915.860,5797.49,1768897799999,5308562.58920,12571,3528.13,3230685.97270,0
1768897800000,915.850,915.860,909.200,910.510,20191.61,1768898699999,18403143.75800,27453,6917.04,6303936.57070,0
1768898700000,910.510,914.990,909.020,914.820,11112.59,1768899599999,10139350.39710,18505,6048.27,5519229.16190,0
1768899600000,914.810,914.810,913.220,914.330,4095.48,1768900499999,3743233.05700,11170,1911.12,1746762.52650,0
1768900500000,914.340,914.880,913.430,913.700,3244.08,1768901399999,2965174.31760,8385,1282.64,1172468.35940,0
1768901400000,913.700,915.000,913.060,913.820,3243.89,1768902299999,2964789.15780,10320,2003.06,1830694.88450,0
1768902300000,913.820,914.620,913.190,913.620,3096.18,1768903199999,2829222.74120,7881,2015.37,1841576.93200,0
1768903200000,913.630,915.500,913.000,914.630,5072.26,1768904099999,4636954.29860,10634,2357.50,2155475.38670,0
1768904100000,914.630,915.920,914.040,915.910,2484.43,1768904999999,2272355.70040,7220,1649.34,1508521.55690,0
1768905000000,915.920,916.370,914.350,914.650,2903.78,1768905899999,2658179.70710,6998,1432.67,1311522.94240,0
1768905900000,914.660,915.420,914.100,914.770,3813.37,1768906799999,3488373.46910,5522,2789.16,2551451.49490,0
1768906800000,914.760,915.880,914.250,914.420,3872.08,1768907699999,3542617.73170,8285,1995.66,1825992.07240,0
1768907700000,914.420,915.120,914.000,914.690,1887.24,1768908599999,1725833.57390,6216,1091.55,998234.72640,0
1768908600000,914.700,915.000,912.660,913.270,4162.77,1768909499999,3802754.50760,6650,1178.88,1077012.62260,0
1768909500000,913.270,914.230,912.730,913.190,1663.81,1768910399999,1519774.00530,4967,895.91,818397.84740,0
1768910400000,913.190,916.320,912.890,916.040,4340.55,1768911299999,3972247.17150,8621,2650.59,2425741.33430,0
1768911300000,916.050,916.490,913.740,914.710,3520.21,1768912199999,3220949.68000,8658,1973.44,1805755.24580,0
1768912200000,914.710,915.530,914.350,914.670,1754.72,1768913099999,1605497.11630,5102,1060.87,970607.29030,0
1768913100000,914.680,914.780,913.690,914.320,2273.15,1768913999999,2078165.97830,6000,1372.89,1255102.71770,0
1768914000000,914.320,914.450,911.030,911.360,4645.80,1768914899999,4238775.06550,10456,2010.40,1834301.47440,0
1768914900000,911.360,912.000,909.480,909.670,4790.73,1768915799999,4363785.15540,10045,2204.46,2008454.81220,0
1768915800000,909.660,910.770,907.380,909.880,13934.37,1768916699999,12670203.05490,18536,4853.48,4414437.09940,0
1768916700000,909.880,909.920,906.080,906.700,11511.67,1768917599999,10447819.52980,15850,4456.73,4043880.55270,0
1768917600000,906.700,909.790,906.180,909.250,5851.08,1768918499999,5314675.06330,11994,3509.32,3187696.42820,0
1768918500000,909.260,909.420,906.010,907.680,7027.81,1768919399999,6378539.56660,15961,3014.36,2736201.21170,0
1768919400000,907.680,911.580,905.650,909.030,12932.10,1768920299999,11748163.41940,31519,6946.21,6311103.48140,0
1768920300000,909.030,909.040,903.000,903.920,22134.54,1768921199999,20022314.16080,33182,7656.28,6925785.71110,0
1768921200000,903.910,904.500,896.940,902.570,37984.55,1768922099999,34209146.94630,49381,15617.22,14068952.16220,0
1768922100000,902.570,905.390,900.330,904.160,16450.51,1768922999999,14862129.30590,25715,9852.35,8903663.27830,0
1768923000000,904.160,906.290,903.000,904.710,11617.61,1768923899999,10509341.00160,20522,6477.95,5860889.71230,0
1768923900000,904.720,905.900,903.000,905.840,5648.25,1768924799999,5109145.56700,15425,2239.11,2025674.59990,0
1768924800000,905.840,906.990,903.750,906.980,8293.66,1768925699999,7511469.16750,16901,3592.57,3253961.98290,0
1768925700000,906.990,908.920,904.950,905.500,7775.71,1768926599999,7054063.60740,14218,3352.46,3041987.75220,0
1768926600000,905.500,905.690,899.650,899.930,11832.39,1768927499999,10675236.23200,20740,3286.35,2964381.14240,0
1768927500000,899.930,900.200,896.690,897.010,16453.41,1768928399999,14783064.81510,25112,6164.15,5539114.60160,0
1768928400000,897.010,899.880,895.660,899.880,10892.10,1768929299999,9775693.30090,21790,4367.44,3921589.71800,0
1768929300000,899.870,900.400,895.850,896.710,4955.90,1768930199999,4447589.57830,13178,2607.14,2339855.17310,0
1768930200000,896.710,896.750,891.090,891.720,19255.42,1768931099999,17197148.09570,28413,7322.58,6537011.02450,0
1768931100000,891.710,893.120,887.010,890.700,19699.75,1768931999999,17537367.05730,30075,8725.62,7770703.99350,0
1768932000000,890.700,895.100,890.620,894.860,8752.23,1768932899999,7816726.36400,19920,5587.76,4990603.56360,0
1768932900000,894.870,895.330,892.800,893.760,5262.40,1768933799999,4706270.60000,13556,2919.10,2610769.91960,0
1768933800000,893.760,894.030,891.420,892.290,3968.36,1768934699999,3542879.93150,12886,1838.88,1641728.10310,0
1768934700000,892.280,892.940,890.820,892.390,4169.62,1768935599999,3718965.37460,13032,2252.75,2009514.26410,0
1768935600000,892.380,894.490,891.870,894.060,7403.34,1768936499999,6615791.23150,16006,3148.34,2813545.12640,0
1768936500000,894.050,895.580,893.690,894.110,4148.19,1768937399999,3710963.51420,8986,1665.26,1489826.32610,0
1768937400000,894.100,895.650,892.500,895.230,5715.47,1768938299999,5110181.48010,13941,2373.07,2121865.51030,0
1768938300000,895.220,896.990,894.900,896.110,3333.27,1768939199999,2986508.07910,8698,1578.90,1414708.49100,0
1768939200000,896.110,896.120,894.720,894.860,3483.28,1768940099999,3117948.38880,9779,1420.81,1271872.43480,0
1768940100000,894.870,898.500,894.870,897.400,4316.00,1768940999999,3873199.03400,11256,2703.48,2426023.03130,0
1768941000000,897.400,897.540,895.000,895.360,3113.57,1768941899999,2789678.41870,8221,2021.68,1811430.12450,0
1768941900000,895.360,897.250,895.040,896.380,2065.41,1768942799999,1851259.38470,8943,937.80,840474.95090,0
1768942800000,896.380,896.940,895.870,896.370,1725.38,1768943699999,1546866.20280,7437,917.75,822786.74530,0
1768943700000,896.360,896.360,894.730,895.160,1865.83,1768944599999,1670491.27540,5327,820.99,735005.07900,0
1768944600000,895.160,895.680,894.090,895.590,2243.88,1768945499999,2007629.94260,5317,837.57,749422.00700,0
1768945500000,895.590,895.800,894.800,894.960,1361.29,1768946399999,1218497.47450,4130,649.91,581746.91270,0
1768946400000,894.960,896.780,894.940,896.100,3591.24,1768947299999,3217155.58410,6704,2546.85,2281754.73610,0
1768947300000,896.110,897.710,894.550,894.930,2533.18,1768948199999,2270700.28300,6655,1353.86,1213817.90100,0
1768948200000,894.930,895.190,885.480,892.600,32594.15,1768949099999,28978799.81600,33007,13678.99,12160428.15060,0
1768949100000,892.610,893.000,891.000,891.500,3701.57,1768949999999,3300801.00690,8694,1402.45,1250684.19850,0
1768950000000,891.510,891.640,888.480,888.680,11536.15,1768950899999,10264227.60380,16759,3884.35,3456052.61230,0
1768950900000,888.670,889.090,884.440,885.540,11960.68,1768951799999,10604743.16160,21525,5793.93,5137324.26580,0
1768951800000,885.540,888.040,885.540,887.800,4766.40,1768952699999,4229250.61440,11722,2833.92,2514535.76770,0
1768952700000,887.810,888.060,884.610,884.710,4042.16,1768953599999,3582126.35960,10779,2204.81,1953843.90790,0
1768953600000,884.710,884.710,871.040,871.510,43222.97,1768954499999,37936647.61160,56906,17165.60,15057431.91730,0
1768954500000,871.520,873.700,867.570,873.630,28822.99,1768955399999,25076490.85450,45124,14805.68,12883898.94570,0
1768955400000,873.630,879.710,873.250,879.510,13872.34,1768956299999,12157820.09570,28000,8369.83,7335951.53020,0
1768956300000,879.520,882.210,878.610,881.750,9229.70,1768957199999,8127063.99980,20587,5451.89,4800876.43460,0
1768957200000,881.750,884.350,880.520,883.170,7270.11,1768958099999,6415892.10520,18332,4190.59,3698203.22670,0
1768958100000,883.170,883.860,879.030,881.200,12205.00,1768958999999,10749620.06320,16229,6055.32,5331745.16820,0
1768959000000,881.200,881.810,879.180,880.370,5643.84,1768959899999,4970628.12560,12609,2092.90,1842872.05120,0
1768959900000,880.370,882.120,879.070,880.240,4568.20,1768960799999,4022887.11350,10741,2431.36,2141120.55430,0
1768960800000,880.240,882.500,880.200,881.800,4888.57,1768961699999,4308861.33140,14212,2271.06,2001690.71590,0
1768961700000,881.790,882.550,879.210,879.520,4270.28,1768962599999,3763261.48830,11163,1989.77,1753586.45710,0
1768962600000,879.510,879.860,877.200,877.860,7500.87,1768963499999,6587372.67370,14967,3163.24,2778006.29210,0
1768963500000,877.870,879.180,877.510,877.740,3370.00,1768964399999,2959994.75530,10188,1837.80,1614188.90890,0
1768964400000,877.730,879.500,875.900,876.970,6241.20,1768965299999,5478031.52110,13344,2641.76,2318605.95250,0
1768965300000,876.970,879.480,876.530,879.470,3561.61,1768966199999,3127942.03180,10487,1904.92,1673081.43620,0
1768966200000,879.470,881.990,878.370,881.560,5833.55,1768967099999,5134649.63040,14594,3580.55,3151628.40160,0
1768967100000,881.560,882.700,880.310,881.990,8696.60,1768967999999,7665295.83020,12975,4258.79,3754597.90400,0
1768968000000,881.990,883.210,880.510,880.510,8281.27,1768968899999,7306312.49880,13073,3404.91,3003189.31390,0
1768968900000,880.520,882.630,879.980,882.630,3198.56,1768969799999,2818078.23310,8459,1825.89,1608952.76920,0
1768969800000,882.630,882.730,881.130,882.300,2922.56,1768970699999,2576776.96510,8820,1312.03,1156741.17210,0
1768970700000,882.300,882.840,879.820,880.120,3151.97,1768971599999,2777886.98930,8022,1239.93,1092784.96660,0
1768971600000,880.120,880.700,879.340,880.160,2888.25,1768972499999,2542003.18550,8977,1167.09,1027138.31390,0
1768972500000,880.150,881.000,879.560,880.070,2646.87,1768973399999,2329751.26450,7764,1697.22,1493838.89390,0
1768973400000,880.070,884.100,880.060,883.950,8033.68,1768974299999,7091189.93610,13109,5328.66,4702688.28300,0
1768974300000,883.950,886.630,883.710,884.500,18215.83,1768975199999,16118523.54640,17237,8360.10,7399772.24630,0
1768975200000,884.500,885.300,883.360,884.550,4929.93,1768976099999,4359468.39150,12425,2642.21,2336441.32010,0
1768976100000,884.550,884.550,882.430,882.760,4375.97,1768976999999,3865510.63860,8714,1550.33,1369485.14970,0
1768977000000,882.760,882.760,880.340,880.630,4736.16,1768977899999,4173419.58010,9434,2154.67,1898409.00910,0
1768977900000,880.620,880.620,878.100,878.660,5782.77,1768978799999,5082743.48530,10927,1875.80,1648476.79010,0
1768978800000,878.670,880.000,877.490,878.020,5223.58,1768979699999,4589995.74260,10773,2386.34,2096881.37700,0
1768979700000,878.020,879.990,878.020,879.770,2732.13,1768980599999,2401697.97000,7217,1462.93,1285967.19620,0
1768980600000,879.770,879.780,875.410,876.470,5845.88,1768981499999,5127392.64690,11437,2323.92,2038160.24560,0
1768981500000,876.470,876.980,874.710,875.670,5657.96,1768982399999,4955342.44250,10955,2488.34,2179490.32660,0
1768982400000,875.660,875.690,872.570,872.580,19998.48,1768983299999,17487242.81400,20459,8603.28,7525138.54770,0
1768983300000,872.570,874.540,871.610,872.320,8692.97,1768984199999,7591019.11280,14123,3724.34,3252571.05710,0
1768984200000,872.310,873.370,870.000,871.630,9178.18,1768985099999,7998234.39370,15282,3914.86,3411910.37000,0
1768985100000,871.640,873.370,871.000,873.170,4529.09,1768985999999,3949957.32450,9686,2720.77,2373001.97510,0
1768986000000,873.160,874.540,873.050,874.060,4536.96,1768986899999,3964845.84050,9962,2343.32,2047779.12590,0
1768986900000,874.070,874.920,873.760,874.240,5549.78,1768987799999,4852221.75550,9038,2936.09,2567203.41180,0
1768987800000,874.240,875.740,873.400,875.040,5387.39,1768988699999,4713260.66990,9893,2562.46,2241899.75050,0
1768988700000,875.040,875.560,872.380,872.930,4770.05,1768989599999,4169060.31570,9783,1748.53,1528386.62670,0
1768989600000,872.940,875.390,872.460,875.300,3783.35,1768990499999,3308013.75600,9764,2073.30,1812645.24940,0
1768990500000,875.300,876.150,874.700,875.140,2396.67,1768991399999,2098381.82900,6650,1359.67,1190502.29450,0
1768991400000,875.130,876.360,874.230,875.560,2922.43,1768992299999,2557826.75700,7723,1613.88,1412589.71500,0
1768992300000,875.570,875.570,873.170,873.570,4475.54,1768993199999,3913191.33460,7352,1469.54,1284648.42210,0
1768993200000,873.570,873.900,872.830,873.550,3315.03,1768994099999,2895112.40880,8533,1729.79,1510633.88200,0
1768994100000,873.550,875.170,873.180,874.470,3457.31,1768994999999,3022638.69190,8756,1852.03,1619154.14330,0
1768995000000,874.480,874.910,873.380,874.150,2773.73,1768995899999,2424563.04260,6590,1196.55,1045916.75770,0
1768995900000,874.150,874.530,870.090,870.810,7155.66,1768996799999,6238121.74530,13504,2769.43,2414683.78120,0
1768996800000,870.810,871.090,864.500,866.290,18813.68,1768997699999,16330037.37020,30533,7892.95,6851380.33820,0
1768997700000,866.280,866.820,864.540,866.250,13304.22,1768998599999,11518963.83940,21618,8049.52,6969942.31100,0
1768998600000,866.240,869.850,866.010,869.850,6090.72,1768999499999,5288481.16740,12925,3889.82,3377123.55480,0
1768999500000,869.840,871.760,869.040,871.630,4575.01,1769000399999,3983490.76410,9811,2853.38,2484670.32560,0
1769000400000,871.630,875.250,871.320,874.930,7752.71,1769001299999,6773845.24560,16009,4296.91,3754358.46620,0
1769001300000,874.940,875.250,873.580,874.170,5255.98,1769002199999,4594959.18900,11522,2317.99,2026530.99290,0
1769002200000,874.170,876.290,871.850,872.710,6887.95,1769003099999,6022060.23840,14603,3124.59,2732601.87600,0
1769003100000,872.700,875.290,871.730,874.090,4927.82,1769003999999,4304143.65350,13039,2742.04,2395600.11200,0
1769004000000,874.080,881.360,873.410,880.560,15061.96,1769004899999,13222788.10490,31011,8278.20,7269004.21210,0
1769004900000,880.560,882.610,879.800,881.450,15261.97,1769005799999,13447884.58900,25859,7159.59,6309536.92580,0
1769005800000,881.470,884.670,880.950,882.540,13189.61,1769006699999,11644087.78950,30529,6067.79,5356677.76270,0
1769006700000,882.540,884.720,881.030,883.910,6953.02,1769007599999,6140356.80660,19971,2800.14,2472605.75470,0
1769007600000,883.900,888.400,883.640,888.230,19387.58,1769008499999,17178040.66590,27882,10824.62,9591828.78210,0
1769008500000,888.230,892.920,888.010,888.520,26459.37,1769009399999,23562898.37920,32503,11055.55,9845166.01870,0
1769009400000,888.530,889.750,886.320,889.580,9623.21,1769010299999,8547105.26410,19970,4298.15,3817971.12400,0
1769010300000,889.590,894.060,888.500,892.780,11057.00,1769011199999,9864292.73180,19487,5471.56,4881904.95860,0
1769011200000,892.780,893.040,887.700,887.880,7151.51,1769012099999,6365994.62770,18402,2896.26,2578234.28950,0
1769012100000,887.880,888.630,882.720,886.110,12765.80,1769012999999,11306613.02430,23493,4718.16,4178706.38700,0
1769013000000,886.110,886.110,869.160,869.600,36028.66,1769013899999,31573356.25340,43508,13118.26,11494588.42690,0
1769013900000,869.590,876.010,867.750,868.110,20212.25,1769014799999,17622048.92760,38371,9821.44,8563594.75190,0
1769014800000,868.110,874.540,867.220,867.780,14713.52,1769015699999,12825862.83380,34313,8114.99,7075912.32460,0
1769015700000,867.800,871.660,866.420,869.260,11076.19,1769016599999,9623916.81910,28794,5900.04,5126322.12200,0
1769016600000,869.250,872.820,865.860,870.050,10903.32,1769017499999,9470861.10400,28757,5768.65,5012043.36160,0
1769017500000,870.040,871.920,868.590,869.960,6620.88,1769018399999,5760168.93450,19890,2959.63,2575038.92030,0
1769018400000,869.960,872.450,867.600,870.680,7380.99,1769019299999,6416146.83390,19099,3473.59,3019740.74300,0
1769019300000,870.680,871.620,869.920,871.030,3136.59,1769020199999,2731027.82190,12939,1831.92,1595095.13680,0
1769020200000,871.030,871.900,869.540,870.770,6338.76,1769021099999,5516194.79740,13449,2241.91,1952248.00180,0
1769021100000,870.780,875.770,870.520,873.730,4104.25,1769021999999,3587187.21630,13757,2128.20,1859773.01030,0
1769022000000,873.740,875.450,871.480,872.660,4931.75,1769022899999,4307578.32260,13655,2009.36,1755177.44200,0
1769022900000,872.660,882.710,872.400,882.610,10696.42,1769023799999,9400133.84160,21476,6211.82,5457315.51360,0
1769023800000,882.610,887.680,881.380,887.180,19567.53,1769024699999,17320462.26720,35765,9837.30,8708054.40570,0
1769024700000,887.210,890.240,885.500,890.070,13424.21,1769025599999,11924816.65520,27920,6144.19,5458514.83510,0
1769025600000,890.080,890.420,885.330,886.510,11598.87,1769026499999,10289870.52440,25235,4853.88,4306059.88200,0
1769026500000,886.500,886.570,882.580,884.770,8507.82,1769027399999,7525975.79900,20421,4377.59,3872316.95250,0
1769027400000,884.760,886.610,883.690,885.240,4314.76,1769028299999,3821043.92820,15116,2474.80,2191731.16440,0
1769028300000,885.250,888.890,885.150,888.780,4843.24,1769029199999,4299632.45480,13110,3065.42,2721216.44730,0
1769029200000,888.780,890.250,887.480,888.690,3138.05,1769030099999,2789365.36380,11388,1668.91,1483638.06640,0
1769030100000,888.680,891.080,888.180,888.890,2964.43,1769030999999,2638481.01280,9685,1576.47,1403292.75340,0
1769031000000,888.880,890.900,888.880,890.880,2219.24,1769031899999,1975146.47050,7605,1115.20,992511.83240,0
1769031900000,890.870,891.060,888.500,889.680,4594.61,1769032799999,4086603.24820,7708,2195.39,1952345.46950,0
1769032800000,889.680,892.780,889.470,890.980,3657.43,1769033699999,3259538.17250,9589,1833.87,1634464.92660,0
1769033700000,890.970,891.020,887.990,888.380,5862.74,1769034599999,5215098.19010,9913,1639.62,1458512.39410,0
1769034600000,888.370,888.370,886.570,887.710,3011.86,1769035499999,2673679.51620,8002,1581.59,1403916.31060,0
1769035500000,887.700,888.960,887.160,887.940,1512.96,1769036399999,1343526.25000,5489,789.32,700923.40370,0
1769036400000,887.940,890.600,887.010,889.810,3736.17,1769037299999,3321206.43520,9605,1946.72,1730466.13870,0
1769037300000,889.810,890.070,886.360,887.930,4077.18,1769038199999,3621262.34040,9188,1716.12,1524608.49840,0
1769038200000,887.940,887.940,884.130,884.140,4604.35,1769039099999,4078870.51660,11620,1146.48,1015759.80490,0
1769039100000,884.130,885.430,882.570,883.680,5189.03,1769039999999,4585783.38810,11431,2280.89,2015591.58060,0
1769040000000,883.690,886.470,883.680,886.460,5436.73,1769040899999,4812185.19650,10801,3229.26,2858257.67550,0
1769040900000,886.470,889.590,886.020,889.540,5272.71,1769041799999,4680988.12060,9530,3543.01,3145472.11120,0
1769041800000,889.540,890.500,889.220,890.330,4523.10,1769042699999,4025279.35050,7910,2543.90,2263828.84920,0
1769042700000,890.330,890.920,889.110,889.480,3129.45,1769043599999,2785281.21920,6554,1392.60,1239684.38650,0
1769043600000,889.480,891.820,889.020,890.260,3864.01,1769044499999,3440303.13370,10402,1928.12,1716748.42080,0
1769044500000,890.250,892.540,889.950,891.760,3981.26,1769045399999,3548940.76880,9133,1990.45,1774065.13000,0
1769045400000,891.760,892.070,890.170,891.030,2329.65,1769046299999,2075802.36500,7651,1037.58,924488.35310,0
1769046300000,891.030,892.820,890.010,892.290,2766.12,1769047199999,2466059.20340,7582,1474.65,1314556.47750,0
1769047200000,892.300,892.930,891.710,892.800,3334.70,1769048099999,2975865.29350,8663,1691.03,1509025.49140,0
1769048100000,892.800,894.630,892.380,893.880,5939.16,1769048999999,5308500.02320,9812,3524.55,3150163.35530,0
1769049000000,893.880,893.890,891.250,892.660,2818.93,1769049899999,2515269.88360,7315,837.89,747582.76650,0
1769049900000,892.660,892.660,889.690,889.790,3328.28,1769050799999,2965236.52460,7208,1095.46,976026.31040,0
1769050800000,889.780,892.400,889.780,892.060,2435.59,1769051699999,2171280.00500,7141,1227.15,1093740.52230,0
1769051700000,892.060,892.880,890.430,891.780,2052.43,1769052599999,1830616.80000,6009,1008.34,899282.90540,0
1769052600000,891.780,891.780,889.030,890.990,3455.09,1769053499999,3075973.20030,9010,1262.37,1123728.89340,0
1769053500000,890.990,891.740,890.670,891.600,1513.68,1769054399999,1348910.44910,3776,903.07,804768.12730,0
1769054400000,891.590,893.380,891.440,892.220,2970.48,1769055299999,2650811.99720,6818,1600.66,1428264.45040,0
1769055300000,892.220,892.480,891.150,892.270,2081.35,1769056199999,1856240.57510,5264,936.26,835018.27610,0
1769056200000,892.260,893.250,891.830,893.120,3438.81,1769057099999,3069447.96120,5768,2033.59,1815116.37030,0
1769057100000,893.130,893.250,892.300,892.400,3178.67,1769057999999,2837709.84680,5466,1972.21,1760597.54610,0
1769058000000,892.410,893.300,892.050,893.140,1094.90,1769058899999,977486.45120,5429,563.98,503487.37850,0
1769058900000,893.140,893.150,891.580,891.650,1545.21,1769059799999,1378521.61560,4529,789.55,704339.65480,0
1769059800000,891.650,891.900,890.980,891.360,2316.46,1769060699999,2064853.75000,4551,1148.84,1024011.16330,0
1769060700000,891.360,891.800,890.230,891.490,1493.67,1769061599999,1330742.66780,4360,646.79,576243.71180,0
1769061600000,891.480,893.250,890.690,891.720,2503.26,1769062499999,2233315.81680,7067,1074.29,958251.24470,0
1769062500000,891.720,892.490,889.490,889.820,4467.59,1769063399999,3978656.97780,8023,1962.97,1748228.06300,0
1769063400000,889.820,891.540,889.690,891.070,1539.14,1769064299999,1371116.01380,5037,826.15,735879.24930,0
1769064300000,891.080,891.970,890.620,890.950,3340.31,1769065199999,2977113.45900,4605,1876.53,1672628.78230,0
1769065200000,890.950,891.270,889.070,889.070,2696.34,1769066099999,2400367.26410,6731,1032.88,919505.09000,0
1769066100000,889.070,889.330,887.890,888.670,3578.59,1769066999999,3179391.94930,8050,1563.27,1388928.52870,0
1769067000000,888.670,889.530,888.350,889.190,2136.91,1769067899999,1899559.27210,5154,1114.48,990710.62000,0
1769067900000,889.180,889.580,888.270,888.960,2003.67,1769068799999,1781363.89470,5063,1159.42,1030790.21150,0
1769068800000,888.960,890.850,888.960,889.370,2993.72,1769069699999,2664619.62630,8457,1209.00,1076123.66830,0
1769069700000,889.360,890.590,889.000,889.700,2293.54,1769070599999,2040752.41990,6855,1242.85,1105923.85050,0
1769070600000,889.690,890.950,889.040,890.170,2095.16,1769071499999,1864721.00590,5542,1119.86,996585.37590,0
1769071500000,890.170,892.680,889.980,892.270,6664.93,1769072399999,5942995.23590,6394,5592.21,4986446.17910,0
1769072400000,892.280,893.950,891.720,893.710,3328.51,1769073299999,2972227.31070,7906,1985.59,1773130.25110,0
1769073300000,893.710,894.000,892.110,892.200,2864.17,1769074199999,2557966.58370,6730,1151.24,1028335.85800,0
1769074200000,892.190,896.650,892.130,896.210,8342.83,1769075099999,7466108.80510,11770,5992.16,5362291.87860,0
1769075100000,896.200,896.720,895.390,895.840,3201.31,1769075999999,2867889.24860,7357,1710.12,1532009.31160,0
1769076000000,895.750,896.440,895.140,895.930,2449.29,1769076899999,2194048.54960,6557,1213.54,1087068.71620,0
1769076900000,895.930,896.840,895.270,896.730,3470.15,1769077799999,3109340.29150,8086,1796.09,1609439.08620,0
1769077800000,896.730,897.780,895.790,897.490,4484.78,1769078699999,4023073.26260,10247,2058.01,1846080.82870,0
1769078700000,897.490,897.600,896.300,896.600,2285.88,1769079599999,2050227.89240,5953,1175.22,1054007.64590,0
1769079600000,896.610,897.260,894.220,894.850,4484.74,1769080499999,4017037.75030,9470,1659.75,1486984.69220,0
1769080500000,894.850,894.850,892.850,893.500,4562.21,1769081399999,4077752.69960,10273,1835.88,1640938.62090,0
1769081400000,893.490,895.060,892.940,892.940,3820.20,1769082299999,3414904.99920,9542,1787.12,1597596.05730,0
1769082300000,892.950,893.970,892.520,893.160,2330.62,1769083199999,2081764.27560,5832,1084.57,968823.10890,0
1769083200000,893.160,894.230,892.570,893.840,2873.21,1769084099999,2567050.42420,7335,1300.67,1162198.25080,0
1769084100000,893.840,894.130,893.130,893.710,2606.13,1769084999999,2329008.74780,5909,1080.19,965386.93130,0
1769085000000,893.720,894.330,893.210,893.380,1692.27,1769085899999,1512361.35810,5705,838.07,748960.23480,0
1769085900000,893.390,893.450,892.290,892.880,2141.93,1769086799999,1912471.04140,4645,580.80,518604.71600,0
1769086800000,892.880,893.340,892.120,892.530,2552.45,1769087699999,2278454.34050,5853,1502.57,1341112.79010,0
1769087700000,892.520,894.280,892.520,894.270,2297.52,1769088599999,2052647.41520,5964,1271.49,1135969.46740,0
1769088600000,894.270,895.490,887.000,887.610,13515.28,1769089499999,12030361.47630,23450,5015.94,4466234.48300,0
1769089500000,887.610,889.100,886.560,888.560,5490.07,1769090399999,4875783.03220,11742,3288.02,2920599.54490,0
1769090400000,888.550,889.320,886.900,888.840,3976.73,1769091299999,3531752.93430,11432,2164.61,1922340.25150,0
1769091300000,888.840,888.840,884.710,885.970,5583.30,1769092199999,4947679.41410,11205,2273.53,2014358.12370,0
1769092200000,885.980,887.500,882.870,885.520,11365.10,1769093099999,10061521.37750,25066,6185.55,5477141.48170,0
1769093100000,885.530,885.720,881.510,883.460,8536.11,1769093999999,7539929.55600,20593,4414.99,3900092.62770,0
1769094000000,883.430,886.000,882.680,885.390,6327.77,1769094899999,5597176.80250,19698,3466.38,3066514.45240,0
1769094900000,885.400,886.930,878.520,879.490,11392.68,1769095799999,10044650.25730,24937,5061.18,4462986.31650,0
1769095800000,879.490,884.710,878.950,884.420,7485.81,1769096699999,6601651.73610,20056,3586.62,3162729.56870,0
1769096700000,884.420,887.520,883.090,883.320,8067.59,1769097599999,7141380.12680,16942,3772.22,3340033.93060,0
1769097600000,883.320,885.670,883.320,883.800,4703.79,1769098499999,4160739.30230,15361,2506.60,2217327.49360,0
1769098500000,883.790,886.580,882.190,885.290,5189.55,1769099399999,4590593.83950,14729,2671.87,2363581.06480,0
1769099400000,885.320,886.390,883.690,885.280,3670.50,1769100299999,3248954.36990,11750,1918.31,1698079.26600,0
1769100300000,885.290,888.260,884.860,885.590,4122.63,1769101199999,3655266.31940,11631,2281.36,2022438.78470,0
1769101200000,885.590,887.610,885.120,885.840,3411.35,1769102099999,3023895.55250,11987,1668.19,1478740.60970,0
1769102100000,885.850,886.910,884.000,884.740,2659.95,1769102999999,2355864.09590,9441,1259.33,1115312.08020,0
1769103000000,884.750,885.820,884.240,885.780,2214.33,1769103899999,1959986.21350,7444,1101.98,975343.10180,0
1769103900000,885.780,888.660,885.780,888.330,3036.00,1769104799999,2695052.91580,9922,1833.83,1627809.15680,0
1769104800000,888.330,888.330,886.170,886.600,3270.82,1769105699999,2901324.53020,9708,1618.51,1435621.45760,0
1769105700000,886.600,888.900,886.540,887.610,2867.96,1769106599999,2546673.61510,8999,1485.60,1319090.90790,0
1769106600000,887.620,888.910,887.010,887.240,1890.87,1769107499999,1678798.48430,7485,1091.45,968986.12010,0
1769107500000,887.250,887.490,884.210,884.590,2265.64,1769108399999,2006180.28890,8476,1033.05,914719.23520,0
1769108400000,884.580,886.220,883.270,885.790,2571.95,1769109299999,2275903.71200,9028,1493.04,1321249.00380,0
1769109300000,885.800,886.150,884.440,885.570,1676.52,1769110199999,1484411.43270,5899,966.45,855696.69400,0
1769110200000,885.580,889.130,885.580,888.680,2080.34,1769111099999,1847334.61510,7879,1435.76,1274886.25440,0
1769111100000,888.690,889.320,887.420,888.730,2091.11,1769111999999,1858200.02590,7039,1204.58,1070441.84970,0
1769112000000,888.730,889.200,887.580,889.190,2140.45,1769112899999,1901938.27240,7796,1054.85,937285.02550,0
1769112900000,889.200,889.840,887.090,887.800,4730.13,1769113799999,4202634.55930,8656,2214.78,1967492.02030,0
1769113800000,887.810,888.940,886.570,887.400,1890.60,1769114699999,1678232.22750,7230,894.42,793920.10470,0
1769114700000,887.400,888.300,887.280,887.800,1418.76,1769115599999,1259793.51110,5280,935.34,830538.63040,0
1769115600000,887.810,889.530,887.210,889.140,1891.26,1769116499999,1680236.96720,6893,1110.21,986286.69240,0
1769116500000,889.140,890.410,888.780,889.690,2094.59,1769117399999,1863889.97460,5610,1425.45,1268412.97530,0
1769117400000,889.700,889.990,888.420,888.430,1221.27,1769118299999,1086042.74610,4588,575.24,511631.66980,0
1769118300000,888.420,889.120,887.340,888.600,2264.21,1769119199999,2011012.04380,5535,822.20,730323.62760,0
1769119200000,888.590,892.500,887.590,890.410,5074.51,1769120099999,4518200.72790,9733,3307.23,2944986.46790,0
1769120100000,890.420,890.760,889.230,889.710,1913.51,1769120999999,1702948.82310,5516,1147.06,1020793.84950,0
1769121000000,889.720,889.740,887.550,887.720,3940.50,1769121899999,3502359.17320,7132,1516.70,1348062.74340,0
1769121900000,887.720,889.140,887.300,887.950,2939.32,1769122799999,2610224.88920,5550,1263.22,1121712.24090,0
1769122800000,887.950,887.960,885.740,887.150,2876.26,1769123699999,2549859.63720,8483,1313.56,1164446.51890,0
1769123700000,887.150,888.020,886.680,887.560,1430.33,1769124599999,1269114.83940,4746,787.85,699046.93260,0
1769124600000,887.560,888.470,886.910,887.390,1327.52,1769125499999,1178325.06630,4406,605.77,537684.19800,0
1769125500000,887.400,888.450,887.390,888.450,1341.11,1769126399999,1190951.35360,3828,726.59,645247.75660,0
1769126400000,888.450,890.130,888.000,890.130,5039.63,1769127299999,4478711.90210,8078,2291.44,2036927.14410,0
1769127300000,890.120,890.770,889.690,890.080,5287.20,1769128199999,4707248.97800,6274,1669.95,1486702.67270,0
1769128200000,890.080,890.120,888.730,889.330,1990.81,1769129099999,1771119.72820,5987,1151.37,1024328.18370,0
1769129100000,889.330,890.290,889.010,889.940,1349.51,1769129999999,1200857.46910,4815,683.03,607759.99860,0
1769130000000,889.940,890.960,889.300,889.640,2234.91,1769130899999,1989268.91440,7890,1234.17,1098544.21260,0
1769130900000,889.650,890.830,889.640,890.760,974.92,1769131799999,867959.44730,4963,630.21,561040.56000,0
1769131800000,890.770,891.790,890.570,891.400,2323.72,1769132699999,2071171.17700,7222,1391.95,1240644.14020,0
1769132700000,891.410,892.300,891.160,892.300,1850.85,1769133599999,1650605.84100,4395,1176.64,1049394.66030,0
1769133600000,892.300,892.670,890.610,891.540,3664.22,1769134499999,3267252.75600,8107,2269.41,2023801.29860,0
1769134500000,891.530,891.600,889.270,889.480,1638.11,1769135399999,1458376.32950,5952,460.22,409731.98370,0
1769135400000,889.480,890.520,889.360,889.640,2481.68,1769136299999,2208486.28900,6500,969.85,863158.08780,0
1769136300000,889.650,890.430,888.880,889.220,1436.26,1769137199999,1277506.45550,5214,559.10,497342.53730,0
1769137200000,889.230,891.000,889.130,890.820,1218.18,1769138099999,1084379.36320,5793,730.56,650318.23860,0
1769138100000,890.820,892.550,890.790,892.340,2143.76,1769138999999,1911825.02140,6310,1400.77,1249085.99610,0
1769139000000,892.350,892.530,891.080,891.650,1549.04,1769139899999,1381066.75510,5220,629.87,561545.32780,0
1769139900000,891.650,892.210,891.450,891.970,1643.00,1769140799999,1465194.69800,4624,1202.58,1072432.75990,0
1769140800000,891.980,893.380,891.430,893.300,3048.96,1769141699999,2720967.28420,7484,1935.85,1727764.47790,0
1769141700000,893.290,893.380,892.100,892.490,2490.61,1769142599999,2223250.13890,6666,1011.73,903092.98440,0
1769142600000,892.490,893.150,891.540,893.140,1800.31,1769143499999,1606677.35980,5407,785.33,700976.19820,0
1769143500000,893.150,893.820,892.480,892.480,1869.92,1769144399999,1670187.82460,5468,914.43,816889.70650,0
1769144400000,892.470,892.490,891.650,892.030,1575.51,1769145299999,1405354.65720,6149,534.62,476855.36290,0
1769145300000,892.030,892.040,889.750,890.880,3009.94,1769146199999,2681031.71530,6507,1178.75,1049960.70270,0
1769146200000,890.890,892.080,890.670,891.710,1486.10,1769147099999,1324720.26030,5241,722.71,644207.69950,0
1769147100000,891.710,891.880,890.730,891.700,1425.99,1769147999999,1271028.53640,5456,697.82,621993.50340,0
1769148000000,891.700,892.540,891.340,891.760,2181.70,1769148899999,1946150.97210,6435,1512.09,1348869.27870,0
1769148900000,891.760,893.300,889.500,890.440,3167.28,1769149799999,2823532.20070,8804,1261.60,1124968.94320,0
1769149800000,890.440,892.410,890.000,892.150,1753.87,1769150699999,1562720.99260,6102,900.39,802243.24940,0
1769150700000,892.150,892.570,890.620,890.760,1663.06,1769151599999,1482718.86620,6044,851.43,759119.10820,0
1769151600000,890.760,891.810,890.630,891.530,1959.12,1769152499999,1746250.79830,7081,875.42,780282.94100,0
1769152500000,891.530,892.780,891.390,892.150,1577.00,1769153399999,1407047.37540,4291,1015.17,905802.02320,0
1769153400000,892.150,892.620,891.710,892.270,1471.58,1769154299999,1313058.09510,4934,621.42,554468.67680,0
1769154300000,892.280,892.320,890.740,891.700,1527.86,1769155199999,1362302.51480,5557,646.77,576683.56790,0
1769155200000,891.710,892.170,891.220,891.760,1481.48,1769156099999,1321114.52190,6350,672.15,599336.83000,0
1769156100000,891.760,892.000,889.790,890.290,2181.30,1769156999999,1943329.00450,6996,809.22,721027.42370,0
1769157000000,890.290,891.330,889.260,890.460,4928.11,1769157899999,4387032.85760,10814,2341.66,2084727.53830,0
1769157900000,890.450,891.310,888.260,889.050,2671.22,1769158799999,2375490.34090,8055,1024.02,910721.13690,0
1769158800000,889.040,890.690,888.790,889.540,2228.07,1769159699999,1982546.97220,7138,1165.50,1037050.24960,0
1769159700000,889.530,889.980,888.080,889.210,3406.54,1769160599999,3028757.15690,8475,1401.53,1246111.80440,0
1769160600000,889.210,889.680,887.690,888.530,3140.60,1769161499999,2791251.00010,8556,1477.32,1313077.66780,0
1769161500000,888.530,888.980,887.020,887.850,4487.89,1769162399999,3984710.87540,8620,1797.59,1596220.02570,0
1769162400000,887.840,888.690,886.100,888.240,3955.35,1769163299999,3510507.86590,8855,2496.02,2215453.00640,0
1769163300000,888.250,889.490,887.840,888.930,2656.48,1769164199999,2361163.93600,6921,1652.99,1469251.58770,0
1769164200000,888.920,889.640,888.020,889.570,2319.29,1769165099999,2061391.31460,6984,1294.29,1150360.30060,0
1769165100000,889.570,889.980,888.820,889.080,1285.11,1769165999999,1142905.04820,4612,564.59,502083.01190,0
1769166000000,889.090,890.520,888.790,890.220,2333.02,1769166899999,2076115.55110,7656,1390.08,1237038.20580,0
1769166900000,890.230,890.300,889.390,889.540,1565.85,1769167799999,1393204.18010,4965,535.73,476676.67210,0
1769167800000,889.540,890.610,889.390,889.390,1925.78,1769168699999,1714060.73930,5252,742.46,660859.69270,0
1769168700000,889.390,889.670,887.500,887.890,2141.76,1769169599999,1903374.51960,5638,1030.32,915701.70750,0
1769169600000,887.880,888.500,887.760,887.850,2498.94,1769170499999,2219114.71610,6360,1178.88,1046872.21150,0
1769170500000,887.850,888.300,887.250,888.070,1519.08,1769171399999,1348613.52630,4361,631.08,560278.99470,0
1769171400000,888.080,888.090,886.930,887.880,2429.75,1769172299999,2156522.03000,5939,1098.30,974802.69620,0
1769172300000,887.880,888.830,887.730,887.900,1255.18,1769173199999,1114871.19880,4143,611.86,543482.09300,0
1769173200000,887.910,888.300,887.370,888.120,2074.91,1769174099999,1841906.74480,5782,804.34,714075.20680,0
1769174100000,888.120,888.300,887.360,887.370,1261.45,1769174999999,1120009.32900,4794,403.35,358108.66930,0
1769175000000,887.370,888.440,886.690,888.410,2177.99,1769175899999,1932553.27010,6154,1016.19,901820.69020,0
1769175900000,888.420,889.180,888.160,888.440,1665.45,1769176799999,1479988.40780,5711,833.29,740502.16140,0
1769176800000,888.450,890.500,887.490,890.490,5009.62,1769177699999,4455334.13410,9574,2529.48,2249754.80680,0
1769177700000,890.490,891.370,890.020,891.140,4443.58,1769178599999,3958058.16830,8773,2864.84,2551773.46760,0
1769178600000,891.140,891.540,883.470,885.910,17027.20,1769179499999,15096159.44590,31419,7514.49,6662105.70440,0
1769179500000,885.910,888.170,883.670,887.550,9916.48,1769180399999,8788021.57070,19781,5305.44,4701111.09370,0
1769180400000,887.560,888.520,885.720,886.190,4251.44,1769181299999,3772647.74000,15764,1962.12,1741218.29980,0
1769181300000,886.200,890.210,884.270,888.550,5128.85,1769182199999,4553371.98160,18470,3129.37,2778926.22780,0
1769182200000,888.540,890.530,888.120,889.390,5453.01,1769183099999,4848391.62240,13559,2279.87,2027339.62440,0
1769183100000,889.380,893.080,889.320,892.580,7921.63,1769183999999,7064110.04640,17218,4565.48,4071316.64930,0
1769184000000,892.580,896.020,892.450,895.240,11687.98,1769184899999,10453347.93270,22166,7384.86,6604044.89950,0
1769184900000,895.240,895.630,892.940,893.590,4821.59,1769185799999,4311809.08050,13496,2209.56,1976124.82400,0
1769185800000,893.590,899.200,892.470,898.260,11649.44,1769186699999,10450971.48240,22357,6680.19,5992792.46620,0
1769186700000,898.250,899.450,896.080,896.570,5471.73,1769187599999,4913070.44990,14495,2456.12,2205713.49150,0
1769187600000,896.560,896.720,894.880,896.710,4409.71,1769188499999,3950299.06270,13584,2563.99,2296937.71690,0
1769188500000,896.710,902.690,896.710,902.680,10701.96,1769189399999,9637396.22550,19978,7355.12,6624877.02930,0
1769189400000,902.680,905.780,901.310,901.730,17633.51,1769190299999,15927981.44820,28837,9946.09,8985761.80740,0
1769190300000,901.720,903.610,899.570,899.890,5298.57,1769191199999,4775310.83390,12600,2377.84,2143395.41580,0
1769191200000,899.890,903.690,899.000,901.520,11297.50,1769192099999,10184776.75560,19252,5994.04,5403641.12970,0
1769192100000,901.530,903.220,900.870,902.310,3222.91,1769192999999,2908120.41200,10277,1756.81,1585290.18680,0
1769193000000,902.310,903.570,900.800,900.810,3682.99,1769193899999,3321743.60650,11473,1719.27,1550885.98450,0
1769193900000,900.800,901.060,899.520,900.580,4448.41,1769194799999,4005435.44830,8586,2869.89,2584323.30760,0
1769194800000,900.590,900.740,898.350,899.010,4819.05,1769195699999,4334851.88760,12918,1889.82,1700013.94750,0
1769195700000,899.000,899.040,895.730,896.070,6647.62,1769196599999,5963951.42340,15522,3125.42,2803727.56940,0
1769196600000,896.070,896.070,891.000,894.380,9154.83,1769197499999,8176496.11930,19026,3976.05,3550583.68740,0
1769197500000,894.370,894.800,893.010,894.420,2680.69,1769198399999,2396734.83020,8540,1448.69,1295275.92360,0
1769198400000,894.440,895.670,893.400,895.160,2596.63,1769199299999,2322208.54610,10942,1615.83,1445184.45340,0
1769199300000,895.150,895.300,893.000,893.000,3196.08,1769200199999,2858840.14650,8817,1866.96,1670329.39600,0
1769200200000,893.000,893.010,889.090,890.870,7627.38,1769201099999,6791263.09100,17759,3472.92,3092324.12470,0
1769201100000,890.870,892.150,889.690,891.390,2787.53,1769201999999,2483278.54810,9495,1497.26,1333916.28010,0
1769202000000,891.380,893.170,890.960,892.410,1796.97,1769202899999,1603219.86280,7175,1072.94,957183.00370,0
1769202900000,892.410,892.900,891.100,892.080,1698.97,1769203799999,1515848.91910,5302,852.84,760954.12830,0
1769203800000,892.080,892.110,890.370,890.780,1243.52,1769204699999,1108442.73040,4961,563.16,502075.90570,0
1769204700000,890.780,891.390,890.330,890.440,1732.82,1769205599999,1543856.02250,5063,737.54,657146.65580,0
1769205600000,890.440,893.320,890.290,892.010,1894.81,1769206499999,1690132.17510,7125,1075.85,959624.61520,0
1769206500000,892.010,893.200,891.710,892.900,981.01,1769207399999,875524.75440,4133,581.33,518825.40510,0
1769207400000,892.910,893.820,892.530,892.760,1692.71,1769208299999,1511767.78350,4671,971.48,867625.40040,0
1769208300000,892.760,893.470,892.390,893.240,893.29,1769209199999,797706.98420,2466,469.30,419040.90370,0
1769209200000,893.240,893.240,891.540,891.950,1261.14,1769210099999,1125148.70530,4987,631.80,563624.43090,0
1769210100000,891.960,892.470,891.170,892.150,1468.72,1769210999999,1309980.03240,3760,853.51,761370.43060,0
1769211000000,892.150,892.470,891.440,891.680,1011.55,1769211899999,902170.72170,3429,375.43,334852.22020,0
1769211900000,891.680,892.570,890.970,892.100,1237.00,1769212799999,1103216.18910,3700,511.85,456497.07100,0
1769212800000,892.090,892.940,890.700,890.980,3186.61,1769213699999,2842351.60850,6425,1940.62,1731196.18090,0
1769213700000,890.970,891.590,890.550,890.790,3037.62,1769214599999,2706288.00360,4360,709.11,631848.66240,0
1769214600000,890.780,891.650,889.780,890.200,3544.35,1769215499999,3156469.84700,4989,975.78,869352.11500,0
1769215500000,890.190,890.770,890.050,890.330,1997.35,1769216399999,1778644.61700,3717,1185.83,1055952.29910,0
1769216400000,890.340,890.760,890.000,890.440,1731.93,1769217299999,1541930.78580,4871,824.57,734089.93460,0
1769217300000,890.440,891.240,889.820,891.150,2268.56,1769218199999,2020665.39200,4281,1529.52,1362405.26170,0
1769218200000,891.160,891.160,889.880,890.270,1711.47,1769219099999,1523949.63160,4069,670.29,596729.54350,0
1769219100000,890.270,890.920,889.880,890.800,944.92,1769219999999,841352.58600,3038,651.74,580328.18850,0
1769220000000,890.810,892.000,890.670,891.990,2425.45,1769220899999,2161747.23660,4294,1774.49,1581598.17470,0
1769220900000,892.000,892.940,891.950,892.570,1437.70,1769221799999,1283181.05400,3397,860.08,767606.29570,0
1769221800000,892.570,893.630,892.300,893.490,1832.12,1769222699999,1636151.00020,4257,1156.87,1033107.92770,0
1769222700000,893.500,893.800,892.790,893.120,2609.83,1769223599999,2330962.24470,3880,1670.24,1491700.55830,0
1769223600000,893.130,894.140,892.230,893.930,3735.78,1769224499999,3338010.47500,5999,2372.88,2120374.58200,0
1769224500000,893.930,894.680,893.170,894.670,1375.70,1769225399999,1229876.95750,4032,918.73,821412.41830,0
1769225400000,894.670,894.680,892.740,894.350,3501.79,1769226299999,3129495.01550,4717,853.87,763211.16050,0
1769226300000,894.350,894.360,893.000,893.360,1273.85,1769227199999,1138269.39650,3448,402.93,359982.14970,0
1769227200000,893.350,894.580,893.030,894.360,1004.67,1769228099999,898132.76250,3604,681.25,609000.88100,0
1769228100000,894.370,894.660,892.640,892.840,1698.12,1769228999999,1517350.24230,3892,645.69,577150.41770,0
1769229000000,892.840,893.400,892.830,893.280,905.38,1769229899999,808654.17770,2542,618.00,551978.08590,0
1769229900000,893.270,893.400,892.830,893.190,943.63,1769230799999,842831.38580,2434,250.71,223911.60940,0
1769230800000,893.190,894.150,893.040,893.500,2073.02,1769231699999,1852049.40360,4143,854.37,763337.58090,0
1769231700000,893.510,893.970,893.250,893.620,994.19,1769232599999,888435.49610,2599,494.55,441930.90080,0
1769232600000,893.630,893.860,893.080,893.350,856.81,1769233499999,765501.75360,2867,388.91,347452.74850,0
1769233500000,893.350,893.830,892.890,893.310,979.74,1769234399999,875110.14740,2610,463.01,413563.19410,0
1769234400000,893.320,893.870,892.950,893.800,1270.73,1769235299999,1135251.09560,3674,609.88,544849.60630,0
1769235300000,893.810,893.840,892.500,892.750,786.54,1769236199999,702399.96650,2365,234.66,209550.51240,0
1769236200000,892.750,893.540,892.750,893.470,809.36,1769237099999,722898.13830,2842,471.56,421167.80420,0
1769237100000,893.470,893.470,892.580,892.750,885.36,1769237999999,790621.00920,2444,230.39,205730.19120,0
1769238000000,892.750,892.930,892.380,892.520,1258.31,1769238899999,1123199.18110,4194,594.79,530920.57160,0
1769238900000,892.520,892.870,891.850,892.060,2126.58,1769239799999,1897457.13670,4096,769.76,686901.45240,0
1769239800000,892.070,892.660,892.030,892.650,401.52,1769240699999,358320.94510,1649,250.07,223171.41450,0
1769240700000,892.660,893.490,892.520,892.520,1431.77,1769241599999,1278638.03460,3182,804.20,718164.15670,0
1769241600000,892.520,892.590,891.790,891.840,1695.44,1769242499999,1512621.30460,3785,567.52,506314.00060,0
1769242500000,891.850,892.240,891.690,892.000,2030.97,1769243399999,1811476.22910,3116,1262.13,1125722.13250,0
1769243400000,892.010,892.590,891.930,892.380,795.44,1769244299999,709785.04070,2469,281.28,250972.25740,0
1769244300000,892.390,893.000,892.240,892.860,818.03,1769245199999,730178.73800,2384,350.90,313222.20030,0
1769245200000,892.860,892.920,892.190,892.870,1309.48,1769246099999,1168794.89590,3400,654.61,584277.44220,0
1769246100000,892.880,893.140,892.460,892.810,943.54,1769246999999,842390.09920,2673,434.84,388219.87270,0
1769247000000,892.810,892.970,892.470,892.710,774.82,1769247899999,691725.98850,2194,315.55,281713.28010,0
1769247900000,892.720,893.100,892.270,892.690,1241.60,1769248799999,1108266.40530,3151,597.26,533103.48090,0
1769248800000,892.690,893.130,892.600,893.080,1270.88,1769249699999,1134808.62500,3226,655.56,585364.74900,0
1769249700000,893.080,893.080,892.440,892.440,1063.02,1769250599999,948990.48770,2818,247.79,221208.57700,0
1769250600000,892.450,892.620,892.020,892.430,1533.30,1769251499999,1368177.22080,3553,598.11,533703.03120,0
1769251500000,892.430,892.740,892.430,892.590,483.83,1769252399999,431839.55230,1870,244.49,218215.70170,0
1769252400000,892.590,893.800,892.590,893.320,2639.31,1769253299999,2357303.41330,5631,1367.37,1221255.41200,0
1769253300000,893.330,894.460,893.320,894.080,2192.05,1769254199999,1959758.93050,3590,1412.80,1263075.41040,0
1769254200000,894.080,894.090,893.560,893.790,1264.84,1769255099999,1130454.08420,3178,442.46,395434.62940,0
1769255100000,893.800,893.800,893.000,893.110,901.01,1769255999999,805003.53980,2579,273.02,243926.96420,0
1769256000000,893.100,893.100,892.190,892.690,1658.65,1769256899999,1480592.00590,3734,565.50,504710.82720,0
1769256900000,892.690,892.920,892.580,892.710,794.27,1769257799999,709110.29360,1916,445.13,397398.81000,0
1769257800000,892.720,892.950,892.340,892.880,823.60,1769258699999,735216.13770,2384,309.93,276686.76160,0
1769258700000,892.890,893.100,892.660,892.700,723.06,1769259599999,645627.40080,1986,184.39,164636.56330,0
1769259600000,892.700,892.810,892.390,892.790,896.52,1769260499999,800271.05510,2656,338.75,302375.20430,0
1769260500000,892.800,892.800,892.360,892.590,607.47,1769261399999,542233.63460,2117,224.40,200300.85620,0
1769261400000,892.590,892.670,892.440,892.530,585.39,1769262299999,522484.73220,1879,326.04,290999.53600,0
1769262300000,892.540,892.810,891.220,891.230,2296.26,1769263199999,2049027.70200,3204,1353.14,1207606.59600,0
1769263200000,891.220,893.060,891.160,893.030,3358.63,1769264099999,2995801.59330,7602,1545.50,1378667.85920,0
1769264100000,893.030,893.030,891.800,892.140,1010.88,1769264999999,902170.80270,3232,405.09,361508.46120,0
1769265000000,892.150,893.270,892.140,893.150,1517.17,1769265899999,1354612.35540,2709,1039.09,927740.87220,0
1769265900000,893.150,893.160,892.020,892.100,1759.14,1769266799999,1570029.77130,2875,592.41,528692.72670,0
1769266800000,892.100,893.080,892.090,892.990,1114.65,1769267699999,995113.25610,4107,552.58,493299.26540,0
1769267700000,892.990,893.000,891.080,891.330,2971.92,1769268599999,2650169.10400,5167,972.10,866847.87420,0
1769268600000,891.330,892.010,890.140,890.150,5013.71,1769269499999,4468939.38410,6676,2323.83,2071613.82900,0
1769269500000,890.150,890.630,889.170,889.210,2966.48,1769270399999,2639573.27930,5569,1026.66,913607.10340,0
1769270400000,889.200,889.250,887.480,888.520,7433.31,1769271299999,6603123.36790,11800,2476.53,2199825.35610,0
1769271300000,888.520,888.530,886.910,888.140,2563.05,1769272199999,2275242.90020,5407,1043.94,926719.22360,0
1769272200000,888.140,888.140,886.930,887.300,1588.78,1769273099999,1410067.66200,3853,411.21,364917.93850,0
1769273100000,887.300,888.520,887.150,888.120,2705.84,1769273999999,2403396.23540,4508,1723.33,1530753.21360,0
1769274000000,888.130,888.970,887.840,888.900,1866.74,1769274899999,1658270.94230,4234,1271.48,1129539.51810,0
1769274900000,888.900,889.260,888.380,889.070,1326.39,1769275799999,1179187.44640,3332,653.42,580880.63230,0
1769275800000,889.080,890.090,889.030,889.710,1375.37,1769276699999,1223415.77850,3671,769.13,684126.16230,0
1769276700000,889.720,889.950,889.500,889.770,771.87,1769277599999,686704.08570,2843,258.50,229972.06630,0
1769277600000,889.770,889.810,889.240,889.540,734.67,1769278499999,653464.05590,2889,384.42,341928.18080,0
1769278500000,889.550,889.840,889.150,889.480,787.32,1769279399999,700243.43480,2260,369.98,329063.66250,0
1769279400000,889.480,890.840,889.310,889.690,2023.08,1769280299999,1800971.22230,4234,1058.31,942068.10370,0
1769280300000,889.690,889.780,889.220,889.360,478.33,1769281199999,425431.87690,1703,186.16,165576.30810,0
1769281200000,889.360,889.450,888.370,888.400,1533.94,1769282099999,1363475.90890,3549,303.31,269558.97060,0
1769282100000,888.400,888.650,888.360,888.640,599.12,1769282999999,532355.31470,2085,311.16,276483.85680,0
1769283000000,888.640,888.940,888.600,888.890,374.59,1769283899999,332933.55480,1933,208.29,185123.45680,0
1769283900000,888.900,889.040,888.500,888.580,714.08,1769284799999,634633.81850,2104,434.74,386361.91320,0
1769284800000,888.590,889.000,888.580,888.760,508.14,1769285699999,451655.71910,2877,240.46,213721.79160,0
1769285700000,888.770,889.310,888.760,888.950,408.88,1769286599999,363508.00740,2242,230.12,204581.79520,0
1769286600000,888.960,888.960,888.280,888.400,550.97,1769287499999,489535.81600,2285,145.91,129638.85250,0
1769287500000,888.400,888.410,887.860,888.270,1376.51,1769288399999,1222568.98230,2056,188.82,167683.23830,0
1769288400000,888.270,888.280,887.660,887.940,659.46,1769289299999,585579.00150,3489,328.18,291409.02150,0
1769289300000,887.950,888.410,887.840,888.400,533.07,1769290199999,473395.65500,2019,405.54,360149.99140,0
1769290200000,888.400,888.760,888.080,888.750,528.98,1769291099999,469932.89220,2190,338.50,300721.74280,0
1769291100000,888.760,889.000,888.480,888.990,427.81,1769291999999,380210.32680,2225,266.94,237252.81380,0
1769292000000,889.000,890.110,889.000,889.990,1616.63,1769292899999,1438170.69290,4718,1028.17,914656.84190,0
1769292900000,890.000,890.000,889.280,889.350,412.86,1769293799999,367275.69410,2077,146.60,130410.80820,0
1769293800000,889.360,889.360,888.590,888.590,635.36,1769294699999,564886.50380,2032,171.45,152437.84470,0
1769294700000,888.590,889.220,888.590,889.150,559.28,1769295599999,497207.10110,2162,251.31,223390.06960,0
1769295600000,889.160,889.470,888.000,888.320,1598.66,1769296499999,1420725.43510,5120,696.56,618989.97700,0
1769296500000,888.320,888.460,887.770,888.080,642.50,1769297399999,570566.90500,2736,327.78,291064.47420,0
1769297400000,888.080,888.300,887.680,887.690,732.11,1769298299999,650113.69320,2301,213.23,189358.38350,0
1769298300000,887.690,888.020,887.370,887.650,1053.30,1769299199999,935044.05390,2961,466.91,414491.90320,0
1769299200000,887.650,888.080,887.500,887.560,1621.85,1769300099999,1439742.88970,5162,751.25,666881.49800,0
1769300100000,887.570,887.570,886.000,886.400,3940.88,1769300999999,3494824.44990,7574,1594.99,1414188.05250,0
1769301000000,886.400,887.060,886.000,886.660,1541.23,1769301899999,1366341.83120,4583,802.01,710984.54880,0
1769301900000,886.660,887.140,886.400,886.430,1144.94,1769302799999,1015311.72110,3852,662.58,587542.80210,0
1769302800000,886.430,886.770,885.360,885.740,2452.01,1769303699999,2172298.65780,5031,867.66,768633.54690,0
1769303700000,885.750,885.990,885.130,885.520,1644.84,1769304599999,1456624.44710,4398,813.15,720124.67430,0
1769304600000,885.520,885.740,884.190,884.220,2676.64,1769305499999,2368496.84660,5432,727.94,644234.05580,0
1769305500000,884.220,885.160,884.220,885.110,1435.08,1769306399999,1269763.92470,4212,1026.40,908175.93930,0
1769306400000,885.120,885.620,884.200,884.760,2625.86,1769307299999,2323648.28850,5998,1073.26,949656.96460,0
1769307300000,884.750,884.760,884.020,884.140,1910.12,1769308199999,1689077.84620,3775,566.54,500998.29880,0
1769308200000,884.150,885.070,884.140,884.240,1233.54,1769309099999,1091100.22880,3631,764.02,675778.01800,0
1769309100000,884.230,885.000,884.230,884.410,1123.78,1769309999999,994200.83590,3050,686.42,607268.06430,0
1769310000000,884.420,884.950,884.420,884.580,1073.99,1769310899999,950200.91160,3941,569.48,503837.60930,0
1769310900000,884.580,884.590,882.420,882.770,5946.00,1769311799999,5253077.40880,7766,1356.10,1197686.33990,0
1769311800000,882.770,882.770,880.830,880.990,5849.36,1769312699999,5156847.15040,9663,1899.75,1674911.81340,0
1769312700000,880.990,881.910,880.350,881.630,2915.86,1769313599999,2568548.76060,6727,1417.55,1248904.40130,0
1769313600000,881.630,882.960,881.390,882.320,3143.54,1769314499999,2773998.54490,7933,1795.62,1584524.14290,0
1769314500000,882.310,883.340,882.180,883.170,2069.39,1769315399999,1826607.81790,4771,1331.77,1175587.78980,0
1769315400000,883.170,884.000,882.850,883.810,1315.02,1769316299999,1161851.10190,4070,704.51,622495.65340,0
1769316300000,883.800,884.080,882.770,882.770,2002.60,1769317199999,1769468.15610,4362,741.75,655468.52150,0
1769317200000,882.780,883.290,882.160,882.800,1870.57,1769318099999,1651237.35110,5066,811.52,716382.76590,0
1769318100000,882.800,882.870,882.070,882.640,1437.28,1769318999999,1268415.71000,3794,393.75,347442.01700,0
1769319000000,882.650,882.650,881.000,881.070,1292.37,1769319899999,1139320.77000,4607,480.11,423210.39380,0
1769319900000,881.070,882.710,881.070,882.690,1241.29,1769320799999,1094702.26040,3935,797.76,703568.94990,0
1769320800000,882.690,882.690,881.010,881.110,1572.41,1769321699999,1386338.49240,6202,736.73,649524.20020,0
1769321700000,881.100,881.760,880.170,881.430,1948.88,1769322599999,1717170.15170,5297,816.23,719175.74210,0
1769322600000,881.430,882.680,881.260,882.580,2192.36,1769323499999,1933227.46930,4781,1041.75,918712.02540,0
1769323500000,882.570,882.800,882.150,882.310,841.23,1769324399999,742393.28270,3217,428.70,378320.00250,0
1769324400000,882.310,882.320,880.400,880.470,1629.54,1769325299999,1436247.52890,4614,766.74,675691.97790,0
1769325300000,880.470,881.390,880.000,881.330,1818.53,1769326199999,1601302.41070,4894,961.82,847020.58940,0
1769326200000,881.340,881.720,880.810,881.290,1033.03,1769327099999,910406.89070,3447,345.73,304696.28650,0
1769327100000,881.290,881.300,879.760,880.000,1784.03,1769327999999,1570521.30530,3763,421.07,370688.36860,0
1769328000000,880.000,881.860,879.960,881.850,1834.09,1769328899999,1616054.05170,5276,967.53,852491.18430,0
1769328900000,881.850,882.500,880.810,880.990,2050.95,1769329799999,1808095.19420,5292,739.07,651606.88180,0
1769329800000,880.990,881.260,877.550,879.270,6423.57,1769330699999,5646831.50920,10916,2197.79,1932345.97440,0
1769330700000,879.270,879.280,877.540,878.860,2893.88,1769331599999,2543086.80500,6772,1477.48,1298386.10130,0
1769331600000,878.860,880.780,878.560,880.400,2160.55,1769332499999,1901208.90170,6757,1300.29,1144170.80080,0
1769332500000,880.400,880.640,879.490,880.640,2110.23,1769333399999,1857252.46760,2972,1074.74,946116.95110,0
1769333400000,880.630,882.230,880.480,882.190,2231.72,1769334299999,1966578.91810,4757,1482.64,1306540.84570,0
1769334300000,882.190,882.770,880.930,881.490,2147.66,1769335199999,1893401.66790,4642,1054.31,929479.58630,0
1769335200000,881.490,881.850,880.960,881.690,1886.01,1769336099999,1662452.60480,5401,908.66,800936.54680,0
1769336100000,881.690,883.700,881.410,883.550,2725.74,1769336999999,2405100.24380,6022,1691.26,1492499.34430,0
1769337000000,883.550,883.780,882.830,883.260,1720.25,1769337899999,1519663.39110,4618,743.52,656793.91400,0
1769337900000,883.250,883.290,882.150,882.560,1412.26,1769338799999,1246640.19500,3490,558.37,492837.72700,0
1769338800000,882.560,882.570,881.480,881.520,1135.61,1769339699999,1001369.02510,4215,418.71,369174.98300,0
1769339700000,881.520,883.300,881.520,883.160,1608.43,1769340599999,1419790.57100,3470,810.74,715567.00920,0
1769340600000,883.160,883.170,880.980,881.030,2684.57,1769341499999,2368028.53700,4560,488.01,430451.94190,0
1769341500000,881.020,881.250,880.130,880.930,1667.03,1769342399999,1468201.42690,4482,619.07,545237.02340,0
1769342400000,880.930,880.940,880.020,880.770,2073.26,1769343299999,1825610.54540,5514,986.04,868269.52290,0
1769343300000,880.770,881.520,879.760,880.650,3674.75,1769344199999,3236161.90810,6864,1910.88,1682937.34970,0
1769344200000,880.650,880.750,879.940,880.650,1705.57,1769345099999,1501468.11160,4405,912.82,803635.07040,0
1769345100000,880.650,881.440,880.550,881.430,1654.49,1769345999999,1457511.59040,4118,866.58,763434.80500,0
1769346000000,881.430,882.000,880.840,881.160,2199.52,1769346899999,1938614.16640,5809,1181.44,1041260.29540,0
1769346900000,881.160,881.300,879.560,879.560,1681.64,1769347799999,1480783.94720,4206,542.19,477494.83990,0
1769347800000,879.570,880.560,879.110,880.260,2000.69,1769348699999,1760283.11230,4852,1079.17,949566.66830,0
1769348700000,880.260,881.470,880.260,881.030,1636.75,1769349599999,1441994.79340,3755,851.61,750221.47310,0
1769349600000,881.030,881.330,880.270,880.610,2110.64,1769350499999,1859171.95190,5340,875.68,771355.33240,0
1769350500000,880.610,880.860,877.550,878.860,3682.64,1769351399999,3237036.18410,8469,1357.09,1192808.27130,0
1769351400000,878.860,879.350,877.750,878.640,1991.86,1769352299999,1750429.15680,6419,1013.75,890909.03510,0
1769352300000,878.640,879.390,877.020,879.130,3953.93,1769353199999,3471776.83540,7039,1542.99,1355048.33030,0
1769353200000,879.130,879.560,878.730,879.400,1895.18,1769354099999,1666324.90560,7237,1019.39,896236.99280,0
1769354100000,879.400,880.440,878.440,880.300,1656.85,1769354999999,1456991.27590,4928,811.56,713693.68820,0
1769355000000,880.290,880.290,878.790,878.930,1182.01,1769355899999,1039571.33120,3649,442.63,389270.86530,0
1769355900000,878.920,878.940,877.180,878.050,2035.71,1769356799999,1787263.69930,6087,893.20,784224.84140,0
1769356800000,878.050,878.110,872.100,872.970,22191.04,1769357699999,19409250.06080,32962,9105.67,7964601.51060,0
1769357700000,872.990,873.690,869.380,870.770,23935.15,1769358599999,20852363.80340,33930,10174.85,8866196.87080,0
1769358600000,870.780,872.040,868.120,869.930,8961.45,1769359499999,7795445.87120,16915,3690.55,3210605.37580,0
1769359500000,869.930,871.660,869.130,871.110,3482.94,1769360399999,3031969.67910,7917,2144.84,1867184.26800,0
1769360400000,871.110,871.710,868.020,868.180,3867.83,1769361299999,3364339.92890,10111,1565.30,1361759.88180,0
1769361300000,868.180,869.560,867.650,869.160,4122.01,1769362199999,3580122.65320,10078,2064.50,1793339.07600,0
1769362200000,869.170,871.220,868.270,871.160,3869.27,1769363099999,3364576.28610,8558,2249.01,1956025.56450,0
1769363100000,871.170,871.340,869.500,869.840,2238.01,1769363999999,1947807.09150,5897,1293.89,1126068.66470,0
1769364000000,869.840,870.370,865.000,868.260,7851.11,1769364899999,6809598.71140,15336,3532.41,3064252.71070,0
1769364900000,868.270,869.680,866.590,866.970,5069.73,1769365799999,4400444.97330,13636,2752.61,2389258.94910,0
1769365800000,866.970,867.580,862.130,863.820,13394.30,1769366699999,11582637.84050,21990,4991.80,4317259.56480,0
1769366700000,863.820,867.500,862.900,866.900,6312.99,1769367599999,5462033.53430,14609,3691.30,3194239.83700,0
1769367600000,866.910,867.980,864.620,864.680,6943.82,1769368499999,6015702.64230,10669,2671.34,2314439.03370,0
1769368500000,864.680,864.880,859.620,860.030,15195.39,1769369399999,13092974.00260,23918,6443.37,5552882.55960,0
1769369400000,860.020,863.480,859.160,862.630,10262.32,1769370299999,8833427.12740,19495,5734.19,4936807.92600,0
1769370300000,862.630,862.760,856.030,859.280,24132.83,1769371199999,20726088.92000,24130,7988.67,6858063.74850,0
1769371200000,859.280,861.900,858.760,859.220,7034.40,1769372099999,6050408.61180,17577,3780.53,3251651.77630,0
1769372100000,859.220,860.460,857.080,858.830,5618.89,1769372999999,4824684.16870,12575,2638.74,2266044.93950,0
1769373000000,858.820,859.170,856.140,858.360,5061.69,1769373899999,4340656.34900,13957,2752.88,2360822.08730,0
1769373900000,858.370,861.400,857.240,861.240,5650.62,1769374799999,4858327.76390,12409,3348.88,2879018.09940,0
1769374800000,861.250,864.930,860.860,864.130,7497.15,1769375699999,6470403.20920,16281,4227.61,3649304.93480,0
1769375700000,864.130,865.080,862.820,863.730,7759.88,1769376599999,6706663.59620,9700,5211.00,4504703.12500,0
1769376600000,863.740,863.970,860.300,862.560,6277.81,1769377499999,5407556.27180,9703,1905.41,1641632.39250,0
1769377500000,862.570,864.650,862.240,864.300,2495.18,1769378399999,2155470.70600,6974,1378.65,1191023.92330,0
1769378400000,864.300,864.490,861.600,862.660,3964.64,1769379299999,3421307.84780,8501,1532.35,1321601.37230,0
1769379300000,862.660,862.810,860.560,861.010,2609.22,1769380199999,2247690.38900,7030,1220.87,1051748.45950,0
1769380200000,861.020,863.940,860.200,863.100,4764.80,1769381099999,4108378.18410,9027,3131.15,2700041.36800,0
1769381100000,863.100,863.290,861.050,862.470,1912.62,1769381999999,1649117.44370,5551,854.49,736847.66050,0
1769382000000,862.480,864.400,859.690,863.950,5187.08,1769382899999,4474268.00150,15220,2297.73,1982459.30810,0
1769382900000,863.950,865.610,862.500,864.220,3207.73,1769383799999,2771910.71340,9478,1660.07,1434612.26060,0
1769383800000,864.230,865.130,862.720,864.240,2442.31,1769384699999,2109558.75450,7683,1185.26,1023978.92640,0
1769384700000,864.250,867.250,864.240,866.630,3499.41,1769385599999,3031121.92660,8711,2004.63,1736314.80080,0
1769385600000,866.640,869.380,865.450,868.720,5621.68,1769386499999,4878401.13090,14519,3163.06,2744751.22580,0
1769386500000,868.710,870.410,868.460,868.580,4695.69,1769387399999,4082393.52600,12345,2686.76,2336002.14290,0
1769387400000,868.570,868.580,866.560,866.860,3408.68,1769388299999,2957071.94500,8129,1845.85,1601291.31340,0
1769388300000,866.860,869.700,865.870,868.070,5399.65,1769389199999,4687618.30990,9530,1957.47,1699372.32380,0
1769389200000,868.070,873.990,867.980,872.280,8832.73,1769390099999,7700158.71340,17395,4412.47,3846045.18400,0
1769390100000,872.280,875.070,871.950,873.470,7184.81,1769390999999,6275398.07960,14954,3461.09,3024075.44110,0
1769391000000,873.470,875.000,873.030,874.090,3918.61,1769391899999,3425009.77330,10712,2105.17,1840187.06400,0
1769391900000,874.080,876.520,873.350,874.590,7502.62,1769392799999,6564481.66930,13593,3959.44,3465199.87450,0
1769392800000,874.590,874.960,870.970,871.160,5382.66,1769393699999,4695887.43290,12304,1821.09,1588901.01290,0
1769393700000,871.150,874.930,871.070,874.560,3959.92,1769394599999,3459231.62410,9141,2293.81,2003548.59900,0
1769394600000,874.560,875.500,872.040,872.050,5541.80,1769395499999,4843515.08640,10885,2769.77,2421486.84240,0
1769395500000,872.050,873.030,871.700,872.230,2075.62,1769396399999,1810403.92240,6410,753.93,657603.96650,0
1769396400000,872.220,873.360,871.910,872.560,1692.48,1769397299999,1476894.41360,6635,805.81,703129.41170,0
1769397300000,872.550,872.740,870.540,870.610,2398.28,1769398199999,2089974.70310,7211,612.14,533538.06210,0
1769398200000,870.600,871.000,868.240,868.840,6232.34,1769399099999,5417901.73510,8816,1632.53,1418953.23990,0
1769399100000,868.840,869.090,867.360,868.700,3176.87,1769399999999,2758392.60370,6964,1538.63,1335849.36400,0
1769400000000,868.700,870.450,868.490,870.130,4330.29,1769400899999,3765080.64440,7429,3443.75,2994171.60480,0
1769400900000,870.140,873.980,869.930,873.840,3838.46,1769401799999,3347853.67430,8976,2267.08,1977767.11060,0
1769401800000,873.830,874.310,872.280,872.280,2729.42,1769402699999,2384363.75890,6917,1245.45,1088254.48280,0
1769402700000,872.270,873.360,872.160,872.710,1668.03,1769403599999,1455517.64980,4863,690.44,602503.47530,0
1769403600000,872.710,873.120,872.000,872.000,1334.63,1769404499999,1164429.95330,5016,641.94,560125.58550,0
1769404500000,872.010,872.980,872.000,872.870,1723.28,1769405399999,1503400.83150,4351,1155.33,1007891.50300,0
1769405400000,872.870,873.290,871.690,872.320,1779.99,1769406299999,1552800.97440,5637,678.84,592176.09830,0
1769406300000,872.310,873.330,871.960,872.460,1346.11,1769407199999,1174901.02700,4853,705.74,616004.70540,0
1769407200000,872.460,872.590,870.640,870.650,2168.33,1769408099999,1890142.21500,6963,657.40,573041.87830,0
1769408100000,870.640,873.260,870.640,872.990,1762.19,1769408999999,1536883.78930,6635,1053.00,918459.49490,0
1769409000000,872.980,873.380,872.480,873.330,1292.32,1769409899999,1128143.98660,4879,677.79,591708.66120,0
1769409900000,873.330,874.240,872.910,873.400,1903.70,1769410799999,1662941.58910,5792,1041.40,909779.71400,0
1769410800000,873.400,873.950,872.710,873.770,1906.99,1769411699999,1665458.43540,6164,764.92,668030.26900,0
1769411700000,873.770,874.870,873.000,873.010,3440.33,1769412599999,3006065.87100,7206,1439.54,1258069.72560,0
1769412600000,873.000,874.040,871.750,873.450,1718.58,1769413499999,1500197.53280,5900,761.37,664726.59470,0
1769413500000,873.460,875.310,873.320,875.080,1907.63,1769414399999,1668292.36260,5269,1153.88,1009200.71970,0
1769414400000,875.090,876.030,874.430,874.430,5256.55,1769415299999,4600843.62550,8999,2407.15,2107063.94950,0
1769415300000,874.430,878.500,873.480,876.030,11649.64,1769416199999,10209749.14510,14043,5005.19,4386591.22410,0
1769416200000,876.020,876.450,873.800,874.150,2646.77,1769417099999,2316252.52800,5966,844.28,738902.37940,0
1769417100000,874.150,874.540,873.520,873.940,1609.37,1769417999999,1406494.81240,4601,655.33,572752.92750,0
1769418000000,873.930,874.040,871.330,871.370,4489.92,1769418899999,3916847.78370,8796,1539.00,1342584.91490,0
1769418900000,871.360,872.100,870.740,871.650,2977.65,1769419799999,2594917.57610,6793,1521.79,1326235.19500,0
1769419800000,871.650,871.870,870.150,871.150,3341.27,1769420699999,2909483.77380,6133,1603.02,1395787.66580,0
1769420700000,871.150,871.520,869.780,870.650,2399.58,1769421599999,2088726.70170,5405,864.07,752195.53020,0
1769421600000,870.660,873.400,870.650,872.850,2491.03,1769422499999,2173111.48410,6638,1178.90,1028245.85450,0
1769422500000,872.850,873.160,872.160,873.040,1448.00,1769423399999,1263714.32900,3902,690.61,602713.19140,0
1769423400000,873.050,873.360,872.590,873.020,865.15,1769424299999,755341.68610,3135,339.71,296571.62330,0
1769424300000,873.020,873.360,872.580,872.840,943.87,1769425199999,823909.18630,3242,343.64,299978.94720,0
1769425200000,872.840,873.620,872.830,873.400,1373.33,1769426099999,1199482.55180,4309,672.06,586969.86550,0
1769426100000,873.400,873.410,872.050,872.060,1244.91,1769426999999,1086664.94340,4060,343.47,299778.35110,0
1769427000000,872.060,873.230,871.810,872.900,2566.59,1769427899999,2239538.89070,4974,1673.14,1459954.48150,0
1769427900000,872.900,873.750,872.870,873.510,872.61,1769428799999,762101.47090,3681,451.91,394655.80160,0
1769428800000,873.510,874.810,873.230,874.150,1901.86,1769429699999,1662325.02410,6578,798.07,697571.17330,0
1769429700000,874.150,876.000,873.990,874.000,5608.87,1769430599999,4908147.64630,7457,4018.63,3517057.46470,0
1769430600000,874.000,874.030,872.390,872.490,2284.76,1769431499999,1994640.60520,4977,736.49,642935.74620,0
1769431500000,872.480,873.120,872.120,873.120,1187.38,1769432399999,1035935.46920,3204,639.20,557695.68140,0
1769432400000,873.120,874.000,872.590,873.540,1523.61,1769433299999,1330406.30200,6365,628.77,549057.62810,0
1769433300000,873.540,874.330,873.050,873.540,1186.52,1769434199999,1036806.96220,4838,452.34,395261.23910,0
1769434200000,873.540,874.460,873.000,874.280,1620.00,1769435099999,1415571.97690,5794,855.29,747327.81850,0
1769435100000,874.270,875.150,873.600,874.910,2159.06,1769435999999,1888003.62590,4934,1290.11,1128325.89880,0
1769436000000,874.910,875.250,871.200,871.870,5347.40,1769436899999,4668085.85210,12051,1588.55,1386725.96210,0
1769436900000,871.870,873.000,871.140,871.420,2526.14,1769437799999,2202651.30720,8018,1201.70,1047868.96690,0
1769437800000,871.420,877.140,870.010,874.640,15844.69,1769438699999,13850105.54350,31128,8511.28,7442354.44740,0
1769438700000,874.640,875.660,872.430,874.780,4963.74,1769439599999,4339110.99570,16861,2506.17,2190940.36970,0
1769439600000,874.780,878.560,872.340,878.200,9096.90,1769440499999,7966712.00790,22972,4871.91,4266900.95640,0
1769440500000,878.160,878.880,875.250,875.700,7574.80,1769441399999,6644703.70540,18645,3488.03,3060281.61670,0
1769441400000,875.700,875.770,870.350,870.840,8074.22,1769442299999,7045523.95570,20694,4155.40,3626337.19860,0
1769442300000,870.840,873.360,870.020,872.520,5917.21,1769443199999,5159453.53900,14648,3488.20,3041586.12080,0
1769443200000,872.530,874.480,871.010,872.250,4464.17,1769444099999,3895477.33270,15151,2268.49,1979814.89480,0
1769444100000,872.260,874.730,870.310,872.980,4622.71,1769444999999,4032878.73630,15336,2290.39,1998467.46340,0
1769445000000,872.980,874.540,871.910,872.350,3180.88,1769445899999,2777559.55040,11669,1405.23,1227158.94000,0
1769445900000,872.340,875.740,871.920,873.530,4266.23,1769446799999,3730084.10170,12594,2422.97,2118454.03270,0
1769446800000,873.520,875.170,872.400,872.460,2870.97,1769447699999,2507806.08580,9965,1387.27,1211806.06650,0
1769447700000,872.460,873.790,870.900,871.170,8929.73,1769448599999,7784346.10290,11454,4840.14,4219094.90930,0
1769448600000,871.170,873.000,869.000,872.530,5068.15,1769449499999,4412740.50780,12549,2287.38,1991910.93030,0
1769449500000,872.530,875.370,872.380,874.500,3961.10,1769450399999,3462586.58590,8787,2492.08,2178145.76900,0
1769450400000,874.510,875.770,874.080,875.770,2157.19,1769451299999,1887285.42700,8393,1102.49,964609.65720,0
1769451300000,875.770,877.580,874.840,877.420,5290.33,1769452199999,4636299.21810,11452,2557.98,2241925.75840,0
1769452200000,877.430,879.740,876.670,876.990,7836.21,1769453099999,6883694.36230,14615,3826.80,3362305.75540,0
1769453100000,877.000,878.760,876.670,878.530,6852.75,1769453999999,6017355.34610,7816,3998.05,3510718.21730,0
1769454000000,878.530,879.280,876.810,877.130,3006.68,1769454899999,2640004.05220,8921,1336.38,1173569.97350,0
1769454900000,877.130,877.450,875.740,876.140,1683.19,1769455799999,1475161.94390,5929,624.36,547208.80170,0
1769455800000,876.140,877.120,875.730,876.690,1396.41,1769456699999,1223805.60410,5198,663.53,581544.17660,0
1769456700000,876.690,876.950,874.510,874.850,2435.92,1769457599999,2132381.37800,5796,740.14,648055.33400,0
1769457600000,874.850,875.940,874.330,874.650,3195.59,1769458499999,2796407.82810,8038,1504.47,1316582.19790,0
1769458500000,874.660,875.650,873.730,874.550,1651.46,1769459399999,1444245.39270,5797,795.38,695602.12180,0
1769459400000,874.550,874.850,873.750,874.150,1049.66,1769460299999,917672.44510,4548,515.01,450231.54010,0
1769460300000,874.150,874.410,872.140,873.350,3402.70,1769461199999,2970779.38850,6668,1303.95,1138289.01400,0
1769461200000,873.360,874.910,872.720,874.840,1304.98,1769462099999,1140074.95910,5538,740.05,646543.73870,0
1769462100000,874.840,875.780,874.310,875.770,849.54,1769462999999,743357.66020,3896,434.24,379955.82680,0
1769463000000,875.770,879.380,875.260,877.670,6352.38,1769463899999,5575191.77110,10755,4036.63,3542778.49660,0
1769463900000,877.670,878.050,876.740,877.140,2004.21,1769464799999,1758572.95670,5274,905.83,794804.44780,0
1769464800000,877.130,878.680,877.090,877.550,2972.99,1769465699999,2609992.85830,6953,1793.87,1574659.69690,0
1769465700000,877.550,877.900,876.690,877.050,1033.53,1769466599999,906609.46400,3811,405.98,356160.10900,0
1769466600000,877.040,879.450,876.700,878.660,3273.03,1769467499999,2875923.35170,6268,2141.57,1881525.09870,0
1769467500000,878.670,879.330,878.190,878.490,1249.53,1769468399999,1097957.19410,3970,591.37,519652.53160,0
1769468400000,878.490,878.890,877.160,878.570,2642.01,1769469299999,2319412.11830,6541,1575.35,1382712.95410,0
1769469300000,878.580,879.650,877.950,879.600,1325.80,1769470199999,1165106.82900,4983,629.81,553502.64990,0
1769470200000,879.610,882.000,879.610,880.670,6217.12,1769471099999,5477856.60050,10285,4708.01,4148185.20140,0
1769471100000,880.680,881.280,879.750,879.940,2137.37,1769471999999,1881742.34210,5028,846.21,745073.10480,0
1769472000000,879.940,880.170,878.420,878.700,3974.03,1769472899999,3494180.96450,9796,1744.32,1533724.96840,0
1769472900000,878.700,878.880,877.980,877.980,1968.46,1769473799999,1729176.74230,5126,888.88,780857.02570,0
1769473800000,877.980,878.120,877.110,877.550,1960.73,1769474699999,1720764.66420,4798,806.70,707937.39720,0
1769474700000,877.560,878.180,877.000,878.170,1435.13,1769475599999,1259380.83030,4417,713.82,626470.34420,0
1769475600000,878.170,878.170,876.690,877.400,1987.07,1769476499999,1742888.43200,5166,670.97,588517.13470,0
1769476500000,877.400,880.160,877.180,879.880,2570.99,1769477399999,2259166.97750,6467,1536.97,1350400.76120,0
1769477400000,879.880,881.810,879.330,881.550,3565.21,1769478299999,3140082.22590,7845,2139.24,1884145.06210,0
1769478300000,881.550,882.150,881.030,881.670,2820.04,1769479199999,2486425.63190,5693,1933.00,1704462.72740,0
1769479200000,881.680,883.000,881.600,882.950,4079.93,1769480099999,3600165.46130,8138,2117.57,1868743.48400,0
1769480100000,882.960,883.660,882.770,883.320,4688.40,1769480999999,4140573.54890,7518,2556.78,2258080.62720,0
1769481000000,883.330,885.560,883.330,884.060,6096.12,1769481899999,5391730.66150,9708,3717.74,3288083.33080,0
1769481900000,884.070,885.740,884.060,885.380,4006.68,1769482799999,3546404.68790,7332,2327.11,2059751.97300,0
1769482800000,885.390,885.930,884.510,885.100,4412.41,1769483699999,3906355.50130,9752,2118.86,1875954.38040,0
1769483700000,885.090,886.280,884.730,885.750,2395.99,1769484599999,2121534.25960,6092,1014.80,898611.56010,0
1769484600000,885.750,886.390,885.350,885.960,2365.59,1769485499999,2095815.98990,5489,1167.04,1034055.35060,0
1769485500000,885.960,885.960,884.580,885.170,1629.21,1769486399999,1442077.03470,6024,667.30,590689.55120,0
1769486400000,885.180,888.550,884.650,887.440,6374.66,1769487299999,5654045.18090,12697,4176.71,3705372.32140,0
1769487300000,887.440,888.450,886.760,887.470,4713.87,1769488199999,4183957.37420,8178,2824.11,2506684.74490,0
1769488200000,887.470,887.810,886.280,886.280,1819.99,1769489099999,1614537.39290,5858,868.65,770679.15920,0
1769489100000,886.280,886.930,885.240,885.710,3764.97,1769489999999,3336633.63230,7298,1675.64,1485177.53320,0
1769490000000,885.720,886.000,884.430,884.790,2137.65,1769490899999,1892324.17320,5988,866.50,767029.94090,0
1769490900000,884.790,884.860,882.630,884.400,4039.51,1769491799999,3569921.48710,7094,1916.32,1693616.39480,0
1769491800000,884.410,885.250,884.400,885.000,1424.33,1769492699999,1260454.41120,4373,818.14,723979.60350,0
1769492700000,885.010,885.430,884.530,885.100,1143.62,1769493599999,1012021.75020,3686,724.47,641092.65580,0
1769493600000,885.100,885.860,884.880,885.480,1601.88,1769494499999,1418169.43660,6167,883.93,782582.92710,0
1769494500000,885.470,885.480,884.090,884.270,1267.37,1769495399999,1121390.98930,4510,478.49,423410.28670,0
1769495400000,884.270,884.270,883.030,883.340,3068.48,1769496299999,2711057.42930,7144,1481.89,1309242.55650,0
1769496300000,883.340,883.760,882.810,883.760,1830.42,1769497199999,1616689.86270,4700,1043.33,921545.79160,0
1769497200000,883.760,885.020,883.520,884.940,2242.49,1769498099999,1983105.02640,6020,1060.48,938070.81940,0
1769498100000,884.940,885.500,884.430,885.430,2698.51,1769498999999,2388191.73430,5091,1521.35,1346412.09420,0
1769499000000,885.430,886.090,885.270,885.280,1322.75,1769499899999,1171712.30020,4660,665.33,589350.35160,0
1769499900000,885.270,885.290,883.810,884.010,1964.49,1769500799999,1737241.78960,5007,865.19,765065.34220,0
1769500800000,884.010,884.800,883.740,884.040,1762.70,1769501699999,1558764.43920,5894,1021.19,903084.74480,0
1769501700000,884.040,885.260,884.030,884.630,3003.36,1769502599999,2657216.49840,6050,1752.49,1550487.53810,0
1769502600000,884.620,885.360,884.150,884.700,2844.01,1769503499999,2516215.54430,6417,1786.77,1580807.41420,0
1769503500000,884.690,885.640,884.340,884.990,1518.93,1769504399999,1344257.69320,4537,661.03,585077.60030,0
1769504400000,884.980,884.980,882.570,883.130,2819.94,1769505299999,2491523.52150,7312,783.83,692645.05780,0
1769505300000,883.140,883.710,882.560,883.330,2889.44,1769506199999,2551932.27290,5908,1574.00,1390216.78440,0
1769506200000,883.330,884.310,883.320,883.540,3064.25,1769507099999,2708372.90940,7005,1973.68,1744471.05500,0
1769507100000,883.550,883.590,881.850,881.860,2426.20,1769507999999,2141568.18660,6279,726.30,641193.88540,0
1769508000000,881.850,882.360,880.370,880.370,4342.23,1769508899999,3827100.83050,8443,1460.89,1287727.76310,0
1769508900000,880.370,880.890,879.540,880.290,4168.40,1769509799999,3669241.69370,6754,1802.17,1586507.22100,0
1769509800000,880.300,880.300,878.430,878.540,3276.22,1769510699999,2880540.49500,5916,1379.26,1212604.68390,0
1769510700000,878.540,878.730,877.450,877.800,4893.75,1769511599999,4297053.53930,7204,1690.86,1484777.58520,0
1769511600000,877.800,878.640,877.230,878.580,3419.74,1769512499999,3002232.03630,7306,2584.23,2268731.51700,0
1769512500000,878.570,879.450,878.440,878.590,2199.76,1769513399999,1933189.93140,4979,1276.84,1122165.37070,0
1769513400000,878.590,880.720,878.590,880.690,2942.84,1769514299999,2588995.13250,6363,2049.54,1803096.05750,0
1769514300000,880.690,880.870,880.240,880.800,3075.34,1769515199999,2707875.89030,4053,1507.35,1327231.90740,0
1769515200000,880.790,881.760,880.710,881.490,1809.38,1769516099999,1594620.18330,5204,1209.17,1065585.17970,0
1769516100000,881.500,882.140,881.340,881.810,2500.32,1769516999999,2204451.63770,5123,1566.24,1380908.34280,0
1769517000000,881.820,882.420,881.330,881.400,2310.98,1769517899999,2038017.94500,4745,1160.53,1023509.27430,0
1769517900000,881.400,881.510,880.880,881.220,1610.58,1769518799999,1419247.63850,3193,663.94,585079.41100,0
1769518800000,881.210,881.350,880.140,880.470,2505.14,1769519699999,2206059.86590,4712,860.70,757933.24020,0
1769519700000,880.470,880.930,879.790,880.610,2905.13,1769520599999,2557360.30960,4878,1319.35,1161567.37700,0
1769520600000,880.600,883.670,880.230,883.210,4421.83,1769521499999,3903298.35820,7588,2440.71,2154022.91550,0
1769521500000,883.200,883.640,881.710,882.730,3290.71,1769522399999,2904924.46210,6245,1632.26,1441059.34570,0
1769522400000,882.740,884.340,882.110,883.370,5701.44,1769523299999,5035575.76800,10760,2877.17,2540757.29430,0
1769523300000,883.370,885.600,883.340,884.750,6791.30,1769524199999,6007672.07760,11785,4252.42,3761482.11470,0
1769524200000,884.760,885.920,881.120,881.120,6975.49,1769525099999,6161800.70400,18717,3095.87,2735915.88360,0
1769525100000,881.130,883.530,881.100,882.280,4006.64,1769525999999,3534438.36050,11975,2232.96,1969798.92960,0
1769526000000,882.290,886.690,881.520,886.090,7929.28,1769526899999,7015808.96510,16923,4306.00,3809215.96290,0
1769526900000,886.090,886.090,882.840,882.940,4270.96,1769527799999,3777638.10800,10632,1697.40,1501309.44300,0
1769527800000,882.930,884.410,882.650,884.130,3474.48,1769528699999,3070335.39240,8723,2264.32,2001027.89270,0
1769528700000,884.130,886.450,884.130,886.190,3090.56,1769529599999,2736523.14940,9110,1964.62,1739604.72330,0
1769529600000,886.190,893.580,886.190,892.460,22667.44,1769530499999,20184275.74080,34302,14117.17,12567679.82860,0
1769530500000,892.470,894.310,891.750,892.520,14096.25,1769531399999,12588843.80720,20067,8388.11,7492058.89650,0
1769531400000,892.520,897.380,892.520,896.930,12681.29,1769532299999,11358690.72800,20576,8183.51,7330031.74150,0
1769532300000,896.930,897.080,894.510,895.610,4724.38,1769533199999,4231543.59640,11311,2301.32,2061194.80840,0
1769533200000,895.600,898.440,892.650,892.960,15560.34,1769534099999,13940795.41370,24538,8070.11,7232823.18220,0
1769534100000,892.970,893.050,887.000,890.020,15971.83,1769534999999,14199859.75140,27167,7630.56,6783769.60460,0
1769535000000,890.010,890.880,885.720,885.910,6981.92,1769535899999,6198413.88190,16840,2750.65,2441907.57720,0
1769535900000,885.900,887.920,885.200,887.710,5397.22,1769536799999,4785252.75030,12946,2936.59,2604091.08350,0
1769536800000,887.710,891.000,886.840,890.530,5319.80,1769537699999,4732788.14260,15074,2877.59,2559918.68710,0
1769537700000,890.550,891.710,890.200,891.350,3332.61,1769538599999,2969479.37100,10516,1767.23,1574651.94770,0
1769538600000,891.360,892.330,889.640,890.840,2592.81,1769539499999,2309308.09410,8741,1099.27,979167.28150,0
1769539500000,890.840,895.340,890.610,893.020,6664.20,1769540399999,5954027.91720,14316,3824.24,3416725.55580,0
1769540400000,893.020,893.120,890.360,891.530,4202.50,1769541299999,3746949.42060,11566,1582.89,1411236.85840,0
1769541300000,891.540,892.630,891.330,892.480,1711.82,1769542199999,1527152.68530,6036,885.67,790175.80590,0
1769542200000,892.480,894.180,891.210,893.930,2079.25,1769543099999,1855592.75930,7378,1091.86,974463.64050,0
1769543100000,893.940,893.950,892.040,892.510,1775.69,1769543999999,1585721.28880,6144,740.02,660894.72180,0
1769544000000,892.510,894.960,892.110,894.710,3816.87,1769544899999,3411935.31190,10320,1969.33,1760494.18240,0
1769544900000,894.700,898.120,894.330,897.680,6864.99,1769545799999,6155791.97810,14288,3775.14,3384904.03150,0
1769545800000,897.680,897.700,895.230,895.390,3187.76,1769546699999,2857460.39050,9420,1201.90,1077362.93790,0
1769546700000,895.390,899.570,895.390,899.120,7056.92,1769547599999,6339552.48760,15985,4200.59,3773691.99010,0
1769547600000,899.130,899.900,897.800,898.370,5057.06,1769548499999,4545649.91380,12234,2494.22,2242140.93620,0
1769548500000,898.370,898.920,896.860,896.860,2597.70,1769549399999,2332140.40280,7318,1239.60,1113039.45820,0
1769549400000,896.850,897.250,895.520,896.640,4184.85,1769550299999,3751641.51050,8106,2566.35,2300650.01010,0
1769550300000,896.640,897.110,895.870,896.330,1853.45,1769551199999,1661333.81450,5070,758.69,680056.44360,0
1769551200000,896.330,899.220,896.330,898.930,3137.42,1769552099999,2818045.83040,7858,1929.94,1733420.78710,0
1769552100000,898.930,899.470,897.600,898.370,1950.59,1769552999999,1752286.78330,5614,942.38,846548.32970,0
1769553000000,898.380,900.510,897.890,900.360,3748.52,1769553899999,3372577.89890,8087,2244.20,2019194.51660,0
1769553900000,900.360,900.600,899.600,899.690,1829.93,1769554799999,1647261.14600,4722,907.61,816989.23420,0
1769554800000,899.690,900.130,898.500,899.920,3340.66,1769555699999,3003833.18980,8166,1491.53,1341093.15240,0
1769555700000,899.920,900.860,899.000,900.530,2461.52,1769556599999,2215186.26440,6017,1206.23,1085564.52010,0
1769556600000,900.540,901.590,899.750,901.010,3146.39,1769557499999,2834220.79200,7257,1453.48,1309262.01090,0
1769557500000,901.000,901.800,898.640,898.860,4127.00,1769558399999,3713401.25920,7020,2129.99,1916018.82960,0
1769558400000,898.850,900.400,898.850,900.390,2900.00,1769559299999,2609165.42600,8473,1401.00,1260461.80520,0
1769559300000,900.400,901.520,899.000,900.290,2995.13,1769560199999,2697212.23840,6897,1685.86,1518222.54130,0
1769560200000,900.300,900.420,898.180,898.460,2361.60,1769561099999,2123841.08670,7098,811.05,729356.64200,0
1769561100000,898.460,900.990,898.450,900.580,3099.61,1769561999999,2789884.98800,8333,1990.24,1791480.33610,0
1769562000000,900.580,901.580,899.930,900.550,3258.18,1769562899999,2935134.26550,9291,1617.01,1456725.34800,0
1769562900000,900.550,900.870,898.180,898.720,2462.26,1769563799999,2214747.96850,7179,838.56,754273.81890,0
1769563800000,898.720,899.150,895.790,896.860,6357.75,1769564699999,5703813.14970,9341,2261.51,2028525.17830,0
1769564700000,896.850,898.060,896.580,897.040,2130.14,1769565599999,1911192.77720,6161,1013.92,909737.77650,0
1769565600000,897.040,897.210,895.300,895.830,2605.93,1769566499999,2335519.58700,7964,768.38,688733.17530,0
1769566500000,895.820,896.940,895.590,896.260,1508.69,1769567399999,1352069.34230,5990,780.28,699302.43790,0
1769567400000,896.270,897.100,895.060,895.070,2748.88,1769568299999,2462476.52610,9331,1158.88,1038259.42950,0
1769568300000,895.060,897.580,895.000,897.530,1924.06,1769569199999,1723698.96270,6240,1161.76,1040863.49380,0
1769569200000,897.520,898.270,895.930,896.340,2958.34,1769570099999,2654144.94530,9479,1398.38,1254647.11350,0
1769570100000,896.340,897.000,895.300,897.000,2007.60,1769570999999,1798790.35320,5728,1094.65,980755.92300,0
1769571000000,897.000,897.370,896.060,896.580,1645.07,1769571899999,1475114.44400,5678,906.66,812961.26160,0
1769571900000,896.580,897.780,896.580,897.410,1975.17,1769572799999,1772155.84370,4945,1112.75,998384.73040,0
1769572800000,897.400,898.220,896.620,896.900,2024.21,1769573699999,1816575.25920,6627,801.79,719692.63080,0
1769573700000,896.900,897.230,895.800,897.230,1942.49,1769574599999,1741436.42870,5681,1176.11,1054428.28420,0
1769574600000,897.220,899.740,896.920,898.900,3135.64,1769575499999,2818191.02130,6730,1629.95,1464855.07520,0
1769575500000,898.890,899.610,898.140,899.450,1827.98,1769576399999,1643316.37970,4207,1171.89,1053556.25920,0
1769576400000,899.440,900.130,898.680,898.690,1847.31,1769577299999,1661968.91760,6621,988.41,889279.36290,0
1769577300000,898.680,899.190,898.480,898.810,1212.37,1769578199999,1089830.97930,4083,628.86,565303.82960,0
1769578200000,898.800,900.600,898.800,899.800,2562.74,1769579099999,2306448.47480,6118,1507.20,1356304.01400,0
1769579100000,899.790,901.400,899.790,901.280,4408.98,1769579999999,3970609.58760,7561,2861.19,2576598.36650,0
1769580000000,901.290,903.000,901.290,902.210,6469.06,1769580899999,5836905.52240,11098,3522.03,3177726.86620,0
1769580900000,902.210,902.590,900.140,900.490,3534.18,1769581799999,3184731.82980,6898,1352.54,1218859.79490,0
1769581800000,900.490,902.670,900.490,902.660,3657.36,1769582699999,3298832.40430,7250,1805.64,1628536.00290,0
1769582700000,902.670,905.300,902.140,904.150,9329.84,1769583599999,8434841.23890,11274,5550.09,5018196.81760,0
1769583600000,904.150,904.630,903.100,903.870,3226.36,1769584499999,2916554.22750,8127,1761.14,1592061.59230,0
1769584500000,903.870,904.620,903.490,904.600,2567.38,1769585399999,2320707.06790,5051,1283.97,1160610.18810,0
1769585400000,904.600,904.600,902.370,903.860,2446.77,1769586299999,2209938.98860,7047,727.67,657217.14230,0
1769586300000,903.860,904.100,903.270,903.780,2320.38,1769587199999,2096767.81350,5294,1125.52,1017039.86270,0
1769587200000,903.780,906.570,903.560,905.430,7469.15,1769588099999,6762890.64450,12667,3926.19,3553943.14000,0
1769588100000,905.440,905.510,903.500,904.080,2477.17,1769588999999,2240690.72960,7098,853.63,772173.01810,0
1769589000000,904.070,905.200,903.350,904.510,2636.79,1769589899999,2384193.76530,6924,1321.30,1194802.93510,0
1769589900000,904.510,904.510,902.790,902.940,2702.01,1769590799999,2440982.46350,6904,1153.69,1042312.64560,0
1769590800000,902.930,906.110,902.930,905.620,3221.82,1769591699999,2914730.48280,7888,1719.37,1555389.95530,0
1769591700000,905.630,905.660,904.160,905.220,3193.49,1769592599999,2890144.67810,6818,1125.11,1018130.04940,0
1769592600000,905.220,907.850,905.170,907.560,4421.08,1769593499999,4009576.75090,9780,2453.18,2224833.82220,0
1769593500000,907.560,909.150,907.490,909.020,6761.50,1769594399999,6142301.06020,10888,4101.08,3725280.56620,0
1769594400000,909.020,909.330,907.520,909.240,3738.85,1769595299999,3396591.69660,9396,1850.39,1681198.84350,0
1769595300000,909.250,909.980,906.520,906.680,3536.30,1769596199999,3210646.63780,7954,1210.93,1099539.89750,0
1769596200000,906.670,907.400,906.670,906.690,1881.35,1769597099999,1706476.42410,5415,918.69,833307.81070,0
1769597100000,906.700,906.920,905.770,906.010,1936.48,1769597999999,1755045.84270,5498,761.14,689850.99130,0
1769598000000,906.010,906.010,903.720,904.230,3666.18,1769598899999,3317018.27410,9209,1522.38,1377241.56130,0
1769598900000,904.230,905.100,904.230,904.960,3165.63,1769599799999,2863600.49010,5135,1697.06,1535107.03940,0
1769599800000,904.960,905.110,903.370,905.100,3198.61,1769600699999,2893014.36750,6486,1789.38,1618586.14540,0
1769600700000,905.110,908.610,905.060,908.170,6771.24,1769601599999,6142228.93480,13508,3521.99,3194502.27690,0
1769601600000,908.170,908.220,906.440,906.590,6767.73,1769602499999,6141122.87410,10827,2688.49,2439509.50520,0
1769602500000,906.590,907.650,906.200,906.590,2354.20,1769603399999,2134741.98920,6162,852.15,772757.47410,0
1769603400000,906.590,907.460,904.980,905.090,3387.05,1769604299999,3069284.09000,7487,1303.96,1181618.53210,0
1769604300000,905.100,905.930,904.300,905.610,2352.46,1769605199999,2129140.19720,6286,1165.54,1054835.94810,0
1769605200000,905.620,907.900,905.610,907.390,3083.91,1769606099999,2796378.82430,8676,1780.49,1614561.86920,0
1769606100000,907.390,908.000,906.170,906.740,2716.88,1769606999999,2464384.24170,6964,994.10,901695.32430,0
1769607000000,906.740,908.750,906.660,908.460,4680.73,1769607899999,4248950.34330,8948,2912.63,2644096.62970,0
1769607900000,908.470,908.570,906.000,906.450,2110.12,1769608799999,1914244.59150,6156,505.71,458735.64390,0
1769608800000,906.460,906.500,904.810,904.810,2958.87,1769609699999,2679372.51310,8015,1231.11,1114858.84610,0
1769609700000,904.820,904.860,903.280,904.400,4273.87,1769610599999,3863925.60610,8579,2018.53,1825031.69130,0
1769610600000,904.400,905.800,902.210,902.620,7399.78,1769611499999,6688475.21330,17465,2555.30,2310552.86610,0
1769611500000,902.620,903.210,901.100,902.350,5523.84,1769612399999,4984037.46580,13876,2615.55,2360179.60350,0
1769612400000,902.350,903.790,898.300,898.560,7430.55,1769613299999,6692067.12620,16614,2884.75,2598494.68320,0
1769613300000,898.560,901.670,897.450,901.200,7727.88,1769614199999,6950779.14650,15766,3819.96,3436605.30710,0
1769614200000,901.210,903.410,900.580,903.130,3718.91,1769615099999,3354740.97540,9024,2138.72,1929676.00720,0
1769615100000,903.130,904.410,901.800,903.250,3189.37,1769615999999,2881172.21690,9166,1738.51,1570460.14680,0
1769616000000,903.250,904.160,901.270,901.530,3433.19,1769616899999,3099594.45150,11405,1399.89,1263915.48180,0
1769616900000,901.530,902.790,900.290,901.830,5791.63,1769617799999,5220276.54970,12728,2429.65,2189845.91090,0
1769617800000,901.840,901.910,898.350,899.360,3729.58,1769618699999,3358181.08720,11548,1430.25,1287975.81280,0
1769618700000,899.370,901.420,899.280,900.410,2926.40,1769619599999,2634385.31100,7611,1506.45,1356116.24960,0
1769619600000,900.410,901.740,900.280,901.250,1576.59,1769620499999,1420581.18220,7809,750.13,675874.59660,0
1769620500000,901.250,901.770,900.480,900.770,1456.15,1769621399999,1312121.54720,6005,786.18,708404.42510,0
1769621400000,900.760,904.800,898.700,903.910,5612.63,1769622299999,5062008.25990,11714,2905.43,2621074.55530,0
1769622300000,903.910,907.720,903.870,904.910,8092.99,1769623199999,7331239.13730,14239,4532.57,4105782.18810,0
1769623200000,904.900,905.050,901.210,903.750,6208.88,1769624099999,5605087.52360,12164,2881.81,2601648.18960,0
1769624100000,903.750,905.190,902.610,903.120,1930.27,1769624999999,1745170.11410,7071,998.19,902545.25940,0
1769625000000,903.120,903.210,901.810,902.220,2211.05,1769625899999,1995277.05870,6192,778.65,702601.13040,0
1769625900000,902.230,903.100,900.880,903.010,2364.21,1769626799999,2132540.85420,5808,1091.78,984767.02730,0
1769626800000,903.010,904.380,900.430,902.750,7273.63,1769627699999,6565818.28850,19538,3655.27,3299371.43870,0
1769627700000,902.740,903.580,902.070,902.400,1466.29,1769628599999,1323733.82460,7861,785.05,708716.46740,0
1769628600000,902.410,903.360,900.520,901.010,3808.94,1769629499999,3435239.09090,13638,1990.84,1795610.20570,0
1769629500000,901.020,905.900,901.020,904.570,4020.78,1769630399999,3635300.29240,9789,1852.72,1674652.28840,0
1769630400000,904.570,906.660,904.010,906.340,3211.43,1769631299999,2908663.79920,9679,1890.67,1712388.08430,0
1769631300000,906.350,908.100,905.090,907.410,4633.85,1769632199999,4201805.64420,11052,2446.09,2217971.85580,0
1769632200000,907.410,907.510,903.860,904.060,4139.55,1769633099999,3746903.45940,9692,1445.65,1308528.05760,0
1769633100000,904.060,904.120,902.800,903.280,2164.38,1769633999999,1955512.83250,6010,980.28,885647.59370,0
1769634000000,903.280,904.080,900.330,902.700,6164.10,1769634899999,5561383.57920,15460,3375.84,3045750.66150,0
1769634900000,902.690,903.330,902.160,902.240,1091.30,1769635799999,985135.53010,4445,373.19,336859.87060,0
1769635800000,902.240,904.020,900.600,904.020,2011.98,1769636699999,1814311.95480,6138,1072.32,967093.32500,0
1769636700000,904.020,905.220,903.760,904.830,1668.41,1769637599999,1509426.18050,5401,716.83,648470.65320,0
1769637600000,904.830,905.770,903.620,904.250,2306.71,1769638499999,2087516.02700,6570,1117.91,1011708.27610,0
1769638500000,904.260,904.880,903.000,904.880,1336.75,1769639399999,1208086.75860,4856,874.52,790371.99580,0
1769639400000,904.870,904.930,903.460,903.900,1281.39,1769640299999,1158716.28960,4557,542.84,490893.62930,0
1769640300000,903.900,905.360,903.890,904.900,776.69,1769641199999,702707.01480,3075,315.95,285826.15090,0
1769641200000,904.890,905.570,903.370,903.700,2261.60,1769642099999,2045361.71380,7010,820.72,742288.74910,0
1769642100000,903.690,905.000,902.630,903.050,1547.54,1769642999999,1398759.81170,5649,604.00,545976.43860,0
1769643000000,903.050,903.530,902.150,902.670,1416.24,1769643899999,1278560.30700,4117,784.91,708666.48550,0
1769643900000,902.670,903.750,902.580,903.460,1899.40,1769644799999,1715249.60370,4707,1108.20,1000777.09180,0
1769644800000,903.460,904.700,902.660,902.890,2881.86,1769645699999,2604232.83670,8494,1550.63,1401334.03210,0
1769645700000,902.890,903.500,902.130,902.590,1842.13,1769646599999,1663148.37140,5946,842.63,760731.59840,0
1769646600000,902.590,903.460,901.170,901.270,1655.42,1769647499999,1493515.78920,6606,562.81,507911.40370,0
1769647500000,901.260,904.160,900.940,904.160,2162.12,1769648399999,1951508.00230,7042,1120.59,1011562.01640,0
1769648400000,904.150,905.370,903.860,903.880,3157.70,1769649299999,2857030.21660,8360,1655.91,1498271.18750,0
1769649300000,903.880,904.310,899.320,901.250,5964.68,1769650199999,5374010.10520,10762,2692.48,2425833.13430,0
1769650200000,901.240,902.190,900.660,902.050,3174.50,1769651099999,2861659.23540,9331,1835.13,1654119.73570,0
1769651100000,902.050,902.510,899.470,900.030,2760.12,1769651999999,2485935.07000,7646,1332.12,1199953.93090,0
1769652000000,900.030,901.730,899.700,901.090,2252.43,1769652899999,2028469.33510,7840,1213.30,1092621.67660,0
1769652900000,901.090,901.650,900.080,900.620,1996.51,1769653799999,1798772.02980,6039,1084.47,977013.95280,0
1769653800000,900.610,900.620,896.080,897.900,14670.70,1769654699999,13170575.20410,20734,7166.92,6434315.64310,0
1769654700000,897.890,897.900,893.710,895.220,11489.24,1769655599999,10284725.69510,20121,5155.67,4614647.26580,0
1769655600000,895.220,899.200,894.360,898.530,6452.01,1769656499999,5787505.80580,15819,3595.33,3224903.89310,0
1769656500000,898.540,899.570,897.160,897.260,5123.94,1769657399999,4601676.27390,10575,1736.47,1559822.74080,0
1769657400000,897.260,899.000,897.130,898.900,3960.93,1769658299999,3556958.37720,9492,2429.94,2182099.19350,0
1769658300000,898.910,899.290,896.800,897.090,6624.54,1769659199999,5949465.49320,9286,3470.31,3116647.50180,0
1769659200000,897.090,897.500,895.730,896.460,2808.25,1769660099999,2517920.79860,8856,1246.79,1117800.62470,0
1769660100000,896.460,898.800,895.830,898.800,5352.00,1769660999999,4801669.46620,10493,3630.17,3256931.64300,0
1769661000000,898.800,900.640,898.800,900.110,3920.92,1769661899999,3528822.85660,8602,1860.51,1674429.63270,0
1769661900000,900.100,902.000,900.000,901.140,2150.14,1769662799999,1937546.75020,5815,1321.45,1190742.88310,0
1769662800000,901.130,903.290,900.150,900.850,4976.16,1769663699999,4487657.70040,10267,2631.62,2373607.80430,0
1769663700000,900.840,901.340,898.970,899.220,3061.39,1769664599999,2755707.45500,6274,952.26,857394.98340,0
1769664600000,899.210,901.020,898.930,899.580,5325.63,1769665499999,4792671.55020,7310,2249.09,2024029.38820,0
1769665500000,899.570,899.790,898.480,899.070,1638.42,1769666399999,1473231.46630,4608,700.54,630001.15340,0
1769666400000,899.070,901.330,899.060,900.620,2297.73,1769667299999,2069174.11050,7006,1321.07,1189555.76170,0
1769667300000,900.610,901.290,900.400,900.800,1765.31,1769668199999,1590287.90750,4385,975.35,878631.44510,0
1769668200000,900.790,901.680,900.130,900.540,1775.73,1769669099999,1599958.38070,4873,1051.01,946983.39930,0
1769669100000,900.540,901.920,900.140,901.870,1382.47,1769669999999,1245547.30690,4319,627.81,565581.48230,0
1769670000000,901.880,904.090,901.880,902.970,5187.25,1769670899999,4684897.60250,9943,2558.58,2310582.42700,0
1769670900000,902.960,906.370,902.830,905.200,9658.43,1769671799999,8740239.05040,12829,4665.62,4220892.13020,0
1769671800000,905.200,907.110,904.740,905.420,8929.10,1769672699999,8089400.30150,11058,3792.84,3435913.72190,0
1769672700000,905.420,906.320,904.350,905.140,6341.06,1769673599999,5740416.97150,10436,2430.34,2200161.65560,0
1769673600000,905.130,905.950,903.330,903.770,9818.65,1769674499999,8879676.04410,16302,3455.44,3125001.13940,0
1769674500000,903.760,905.720,902.500,905.470,9444.78,1769675399999,8538983.26420,13869,4340.99,3924886.52560,0
1769675400000,905.460,905.470,903.960,904.720,5842.44,1769676299999,5285412.31140,9543,2046.08,1851072.37550,0
1769676300000,904.710,905.370,903.510,903.950,7316.86,1769677199999,6618150.62130,10089,2654.26,2400891.16070,0
1769677200000,903.940,904.120,902.790,903.140,7113.04,1769678099999,6426190.20840,11622,2273.70,2054138.75840,0
1769678100000,903.140,905.000,903.140,904.660,7687.51,1769678999999,6952204.25590,10257,3019.43,2730518.95420,0
1769679000000,904.660,904.940,903.550,904.410,11954.47,1769679899999,10811047.49480,12473,3670.32,3319328.92400,0
1769679900000,904.410,905.720,903.520,903.820,14947.88,1769680799999,13527092.81500,15837,5558.46,5030179.94850,0
1769680800000,903.820,904.550,897.850,898.770,37874.60,1769681699999,34130305.18290,39070,25026.17,22551812.96180,0
1769681700000,898.770,899.630,897.200,898.510,17803.97,1769682599999,15991610.73010,18723,12699.94,11407102.77940,0
1769682600000,898.520,898.550,896.430,896.540,9071.52,1769683499999,8141575.77490,11731,4247.28,3812543.59960,0
1769683500000,896.540,897.200,895.650,895.670,7774.70,1769684399999,6969508.69060,11047,4854.37,4351824.27680,0
1769684400000,895.670,897.140,894.950,896.470,9913.82,1769685299999,8881846.87170,14186,5640.34,5053895.51020,0
1769685300000,896.480,896.480,893.750,894.190,6814.06,1769686199999,6096403.63950,10801,3726.89,3334270.06130,0
1769686200000,894.200,895.220,894.040,895.000,3453.98,1769687099999,3090571.42200,7803,2270.07,2031182.15300,0
1769687100000,894.990,895.620,894.190,894.730,3352.34,1769687999999,3000080.04160,6358,1883.20,1685235.84680,0
1769688000000,894.730,895.050,892.160,892.750,9757.20,1769688899999,8715440.22380,14178,4054.35,3621254.17390,0
1769688900000,892.750,893.260,890.580,890.610,6394.34,1769689799999,5702992.45200,9941,2329.90,2078297.78760,0
1769689800000,890.620,892.000,890.270,891.060,5324.02,1769690699999,4744876.74780,10404,3010.87,2683542.82540,0
1769690700000,891.060,891.700,890.490,891.700,3814.51,1769691599999,3398554.46550,6488,2257.06,2011032.54720,0
1769691600000,891.690,892.650,891.270,891.480,3627.86,1769692499999,3236236.36000,8018,2206.82,1968628.29450,0
1769692500000,891.490,892.690,890.790,892.690,3130.69,1769693399999,2791181.03560,6519,2143.13,1910836.05050,0
1769693400000,892.680,893.000,891.900,891.920,3199.72,1769694299999,2855526.42730,6469,1613.19,1439718.78070,0
1769694300000,891.920,892.130,890.610,890.850,3593.32,1769695199999,3203458.25270,6049,2187.95,1950736.64780,0
1769695200000,890.850,891.920,889.440,889.810,6745.06,1769696099999,6007490.73490,10948,3035.88,2704321.00040,0
1769696100000,889.800,890.730,888.860,888.980,7777.41,1769696999999,6919182.07010,9219,3076.35,2737178.11850,0
1769697000000,888.980,890.480,885.670,886.420,16842.56,1769697899999,14958796.26800,24893,8420.63,7479219.15510,0
1769697900000,886.420,887.820,878.020,878.180,27111.65,1769698799999,23916536.10250,33672,11980.17,10569955.68370,0
1769698800000,878.190,878.640,866.980,867.060,51622.06,1769699699999,45077416.74830,67001,24412.77,21320482.82410,0
1769699700000,867.100,870.440,862.000,868.520,45085.87,1769700599999,39100982.84570,61382,24277.00,21063150.41870,0
1769700600000,868.520,869.690,857.010,858.640,35746.17,1769701499999,30809960.34220,41693,12703.71,10964606.60630,0
1769701500000,858.640,866.820,857.550,864.340,26405.05,1769702399999,22752147.71000,34018,15223.53,13122958.17830,0
1769702400000,864.350,864.420,857.060,859.990,22653.72,1769703299999,19479806.19240,34346,11118.89,9558756.26300,0
1769703300000,860.000,862.770,858.040,860.010,12832.61,1769704199999,11045302.36490,23891,6707.32,5773716.95610,0
1769704200000,860.000,863.650,859.000,861.160,15545.14,1769705099999,13387859.92670,22656,6637.37,5715665.46420,0
1769705100000,861.160,866.070,861.160,865.760,11576.77,1769705999999,10005405.84370,20529,7097.44,6134445.75600,0
1769706000000,865.760,868.180,864.660,867.790,11960.36,1769706899999,10366088.77900,21080,6858.39,5945053.88370,0
1769706900000,867.780,870.650,866.420,867.590,11789.70,1769707799999,10244491.03720,20715,5980.97,5197763.68070,0
1769707800000,867.590,868.260,864.260,866.550,6456.20,1769708699999,5594178.81440,15629,3043.13,2636935.35290,0
1769708700000,866.540,866.860,862.970,863.710,10937.09,1769709599999,9454905.60130,17577,3439.45,2973805.06300,0
1769709600000,863.710,867.830,863.090,867.430,6974.80,1769710499999,6039044.72480,16957,4587.00,3971803.56800,0
1769710500000,867.420,867.940,862.350,863.160,13554.08,1769711399999,11723848.11070,20519,5153.70,4455175.56190,0
1769711400000,863.150,865.690,858.410,864.590,16940.37,1769712299999,14606698.76780,26944,6108.97,5269412.03670,0
1769712300000,864.590,864.590,856.370,858.350,15078.97,1769713199999,12950372.85330,25500,6252.34,5368539.23020,0
1769713200000,858.350,858.800,854.440,856.230,14990.74,1769714099999,12836717.38670,28419,6553.00,5612642.22090,0
1769714100000,856.230,858.180,853.110,856.330,12015.07,1769714999999,10282027.62740,23089,6259.70,5358828.25150,0
1769715000000,856.330,862.370,856.330,861.750,12367.08,1769715899999,10640870.60680,21553,6908.05,5942162.45540,0
1769715900000,861.760,862.960,860.420,860.520,4607.31,1769716799999,3969219.21300,11465,2048.55,1765123.20000,0
1769716800000,860.530,862.990,859.700,860.100,4870.83,1769717699999,4194200.53450,12086,2060.82,1774655.05850,0
1769717700000,860.100,862.500,860.020,860.800,3876.63,1769718599999,3339726.24960,8785,1627.52,1402021.32230,0
1769718600000,860.800,863.800,860.290,863.590,3686.27,1769719499999,3176798.33240,10276,2177.30,1876678.76180,0
1769719500000,863.600,865.860,863.390,864.680,5604.80,1769720399999,4846769.01260,12662,2738.38,2367787.30010,0
1769720400000,864.720,866.470,863.730,865.300,5063.70,1769721299999,4380764.63130,11875,2272.11,1965836.23620,0
1769721300000,865.300,865.300,862.710,864.440,10176.54,1769722199999,8790557.06000,12704,5161.67,4459061.62030,0
1769722200000,864.430,866.040,863.640,865.670,3574.92,1769723099999,3092021.43690,11403,1806.06,1562224.80640,0
1769723100000,865.680,867.450,865.590,865.590,4886.52,1769723999999,4234215.08010,7767,2311.23,2002757.61350,0
1769724000000,865.580,867.330,863.300,863.840,5369.30,1769724899999,4650471.25150,8471,3300.25,2859498.74700,0
1769724900000,863.840,865.420,863.840,865.410,2093.37,1769725799999,1809885.80310,4062,1109.46,959208.28100,0
1769725800000,865.420,866.510,865.410,866.500,2570.82,1769726699999,2226107.85480,5092,1343.25,1163123.95560,0
1769726700000,866.500,867.670,866.360,867.670,1346.02,1769727599999,1167031.59770,3705,710.94,616466.51900,0
1769727600000,867.660,867.680,865.410,866.210,3657.78,1769728499999,3170342.45870,7404,1129.04,978403.98470,0
1769728500000,866.210,867.580,865.880,866.830,2042.14,1769729399999,1770298.23520,5207,1036.02,898042.65160,0
1769729400000,866.840,869.600,866.840,869.040,3170.76,1769730299999,2754076.79640,7364,1856.75,1612549.15790,0
1769730300000,869.030,869.620,868.570,868.900,2106.10,1769731199999,1830146.95800,4859,1164.40,1011790.79570,0
1769731200000,868.910,869.980,867.530,867.960,6192.34,1769732099999,5380365.15480,10644,3020.82,2624540.39940,0
1769732100000,867.960,868.270,865.260,865.690,5610.52,1769732999999,4861462.58640,8671,1999.58,1732526.09630,0
1769733000000,865.690,866.660,864.500,866.660,4810.34,1769733899999,4163887.32990,9115,1984.43,1718015.22380,0
1769733900000,866.650,867.700,865.260,865.510,5008.23,1769734799999,4341541.45760,8462,2782.04,2412051.49260,0
1769734800000,865.520,865.750,862.760,863.560,6610.07,1769735699999,5709660.17780,11994,2417.18,2088002.22650,0
1769735700000,863.550,864.260,859.490,860.920,7513.31,1769736599999,6473702.05280,13701,2714.01,2339058.15570,0
1769736600000,860.910,861.780,835.260,844.570,66391.37,1769737499999,56272757.74390,78294,26371.61,22342436.47430,0
1769737500000,844.570,849.770,841.000,847.800,37521.10,1769738399999,31715921.86720,48937,21075.46,17810615.04800,0
1769738400000,847.800,847.910,844.930,845.600,11880.59,1769739299999,10054623.92030,25908,5461.10,4621785.14040,0
1769739300000,845.660,847.270,835.470,839.180,23500.05,1769740199999,19749561.93260,38342,10689.64,8980389.27340,0
1769740200000,839.180,845.660,836.300,843.610,19381.58,1769741099999,16302015.11080,31751,10379.15,8733042.80510,0
1769741100000,843.610,844.340,840.250,842.600,8716.24,1769741999999,7341802.68450,18438,4097.67,3451469.39960,0
1769742000000,842.600,846.870,842.460,846.100,9260.47,1769742899999,7822249.89640,19580,5827.23,4921562.81840,0
1769742900000,846.100,846.490,844.500,844.970,5093.34,1769743799999,4305224.87750,12128,2335.61,1974225.14520,0
1769743800000,844.970,846.990,844.730,846.320,5412.61,1769744699999,4580005.54260,12689,2554.89,2161946.92590,0
1769744700000,846.320,846.660,844.170,845.790,5175.16,1769745599999,4375641.63500,12235,2276.36,1924945.38020,0
1769745600000,845.780,849.420,845.760,849.190,5671.04,1769746499999,4808099.43730,14107,3588.03,3041870.56140,0
1769746500000,849.190,853.070,848.760,851.790,9085.92,1769747399999,7732627.40050,16381,5791.44,4928594.48830,0
1769747400000,851.800,854.590,850.420,850.610,8205.55,1769748299999,6994477.14480,13844,3574.27,3047754.29900,0
1769748300000,850.610,851.520,850.140,850.740,3287.97,1769749199999,2798022.07280,7963,1598.65,1360449.84510,0
1769749200000,850.740,851.530,849.530,850.110,3405.79,1769750099999,2896421.04220,9071,1611.20,1370262.71710,0
1769750100000,850.110,852.100,849.280,851.650,4212.95,1769750999999,3583532.41450,9754,2460.41,2093047.87670,0
1769751000000,851.640,851.960,849.280,849.280,3575.79,1769751899999,3040566.52590,8704,1483.07,1261208.27320,0
1769751900000,849.290,850.000,847.590,847.670,3588.90,1769752799999,3046337.41910,8368,1463.56,1242478.04340,0
1769752800000,847.680,847.770,844.400,844.880,10856.42,1769753699999,9188462.81660,15462,3497.43,2960564.15390,0
1769753700000,844.880,845.170,839.600,840.130,10216.37,1769754599999,8606436.30190,15856,4612.73,3886779.02080,0
1769754600000,840.120,841.070,838.010,838.130,8700.61,1769755499999,7307181.10850,17038,4627.38,3886730.61830,0
1769755500000,838.140,841.500,836.250,840.280,11965.53,1769756399999,10039270.82450,20874,6173.94,5180042.59210,0
1769756400000,840.290,847.980,840.290,846.900,11645.12,1769757299999,9830816.20800,21988,6670.14,5629965.05130,0
1769757300000,846.900,847.310,844.190,844.240,5390.37,1769758199999,4559052.06750,12855,2229.50,1885796.99130,0
1769758200000,844.240,845.480,843.040,845.160,5278.83,1769759099999,4456729.94000,13650,2674.36,2257779.31220,0
1769759100000,845.150,848.600,844.940,847.490,5584.02,1769759999999,4730461.69830,11734,3107.88,2632774.67950,0
1769760000000,847.500,848.180,845.220,847.320,6927.99,1769760899999,5866265.66400,15950,3236.54,2740525.34290,0
1769760900000,847.320,848.110,846.210,846.210,4437.62,1769761799999,3759958.07450,10810,2336.82,1979962.90380,0
1769761800000,846.200,846.200,840.260,841.530,10302.84,1769762699999,8675635.07400,17995,3798.73,3197746.14610,0
1769762700000,841.530,842.790,840.220,841.960,7097.95,1769763599999,5973862.81770,13448,3723.72,3134647.08500,0
1769763600000,841.960,843.560,840.090,840.900,6246.58,1769764499999,5257889.88040,14427,2333.44,1965049.49910,0
1769764500000,840.890,841.310,837.500,838.440,10786.86,1769765399999,9054551.65900,16937,4711.72,3954935.78360,0
1769765400000,838.440,840.210,838.440,838.730,5303.72,1769766299999,4451622.74910,12363,2498.68,2097569.39600,0
1769766300000,838.720,838.730,833.010,834.510,18663.19,1769767199999,15583651.17480,26676,7254.70,6056759.20980,0
1769767200000,834.510,836.130,833.140,835.990,7462.11,1769768099999,6228660.52100,17283,3803.35,3175151.10090,0
1769768100000,835.990,838.650,835.300,836.990,7521.68,1769768999999,6297248.97700,15747,4228.88,3540542.92380,0
1769769000000,836.990,837.860,835.780,836.250,3688.79,1769769899999,3086773.26970,10449,1782.73,1492027.81660,0
1769769900000,836.260,838.940,836.130,838.920,4774.21,1769770799999,4000559.29780,11627,2784.92,2333589.92620,0
1769770800000,838.920,839.850,838.280,839.390,3134.11,1769771699999,2629325.45350,9383,1448.73,1215409.64720,0
1769771700000,839.400,839.900,837.790,838.270,3186.27,1769772599999,2672320.93610,8482,1648.14,1382271.19160,0
1769772600000,838.270,840.000,837.040,837.950,3822.34,1769773499999,3203559.79470,9808,1941.50,1627348.02390,0
1769773500000,837.950,845.070,837.200,842.840,12651.39,1769774399999,10657465.27510,20740,6535.01,5504154.74050,0
1769774400000,842.830,843.600,840.040,840.050,7989.16,1769775299999,6727902.22610,17677,3853.21,3245160.36970,0
1769775300000,840.040,840.840,837.490,837.950,7845.17,1769776199999,6583938.00970,14525,3066.35,2573422.70010,0
1769776200000,837.940,839.140,837.580,838.120,4054.14,1769777099999,3399078.68340,9609,2443.60,2048778.80990,0
1769777100000,838.120,838.920,836.300,837.880,4926.07,1769777999999,4126824.51510,10083,1953.10,1636024.41440,0
1769778000000,837.890,846.090,837.570,844.130,24032.46,1769778899999,20242036.59290,28265,13793.34,11608418.70580,0
1769778900000,844.130,847.000,843.880,846.840,8801.03,1769779799999,7439999.38990,15807,4084.90,3453133.99640,0
1769779800000,846.850,851.970,842.150,848.040,19256.10,1769780699999,16321221.09580,34652,9968.78,8450578.58210,0
1769780700000,848.020,848.020,843.630,845.210,6953.74,1769781599999,5876524.84460,15879,3053.64,2580129.06340,0
1769781600000,845.210,850.290,845.210,849.040,8170.71,1769782499999,6934688.02640,18342,4663.76,3957974.36820,0
1769782500000,849.050,849.540,848.310,848.870,3604.72,1769783399999,3060437.76580,10355,1623.00,1377971.04510,0
1769783400000,848.860,855.470,847.450,854.870,19912.75,1769784299999,16965104.01270,38122,11174.46,9522932.01610,0
1769784300000,854.860,856.240,849.160,850.850,14322.13,1769785199999,12202634.06170,30946,6211.46,5292331.96350,0
1769785200000,850.850,854.750,850.240,852.240,10003.40,1769786099999,8529836.12540,27095,5025.85,4285461.07720,0
1769786100000,852.250,854.580,847.350,847.480,12273.81,1769786999999,10441349.24220,26147,5862.37,4989381.42970,0
1769787000000,847.480,855.590,845.200,855.030,14855.41,1769787899999,12643299.00630,31941,7396.48,6296754.71260,0
1769787900000,855.040,855.140,849.500,850.180,7249.95,1769788799999,6175995.64390,19463,2699.53,2299816.27840,0
1769788800000,850.170,852.760,849.660,852.310,5413.37,1769789699999,4607852.91790,20012,2496.64,2125058.71920,0
1769789700000,852.320,854.590,848.000,853.570,9103.68,1769790599999,7749597.52680,22870,4216.10,3589226.56380,0
1769790600000,853.570,854.500,850.670,853.620,7174.95,1769791499999,6119481.79140,20326,3631.93,3097677.81340,0
1769791500000,853.620,853.620,850.080,851.130,4184.52,1769792399999,3563289.21850,13787,1837.70,1564679.84820,0
1769792400000,851.130,851.410,847.690,848.550,6603.26,1769793299999,5607083.10590,17868,2623.28,2227112.40200,0
1769793300000,848.550,853.440,847.840,852.400,6206.05,1769794199999,5282551.96200,15938,3318.17,2825015.80230,0
1769794200000,852.390,852.470,849.340,850.330,3528.69,1769795099999,3001195.96270,12632,1740.10,1479894.55730,0
1769795100000,850.320,850.440,848.700,848.930,3408.77,1769795999999,2895823.62390,10553,1479.35,1256731.25750,0
1769796000000,848.920,850.470,844.470,845.180,12254.93,1769796899999,10374956.68000,17420,5550.25,4699029.87820,0
1769796900000,845.170,845.310,832.000,837.910,34128.07,1769797799999,28578281.62590,46033,12512.45,10472615.92740,0
1769797800000,837.920,845.500,836.030,845.200,11780.16,1769798699999,9889691.03180,30295,5956.04,5001453.81690,0
1769798700000,845.190,852.660,844.470,850.730,22776.79,1769799599999,19338879.56190,36044,10846.80,9208204.88060,0
1769799600000,850.730,854.470,850.720,852.900,10276.02,1769800499999,8759464.73490,25428,5121.46,4366277.06060,0
1769800500000,852.890,856.190,852.140,854.230,8567.78,1769801399999,7322945.18030,19320,4964.92,4243682.94570,0
1769801400000,854.230,855.720,851.250,851.970,6294.83,1769802299999,5373886.18630,19154,2787.60,2380415.89520,0
1769802300000,851.980,856.120,851.620,854.520,4119.80,1769803199999,3519324.24460,14448,2178.68,1860978.21290,0
1769803200000,854.530,854.680,849.730,851.780,5698.63,1769804099999,4855202.17580,18173,2388.06,2034796.48060,0
1769804100000,851.790,853.150,848.110,850.440,10530.83,1769804999999,8957516.17920,24655,4466.09,3799682.90020,0
1769805000000,850.440,852.670,846.570,850.260,8779.97,1769805899999,7459137.04880,23214,4161.12,3535075.61170,0
1769805900000,850.260,862.570,848.530,859.670,42449.07,1769806799999,36340733.86490,39871,18394.52,15748641.88290,0
1769806800000,859.670,859.770,853.850,856.330,11807.07,1769807699999,10107680.42550,24764,6308.17,5399676.61180,0
1769807700000,856.340,859.770,856.330,857.350,7187.79,1769808599999,6166701.67200,16557,4080.67,3500955.08600,0
1769808600000,857.360,858.840,855.510,856.960,2300.76,1769809499999,1972429.52820,10641,1261.09,1081131.05280,0
1769809500000,856.950,860.390,856.660,859.170,4682.77,1769810399999,4020969.70510,11786,2548.89,2189105.66060,0
1769810400000,859.170,860.480,858.120,858.260,3044.17,1769811299999,2616111.90980,10592,1335.77,1147991.94270,0
1769811300000,858.260,858.980,857.090,857.340,3160.69,1769812199999,2712288.89260,8423,1659.59,1424066.27480,0
1769812200000,857.340,859.150,857.340,858.320,2156.08,1769813099999,1850748.56810,7534,1219.69,1046944.43170,0
1769813100000,858.330,860.330,858.000,860.320,1221.75,1769813999999,1049916.58910,4411,769.08,660929.77800,0
1769814000000,860.320,861.890,858.380,859.200,7131.55,1769814899999,6135611.66800,11808,3847.06,3309367.07300,0
1769814900000,859.210,859.690,856.610,857.340,2257.68,1769815799999,1937726.01070,5280,920.10,790029.90450,0
1769815800000,857.340,859.270,856.820,858.990,1916.97,1769816699999,1644250.69320,6565,988.81,848182.24550,0
1769816700000,859.000,859.500,858.210,859.110,2073.37,1769817599999,1780729.31930,5532,843.17,724220.01470,0
1769817600000,859.110,859.920,857.810,859.420,4065.28,1769818499999,3491405.99300,8479,1752.55,1505138.49970,0
1769818500000,859.430,860.860,858.760,860.650,2726.07,1769819399999,2344290.31010,7252,1458.10,1253810.29560,0
1769819400000,860.660,861.110,858.940,859.310,3567.14,1769820299999,3067947.99850,8224,1600.12,1376161.08270,0
1769820300000,859.310,859.310,856.680,856.920,4207.82,1769821199999,3606991.64060,8518,1791.85,1535846.65380,0
1769821200000,856.920,858.660,856.910,858.240,5383.19,1769822099999,4617957.15440,11982,3169.90,2718914.65490,0
1769822100000,858.230,859.130,855.600,855.730,12845.49,1769822999999,11006019.32190,11976,7152.18,6128254.32300,0
1769823000000,855.740,856.290,854.710,854.950,5265.93,1769823899999,4503737.08560,9629,2389.43,2043398.71010,0
1769823900000,854.960,856.080,854.000,854.590,5967.90,1769824799999,5101469.22900,7706,2827.82,2417808.58640,0
1769824800000,854.580,854.820,853.290,853.820,2856.24,1769825699999,2438771.70500,8017,948.35,809744.01260,0
1769825700000,853.830,853.830,852.050,852.680,2942.51,1769826599999,2509489.08490,8568,1090.52,930089.53010,0
1769826600000,852.680,855.520,852.050,854.510,3592.62,1769827499999,3067232.50190,7809,2578.41,2201247.48990,0
1769827500000,854.510,855.440,854.270,854.470,1720.08,1769828399999,1470297.19880,5580,910.24,778029.95120,0
1769828400000,854.470,855.410,854.160,855.100,1740.30,1769829299999,1487657.38920,6118,989.00,845402.86040,0
1769829300000,855.090,856.460,854.910,855.380,1661.75,1769830199999,1421976.07690,5236,893.37,764379.49750,0
1769830200000,855.370,855.840,853.740,853.840,1766.21,1769831099999,1509769.99470,6052,646.77,552798.89850,0
1769831100000,853.840,854.110,852.680,853.320,2737.87,1769831999999,2336093.44370,4757,1750.43,1493546.29410,0
1769832000000,853.320,854.800,853.010,853.170,5817.17,1769832899999,4966353.02460,7549,3784.31,3230864.85210,0
1769832900000,853.170,853.340,852.280,853.220,4442.24,1769833799999,3789333.05310,5493,2455.44,2094693.53260,0
1769833800000,853.220,853.220,852.150,852.190,1417.63,1769834699999,1208731.26990,4166,652.65,556451.82020,0
1769834700000,852.190,852.550,851.200,851.790,1985.28,1769835599999,1691224.35000,5257,638.35,543857.15170,0
1769835600000,851.800,853.350,850.560,853.350,6516.12,1769836499999,5553945.62740,8356,4836.18,4123303.38180,0
1769836500000,853.350,853.350,851.900,852.640,2244.45,1769837399999,1914018.83250,5551,886.49,755874.76410,0
1769837400000,852.650,852.680,851.700,851.710,2018.77,1769838299999,1720403.78350,5988,680.87,580222.48970,0
1769838300000,851.700,852.120,851.100,851.380,1672.76,1769839199999,1424427.25820,4549,573.82,488645.31810,0
1769839200000,851.390,852.610,850.880,851.800,1910.09,1769840099999,1627192.33450,5990,1096.40,934108.95540,0
1769840100000,851.800,852.060,849.100,849.560,2977.68,1769840999999,2531897.98990,7492,866.38,736725.65760,0
1769841000000,849.570,850.770,849.230,850.530,2822.49,1769841899999,2399233.73510,7595,1674.94,1423769.19170,0
1769841900000,850.540,851.360,850.220,851.280,1438.39,1769842799999,1223918.19750,4801,796.94,678108.26380,0
1769842800000,851.290,851.460,849.880,849.880,1593.54,1769843699999,1355435.62310,5142,608.50,517562.37300,0
1769843700000,849.880,851.360,849.850,850.050,2327.16,1769844599999,1978909.39170,5469,1466.16,1246798.29120,0
1769844600000,850.040,850.190,845.990,847.230,6783.42,1769845499999,5750520.70280,13871,2396.55,2031237.02360,0
1769845500000,847.240,848.240,846.890,847.970,2868.31,1769846399999,2431259.50360,7320,1339.17,1135152.53360,0
1769846400000,847.980,848.000,845.440,846.050,5052.10,1769847299999,4277443.43150,12148,1895.95,1605338.26020,0
1769847300000,846.050,846.050,841.860,842.040,7381.48,1769848199999,6226167.75940,17218,3146.33,2653722.03250,0
1769848200000,842.040,842.040,832.800,835.320,25485.82,1769849099999,21322913.13890,37770,10911.87,9125549.37070,0
1769849100000,835.290,838.470,833.500,836.320,13206.66,1769849999999,11042494.21520,25932,7020.34,5870408.28500,0
1769850000000,836.330,840.210,836.330,839.050,6458.22,1769850899999,5414625.76330,16306,4195.87,3517444.43320,0
1769850900000,839.040,840.110,835.740,837.240,5449.16,1769851799999,4564975.05160,13318,2133.71,1788023.31860,0
1769851800000,837.240,841.470,837.240,840.320,5249.17,1769852699999,4410812.34360,13284,2854.23,2398048.27610,0
1769852700000,840.320,840.400,838.670,839.120,2640.59,1769853599999,2217012.33140,8511,1325.24,1112614.94370,0
1769853600000,839.120,839.700,837.280,837.620,2906.27,1769854499999,2435866.56890,10208,1480.15,1240604.26410,0
1769854500000,837.620,838.470,836.820,838.460,2675.57,1769855399999,2240879.33770,8097,1282.70,1074388.12660,0
1769855400000,838.460,840.630,838.120,840.390,3738.60,1769856299999,3138341.72880,8561,2461.63,2066253.70250,0
1769856300000,840.390,840.580,838.720,839.000,2556.87,1769857199999,2146654.56330,6857,1127.74,946807.83130,0
1769857200000,839.010,839.010,836.000,836.130,3396.11,1769858099999,2843599.78410,9234,1483.41,1241939.52360,0
1769858100000,836.130,837.960,836.010,837.310,2618.05,1769858999999,2191681.95380,7475,1652.44,1383303.90330,0
1769859000000,837.310,838.220,837.010,837.020,1932.85,1769859899999,1618971.06890,5549,1072.83,898656.44710,0
1769859900000,837.010,837.370,835.930,837.040,3286.33,1769860799999,2749624.75850,7974,1600.54,1339265.64030,0
1769860800000,837.030,837.690,834.570,835.320,4023.64,1769861699999,3364924.00940,10268,1722.17,1440713.00190,0
1769861700000,835.320,837.240,835.250,835.700,3767.72,1769862599999,3150436.92130,9265,2149.54,1797259.49720,0
1769862600000,835.700,836.270,834.000,836.150,3666.98,1769863499999,3063030.83070,9754,2224.76,1858456.95700,0
1769863500000,836.160,836.350,833.220,833.870,6008.27,1769864399999,5010733.54680,10150,2566.43,2140409.27310,0
1769864400000,833.870,834.400,832.440,832.820,4903.34,1769865299999,4086626.10640,11284,2563.79,2137029.72790,0
1769865300000,832.820,833.920,831.720,832.840,6703.91,1769866199999,5581657.87490,13094,3447.76,2871185.62190,0
1769866200000,832.830,833.590,828.700,831.150,16176.54,1769867099999,13433487.90670,25158,6735.23,5594363.58930,0
1769867100000,831.150,831.850,829.730,830.060,11519.50,1769867999999,9567062.98730,13812,8043.00,6679302.59870,0
1769868000000,830.050,831.920,824.290,826.590,17876.51,1769868899999,14811424.96770,26346,8417.30,6979146.45910,0
1769868900000,826.590,827.380,808.780,812.070,63431.94,1769869799999,51862843.19730,76108,28298.48,23139202.51190,0
1769869800000,812.070,813.800,805.000,808.850,47652.26,1769870699999,38538786.08250,69504,22926.52,18547739.25960,0
1769870700000,808.850,813.310,806.390,812.160,21431.98,1769871599999,17369128.83960,32024,11711.73,9492314.68700,0
1769871600000,812.170,817.040,810.180,814.300,18549.80,1769872499999,15089934.57840,30713,9351.23,7607155.88000,0
1769872500000,814.300,814.690,808.000,809.770,19930.38,1769873399999,16148209.62800,27305,8978.77,7272721.20800,0
1769873400000,809.770,810.290,807.280,808.550,10236.73,1769874299999,8277609.40600,20591,4497.31,3636727.44670,0
1769874300000,808.550,810.090,801.720,803.190,23342.97,1769875199999,18804539.94780,28310,9467.56,7630217.80320,0
1769875200000,803.200,805.780,800.000,801.320,36265.34,1769876099999,29107173.27690,38400,15339.15,12315878.75290,0
1769876100000,801.320,810.380,796.720,801.390,54353.89,1769876999999,43667129.32850,58055,27540.34,22140941.54290,0
1769877000000,801.390,803.720,799.190,800.500,14526.66,1769877899999,11641282.26540,25648,6764.59,5421958.12750,0
1769877900000,800.500,800.800,790.080,793.300,41436.70,1769878799999,32919704.16650,49314,18280.44,14524181.12380,0
1769878800000,793.310,796.070,773.180,781.510,95826.09,1769879699999,75207738.64610,95028,39392.51,30932939.61230,0
1769879700000,781.520,787.280,781.400,785.880,36721.11,1769880599999,28817833.74190,49435,18020.51,14140621.28430,0
1769880600000,785.870,788.050,778.170,782.410,29708.08,1769881499999,23231096.55400,42915,12887.06,10080663.81540,0
1769881500000,782.410,784.280,778.630,781.570,15750.41,1769882399999,12307541.33190,28860,7524.05,5879481.58430,0
1769882400000,781.570,784.150,778.620,779.910,14560.01,1769883299999,11375693.77320,29866,6589.33,5148080.30280,0
1769883300000,779.910,780.360,775.210,779.740,17648.60,1769884199999,13730501.53700,31042,7887.77,6137575.52790,0
1769884200000,779.750,782.590,749.210,770.120,108743.91,1769885099999,83151282.30080,105786,42833.03,32810540.45410,0
1769885100000,770.120,776.940,766.930,772.400,56426.68,1769885999999,43600678.02670,70207,27055.24,20905279.68730,0
1769886000000,772.410,781.310,771.020,778.140,26760.57,1769886899999,20774236.40940,39897,14392.38,11175070.29130,0
1769886900000,778.130,781.550,773.880,775.470,18355.91,1769887799999,14268137.77330,28607,8727.67,6784589.05580,0
1769887800000,775.470,776.060,767.600,770.080,15729.80,1769888699999,12123311.12020,28869,6410.72,4940616.95800,0
1769888700000,770.070,773.880,769.300,771.150,10795.35,1769889599999,8334261.12210,23764,5641.14,4354763.53450,0
1769889600000,771.150,772.500,768.510,769.180,9831.44,1769890499999,7577091.40830,22191,4224.26,3255931.50570,0
1769890500000,769.170,775.820,767.940,768.220,11179.25,1769891399999,8623074.70300,23435,5778.67,4457997.19100,0
1769891400000,768.230,770.540,766.010,769.450,9817.73,1769892299999,7536628.72870,22941,4415.86,3390012.87780,0
1769892300000,769.440,771.730,766.860,770.750,8847.16,1769893199999,6803181.83550,20167,4372.44,3362904.10690,0
1769893200000,770.750,773.520,768.140,769.030,12259.33,1769894099999,9444012.20650,23628,6209.32,4783246.10630,0
1769894100000,769.030,773.460,766.440,772.980,14665.99,1769894999999,11295331.91670,26008,7751.17,5969932.89710,0
1769895000000,772.980,776.110,770.950,775.120,11971.93,1769895899999,9266874.24400,24647,6646.96,5145209.15370,0
1769895900000,775.120,777.620,774.620,776.220,8610.47,1769896799999,6683410.59180,21132,4919.47,3818648.65570,0
1769896800000,776.220,778.320,774.900,775.080,8305.44,1769897699999,6450588.73140,21111,4061.93,3155123.02260,0
1769897700000,775.080,775.780,773.280,775.770,4540.19,1769898599999,3517158.40970,13846,2092.06,1620764.87520,0
1769898600000,775.780,776.560,772.050,772.420,6649.87,1769899499999,5148313.74210,15344,3021.69,2339519.59190,0
1769899500000,772.420,774.480,772.000,774.300,4313.44,1769900399999,3333853.08430,9618,2479.47,1916341.91390,0
1769900400000,774.300,778.070,773.130,776.450,8333.56,1769901299999,6466114.16620,17988,4242.30,3292143.49450,0
1769901300000,776.450,785.890,775.590,781.690,26675.25,1769902199999,20865874.97740,38798,13004.59,10170957.50040,0
1769902200000,781.680,784.080,779.580,781.520,11089.77,1769903099999,8672157.15100,21816,5804.13,4539465.08820,0
1769903100000,781.510,782.330,778.880,781.330,9424.87,1769903999999,7358782.28110,17732,5378.29,4200019.26710,0
